ticker,series_ticker,event_ticker,title,yes_sub_title,issue_ids,status,scope,target_utc,quote_status,quote_observed_utc,age_hours,mid_probability,bid_usd,ask_usd,spread_probability,open_interest_contracts,staleness_limit
CONTROLH-2026-R,CONTROLH,CONTROLH-2026,Will Republicans win the House in 2026?,Republican Party,,active,US_2026_general_election,2026-09-08T15:07:00Z,usable,2026-09-08T15:00:00Z,0.11666666666666667,0.155,0.15,0.16,0.010000000000000009,11842478.12,bar_age_only_actual_quote_update_time_unavailable
CONTROLH-2026-D,CONTROLH,CONTROLH-2026,Will Democrats win the House in 2026?,Democratic Party,,active,US_2026_general_election,2026-09-08T15:07:00Z,usable,2026-09-08T15:00:00Z,0.11666666666666667,0.845,0.84,0.85,0.010000000000000009,6406257.19,bar_age_only_actual_quote_update_time_unavailable
CONTROLS-2026-R,CONTROLS,CONTROLS-2026,Will Republicans win the U.S. Senate in 2026?,Republican Party,,active,US_2026_general_election,2026-09-08T15:07:00Z,usable,2026-09-08T15:00:00Z,0.11666666666666667,0.525,0.52,0.53,0.010000000000000009,2590268.15,bar_age_only_actual_quote_update_time_unavailable
CONTROLS-2026-D,CONTROLS,CONTROLS-2026,Will Democrats win the U.S. Senate in 2026?,Democratic Party,,active,US_2026_general_election,2026-09-08T15:07:00Z,usable,2026-09-08T15:00:00Z,0.11666666666666667,0.475,0.47,0.48,0.010000000000000009,1716539.18,bar_age_only_actual_quote_update_time_unavailable
GOVPARTYAL-26-R,GOVPARTYAL,GOVPARTYAL-26,Will the Republican party win the governorship in Alabama,Tommy Tuberville,,active,US_2026_general_election,2026-09-08T15:07:00Z,usable,2026-09-08T15:00:00Z,0.11666666666666667,0.9235,0.913,0.934,0.02100000000000002,17614.43,bar_age_only_actual_quote_update_time_unavailable
GOVPARTYAL-26-D,GOVPARTYAL,GOVPARTYAL-26,Will the Democratic party win the governorship in Alabama,Doug Jones,,active,US_2026_general_election,2026-09-08T15:07:00Z,usable,2026-09-08T15:00:00Z,0.11666666666666667,0.0895,0.08,0.099,0.019000000000000003,35233.99,bar_age_only_actual_quote_update_time_unavailable
GOVPARTYAR-26-R,GOVPARTYAR,GOVPARTYAR-26,Will the Republican party win the governorship in Arkansas,Sarah Huckabee Sanders,,active,US_2026_general_election,2026-09-08T15:07:00Z,usable,2026-09-08T12:00:00Z,3.1166666666666667,0.977,0.956,0.998,0.04200000000000004,1425.64,bar_age_only_actual_quote_update_time_unavailable
GOVPARTYAR-26-D,GOVPARTYAR,GOVPARTYAR-26,Will the Democratic party win the governorship in Arkansas,Fred Love,,active,US_2026_general_election,2026-09-08T15:07:00Z,usable,2026-09-08T13:00:00Z,2.1166666666666667,0.027,0.01,0.044,0.033999999999999996,1957.53,bar_age_only_actual_quote_update_time_unavailable
GOVPARTYAZ-26-R,GOVPARTYAZ,GOVPARTYAZ-26,Will the Republican party win the governorship in Arizona,Andy Biggs,,active,US_2026_general_election,2026-09-08T15:07:00Z,usable,2026-09-08T15:00:00Z,0.11666666666666667,0.14,0.13,0.15,0.01999999999999999,181984.85,bar_age_only_actual_quote_update_time_unavailable
GOVPARTYAZ-26-D,GOVPARTYAZ,GOVPARTYAZ-26,Will the Democratic party win the governorship in Arizona,Katie Hobbs,,active,US_2026_general_election,2026-09-08T15:07:00Z,usable,2026-09-08T14:00:00Z,1.1166666666666667,0.865,0.86,0.87,0.010000000000000009,176056.38,bar_age_only_actual_quote_update_time_unavailable
GOVPARTYCA-26-R,GOVPARTYCA,GOVPARTYCA-26,Will the Republican party win the governorship in California,Steve Hilton,,active,US_2026_general_election,2026-09-08T15:07:00Z,usable,2026-09-08T14:00:00Z,1.1166666666666667,0.037,0.036,0.038,0.0020000000000000018,505993.59,bar_age_only_actual_quote_update_time_unavailable
GOVPARTYCA-26-D,GOVPARTYCA,GOVPARTYCA-26,Will the Democratic party win the governorship in California,Xavier Becerra,,active,US_2026_general_election,2026-09-08T15:07:00Z,usable,2026-09-08T13:00:00Z,2.1166666666666667,0.9624999999999999,0.962,0.963,0.0010000000000000009,182527.12,bar_age_only_actual_quote_update_time_unavailable
GOVPARTYCO-26-R,GOVPARTYCO,GOVPARTYCO-26,Will the Republican party win the governorship in Colorado,Victor Marx,,active,US_2026_general_election,2026-09-08T15:07:00Z,usable,2026-09-08T14:00:00Z,1.1166666666666667,0.0395,0.03,0.049,0.019000000000000003,39065.36,bar_age_only_actual_quote_update_time_unavailable
GOVPARTYCO-26-D,GOVPARTYCO,GOVPARTYCO-26,Will the Democratic party win the governorship in Colorado,Phil Weiser,,active,US_2026_general_election,2026-09-08T15:07:00Z,usable,2026-09-08T14:00:00Z,1.1166666666666667,0.975,0.97,0.98,0.010000000000000009,34144.69,bar_age_only_actual_quote_update_time_unavailable
GOVPARTYCT-26-R,GOVPARTYCT,GOVPARTYCT-26,Will the Republican party win the governorship in Connecticut,Ryan Fazio,,active,US_2026_general_election,2026-09-08T15:07:00Z,usable,2026-09-08T13:00:00Z,2.1166666666666667,0.025,0.001,0.049,0.048,18756.24,bar_age_only_actual_quote_update_time_unavailable
GOVPARTYCT-26-D,GOVPARTYCT,GOVPARTYCT-26,Will the Democratic party win the governorship in Connecticut,Ned Lamont,,active,US_2026_general_election,2026-09-08T15:07:00Z,usable,2026-09-08T15:00:00Z,0.11666666666666667,0.9744999999999999,0.951,0.998,0.04700000000000004,11886.29,bar_age_only_actual_quote_update_time_unavailable
GOVPARTYFL-26-R,GOVPARTYFL,GOVPARTYFL-26,Will the Republican party win the governorship in Florida,Byron Donalds,,active,US_2026_general_election,2026-09-08T15:07:00Z,usable,2026-09-08T15:00:00Z,0.11666666666666667,0.815,0.81,0.82,0.009999999999999898,401345.84,bar_age_only_actual_quote_update_time_unavailable
GOVPARTYFL-26-D,GOVPARTYFL,GOVPARTYFL-26,Will the Democratic party win the governorship in Florida,David Jolly,,active,US_2026_general_election,2026-09-08T15:07:00Z,usable,2026-09-08T15:00:00Z,0.11666666666666667,0.175,0.17,0.18,0.009999999999999981,213729.99,bar_age_only_actual_quote_update_time_unavailable
GOVPARTYGA-26-R,GOVPARTYGA,GOVPARTYGA-26,Will the Republican party win the governorship in Georgia,Rick Jackson,,active,US_2026_general_election,2026-09-08T15:07:00Z,usable,2026-09-08T15:00:00Z,0.11666666666666667,0.435,0.43,0.44,0.010000000000000009,298976.88,bar_age_only_actual_quote_update_time_unavailable
GOVPARTYGA-26-D,GOVPARTYGA,GOVPARTYGA-26,Will the Democratic party win the governorship in Georgia,Keisha Lance Bottoms,,active,US_2026_general_election,2026-09-08T15:07:00Z,usable,2026-09-08T15:00:00Z,0.11666666666666667,0.555,0.55,0.56,0.010000000000000009,224491.85,bar_age_only_actual_quote_update_time_unavailable
GOVPARTYHI-26-R,GOVPARTYHI,GOVPARTYHI-26,Will the Republican party win the governorship in Hawaii,Gary Cordery,,active,US_2026_general_election,2026-09-08T15:07:00Z,usable,2026-09-08T07:00:00Z,8.116666666666667,0.03,0.021,0.039,0.018,1674.94,bar_age_only_actual_quote_update_time_unavailable
GOVPARTYHI-26-D,GOVPARTYHI,GOVPARTYHI-26,Will the Democratic party win the governorship in Hawaii,Josh Green,,active,US_2026_general_election,2026-09-08T15:07:00Z,usable,2026-09-08T14:00:00Z,1.1166666666666667,0.97,0.96,0.98,0.020000000000000018,3234.46,bar_age_only_actual_quote_update_time_unavailable
GOVPARTYIA-26-R,GOVPARTYIA,GOVPARTYIA-26,Will the Republican party win the governorship in Iowa,Zach Lahn,,active,US_2026_general_election,2026-09-08T15:07:00Z,usable,2026-09-08T15:00:00Z,0.11666666666666667,0.255,0.25,0.26,0.010000000000000009,219939.45,bar_age_only_actual_quote_update_time_unavailable
GOVPARTYIA-26-D,GOVPARTYIA,GOVPARTYIA-26,Will the Democratic party win the governorship in Iowa,Rob Sand,,active,US_2026_general_election,2026-09-08T15:07:00Z,usable,2026-09-08T15:00:00Z,0.11666666666666667,0.735,0.73,0.74,0.010000000000000009,235706.5,bar_age_only_actual_quote_update_time_unavailable
GOVPARTYID-26-R,GOVPARTYID,GOVPARTYID-26,Will the Republican party win the governorship in Idaho,Brad Little,,active,US_2026_general_election,2026-09-08T15:07:00Z,usable,2026-09-08T06:00:00Z,9.116666666666667,0.9784999999999999,0.959,0.998,0.039000000000000035,1745.17,bar_age_only_actual_quote_update_time_unavailable
GOVPARTYID-26-D,GOVPARTYID,GOVPARTYID-26,Will the Democratic party win the governorship in Idaho,Terri Pickens,,active,US_2026_general_election,2026-09-08T15:07:00Z,usable,2026-09-07T23:00:00Z,16.116666666666667,0.021500000000000002,0.002,0.041,0.039,990.96,bar_age_only_actual_quote_update_time_unavailable
GOVPARTYIL-26-R,GOVPARTYIL,GOVPARTYIL-26,Will the Republican party win the governorship in Illinois,Darren Bailey,,active,US_2026_general_election,2026-09-08T15:07:00Z,usable,2026-09-08T14:00:00Z,1.1166666666666667,0.033,0.022,0.044,0.022,16340.01,bar_age_only_actual_quote_update_time_unavailable
GOVPARTYIL-26-D,GOVPARTYIL,GOVPARTYIL-26,Will the Democratic party win the governorship in Illinois,JB Pritzker,,active,US_2026_general_election,2026-09-08T15:07:00Z,usable,2026-09-07T22:00:00Z,17.116666666666667,0.9584999999999999,0.957,0.96,0.0030000000000000027,65787.89,bar_age_only_actual_quote_update_time_unavailable
GOVPARTYKS-27-R,GOVPARTYKS,GOVPARTYKS-27,Will the Republican party win the governorship in Kansas,Ty Masterson,,active,US_2026_general_election,2026-09-08T15:07:00Z,usable,2026-09-08T15:00:00Z,0.11666666666666667,0.695,0.69,0.7,0.010000000000000009,20166.49,bar_age_only_actual_quote_update_time_unavailable
GOVPARTYKS-27-D,GOVPARTYKS,GOVPARTYKS-27,Will the Democratic party win the governorship in Kansas,Cindy Holscher,,active,US_2026_general_election,2026-09-08T15:07:00Z,usable,2026-09-08T15:00:00Z,0.11666666666666667,0.305,0.3,0.31,0.010000000000000009,12987.32,bar_age_only_actual_quote_update_time_unavailable
GOVPARTYMA-26-R,GOVPARTYMA,GOVPARTYMA-26,Will the Republican party win the governorship in Massachusetts,Mike Minogue,,active,US_2026_general_election,2026-09-08T15:07:00Z,usable,2026-09-08T15:00:00Z,0.11666666666666667,0.057,0.049,0.065,0.016,176304.67,bar_age_only_actual_quote_update_time_unavailable
GOVPARTYMA-26-D,GOVPARTYMA,GOVPARTYMA-26,Will the Democratic party win the governorship in Massachusetts,Maura Healey,,active,US_2026_general_election,2026-09-08T15:07:00Z,usable,2026-09-08T15:00:00Z,0.11666666666666667,0.949,0.941,0.957,0.016000000000000014,34838.32,bar_age_only_actual_quote_update_time_unavailable
GOVPARTYMD-26-R,GOVPARTYMD,GOVPARTYMD-26,Will the Republican party win the governorship in Maryland,Dan Cox,,active,US_2026_general_election,2026-09-08T15:07:00Z,usable,2026-09-08T13:00:00Z,2.1166666666666667,0.0485,0.036,0.061,0.025,17341.92,bar_age_only_actual_quote_update_time_unavailable
GOVPARTYMD-26-D,GOVPARTYMD,GOVPARTYMD-26,Will the Democratic party win the governorship in Maryland,Wes Moore,,active,US_2026_general_election,2026-09-08T15:07:00Z,usable,2026-09-08T14:00:00Z,1.1166666666666667,0.957,0.94,0.974,0.03400000000000003,3446.32,bar_age_only_actual_quote_update_time_unavailable
GOVPARTYME-26-RBEN,GOVPARTYME,GOVPARTYME-26,Will the Rick Bennett party win the governorship in Maine,Rick Bennett,,active,US_2026_general_election,2026-09-08T15:07:00Z,stale_observation,2026-09-06T21:00:00Z,42.11666666666667,,,,,,
GOVPARTYME-26-R,GOVPARTYME,GOVPARTYME-26,Will the Republican party win the governorship in Maine,Robert Charles,,active,US_2026_general_election,2026-09-08T15:07:00Z,usable,2026-09-08T12:00:00Z,3.1166666666666667,0.057499999999999996,0.041,0.074,0.032999999999999995,17971.81,bar_age_only_actual_quote_update_time_unavailable
GOVPARTYME-26-D,GOVPARTYME,GOVPARTYME-26,Will the Democratic party win the governorship in Maine,Hannah Pingree,,active,US_2026_general_election,2026-09-08T15:07:00Z,usable,2026-09-08T15:00:00Z,0.11666666666666667,0.9405,0.923,0.958,0.03499999999999992,16667.98,bar_age_only_actual_quote_update_time_unavailable
GOVPARTYMI-26-MD,GOVPARTYMI,GOVPARTYMI-26,Will the Mike Duggan party win the governorship in Michigan,Mike Duggan,,active,US_2026_general_election,2026-09-08T15:07:00Z,usable,2026-09-08T14:00:00Z,1.1166666666666667,0.0055,0.002,0.009,0.006999999999999999,60801.77,bar_age_only_actual_quote_update_time_unavailable
GOVPARTYMI-26-R,GOVPARTYMI,GOVPARTYMI-26,Will the Republican party win the governorship in Michigan,John James,,active,US_2026_general_election,2026-09-08T15:07:00Z,usable,2026-09-08T15:00:00Z,0.11666666666666667,0.12,0.11,0.13,0.020000000000000004,84396.07,bar_age_only_actual_quote_update_time_unavailable
GOVPARTYMI-26-D,GOVPARTYMI,GOVPARTYMI-26,Will the Democratic party win the governorship in Michigan,Jocelyn Benson,,active,US_2026_general_election,2026-09-08T15:07:00Z,usable,2026-09-08T15:00:00Z,0.11666666666666667,0.89,0.88,0.9,0.020000000000000018,55047.63,bar_age_only_actual_quote_update_time_unavailable
GOVPARTYMN-26-R,GOVPARTYMN,GOVPARTYMN-26,Will the Republican party win the governorship in Minnesota,Lisa Demuth,,active,US_2026_general_election,2026-09-08T15:07:00Z,usable,2026-09-08T15:00:00Z,0.11666666666666667,0.0505,0.044,0.057,0.013000000000000005,124861.43,bar_age_only_actual_quote_update_time_unavailable
GOVPARTYMN-26-D,GOVPARTYMN,GOVPARTYMN-26,Will the Democratic party win the governorship in Minnesota,Amy Klobuchar,,active,US_2026_general_election,2026-09-08T15:07:00Z,usable,2026-09-08T15:00:00Z,0.11666666666666667,0.953,0.945,0.961,0.016000000000000014,71170.59,bar_age_only_actual_quote_update_time_unavailable
GOVPARTYNE-26-R,GOVPARTYNE,GOVPARTYNE-26,Will the Republican party win the governorship in Nebraska,Jim Pillen,,active,US_2026_general_election,2026-09-08T15:07:00Z,usable,2026-09-08T04:00:00Z,11.116666666666667,0.9145000000000001,0.905,0.924,0.019000000000000017,22756.03,bar_age_only_actual_quote_update_time_unavailable
GOVPARTYNE-26-D,GOVPARTYNE,GOVPARTYNE-26,Will the Democratic party win the governorship in Nebraska,Lynne Walz,,active,US_2026_general_election,2026-09-08T15:07:00Z,usable,2026-09-08T05:00:00Z,10.116666666666667,0.087,0.076,0.098,0.022000000000000006,20248.62,bar_age_only_actual_quote_update_time_unavailable
GOVPARTYNM-26-R,GOVPARTYNM,GOVPARTYNM-26,Will the Republican party win the governorship in New Mexico,Greggory D. Hull,,active,US_2026_general_election,2026-09-08T15:07:00Z,usable,2026-09-08T15:00:00Z,0.11666666666666667,0.0825,0.069,0.096,0.026999999999999996,20134.8,bar_age_only_actual_quote_update_time_unavailable
GOVPARTYNM-26-D,GOVPARTYNM,GOVPARTYNM-26,Will the Democratic party win the governorship in New Mexico,Deb Haaland,,active,US_2026_general_election,2026-09-08T15:07:00Z,usable,2026-09-08T15:00:00Z,0.11666666666666667,0.9315,0.912,0.951,0.038999999999999924,12469.9,bar_age_only_actual_quote_update_time_unavailable
GOVPARTYNV-26-R,GOVPARTYNV,GOVPARTYNV-26,Will the Republican party win the governorship in Nevada,Joe Lombardo,,active,US_2026_general_election,2026-09-08T15:07:00Z,usable,2026-09-08T14:00:00Z,1.1166666666666667,0.605,0.6,0.61,0.010000000000000009,142535.79,bar_age_only_actual_quote_update_time_unavailable
GOVPARTYNV-26-D,GOVPARTYNV,GOVPARTYNV-26,Will the Democratic party win the governorship in Nevada,Aaron Ford,,active,US_2026_general_election,2026-09-08T15:07:00Z,usable,2026-09-08T15:00:00Z,0.11666666666666667,0.41000000000000003,0.4,0.42,0.019999999999999962,100399.36,bar_age_only_actual_quote_update_time_unavailable
GOVPARTYNY-26-R,GOVPARTYNY,GOVPARTYNY-26,Will the Republican party win the governorship in New York,Bruce Blakeman,,active,US_2026_general_election,2026-09-08T15:07:00Z,usable,2026-09-08T15:00:00Z,0.11666666666666667,0.07300000000000001,0.07,0.076,0.0059999999999999915,729369.54,bar_age_only_actual_quote_update_time_unavailable
GOVPARTYNY-26-D,GOVPARTYNY,GOVPARTYNY-26,Will the Democratic party win the governorship in New York,Kathy Hochul,,active,US_2026_general_election,2026-09-08T15:07:00Z,usable,2026-09-08T15:00:00Z,0.11666666666666667,0.9315,0.931,0.932,0.0010000000000000009,227537.28,bar_age_only_actual_quote_update_time_unavailable
GOVPARTYOH-26-R,GOVPARTYOH,GOVPARTYOH-26,Will the Republican party win the governorship in Ohio,Vivek Ramaswamy,,active,US_2026_general_election,2026-09-08T15:07:00Z,usable,2026-09-08T15:00:00Z,0.11666666666666667,0.455,0.45,0.46,0.010000000000000009,603990.7,bar_age_only_actual_quote_update_time_unavailable
GOVPARTYOH-26-D,GOVPARTYOH,GOVPARTYOH-26,Will the Democratic party win the governorship in Ohio,Amy Acton,,active,US_2026_general_election,2026-09-08T15:07:00Z,usable,2026-09-08T15:00:00Z,0.11666666666666667,0.535,0.53,0.54,0.010000000000000009,580042.04,bar_age_only_actual_quote_update_time_unavailable
GOVPARTYOK-26-R,GOVPARTYOK,GOVPARTYOK-26,Will the Republican party win the governorship in Oklahoma,Republican party,,active,US_2026_general_election,2026-09-08T15:07:00Z,usable,2026-09-08T14:00:00Z,1.1166666666666667,0.921,0.908,0.934,0.026000000000000023,12546.6,bar_age_only_actual_quote_update_time_unavailable
GOVPARTYOK-26-D,GOVPARTYOK,GOVPARTYOK-26,Will the Democratic party win the governorship in Oklahoma,Cyndi Munson,,active,US_2026_general_election,2026-09-08T15:07:00Z,usable,2026-09-08T14:00:00Z,1.1166666666666667,0.08399999999999999,0.076,0.092,0.016,57886.47,bar_age_only_actual_quote_update_time_unavailable
GOVPARTYOR-26-R,GOVPARTYOR,GOVPARTYOR-26,Will the Republican party win the governorship in Oregon,Christine Drazan,,active,US_2026_general_election,2026-09-08T15:07:00Z,usable,2026-09-08T15:00:00Z,0.11666666666666667,0.11499999999999999,0.11,0.12,0.009999999999999995,82949.18,bar_age_only_actual_quote_update_time_unavailable
GOVPARTYOR-26-D,GOVPARTYOR,GOVPARTYOR-26,Will the Democratic party win the governorship in Oregon,Tina Kotek,,active,US_2026_general_election,2026-09-08T15:07:00Z,usable,2026-09-08T15:00:00Z,0.11666666666666667,0.885,0.88,0.89,0.010000000000000009,38646.48,bar_age_only_actual_quote_update_time_unavailable
GOVPARTYPA-26-R,GOVPARTYPA,GOVPARTYPA-26,Will the Republican party win the governorship in Pennsylvania,Stacy Garrity,,active,US_2026_general_election,2026-09-08T15:07:00Z,usable,2026-09-08T10:00:00Z,5.116666666666666,0.034499999999999996,0.026,0.043,0.016999999999999998,368001.06,bar_age_only_actual_quote_update_time_unavailable
GOVPARTYPA-26-D,GOVPARTYPA,GOVPARTYPA-26,Will the Democratic party win the governorship in Pennsylvania,Josh Shapiro,,active,US_2026_general_election,2026-09-08T15:07:00Z,usable,2026-09-08T09:00:00Z,6.116666666666666,0.972,0.969,0.975,0.006000000000000005,90955.86,bar_age_only_actual_quote_update_time_unavailable
GOVPARTYRI-26-KBLO,GOVPARTYRI,GOVPARTYRI-26,Will the Ken Block party win the governorship in Rhode Island,Ken Block,,active,US_2026_general_election,2026-09-08T15:07:00Z,usable,2026-09-08T12:00:00Z,3.1166666666666667,0.02,0.0,0.04,0.04,1709.08,bar_age_only_actual_quote_update_time_unavailable
GOVPARTYRI-26-R,GOVPARTYRI,GOVPARTYRI-26,Will the Republican party win the governorship in Rhode Island,Republican party,,active,US_2026_general_election,2026-09-08T15:07:00Z,stale_observation,2026-09-05T23:00:00Z,64.11666666666666,,,,,,
GOVPARTYRI-26-D,GOVPARTYRI,GOVPARTYRI-26,Will the Democratic party win the governorship in Rhode Island,Democratic party,,active,US_2026_general_election,2026-09-08T15:07:00Z,usable,2026-09-07T19:00:00Z,20.116666666666667,0.96,0.94,0.98,0.040000000000000036,7149.46,bar_age_only_actual_quote_update_time_unavailable
GOVPARTYSC-26-R,GOVPARTYSC,GOVPARTYSC-26,Will the Republican party win the governorship in South Carolina,Alan Wilson,,active,US_2026_general_election,2026-09-08T15:07:00Z,usable,2026-09-08T15:00:00Z,0.11666666666666667,0.945,0.94,0.95,0.010000000000000009,12295.96,bar_age_only_actual_quote_update_time_unavailable
GOVPARTYSC-26-D,GOVPARTYSC,GOVPARTYSC-26,Will the Democratic party win the governorship in South Carolina,Jermaine Johnson,,active,US_2026_general_election,2026-09-08T15:07:00Z,usable,2026-09-08T14:00:00Z,1.1166666666666667,0.058,0.05,0.066,0.016,11361.44,bar_age_only_actual_quote_update_time_unavailable
GOVPARTYSD-26-R,GOVPARTYSD,GOVPARTYSD-26,Will the Republican party win the governorship in South Dakota,Republican party,,active,US_2026_general_election,2026-09-08T15:07:00Z,usable,2026-09-08T12:00:00Z,3.1166666666666667,0.978,0.958,0.998,0.040000000000000036,1913.12,bar_age_only_actual_quote_update_time_unavailable
GOVPARTYSD-26-D,GOVPARTYSD,GOVPARTYSD-26,Will the Democratic party win the governorship in South Dakota,Democratic party,,active,US_2026_general_election,2026-09-08T15:07:00Z,usable,2026-09-07T23:00:00Z,16.116666666666667,0.0245,0.002,0.047,0.045,3783.98,bar_age_only_actual_quote_update_time_unavailable
GOVPARTYTN-26-R,GOVPARTYTN,GOVPARTYTN-26,Will the Republican party win the governorship in Tennessee,Marsha Blackburn,,active,US_2026_general_election,2026-09-08T15:07:00Z,usable,2026-09-08T14:00:00Z,1.1166666666666667,0.9595,0.951,0.968,0.017000000000000015,5603.26,bar_age_only_actual_quote_update_time_unavailable
GOVPARTYTN-26-D,GOVPARTYTN,GOVPARTYTN-26,Will the Democratic party win the governorship in Tennessee,Jerri Green,,active,US_2026_general_election,2026-09-08T15:07:00Z,usable,2026-09-08T14:00:00Z,1.1166666666666667,0.0405,0.033,0.048,0.015,10766.36,bar_age_only_actual_quote_update_time_unavailable
GOVPARTYTX-26-R,GOVPARTYTX,GOVPARTYTX-26,Will the Republican party win the governorship in Texas,Greg Abbott,,active,US_2026_general_election,2026-09-08T15:07:00Z,usable,2026-09-08T15:00:00Z,0.11666666666666667,0.835,0.83,0.84,0.010000000000000009,124111.69,bar_age_only_actual_quote_update_time_unavailable
GOVPARTYTX-26-D,GOVPARTYTX,GOVPARTYTX-26,Will the Democratic party win the governorship in Texas,Gina Hinojosa,,active,US_2026_general_election,2026-09-08T15:07:00Z,usable,2026-09-08T15:00:00Z,0.11666666666666667,0.175,0.17,0.18,0.009999999999999981,438484.47,bar_age_only_actual_quote_update_time_unavailable
GOVPARTYVT-26-R,GOVPARTYVT,GOVPARTYVT-26,Will the Republican party win the governorship in Vermont,Phil Scott,,active,US_2026_general_election,2026-09-08T15:07:00Z,usable,2026-09-08T15:00:00Z,0.11666666666666667,0.927,0.91,0.944,0.03399999999999992,24299.19,bar_age_only_actual_quote_update_time_unavailable
GOVPARTYVT-26-D,GOVPARTYVT,GOVPARTYVT-26,Will the Democratic party win the governorship in Vermont,Amanda Janoo,,active,US_2026_general_election,2026-09-08T15:07:00Z,usable,2026-09-08T12:00:00Z,3.1166666666666667,0.08249999999999999,0.074,0.091,0.017,18275.06,bar_age_only_actual_quote_update_time_unavailable
GOVPARTYWI-26-R,GOVPARTYWI,GOVPARTYWI-26,Will the Republican party win the governorship in Wisconsin,Tom Tiffany,,active,US_2026_general_election,2026-09-08T15:07:00Z,usable,2026-09-08T15:00:00Z,0.11666666666666667,0.195,0.19,0.2,0.010000000000000009,219803.66,bar_age_only_actual_quote_update_time_unavailable
GOVPARTYWI-26-D,GOVPARTYWI,GOVPARTYWI-26,Will the Democratic party win the governorship in Wisconsin,David Crowley,,active,US_2026_general_election,2026-09-08T15:07:00Z,usable,2026-09-08T15:00:00Z,0.11666666666666667,0.805,0.8,0.81,0.010000000000000009,219978.69,bar_age_only_actual_quote_update_time_unavailable
GOVPARTYWY-26-R,GOVPARTYWY,GOVPARTYWY-26,Will the Republican party win the governorship in Wyoming,Eric Barlow,,active,US_2026_general_election,2026-09-08T15:07:00Z,usable,2026-09-08T15:00:00Z,0.11666666666666667,0.965,0.95,0.98,0.030000000000000027,775.59,bar_age_only_actual_quote_update_time_unavailable
GOVPARTYWY-26-D,GOVPARTYWY,GOVPARTYWY-26,Will the Democratic party win the governorship in Wyoming,Kenneth Casner,,active,US_2026_general_election,2026-09-08T15:07:00Z,usable,2026-09-08T15:00:00Z,0.11666666666666667,0.0325,0.007,0.058,0.051000000000000004,646.03,bar_age_only_actual_quote_update_time_unavailable
HOUSEAKAL-26-BHIL,HOUSEAKAL,HOUSEAKAL-26,Will Bill Hill win the House race for AK-AL?,Bill Hill,,active,US_2026_general_election,2026-09-08T15:07:00Z,usable,2026-09-08T07:00:00Z,8.116666666666667,0.135,0.13,0.14,0.010000000000000009,1708.4,bar_age_only_actual_quote_update_time_unavailable
HOUSEAKAL-26-R,HOUSEAKAL,HOUSEAKAL-26,Will Republican win the House race for AK-AL?,Republican party,,active,US_2026_general_election,2026-09-08T15:07:00Z,usable,2026-09-08T15:00:00Z,0.11666666666666667,0.8200000000000001,0.79,0.85,0.05999999999999994,4583.52,bar_age_only_actual_quote_update_time_unavailable
HOUSEAKAL-26-D,HOUSEAKAL,HOUSEAKAL-26,Will Democratic win the House race for AK-AL?,Democratic party,,active,US_2026_general_election,2026-09-08T15:07:00Z,usable,2026-09-08T15:00:00Z,0.11666666666666667,0.046,0.035,0.057,0.022,10289.7,bar_age_only_actual_quote_update_time_unavailable
HOUSEAZ1-26-R,HOUSEAZ1,HOUSEAZ1-26,Will Republican win the House race for AZ-1?,Jay Feely,,active,US_2026_general_election,2026-09-08T15:07:00Z,usable,2026-09-08T10:00:00Z,5.116666666666666,0.305,0.3,0.31,0.010000000000000009,5585.08,bar_age_only_actual_quote_update_time_unavailable
HOUSEAZ1-26-D,HOUSEAZ1,HOUSEAZ1-26,Will Democratic win the House race for AZ-1?,Amish Shah,,active,US_2026_general_election,2026-09-08T15:07:00Z,usable,2026-09-08T14:00:00Z,1.1166666666666667,0.705,0.7,0.71,0.010000000000000009,7038.78,bar_age_only_actual_quote_update_time_unavailable
HOUSEAZ2-26-R,HOUSEAZ2,HOUSEAZ2-26,Will Republican win the House race for AZ-2?,Eli Crane,,active,US_2026_general_election,2026-09-08T15:07:00Z,usable,2026-09-08T15:00:00Z,0.11666666666666667,0.715,0.71,0.72,0.010000000000000009,2251.21,bar_age_only_actual_quote_update_time_unavailable
HOUSEAZ2-26-D,HOUSEAZ2,HOUSEAZ2-26,Will Democratic win the House race for AZ-2?,Jonathan Nez,,active,US_2026_general_election,2026-09-08T15:07:00Z,usable,2026-09-08T15:00:00Z,0.11666666666666667,0.29000000000000004,0.28,0.3,0.019999999999999962,2580.96,bar_age_only_actual_quote_update_time_unavailable
HOUSEAZ6-26-R,HOUSEAZ6,HOUSEAZ6-26,Will Republican win the House race for AZ-6?,Juan Ciscomani,,active,US_2026_general_election,2026-09-08T15:07:00Z,usable,2026-09-08T14:00:00Z,1.1166666666666667,0.16999999999999998,0.15,0.19,0.04000000000000001,5771.29,bar_age_only_actual_quote_update_time_unavailable
HOUSEAZ6-26-D,HOUSEAZ6,HOUSEAZ6-26,Will Democratic win the House race for AZ-6?,JoAnna Mendoza,,active,US_2026_general_election,2026-09-08T15:07:00Z,usable,2026-09-08T14:00:00Z,1.1166666666666667,0.815,0.79,0.84,0.04999999999999993,3547.09,bar_age_only_actual_quote_update_time_unavailable
HOUSECA13-26-R,HOUSECA13,HOUSECA13-26,Will Republican win the House race for CA-13?,Kevin Lincoln,,active,US_2026_general_election,2026-09-08T15:07:00Z,usable,2026-09-08T14:00:00Z,1.1166666666666667,0.062,0.049,0.075,0.025999999999999995,4310.32,bar_age_only_actual_quote_update_time_unavailable
HOUSECA13-26-D,HOUSECA13,HOUSECA13-26,Will Democratic win the House race for CA-13?,Adam Gray,,active,US_2026_general_election,2026-09-08T15:07:00Z,usable,2026-09-08T14:00:00Z,1.1166666666666667,0.9335,0.922,0.945,0.02299999999999991,5753.23,bar_age_only_actual_quote_update_time_unavailable
HOUSECA21-26-R,HOUSECA21,HOUSECA21-26,Will a Republican win the House race for CA-21?,Kyle Kirkland,,active,US_2026_general_election,2026-09-08T15:07:00Z,usable,2026-09-08T14:00:00Z,1.1166666666666667,0.08249999999999999,0.077,0.088,0.010999999999999996,12996.93,bar_age_only_actual_quote_update_time_unavailable
HOUSECA21-26-D,HOUSECA21,HOUSECA21-26,Will a Democrat win the House race for CA-21?,Jim Costa,,active,US_2026_general_election,2026-09-08T15:07:00Z,usable,2026-09-08T14:00:00Z,1.1166666666666667,0.9239999999999999,0.908,0.94,0.03199999999999992,2785.81,bar_age_only_actual_quote_update_time_unavailable
HOUSECA22-26-R,HOUSECA22,HOUSECA22-26,Will Republican win the House race for CA-22?,David Valadao,,active,US_2026_general_election,2026-09-08T15:07:00Z,usable,2026-09-08T15:00:00Z,0.11666666666666667,0.125,0.11,0.14,0.030000000000000013,16560.56,bar_age_only_actual_quote_update_time_unavailable
HOUSECA22-26-D,HOUSECA22,HOUSECA22-26,Will Democratic win the House race for CA-22?,Randy Villegas,,active,US_2026_general_election,2026-09-08T15:07:00Z,usable,2026-09-08T15:00:00Z,0.11666666666666667,0.865,0.86,0.87,0.010000000000000009,14957.46,bar_age_only_actual_quote_update_time_unavailable
HOUSECA27-26-R,HOUSECA27,HOUSECA27-26,Will Republican win the House race for CA-27?,Jason Gibbs,,active,US_2026_general_election,2026-09-08T15:07:00Z,usable,2026-09-08T14:00:00Z,1.1166666666666667,0.065,0.044,0.086,0.041999999999999996,795.06,bar_age_only_actual_quote_update_time_unavailable
HOUSECA27-26-D,HOUSECA27,HOUSECA27-26,Will Democratic win the House race for CA-27?,George Whitesides,,active,US_2026_general_election,2026-09-08T15:07:00Z,usable,2026-09-08T14:00:00Z,1.1166666666666667,0.931,0.906,0.956,0.04999999999999993,1402.74,bar_age_only_actual_quote_update_time_unavailable
HOUSECA3-26-R,HOUSECA3,HOUSECA3-26,Will Republican win the House race for CA-3?,Robb Tucker,,active,US_2026_general_election,2026-09-08T15:07:00Z,usable,2026-09-08T14:00:00Z,1.1166666666666667,0.056999999999999995,0.037,0.077,0.04,1737.0,bar_age_only_actual_quote_update_time_unavailable
HOUSECA3-26-D,HOUSECA3,HOUSECA3-26,Will Democratic win the House race for CA-3?,Ami Bera,,active,US_2026_general_election,2026-09-08T15:07:00Z,usable,2026-09-08T14:00:00Z,1.1166666666666667,0.944,0.933,0.955,0.02199999999999991,9632.82,bar_age_only_actual_quote_update_time_unavailable
HOUSECA40-26-R,HOUSECA40,HOUSECA40-26,Will Republican win the House race for CA-40?,Republican party,,finalized,US_2026_general_election,,closed_before_frozen_asof,,,,,,,,
HOUSECA40-26-D,HOUSECA40,HOUSECA40-26,Will Democratic win the House race for CA-40?,Democratic party,,finalized,US_2026_general_election,,closed_before_frozen_asof,,,,,,,,
HOUSECA41-26-R,HOUSECA41,HOUSECA41-26,Will Republican win the House race for CA-41?,Mitch Clemmons,,active,US_2026_general_election,2026-09-08T15:07:00Z,usable,2026-09-08T15:00:00Z,0.11666666666666667,0.041,0.006,0.076,0.06999999999999999,1418.0,bar_age_only_actual_quote_update_time_unavailable
HOUSECA41-26-D,HOUSECA41,HOUSECA41-26,Will Democratic win the House race for CA-41?,Linda Sánchez,,active,US_2026_general_election,2026-09-08T15:07:00Z,stale_observation,2026-09-04T20:00:00Z,91.11666666666666,,,,,,
HOUSECA45-26-R,HOUSECA45,HOUSECA45-26,Will Republican win the House race for CA-45?,Chuong Vo,,active,US_2026_general_election,2026-09-08T15:07:00Z,usable,2026-09-08T15:00:00Z,0.11666666666666667,0.105,0.09,0.12,0.03,22397.33,bar_age_only_actual_quote_update_time_unavailable
HOUSECA45-26-D,HOUSECA45,HOUSECA45-26,Will Democratic win the House race for CA-45?,Derek Tran,,active,US_2026_general_election,2026-09-08T15:07:00Z,usable,2026-09-08T15:00:00Z,0.11666666666666667,0.905,0.9,0.91,0.010000000000000009,7207.03,bar_age_only_actual_quote_update_time_unavailable
HOUSECA47-26-R,HOUSECA47,HOUSECA47-26,Will Republican win the House race for CA-47?,Jenny Le Roux,,active,US_2026_general_election,2026-09-08T15:07:00Z,usable,2026-09-08T15:00:00Z,0.11666666666666667,0.042499999999999996,0.008,0.077,0.069,217.7,bar_age_only_actual_quote_update_time_unavailable
HOUSECA47-26-D,HOUSECA47,HOUSECA47-26,Will Democratic win the House race for CA-47?,Dave Min,,active,US_2026_general_election,2026-09-08T15:07:00Z,usable,2026-09-08T14:00:00Z,1.1166666666666667,0.942,0.924,0.96,0.03599999999999992,2345.0,bar_age_only_actual_quote_update_time_unavailable
HOUSECA49-26-R,HOUSECA49,HOUSECA49-26,Will a Republican win the House race for CA-49?,Armen Kurdian,,active,US_2026_general_election,2026-09-08T15:07:00Z,usable,2026-09-08T15:00:00Z,0.11666666666666667,0.0275,0.002,0.053,0.051,384.0,bar_age_only_actual_quote_update_time_unavailable
HOUSECA49-26-D,HOUSECA49,HOUSECA49-26,Will a Democrat win the House race for CA-49?,Mike Levin,,active,US_2026_general_election,2026-09-08T15:07:00Z,usable,2026-09-08T14:00:00Z,1.1166666666666667,0.9524999999999999,0.945,0.96,0.015000000000000013,8410.0,bar_age_only_actual_quote_update_time_unavailable
HOUSECA9-26-R,HOUSECA9,HOUSECA9-26,Will Republican win the House race for CA-9?,John McBride,,active,US_2026_general_election,2026-09-08T15:07:00Z,usable,2026-09-08T15:00:00Z,0.11666666666666667,0.043,0.008,0.078,0.07,471.0,bar_age_only_actual_quote_update_time_unavailable
HOUSECA9-26-D,HOUSECA9,HOUSECA9-26,Will Democratic win the House race for CA-9?,Josh Harder,,active,US_2026_general_election,2026-09-08T15:07:00Z,usable,2026-09-08T14:00:00Z,1.1166666666666667,0.951,0.942,0.96,0.018000000000000016,3108.0,bar_age_only_actual_quote_update_time_unavailable
HOUSECO3-26-R,HOUSECO3,HOUSECO3-26,Will Republican win the House race for CO-3?,Jeff Hurd,,active,US_2026_general_election,2026-09-08T15:07:00Z,usable,2026-09-08T15:00:00Z,0.11666666666666667,0.65,0.63,0.67,0.040000000000000036,6450.8,bar_age_only_actual_quote_update_time_unavailable
HOUSECO3-26-D,HOUSECO3,HOUSECO3-26,Will Democratic win the House race for CO-3?,Dwayne Romero,,active,US_2026_general_election,2026-09-08T15:07:00Z,usable,2026-09-08T15:00:00Z,0.11666666666666667,0.35,0.33,0.37,0.03999999999999998,5610.22,bar_age_only_actual_quote_update_time_unavailable
HOUSECO8-26-R,HOUSECO8,HOUSECO8-26,Will Republican win the House race for CO-8?,Gabe Evans,,active,US_2026_general_election,2026-09-08T15:07:00Z,usable,2026-09-08T15:00:00Z,0.11666666666666667,0.22,0.2,0.24,0.03999999999999998,3072.4,bar_age_only_actual_quote_update_time_unavailable
HOUSECO8-26-D,HOUSECO8,HOUSECO8-26,Will Democratic win the House race for CO-8?,Manny Rutinel,,active,US_2026_general_election,2026-09-08T15:07:00Z,usable,2026-09-08T15:00:00Z,0.11666666666666667,0.785,0.77,0.8,0.030000000000000027,3433.96,bar_age_only_actual_quote_update_time_unavailable
HOUSECT5-26-R,HOUSECT5,HOUSECT5-26,Will a Republican win the House race for CT-5?,Chris Shea,,active,US_2026_general_election,2026-09-08T15:07:00Z,usable,2026-09-08T13:00:00Z,2.1166666666666667,0.041999999999999996,0.01,0.074,0.064,756.85,bar_age_only_actual_quote_update_time_unavailable
HOUSECT5-26-D,HOUSECT5,HOUSECT5-26,Will a Democrat win the House race for CT-5?,Jahana Hayes,,active,US_2026_general_election,2026-09-08T15:07:00Z,usable,2026-09-08T14:00:00Z,1.1166666666666667,0.9455,0.941,0.95,0.009000000000000008,3056.62,bar_age_only_actual_quote_update_time_unavailable
HOUSEFL13-26-R,HOUSEFL13,HOUSEFL13-26,Will Republican win the House race for FL-13?,Anna Paulina Luna,,active,US_2026_general_election,2026-09-08T15:07:00Z,usable,2026-09-08T15:00:00Z,0.11666666666666667,0.715,0.71,0.72,0.010000000000000009,2404.27,bar_age_only_actual_quote_update_time_unavailable
HOUSEFL13-26-D,HOUSEFL13,HOUSEFL13-26,Will Democratic win the House race for FL-13?,Leela Gray,,active,US_2026_general_election,2026-09-08T15:07:00Z,usable,2026-09-07T21:00:00Z,18.116666666666667,0.28500000000000003,0.28,0.29,0.009999999999999953,3725.12,bar_age_only_actual_quote_update_time_unavailable
HOUSEFL23-26-R,HOUSEFL23,HOUSEFL23-26,Will Republican win the House race for FL-23?,Deborah Adeimy,,active,US_2026_general_election,2026-09-08T15:07:00Z,usable,2026-09-08T15:00:00Z,0.11666666666666667,0.07,0.04,0.1,0.060000000000000005,3449.3,bar_age_only_actual_quote_update_time_unavailable
HOUSEFL23-26-D,HOUSEFL23,HOUSEFL23-26,Will Democratic win the House race for FL-23?,Lois Frankel,,active,US_2026_general_election,2026-09-08T15:07:00Z,usable,2026-09-08T15:00:00Z,0.11666666666666667,0.9450000000000001,0.93,0.96,0.029999999999999916,1943.28,bar_age_only_actual_quote_update_time_unavailable
HOUSEIA1-26-R,HOUSEIA1,HOUSEIA1-26,Will Republican win the House race for IA-1?,Mariannette Miller-Meeks,,active,US_2026_general_election,2026-09-08T15:07:00Z,usable,2026-09-08T15:00:00Z,0.11666666666666667,0.24,0.23,0.25,0.01999999999999999,1666.25,bar_age_only_actual_quote_update_time_unavailable
HOUSEIA1-26-D,HOUSEIA1,HOUSEIA1-26,Will Democratic win the House race for IA-1?,Christina Bohannan,,active,US_2026_general_election,2026-09-08T15:07:00Z,usable,2026-09-08T15:00:00Z,0.11666666666666667,0.765,0.76,0.77,0.010000000000000009,3262.75,bar_age_only_actual_quote_update_time_unavailable
HOUSEIA3-26-R,HOUSEIA3,HOUSEIA3-26,Will Republican win the House race for IA-3?,Zach Nunn,,active,US_2026_general_election,2026-09-08T15:07:00Z,usable,2026-09-08T15:00:00Z,0.11666666666666667,0.215,0.21,0.22,0.010000000000000009,6234.0,bar_age_only_actual_quote_update_time_unavailable
HOUSEIA3-26-D,HOUSEIA3,HOUSEIA3-26,Will Democratic win the House race for IA-3?,Sarah Trone Garriott,,active,US_2026_general_election,2026-09-08T15:07:00Z,usable,2026-09-08T14:00:00Z,1.1166666666666667,0.785,0.78,0.79,0.010000000000000009,5477.23,bar_age_only_actual_quote_update_time_unavailable
HOUSEIL17-26-R,HOUSEIL17,HOUSEIL17-26,Will a Republican win the House race for IL-17?,Dillan Vancil,,active,US_2026_general_election,2026-09-08T15:07:00Z,usable,2026-09-08T15:00:00Z,0.11666666666666667,0.045,0.04,0.05,0.010000000000000002,2267.9,bar_age_only_actual_quote_update_time_unavailable
HOUSEIL17-26-D,HOUSEIL17,HOUSEIL17-26,Will a Democrat win the House race for IL-17?,Eric Sorensen,,active,US_2026_general_election,2026-09-08T15:07:00Z,usable,2026-09-08T15:00:00Z,0.11666666666666667,0.9385,0.93,0.947,0.016999999999999904,1339.0,bar_age_only_actual_quote_update_time_unavailable
HOUSEIN1-26-R,HOUSEIN1,HOUSEIN1-26,Will a Republican win the House race for IN-1?,Barb Regnitz,,active,US_2026_general_election,2026-09-08T15:07:00Z,usable,2026-09-08T13:00:00Z,2.1166666666666667,0.0245,0.01,0.039,0.028999999999999998,6166.58,bar_age_only_actual_quote_update_time_unavailable
HOUSEIN1-26-D,HOUSEIN1,HOUSEIN1-26,Will a Democrat win the House race for IN-1?,Frank Mrvan,,active,US_2026_general_election,2026-09-08T15:07:00Z,usable,2026-09-08T14:00:00Z,1.1166666666666667,0.948,0.946,0.95,0.0040000000000000036,5286.32,bar_age_only_actual_quote_update_time_unavailable
HOUSEME2-26-R,HOUSEME2,HOUSEME2-26,Will Republican win the House race for ME-2?,Paul LePage,,active,US_2026_general_election,2026-09-08T15:07:00Z,usable,2026-09-08T04:00:00Z,11.116666666666667,0.55,0.53,0.57,0.039999999999999925,6994.86,bar_age_only_actual_quote_update_time_unavailable
HOUSEME2-26-D,HOUSEME2,HOUSEME2-26,Will Democratic win the House race for ME-2?,Matt Dunlap,,active,US_2026_general_election,2026-09-08T15:07:00Z,usable,2026-09-08T06:00:00Z,9.116666666666667,0.44999999999999996,0.43,0.47,0.03999999999999998,11077.94,bar_age_only_actual_quote_update_time_unavailable
HOUSEMI10-26-R,HOUSEMI10,HOUSEMI10-26,Will Republican win the House race for MI-10?,Michael Bouchard Jr.,,active,US_2026_general_election,2026-09-08T15:07:00Z,usable,2026-09-08T15:00:00Z,0.11666666666666667,0.375,0.36,0.39,0.030000000000000027,2804.34,bar_age_only_actual_quote_update_time_unavailable
HOUSEMI10-26-D,HOUSEMI10,HOUSEMI10-26,Will Democratic win the House race for MI-10?,Christina Hines,,active,US_2026_general_election,2026-09-08T15:07:00Z,usable,2026-09-08T15:00:00Z,0.11666666666666667,0.645,0.64,0.65,0.010000000000000009,5251.85,bar_age_only_actual_quote_update_time_unavailable
HOUSEMI3-26-R,HOUSEMI3,HOUSEMI3-26,Will a Republican win the House race for MI-3?,Terri DeBoer,,active,US_2026_general_election,2026-09-08T15:07:00Z,usable,2026-09-08T14:00:00Z,1.1166666666666667,0.052500000000000005,0.04,0.065,0.025,1551.06,bar_age_only_actual_quote_update_time_unavailable
HOUSEMI3-26-D,HOUSEMI3,HOUSEMI3-26,Will a Democrat win the House race for MI-3?,Hillary Scholten,,active,US_2026_general_election,2026-09-08T15:07:00Z,usable,2026-09-08T14:00:00Z,1.1166666666666667,0.948,0.936,0.96,0.02399999999999991,3070.0,bar_age_only_actual_quote_update_time_unavailable
HOUSEMI4-26-R,HOUSEMI4,HOUSEMI4-26,Will Republican win the House race for MI-4?,Bill Huizenga,,active,US_2026_general_election,2026-09-08T15:07:00Z,usable,2026-09-08T15:00:00Z,0.11666666666666667,0.53,0.51,0.55,0.040000000000000036,1418.55,bar_age_only_actual_quote_update_time_unavailable
HOUSEMI4-26-D,HOUSEMI4,HOUSEMI4-26,Will Democratic win the House race for MI-4?,Sean McCann,,active,US_2026_general_election,2026-09-08T15:07:00Z,usable,2026-09-08T15:00:00Z,0.11666666666666667,0.45999999999999996,0.44,0.48,0.03999999999999998,3057.9,bar_age_only_actual_quote_update_time_unavailable
HOUSEMI7-26-R,HOUSEMI7,HOUSEMI7-26,Will Republican win the House race for MI-7?,Tom Barrett,,active,US_2026_general_election,2026-09-08T15:07:00Z,usable,2026-09-08T15:00:00Z,0.11666666666666667,0.48,0.47,0.49,0.020000000000000018,6511.34,bar_age_only_actual_quote_update_time_unavailable
HOUSEMI7-26-D,HOUSEMI7,HOUSEMI7-26,Will Democratic win the House race for MI-7?,William Lawrence,,active,US_2026_general_election,2026-09-08T15:07:00Z,usable,2026-09-08T15:00:00Z,0.11666666666666667,0.525,0.52,0.53,0.010000000000000009,9671.32,bar_age_only_actual_quote_update_time_unavailable
HOUSEMI8-26-R,HOUSEMI8,HOUSEMI8-26,Will Republican win the House race for MI-8?,Thomas J. Smith,,active,US_2026_general_election,2026-09-08T15:07:00Z,usable,2026-09-08T14:00:00Z,1.1166666666666667,0.068,0.057,0.079,0.022,371.54,bar_age_only_actual_quote_update_time_unavailable
HOUSEMI8-26-D,HOUSEMI8,HOUSEMI8-26,Will Democratic win the House race for MI-8?,Kristen McDonald Rivet,,active,US_2026_general_election,2026-09-08T15:07:00Z,usable,2026-09-08T14:00:00Z,1.1166666666666667,0.9359999999999999,0.931,0.941,0.009999999999999898,1783.19,bar_age_only_actual_quote_update_time_unavailable
HOUSEMN2-26-R,HOUSEMN2,HOUSEMN2-26,Will a Republican win the House race for MN-2?,Eric Pratt,,active,US_2026_general_election,2026-09-08T15:07:00Z,usable,2026-09-08T15:00:00Z,0.11666666666666667,0.08449999999999999,0.059,0.11,0.051000000000000004,666.18,bar_age_only_actual_quote_update_time_unavailable
HOUSEMN2-26-D,HOUSEMN2,HOUSEMN2-26,Will a Democrat win the House race for MN-2?,Matt Little,,active,US_2026_general_election,2026-09-08T15:07:00Z,stale_observation,2026-09-06T20:00:00Z,43.11666666666667,,,,,,
HOUSEMT1-26-R,HOUSEMT1,HOUSEMT1-26,Will Republican win the House race for MT-1?,Aaron Flint,,active,US_2026_general_election,2026-09-08T15:07:00Z,usable,2026-09-08T15:00:00Z,0.11666666666666667,0.63,0.62,0.64,0.020000000000000018,5478.71,bar_age_only_actual_quote_update_time_unavailable
HOUSEMT1-26-D,HOUSEMT1,HOUSEMT1-26,Will Democratic win the House race for MT-1?,Sam Forstag,,active,US_2026_general_election,2026-09-08T15:07:00Z,usable,2026-09-08T15:00:00Z,0.11666666666666667,0.35,0.34,0.36,0.019999999999999962,11087.84,bar_age_only_actual_quote_update_time_unavailable
HOUSENC1-26-R,HOUSENC1,HOUSENC1-26,Will Republican win the House race for NC-1?,Laurie Buckhout,,active,US_2026_general_election,2026-09-08T15:07:00Z,usable,2026-09-08T15:00:00Z,0.11666666666666667,0.41000000000000003,0.39,0.43,0.03999999999999998,29935.88,bar_age_only_actual_quote_update_time_unavailable
HOUSENC1-26-D,HOUSENC1,HOUSENC1-26,Will Democratic win the House race for NC-1?,Don Davis,,active,US_2026_general_election,2026-09-08T15:07:00Z,usable,2026-09-08T15:00:00Z,0.11666666666666667,0.595,0.58,0.61,0.030000000000000027,10561.05,bar_age_only_actual_quote_update_time_unavailable
HOUSENE2-26-R,HOUSENE2,HOUSENE2-26,Will Republican win the House race for NE-2?,Brinker Harding,,active,US_2026_general_election,2026-09-08T15:07:00Z,usable,2026-09-08T15:00:00Z,0.11666666666666667,0.10250000000000001,0.095,0.11,0.015,32573.22,bar_age_only_actual_quote_update_time_unavailable
HOUSENE2-26-D,HOUSENE2,HOUSENE2-26,Will Democratic win the House race for NE-2?,Denise Powell,,active,US_2026_general_election,2026-09-08T15:07:00Z,usable,2026-09-08T15:00:00Z,0.11666666666666667,0.9055,0.901,0.91,0.009000000000000008,14409.52,bar_age_only_actual_quote_update_time_unavailable
HOUSENH1-26-R,HOUSENH1,HOUSENH1-26,Will a Republican win the House race for NH-1?,Republican party,,active,US_2026_general_election,2026-09-08T15:07:00Z,usable,2026-09-08T14:00:00Z,1.1166666666666667,0.0985,0.077,0.12,0.043,2008.61,bar_age_only_actual_quote_update_time_unavailable
HOUSENH1-26-D,HOUSENH1,HOUSENH1-26,Will a Democrat win the House race for NH-1?,Democratic party,,active,US_2026_general_election,2026-09-08T15:07:00Z,usable,2026-09-08T14:00:00Z,1.1166666666666667,0.895,0.89,0.9,0.010000000000000009,1789.0,bar_age_only_actual_quote_update_time_unavailable
HOUSENJ5-26-R,HOUSENJ5,HOUSENJ5-26,Will a Republican win the House race for NJ-5?,Sean Kirrane,,active,US_2026_general_election,2026-09-08T15:07:00Z,usable,2026-09-08T14:00:00Z,1.1166666666666667,0.0495,0.038,0.061,0.023,748.0,bar_age_only_actual_quote_update_time_unavailable
HOUSENJ5-26-D,HOUSENJ5,HOUSENJ5-26,Will a Democrat win the House race for NJ-5?,Josh Gottheimer,,active,US_2026_general_election,2026-09-08T15:07:00Z,usable,2026-09-08T14:00:00Z,1.1166666666666667,0.9464999999999999,0.941,0.952,0.01100000000000001,2265.65,bar_age_only_actual_quote_update_time_unavailable
HOUSENJ7-26-R,HOUSENJ7,HOUSENJ7-26,Will Republican win the House race for NJ-7?,Thomas Kean Jr.,,active,US_2026_general_election,2026-09-08T15:07:00Z,usable,2026-09-08T14:00:00Z,1.1166666666666667,0.18,0.17,0.19,0.01999999999999999,13782.65,bar_age_only_actual_quote_update_time_unavailable
HOUSENJ7-26-D,HOUSENJ7,HOUSENJ7-26,Will Democratic win the House race for NJ-7?,Rebecca Bennett,,active,US_2026_general_election,2026-09-08T15:07:00Z,usable,2026-09-08T14:00:00Z,1.1166666666666667,0.8200000000000001,0.81,0.83,0.019999999999999907,9325.35,bar_age_only_actual_quote_update_time_unavailable
HOUSENJ9-26-R,HOUSENJ9,HOUSENJ9-26,Will Republican win the House race for NJ-9?,Rosie Pino,,active,US_2026_general_election,2026-09-08T15:07:00Z,usable,2026-09-08T14:00:00Z,1.1166666666666667,0.0655,0.051,0.08,0.029000000000000005,962.27,bar_age_only_actual_quote_update_time_unavailable
HOUSENJ9-26-D,HOUSENJ9,HOUSENJ9-26,Will Democratic win the House race for NJ-9?,Nellie Pou,,active,US_2026_general_election,2026-09-08T15:07:00Z,usable,2026-09-08T14:00:00Z,1.1166666666666667,0.933,0.918,0.948,0.029999999999999916,3979.52,bar_age_only_actual_quote_update_time_unavailable
HOUSENM2-26-R,HOUSENM2,HOUSENM2-26,Will Republican win the House race for NM-2?,Greg Cunningham,,active,US_2026_general_election,2026-09-08T15:07:00Z,usable,2026-09-08T14:00:00Z,1.1166666666666667,0.10450000000000001,0.099,0.11,0.010999999999999996,10081.89,bar_age_only_actual_quote_update_time_unavailable
HOUSENM2-26-D,HOUSENM2,HOUSENM2-26,Will Democratic win the House race for NM-2?,Gabe Vasquez,,active,US_2026_general_election,2026-09-08T15:07:00Z,usable,2026-09-08T14:00:00Z,1.1166666666666667,0.8945000000000001,0.88,0.909,0.029000000000000026,4737.46,bar_age_only_actual_quote_update_time_unavailable
HOUSENV1-26-R,HOUSENV1,HOUSENV1-26,Will a Republican win the House race for NV-1?,Carrie Buck,,active,US_2026_general_election,2026-09-08T15:07:00Z,usable,2026-09-08T14:00:00Z,1.1166666666666667,0.095,0.091,0.099,0.008000000000000007,2281.71,bar_age_only_actual_quote_update_time_unavailable
HOUSENV1-26-D,HOUSENV1,HOUSENV1-26,Will a Democrat win the House race for NV-1?,Dina Titus,,active,US_2026_general_election,2026-09-08T15:07:00Z,usable,2026-09-08T14:00:00Z,1.1166666666666667,0.905,0.9,0.91,0.010000000000000009,1842.52,bar_age_only_actual_quote_update_time_unavailable
HOUSENV3-26-R,HOUSENV3,HOUSENV3-26,Will Republican win the House race for NV-3?,Martin O'Donnell,,active,US_2026_general_election,2026-09-08T15:07:00Z,usable,2026-09-08T14:00:00Z,1.1166666666666667,0.0925,0.075,0.11,0.035,1610.77,bar_age_only_actual_quote_update_time_unavailable
HOUSENV3-26-D,HOUSENV3,HOUSENV3-26,Will Democratic win the House race for NV-3?,Susie Lee,,active,US_2026_general_election,2026-09-08T15:07:00Z,usable,2026-09-08T14:00:00Z,1.1166666666666667,0.9,0.88,0.92,0.040000000000000036,2997.47,bar_age_only_actual_quote_update_time_unavailable
HOUSENV4-26-R,HOUSENV4,HOUSENV4-26,Will a Republican win the House race for NV-4?,Cody Whipple,,active,US_2026_general_election,2026-09-08T15:07:00Z,usable,2026-09-08T14:00:00Z,1.1166666666666667,0.075,0.061,0.089,0.027999999999999997,1312.8,bar_age_only_actual_quote_update_time_unavailable
HOUSENV4-26-D,HOUSENV4,HOUSENV4-26,Will a Democrat win the House race for NV-4?,Steven Horsford,,active,US_2026_general_election,2026-09-08T15:07:00Z,usable,2026-09-08T14:00:00Z,1.1166666666666667,0.925,0.911,0.939,0.027999999999999914,2188.0,bar_age_only_actual_quote_update_time_unavailable
HOUSENY17-26-R,HOUSENY17,HOUSENY17-26,Will Republican win the House race for NY-17?,Mike Lawler,,active,US_2026_general_election,2026-09-08T15:07:00Z,usable,2026-09-08T15:00:00Z,0.11666666666666667,0.395,0.39,0.4,0.010000000000000009,27967.25,bar_age_only_actual_quote_update_time_unavailable
HOUSENY17-26-D,HOUSENY17,HOUSENY17-26,Will Democratic win the House race for NY-17?,Cait Conley,,active,US_2026_general_election,2026-09-08T15:07:00Z,usable,2026-09-08T15:00:00Z,0.11666666666666667,0.615,0.61,0.62,0.010000000000000009,18214.56,bar_age_only_actual_quote_update_time_unavailable
HOUSENY18-26-R,HOUSENY18,HOUSENY18-26,Will a Republican win the House race for NY-18?,Jacqueline Auringer,,active,US_2026_general_election,2026-09-08T15:07:00Z,usable,2026-09-08T15:00:00Z,0.11666666666666667,0.0495,0.021,0.078,0.056999999999999995,1547.7,bar_age_only_actual_quote_update_time_unavailable
HOUSENY18-26-D,HOUSENY18,HOUSENY18-26,Will a Democrat win the House race for NY-18?,Pat Ryan,,active,US_2026_general_election,2026-09-08T15:07:00Z,usable,2026-09-08T15:00:00Z,0.11666666666666667,0.937,0.925,0.949,0.02399999999999991,2390.3,bar_age_only_actual_quote_update_time_unavailable
HOUSENY19-26-R,HOUSENY19,HOUSENY19-26,Will Republican win the House race for NY-19?,Peter Oberacker,,active,US_2026_general_election,2026-09-08T15:07:00Z,usable,2026-09-07T22:00:00Z,17.116666666666667,0.075,0.06,0.09,0.03,1761.23,bar_age_only_actual_quote_update_time_unavailable
HOUSENY19-26-D,HOUSENY19,HOUSENY19-26,Will Democratic win the House race for NY-19?,Josh Riley,,active,US_2026_general_election,2026-09-08T15:07:00Z,usable,2026-09-08T10:00:00Z,5.116666666666666,0.9299999999999999,0.92,0.94,0.019999999999999907,4794.57,bar_age_only_actual_quote_update_time_unavailable
HOUSENY22-26-R,HOUSENY22,HOUSENY22-26,Will a Republican win the House race for NY-22?,Kailee Buller,,active,US_2026_general_election,2026-09-08T15:07:00Z,usable,2026-09-08T15:00:00Z,0.11666666666666667,0.0505,0.05,0.051,0.000999999999999994,8081.0,bar_age_only_actual_quote_update_time_unavailable
HOUSENY22-26-D,HOUSENY22,HOUSENY22-26,Will a Democrat win the House race for NY-22?,John Mannion,,active,US_2026_general_election,2026-09-08T15:07:00Z,usable,2026-09-08T14:00:00Z,1.1166666666666667,0.9504999999999999,0.947,0.954,0.007000000000000006,2226.0,bar_age_only_actual_quote_update_time_unavailable
HOUSENY3-26-R,HOUSENY3,HOUSENY3-26,Will a Republican win the House race for NY-3?,Mike LiPetri,,active,US_2026_general_election,2026-09-08T15:07:00Z,usable,2026-09-08T15:00:00Z,0.11666666666666667,0.056,0.047,0.065,0.018000000000000002,2261.39,bar_age_only_actual_quote_update_time_unavailable
HOUSENY3-26-D,HOUSENY3,HOUSENY3-26,Will a Democrat win the House race for NY-3?,Tom Suozzi,,active,US_2026_general_election,2026-09-08T15:07:00Z,usable,2026-09-08T14:00:00Z,1.1166666666666667,0.91,0.9,0.92,0.020000000000000018,3757.41,bar_age_only_actual_quote_update_time_unavailable
HOUSENY4-26-R,HOUSENY4,HOUSENY4-26,Will Republican win the House race for NY-4?,Jeanine Driscoll,,active,US_2026_general_election,2026-09-08T15:07:00Z,usable,2026-09-08T14:00:00Z,1.1166666666666667,0.0985,0.087,0.11,0.023000000000000007,4123.88,bar_age_only_actual_quote_update_time_unavailable
HOUSENY4-26-D,HOUSENY4,HOUSENY4-26,Will Democratic win the House race for NY-4?,Laura Gillen,,active,US_2026_general_election,2026-09-08T15:07:00Z,usable,2026-09-08T15:00:00Z,0.11666666666666667,0.88,0.87,0.89,0.020000000000000018,3411.0,bar_age_only_actual_quote_update_time_unavailable
HOUSEOH1-26-R,HOUSEOH1,HOUSEOH1-26,Will a Republican win the House race for OH-1?,Eric Conroy,,active,US_2026_general_election,2026-09-08T15:07:00Z,usable,2026-09-08T15:00:00Z,0.11666666666666667,0.14,0.13,0.15,0.01999999999999999,3799.54,bar_age_only_actual_quote_update_time_unavailable
HOUSEOH1-26-D,HOUSEOH1,HOUSEOH1-26,Will a Democrat win the House race for OH-1?,Greg Landsman,,active,US_2026_general_election,2026-09-08T15:07:00Z,usable,2026-09-08T15:00:00Z,0.11666666666666667,0.855,0.84,0.87,0.030000000000000027,3260.98,bar_age_only_actual_quote_update_time_unavailable
HOUSEOH13-26-R,HOUSEOH13,HOUSEOH13-26,Will Republican win the House race for OH-13?,Carey Coleman,,active,US_2026_general_election,2026-09-08T15:07:00Z,usable,2026-09-08T14:00:00Z,1.1166666666666667,0.0635,0.05,0.077,0.026999999999999996,1295.0,bar_age_only_actual_quote_update_time_unavailable
HOUSEOH13-26-D,HOUSEOH13,HOUSEOH13-26,Will Democratic win the House race for OH-13?,Emilia Sykes,,active,US_2026_general_election,2026-09-08T15:07:00Z,usable,2026-09-08T14:00:00Z,1.1166666666666667,0.9365,0.923,0.95,0.026999999999999913,3470.0,bar_age_only_actual_quote_update_time_unavailable
HOUSEOH9-26-R,HOUSEOH9,HOUSEOH9-26,Will Republican win the House race for OH-9?,Derek Merrin,,active,US_2026_general_election,2026-09-08T15:07:00Z,usable,2026-09-08T15:00:00Z,0.11666666666666667,0.365,0.35,0.38,0.030000000000000027,20109.34,bar_age_only_actual_quote_update_time_unavailable
HOUSEOH9-26-D,HOUSEOH9,HOUSEOH9-26,Will Democratic win the House race for OH-9?,Marcy Kaptur,,active,US_2026_general_election,2026-09-08T15:07:00Z,usable,2026-09-08T15:00:00Z,0.11666666666666667,0.625,0.59,0.66,0.07000000000000006,3671.37,bar_age_only_actual_quote_update_time_unavailable
HOUSEOR5-26-R,HOUSEOR5,HOUSEOR5-26,Will Republican win the House race for OR-5?,Patti Adair,,active,US_2026_general_election,2026-09-08T15:07:00Z,usable,2026-09-08T15:00:00Z,0.11666666666666667,0.0345,0.003,0.066,0.063,697.0,bar_age_only_actual_quote_update_time_unavailable
HOUSEOR5-26-D,HOUSEOR5,HOUSEOR5-26,Will Democratic win the House race for OR-5?,Janelle Bynum,,active,US_2026_general_election,2026-09-08T15:07:00Z,usable,2026-09-08T15:00:00Z,0.11666666666666667,0.9275,0.905,0.95,0.04499999999999993,1891.0,bar_age_only_actual_quote_update_time_unavailable
HOUSEPA1-26-R,HOUSEPA1,HOUSEPA1-26,Will Republican win the House race for PA-1?,Brian Fitzpatrick,,active,US_2026_general_election,2026-09-08T15:07:00Z,usable,2026-09-08T14:00:00Z,1.1166666666666667,0.565,0.55,0.58,0.029999999999999916,11934.55,bar_age_only_actual_quote_update_time_unavailable
HOUSEPA1-26-D,HOUSEPA1,HOUSEPA1-26,Will Democratic win the House race for PA-1?,Bob Harvie,,active,US_2026_general_election,2026-09-08T15:07:00Z,usable,2026-09-08T15:00:00Z,0.11666666666666667,0.455,0.45,0.46,0.010000000000000009,10493.97,bar_age_only_actual_quote_update_time_unavailable
HOUSEPA10-26-R,HOUSEPA10,HOUSEPA10-26,Will Republican win the House race for PA-10?,Scott Perry,,active,US_2026_general_election,2026-09-08T15:07:00Z,usable,2026-09-08T15:00:00Z,0.11666666666666667,0.24,0.23,0.25,0.01999999999999999,3691.53,bar_age_only_actual_quote_update_time_unavailable
HOUSEPA10-26-D,HOUSEPA10,HOUSEPA10-26,Will Democratic win the House race for PA-10?,Janelle Stelson,,active,US_2026_general_election,2026-09-08T15:07:00Z,usable,2026-09-08T15:00:00Z,0.11666666666666667,0.76,0.75,0.77,0.020000000000000018,5325.07,bar_age_only_actual_quote_update_time_unavailable
HOUSEPA17-26-R,HOUSEPA17,HOUSEPA17-26,Will Republican win the House race for PA-17?,Tony Guy,,active,US_2026_general_election,2026-09-08T15:07:00Z,usable,2026-09-08T15:00:00Z,0.11666666666666667,0.052500000000000005,0.036,0.069,0.03300000000000001,2464.01,bar_age_only_actual_quote_update_time_unavailable
HOUSEPA17-26-D,HOUSEPA17,HOUSEPA17-26,Will Democratic win the House race for PA-17?,Chris Deluzio,,active,US_2026_general_election,2026-09-08T15:07:00Z,usable,2026-09-08T14:00:00Z,1.1166666666666667,0.9255,0.921,0.93,0.009000000000000008,3553.6,bar_age_only_actual_quote_update_time_unavailable
HOUSEPA7-26-R,HOUSEPA7,HOUSEPA7-26,Will Republican win the House race for PA-7?,Ryan Mackenzie,,active,US_2026_general_election,2026-09-08T15:07:00Z,usable,2026-09-08T14:00:00Z,1.1166666666666667,0.21000000000000002,0.2,0.22,0.01999999999999999,48321.59,bar_age_only_actual_quote_update_time_unavailable
HOUSEPA7-26-D,HOUSEPA7,HOUSEPA7-26,Will Democratic win the House race for PA-7?,Bob Brooks,,active,US_2026_general_election,2026-09-08T15:07:00Z,usable,2026-09-08T15:00:00Z,0.11666666666666667,0.805,0.8,0.81,0.010000000000000009,39369.03,bar_age_only_actual_quote_update_time_unavailable
HOUSEPA8-26-R,HOUSEPA8,HOUSEPA8-26,Will Republican win the House race for PA-8?,Rob Bresnahan,,active,US_2026_general_election,2026-09-08T15:07:00Z,usable,2026-09-08T00:00:00Z,15.116666666666667,0.345,0.34,0.35,0.009999999999999953,5729.18,bar_age_only_actual_quote_update_time_unavailable
HOUSEPA8-26-D,HOUSEPA8,HOUSEPA8-26,Will Democratic win the House race for PA-8?,Paige Cognetti,,active,US_2026_general_election,2026-09-08T15:07:00Z,usable,2026-09-08T14:00:00Z,1.1166666666666667,0.645,0.63,0.66,0.030000000000000027,9278.79,bar_age_only_actual_quote_update_time_unavailable
HOUSETX15-26-R,HOUSETX15,HOUSETX15-26,Will Republican win the House race for TX-15?,Monica De La Cruz,,active,US_2026_general_election,2026-09-08T15:07:00Z,usable,2026-09-08T15:00:00Z,0.11666666666666667,0.445,0.44,0.45,0.010000000000000009,891094.18,bar_age_only_actual_quote_update_time_unavailable
HOUSETX15-26-D,HOUSETX15,HOUSETX15-26,Will Democratic win the House race for TX-15?,Bobby Pulido,,active,US_2026_general_election,2026-09-08T15:07:00Z,usable,2026-09-08T15:00:00Z,0.11666666666666667,0.545,0.54,0.55,0.010000000000000009,261272.2,bar_age_only_actual_quote_update_time_unavailable
HOUSETX28-26-R,HOUSETX28,HOUSETX28-26,Will Republican win the House race for TX-28?,Tano Tijerina,,active,US_2026_general_election,2026-09-08T15:07:00Z,usable,2026-09-08T14:00:00Z,1.1166666666666667,0.165,0.16,0.17,0.010000000000000009,15535.66,bar_age_only_actual_quote_update_time_unavailable
HOUSETX28-26-D,HOUSETX28,HOUSETX28-26,Will Democratic win the House race for TX-28?,Henry Cuellar,,active,US_2026_general_election,2026-09-08T15:07:00Z,usable,2026-09-08T14:00:00Z,1.1166666666666667,0.835,0.83,0.84,0.010000000000000009,18888.88,bar_age_only_actual_quote_update_time_unavailable
HOUSETX34-26-R,HOUSETX34,HOUSETX34-26,Will Republican win the House race for TX-34?,Eric Flores,,active,US_2026_general_election,2026-09-08T15:07:00Z,stale_observation,2026-09-06T22:00:00Z,41.11666666666667,,,,,,
HOUSETX34-26-D,HOUSETX34,HOUSETX34-26,Will Democratic win the House race for TX-34?,Vicente Gonzalez,,active,US_2026_general_election,2026-09-08T15:07:00Z,usable,2026-09-08T10:00:00Z,5.116666666666666,0.745,0.74,0.75,0.010000000000000009,8086.56,bar_age_only_actual_quote_update_time_unavailable
HOUSEVA1-26-R,HOUSEVA1,HOUSEVA1-26,Will Republican win the House race for VA-1?,Rob Wittman,,active,US_2026_general_election,2026-09-08T15:07:00Z,usable,2026-09-08T15:00:00Z,0.11666666666666667,0.545,0.53,0.56,0.030000000000000027,8989.58,bar_age_only_actual_quote_update_time_unavailable
HOUSEVA1-26-D,HOUSEVA1,HOUSEVA1-26,Will Democratic win the House race for VA-1?,Shannon Taylor,,active,US_2026_general_election,2026-09-08T15:07:00Z,usable,2026-09-08T15:00:00Z,0.11666666666666667,0.44,0.42,0.46,0.040000000000000036,10135.18,bar_age_only_actual_quote_update_time_unavailable
HOUSEVA2-26-R,HOUSEVA2,HOUSEVA2-26,Will Republican win the House race for VA-2?,Jen Kiggans,,active,US_2026_general_election,2026-09-08T15:07:00Z,usable,2026-09-08T09:00:00Z,6.116666666666666,0.18,0.17,0.19,0.01999999999999999,11565.38,bar_age_only_actual_quote_update_time_unavailable
HOUSEVA2-26-D,HOUSEVA2,HOUSEVA2-26,Will Democratic win the House race for VA-2?,Elaine Luria,,active,US_2026_general_election,2026-09-08T15:07:00Z,usable,2026-09-08T15:00:00Z,0.11666666666666667,0.8049999999999999,0.79,0.82,0.029999999999999916,10598.52,bar_age_only_actual_quote_update_time_unavailable
HOUSEVA7-26-R,HOUSEVA7,HOUSEVA7-26,Will Republican win the House race for VA-7?,Doug Ollivant,,active,US_2026_general_election,2026-09-08T15:07:00Z,usable,2026-09-08T14:00:00Z,1.1166666666666667,0.075,0.051,0.099,0.04800000000000001,1178.79,bar_age_only_actual_quote_update_time_unavailable
HOUSEVA7-26-D,HOUSEVA7,HOUSEVA7-26,Will Democratic win the House race for VA-07?,Eugene Vindman,,active,US_2026_general_election,2026-09-08T15:07:00Z,usable,2026-09-08T15:00:00Z,0.11666666666666667,0.9355,0.916,0.955,0.038999999999999924,1313.99,bar_age_only_actual_quote_update_time_unavailable
HOUSEWA3-26-R,HOUSEWA3,HOUSEWA3-26,Will Republican win the House race for WA-3?,John Braun,,active,US_2026_general_election,2026-09-08T15:07:00Z,usable,2026-09-08T14:00:00Z,1.1166666666666667,0.11499999999999999,0.11,0.12,0.009999999999999995,10744.28,bar_age_only_actual_quote_update_time_unavailable
HOUSEWA3-26-D,HOUSEWA3,HOUSEWA3-26,Will Democratic win the House race for WA-3?,Marie Gluesenkamp Perez,,active,US_2026_general_election,2026-09-08T15:07:00Z,usable,2026-09-08T14:00:00Z,1.1166666666666667,0.885,0.88,0.89,0.010000000000000009,9137.43,bar_age_only_actual_quote_update_time_unavailable
HOUSEWI1-26-R,HOUSEWI1,HOUSEWI1-26,Will Republican win the House race for WI-1?,Bryan Steil,,active,US_2026_general_election,2026-09-08T15:07:00Z,usable,2026-09-08T15:00:00Z,0.11666666666666667,0.69,0.66,0.72,0.05999999999999994,5118.61,bar_age_only_actual_quote_update_time_unavailable
HOUSEWI1-26-D,HOUSEWI1,HOUSEWI1-26,Will Democratic win the House race for WI-1?,Mitchell Berman,,active,US_2026_general_election,2026-09-08T15:07:00Z,usable,2026-09-08T15:00:00Z,0.11666666666666667,0.32,0.3,0.34,0.040000000000000036,9138.4,bar_age_only_actual_quote_update_time_unavailable
HOUSEWI3-26-R,HOUSEWI3,HOUSEWI3-26,Will a Republican win the House race for WI-3?,Derrick Van Orden,,active,US_2026_general_election,2026-09-08T15:07:00Z,usable,2026-09-08T14:00:00Z,1.1166666666666667,0.28500000000000003,0.28,0.29,0.009999999999999953,8563.57,bar_age_only_actual_quote_update_time_unavailable
HOUSEWI3-26-D,HOUSEWI3,HOUSEWI3-26,Will a Democrat win the House race for WI-3?,Rebecca Cooke,,active,US_2026_general_election,2026-09-08T15:07:00Z,usable,2026-09-08T14:00:00Z,1.1166666666666667,0.715,0.71,0.72,0.010000000000000009,56246.09,bar_age_only_actual_quote_update_time_unavailable
KXBALANCEPOWERCOMBO-27FEB-RR,KXBALANCEPOWERCOMBO,KXBALANCEPOWERCOMBO-27FEB,Will House Control be Republican AND Senate Control be Republican for Feb 2027?,"R-House, R-Senate",,active,US_post_2026_organizational_control_Feb2027_not_election_win,2026-09-08T15:07:00Z,usable,2026-09-08T15:00:00Z,0.11666666666666667,0.155,0.15,0.16,0.010000000000000009,3053196.87,bar_age_only_actual_quote_update_time_unavailable
KXBALANCEPOWERCOMBO-27FEB-RD,KXBALANCEPOWERCOMBO,KXBALANCEPOWERCOMBO-27FEB,Will House Control be Republican AND Senate Control be Democratic for Feb 2027?,"R-House, D-Senate",,active,US_post_2026_organizational_control_Feb2027_not_election_win,2026-09-08T15:07:00Z,usable,2026-09-08T13:00:00Z,2.1166666666666667,0.0165,0.015,0.018,0.002999999999999999,1637226.1,bar_age_only_actual_quote_update_time_unavailable
KXBALANCEPOWERCOMBO-27FEB-DR,KXBALANCEPOWERCOMBO,KXBALANCEPOWERCOMBO-27FEB,Will House Control be Democratic AND Senate Control be Republican for Feb 2027?,"D-House, R-Senate",,active,US_post_2026_organizational_control_Feb2027_not_election_win,2026-09-08T15:07:00Z,usable,2026-09-08T15:00:00Z,0.11666666666666667,0.365,0.36,0.37,0.010000000000000009,1131050.02,bar_age_only_actual_quote_update_time_unavailable
KXBALANCEPOWERCOMBO-27FEB-DD,KXBALANCEPOWERCOMBO,KXBALANCEPOWERCOMBO-27FEB,Will House Control be Democratic AND Senate Control be Democratic for Feb 2027?,"D-House, D-Senate",,active,US_post_2026_organizational_control_Feb2027_not_election_win,2026-09-08T15:07:00Z,usable,2026-09-08T15:00:00Z,0.11666666666666667,0.475,0.47,0.48,0.010000000000000009,1492745.88,bar_age_only_actual_quote_update_time_unavailable
KXCASEN26-26-WCAR,KXCASEN26,KXCASEN26-26,Who will win the 2026 California State Senate District 26 election?,Wendy Carrillo,,active,US_2026_general_election,2026-09-08T15:07:00Z,stale_observation,2026-09-01T23:00:00Z,160.11666666666667,,,,,,
KXCASEN26-26-SRAS,KXCASEN26,KXCASEN26-26,Who will win the 2026 California State Senate District 26 election?,Sarah Rascón,,active,US_2026_general_election,2026-09-08T15:07:00Z,usable,2026-09-08T09:00:00Z,6.116666666666666,0.15,0.12,0.18,0.06,339.12,bar_age_only_actual_quote_update_time_unavailable
KXCASEN26-26-SMAS,KXCASEN26,KXCASEN26-26,Who will win the 2026 California State Senate District 26 election?,Sang Masog,,active,US_2026_general_election,2026-09-08T15:07:00Z,stale_observation,2026-09-01T23:00:00Z,160.11666666666667,,,,,,
KXCASEN26-26-SHER,KXCASEN26,KXCASEN26-26,Who will win the 2026 California State Senate District 26 election?,Sara Hernandez,,active,US_2026_general_election,2026-09-08T15:07:00Z,stale_observation,2026-09-04T20:00:00Z,91.11666666666666,,,,,,
KXCASEN26-26-PBOW,KXCASEN26,KXCASEN26-26,Who will win the 2026 California State Senate District 26 election?,Paul A. Bowers,,active,US_2026_general_election,2026-09-08T15:07:00Z,stale_observation,2026-09-01T23:00:00Z,160.11666666666667,,,,,,
KXCASEN26-26-MPUD,KXCASEN26,KXCASEN26-26,Who will win the 2026 California State Senate District 26 election?,Maebe Pudlo,,active,US_2026_general_election,2026-09-08T15:07:00Z,stale_observation,2026-09-01T23:00:00Z,160.11666666666667,,,,,,
KXCASEN26-26-JCAM,KXCASEN26,KXCASEN26-26,Who will win the 2026 California State Senate District 26 election?,Juan Camacho,,active,US_2026_general_election,2026-09-08T15:07:00Z,stale_observation,2026-09-01T23:00:00Z,160.11666666666667,,,,,,
KXCASEN26-26-CAGR,KXCASEN26,KXCASEN26-26,Who will win the 2026 California State Senate District 26 election?,Claudia Agraz,,active,US_2026_general_election,2026-09-08T15:07:00Z,stale_observation,2026-09-01T23:00:00Z,160.11666666666667,,,,,,
KXFOURSTATESEN-26NOV03-TTTT,KXFOURSTATESEN,KXFOURSTATESEN-26NOV03,Will Democrats win All 4?,Democratic sweep,,active,US_2026_general_election,2026-09-08T15:07:00Z,stale_observation,2026-09-07T03:00:00Z,36.11666666666667,,,,,,
KXFOURSTATESEN-26NOV03-TTTF,KXFOURSTATESEN,KXFOURSTATESEN-26NOV03,"Will Democrats win Texas, Alaska, Iowa?","Texas, Alaska, Iowa",,active,US_2026_general_election,2026-09-08T15:07:00Z,stale_observation,2026-09-05T23:00:00Z,64.11666666666666,,,,,,
KXFOURSTATESEN-26NOV03-TTFT,KXFOURSTATESEN,KXFOURSTATESEN-26NOV03,"Will Democrats win Texas, Alaska, Ohio?","Texas, Alaska, Ohio",,active,US_2026_general_election,2026-09-08T15:07:00Z,stale_observation,2026-09-06T13:00:00Z,50.11666666666667,,,,,,
KXFOURSTATESEN-26NOV03-TTFF,KXFOURSTATESEN,KXFOURSTATESEN-26NOV03,"Will Democrats win Texas, Alaska?","Texas, Alaska",,active,US_2026_general_election,2026-09-08T15:07:00Z,stale_observation,2026-09-07T12:00:00Z,27.116666666666667,,,,,,
KXFOURSTATESEN-26NOV03-TFTT,KXFOURSTATESEN,KXFOURSTATESEN-26NOV03,"Will Democrats win Texas, Iowa, Ohio?","Texas, Iowa, Ohio",,active,US_2026_general_election,2026-09-08T15:07:00Z,usable,2026-09-08T09:00:00Z,6.116666666666666,0.024,0.0,0.048,0.048,330.67,bar_age_only_actual_quote_update_time_unavailable
KXFOURSTATESEN-26NOV03-TFTF,KXFOURSTATESEN,KXFOURSTATESEN-26NOV03,"Will Democrats win Texas, Iowa?","Texas, Iowa",,active,US_2026_general_election,2026-09-08T15:07:00Z,stale_observation,2026-09-05T23:00:00Z,64.11666666666666,,,,,,
KXFOURSTATESEN-26NOV03-TFFT,KXFOURSTATESEN,KXFOURSTATESEN-26NOV03,"Will Democrats win Texas, Ohio?","Texas, Ohio",,active,US_2026_general_election,2026-09-08T15:07:00Z,usable,2026-09-08T09:00:00Z,6.116666666666666,0.034,0.01,0.058,0.048,925.36,bar_age_only_actual_quote_update_time_unavailable
KXFOURSTATESEN-26NOV03-TFFF,KXFOURSTATESEN,KXFOURSTATESEN-26NOV03,Will Democrats win Texas?,Texas,,active,US_2026_general_election,2026-09-08T15:07:00Z,usable,2026-09-08T12:00:00Z,3.1166666666666667,0.057,0.05,0.064,0.013999999999999999,691.51,bar_age_only_actual_quote_update_time_unavailable
KXFOURSTATESEN-26NOV03-FTTT,KXFOURSTATESEN,KXFOURSTATESEN-26NOV03,"Will Democrats win Alaska, Iowa, Ohio?","Alaska, Iowa, Ohio",,active,US_2026_general_election,2026-09-08T15:07:00Z,usable,2026-09-08T09:00:00Z,6.116666666666666,0.044,0.03,0.058,0.028000000000000004,549.02,bar_age_only_actual_quote_update_time_unavailable
KXFOURSTATESEN-26NOV03-FTTF,KXFOURSTATESEN,KXFOURSTATESEN-26NOV03,"Will Democrats win Alaska, Iowa?","Alaska, Iowa",,active,US_2026_general_election,2026-09-08T15:07:00Z,stale_observation,2026-09-05T23:00:00Z,64.11666666666666,,,,,,
KXFOURSTATESEN-26NOV03-FTFT,KXFOURSTATESEN,KXFOURSTATESEN-26NOV03,"Will Democrats win Alaska, Ohio?","Alaska, Ohio",,active,US_2026_general_election,2026-09-08T15:07:00Z,stale_observation,2026-09-05T23:00:00Z,64.11666666666666,,,,,,
KXFOURSTATESEN-26NOV03-FTFF,KXFOURSTATESEN,KXFOURSTATESEN-26NOV03,Will Democrats win Alaska?,Alaska,,active,US_2026_general_election,2026-09-08T15:07:00Z,stale_observation,2026-09-05T23:00:00Z,64.11666666666666,,,,,,
KXFOURSTATESEN-26NOV03-FFTT,KXFOURSTATESEN,KXFOURSTATESEN-26NOV03,"Will Democrats win Iowa, Ohio?","Iowa, Ohio",,active,US_2026_general_election,2026-09-08T15:07:00Z,usable,2026-09-08T09:00:00Z,6.116666666666666,0.024,0.0,0.048,0.048,324.0,bar_age_only_actual_quote_update_time_unavailable
KXFOURSTATESEN-26NOV03-FFTF,KXFOURSTATESEN,KXFOURSTATESEN-26NOV03,Will Democrats win Iowa?,Iowa,,active,US_2026_general_election,2026-09-08T15:07:00Z,stale_observation,2026-09-03T08:00:00Z,127.11666666666666,,,,,,
KXFOURSTATESEN-26NOV03-FFFT,KXFOURSTATESEN,KXFOURSTATESEN-26NOV03,Will Democrats win Ohio?,Ohio,,active,US_2026_general_election,2026-09-08T15:07:00Z,stale_observation,2026-09-05T23:00:00Z,64.11666666666666,,,,,,
KXFOURSTATESEN-26NOV03-FFFF,KXFOURSTATESEN,KXFOURSTATESEN-26NOV03,Will Democrats win None?,Republican sweep,,active,US_2026_general_election,2026-09-08T15:07:00Z,usable,2026-09-08T01:00:00Z,14.116666666666667,0.195,0.17,0.22,0.04999999999999999,2764.45,bar_age_only_actual_quote_update_time_unavailable
KXGOVPARTYAK-26-R,KXGOVPARTYAK,KXGOVPARTYAK-26,Will the Republican party win the governorship in Alaska,Republican party,,active,US_2026_general_election,2026-09-08T15:07:00Z,usable,2026-09-08T13:00:00Z,2.1166666666666667,0.355,0.35,0.36,0.010000000000000009,14501.1,bar_age_only_actual_quote_update_time_unavailable
KXGOVPARTYAK-26-D,KXGOVPARTYAK,KXGOVPARTYAK-26,Will the Democratic party win the governorship in Alaska,Democratic party,,active,US_2026_general_election,2026-09-08T15:07:00Z,usable,2026-09-08T10:00:00Z,5.116666666666666,0.645,0.63,0.66,0.030000000000000027,19457.38,bar_age_only_actual_quote_update_time_unavailable
KXHOUSEIN7-26-R,KXHOUSEIN7,KXHOUSEIN7-26,Will Republicans win the House race for IN-07?,Patrick McAuley,,active,US_2026_general_election,2026-09-08T15:07:00Z,usable,2026-09-08T10:00:00Z,5.116666666666666,0.0285,0.001,0.056,0.055,490.0,bar_age_only_actual_quote_update_time_unavailable
KXHOUSEIN7-26-D,KXHOUSEIN7,KXHOUSEIN7-26,Will Democrats win the House race for IN-07?,André Carson,,active,US_2026_general_election,2026-09-08T15:07:00Z,usable,2026-09-08T15:00:00Z,0.11666666666666667,0.9724999999999999,0.965,0.98,0.015000000000000013,8690.0,bar_age_only_actual_quote_update_time_unavailable
KXHOUSEMO5-26-R,KXHOUSEMO5,KXHOUSEMO5-26,Will Republican win the House race for MO-05?,Republican party,,active,US_2026_general_election,2026-09-08T15:07:00Z,usable,2026-09-08T14:00:00Z,1.1166666666666667,0.21500000000000002,0.2,0.23,0.03,13331.5,bar_age_only_actual_quote_update_time_unavailable
KXHOUSEMO5-26-D,KXHOUSEMO5,KXHOUSEMO5-26,Will Democratic win the House race for MO-05?,Democratic party,,active,US_2026_general_election,2026-09-08T15:07:00Z,usable,2026-09-08T15:00:00Z,0.11666666666666667,0.805,0.8,0.81,0.010000000000000009,10233.51,bar_age_only_actual_quote_update_time_unavailable
KXHOUSENC11-26-GOP,KXHOUSENC11,KXHOUSENC11-26,Will Republican win the House race for NC-11?,Jennifer Balkcom,,active,US_2026_general_election,2026-09-08T15:07:00Z,usable,2026-09-08T14:00:00Z,1.1166666666666667,0.355,0.34,0.37,0.02999999999999997,6624.63,bar_age_only_actual_quote_update_time_unavailable
KXHOUSENC11-26-DEM,KXHOUSENC11,KXHOUSENC11-26,Will Democratic win the House race for NC-11?,Jamie Ager,,active,US_2026_general_election,2026-09-08T15:07:00Z,usable,2026-09-08T14:00:00Z,1.1166666666666667,0.645,0.63,0.66,0.030000000000000027,10878.16,bar_age_only_actual_quote_update_time_unavailable
KXHOUSEPOPVOTEMARGIN-27NOV03-B9,KXHOUSEPOPVOTEMARGIN,KXHOUSEPOPVOTEMARGIN-27NOV03,Will the Democratic margin of victory in the 2026 U.S. House of Representatives national popular vote be between 8 and 10%?,"Democrats, 8 to 10%",,active,US_2026_general_election,2026-09-08T15:07:00Z,usable,2026-09-08T15:00:00Z,0.11666666666666667,0.245,0.24,0.25,0.010000000000000009,118093.42,bar_age_only_actual_quote_update_time_unavailable
KXHOUSEPOPVOTEMARGIN-27NOV03-B7,KXHOUSEPOPVOTEMARGIN,KXHOUSEPOPVOTEMARGIN-27NOV03,Will the Democratic margin of victory in the 2026 U.S. House of Representatives national popular vote be between 6 and 8%?,"Democrats, 6 to 8%",,active,US_2026_general_election,2026-09-08T15:07:00Z,usable,2026-09-08T15:00:00Z,0.11666666666666667,0.225,0.22,0.23,0.010000000000000009,76088.44,bar_age_only_actual_quote_update_time_unavailable
KXHOUSEPOPVOTEMARGIN-27NOV03-B58,KXHOUSEPOPVOTEMARGIN,KXHOUSEPOPVOTEMARGIN-27NOV03,Will the Democratic margin of victory in the 2026 U.S. House of Representatives national popular vote be between 16 and 100%?,"Democrats, 16% and above",,active,US_2026_general_election,2026-09-08T15:07:00Z,usable,2026-09-08T15:00:00Z,0.11666666666666667,0.013500000000000002,0.006,0.021,0.015000000000000001,91388.57,bar_age_only_actual_quote_update_time_unavailable
KXHOUSEPOPVOTEMARGIN-27NOV03-B50,KXHOUSEPOPVOTEMARGIN,KXHOUSEPOPVOTEMARGIN-27NOV03,Will Republicans win the 2026 U.S. House of Representatives national popular vote?,Republicans win,,active,US_2026_general_election,2026-09-08T15:07:00Z,usable,2026-09-08T15:00:00Z,0.11666666666666667,0.091,0.09,0.092,0.0020000000000000018,343534.16,bar_age_only_actual_quote_update_time_unavailable
KXHOUSEPOPVOTEMARGIN-27NOV03-B5,KXHOUSEPOPVOTEMARGIN,KXHOUSEPOPVOTEMARGIN-27NOV03,Will the Democratic margin of victory in the 2026 U.S. House of Representatives national popular vote be between 4 and 6%?,"Democrats, 4 to 6%",,active,US_2026_general_election,2026-09-08T15:07:00Z,usable,2026-09-08T13:00:00Z,2.1166666666666667,0.10500000000000001,0.1,0.11,0.009999999999999995,34411.68,bar_age_only_actual_quote_update_time_unavailable
KXHOUSEPOPVOTEMARGIN-27NOV03-B3,KXHOUSEPOPVOTEMARGIN,KXHOUSEPOPVOTEMARGIN-27NOV03,Will the Democratic margin of victory in the 2026 U.S. House of Representatives national popular vote be between 2 and 4%?,"Democrats, 2 to 4%",,active,US_2026_general_election,2026-09-08T15:07:00Z,usable,2026-09-08T15:00:00Z,0.11666666666666667,0.052000000000000005,0.05,0.054,0.003999999999999997,120636.13,bar_age_only_actual_quote_update_time_unavailable
KXHOUSEPOPVOTEMARGIN-27NOV03-B15,KXHOUSEPOPVOTEMARGIN,KXHOUSEPOPVOTEMARGIN-27NOV03,Will the Democratic margin of victory in the 2026 U.S. House of Representatives national popular vote be between 14 and 16%?,"Democrats, 14 to 16%",,active,US_2026_general_election,2026-09-08T15:07:00Z,usable,2026-09-08T10:00:00Z,5.116666666666666,0.0235,0.022,0.025,0.0030000000000000027,44522.48,bar_age_only_actual_quote_update_time_unavailable
KXHOUSEPOPVOTEMARGIN-27NOV03-B13,KXHOUSEPOPVOTEMARGIN,KXHOUSEPOPVOTEMARGIN-27NOV03,Will the Democratic margin of victory in the 2026 U.S. House of Representatives national popular vote be between 12 and 14%?,"Democrats, 12 to 14%",,active,US_2026_general_election,2026-09-08T15:07:00Z,usable,2026-09-08T14:00:00Z,1.1166666666666667,0.073,0.072,0.074,0.0020000000000000018,58682.16,bar_age_only_actual_quote_update_time_unavailable
KXHOUSEPOPVOTEMARGIN-27NOV03-B11,KXHOUSEPOPVOTEMARGIN,KXHOUSEPOPVOTEMARGIN-27NOV03,Will the Democratic margin of victory in the 2026 U.S. House of Representatives national popular vote be between 10 and 12%?,"Democrats, 10 to 12%",,active,US_2026_general_election,2026-09-08T15:07:00Z,usable,2026-09-08T15:00:00Z,0.11666666666666667,0.175,0.17,0.18,0.009999999999999981,87654.11,bar_age_only_actual_quote_update_time_unavailable
KXHOUSEPOPVOTEMARGIN-27NOV03-B1,KXHOUSEPOPVOTEMARGIN,KXHOUSEPOPVOTEMARGIN-27NOV03,Will the Democratic margin of victory in the 2026 U.S. House of Representatives national popular vote be between 0 and 2%?,"Democrats, 0 to 2%",,active,US_2026_general_election,2026-09-08T15:07:00Z,usable,2026-09-08T13:00:00Z,2.1166666666666667,0.0355,0.028,0.043,0.014999999999999996,181872.12,bar_age_only_actual_quote_update_time_unavailable
KXHOUSERACE-CA37-26-R,KXHOUSERACE,KXHOUSERACE-CA37-26,Will Republican win the House race for CA-37?,Republican party,,finalized,US_2026_general_election,,closed_before_frozen_asof,,,,,,,,
KXHOUSERACE-CA37-26-D,KXHOUSERACE,KXHOUSERACE-CA37-26,Will Democratic win the House race for CA-37?,Democratic party,,finalized,US_2026_general_election,,closed_before_frozen_asof,,,,,,,,
KXHOUSERACE-CA34-26-R,KXHOUSERACE,KXHOUSERACE-CA34-26,Will Republican win the House race for CA-34?,Republican party,,finalized,US_2026_general_election,,closed_before_frozen_asof,,,,,,,,
KXHOUSERACE-CA34-26-D,KXHOUSERACE,KXHOUSERACE-CA34-26,Will Democratic win the House race for CA-34?,Democratic party,,finalized,US_2026_general_election,,closed_before_frozen_asof,,,,,,,,
KXHOUSERACE-CA29-26-R,KXHOUSERACE,KXHOUSERACE-CA29-26,Will Republican win the House race for CA-29?,Republican party,,finalized,US_2026_general_election,,closed_before_frozen_asof,,,,,,,,
KXHOUSERACE-CA29-26-D,KXHOUSERACE,KXHOUSERACE-CA29-26,Will Democratic win the House race for CA-29?,Democratic party,,finalized,US_2026_general_election,,closed_before_frozen_asof,,,,,,,,
KXHOUSERACE-CA14-26-R,KXHOUSERACE,KXHOUSERACE-CA14-26,Will Republican win the House race for CA-14?,Republican party,,finalized,US_2026_general_election,,closed_before_frozen_asof,,,,,,,,
KXHOUSERACE-CA14-26-D,KXHOUSERACE,KXHOUSERACE-CA14-26,Will Democratic win the House race for CA-14?,Democratic party,,finalized,US_2026_general_election,,closed_before_frozen_asof,,,,,,,,
KXHOUSERACE-CA12-26-R,KXHOUSERACE,KXHOUSERACE-CA12-26,Will Republican win the House race for CA-12?,Republican party,,finalized,US_2026_general_election,,closed_before_frozen_asof,,,,,,,,
KXHOUSERACE-CA12-26-D,KXHOUSERACE,KXHOUSERACE-CA12-26,Will Democratic win the House race for CA-12?,Democratic party,,finalized,US_2026_general_election,,closed_before_frozen_asof,,,,,,,,
KXHOUSERACE-CA11-26-R,KXHOUSERACE,KXHOUSERACE-CA11-26,Will Republican win the House race for CA-11?,Republican party,,finalized,US_2026_general_election,,closed_before_frozen_asof,,,,,,,,
KXHOUSERACE-CA11-26-D,KXHOUSERACE,KXHOUSERACE-CA11-26,Will Democratic win the House race for CA-11?,Democratic party,,finalized,US_2026_general_election,,closed_before_frozen_asof,,,,,,,,
KXHOUSERACE-CA07-26-R,KXHOUSERACE,KXHOUSERACE-CA07-26,Will Republican win the House race for CA-07?,Republican party,,finalized,US_2026_general_election,,closed_before_frozen_asof,,,,,,,,
KXHOUSERACE-CA07-26-D,KXHOUSERACE,KXHOUSERACE-CA07-26,Will Democratic win the House race for CA-07?,Democratic party,,finalized,US_2026_general_election,,closed_before_frozen_asof,,,,,,,,
KXHOUSERACE-CA04-26-R,KXHOUSERACE,KXHOUSERACE-CA04-26,Will Republican win the House race for CA-04?,Republican party,,finalized,US_2026_general_election,,closed_before_frozen_asof,,,,,,,,
KXHOUSERACE-CA04-26-D,KXHOUSERACE,KXHOUSERACE-CA04-26,Will Democratic win the House race for CA-04?,Democratic party,,finalized,US_2026_general_election,,closed_before_frozen_asof,,,,,,,,
KXHOUSERACE-IL04-26-CGET,KXHOUSERACE,KXHOUSERACE-IL04-26,Will Chris Getty win the House race for IL-04?,Chris Getty,,active,US_2026_general_election,2026-09-08T15:07:00Z,usable,2026-09-08T13:00:00Z,2.1166666666666667,0.015,0.01,0.02,0.01,2134.26,bar_age_only_actual_quote_update_time_unavailable
KXHOUSERACE-WA09-26-KSAW,KXHOUSERACE,KXHOUSERACE-WA09-26,Will Kshama Sawant win the House race for WA-09?,Kshama Sawant,,finalized,US_2026_general_election,,closed_before_frozen_asof,,,,,,,,
KXHOUSERACE-NE01-26-AAHL,KXHOUSERACE,KXHOUSERACE-NE01-26,Will Austin Ahlman win the House race for NE-01?,Austin Ahlman,,active,US_2026_general_election,2026-09-08T15:07:00Z,stale_observation,2026-08-23T04:00:00Z,395.1166666666667,,,,,,
KXHOUSERACE-IL04-26-MMAC,KXHOUSERACE,KXHOUSERACE-IL04-26,Will Mayra Macías win the House race for IL-04?,Mayra Macías,,active,US_2026_general_election,2026-09-08T15:07:00Z,usable,2026-09-08T05:00:00Z,10.116666666666667,0.005,0.0,0.01,0.01,1019.0,bar_age_only_actual_quote_update_time_unavailable
KXHOUSERACE-CA06-26-KKIL,KXHOUSERACE,KXHOUSERACE-CA06-26,Will Kevin Kiley win the House race for CA-06?,Kevin Kiley,,active,US_2026_general_election,2026-09-08T15:07:00Z,stale_observation,2026-09-07T15:00:00Z,24.116666666666667,,,,,,
KXHOUSERACE-WYAL-26-R,KXHOUSERACE,KXHOUSERACE-WYAL-26,Will Republican win the House race for WY-AL?,Chuck Gray,,active,US_2026_general_election,2026-09-08T15:07:00Z,usable,2026-09-08T14:00:00Z,1.1166666666666667,0.9645,0.93,0.999,0.06899999999999995,971.26,bar_age_only_actual_quote_update_time_unavailable
KXHOUSERACE-WYAL-26-D,KXHOUSERACE,KXHOUSERACE-WYAL-26,Will Democratic win the House race for WY-AL?,Lisa Kinney,,active,US_2026_general_election,2026-09-08T15:07:00Z,usable,2026-09-08T15:00:00Z,0.11666666666666667,0.023,0.001,0.045,0.044,1788.0,bar_age_only_actual_quote_update_time_unavailable
KXHOUSERACE-WV02-26-R,KXHOUSERACE,KXHOUSERACE-WV02-26,Will Republican win the House race for WV-02?,Riley Moore,,active,US_2026_general_election,2026-09-08T15:07:00Z,usable,2026-09-08T15:00:00Z,0.11666666666666667,0.9664999999999999,0.943,0.99,0.04700000000000004,156.0,bar_age_only_actual_quote_update_time_unavailable
KXHOUSERACE-WV02-26-D,KXHOUSERACE,KXHOUSERACE-WV02-26,Will Democratic win the House race for WV-02?,Ace Parsi,,active,US_2026_general_election,2026-09-08T15:07:00Z,usable,2026-09-08T14:00:00Z,1.1166666666666667,0.043000000000000003,0.028,0.058,0.030000000000000002,452.0,bar_age_only_actual_quote_update_time_unavailable
KXHOUSERACE-WV01-26-R,KXHOUSERACE,KXHOUSERACE-WV01-26,Will Republican win the House race for WV-01?,Carol Miller,,active,US_2026_general_election,2026-09-08T15:07:00Z,usable,2026-09-08T13:00:00Z,2.1166666666666667,0.9655,0.951,0.98,0.029000000000000026,1500.69,bar_age_only_actual_quote_update_time_unavailable
KXHOUSERACE-WV01-26-D,KXHOUSERACE,KXHOUSERACE-WV01-26,Will Democratic win the House race for WV-01?,Vince George,,active,US_2026_general_election,2026-09-08T15:07:00Z,usable,2026-09-08T14:00:00Z,1.1166666666666667,0.039,0.01,0.068,0.058,520.26,bar_age_only_actual_quote_update_time_unavailable
KXHOUSERACE-WI07-26-R,KXHOUSERACE,KXHOUSERACE-WI07-26,Will Republican win the House race for WI-07?,Michael Alfonso,,active,US_2026_general_election,2026-09-08T15:07:00Z,usable,2026-09-08T14:00:00Z,1.1166666666666667,0.9444999999999999,0.939,0.95,0.01100000000000001,2627.2,bar_age_only_actual_quote_update_time_unavailable
KXHOUSERACE-WI07-26-D,KXHOUSERACE,KXHOUSERACE-WI07-26,Will Democratic win the House race for WI-07?,Fred Clark,,active,US_2026_general_election,2026-09-08T15:07:00Z,usable,2026-09-08T15:00:00Z,0.11666666666666667,0.044000000000000004,0.02,0.068,0.048,2695.16,bar_age_only_actual_quote_update_time_unavailable
KXHOUSERACE-WI08-26-R,KXHOUSERACE,KXHOUSERACE-WI08-26,Will Republican win the House race for WI-08?,Tony Wied,,active,US_2026_general_election,2026-09-08T15:07:00Z,usable,2026-09-08T14:00:00Z,1.1166666666666667,0.9015,0.89,0.913,0.02300000000000002,2489.39,bar_age_only_actual_quote_update_time_unavailable
KXHOUSERACE-WI08-26-D,KXHOUSERACE,KXHOUSERACE-WI08-26,Will Democratic win the House race for WI-08?,Rick Crosson,,active,US_2026_general_election,2026-09-08T15:07:00Z,usable,2026-09-08T15:00:00Z,0.11666666666666667,0.08549999999999999,0.071,0.1,0.029000000000000012,2466.43,bar_age_only_actual_quote_update_time_unavailable
KXHOUSERACE-WI06-26-R,KXHOUSERACE,KXHOUSERACE-WI06-26,Will Republican win the House race for WI-06?,Glenn Grothman,,active,US_2026_general_election,2026-09-08T15:07:00Z,usable,2026-09-08T14:00:00Z,1.1166666666666667,0.9255,0.921,0.93,0.009000000000000008,13452.81,bar_age_only_actual_quote_update_time_unavailable
KXHOUSERACE-WI06-26-D,KXHOUSERACE,KXHOUSERACE-WI06-26,Will Democratic win the House race for WI-06?,Brad Smith,,active,US_2026_general_election,2026-09-08T15:07:00Z,usable,2026-09-08T15:00:00Z,0.11666666666666667,0.049999999999999996,0.013,0.087,0.074,16747.52,bar_age_only_actual_quote_update_time_unavailable
KXHOUSERACE-WI05-26-R,KXHOUSERACE,KXHOUSERACE-WI05-26,Will Republican win the House race for WI-05?,Scott Fitzgerald,,active,US_2026_general_election,2026-09-08T15:07:00Z,usable,2026-09-08T15:00:00Z,0.11666666666666667,0.9624999999999999,0.948,0.977,0.029000000000000026,2395.0,bar_age_only_actual_quote_update_time_unavailable
KXHOUSERACE-WI05-26-D,KXHOUSERACE,KXHOUSERACE-WI05-26,Will Democratic win the House race for WI-05?,Andrew Beck,,active,US_2026_general_election,2026-09-08T15:07:00Z,usable,2026-09-08T15:00:00Z,0.11666666666666667,0.038,0.026,0.05,0.024000000000000004,2313.0,bar_age_only_actual_quote_update_time_unavailable
KXHOUSERACE-WI04-26-R,KXHOUSERACE,KXHOUSERACE-WI04-26,Will Republican win the House race for WI-04?,Tim Rogers,,active,US_2026_general_election,2026-09-08T15:07:00Z,usable,2026-09-08T15:00:00Z,0.11666666666666667,0.034,0.01,0.058,0.048,451.0,bar_age_only_actual_quote_update_time_unavailable
KXHOUSERACE-WI04-26-D,KXHOUSERACE,KXHOUSERACE-WI04-26,Will Democratic win the House race for WI-04?,Gwen Moore,,active,US_2026_general_election,2026-09-08T15:07:00Z,usable,2026-09-08T14:00:00Z,1.1166666666666667,0.9635,0.937,0.99,0.052999999999999936,207.0,bar_age_only_actual_quote_update_time_unavailable
KXHOUSERACE-WI02-26-R,KXHOUSERACE,KXHOUSERACE-WI02-26,Will Republican win the House race for WI-02?,Republican party,,active,US_2026_general_election,2026-09-08T15:07:00Z,usable,2026-09-08T09:00:00Z,6.116666666666666,0.012,0.001,0.023,0.022,752.0,bar_age_only_actual_quote_update_time_unavailable
KXHOUSERACE-WI02-26-D,KXHOUSERACE,KXHOUSERACE-WI02-26,Will Democratic win the House race for WI-02?,Mark Pocan,,active,US_2026_general_election,2026-09-08T15:07:00Z,usable,2026-09-08T09:00:00Z,6.116666666666666,0.9824999999999999,0.966,0.999,0.03300000000000003,102.0,bar_age_only_actual_quote_update_time_unavailable
KXHOUSERACE-WA10-26-R,KXHOUSERACE,KXHOUSERACE-WA10-26,Will Republican win the House race for WA-10?,Chris D. Chung,,active,US_2026_general_election,2026-09-08T15:07:00Z,usable,2026-09-08T14:00:00Z,1.1166666666666667,0.0315,0.002,0.061,0.059,226.0,bar_age_only_actual_quote_update_time_unavailable
KXHOUSERACE-WA10-26-D,KXHOUSERACE,KXHOUSERACE-WA10-26,Will Democratic win the House race for WA-10?,Marilyn Strickland,,active,US_2026_general_election,2026-09-08T15:07:00Z,usable,2026-09-08T15:00:00Z,0.11666666666666667,0.9644999999999999,0.939,0.99,0.051000000000000045,636.0,bar_age_only_actual_quote_update_time_unavailable
KXHOUSERACE-WA09-26-R,KXHOUSERACE,KXHOUSERACE-WA09-26,Will Republican win the House race for WA-09?,Doug Basler,,active,US_2026_general_election,2026-09-08T15:07:00Z,usable,2026-09-08T15:00:00Z,0.11666666666666667,0.0245,0.001,0.048,0.047,1195.17,bar_age_only_actual_quote_update_time_unavailable
KXHOUSERACE-WA09-26-D,KXHOUSERACE,KXHOUSERACE-WA09-26,Will Democratic win the House race for WA-09?,Adam Smith,,active,US_2026_general_election,2026-09-08T15:07:00Z,usable,2026-09-08T15:00:00Z,0.11666666666666667,0.9735,0.959,0.988,0.029000000000000026,3175.86,bar_age_only_actual_quote_update_time_unavailable
KXHOUSERACE-WA07-26-R,KXHOUSERACE,KXHOUSERACE-WA07-26,Will Republican win the House race for WA-07?,Nirav Sheth,,active,US_2026_general_election,2026-09-08T15:07:00Z,stale_observation,2026-09-07T01:00:00Z,38.11666666666667,,,,,,
KXHOUSERACE-WA07-26-D,KXHOUSERACE,KXHOUSERACE-WA07-26,Will Democratic win the House race for WA-07?,Pramila Jayapal,,active,US_2026_general_election,2026-09-08T15:07:00Z,stale_observation,2026-09-07T01:00:00Z,38.11666666666667,,,,,,
KXHOUSERACE-WA06-26-R,KXHOUSERACE,KXHOUSERACE-WA06-26,Will Republican win the House race for WA-06?,Teresa Fox,,active,US_2026_general_election,2026-09-08T15:07:00Z,usable,2026-09-08T14:00:00Z,1.1166666666666667,0.0325,0.003,0.062,0.059,175.0,bar_age_only_actual_quote_update_time_unavailable
KXHOUSERACE-WA06-26-D,KXHOUSERACE,KXHOUSERACE-WA06-26,Will Democratic win the House race for WA-06?,Emily Randall,,active,US_2026_general_election,2026-09-08T15:07:00Z,usable,2026-09-08T14:00:00Z,1.1166666666666667,0.9584999999999999,0.938,0.979,0.041000000000000036,268.0,bar_age_only_actual_quote_update_time_unavailable
KXHOUSERACE-WA05-26-R,KXHOUSERACE,KXHOUSERACE-WA05-26,Will Republican win the House race for WA-05?,Michael Baumgartner,,active,US_2026_general_election,2026-09-08T15:07:00Z,usable,2026-09-08T14:00:00Z,1.1166666666666667,0.805,0.8,0.81,0.010000000000000009,12839.19,bar_age_only_actual_quote_update_time_unavailable
KXHOUSERACE-WA05-26-D,KXHOUSERACE,KXHOUSERACE-WA05-26,Will Democratic win the House race for WA-05?,Democratic party,,active,US_2026_general_election,2026-09-08T15:07:00Z,usable,2026-09-08T15:00:00Z,0.11666666666666667,0.195,0.18,0.21,0.03,15896.27,bar_age_only_actual_quote_update_time_unavailable
KXHOUSERACE-WA04-26-R,KXHOUSERACE,KXHOUSERACE-WA04-26,Will Republican win the House race for WA-04?,Amanda McKinney,,active,US_2026_general_election,2026-09-08T15:07:00Z,usable,2026-09-08T14:00:00Z,1.1166666666666667,0.9299999999999999,0.921,0.939,0.017999999999999905,10484.0,bar_age_only_actual_quote_update_time_unavailable
KXHOUSERACE-WA04-26-D,KXHOUSERACE,KXHOUSERACE-WA04-26,Will Democratic win the House race for WA-04?,John Duresky,,active,US_2026_general_election,2026-09-08T15:07:00Z,usable,2026-09-08T15:00:00Z,0.11666666666666667,0.0475,0.031,0.064,0.033,4056.59,bar_age_only_actual_quote_update_time_unavailable
KXHOUSERACE-WA02-26-R,KXHOUSERACE,KXHOUSERACE-WA02-26,Will Republican win the House race for WA-02?,Edwin H. Feller,,active,US_2026_general_election,2026-09-08T15:07:00Z,usable,2026-09-08T15:00:00Z,0.11666666666666667,0.034999999999999996,0.01,0.06,0.049999999999999996,206.0,bar_age_only_actual_quote_update_time_unavailable
KXHOUSERACE-WA02-26-D,KXHOUSERACE,KXHOUSERACE-WA02-26,Will Democratic win the House race for WA-02?,Rick Larsen,,active,US_2026_general_election,2026-09-08T15:07:00Z,usable,2026-09-08T15:00:00Z,0.11666666666666667,0.965,0.94,0.99,0.050000000000000044,303.0,bar_age_only_actual_quote_update_time_unavailable
KXHOUSERACE-WA01-26-R,KXHOUSERACE,KXHOUSERACE-WA01-26,Will Republican win the House race for WA-01?,Mary Silva,,active,US_2026_general_election,2026-09-08T15:07:00Z,usable,2026-09-08T09:00:00Z,6.116666666666666,0.0265,0.001,0.052,0.051,950.0,bar_age_only_actual_quote_update_time_unavailable
KXHOUSERACE-WA01-26-D,KXHOUSERACE,KXHOUSERACE-WA01-26,Will Democratic win the House race for WA-01?,Suzan DelBene,,active,US_2026_general_election,2026-09-08T15:07:00Z,usable,2026-09-08T09:00:00Z,6.116666666666666,0.973,0.961,0.985,0.02400000000000002,12306.18,bar_age_only_actual_quote_update_time_unavailable
KXHOUSERACE-VTAL-26-R,KXHOUSERACE,KXHOUSERACE-VTAL-26,Will Republican win the House race for VT-AL?,Gerald Malloy,,active,US_2026_general_election,2026-09-08T15:07:00Z,usable,2026-09-08T14:00:00Z,1.1166666666666667,0.0245,0.003,0.046,0.043,4906.28,bar_age_only_actual_quote_update_time_unavailable
KXHOUSERACE-VTAL-26-D,KXHOUSERACE,KXHOUSERACE-VTAL-26,Will Democratic win the House race for VT-AL?,Becca Balint,,active,US_2026_general_election,2026-09-08T15:07:00Z,usable,2026-09-08T15:00:00Z,0.11666666666666667,0.974,0.95,0.998,0.04800000000000004,576.0,bar_age_only_actual_quote_update_time_unavailable
KXHOUSERACE-VA11-26-R,KXHOUSERACE,KXHOUSERACE-VA11-26,Will Republican win the House race for VA-11?,Arthur Purves,,active,US_2026_general_election,2026-09-08T15:07:00Z,usable,2026-09-08T15:00:00Z,0.11666666666666667,0.032,0.001,0.063,0.062,688.44,bar_age_only_actual_quote_update_time_unavailable
KXHOUSERACE-VA11-26-D,KXHOUSERACE,KXHOUSERACE-VA11-26,Will Democratic win the House race for VA-11?,James Walkinshaw,,active,US_2026_general_election,2026-09-08T15:07:00Z,usable,2026-09-08T14:00:00Z,1.1166666666666667,0.9675,0.936,0.999,0.06299999999999994,757.0,bar_age_only_actual_quote_update_time_unavailable
KXHOUSERACE-VA09-26-R,KXHOUSERACE,KXHOUSERACE-VA09-26,Will Republican win the House race for VA-09?,Morgan Griffith,,active,US_2026_general_election,2026-09-08T15:07:00Z,stale_observation,2026-09-06T22:00:00Z,41.11666666666667,,,,,,
KXHOUSERACE-VA09-26-D,KXHOUSERACE,KXHOUSERACE-VA09-26,Will Democratic win the House race for VA-09?,Joy Powers,,active,US_2026_general_election,2026-09-08T15:07:00Z,usable,2026-09-08T03:00:00Z,12.116666666666667,0.0325,0.018,0.047,0.029,1314.0,bar_age_only_actual_quote_update_time_unavailable
KXHOUSERACE-VA08-26-R,KXHOUSERACE,KXHOUSERACE-VA08-26,Will Republican win the House race for VA-08?,Tony Sabio,,active,US_2026_general_election,2026-09-08T15:07:00Z,usable,2026-09-08T14:00:00Z,1.1166666666666667,0.0325,0.001,0.064,0.063,867.0,bar_age_only_actual_quote_update_time_unavailable
KXHOUSERACE-VA08-26-D,KXHOUSERACE,KXHOUSERACE-VA08-26,Will Democratic win the House race for VA-08?,Don Beyer,,active,US_2026_general_election,2026-09-08T15:07:00Z,usable,2026-09-08T09:00:00Z,6.116666666666666,0.967,0.945,0.989,0.04400000000000004,5707.0,bar_age_only_actual_quote_update_time_unavailable
KXHOUSERACE-VA06-26-R,KXHOUSERACE,KXHOUSERACE-VA06-26,Will Republican win the House race for VA-06?,Ben Cline,,active,US_2026_general_election,2026-09-08T15:07:00Z,usable,2026-09-08T15:00:00Z,0.11666666666666667,0.9339999999999999,0.918,0.95,0.03199999999999992,5461.99,bar_age_only_actual_quote_update_time_unavailable
KXHOUSERACE-VA06-26-D,KXHOUSERACE,KXHOUSERACE-VA06-26,Will Democratic win the House race for VA-06?,Beth Macy,,active,US_2026_general_election,2026-09-08T15:07:00Z,usable,2026-09-08T14:00:00Z,1.1166666666666667,0.064,0.051,0.077,0.026000000000000002,7034.48,bar_age_only_actual_quote_update_time_unavailable
KXHOUSERACE-VA05-26-R,KXHOUSERACE,KXHOUSERACE-VA05-26,Will Republican win the House race for VA-05?,John McGuire,,active,US_2026_general_election,2026-09-08T15:07:00Z,usable,2026-09-08T14:00:00Z,1.1166666666666667,0.845,0.84,0.85,0.010000000000000009,8551.9,bar_age_only_actual_quote_update_time_unavailable
KXHOUSERACE-VA05-26-D,KXHOUSERACE,KXHOUSERACE-VA05-26,Will Democratic win the House race for VA-05?,Tom Perriello,,active,US_2026_general_election,2026-09-08T15:07:00Z,usable,2026-09-08T15:00:00Z,0.11666666666666667,0.165,0.16,0.17,0.010000000000000009,6683.17,bar_age_only_actual_quote_update_time_unavailable
KXHOUSERACE-VA04-26-R,KXHOUSERACE,KXHOUSERACE-VA04-26,Will Republican win the House race for VA-04?,Robert Murray,,active,US_2026_general_election,2026-09-08T15:07:00Z,usable,2026-09-08T10:00:00Z,5.116666666666666,0.028,0.003,0.053,0.049999999999999996,419.0,bar_age_only_actual_quote_update_time_unavailable
KXHOUSERACE-VA04-26-D,KXHOUSERACE,KXHOUSERACE-VA04-26,Will Democratic win the House race for VA-04?,Jennifer McClellan,,active,US_2026_general_election,2026-09-08T15:07:00Z,usable,2026-09-08T12:00:00Z,3.1166666666666667,0.9724999999999999,0.955,0.99,0.03500000000000003,3217.93,bar_age_only_actual_quote_update_time_unavailable
KXHOUSERACE-VA03-26-R,KXHOUSERACE,KXHOUSERACE-VA03-26,Will Republican win the House race for VA-03?,Edwin Rivera,,active,US_2026_general_election,2026-09-08T15:07:00Z,usable,2026-09-08T09:00:00Z,6.116666666666666,0.023,0.003,0.043,0.039999999999999994,340.0,bar_age_only_actual_quote_update_time_unavailable
KXHOUSERACE-VA03-26-D,KXHOUSERACE,KXHOUSERACE-VA03-26,Will Democratic win the House race for VA-03?,Bobby Scott,,active,US_2026_general_election,2026-09-08T15:07:00Z,stale_observation,2026-09-07T07:00:00Z,32.11666666666667,,,,,,
KXHOUSERACE-UT04-26-R,KXHOUSERACE,KXHOUSERACE-UT04-26,Will Republican win the House race for UT-04?,Mike Kennedy,,active,US_2026_general_election,2026-09-08T15:07:00Z,usable,2026-09-08T15:00:00Z,0.11666666666666667,0.9615,0.947,0.976,0.029000000000000026,1529.41,bar_age_only_actual_quote_update_time_unavailable
KXHOUSERACE-UT04-26-D,KXHOUSERACE,KXHOUSERACE-UT04-26,Will Democratic win the House race for UT-04?,Jonny Larsen,,active,US_2026_general_election,2026-09-08T15:07:00Z,usable,2026-09-08T14:00:00Z,1.1166666666666667,0.0275,0.01,0.045,0.034999999999999996,582.0,bar_age_only_actual_quote_update_time_unavailable
KXHOUSERACE-TX38-26-R,KXHOUSERACE,KXHOUSERACE-TX38-26,Will Republican win the House race for TX-38?,Jon Bonck,,active,US_2026_general_election,2026-09-08T15:07:00Z,usable,2026-09-08T15:00:00Z,0.11666666666666667,0.929,0.918,0.94,0.02199999999999991,1127.62,bar_age_only_actual_quote_update_time_unavailable
KXHOUSERACE-TX38-26-D,KXHOUSERACE,KXHOUSERACE-TX38-26,Will Democratic win the House race for TX-38?,Melissa McDonough,,active,US_2026_general_election,2026-09-08T15:07:00Z,usable,2026-09-08T13:00:00Z,2.1166666666666667,0.061,0.026,0.096,0.07,2018.0,bar_age_only_actual_quote_update_time_unavailable
KXHOUSERACE-TX37-26-R,KXHOUSERACE,KXHOUSERACE-TX37-26,Will Republican win the House race for TX-37?,Lauren B. Peña,,active,US_2026_general_election,2026-09-08T15:07:00Z,usable,2026-09-07T21:00:00Z,18.116666666666667,0.017,0.004,0.03,0.026,451.0,bar_age_only_actual_quote_update_time_unavailable
KXHOUSERACE-TX37-26-D,KXHOUSERACE,KXHOUSERACE-TX37-26,Will Democratic win the House race for TX-37?,Greg Casar,,active,US_2026_general_election,2026-09-08T15:07:00Z,usable,2026-09-08T15:00:00Z,0.11666666666666667,0.9610000000000001,0.936,0.986,0.04999999999999993,52.0,bar_age_only_actual_quote_update_time_unavailable
KXHOUSERACE-TX36-26-R,KXHOUSERACE,KXHOUSERACE-TX36-26,Will Republican win the House race for TX-36?,Brian Babin,,active,US_2026_general_election,2026-09-08T15:07:00Z,usable,2026-09-08T15:00:00Z,0.11666666666666667,0.935,0.92,0.95,0.029999999999999916,604.45,bar_age_only_actual_quote_update_time_unavailable
KXHOUSERACE-TX36-26-D,KXHOUSERACE,KXHOUSERACE-TX36-26,Will Democratic win the House race for TX-36?,Rhonda Hart,,active,US_2026_general_election,2026-09-08T15:07:00Z,usable,2026-09-08T15:00:00Z,0.11666666666666667,0.058499999999999996,0.037,0.08,0.043000000000000003,1670.58,bar_age_only_actual_quote_update_time_unavailable
KXHOUSERACE-TX33-26-R,KXHOUSERACE,KXHOUSERACE-TX33-26,Will Republican win the House race for TX-33?,Patrick David Gillespie,,active,US_2026_general_election,2026-09-08T15:07:00Z,usable,2026-09-08T15:00:00Z,0.11666666666666667,0.0305,0.001,0.06,0.059,12.0,bar_age_only_actual_quote_update_time_unavailable
KXHOUSERACE-TX33-26-D,KXHOUSERACE,KXHOUSERACE-TX33-26,Will Democratic win the House race for TX-33?,Colin Allred,,active,US_2026_general_election,2026-09-08T15:07:00Z,stale_observation,2026-09-06T02:00:00Z,61.11666666666667,,,,,,
KXHOUSERACE-TX31-26-R,KXHOUSERACE,KXHOUSERACE-TX31-26,Will Republican win the House race for TX-31?,John Carter,,active,US_2026_general_election,2026-09-08T15:07:00Z,usable,2026-09-08T14:00:00Z,1.1166666666666667,0.9285,0.911,0.946,0.03499999999999992,745.0,bar_age_only_actual_quote_update_time_unavailable
KXHOUSERACE-TX31-26-D,KXHOUSERACE,KXHOUSERACE-TX31-26,Will Democratic win the House race for TX-31?,Justin Early,,active,US_2026_general_election,2026-09-08T15:07:00Z,usable,2026-09-08T15:00:00Z,0.11666666666666667,0.0505,0.025,0.076,0.051,1558.0,bar_age_only_actual_quote_update_time_unavailable
KXHOUSERACE-TX30-26-R,KXHOUSERACE,KXHOUSERACE-TX30-26,Will Republican win the House race for TX-30?,Everett Jackson,,active,US_2026_general_election,2026-09-08T15:07:00Z,usable,2026-09-08T15:00:00Z,0.11666666666666667,0.026,0.001,0.051,0.049999999999999996,1961.0,bar_age_only_actual_quote_update_time_unavailable
KXHOUSERACE-TX30-26-D,KXHOUSERACE,KXHOUSERACE-TX30-26,Will Democratic win the House race for TX-30?,Frederick Haynes III,,active,US_2026_general_election,2026-09-08T15:07:00Z,usable,2026-09-08T14:00:00Z,1.1166666666666667,0.9715,0.944,0.999,0.05500000000000005,766.72,bar_age_only_actual_quote_update_time_unavailable
KXHOUSERACE-TX29-26-R,KXHOUSERACE,KXHOUSERACE-TX29-26,Will Republican win the House race for TX-29?,Martha Fierro,,active,US_2026_general_election,2026-09-08T15:07:00Z,usable,2026-09-08T15:00:00Z,0.11666666666666667,0.0485,0.012,0.085,0.07300000000000001,777.0,bar_age_only_actual_quote_update_time_unavailable
KXHOUSERACE-TX29-26-D,KXHOUSERACE,KXHOUSERACE-TX29-26,Will Democratic win the House race for TX-29?,Sylvia Garcia,,active,US_2026_general_election,2026-09-08T15:07:00Z,usable,2026-09-08T15:00:00Z,0.11666666666666667,0.952,0.938,0.966,0.028000000000000025,220.0,bar_age_only_actual_quote_update_time_unavailable
KXHOUSERACE-TX27-26-R,KXHOUSERACE,KXHOUSERACE-TX27-26,Will Republican win the House race for TX-27?,Michael Cloud,,active,US_2026_general_election,2026-09-08T15:07:00Z,usable,2026-09-08T14:00:00Z,1.1166666666666667,0.9065000000000001,0.9,0.913,0.013000000000000012,1810.0,bar_age_only_actual_quote_update_time_unavailable
KXHOUSERACE-TX27-26-D,KXHOUSERACE,KXHOUSERACE-TX27-26,Will Democratic win the House race for TX-27?,Tanya Lloyd,,active,US_2026_general_election,2026-09-08T15:07:00Z,usable,2026-09-08T15:00:00Z,0.11666666666666667,0.0785,0.064,0.093,0.028999999999999998,1132.24,bar_age_only_actual_quote_update_time_unavailable
KXHOUSERACE-TX26-26-R,KXHOUSERACE,KXHOUSERACE-TX26-26,Will Republican win the House race for TX-26?,Brandon Gill,,active,US_2026_general_election,2026-09-08T15:07:00Z,usable,2026-09-08T14:00:00Z,1.1166666666666667,0.9205,0.901,0.94,0.038999999999999924,789.88,bar_age_only_actual_quote_update_time_unavailable
KXHOUSERACE-TX26-26-D,KXHOUSERACE,KXHOUSERACE-TX26-26,Will Democratic win the House race for TX-26?,Steven Shook,,active,US_2026_general_election,2026-09-08T15:07:00Z,usable,2026-09-08T14:00:00Z,1.1166666666666667,0.079,0.059,0.099,0.04000000000000001,864.27,bar_age_only_actual_quote_update_time_unavailable
KXHOUSERACE-TX24-26-R,KXHOUSERACE,KXHOUSERACE-TX24-26,Will Republican win the House race for TX-24?,Beth Van Duyne,,active,US_2026_general_election,2026-09-08T15:07:00Z,usable,2026-09-08T15:00:00Z,0.11666666666666667,0.9,0.89,0.91,0.020000000000000018,1891.15,bar_age_only_actual_quote_update_time_unavailable
KXHOUSERACE-TX24-26-D,KXHOUSERACE,KXHOUSERACE-TX24-26,Will Democratic win the House race for TX-24?,Kevin Burge,,active,US_2026_general_election,2026-09-08T15:07:00Z,usable,2026-09-08T14:00:00Z,1.1166666666666667,0.0955,0.081,0.11,0.028999999999999998,4696.0,bar_age_only_actual_quote_update_time_unavailable
KXHOUSERACE-TX25-26-R,KXHOUSERACE,KXHOUSERACE-TX25-26,Will Republican win the House race for TX-25?,Roger Williams,,active,US_2026_general_election,2026-09-08T15:07:00Z,usable,2026-09-08T14:00:00Z,1.1166666666666667,0.935,0.921,0.949,0.027999999999999914,975.0,bar_age_only_actual_quote_update_time_unavailable
KXHOUSERACE-TX25-26-D,KXHOUSERACE,KXHOUSERACE-TX25-26,Will Democratic win the House race for TX-25?,Dione Sims,,active,US_2026_general_election,2026-09-08T15:07:00Z,usable,2026-09-08T15:00:00Z,0.11666666666666667,0.06,0.038,0.082,0.044000000000000004,1403.0,bar_age_only_actual_quote_update_time_unavailable
KXHOUSERACE-TX23-26-R,KXHOUSERACE,KXHOUSERACE-TX23-26,Will Republican win the House race for TX-23?,Brandon Herrera,,active,US_2026_general_election,2026-09-08T15:07:00Z,usable,2026-09-08T15:00:00Z,0.11666666666666667,0.72,0.71,0.73,0.020000000000000018,22176.57,bar_age_only_actual_quote_update_time_unavailable
KXHOUSERACE-TX23-26-D,KXHOUSERACE,KXHOUSERACE-TX23-26,Will Democratic win the House race for TX-23?,Katy Padilla Stout,,active,US_2026_general_election,2026-09-08T15:07:00Z,usable,2026-09-08T14:00:00Z,1.1166666666666667,0.28,0.27,0.29,0.019999999999999962,6937.2,bar_age_only_actual_quote_update_time_unavailable
KXHOUSERACE-TX22-26-R,KXHOUSERACE,KXHOUSERACE-TX22-26,Will Republican win the House race for TX-22?,Trever Nehls,,active,US_2026_general_election,2026-09-08T15:07:00Z,usable,2026-09-08T14:00:00Z,1.1166666666666667,0.9175,0.902,0.933,0.031000000000000028,2564.0,bar_age_only_actual_quote_update_time_unavailable
KXHOUSERACE-TX22-26-D,KXHOUSERACE,KXHOUSERACE-TX22-26,Will Democratic win the House race for TX-22?,Marquette Greene-Scott,,active,US_2026_general_election,2026-09-08T15:07:00Z,usable,2026-09-08T14:00:00Z,1.1166666666666667,0.0785,0.057,0.1,0.043000000000000003,215.36,bar_age_only_actual_quote_update_time_unavailable
KXHOUSERACE-TX21-26-R,KXHOUSERACE,KXHOUSERACE-TX21-26,Will Republican win the House race for TX-21?,Mark Teixeira,,active,US_2026_general_election,2026-09-08T15:07:00Z,usable,2026-09-08T14:00:00Z,1.1166666666666667,0.926,0.922,0.93,0.008000000000000007,2633.69,bar_age_only_actual_quote_update_time_unavailable
KXHOUSERACE-TX21-26-D,KXHOUSERACE,KXHOUSERACE-TX21-26,Will Democratic win the House race for TX-21?,Kristin Hook,,active,US_2026_general_election,2026-09-08T15:07:00Z,usable,2026-09-08T15:00:00Z,0.11666666666666667,0.0405,0.011,0.07,0.05900000000000001,3584.0,bar_age_only_actual_quote_update_time_unavailable
KXHOUSERACE-TX20-26-R,KXHOUSERACE,KXHOUSERACE-TX20-26,Will Republican win the House race for TX-20?,Edgardo Baez,,active,US_2026_general_election,2026-09-08T15:07:00Z,usable,2026-09-08T15:00:00Z,0.11666666666666667,0.043500000000000004,0.017,0.07,0.053000000000000005,124.0,bar_age_only_actual_quote_update_time_unavailable
KXHOUSERACE-TX20-26-D,KXHOUSERACE,KXHOUSERACE-TX20-26,Will Democratic win the House race for TX-20?,Joaquin Castro,,active,US_2026_general_election,2026-09-08T15:07:00Z,usable,2026-09-08T15:00:00Z,0.11666666666666667,0.9485,0.918,0.979,0.06099999999999994,25.0,bar_age_only_actual_quote_update_time_unavailable
KXHOUSERACE-TX19-26-R,KXHOUSERACE,KXHOUSERACE-TX19-26,Will Republican win the House race for TX-19?,Tom Sell,,active,US_2026_general_election,2026-09-08T15:07:00Z,stale_observation,2026-09-04T20:00:00Z,91.11666666666666,,,,,,
KXHOUSERACE-TX19-26-D,KXHOUSERACE,KXHOUSERACE-TX19-26,Will Democratic win the House race for TX-19?,Kyle Rable,,active,US_2026_general_election,2026-09-08T15:07:00Z,usable,2026-09-08T14:00:00Z,1.1166666666666667,0.021,0.002,0.04,0.038,793.14,bar_age_only_actual_quote_update_time_unavailable
KXHOUSERACE-TX18-26-R,KXHOUSERACE,KXHOUSERACE-TX18-26,Will Republican win the House race for TX-18?,Ronald Whitfield,,active,US_2026_general_election,2026-09-08T15:07:00Z,stale_observation,2026-09-07T08:00:00Z,31.116666666666667,,,,,,
KXHOUSERACE-TX18-26-D,KXHOUSERACE,KXHOUSERACE-TX18-26,Will Democratic win the House race for TX-18?,Christian Menefee,,active,US_2026_general_election,2026-09-08T15:07:00Z,stale_observation,2026-09-07T07:00:00Z,32.11666666666667,,,,,,
KXHOUSERACE-TX17-26-R,KXHOUSERACE,KXHOUSERACE-TX17-26,Will Republican win the House race for TX-17?,Pete Sessions,,active,US_2026_general_election,2026-09-08T15:07:00Z,usable,2026-09-08T14:00:00Z,1.1166666666666667,0.9415,0.924,0.959,0.03499999999999992,1341.0,bar_age_only_actual_quote_update_time_unavailable
KXHOUSERACE-TX17-26-D,KXHOUSERACE,KXHOUSERACE-TX17-26,Will Democratic win the House race for TX-17?,Casey Shepard,,active,US_2026_general_election,2026-09-08T15:07:00Z,usable,2026-09-08T14:00:00Z,1.1166666666666667,0.062,0.051,0.073,0.022,10117.0,bar_age_only_actual_quote_update_time_unavailable
KXHOUSERACE-TX16-26-R,KXHOUSERACE,KXHOUSERACE-TX16-26,Will Republican win the House race for TX-16?,Adam Bauman,,active,US_2026_general_election,2026-09-08T15:07:00Z,usable,2026-09-08T15:00:00Z,0.11666666666666667,0.037,0.01,0.064,0.054,443.0,bar_age_only_actual_quote_update_time_unavailable
KXHOUSERACE-TX16-26-D,KXHOUSERACE,KXHOUSERACE-TX16-26,Will Democratic win the House race for TX-16?,Veronica Escobar,,active,US_2026_general_election,2026-09-08T15:07:00Z,usable,2026-09-08T15:00:00Z,0.11666666666666667,0.958,0.926,0.99,0.06399999999999995,7.0,bar_age_only_actual_quote_update_time_unavailable
KXHOUSERACE-TX14-26-R,KXHOUSERACE,KXHOUSERACE-TX14-26,Will Republican win the House race for TX-14?,Randy Weber,,active,US_2026_general_election,2026-09-08T15:07:00Z,usable,2026-09-08T14:00:00Z,1.1166666666666667,0.9455,0.931,0.96,0.028999999999999915,886.0,bar_age_only_actual_quote_update_time_unavailable
KXHOUSERACE-TX14-26-D,KXHOUSERACE,KXHOUSERACE-TX14-26,Will Democratic win the House race for TX-14?,Thurman Bartie,,active,US_2026_general_election,2026-09-08T15:07:00Z,usable,2026-09-08T15:00:00Z,0.11666666666666667,0.0395,0.01,0.069,0.059000000000000004,800.0,bar_age_only_actual_quote_update_time_unavailable
KXHOUSERACE-TX13-26-R,KXHOUSERACE,KXHOUSERACE-TX13-26,Will Republican win the House race for TX-13?,Ronny Jackson,,active,US_2026_general_election,2026-09-08T15:07:00Z,stale_observation,2026-09-06T23:00:00Z,40.11666666666667,,,,,,
KXHOUSERACE-TX13-26-D,KXHOUSERACE,KXHOUSERACE-TX13-26,Will Democratic win the House race for TX-13?,Mark Nair,,active,US_2026_general_election,2026-09-08T15:07:00Z,usable,2026-09-08T14:00:00Z,1.1166666666666667,0.0305,0.011,0.05,0.03900000000000001,593.0,bar_age_only_actual_quote_update_time_unavailable
KXHOUSERACE-TX12-26-R,KXHOUSERACE,KXHOUSERACE-TX12-26,Will Republican win the House race for TX-12?,Craig Goldman,,active,US_2026_general_election,2026-09-08T15:07:00Z,usable,2026-09-08T14:00:00Z,1.1166666666666667,0.929,0.9,0.958,0.05799999999999994,907.0,bar_age_only_actual_quote_update_time_unavailable
KXHOUSERACE-TX12-26-D,KXHOUSERACE,KXHOUSERACE-TX12-26,Will Democratic win the House race for TX-12?,Angela Rodriguez Prilliman,,active,US_2026_general_election,2026-09-08T15:07:00Z,usable,2026-09-08T14:00:00Z,1.1166666666666667,0.0665,0.041,0.092,0.051,1293.35,bar_age_only_actual_quote_update_time_unavailable
KXHOUSERACE-TX11-26-R,KXHOUSERACE,KXHOUSERACE-TX11-26,Will Republican win the House race for TX-11?,August Pfluger,,active,US_2026_general_election,2026-09-08T15:07:00Z,usable,2026-09-08T14:00:00Z,1.1166666666666667,0.937,0.905,0.969,0.06399999999999995,309.0,bar_age_only_actual_quote_update_time_unavailable
KXHOUSERACE-TX11-26-D,KXHOUSERACE,KXHOUSERACE-TX11-26,Will Democratic win the House race for TX-11?,Claire Reynolds,,active,US_2026_general_election,2026-09-08T15:07:00Z,usable,2026-09-08T14:00:00Z,1.1166666666666667,0.061,0.027,0.095,0.068,434.0,bar_age_only_actual_quote_update_time_unavailable
KXHOUSERACE-TX10-26-R,KXHOUSERACE,KXHOUSERACE-TX10-26,Will Republican win the House race for TX-10?,Chris Gober,,active,US_2026_general_election,2026-09-08T15:07:00Z,usable,2026-09-08T15:00:00Z,0.11666666666666667,0.9065000000000001,0.9,0.913,0.013000000000000012,849.78,bar_age_only_actual_quote_update_time_unavailable
KXHOUSERACE-TX10-26-D,KXHOUSERACE,KXHOUSERACE-TX10-26,Will Democratic win the House race for TX-10?,Caitlin Rourk,,active,US_2026_general_election,2026-09-08T15:07:00Z,usable,2026-09-08T15:00:00Z,0.11666666666666667,0.0785,0.078,0.079,0.0010000000000000009,956.0,bar_age_only_actual_quote_update_time_unavailable
KXHOUSERACE-TX08-26-R,KXHOUSERACE,KXHOUSERACE-TX08-26,Will Republican win the House race for TX-08?,Jessica Steinmann,,active,US_2026_general_election,2026-09-08T15:07:00Z,usable,2026-09-08T14:00:00Z,1.1166666666666667,0.964,0.949,0.979,0.030000000000000027,5218.0,bar_age_only_actual_quote_update_time_unavailable
KXHOUSERACE-TX08-26-D,KXHOUSERACE,KXHOUSERACE-TX08-26,Will Democratic win the House race for TX-08?,Laura Jones,,active,US_2026_general_election,2026-09-08T15:07:00Z,usable,2026-09-08T14:00:00Z,1.1166666666666667,0.028999999999999998,0.018,0.04,0.022000000000000002,2862.0,bar_age_only_actual_quote_update_time_unavailable
KXHOUSERACE-TX07-26-R,KXHOUSERACE,KXHOUSERACE-TX07-26,Will Republican win the House race for TX-07?,Alexander Hale,,active,US_2026_general_election,2026-09-08T15:07:00Z,usable,2026-09-08T15:00:00Z,0.11666666666666667,0.0375,0.018,0.057,0.03900000000000001,9780.04,bar_age_only_actual_quote_update_time_unavailable
KXHOUSERACE-TX07-26-D,KXHOUSERACE,KXHOUSERACE-TX07-26,Will Democratic win the House race for TX-07?,Lizzie Fletcher,,active,US_2026_general_election,2026-09-08T15:07:00Z,usable,2026-09-08T14:00:00Z,1.1166666666666667,0.9445,0.933,0.956,0.02299999999999991,15959.0,bar_age_only_actual_quote_update_time_unavailable
KXHOUSERACE-TX06-26-R,KXHOUSERACE,KXHOUSERACE-TX06-26,Will Republican win the House race for TX-06?,Jake Ellzey,,active,US_2026_general_election,2026-09-08T15:07:00Z,usable,2026-09-08T14:00:00Z,1.1166666666666667,0.9445,0.934,0.955,0.020999999999999908,233.0,bar_age_only_actual_quote_update_time_unavailable
KXHOUSERACE-TX06-26-D,KXHOUSERACE,KXHOUSERACE-TX06-26,Will Democratic win the House race for TX-06?,Danny Minton,,active,US_2026_general_election,2026-09-08T15:07:00Z,usable,2026-09-08T15:00:00Z,0.11666666666666667,0.048,0.007,0.089,0.08199999999999999,1002.03,bar_age_only_actual_quote_update_time_unavailable
KXHOUSERACE-TX05-26-R,KXHOUSERACE,KXHOUSERACE-TX05-26,Will Republican win the House race for TX-05?,Lance Gooden,,active,US_2026_general_election,2026-09-08T15:07:00Z,usable,2026-09-08T15:00:00Z,0.11666666666666667,0.9405,0.906,0.975,0.06899999999999995,1051.0,bar_age_only_actual_quote_update_time_unavailable
KXHOUSERACE-TX05-26-D,KXHOUSERACE,KXHOUSERACE-TX05-26,Will Democratic win the House race for TX-05?,Chelsey Hockett,,active,US_2026_general_election,2026-09-08T15:07:00Z,usable,2026-09-08T15:00:00Z,0.11666666666666667,0.06,0.033,0.087,0.05399999999999999,1355.0,bar_age_only_actual_quote_update_time_unavailable
KXHOUSERACE-TX04-26-R,KXHOUSERACE,KXHOUSERACE-TX04-26,Will Republican win the House race for TX-04?,Pat Fallon,,active,US_2026_general_election,2026-09-08T15:07:00Z,usable,2026-09-08T14:00:00Z,1.1166666666666667,0.9319999999999999,0.906,0.958,0.051999999999999935,50.0,bar_age_only_actual_quote_update_time_unavailable
KXHOUSERACE-TX04-26-D,KXHOUSERACE,KXHOUSERACE-TX04-26,Will Democratic win the House race for TX-04?,Jason Pearce,,active,US_2026_general_election,2026-09-08T15:07:00Z,usable,2026-09-08T14:00:00Z,1.1166666666666667,0.0725,0.058,0.087,0.02899999999999999,1600.0,bar_age_only_actual_quote_update_time_unavailable
KXHOUSERACE-TX03-26-R,KXHOUSERACE,KXHOUSERACE-TX03-26,Will Republican win the House race for TX-03?,Keith Self,,active,US_2026_general_election,2026-09-08T15:07:00Z,usable,2026-09-08T15:00:00Z,0.11666666666666667,0.9145,0.89,0.939,0.04899999999999993,4459.83,bar_age_only_actual_quote_update_time_unavailable
KXHOUSERACE-TX03-26-D,KXHOUSERACE,KXHOUSERACE-TX03-26,Will Democratic win the House race for TX-03?,Evan Hunt,,active,US_2026_general_election,2026-09-08T15:07:00Z,usable,2026-09-08T15:00:00Z,0.11666666666666667,0.06999999999999999,0.051,0.089,0.038,1775.36,bar_age_only_actual_quote_update_time_unavailable
KXHOUSERACE-TX02-26-R,KXHOUSERACE,KXHOUSERACE-TX02-26,Will Republican win the House race for TX-02?,Steve Toth,,active,US_2026_general_election,2026-09-08T15:07:00Z,usable,2026-09-08T14:00:00Z,1.1166666666666667,0.9265,0.902,0.951,0.04899999999999993,201.39,bar_age_only_actual_quote_update_time_unavailable
KXHOUSERACE-TX02-26-D,KXHOUSERACE,KXHOUSERACE-TX02-26,Will Democratic win the House race for TX-02?,Shaun Finnie,,active,US_2026_general_election,2026-09-08T15:07:00Z,usable,2026-09-08T14:00:00Z,1.1166666666666667,0.0795,0.06,0.099,0.03900000000000001,534.39,bar_age_only_actual_quote_update_time_unavailable
KXHOUSERACE-TX01-26-R,KXHOUSERACE,KXHOUSERACE-TX01-26,Will Republican win the House race for TX-01?,Nathaniel Moran,,active,US_2026_general_election,2026-09-08T15:07:00Z,usable,2026-09-08T14:00:00Z,1.1166666666666667,0.976,0.962,0.99,0.028000000000000025,2446.0,bar_age_only_actual_quote_update_time_unavailable
KXHOUSERACE-TX01-26-D,KXHOUSERACE,KXHOUSERACE-TX01-26,Will Democratic win the House race for TX-01?,Yolanda R. Prince ,,active,US_2026_general_election,2026-09-08T15:07:00Z,usable,2026-09-08T14:00:00Z,1.1166666666666667,0.018500000000000003,0.003,0.034,0.031000000000000003,1949.0,bar_age_only_actual_quote_update_time_unavailable
KXHOUSERACE-TN09-26-R,KXHOUSERACE,KXHOUSERACE-TN09-26,Will Republican win the House race for TN-09?,Brent Taylor,,active,US_2026_general_election,2026-09-08T15:07:00Z,usable,2026-09-08T15:00:00Z,0.11666666666666667,0.899,0.88,0.918,0.038000000000000034,3059.5,bar_age_only_actual_quote_update_time_unavailable
KXHOUSERACE-TN09-26-D,KXHOUSERACE,KXHOUSERACE-TN09-26,Will Democratic win the House race for TN-09?,Justin J. Pearson,,active,US_2026_general_election,2026-09-08T15:07:00Z,usable,2026-09-08T15:00:00Z,0.11666666666666667,0.1105,0.091,0.13,0.03900000000000001,3305.53,bar_age_only_actual_quote_update_time_unavailable
KXHOUSERACE-TN08-26-R,KXHOUSERACE,KXHOUSERACE-TN08-26,Will Republican win the House race for TN-08?,David Kustoff,,active,US_2026_general_election,2026-09-08T15:07:00Z,usable,2026-09-08T14:00:00Z,1.1166666666666667,0.9315,0.9,0.963,0.06299999999999994,947.0,bar_age_only_actual_quote_update_time_unavailable
KXHOUSERACE-TN08-26-D,KXHOUSERACE,KXHOUSERACE-TN08-26,Will Democratic win the House race for TN-08?,Heidi Kuhn,,active,US_2026_general_election,2026-09-08T15:07:00Z,usable,2026-09-08T14:00:00Z,1.1166666666666667,0.063,0.037,0.089,0.052,774.4,bar_age_only_actual_quote_update_time_unavailable
KXHOUSERACE-TN07-26-R,KXHOUSERACE,KXHOUSERACE-TN07-26,Will Republican win the House race for TN-07?,Matt Van Epps,,active,US_2026_general_election,2026-09-08T15:07:00Z,usable,2026-09-08T15:00:00Z,0.11666666666666667,0.9135,0.9,0.927,0.027000000000000024,730.79,bar_age_only_actual_quote_update_time_unavailable
KXHOUSERACE-TN07-26-D,KXHOUSERACE,KXHOUSERACE-TN07-26,Will Democratic win the House race for TN-07?,Darden Copeland,,active,US_2026_general_election,2026-09-08T15:07:00Z,usable,2026-09-08T15:00:00Z,0.11666666666666667,0.087,0.074,0.1,0.02600000000000001,678.63,bar_age_only_actual_quote_update_time_unavailable
KXHOUSERACE-TN06-26-R,KXHOUSERACE,KXHOUSERACE-TN06-26,Will Republican win the House race for TN-06?,Johnny Garrett,,active,US_2026_general_election,2026-09-08T15:07:00Z,usable,2026-09-08T14:00:00Z,1.1166666666666667,0.9535,0.928,0.979,0.050999999999999934,372.0,bar_age_only_actual_quote_update_time_unavailable
KXHOUSERACE-TN06-26-D,KXHOUSERACE,KXHOUSERACE-TN06-26,Will Democratic win the House race for TN-06?,Mike Croley,,active,US_2026_general_election,2026-09-08T15:07:00Z,usable,2026-09-08T15:00:00Z,0.11666666666666667,0.046,0.031,0.061,0.03,1301.9,bar_age_only_actual_quote_update_time_unavailable
KXHOUSERACE-TN05-26-R,KXHOUSERACE,KXHOUSERACE-TN05-26,Will Republican win the House race for TN-05?,Charlie Hatcher,,active,US_2026_general_election,2026-09-08T15:07:00Z,usable,2026-09-08T15:00:00Z,0.11666666666666667,0.8945000000000001,0.87,0.919,0.049000000000000044,6029.38,bar_age_only_actual_quote_update_time_unavailable
KXHOUSERACE-TN05-26-D,KXHOUSERACE,KXHOUSERACE-TN05-26,Will Democratic win the House race for TN-05?,Chaz Molder,,active,US_2026_general_election,2026-09-08T15:07:00Z,usable,2026-09-08T15:00:00Z,0.11666666666666667,0.101,0.072,0.13,0.05800000000000001,10566.83,bar_age_only_actual_quote_update_time_unavailable
KXHOUSERACE-TN04-26-R,KXHOUSERACE,KXHOUSERACE-TN04-26,Will Republican win the House race for TN-04?,Scott DesJarlais,,active,US_2026_general_election,2026-09-08T15:07:00Z,usable,2026-09-08T15:00:00Z,0.11666666666666667,0.9455,0.914,0.977,0.06299999999999994,1214.33,bar_age_only_actual_quote_update_time_unavailable
KXHOUSERACE-TN04-26-D,KXHOUSERACE,KXHOUSERACE-TN04-26,Will Democratic win the House race for TN-04?,Victoria Broderick,,active,US_2026_general_election,2026-09-08T15:07:00Z,usable,2026-09-08T15:00:00Z,0.11666666666666667,0.0575,0.031,0.084,0.053000000000000005,501.0,bar_age_only_actual_quote_update_time_unavailable
KXHOUSERACE-TN03-26-R,KXHOUSERACE,KXHOUSERACE-TN03-26,Will Republican win the House race for TN-03?,Chuck Fleischmann,,active,US_2026_general_election,2026-09-08T15:07:00Z,usable,2026-09-08T14:00:00Z,1.1166666666666667,0.962,0.948,0.976,0.028000000000000025,6423.83,bar_age_only_actual_quote_update_time_unavailable
KXHOUSERACE-TN03-26-D,KXHOUSERACE,KXHOUSERACE-TN03-26,Will Democratic win the House race for TN-03?,Anna Golladay,,active,US_2026_general_election,2026-09-08T15:07:00Z,usable,2026-09-08T14:00:00Z,1.1166666666666667,0.036500000000000005,0.023,0.05,0.027000000000000003,628.0,bar_age_only_actual_quote_update_time_unavailable
KXHOUSERACE-TN02-26-R,KXHOUSERACE,KXHOUSERACE-TN02-26,Will Republican win the House race for TN-02?,Tim Burchett,,active,US_2026_general_election,2026-09-08T15:07:00Z,usable,2026-09-08T14:00:00Z,1.1166666666666667,0.9485,0.917,0.98,0.06299999999999994,15.19,bar_age_only_actual_quote_update_time_unavailable
KXHOUSERACE-TN02-26-D,KXHOUSERACE,KXHOUSERACE-TN02-26,Will Democratic win the House race for TN-02?,Michaela Barnett,,active,US_2026_general_election,2026-09-08T15:07:00Z,usable,2026-09-08T15:00:00Z,0.11666666666666667,0.052,0.01,0.094,0.084,221.0,bar_age_only_actual_quote_update_time_unavailable
KXHOUSERACE-TN01-26-R,KXHOUSERACE,KXHOUSERACE-TN01-26,Will Republican win the House race for TN-01?,Diana Harshbarger,,active,US_2026_general_election,2026-09-08T15:07:00Z,stale_observation,2026-09-07T08:00:00Z,31.116666666666667,,,,,,
KXHOUSERACE-TN01-26-D,KXHOUSERACE,KXHOUSERACE-TN01-26,Will Democratic win the House race for TN-01?,Kristi Burke,,active,US_2026_general_election,2026-09-08T15:07:00Z,stale_observation,2026-09-07T07:00:00Z,32.11666666666667,,,,,,
KXHOUSERACE-SDAL-26-R,KXHOUSERACE,KXHOUSERACE-SDAL-26,Will Republican win the House race for SD-AL?,Marty Jackley,,active,US_2026_general_election,2026-09-08T15:07:00Z,usable,2026-09-08T15:00:00Z,0.11666666666666667,0.9545,0.933,0.976,0.04299999999999993,985.03,bar_age_only_actual_quote_update_time_unavailable
KXHOUSERACE-SDAL-26-D,KXHOUSERACE,KXHOUSERACE-SDAL-26,Will Democratic win the House race for SD-AL?,Nicole Gronli,,active,US_2026_general_election,2026-09-08T15:07:00Z,usable,2026-09-08T15:00:00Z,0.11666666666666667,0.024999999999999998,0.005,0.045,0.04,1511.0,bar_age_only_actual_quote_update_time_unavailable
KXHOUSERACE-SC07-26-R,KXHOUSERACE,KXHOUSERACE-SC07-26,Will Republican win the House race for SC-07?,Russell Fry,,active,US_2026_general_election,2026-09-08T15:07:00Z,usable,2026-09-08T14:00:00Z,1.1166666666666667,0.9359999999999999,0.917,0.955,0.03799999999999992,1946.53,bar_age_only_actual_quote_update_time_unavailable
KXHOUSERACE-SC07-26-D,KXHOUSERACE,KXHOUSERACE-SC07-26,Will Democratic win the House race for SC-07?,John Vincent,,active,US_2026_general_election,2026-09-08T15:07:00Z,usable,2026-09-08T14:00:00Z,1.1166666666666667,0.0605,0.045,0.076,0.031,1793.72,bar_age_only_actual_quote_update_time_unavailable
KXHOUSERACE-SC06-26-R,KXHOUSERACE,KXHOUSERACE-SC06-26,Will Republican win the House race for SC-06?,John Peterson,,active,US_2026_general_election,2026-09-08T15:07:00Z,usable,2026-09-08T15:00:00Z,0.11666666666666667,0.053500000000000006,0.041,0.066,0.025,4380.6,bar_age_only_actual_quote_update_time_unavailable
KXHOUSERACE-SC06-26-D,KXHOUSERACE,KXHOUSERACE-SC06-26,Will Democratic win the House race for SC-06?,Jim Clyburn,,active,US_2026_general_election,2026-09-08T15:07:00Z,usable,2026-09-08T15:00:00Z,0.11666666666666667,0.9555,0.951,0.96,0.009000000000000008,6142.16,bar_age_only_actual_quote_update_time_unavailable
KXHOUSERACE-SC05-26-R,KXHOUSERACE,KXHOUSERACE-SC05-26,Will Republican win the House race for SC-05?,Wes Climer,,active,US_2026_general_election,2026-09-08T15:07:00Z,usable,2026-09-08T14:00:00Z,1.1166666666666667,0.9165000000000001,0.901,0.932,0.031000000000000028,1513.91,bar_age_only_actual_quote_update_time_unavailable
KXHOUSERACE-SC05-26-D,KXHOUSERACE,KXHOUSERACE-SC05-26,Will Democratic win the House race for SC-05?,Mallory Dittmer,,active,US_2026_general_election,2026-09-08T15:07:00Z,usable,2026-09-08T14:00:00Z,1.1166666666666667,0.0835,0.068,0.099,0.031,1630.65,bar_age_only_actual_quote_update_time_unavailable
KXHOUSERACE-SC04-26-R,KXHOUSERACE,KXHOUSERACE-SC04-26,Will Republican win the House race for SC-04?,William Timmons,,active,US_2026_general_election,2026-09-08T15:07:00Z,usable,2026-09-08T14:00:00Z,1.1166666666666667,0.9365,0.914,0.959,0.04499999999999993,3246.64,bar_age_only_actual_quote_update_time_unavailable
KXHOUSERACE-SC04-26-D,KXHOUSERACE,KXHOUSERACE-SC04-26,Will Democratic win the House race for SC-04?,Courtney McClain,,active,US_2026_general_election,2026-09-08T15:07:00Z,usable,2026-09-08T15:00:00Z,0.11666666666666667,0.054,0.03,0.078,0.048,1443.0,bar_age_only_actual_quote_update_time_unavailable
KXHOUSERACE-SC03-26-R,KXHOUSERACE,KXHOUSERACE-SC03-26,Will Republican win the House race for SC-03?,Sheri Biggs,,active,US_2026_general_election,2026-09-08T15:07:00Z,usable,2026-09-08T09:00:00Z,6.116666666666666,0.9644999999999999,0.945,0.984,0.039000000000000035,1081.0,bar_age_only_actual_quote_update_time_unavailable
KXHOUSERACE-SC03-26-D,KXHOUSERACE,KXHOUSERACE-SC03-26,Will Democratic win the House race for SC-03?,Eunice Lehmacher,,active,US_2026_general_election,2026-09-08T15:07:00Z,usable,2026-09-08T14:00:00Z,1.1166666666666667,0.0335,0.002,0.065,0.063,854.0,bar_age_only_actual_quote_update_time_unavailable
KXHOUSERACE-SC02-26-R,KXHOUSERACE,KXHOUSERACE-SC02-26,Will Republican win the House race for SC-02?,Joe Wilson,,active,US_2026_general_election,2026-09-08T15:07:00Z,usable,2026-09-08T15:00:00Z,0.11666666666666667,0.9155,0.902,0.929,0.027000000000000024,3759.0,bar_age_only_actual_quote_update_time_unavailable
KXHOUSERACE-SC02-26-D,KXHOUSERACE,KXHOUSERACE-SC02-26,Will Democratic win the House race for SC-02?,Zyon Khalifa,,active,US_2026_general_election,2026-09-08T15:07:00Z,usable,2026-09-08T15:00:00Z,0.11666666666666667,0.056999999999999995,0.037,0.077,0.04,1064.0,bar_age_only_actual_quote_update_time_unavailable
KXHOUSERACE-SC01-26-R,KXHOUSERACE,KXHOUSERACE-SC01-26,Will Republican win the House race for SC-01?,Jenny Costa Honeycutt,,active,US_2026_general_election,2026-09-08T15:07:00Z,usable,2026-09-08T15:00:00Z,0.11666666666666667,0.745,0.74,0.75,0.010000000000000009,5099.53,bar_age_only_actual_quote_update_time_unavailable
KXHOUSERACE-SC01-26-D,KXHOUSERACE,KXHOUSERACE-SC01-26,Will Democratic win the House race for SC-01?,Nancy S. Lacore,,active,US_2026_general_election,2026-09-08T15:07:00Z,usable,2026-09-08T15:00:00Z,0.11666666666666667,0.255,0.25,0.26,0.010000000000000009,9247.32,bar_age_only_actual_quote_update_time_unavailable
KXHOUSERACE-RI01-26-R,KXHOUSERACE,KXHOUSERACE-RI01-26,Will Republican win the House race for RI-01?,Republican party,,active,US_2026_general_election,2026-09-08T15:07:00Z,usable,2026-09-07T16:00:00Z,23.116666666666667,0.033,0.018,0.048,0.030000000000000002,709.0,bar_age_only_actual_quote_update_time_unavailable
KXHOUSERACE-RI01-26-D,KXHOUSERACE,KXHOUSERACE-RI01-26,Will Democratic win the House race for RI-01?,Democratic party,,active,US_2026_general_election,2026-09-08T15:07:00Z,usable,2026-09-08T14:00:00Z,1.1166666666666667,0.9675,0.937,0.998,0.06099999999999994,823.21,bar_age_only_actual_quote_update_time_unavailable
KXHOUSERACE-PA14-26-R,KXHOUSERACE,KXHOUSERACE-PA14-26,Will Republican win the House race for PA-14?,Guy Reschenthaler,,active,US_2026_general_election,2026-09-08T15:07:00Z,usable,2026-09-08T15:00:00Z,0.11666666666666667,0.959,0.939,0.979,0.040000000000000036,418.61,bar_age_only_actual_quote_update_time_unavailable
KXHOUSERACE-PA14-26-D,KXHOUSERACE,KXHOUSERACE-PA14-26,Will Democratic win the House race for PA-14?,Alan Bradstock,,active,US_2026_general_election,2026-09-08T15:07:00Z,usable,2026-09-08T15:00:00Z,0.11666666666666667,0.034,0.011,0.057,0.046,840.32,bar_age_only_actual_quote_update_time_unavailable
KXHOUSERACE-PA15-26-R,KXHOUSERACE,KXHOUSERACE-PA15-26,Will Republican win the House race for PA-15?,Glenn Thompson,,active,US_2026_general_election,2026-09-08T15:07:00Z,usable,2026-09-08T14:00:00Z,1.1166666666666667,0.9604999999999999,0.945,0.976,0.031000000000000028,8228.16,bar_age_only_actual_quote_update_time_unavailable
KXHOUSERACE-PA15-26-D,KXHOUSERACE,KXHOUSERACE-PA15-26,Will Democratic win the House race for PA-15?,Ray Bilger,,active,US_2026_general_election,2026-09-08T15:07:00Z,usable,2026-09-08T15:00:00Z,0.11666666666666667,0.0285,0.002,0.055,0.053,1020.0,bar_age_only_actual_quote_update_time_unavailable
KXHOUSERACE-RI02-26-R,KXHOUSERACE,KXHOUSERACE-RI02-26,Will Republican win the House race for RI-02?,Republican party,,active,US_2026_general_election,2026-09-08T15:07:00Z,usable,2026-09-08T14:00:00Z,1.1166666666666667,0.038,0.003,0.073,0.06999999999999999,343.0,bar_age_only_actual_quote_update_time_unavailable
KXHOUSERACE-RI02-26-D,KXHOUSERACE,KXHOUSERACE-RI02-26,Will Democratic win the House race for RI-02?,Democratic party,,active,US_2026_general_election,2026-09-08T15:07:00Z,usable,2026-09-08T14:00:00Z,1.1166666666666667,0.962,0.927,0.997,0.06999999999999995,127.0,bar_age_only_actual_quote_update_time_unavailable
KXHOUSERACE-PA16-26-R,KXHOUSERACE,KXHOUSERACE-PA16-26,Will Republican win the House race for PA-16?,Mike Kelly,,active,US_2026_general_election,2026-09-08T15:07:00Z,usable,2026-09-08T14:00:00Z,1.1166666666666667,0.918,0.916,0.92,0.0040000000000000036,2182.06,bar_age_only_actual_quote_update_time_unavailable
KXHOUSERACE-PA16-26-D,KXHOUSERACE,KXHOUSERACE-PA16-26,Will Democratic win the House race for PA-16?,Justin Wagner,,active,US_2026_general_election,2026-09-08T15:07:00Z,usable,2026-09-08T14:00:00Z,1.1166666666666667,0.068,0.061,0.075,0.013999999999999999,3510.0,bar_age_only_actual_quote_update_time_unavailable
KXHOUSERACE-PA12-26-R,KXHOUSERACE,KXHOUSERACE-PA12-26,Will Republican win the House race for PA-12?,James Hayes,,active,US_2026_general_election,2026-09-08T15:07:00Z,stale_observation,2026-09-07T03:00:00Z,36.11666666666667,,,,,,
KXHOUSERACE-PA12-26-D,KXHOUSERACE,KXHOUSERACE-PA12-26,Will Democratic win the House race for PA-12?,Summer Lee,,active,US_2026_general_election,2026-09-08T15:07:00Z,usable,2026-09-08T15:00:00Z,0.11666666666666667,0.9410000000000001,0.9,0.982,0.08199999999999996,591.0,bar_age_only_actual_quote_update_time_unavailable
KXHOUSERACE-PA13-26-R,KXHOUSERACE,KXHOUSERACE-PA13-26,Will Republican win the House race for PA-13?,John Joyce,,active,US_2026_general_election,2026-09-08T15:07:00Z,usable,2026-09-08T09:00:00Z,6.116666666666666,0.982,0.966,0.998,0.03200000000000003,280.87,bar_age_only_actual_quote_update_time_unavailable
KXHOUSERACE-PA13-26-D,KXHOUSERACE,KXHOUSERACE-PA13-26,Will Democratic win the House race for PA-13?,Beth Farnham,,active,US_2026_general_election,2026-09-08T15:07:00Z,stale_observation,2026-09-06T23:00:00Z,40.11666666666667,,,,,,
KXHOUSERACE-PA11-26-R,KXHOUSERACE,KXHOUSERACE-PA11-26,Will Republican win the House race for PA-11?,Lloyd Smucker,,active,US_2026_general_election,2026-09-08T15:07:00Z,usable,2026-09-08T15:00:00Z,0.11666666666666667,0.982,0.97,0.994,0.02400000000000002,2510.74,bar_age_only_actual_quote_update_time_unavailable
KXHOUSERACE-PA11-26-D,KXHOUSERACE,KXHOUSERACE-PA11-26,Will Democratic win the House race for PA-11?,Nancy Mannion,,active,US_2026_general_election,2026-09-08T15:07:00Z,usable,2026-09-08T14:00:00Z,1.1166666666666667,0.028999999999999998,0.006,0.052,0.046,2532.0,bar_age_only_actual_quote_update_time_unavailable
KXHOUSERACE-PA09-26-R,KXHOUSERACE,KXHOUSERACE-PA09-26,Will Republican win the House race for PA-09?,Dan Meuser,,active,US_2026_general_election,2026-09-08T15:07:00Z,stale_observation,2026-09-06T23:00:00Z,40.11666666666667,,,,,,
KXHOUSERACE-PA09-26-D,KXHOUSERACE,KXHOUSERACE-PA09-26,Will Democratic win the House race for PA-09?,Rachel Wallace,,active,US_2026_general_election,2026-09-08T15:07:00Z,usable,2026-09-08T15:00:00Z,0.11666666666666667,0.046,0.002,0.09,0.088,294.0,bar_age_only_actual_quote_update_time_unavailable
KXHOUSERACE-PA06-26-R,KXHOUSERACE,KXHOUSERACE-PA06-26,Will Republican win the House race for PA-06?,Marty Young,,active,US_2026_general_election,2026-09-08T15:07:00Z,usable,2026-09-08T15:00:00Z,0.11666666666666667,0.030000000000000002,0.01,0.05,0.04,3120.06,bar_age_only_actual_quote_update_time_unavailable
KXHOUSERACE-PA06-26-D,KXHOUSERACE,KXHOUSERACE-PA06-26,Will Democratic win the House race for PA-06?,Chrissy Houlahan,,active,US_2026_general_election,2026-09-08T15:07:00Z,usable,2026-09-08T15:00:00Z,0.11666666666666667,0.97,0.95,0.99,0.040000000000000036,2436.0,bar_age_only_actual_quote_update_time_unavailable
KXHOUSERACE-PA05-26-R,KXHOUSERACE,KXHOUSERACE-PA05-26,Will Republican win the House race for PA-05?,Nicholas Manganaro,,active,US_2026_general_election,2026-09-08T15:07:00Z,usable,2026-09-08T14:00:00Z,1.1166666666666667,0.031,0.016,0.046,0.03,805.0,bar_age_only_actual_quote_update_time_unavailable
KXHOUSERACE-PA05-26-D,KXHOUSERACE,KXHOUSERACE-PA05-26,Will Democratic win the House race for PA-05?,Mary Gay Scanlon,,active,US_2026_general_election,2026-09-08T15:07:00Z,usable,2026-09-08T14:00:00Z,1.1166666666666667,0.966,0.934,0.998,0.06399999999999995,531.88,bar_age_only_actual_quote_update_time_unavailable
KXHOUSERACE-PA04-26-R,KXHOUSERACE,KXHOUSERACE-PA04-26,Will Republican win the House race for PA-04?,Aurora Stuski,,active,US_2026_general_election,2026-09-08T15:07:00Z,usable,2026-09-08T14:00:00Z,1.1166666666666667,0.07050000000000001,0.057,0.084,0.027000000000000003,644.88,bar_age_only_actual_quote_update_time_unavailable
KXHOUSERACE-PA04-26-D,KXHOUSERACE,KXHOUSERACE-PA04-26,Will Democratic win the House race for PA-04?,Madeleine Dean,,active,US_2026_general_election,2026-09-08T15:07:00Z,usable,2026-09-08T14:00:00Z,1.1166666666666667,0.9375,0.912,0.963,0.050999999999999934,810.0,bar_age_only_actual_quote_update_time_unavailable
KXHOUSERACE-PA03-26-R,KXHOUSERACE,KXHOUSERACE-PA03-26,Will Republican win the House race for PA-03?,Republican party,,active,US_2026_general_election,2026-09-08T15:07:00Z,usable,2026-09-08T15:00:00Z,0.11666666666666667,0.008,0.001,0.015,0.013999999999999999,286.35,bar_age_only_actual_quote_update_time_unavailable
KXHOUSERACE-PA03-26-D,KXHOUSERACE,KXHOUSERACE-PA03-26,Will Democratic win the House race for PA-03?,Chris Rabb,,active,US_2026_general_election,2026-09-08T15:07:00Z,usable,2026-09-08T14:00:00Z,1.1166666666666667,0.975,0.952,0.998,0.04600000000000004,25.0,bar_age_only_actual_quote_update_time_unavailable
KXHOUSERACE-PA02-26-R,KXHOUSERACE,KXHOUSERACE-PA02-26,Will Republican win the House race for PA-02?,Jessica Arriaga,,active,US_2026_general_election,2026-09-08T15:07:00Z,usable,2026-09-08T02:00:00Z,13.116666666666667,0.023,0.001,0.045,0.044,2.0,bar_age_only_actual_quote_update_time_unavailable
KXHOUSERACE-PA02-26-D,KXHOUSERACE,KXHOUSERACE-PA02-26,Will Democratic win the House race for PA-02?,Brendan Boyle,,active,US_2026_general_election,2026-09-08T15:07:00Z,usable,2026-09-08T15:00:00Z,0.11666666666666667,0.972,0.954,0.99,0.03600000000000003,22.0,bar_age_only_actual_quote_update_time_unavailable
KXHOUSERACE-OR06-26-R,KXHOUSERACE,KXHOUSERACE-OR06-26,Will Republican win the House race for OR-06?,David Russ,,active,US_2026_general_election,2026-09-08T15:07:00Z,usable,2026-09-08T14:00:00Z,1.1166666666666667,0.045,0.017,0.073,0.055999999999999994,5477.92,bar_age_only_actual_quote_update_time_unavailable
KXHOUSERACE-OR06-26-D,KXHOUSERACE,KXHOUSERACE-OR06-26,Will Democratic win the House race for OR-06?,Andrea Salinas,,active,US_2026_general_election,2026-09-08T15:07:00Z,usable,2026-09-08T15:00:00Z,0.11666666666666667,0.9550000000000001,0.926,0.984,0.05799999999999994,4908.67,bar_age_only_actual_quote_update_time_unavailable
KXHOUSERACE-OR04-26-R,KXHOUSERACE,KXHOUSERACE-OR04-26,Will Republican win the House race for OR-04?,Monique DeSpain,,active,US_2026_general_election,2026-09-08T15:07:00Z,usable,2026-09-08T14:00:00Z,1.1166666666666667,0.0505,0.021,0.08,0.059,335.56,bar_age_only_actual_quote_update_time_unavailable
KXHOUSERACE-OR04-26-D,KXHOUSERACE,KXHOUSERACE-OR04-26,Will Democratic win the House race for OR-04?,Val Hoyle,,active,US_2026_general_election,2026-09-08T15:07:00Z,usable,2026-09-08T14:00:00Z,1.1166666666666667,0.9475,0.92,0.975,0.05499999999999994,181.0,bar_age_only_actual_quote_update_time_unavailable
KXHOUSERACE-OR03-26-R,KXHOUSERACE,KXHOUSERACE-OR03-26,Will Republican win the House race for OR-03?,Loran Ayles,,active,US_2026_general_election,2026-09-08T15:07:00Z,stale_observation,2026-09-07T07:00:00Z,32.11666666666667,,,,,,
KXHOUSERACE-OR03-26-D,KXHOUSERACE,KXHOUSERACE-OR03-26,Will Democratic win the House race for OR-03?,Maxine Dexter,,active,US_2026_general_election,2026-09-08T15:07:00Z,stale_observation,2026-09-07T07:00:00Z,32.11666666666667,,,,,,
KXHOUSERACE-OR02-26-R,KXHOUSERACE,KXHOUSERACE-OR02-26,Will Republican win the House race for OR-02?,Cliff Bentz,,active,US_2026_general_election,2026-09-08T15:07:00Z,usable,2026-09-08T15:00:00Z,0.11666666666666667,0.966,0.934,0.998,0.06399999999999995,253.0,bar_age_only_actual_quote_update_time_unavailable
KXHOUSERACE-OR02-26-D,KXHOUSERACE,KXHOUSERACE-OR02-26,Will Democratic win the House race for OR-02?,Chris Beck,,active,US_2026_general_election,2026-09-08T15:07:00Z,stale_observation,2026-09-07T00:00:00Z,39.11666666666667,,,,,,
KXHOUSERACE-OR01-26-R,KXHOUSERACE,KXHOUSERACE-OR01-26,Will Republican win the House race for OR-01?,Barbara Kahl,,active,US_2026_general_election,2026-09-08T15:07:00Z,stale_observation,2026-09-07T00:00:00Z,39.11666666666667,,,,,,
KXHOUSERACE-OR01-26-D,KXHOUSERACE,KXHOUSERACE-OR01-26,Will Democratic win the House race for OR-01?,Suzanne Bonamici,,active,US_2026_general_election,2026-09-08T15:07:00Z,usable,2026-09-07T18:00:00Z,21.116666666666667,0.97,0.942,0.998,0.05600000000000005,342.0,bar_age_only_actual_quote_update_time_unavailable
KXHOUSERACE-OK05-26-R,KXHOUSERACE,KXHOUSERACE-OK05-26,Will Republican win the House race for OK-05?,Stephanie Bice,,active,US_2026_general_election,2026-09-08T15:07:00Z,usable,2026-09-08T15:00:00Z,0.11666666666666667,0.885,0.88,0.89,0.010000000000000009,2759.7,bar_age_only_actual_quote_update_time_unavailable
KXHOUSERACE-OK05-26-D,KXHOUSERACE,KXHOUSERACE-OK05-26,Will Democratic win the House race for OK-05?,Jena Nelson,,active,US_2026_general_election,2026-09-08T15:07:00Z,usable,2026-09-08T07:00:00Z,8.116666666666667,0.10500000000000001,0.1,0.11,0.009999999999999995,3839.96,bar_age_only_actual_quote_update_time_unavailable
KXHOUSERACE-OK04-26-R,KXHOUSERACE,KXHOUSERACE-OK04-26,Will Republican win the House race for OK-04?,Tom Cole,,active,US_2026_general_election,2026-09-08T15:07:00Z,usable,2026-09-08T15:00:00Z,0.11666666666666667,0.9565,0.923,0.99,0.06699999999999995,1292.0,bar_age_only_actual_quote_update_time_unavailable
KXHOUSERACE-OK04-26-D,KXHOUSERACE,KXHOUSERACE-OK04-26,Will Democratic win the House race for OK-04?,Mitchell Jacob,,active,US_2026_general_election,2026-09-08T15:07:00Z,usable,2026-09-08T15:00:00Z,0.11666666666666667,0.025500000000000002,0.002,0.049,0.047,264.0,bar_age_only_actual_quote_update_time_unavailable
KXHOUSERACE-OK03-26-R,KXHOUSERACE,KXHOUSERACE-OK03-26,Will Republican win the House race for OK-03?,Frank Lucas,,active,US_2026_general_election,2026-09-08T15:07:00Z,usable,2026-09-08T12:00:00Z,3.1166666666666667,0.976,0.962,0.99,0.028000000000000025,1971.0,bar_age_only_actual_quote_update_time_unavailable
KXHOUSERACE-OK03-26-D,KXHOUSERACE,KXHOUSERACE-OK03-26,Will Democratic win the House race for OK-03?,Suzie Byrd,,active,US_2026_general_election,2026-09-08T15:07:00Z,usable,2026-09-08T15:00:00Z,0.11666666666666667,0.029500000000000002,0.002,0.057,0.055,304.6,bar_age_only_actual_quote_update_time_unavailable
KXHOUSERACE-OK02-26-R,KXHOUSERACE,KXHOUSERACE-OK02-26,Will Republican win the House race for OK-02?,Josh Brecheen,,active,US_2026_general_election,2026-09-08T15:07:00Z,usable,2026-09-08T15:00:00Z,0.11666666666666667,0.976,0.961,0.991,0.030000000000000027,1152.0,bar_age_only_actual_quote_update_time_unavailable
KXHOUSERACE-OK02-26-D,KXHOUSERACE,KXHOUSERACE-OK02-26,Will Democratic win the House race for OK-02?,Brandon Wade,,active,US_2026_general_election,2026-09-08T15:07:00Z,usable,2026-09-08T14:00:00Z,1.1166666666666667,0.028,0.002,0.054,0.052,375.0,bar_age_only_actual_quote_update_time_unavailable
KXHOUSERACE-OK01-26-R,KXHOUSERACE,KXHOUSERACE-OK01-26,Will Republican win the House race for OK-01?,Mark Tedford,,active,US_2026_general_election,2026-09-08T15:07:00Z,usable,2026-09-08T14:00:00Z,1.1166666666666667,0.9135,0.904,0.923,0.019000000000000017,574.0,bar_age_only_actual_quote_update_time_unavailable
KXHOUSERACE-OK01-26-D,KXHOUSERACE,KXHOUSERACE-OK01-26,Will Democratic win the House race for OK-01?,John Croisant,,active,US_2026_general_election,2026-09-08T15:07:00Z,usable,2026-09-08T14:00:00Z,1.1166666666666667,0.0795,0.065,0.094,0.028999999999999998,1116.0,bar_age_only_actual_quote_update_time_unavailable
KXHOUSERACE-OH15-26-R,KXHOUSERACE,KXHOUSERACE-OH15-26,Will Republican win the House race for OH-15?,Mike Carey,,active,US_2026_general_election,2026-09-08T15:07:00Z,usable,2026-09-08T15:00:00Z,0.11666666666666667,0.785,0.78,0.79,0.010000000000000009,3861.66,bar_age_only_actual_quote_update_time_unavailable
KXHOUSERACE-OH15-26-D,KXHOUSERACE,KXHOUSERACE-OH15-26,Will Democratic win the House race for OH-15?,Don Leonard,,active,US_2026_general_election,2026-09-08T15:07:00Z,usable,2026-09-08T15:00:00Z,0.11666666666666667,0.2,0.18,0.22,0.04000000000000001,3629.38,bar_age_only_actual_quote_update_time_unavailable
KXHOUSERACE-OH14-26-R,KXHOUSERACE,KXHOUSERACE-OH14-26,Will Republican win the House race for OH-14?,David Joyce,,active,US_2026_general_election,2026-09-08T15:07:00Z,usable,2026-09-08T14:00:00Z,1.1166666666666667,0.94,0.92,0.96,0.039999999999999925,1364.0,bar_age_only_actual_quote_update_time_unavailable
KXHOUSERACE-OH14-26-D,KXHOUSERACE,KXHOUSERACE-OH14-26,Will Democratic win the House race for OH-14?,Maria Jukic,,active,US_2026_general_election,2026-09-08T15:07:00Z,usable,2026-09-08T15:00:00Z,0.11666666666666667,0.05,0.021,0.079,0.057999999999999996,796.0,bar_age_only_actual_quote_update_time_unavailable
KXHOUSERACE-OH12-26-R,KXHOUSERACE,KXHOUSERACE-OH12-26,Will Republican win the House race for OH-12?,Troy Balderson,,active,US_2026_general_election,2026-09-08T15:07:00Z,usable,2026-09-08T10:00:00Z,5.116666666666666,0.974,0.968,0.98,0.01200000000000001,1103.4,bar_age_only_actual_quote_update_time_unavailable
KXHOUSERACE-OH12-26-D,KXHOUSERACE,KXHOUSERACE-OH12-26,Will Democratic win the House race for OH-12?,Jerrad Christian,,active,US_2026_general_election,2026-09-08T15:07:00Z,usable,2026-09-08T14:00:00Z,1.1166666666666667,0.0205,0.002,0.039,0.037,1234.82,bar_age_only_actual_quote_update_time_unavailable
KXHOUSERACE-OH11-26-R,KXHOUSERACE,KXHOUSERACE-OH11-26,Will Republican win the House race for OH-11?,Mike Kirchner,,active,US_2026_general_election,2026-09-08T15:07:00Z,stale_observation,2026-09-06T20:00:00Z,43.11666666666667,,,,,,
KXHOUSERACE-OH11-26-D,KXHOUSERACE,KXHOUSERACE-OH11-26,Will Democratic win the House race for OH-11?,Shontel Brown,,active,US_2026_general_election,2026-09-08T15:07:00Z,stale_observation,2026-09-07T09:00:00Z,30.116666666666667,,,,,,
KXHOUSERACE-OH10-26-R,KXHOUSERACE,KXHOUSERACE-OH10-26,Will Republican win the House race for OH-10?,Mike Turner,,active,US_2026_general_election,2026-09-08T15:07:00Z,stale_observation,2026-09-03T21:00:00Z,114.11666666666666,,,,,,
KXHOUSERACE-OH10-26-D,KXHOUSERACE,KXHOUSERACE-OH10-26,Will Democratic win the House race for OH-10?,Kristina Knickerbocker,,active,US_2026_general_election,2026-09-08T15:07:00Z,usable,2026-09-08T10:00:00Z,5.116666666666666,0.16,0.15,0.17,0.020000000000000018,9072.49,bar_age_only_actual_quote_update_time_unavailable
KXHOUSERACE-OH08-26-R,KXHOUSERACE,KXHOUSERACE-OH08-26,Will Republican win the House race for OH-08?,Warren Davidson,,active,US_2026_general_election,2026-09-08T15:07:00Z,usable,2026-09-08T15:00:00Z,0.11666666666666667,0.885,0.86,0.91,0.050000000000000044,989.0,bar_age_only_actual_quote_update_time_unavailable
KXHOUSERACE-OH08-26-D,KXHOUSERACE,KXHOUSERACE-OH08-26,Will Democratic win the House race for OH-08?,Vanessa Enoch,,active,US_2026_general_election,2026-09-08T15:07:00Z,usable,2026-09-08T15:00:00Z,0.11666666666666667,0.1145,0.089,0.14,0.05100000000000002,66.0,bar_age_only_actual_quote_update_time_unavailable
KXHOUSERACE-OH07-26-R,KXHOUSERACE,KXHOUSERACE-OH07-26,Will Republican win the House race for OH-07?,Max Miller,,active,US_2026_general_election,2026-09-08T15:07:00Z,usable,2026-09-08T15:00:00Z,0.11666666666666667,0.22,0.21,0.23,0.020000000000000018,34043.45,bar_age_only_actual_quote_update_time_unavailable
KXHOUSERACE-OH07-26-D,KXHOUSERACE,KXHOUSERACE-OH07-26,Will Democratic win the House race for OH-07?,Brian Poindexter,,active,US_2026_general_election,2026-09-08T15:07:00Z,usable,2026-09-08T15:00:00Z,0.11666666666666667,0.785,0.78,0.79,0.010000000000000009,31719.38,bar_age_only_actual_quote_update_time_unavailable
KXHOUSERACE-OH06-26-R,KXHOUSERACE,KXHOUSERACE-OH06-26,Will Republican win the House race for OH-06?,Michael Rulli,,active,US_2026_general_election,2026-09-08T15:07:00Z,stale_observation,2026-09-07T02:00:00Z,37.11666666666667,,,,,,
KXHOUSERACE-OH06-26-D,KXHOUSERACE,KXHOUSERACE-OH06-26,Will Democratic win the House race for OH-06?,Elizabeth Kirtley,,active,US_2026_general_election,2026-09-08T15:07:00Z,usable,2026-09-08T14:00:00Z,1.1166666666666667,0.0305,0.002,0.059,0.056999999999999995,1902.18,bar_age_only_actual_quote_update_time_unavailable
KXHOUSERACE-OH05-26-R,KXHOUSERACE,KXHOUSERACE-OH05-26,Will Republican win the House race for OH-05?,Bob Latta,,active,US_2026_general_election,2026-09-08T15:07:00Z,usable,2026-09-08T14:00:00Z,1.1166666666666667,0.9365,0.914,0.959,0.04499999999999993,425.0,bar_age_only_actual_quote_update_time_unavailable
KXHOUSERACE-OH05-26-D,KXHOUSERACE,KXHOUSERACE-OH05-26,Will Democratic win the House race for OH-05?,Brian Shaver,,active,US_2026_general_election,2026-09-08T15:07:00Z,usable,2026-09-08T14:00:00Z,1.1166666666666667,0.054,0.021,0.087,0.06599999999999999,2357.0,bar_age_only_actual_quote_update_time_unavailable
KXHOUSERACE-OH04-26-R,KXHOUSERACE,KXHOUSERACE-OH04-26,Will Republican win the House race for OH-04?,Jim Jordan,,active,US_2026_general_election,2026-09-08T15:07:00Z,usable,2026-09-08T14:00:00Z,1.1166666666666667,0.9704999999999999,0.962,0.979,0.017000000000000015,452.97,bar_age_only_actual_quote_update_time_unavailable
KXHOUSERACE-OH04-26-D,KXHOUSERACE,KXHOUSERACE-OH04-26,Will Democratic win the House race for OH-04?,Joshua Kolasinski,,active,US_2026_general_election,2026-09-08T15:07:00Z,usable,2026-09-08T14:00:00Z,1.1166666666666667,0.028,0.003,0.053,0.049999999999999996,432.0,bar_age_only_actual_quote_update_time_unavailable
KXHOUSERACE-OH03-26-R,KXHOUSERACE,KXHOUSERACE-OH03-26,Will Republican win the House race for OH-03?,Cleophus Dulaney,,active,US_2026_general_election,2026-09-08T15:07:00Z,stale_observation,2026-09-06T23:00:00Z,40.11666666666667,,,,,,
KXHOUSERACE-OH03-26-D,KXHOUSERACE,KXHOUSERACE-OH03-26,Will Democratic win the House race for OH-03?,Joyce Beatty,,active,US_2026_general_election,2026-09-08T15:07:00Z,usable,2026-09-08T14:00:00Z,1.1166666666666667,0.9755,0.952,0.999,0.04700000000000004,58.0,bar_age_only_actual_quote_update_time_unavailable
KXHOUSERACE-OH02-26-R,KXHOUSERACE,KXHOUSERACE-OH02-26,Will Republican win the House race for OH-02?,David Taylor,,active,US_2026_general_election,2026-09-08T15:07:00Z,usable,2026-09-08T15:00:00Z,0.11666666666666667,0.9575,0.946,0.969,0.02300000000000002,4148.0,bar_age_only_actual_quote_update_time_unavailable
KXHOUSERACE-OH02-26-D,KXHOUSERACE,KXHOUSERACE-OH02-26,Will Democratic win the House race for OH-02?,Jennifer Mazzuckelli,,active,US_2026_general_election,2026-09-08T15:07:00Z,usable,2026-09-08T14:00:00Z,1.1166666666666667,0.0375,0.023,0.052,0.028999999999999998,913.09,bar_age_only_actual_quote_update_time_unavailable
KXHOUSERACE-NY26-26-R,KXHOUSERACE,KXHOUSERACE-NY26-26,Will Republican win the House race for NY-26?,Dennis Hannon,,active,US_2026_general_election,2026-09-08T15:07:00Z,usable,2026-09-08T14:00:00Z,1.1166666666666667,0.031,0.002,0.06,0.057999999999999996,380.0,bar_age_only_actual_quote_update_time_unavailable
KXHOUSERACE-NY26-26-D,KXHOUSERACE,KXHOUSERACE-NY26-26,Will Democratic win the House race for NY-26?,Tim Kennedy,,active,US_2026_general_election,2026-09-08T15:07:00Z,usable,2026-09-08T15:00:00Z,0.11666666666666667,0.9625,0.936,0.989,0.052999999999999936,362.0,bar_age_only_actual_quote_update_time_unavailable
KXHOUSERACE-NY25-26-R,KXHOUSERACE,KXHOUSERACE-NY25-26,Will Republican win the House race for NY-25?,Virginia McIntyre,,active,US_2026_general_election,2026-09-08T15:07:00Z,stale_observation,2026-09-04T20:00:00Z,91.11666666666666,,,,,,
KXHOUSERACE-NY25-26-D,KXHOUSERACE,KXHOUSERACE-NY25-26,Will Democratic win the House race for NY-25?,Joseph Morelle,,active,US_2026_general_election,2026-09-08T15:07:00Z,usable,2026-09-08T14:00:00Z,1.1166666666666667,0.974,0.949,0.999,0.050000000000000044,2.0,bar_age_only_actual_quote_update_time_unavailable
KXHOUSERACE-NY24-26-R,KXHOUSERACE,KXHOUSERACE-NY24-26,Will Republican win the House race for NY-24?,Claudia Tenney,,active,US_2026_general_election,2026-09-08T15:07:00Z,usable,2026-09-08T14:00:00Z,1.1166666666666667,0.9425,0.916,0.969,0.052999999999999936,3983.0,bar_age_only_actual_quote_update_time_unavailable
KXHOUSERACE-NY24-26-D,KXHOUSERACE,KXHOUSERACE-NY24-26,Will Democratic win the House race for NY-24?,Alissa Ellman,,active,US_2026_general_election,2026-09-08T15:07:00Z,usable,2026-09-08T14:00:00Z,1.1166666666666667,0.059000000000000004,0.034,0.084,0.05,5478.0,bar_age_only_actual_quote_update_time_unavailable
KXHOUSERACE-NY23-26-R,KXHOUSERACE,KXHOUSERACE-NY23-26,Will Republican win the House race for NY-23?,Nick Langworthy,,active,US_2026_general_election,2026-09-08T15:07:00Z,usable,2026-09-08T14:00:00Z,1.1166666666666667,0.9235,0.911,0.936,0.025000000000000022,3528.61,bar_age_only_actual_quote_update_time_unavailable
KXHOUSERACE-NY23-26-D,KXHOUSERACE,KXHOUSERACE-NY23-26,Will Democratic win the House race for NY-23?,Aaron Gies,,active,US_2026_general_election,2026-09-08T15:07:00Z,usable,2026-09-08T15:00:00Z,0.11666666666666667,0.077,0.065,0.089,0.023999999999999994,4010.2,bar_age_only_actual_quote_update_time_unavailable
KXHOUSERACE-NY21-26-R,KXHOUSERACE,KXHOUSERACE-NY21-26,Will Republican win the House race for NY-21?,Anthony Constantino,,active,US_2026_general_election,2026-09-08T15:07:00Z,usable,2026-09-08T14:00:00Z,1.1166666666666667,0.735,0.72,0.75,0.030000000000000027,10843.72,bar_age_only_actual_quote_update_time_unavailable
KXHOUSERACE-NY21-26-D,KXHOUSERACE,KXHOUSERACE-NY21-26,Will Democratic win the House race for NY-21?,Blake Gendebien,,active,US_2026_general_election,2026-09-08T15:07:00Z,usable,2026-09-08T14:00:00Z,1.1166666666666667,0.265,0.26,0.27,0.010000000000000009,11944.9,bar_age_only_actual_quote_update_time_unavailable
KXHOUSERACE-NY20-26-R,KXHOUSERACE,KXHOUSERACE-NY20-26,Will Republican win the House race for NY-20?,Ralph Ambrosio,,active,US_2026_general_election,2026-09-08T15:07:00Z,usable,2026-09-08T14:00:00Z,1.1166666666666667,0.0435,0.001,0.086,0.08499999999999999,382.0,bar_age_only_actual_quote_update_time_unavailable
KXHOUSERACE-NY20-26-D,KXHOUSERACE,KXHOUSERACE-NY20-26,Will Democratic win the House race for NY-20?,Paul Tonko,,active,US_2026_general_election,2026-09-08T15:07:00Z,usable,2026-09-08T15:00:00Z,0.11666666666666667,0.9565,0.914,0.999,0.08499999999999996,980.0,bar_age_only_actual_quote_update_time_unavailable
KXHOUSERACE-NY16-26-R,KXHOUSERACE,KXHOUSERACE-NY16-26,Will Republican win the House race for NY-16?,Joseph Cinquemani,,active,US_2026_general_election,2026-09-08T15:07:00Z,usable,2026-09-08T14:00:00Z,1.1166666666666667,0.028,0.001,0.055,0.054,82.0,bar_age_only_actual_quote_update_time_unavailable
KXHOUSERACE-NY16-26-D,KXHOUSERACE,KXHOUSERACE-NY16-26,Will Democratic win the House race for NY-16?,George Latimer,,active,US_2026_general_election,2026-09-08T15:07:00Z,usable,2026-09-08T14:00:00Z,1.1166666666666667,0.972,0.945,0.999,0.05400000000000005,347.0,bar_age_only_actual_quote_update_time_unavailable
KXHOUSERACE-NY15-26-R,KXHOUSERACE,KXHOUSERACE-NY15-26,Will Republican win the House race for NY-15?,Stylo Sapaskis,,active,US_2026_general_election,2026-09-08T15:07:00Z,usable,2026-09-08T15:00:00Z,0.11666666666666667,0.0285,0.01,0.047,0.037,188.0,bar_age_only_actual_quote_update_time_unavailable
KXHOUSERACE-NY15-26-D,KXHOUSERACE,KXHOUSERACE-NY15-26,Will Democratic win the House race for NY-15?,Ritchie Torres,,active,US_2026_general_election,2026-09-08T15:07:00Z,usable,2026-09-08T14:00:00Z,1.1166666666666667,0.971,0.952,0.99,0.038000000000000034,100.23,bar_age_only_actual_quote_update_time_unavailable
KXHOUSERACE-NY14-26-R,KXHOUSERACE,KXHOUSERACE-NY14-26,Will Republican win the House race for NY-14?,Diamant Hysenaj,,active,US_2026_general_election,2026-09-08T15:07:00Z,usable,2026-09-08T14:00:00Z,1.1166666666666667,0.029,0.001,0.057,0.056,356.0,bar_age_only_actual_quote_update_time_unavailable
KXHOUSERACE-NY14-26-D,KXHOUSERACE,KXHOUSERACE-NY14-26,Will Democratic win the House race for NY-14?,Alexandria Ocasio-Cortez,,active,US_2026_general_election,2026-09-08T15:07:00Z,usable,2026-09-08T14:00:00Z,1.1166666666666667,0.971,0.943,0.999,0.05600000000000005,84.23,bar_age_only_actual_quote_update_time_unavailable
KXHOUSERACE-NY13-26-R,KXHOUSERACE,KXHOUSERACE-NY13-26,Will Republican win the House race for NY-13?,"Manual ""Jomo"" Williams",,active,US_2026_general_election,2026-09-08T15:07:00Z,usable,2026-09-08T15:00:00Z,0.11666666666666667,0.0205,0.001,0.04,0.039,612.03,bar_age_only_actual_quote_update_time_unavailable
KXHOUSERACE-NY13-26-D,KXHOUSERACE,KXHOUSERACE-NY13-26,Will Democratic win the House race for NY-13?,Darializa Avila Chevalier,,active,US_2026_general_election,2026-09-08T15:07:00Z,stale_observation,2026-08-13T08:00:00Z,631.1166666666667,,,,,,
KXHOUSERACE-NY12-26-R,KXHOUSERACE,KXHOUSERACE-NY12-26,Will Republican win the House race for NY-12?,Caroline Shinkle,,active,US_2026_general_election,2026-09-08T15:07:00Z,usable,2026-09-08T14:00:00Z,1.1166666666666667,0.025,0.01,0.04,0.03,1301.65,bar_age_only_actual_quote_update_time_unavailable
KXHOUSERACE-NY12-26-D,KXHOUSERACE,KXHOUSERACE-NY12-26,Will Democratic win the House race for NY-12?,Micah Lasher,,active,US_2026_general_election,2026-09-08T15:07:00Z,usable,2026-09-08T14:00:00Z,1.1166666666666667,0.9744999999999999,0.95,0.999,0.049000000000000044,26.0,bar_age_only_actual_quote_update_time_unavailable
KXHOUSERACE-NY11-26-R,KXHOUSERACE,KXHOUSERACE-NY11-26,Will Republican win the House race for NY-11?,Nicole Malliotakis,,active,US_2026_general_election,2026-09-08T15:07:00Z,usable,2026-09-08T15:00:00Z,0.11666666666666667,0.9339999999999999,0.928,0.94,0.0119999999999999,5872.0,bar_age_only_actual_quote_update_time_unavailable
KXHOUSERACE-NY11-26-D,KXHOUSERACE,KXHOUSERACE-NY11-26,Will Democratic win the House race for NY-11?,Michael DeCillis,,active,US_2026_general_election,2026-09-08T15:07:00Z,usable,2026-09-08T15:00:00Z,0.11666666666666667,0.0695,0.06,0.079,0.019000000000000003,7504.17,bar_age_only_actual_quote_update_time_unavailable
KXHOUSERACE-NY10-26-R,KXHOUSERACE,KXHOUSERACE-NY10-26,Will Republican win the House race for NY-10?,Jennifer Moore,,active,US_2026_general_election,2026-09-08T15:07:00Z,usable,2026-09-08T15:00:00Z,0.11666666666666667,0.025,0.001,0.049,0.048,3914.0,bar_age_only_actual_quote_update_time_unavailable
KXHOUSERACE-NY10-26-D,KXHOUSERACE,KXHOUSERACE-NY10-26,Will Democratic win the House race for NY-10?,Brad Lander,,active,US_2026_general_election,2026-09-08T15:07:00Z,usable,2026-09-08T14:00:00Z,1.1166666666666667,0.9744999999999999,0.95,0.999,0.049000000000000044,412.0,bar_age_only_actual_quote_update_time_unavailable
KXHOUSERACE-NY09-26-R,KXHOUSERACE,KXHOUSERACE-NY09-26,Will Republican win the House race for NY-09?,Joel Anabilah-Azumah,,active,US_2026_general_election,2026-09-08T15:07:00Z,usable,2026-09-08T15:00:00Z,0.11666666666666667,0.025500000000000002,0.001,0.05,0.049,248.0,bar_age_only_actual_quote_update_time_unavailable
KXHOUSERACE-NY09-26-D,KXHOUSERACE,KXHOUSERACE-NY09-26,Will Democratic win the House race for NY-09?,Yvette Clarke,,active,US_2026_general_election,2026-09-08T15:07:00Z,usable,2026-09-08T12:00:00Z,3.1166666666666667,0.9744999999999999,0.95,0.999,0.049000000000000044,1004.0,bar_age_only_actual_quote_update_time_unavailable
KXHOUSERACE-NY07-26-R,KXHOUSERACE,KXHOUSERACE-NY07-26,Will Republican win the House race for NY-07?,Melvin Rivera,,active,US_2026_general_election,2026-09-08T15:07:00Z,stale_observation,2026-08-24T17:00:00Z,358.1166666666667,,,,,,
KXHOUSERACE-NY07-26-D,KXHOUSERACE,KXHOUSERACE-NY07-26,Will Democratic win the House race for NY-07?,Claire Valdez,,active,US_2026_general_election,2026-09-08T15:07:00Z,usable,2026-09-08T14:00:00Z,1.1166666666666667,0.983,0.967,0.999,0.03200000000000003,2.0,bar_age_only_actual_quote_update_time_unavailable
KXHOUSERACE-NY08-26-R,KXHOUSERACE,KXHOUSERACE-NY08-26,Will Republican win the House race for NY-08?,Lewis Mizrahi,,active,US_2026_general_election,2026-09-08T15:07:00Z,usable,2026-09-08T10:00:00Z,5.116666666666666,0.025500000000000002,0.001,0.05,0.049,133.0,bar_age_only_actual_quote_update_time_unavailable
KXHOUSERACE-NY08-26-D,KXHOUSERACE,KXHOUSERACE-NY08-26,Will Democratic win the House race for NY-08?,Hakeem Jeffries,,active,US_2026_general_election,2026-09-08T15:07:00Z,usable,2026-09-08T15:00:00Z,0.11666666666666667,0.9724999999999999,0.947,0.998,0.051000000000000045,73.08,bar_age_only_actual_quote_update_time_unavailable
KXHOUSERACE-NY06-26-R,KXHOUSERACE,KXHOUSERACE-NY06-26,Will Republican win the House race for NY-06?,Joseph Chou,,active,US_2026_general_election,2026-09-08T15:07:00Z,usable,2026-09-08T15:00:00Z,0.11666666666666667,0.034499999999999996,0.01,0.059,0.048999999999999995,899.0,bar_age_only_actual_quote_update_time_unavailable
KXHOUSERACE-NY06-26-D,KXHOUSERACE,KXHOUSERACE-NY06-26,Will Democratic win the House race for NY-06?,Grace Meng,,active,US_2026_general_election,2026-09-08T15:07:00Z,usable,2026-09-08T15:00:00Z,0.11666666666666667,0.9655,0.941,0.99,0.049000000000000044,251.0,bar_age_only_actual_quote_update_time_unavailable
KXHOUSERACE-NY05-26-R,KXHOUSERACE,KXHOUSERACE-NY05-26,Will Republican win the House race for NY-05?,George Marsh,,active,US_2026_general_election,2026-09-08T15:07:00Z,usable,2026-09-08T15:00:00Z,0.11666666666666667,0.035500000000000004,0.003,0.068,0.065,1424.78,bar_age_only_actual_quote_update_time_unavailable
KXHOUSERACE-NY05-26-D,KXHOUSERACE,KXHOUSERACE-NY05-26,Will Democratic win the House race for NY-05?,Gregory Meeks,,active,US_2026_general_election,2026-09-08T15:07:00Z,usable,2026-09-08T14:00:00Z,1.1166666666666667,0.962,0.926,0.998,0.07199999999999995,728.26,bar_age_only_actual_quote_update_time_unavailable
KXHOUSERACE-NY02-26-R,KXHOUSERACE,KXHOUSERACE-NY02-26,Will Republican win the House race for NY-02?,Andrew Garbarino,,active,US_2026_general_election,2026-09-08T15:07:00Z,usable,2026-09-08T14:00:00Z,1.1166666666666667,0.87,0.86,0.88,0.020000000000000018,4623.52,bar_age_only_actual_quote_update_time_unavailable
KXHOUSERACE-NY02-26-D,KXHOUSERACE,KXHOUSERACE-NY02-26,Will Democratic win the House race for NY-02?,Patrick Halpin,,active,US_2026_general_election,2026-09-08T15:07:00Z,usable,2026-09-08T15:00:00Z,0.11666666666666667,0.1205,0.091,0.15,0.059,4945.0,bar_age_only_actual_quote_update_time_unavailable
KXHOUSERACE-NY01-26-R,KXHOUSERACE,KXHOUSERACE-NY01-26,Will Republican win the House race for NY-01?,Nick LaLota,,active,US_2026_general_election,2026-09-08T15:07:00Z,usable,2026-09-08T15:00:00Z,0.11666666666666667,0.735,0.72,0.75,0.030000000000000027,7445.32,bar_age_only_actual_quote_update_time_unavailable
KXHOUSERACE-NY01-26-D,KXHOUSERACE,KXHOUSERACE-NY01-26,Will Democratic win the House race for NY-01?,Chris Gallant,,active,US_2026_general_election,2026-09-08T15:07:00Z,usable,2026-09-08T15:00:00Z,0.11666666666666667,0.265,0.25,0.28,0.030000000000000027,8164.1,bar_age_only_actual_quote_update_time_unavailable
KXHOUSERACE-NV02-26-R,KXHOUSERACE,KXHOUSERACE-NV02-26,Will Republican win the House race for NV-02?,David Flippo,,active,US_2026_general_election,2026-09-08T15:07:00Z,usable,2026-09-08T15:00:00Z,0.11666666666666667,0.775,0.76,0.79,0.030000000000000027,3001.02,bar_age_only_actual_quote_update_time_unavailable
KXHOUSERACE-NV02-26-D,KXHOUSERACE,KXHOUSERACE-NV02-26,Will Democratic win the House race for NV-02?,Teresa Benitez-Thompson,,active,US_2026_general_election,2026-09-08T15:07:00Z,usable,2026-09-08T15:00:00Z,0.11666666666666667,0.21500000000000002,0.2,0.23,0.03,4182.74,bar_age_only_actual_quote_update_time_unavailable
KXHOUSERACE-NM03-26-R,KXHOUSERACE,KXHOUSERACE-NM03-26,Will Republican win the House race for NM-03?,Martin Zamora,,active,US_2026_general_election,2026-09-08T15:07:00Z,usable,2026-09-08T10:00:00Z,5.116666666666666,0.0605,0.046,0.075,0.028999999999999998,2151.0,bar_age_only_actual_quote_update_time_unavailable
KXHOUSERACE-NM03-26-D,KXHOUSERACE,KXHOUSERACE-NM03-26,Will Democratic win the House race for NM-03?,Teresa Leger Fernández,,active,US_2026_general_election,2026-09-08T15:07:00Z,usable,2026-09-08T14:00:00Z,1.1166666666666667,0.9239999999999999,0.9,0.948,0.04799999999999993,588.68,bar_age_only_actual_quote_update_time_unavailable
KXHOUSERACE-NM01-26-R,KXHOUSERACE,KXHOUSERACE-NM01-26,Will Republican win the House race for NM-01?,Didi Okpareke,,active,US_2026_general_election,2026-09-08T15:07:00Z,usable,2026-09-08T15:00:00Z,0.11666666666666667,0.049,0.032,0.066,0.034,1903.0,bar_age_only_actual_quote_update_time_unavailable
KXHOUSERACE-NM01-26-D,KXHOUSERACE,KXHOUSERACE-NM01-26,Will Democratic win the House race for NM-01?,Melanie Stansbury,,active,US_2026_general_election,2026-09-08T15:07:00Z,usable,2026-09-08T15:00:00Z,0.11666666666666667,0.935,0.92,0.95,0.029999999999999916,1860.0,bar_age_only_actual_quote_update_time_unavailable
KXHOUSERACE-NJ12-26-R,KXHOUSERACE,KXHOUSERACE-NJ12-26,Will Republican win the House race for NJ-12?,Gregg Mele,,active,US_2026_general_election,2026-09-08T15:07:00Z,usable,2026-09-08T15:00:00Z,0.11666666666666667,0.049,0.034,0.064,0.03,2097.0,bar_age_only_actual_quote_update_time_unavailable
KXHOUSERACE-NJ12-26-D,KXHOUSERACE,KXHOUSERACE-NJ12-26,Will Democratic win the House race for NJ-12?,Adam Hamawy,,active,US_2026_general_election,2026-09-08T15:07:00Z,usable,2026-09-08T15:00:00Z,0.11666666666666667,0.9430000000000001,0.924,0.962,0.03799999999999992,1438.0,bar_age_only_actual_quote_update_time_unavailable
KXHOUSERACE-NJ10-26-R,KXHOUSERACE,KXHOUSERACE-NJ10-26,Will Republican win the House race for NJ-10?,Carmen Bucco,,active,US_2026_general_election,2026-09-08T15:07:00Z,usable,2026-09-08T14:00:00Z,1.1166666666666667,0.0185,0.001,0.036,0.034999999999999996,714.0,bar_age_only_actual_quote_update_time_unavailable
KXHOUSERACE-NJ10-26-D,KXHOUSERACE,KXHOUSERACE-NJ10-26,Will Democratic win the House race for NJ-10?,LaMonica McIver,,active,US_2026_general_election,2026-09-08T15:07:00Z,usable,2026-09-08T15:00:00Z,0.11666666666666667,0.9764999999999999,0.963,0.99,0.027000000000000024,26.0,bar_age_only_actual_quote_update_time_unavailable
KXHOUSERACE-NJ11-26-R,KXHOUSERACE,KXHOUSERACE-NJ11-26,Will Republican win the House race for NJ-11?,Joe Hathaway,,active,US_2026_general_election,2026-09-08T15:07:00Z,usable,2026-09-08T15:00:00Z,0.11666666666666667,0.0395,0.01,0.069,0.059000000000000004,2175.64,bar_age_only_actual_quote_update_time_unavailable
KXHOUSERACE-NJ11-26-D,KXHOUSERACE,KXHOUSERACE-NJ11-26,Will Democratic win the House race for NJ-11?,Analilia Mejia,,active,US_2026_general_election,2026-09-08T15:07:00Z,usable,2026-09-08T15:00:00Z,0.11666666666666667,0.9604999999999999,0.941,0.98,0.039000000000000035,2581.55,bar_age_only_actual_quote_update_time_unavailable
KXHOUSERACE-NJ08-26-R,KXHOUSERACE,KXHOUSERACE-NJ08-26,Will Republican win the House race for NJ-08?,Republican party,,active,US_2026_general_election,2026-09-08T15:07:00Z,usable,2026-09-08T15:00:00Z,0.11666666666666667,0.025,0.01,0.04,0.03,1774.2,bar_age_only_actual_quote_update_time_unavailable
KXHOUSERACE-NJ08-26-D,KXHOUSERACE,KXHOUSERACE-NJ08-26,Will Democratic win the House race for NJ-08?,Rob Menendez,,active,US_2026_general_election,2026-09-08T15:07:00Z,usable,2026-09-08T15:00:00Z,0.11666666666666667,0.971,0.952,0.99,0.038000000000000034,280.0,bar_age_only_actual_quote_update_time_unavailable
KXHOUSERACE-NJ06-26-R,KXHOUSERACE,KXHOUSERACE-NJ06-26,Will Republican win the House race for NJ-06?,Hillary Herzig,,active,US_2026_general_election,2026-09-08T15:07:00Z,usable,2026-09-08T15:00:00Z,0.11666666666666667,0.043,0.011,0.075,0.064,72.0,bar_age_only_actual_quote_update_time_unavailable
KXHOUSERACE-NJ06-26-D,KXHOUSERACE,KXHOUSERACE-NJ06-26,Will Democratic win the House race for NJ-06?,Frank Pallone,,active,US_2026_general_election,2026-09-08T15:07:00Z,usable,2026-09-08T15:00:00Z,0.11666666666666667,0.9570000000000001,0.925,0.989,0.06399999999999995,23.0,bar_age_only_actual_quote_update_time_unavailable
KXHOUSERACE-NJ04-26-R,KXHOUSERACE,KXHOUSERACE-NJ04-26,Will Republican win the House race for NJ-04?,Chris Smith,,active,US_2026_general_election,2026-09-08T15:07:00Z,usable,2026-09-08T14:00:00Z,1.1166666666666667,0.9644999999999999,0.949,0.98,0.031000000000000028,661.0,bar_age_only_actual_quote_update_time_unavailable
KXHOUSERACE-NJ04-26-D,KXHOUSERACE,KXHOUSERACE-NJ04-26,Will Democratic win the House race for NJ-04?,Rachel Peace,,active,US_2026_general_election,2026-09-08T15:07:00Z,usable,2026-09-08T14:00:00Z,1.1166666666666667,0.0365,0.018,0.055,0.037000000000000005,1026.92,bar_age_only_actual_quote_update_time_unavailable
KXHOUSERACE-NJ03-26-R,KXHOUSERACE,KXHOUSERACE-NJ03-26,Will Republican win the House race for NJ-03?,Michael McGuire,,active,US_2026_general_election,2026-09-08T15:07:00Z,usable,2026-09-08T15:00:00Z,0.11666666666666667,0.042499999999999996,0.01,0.075,0.065,2226.18,bar_age_only_actual_quote_update_time_unavailable
KXHOUSERACE-NJ03-26-D,KXHOUSERACE,KXHOUSERACE-NJ03-26,Will Democratic win the House race for NJ-03?,Herb Conaway,,active,US_2026_general_election,2026-09-08T15:07:00Z,usable,2026-09-08T14:00:00Z,1.1166666666666667,0.952,0.925,0.979,0.05399999999999994,896.0,bar_age_only_actual_quote_update_time_unavailable
KXHOUSERACE-NJ02-26-R,KXHOUSERACE,KXHOUSERACE-NJ02-26,Will Republican win the House race for NJ-02?,Jeff Van Drew,,active,US_2026_general_election,2026-09-08T15:07:00Z,usable,2026-09-08T14:00:00Z,1.1166666666666667,0.835,0.83,0.84,0.010000000000000009,6803.67,bar_age_only_actual_quote_update_time_unavailable
KXHOUSERACE-NJ02-26-D,KXHOUSERACE,KXHOUSERACE-NJ02-26,Will Democratic win the House race for NJ-02?,Zack Mullock,,active,US_2026_general_election,2026-09-08T15:07:00Z,usable,2026-09-08T14:00:00Z,1.1166666666666667,0.16999999999999998,0.16,0.18,0.01999999999999999,5055.51,bar_age_only_actual_quote_update_time_unavailable
KXHOUSERACE-NJ01-26-R,KXHOUSERACE,KXHOUSERACE-NJ01-26,Will Republican win the House race for NJ-01?,Damon Galdo,,active,US_2026_general_election,2026-09-08T15:07:00Z,usable,2026-09-08T14:00:00Z,1.1166666666666667,0.0365,0.022,0.051,0.028999999999999998,1661.58,bar_age_only_actual_quote_update_time_unavailable
KXHOUSERACE-NJ01-26-D,KXHOUSERACE,KXHOUSERACE-NJ01-26,Will Democratic win the House race for NJ-01?,Donald Norcross,,active,US_2026_general_election,2026-09-08T15:07:00Z,usable,2026-09-08T14:00:00Z,1.1166666666666667,0.9545,0.93,0.979,0.04899999999999993,403.0,bar_age_only_actual_quote_update_time_unavailable
KXHOUSERACE-NH02-26-R,KXHOUSERACE,KXHOUSERACE-NH02-26,Will Republican win the House race for NH-02?,Republican party,,active,US_2026_general_election,2026-09-08T15:07:00Z,usable,2026-09-08T15:00:00Z,0.11666666666666667,0.055,0.027,0.083,0.05600000000000001,391.38,bar_age_only_actual_quote_update_time_unavailable
KXHOUSERACE-NH02-26-D,KXHOUSERACE,KXHOUSERACE-NH02-26,Will Democratic win the House race for NH-02?,Democratic party,,active,US_2026_general_election,2026-09-08T15:07:00Z,usable,2026-09-08T15:00:00Z,0.11666666666666667,0.9435,0.917,0.97,0.052999999999999936,2680.0,bar_age_only_actual_quote_update_time_unavailable
KXHOUSERACE-NE03-26-R,KXHOUSERACE,KXHOUSERACE-NE03-26,Will Republican win the House race for NE-03?,Adrian Smith,,active,US_2026_general_election,2026-09-08T15:07:00Z,usable,2026-09-07T19:00:00Z,20.116666666666667,0.9650000000000001,0.932,0.998,0.06599999999999995,1613.0,bar_age_only_actual_quote_update_time_unavailable
KXHOUSERACE-NE03-26-D,KXHOUSERACE,KXHOUSERACE-NE03-26,Will Democratic win the House race for NE-03?,Becky Stille,,active,US_2026_general_election,2026-09-08T15:07:00Z,usable,2026-09-08T14:00:00Z,1.1166666666666667,0.035,0.002,0.068,0.066,333.0,bar_age_only_actual_quote_update_time_unavailable
KXHOUSERACE-NE01-26-R,KXHOUSERACE,KXHOUSERACE-NE01-26,Will Republican win the House race for NE-01?,Mike Flood,,active,US_2026_general_election,2026-09-08T15:07:00Z,usable,2026-09-08T15:00:00Z,0.11666666666666667,0.87,0.86,0.88,0.020000000000000018,2468.56,bar_age_only_actual_quote_update_time_unavailable
KXHOUSERACE-NE01-26-D,KXHOUSERACE,KXHOUSERACE-NE01-26,Will Democratic win the House race for NE-01?,Chris Backemeyer,,active,US_2026_general_election,2026-09-08T15:07:00Z,usable,2026-09-08T15:00:00Z,0.11666666666666667,0.13,0.12,0.14,0.020000000000000018,3814.31,bar_age_only_actual_quote_update_time_unavailable
KXHOUSERACE-NDAL-26-R,KXHOUSERACE,KXHOUSERACE-NDAL-26,Will Republican win the House race for ND-AL?,Julie Fedorchak,,active,US_2026_general_election,2026-09-08T15:07:00Z,usable,2026-09-08T15:00:00Z,0.11666666666666667,0.9724999999999999,0.966,0.979,0.013000000000000012,1069.45,bar_age_only_actual_quote_update_time_unavailable
KXHOUSERACE-NDAL-26-D,KXHOUSERACE,KXHOUSERACE-NDAL-26,Will Democratic win the House race for ND-AL?,Trygve Hammer,,active,US_2026_general_election,2026-09-08T15:07:00Z,usable,2026-09-08T14:00:00Z,1.1166666666666667,0.013,0.003,0.023,0.02,1817.28,bar_age_only_actual_quote_update_time_unavailable
KXHOUSERACE-NC14-26-R,KXHOUSERACE,KXHOUSERACE-NC14-26,Will Republican win the House race for NC-14?,Tim Moore,,active,US_2026_general_election,2026-09-08T15:07:00Z,usable,2026-09-08T15:00:00Z,0.11666666666666667,0.8795,0.85,0.909,0.05900000000000005,261.89,bar_age_only_actual_quote_update_time_unavailable
KXHOUSERACE-NC14-26-D,KXHOUSERACE,KXHOUSERACE-NC14-26,Will Democratic win the House race for NC-14?,LaKesha Womack,,active,US_2026_general_election,2026-09-08T15:07:00Z,usable,2026-09-08T15:00:00Z,0.11666666666666667,0.11000000000000001,0.08,0.14,0.06000000000000001,1519.73,bar_age_only_actual_quote_update_time_unavailable
KXHOUSERACE-NC13-26-R,KXHOUSERACE,KXHOUSERACE-NC13-26,Will Republican win the House race for NC-13?,Brad Knott,,active,US_2026_general_election,2026-09-08T15:07:00Z,usable,2026-09-08T15:00:00Z,0.11666666666666667,0.8805000000000001,0.85,0.911,0.061000000000000054,1058.4,bar_age_only_actual_quote_update_time_unavailable
KXHOUSERACE-NC13-26-D,KXHOUSERACE,KXHOUSERACE-NC13-26,Will Democratic win the House race for NC-13?,Paul Barringer,,active,US_2026_general_election,2026-09-08T15:07:00Z,usable,2026-09-08T15:00:00Z,0.11666666666666667,0.1095,0.089,0.13,0.04100000000000001,208.0,bar_age_only_actual_quote_update_time_unavailable
KXHOUSERACE-NC12-26-R,KXHOUSERACE,KXHOUSERACE-NC12-26,Will Republican win the House race for NC-12?,Jack Codiga,,active,US_2026_general_election,2026-09-08T15:07:00Z,stale_observation,2026-09-07T04:00:00Z,35.11666666666667,,,,,,
KXHOUSERACE-NC12-26-D,KXHOUSERACE,KXHOUSERACE-NC12-26,Will Democratic win the House race for NC-12?,Alma Adams,,active,US_2026_general_election,2026-09-08T15:07:00Z,stale_observation,2026-09-06T20:00:00Z,43.11666666666667,,,,,,
KXHOUSERACE-NC10-26-R,KXHOUSERACE,KXHOUSERACE-NC10-26,Will Republican win the House race for NC-10?,Pat Harrigan,,active,US_2026_general_election,2026-09-08T15:07:00Z,usable,2026-09-08T15:00:00Z,0.11666666666666667,0.9325,0.905,0.96,0.05499999999999994,1079.0,bar_age_only_actual_quote_update_time_unavailable
KXHOUSERACE-NC10-26-D,KXHOUSERACE,KXHOUSERACE-NC10-26,Will Democratic win the House race for NC-10?,Ashley Bell,,active,US_2026_general_election,2026-09-08T15:07:00Z,usable,2026-09-08T15:00:00Z,0.11666666666666667,0.0555,0.034,0.077,0.043,902.14,bar_age_only_actual_quote_update_time_unavailable
KXHOUSERACE-NC09-26-R,KXHOUSERACE,KXHOUSERACE-NC09-26,Will Republican win the House race for NC-09?,Richard Hudson,,active,US_2026_general_election,2026-09-08T15:07:00Z,usable,2026-09-08T15:00:00Z,0.11666666666666667,0.795,0.79,0.8,0.010000000000000009,1204.15,bar_age_only_actual_quote_update_time_unavailable
KXHOUSERACE-NC09-26-D,KXHOUSERACE,KXHOUSERACE-NC09-26,Will Democratic win the House race for NC-09?,Richard Ojeda,,active,US_2026_general_election,2026-09-08T15:07:00Z,usable,2026-09-08T14:00:00Z,1.1166666666666667,0.215,0.19,0.24,0.04999999999999999,7264.3,bar_age_only_actual_quote_update_time_unavailable
KXHOUSERACE-NC08-26-R,KXHOUSERACE,KXHOUSERACE-NC08-26,Will Republican win the House race for NC-08?,Mark Harris,,active,US_2026_general_election,2026-09-08T15:07:00Z,usable,2026-09-08T14:00:00Z,1.1166666666666667,0.9205,0.901,0.94,0.038999999999999924,1358.0,bar_age_only_actual_quote_update_time_unavailable
KXHOUSERACE-NC08-26-D,KXHOUSERACE,KXHOUSERACE-NC08-26,Will Democratic win the House race for NC-08?,Colby Watson,,active,US_2026_general_election,2026-09-08T15:07:00Z,usable,2026-09-08T15:00:00Z,0.11666666666666667,0.0695,0.043,0.096,0.053000000000000005,1599.0,bar_age_only_actual_quote_update_time_unavailable
KXHOUSERACE-NC07-26-R,KXHOUSERACE,KXHOUSERACE-NC07-26,Will Republican win the House race for NC-07?,David Rouzer,,active,US_2026_general_election,2026-09-08T15:07:00Z,usable,2026-09-08T15:00:00Z,0.11666666666666667,0.87,0.86,0.88,0.020000000000000018,1675.88,bar_age_only_actual_quote_update_time_unavailable
KXHOUSERACE-NC07-26-D,KXHOUSERACE,KXHOUSERACE-NC07-26,Will Democratic win the House race for NC-07?,Kim Hardy,,active,US_2026_general_election,2026-09-08T15:07:00Z,usable,2026-09-08T15:00:00Z,0.11666666666666667,0.113,0.086,0.14,0.05400000000000002,2172.0,bar_age_only_actual_quote_update_time_unavailable
KXHOUSERACE-NC06-26-R,KXHOUSERACE,KXHOUSERACE-NC06-26,Will Republican win the House race for NC-06?,Addison McDowell,,active,US_2026_general_election,2026-09-08T15:07:00Z,usable,2026-09-08T15:00:00Z,0.11666666666666667,0.8995,0.86,0.939,0.07899999999999996,461.0,bar_age_only_actual_quote_update_time_unavailable
KXHOUSERACE-NC06-26-D,KXHOUSERACE,KXHOUSERACE-NC06-26,Will Democratic win the House race for NC-06?,Cyril Jefferson,,active,US_2026_general_election,2026-09-08T15:07:00Z,usable,2026-09-08T15:00:00Z,0.11666666666666667,0.094,0.058,0.13,0.07200000000000001,1051.0,bar_age_only_actual_quote_update_time_unavailable
KXHOUSERACE-NC05-26-R,KXHOUSERACE,KXHOUSERACE-NC05-26,Will Republican win the House race for NC-05?,Virginia Foxx,,active,US_2026_general_election,2026-09-08T15:07:00Z,usable,2026-09-08T15:00:00Z,0.11666666666666667,0.8995,0.88,0.919,0.039000000000000035,2476.0,bar_age_only_actual_quote_update_time_unavailable
KXHOUSERACE-NC05-26-D,KXHOUSERACE,KXHOUSERACE-NC05-26,Will Democratic win the House race for NC-05?,Chuck Hubbard,,active,US_2026_general_election,2026-09-08T15:07:00Z,usable,2026-09-08T15:00:00Z,0.11666666666666667,0.1035,0.087,0.12,0.033,503.94,bar_age_only_actual_quote_update_time_unavailable
KXHOUSERACE-NC04-26-R,KXHOUSERACE,KXHOUSERACE-NC04-26,Will Republican win the House race for NC-04?,Max Ganorkar,,active,US_2026_general_election,2026-09-08T15:07:00Z,stale_observation,2026-09-06T20:00:00Z,43.11666666666667,,,,,,
KXHOUSERACE-NC04-26-D,KXHOUSERACE,KXHOUSERACE-NC04-26,Will Democratic win the House race for NC-04?,Valerie Foushee,,active,US_2026_general_election,2026-09-08T15:07:00Z,usable,2026-09-08T15:00:00Z,0.11666666666666667,0.9695,0.949,0.99,0.041000000000000036,87.0,bar_age_only_actual_quote_update_time_unavailable
KXHOUSERACE-NC03-26-R,KXHOUSERACE,KXHOUSERACE-NC03-26,Will Republican win the House race for NC-03?,Greg Murphy,,active,US_2026_general_election,2026-09-08T15:07:00Z,usable,2026-09-08T15:00:00Z,0.11666666666666667,0.9015,0.87,0.933,0.06300000000000006,1121.0,bar_age_only_actual_quote_update_time_unavailable
KXHOUSERACE-NC03-26-D,KXHOUSERACE,KXHOUSERACE-NC03-26,Will Democratic win the House race for NC-03?,Raymond Smith Jr.,,active,US_2026_general_election,2026-09-08T15:07:00Z,usable,2026-09-08T15:00:00Z,0.11666666666666667,0.098,0.066,0.13,0.064,105.0,bar_age_only_actual_quote_update_time_unavailable
KXHOUSERACE-NC02-26-R,KXHOUSERACE,KXHOUSERACE-NC02-26,Will Republican win the House race for NC-02?,Gene Douglass,,active,US_2026_general_election,2026-09-08T15:07:00Z,usable,2026-09-08T14:00:00Z,1.1166666666666667,0.044500000000000005,0.02,0.069,0.049,671.35,bar_age_only_actual_quote_update_time_unavailable
KXHOUSERACE-NC02-26-D,KXHOUSERACE,KXHOUSERACE-NC02-26,Will Democratic win the House race for NC-02?,Deborah Ross,,active,US_2026_general_election,2026-09-08T15:07:00Z,usable,2026-09-08T14:00:00Z,1.1166666666666667,0.9630000000000001,0.937,0.989,0.051999999999999935,604.0,bar_age_only_actual_quote_update_time_unavailable
KXHOUSERACE-MS04-26-R,KXHOUSERACE,KXHOUSERACE-MS04-26,Will Republican win the House race for MS-04?,Mike Ezell,,active,US_2026_general_election,2026-09-08T15:07:00Z,stale_observation,2026-09-07T07:00:00Z,32.11666666666667,,,,,,
KXHOUSERACE-MS04-26-D,KXHOUSERACE,KXHOUSERACE-MS04-26,Will Democratic win the House race for MS-04?,Jeffrey Hulum III,,active,US_2026_general_election,2026-09-08T15:07:00Z,stale_observation,2026-09-07T07:00:00Z,32.11666666666667,,,,,,
KXHOUSERACE-MT02-26-R,KXHOUSERACE,KXHOUSERACE-MT02-26,Will Republican win the House race for MT-02?,Troy Downing,,active,US_2026_general_election,2026-09-08T15:07:00Z,usable,2026-09-08T10:00:00Z,5.116666666666666,0.966,0.952,0.98,0.028000000000000025,2264.33,bar_age_only_actual_quote_update_time_unavailable
KXHOUSERACE-MT02-26-D,KXHOUSERACE,KXHOUSERACE-MT02-26,Will Democratic win the House race for MT-02?,Brian Miller,,active,US_2026_general_election,2026-09-08T15:07:00Z,usable,2026-09-08T14:00:00Z,1.1166666666666667,0.018500000000000003,0.002,0.035,0.033,2109.0,bar_age_only_actual_quote_update_time_unavailable
KXHOUSERACE-MS03-26-R,KXHOUSERACE,KXHOUSERACE-MS03-26,Will Republican win the House race for MS-03?,Michael Guest,,active,US_2026_general_election,2026-09-08T15:07:00Z,stale_observation,2026-09-06T22:00:00Z,41.11666666666667,,,,,,
KXHOUSERACE-MS03-26-D,KXHOUSERACE,KXHOUSERACE-MS03-26,Will Democratic win the House race for MS-03?,Michael Chiaradio,,active,US_2026_general_election,2026-09-08T15:07:00Z,usable,2026-09-08T15:00:00Z,0.11666666666666667,0.0305,0.001,0.06,0.059,298.51,bar_age_only_actual_quote_update_time_unavailable
KXHOUSERACE-MS02-26-R,KXHOUSERACE,KXHOUSERACE-MS02-26,Will Republican win the House race for MS-02?,Ron Eller,,active,US_2026_general_election,2026-09-08T15:07:00Z,usable,2026-09-08T15:00:00Z,0.11666666666666667,0.0615,0.047,0.076,0.028999999999999998,5963.16,bar_age_only_actual_quote_update_time_unavailable
KXHOUSERACE-MS02-26-D,KXHOUSERACE,KXHOUSERACE-MS02-26,Will Democratic win the House race for MS-02?,Bennie Thompson,,active,US_2026_general_election,2026-09-08T15:07:00Z,usable,2026-09-08T14:00:00Z,1.1166666666666667,0.9495,0.942,0.957,0.015000000000000013,4686.51,bar_age_only_actual_quote_update_time_unavailable
KXHOUSERACE-MS01-26-R,KXHOUSERACE,KXHOUSERACE-MS01-26,Will Republican win the House race for MS-01?,Trent Kelly,,active,US_2026_general_election,2026-09-08T15:07:00Z,usable,2026-09-08T14:00:00Z,1.1166666666666667,0.9515,0.939,0.964,0.025000000000000022,1824.02,bar_age_only_actual_quote_update_time_unavailable
KXHOUSERACE-MS01-26-D,KXHOUSERACE,KXHOUSERACE-MS01-26,Will Democratic win the House race for MS-01?,Cliff Johnson,,active,US_2026_general_election,2026-09-08T15:07:00Z,usable,2026-09-08T15:00:00Z,0.11666666666666667,0.039,0.005,0.073,0.06799999999999999,302.0,bar_age_only_actual_quote_update_time_unavailable
KXHOUSERACE-MO08-26-R,KXHOUSERACE,KXHOUSERACE-MO08-26,Will Republican win the House race for MO-08?,Republican party,,active,US_2026_general_election,2026-09-08T15:07:00Z,stale_observation,2026-09-04T20:00:00Z,91.11666666666666,,,,,,
KXHOUSERACE-MO08-26-D,KXHOUSERACE,KXHOUSERACE-MO08-26,Will Democratic win the House race for MO-08?,Democratic party,,active,US_2026_general_election,2026-09-08T15:07:00Z,stale_observation,2026-09-04T20:00:00Z,91.11666666666666,,,,,,
KXHOUSERACE-MO06-26-R,KXHOUSERACE,KXHOUSERACE-MO06-26,Will Republican win the House race for MO-06?,Republican party,,active,US_2026_general_election,2026-09-08T15:07:00Z,usable,2026-09-08T14:00:00Z,1.1166666666666667,0.9325,0.903,0.962,0.05899999999999994,1079.46,bar_age_only_actual_quote_update_time_unavailable
KXHOUSERACE-MO06-26-D,KXHOUSERACE,KXHOUSERACE-MO06-26,Will Democratic win the House race for MO-06?,Democratic party,,active,US_2026_general_election,2026-09-08T15:07:00Z,usable,2026-09-08T15:00:00Z,0.11666666666666667,0.0615,0.031,0.092,0.061,2214.48,bar_age_only_actual_quote_update_time_unavailable
KXHOUSERACE-MO07-26-R,KXHOUSERACE,KXHOUSERACE-MO07-26,Will Republican win the House race for MO-07?,Republican party,,active,US_2026_general_election,2026-09-08T15:07:00Z,usable,2026-09-08T15:00:00Z,0.11666666666666667,0.9590000000000001,0.928,0.99,0.061999999999999944,330.0,bar_age_only_actual_quote_update_time_unavailable
KXHOUSERACE-MO07-26-D,KXHOUSERACE,KXHOUSERACE-MO07-26,Will Democratic win the House race for MO-07?,Democratic party,,active,US_2026_general_election,2026-09-08T15:07:00Z,usable,2026-09-08T15:00:00Z,0.11666666666666667,0.034999999999999996,0.01,0.06,0.049999999999999996,385.0,bar_age_only_actual_quote_update_time_unavailable
KXHOUSERACE-MO04-26-R,KXHOUSERACE,KXHOUSERACE-MO04-26,Will Republican win the House race for MO-04?,Republican party,,active,US_2026_general_election,2026-09-08T15:07:00Z,usable,2026-09-08T15:00:00Z,0.11666666666666667,0.9450000000000001,0.919,0.971,0.051999999999999935,1669.0,bar_age_only_actual_quote_update_time_unavailable
KXHOUSERACE-MO04-26-D,KXHOUSERACE,KXHOUSERACE-MO04-26,Will Democratic win the House race for MO-04?,Democratic party,,active,US_2026_general_election,2026-09-08T15:07:00Z,usable,2026-09-08T15:00:00Z,0.11666666666666667,0.0515,0.026,0.077,0.051000000000000004,1698.93,bar_age_only_actual_quote_update_time_unavailable
KXHOUSERACE-MO03-26-R,KXHOUSERACE,KXHOUSERACE-MO03-26,Will Republican win the House race for MO-03?,Republican party,,active,US_2026_general_election,2026-09-08T15:07:00Z,usable,2026-09-08T15:00:00Z,0.11666666666666667,0.94,0.901,0.979,0.07799999999999996,51.0,bar_age_only_actual_quote_update_time_unavailable
KXHOUSERACE-MO03-26-D,KXHOUSERACE,KXHOUSERACE-MO03-26,Will Democratic win the House race for MO-03?,Democratic party,,active,US_2026_general_election,2026-09-08T15:07:00Z,usable,2026-09-08T15:00:00Z,0.11666666666666667,0.065,0.031,0.099,0.068,811.0,bar_age_only_actual_quote_update_time_unavailable
KXHOUSERACE-MO02-26-R,KXHOUSERACE,KXHOUSERACE-MO02-26,Will Republican win the House race for MO-02?,Republican party,,active,US_2026_general_election,2026-09-08T15:07:00Z,usable,2026-09-08T15:00:00Z,0.11666666666666667,0.6950000000000001,0.68,0.71,0.029999999999999916,3956.74,bar_age_only_actual_quote_update_time_unavailable
KXHOUSERACE-MO02-26-D,KXHOUSERACE,KXHOUSERACE-MO02-26,Will Democratic win the House race for MO-02?,Democratic party,,active,US_2026_general_election,2026-09-08T15:07:00Z,usable,2026-09-08T13:00:00Z,2.1166666666666667,0.31,0.3,0.32,0.020000000000000018,2137.4,bar_age_only_actual_quote_update_time_unavailable
KXHOUSERACE-MO01-26-R,KXHOUSERACE,KXHOUSERACE-MO01-26,Will Republican win the House race for MO-01?,Republican party,,active,US_2026_general_election,2026-09-08T15:07:00Z,usable,2026-09-08T15:00:00Z,0.11666666666666667,0.037,0.003,0.071,0.06799999999999999,94.0,bar_age_only_actual_quote_update_time_unavailable
KXHOUSERACE-MO01-26-D,KXHOUSERACE,KXHOUSERACE-MO01-26,Will Democratic win the House race for MO-01?,Democratic party,,active,US_2026_general_election,2026-09-08T15:07:00Z,usable,2026-09-08T15:00:00Z,0.11666666666666667,0.9595,0.929,0.99,0.06099999999999994,1637.04,bar_age_only_actual_quote_update_time_unavailable
KXHOUSERACE-MN08-26-R,KXHOUSERACE,KXHOUSERACE-MN08-26,Will Republican win the House race for MN-08?,Pete Stauber,,active,US_2026_general_election,2026-09-08T15:07:00Z,usable,2026-09-08T15:00:00Z,0.11666666666666667,0.855,0.83,0.88,0.050000000000000044,3526.33,bar_age_only_actual_quote_update_time_unavailable
KXHOUSERACE-MN08-26-D,KXHOUSERACE,KXHOUSERACE-MN08-26,Will Democratic win the House race for MN-08?,Trina Swanson,,active,US_2026_general_election,2026-09-08T15:07:00Z,usable,2026-09-08T15:00:00Z,0.11666666666666667,0.14,0.12,0.16,0.04000000000000001,4408.19,bar_age_only_actual_quote_update_time_unavailable
KXHOUSERACE-MN07-26-R,KXHOUSERACE,KXHOUSERACE-MN07-26,Will Republican win the House race for MN-07?,Michelle Fischbach,,active,US_2026_general_election,2026-09-08T15:07:00Z,usable,2026-09-08T14:00:00Z,1.1166666666666667,0.9545,0.931,0.978,0.04699999999999993,1691.34,bar_age_only_actual_quote_update_time_unavailable
KXHOUSERACE-MN07-26-D,KXHOUSERACE,KXHOUSERACE-MN07-26,Will Democratic win the House race for MN-07?,Erik Osberg,,active,US_2026_general_election,2026-09-08T15:07:00Z,usable,2026-09-08T15:00:00Z,0.11666666666666667,0.0425,0.018,0.067,0.049,635.64,bar_age_only_actual_quote_update_time_unavailable
KXHOUSERACE-MN06-26-R,KXHOUSERACE,KXHOUSERACE-MN06-26,Will Republican win the House race for MN-06?,Tom Emmer,,active,US_2026_general_election,2026-09-08T15:07:00Z,usable,2026-09-08T14:00:00Z,1.1166666666666667,0.919,0.908,0.93,0.02200000000000002,5283.23,bar_age_only_actual_quote_update_time_unavailable
KXHOUSERACE-MN06-26-D,KXHOUSERACE,KXHOUSERACE-MN06-26,Will Democratic win the House race for MN-06?,Doug Chapin,,active,US_2026_general_election,2026-09-08T15:07:00Z,usable,2026-09-08T14:00:00Z,1.1166666666666667,0.065,0.051,0.079,0.028000000000000004,5697.33,bar_age_only_actual_quote_update_time_unavailable
KXHOUSERACE-MN04-26-R,KXHOUSERACE,KXHOUSERACE-MN04-26,Will Republican win the House race for MN-04?,Paul Wikstrom,,active,US_2026_general_election,2026-09-08T15:07:00Z,usable,2026-09-08T09:00:00Z,6.116666666666666,0.041,0.013,0.069,0.05600000000000001,2269.7,bar_age_only_actual_quote_update_time_unavailable
KXHOUSERACE-MN04-26-D,KXHOUSERACE,KXHOUSERACE-MN04-26,Will Democratic win the House race for MN-04?,Betty McCollum,,active,US_2026_general_election,2026-09-08T15:07:00Z,usable,2026-09-08T14:00:00Z,1.1166666666666667,0.952,0.934,0.97,0.03599999999999992,4604.0,bar_age_only_actual_quote_update_time_unavailable
KXHOUSERACE-MN05-26-R,KXHOUSERACE,KXHOUSERACE-MN05-26,Will Republican win the House race for MN-05?,John Nagel,,active,US_2026_general_election,2026-09-08T15:07:00Z,usable,2026-09-08T15:00:00Z,0.11666666666666667,0.031,0.012,0.05,0.038000000000000006,1692.5,bar_age_only_actual_quote_update_time_unavailable
KXHOUSERACE-MN05-26-D,KXHOUSERACE,KXHOUSERACE-MN05-26,Will Democratic win the House race for MN-05?,Ilhan Omar,,active,US_2026_general_election,2026-09-08T15:07:00Z,usable,2026-09-08T09:00:00Z,6.116666666666666,0.976,0.965,0.987,0.02200000000000002,2760.08,bar_age_only_actual_quote_update_time_unavailable
KXHOUSERACE-MN03-26-R,KXHOUSERACE,KXHOUSERACE-MN03-26,Will Republican win the House race for MN-03?,Tyler Bass,,active,US_2026_general_election,2026-09-08T15:07:00Z,usable,2026-09-08T15:00:00Z,0.11666666666666667,0.034999999999999996,0.01,0.06,0.049999999999999996,228.0,bar_age_only_actual_quote_update_time_unavailable
KXHOUSERACE-MN03-26-D,KXHOUSERACE,KXHOUSERACE-MN03-26,Will Democratic win the House race for MN-03?,Kelly Morrison,,active,US_2026_general_election,2026-09-08T15:07:00Z,usable,2026-09-08T15:00:00Z,0.11666666666666667,0.9655,0.941,0.99,0.049000000000000044,501.51,bar_age_only_actual_quote_update_time_unavailable
KXHOUSERACE-MN01-26-R,KXHOUSERACE,KXHOUSERACE-MN01-26,Will Republican win the House race for MN-01?,Brad Finstad,,active,US_2026_general_election,2026-09-08T15:07:00Z,usable,2026-09-08T15:00:00Z,0.11666666666666667,0.715,0.71,0.72,0.010000000000000009,32416.32,bar_age_only_actual_quote_update_time_unavailable
KXHOUSERACE-MN01-26-D,KXHOUSERACE,KXHOUSERACE-MN01-26,Will Democratic win the House race for MN-01?,Jake Johnson,,active,US_2026_general_election,2026-09-08T15:07:00Z,usable,2026-09-08T15:00:00Z,0.11666666666666667,0.29000000000000004,0.28,0.3,0.019999999999999962,29893.51,bar_age_only_actual_quote_update_time_unavailable
KXHOUSERACE-MI13-26-R,KXHOUSERACE,KXHOUSERACE-MI13-26,Will Republican win the House race for MI-13?,T.P. Nykoriak,,active,US_2026_general_election,2026-09-08T15:07:00Z,usable,2026-09-08T14:00:00Z,1.1166666666666667,0.021500000000000002,0.001,0.042,0.041,713.72,bar_age_only_actual_quote_update_time_unavailable
KXHOUSERACE-MI13-26-D,KXHOUSERACE,KXHOUSERACE-MI13-26,Will Democratic win the House race for MI-13?,Donavan McKinney,,active,US_2026_general_election,2026-09-08T15:07:00Z,stale_observation,2026-09-05T23:00:00Z,64.11666666666666,,,,,,
KXHOUSERACE-MI12-26-R,KXHOUSERACE,KXHOUSERACE-MI12-26,Will Republican win the House race for MI-12?,James Hooper,,active,US_2026_general_election,2026-09-08T15:07:00Z,usable,2026-09-08T14:00:00Z,1.1166666666666667,0.029,0.001,0.057,0.056,377.0,bar_age_only_actual_quote_update_time_unavailable
KXHOUSERACE-MI12-26-D,KXHOUSERACE,KXHOUSERACE-MI12-26,Will Democratic win the House race for MI-12?,Rashida Tlaib,,active,US_2026_general_election,2026-09-08T15:07:00Z,stale_observation,2026-09-07T12:00:00Z,27.116666666666667,,,,,,
KXHOUSERACE-MI11-26-R,KXHOUSERACE,KXHOUSERACE-MI11-26,Will Republican win the House race for MI-11?,Ethan Baker,,active,US_2026_general_election,2026-09-08T15:07:00Z,usable,2026-09-08T14:00:00Z,1.1166666666666667,0.0495,0.034,0.065,0.031,851.82,bar_age_only_actual_quote_update_time_unavailable
KXHOUSERACE-MI11-26-D,KXHOUSERACE,KXHOUSERACE-MI11-26,Will Democratic win the House race for MI-11?,Jeremy Moss,,active,US_2026_general_election,2026-09-08T15:07:00Z,usable,2026-09-08T14:00:00Z,1.1166666666666667,0.9535,0.927,0.98,0.052999999999999936,130.0,bar_age_only_actual_quote_update_time_unavailable
KXHOUSERACE-MI09-26-R,KXHOUSERACE,KXHOUSERACE-MI09-26,Will Republican win the House race for MI-09?,Lisa McClain,,active,US_2026_general_election,2026-09-08T15:07:00Z,usable,2026-09-08T14:00:00Z,1.1166666666666667,0.958,0.948,0.968,0.020000000000000018,1094.14,bar_age_only_actual_quote_update_time_unavailable
KXHOUSERACE-MI09-26-D,KXHOUSERACE,KXHOUSERACE-MI09-26,Will Democratic win the House race for MI-09?,Ray Pooley,,active,US_2026_general_election,2026-09-08T15:07:00Z,usable,2026-09-08T15:00:00Z,0.11666666666666667,0.0475,0.022,0.073,0.051,608.12,bar_age_only_actual_quote_update_time_unavailable
KXHOUSERACE-MI06-26-R,KXHOUSERACE,KXHOUSERACE-MI06-26,Will Republican win the House race for MI-06?,Heather Smiley,,active,US_2026_general_election,2026-09-08T15:07:00Z,usable,2026-09-08T15:00:00Z,0.11666666666666667,0.0305,0.001,0.06,0.059,109.0,bar_age_only_actual_quote_update_time_unavailable
KXHOUSERACE-MI06-26-D,KXHOUSERACE,KXHOUSERACE-MI06-26,Will Democratic win the House race for MI-06?,Debbie Dingell,,active,US_2026_general_election,2026-09-08T15:07:00Z,usable,2026-09-08T14:00:00Z,1.1166666666666667,0.9684999999999999,0.938,0.999,0.061000000000000054,965.0,bar_age_only_actual_quote_update_time_unavailable
KXHOUSERACE-MI02-26-R,KXHOUSERACE,KXHOUSERACE-MI02-26,Will Republican win the House race for MI-02?,John Moolenaar,,active,US_2026_general_election,2026-09-08T15:07:00Z,usable,2026-09-08T15:00:00Z,0.11666666666666667,0.958,0.946,0.97,0.02400000000000002,2797.0,bar_age_only_actual_quote_update_time_unavailable
KXHOUSERACE-MI02-26-D,KXHOUSERACE,KXHOUSERACE-MI02-26,Will Democratic win the House race for MI-02?,Benjamin Ambrose,,active,US_2026_general_election,2026-09-08T15:07:00Z,usable,2026-09-08T15:00:00Z,0.11666666666666667,0.0275,0.001,0.054,0.053,1433.0,bar_age_only_actual_quote_update_time_unavailable
KXHOUSERACE-MI05-26-R,KXHOUSERACE,KXHOUSERACE-MI05-26,Will Republican win the House race for MI-05?,Tim Walberg,,active,US_2026_general_election,2026-09-08T15:07:00Z,usable,2026-09-08T15:00:00Z,0.11666666666666667,0.9744999999999999,0.969,0.98,0.01100000000000001,902.0,bar_age_only_actual_quote_update_time_unavailable
KXHOUSERACE-MI05-26-D,KXHOUSERACE,KXHOUSERACE-MI05-26,Will Democratic win the House race for MI-05?,Christian Vukasovich,,active,US_2026_general_election,2026-09-08T15:07:00Z,usable,2026-09-08T15:00:00Z,0.11666666666666667,0.029,0.01,0.048,0.038,2348.27,bar_age_only_actual_quote_update_time_unavailable
KXHOUSERACE-MI01-26-R,KXHOUSERACE,KXHOUSERACE-MI01-26,Will Republican win the House race for MI-01?,Jack Bergman,,active,US_2026_general_election,2026-09-08T15:07:00Z,usable,2026-09-08T14:00:00Z,1.1166666666666667,0.9345000000000001,0.934,0.935,0.0010000000000000009,1858.65,bar_age_only_actual_quote_update_time_unavailable
KXHOUSERACE-MI01-26-D,KXHOUSERACE,KXHOUSERACE-MI01-26,Will Democratic win the House race for MI-01?,Callie Barr,,active,US_2026_general_election,2026-09-08T15:07:00Z,usable,2026-09-08T14:00:00Z,1.1166666666666667,0.0715,0.071,0.072,0.0010000000000000009,2497.89,bar_age_only_actual_quote_update_time_unavailable
KXHOUSERACE-ME01-26-R,KXHOUSERACE,KXHOUSERACE-ME01-26,Will Republican win the House race for ME-01?,Ronald Russell,,active,US_2026_general_election,2026-09-08T15:07:00Z,usable,2026-09-08T15:00:00Z,0.11666666666666667,0.021,0.01,0.032,0.022,729.0,bar_age_only_actual_quote_update_time_unavailable
KXHOUSERACE-ME01-26-D,KXHOUSERACE,KXHOUSERACE-ME01-26,Will Democratic win the House race for ME-01?,Chellie Pingree,,active,US_2026_general_election,2026-09-08T15:07:00Z,usable,2026-09-08T14:00:00Z,1.1166666666666667,0.9595,0.94,0.979,0.039000000000000035,1392.0,bar_age_only_actual_quote_update_time_unavailable
KXHOUSERACE-MD07-26-R,KXHOUSERACE,KXHOUSERACE-MD07-26,Will Republican win the House race for MD-07?,Scott Collier,,active,US_2026_general_election,2026-09-08T15:07:00Z,usable,2026-09-08T14:00:00Z,1.1166666666666667,0.0275,0.001,0.054,0.053,349.0,bar_age_only_actual_quote_update_time_unavailable
KXHOUSERACE-MD07-26-D,KXHOUSERACE,KXHOUSERACE-MD07-26,Will Democratic win the House race for MD-07?,Kweisi Mfume,,active,US_2026_general_election,2026-09-08T15:07:00Z,stale_observation,2026-09-07T07:00:00Z,32.11666666666667,,,,,,
KXHOUSERACE-MD08-26-R,KXHOUSERACE,KXHOUSERACE-MD08-26,Will Republican win the House race for MD-08?,Cheryl Riley,,active,US_2026_general_election,2026-09-08T15:07:00Z,stale_observation,2026-09-07T10:00:00Z,29.116666666666667,,,,,,
KXHOUSERACE-MD08-26-D,KXHOUSERACE,KXHOUSERACE-MD08-26,Will Democratic win the House race for MD-08?,Jamie Raskin,,active,US_2026_general_election,2026-09-08T15:07:00Z,usable,2026-09-08T08:00:00Z,7.116666666666666,0.9864999999999999,0.975,0.998,0.02300000000000002,121.0,bar_age_only_actual_quote_update_time_unavailable
KXHOUSERACE-MD06-26-R,KXHOUSERACE,KXHOUSERACE-MD06-26,Will Republican win the House race for MD-06?,Robin Ficker,,active,US_2026_general_election,2026-09-08T15:07:00Z,usable,2026-09-08T14:00:00Z,1.1166666666666667,0.0655,0.049,0.082,0.033,2438.0,bar_age_only_actual_quote_update_time_unavailable
KXHOUSERACE-MD06-26-D,KXHOUSERACE,KXHOUSERACE-MD06-26,Will Democratic win the House race for MD-06?,April McClain Delaney,,active,US_2026_general_election,2026-09-08T15:07:00Z,usable,2026-09-08T14:00:00Z,1.1166666666666667,0.9279999999999999,0.906,0.95,0.04399999999999993,312.0,bar_age_only_actual_quote_update_time_unavailable
KXHOUSERACE-MD05-26-R,KXHOUSERACE,KXHOUSERACE-MD05-26,Will Republican win the House race for MD-05?,Chris Chaffee,,active,US_2026_general_election,2026-09-08T15:07:00Z,usable,2026-09-08T14:00:00Z,1.1166666666666667,0.028,0.002,0.054,0.052,277.55,bar_age_only_actual_quote_update_time_unavailable
KXHOUSERACE-MD05-26-D,KXHOUSERACE,KXHOUSERACE-MD05-26,Will Democratic win the House race for MD-05?,Adrian Boafo,,active,US_2026_general_election,2026-09-08T15:07:00Z,usable,2026-09-08T14:00:00Z,1.1166666666666667,0.966,0.935,0.997,0.061999999999999944,254.0,bar_age_only_actual_quote_update_time_unavailable
KXHOUSERACE-MD04-26-R,KXHOUSERACE,KXHOUSERACE-MD04-26,Will Republican win the House race for MD-04?,George McDermott,,active,US_2026_general_election,2026-09-08T15:07:00Z,usable,2026-09-08T12:00:00Z,3.1166666666666667,0.01,0.001,0.019,0.018,124.0,bar_age_only_actual_quote_update_time_unavailable
KXHOUSERACE-MD04-26-D,KXHOUSERACE,KXHOUSERACE-MD04-26,Will Democratic win the House race for MD-04?,Glenn Ivey,,active,US_2026_general_election,2026-09-08T15:07:00Z,usable,2026-09-08T12:00:00Z,3.1166666666666667,0.975,0.951,0.999,0.04800000000000004,252.0,bar_age_only_actual_quote_update_time_unavailable
KXHOUSERACE-MD03-26-R,KXHOUSERACE,KXHOUSERACE-MD03-26,Will Republican win the House race for MD-03?,Berney Flowers,,active,US_2026_general_election,2026-09-08T15:07:00Z,usable,2026-09-08T14:00:00Z,1.1166666666666667,0.03,0.001,0.059,0.057999999999999996,738.0,bar_age_only_actual_quote_update_time_unavailable
KXHOUSERACE-MD03-26-D,KXHOUSERACE,KXHOUSERACE-MD03-26,Will Democratic win the House race for MD-03?,Sarah Elfreth,,active,US_2026_general_election,2026-09-08T15:07:00Z,usable,2026-09-08T14:00:00Z,1.1166666666666667,0.9610000000000001,0.923,0.999,0.07599999999999996,500.0,bar_age_only_actual_quote_update_time_unavailable
KXHOUSERACE-MD02-26-R,KXHOUSERACE,KXHOUSERACE-MD02-26,Will Republican win the House race for MD-02?,Dave Wallace,,active,US_2026_general_election,2026-09-08T15:07:00Z,usable,2026-09-08T15:00:00Z,0.11666666666666667,0.0305,0.016,0.045,0.028999999999999998,786.0,bar_age_only_actual_quote_update_time_unavailable
KXHOUSERACE-MD02-26-D,KXHOUSERACE,KXHOUSERACE-MD02-26,Will Democratic win the House race for MD-02?,Johnny Olszewski,,active,US_2026_general_election,2026-09-08T15:07:00Z,usable,2026-09-08T15:00:00Z,0.11666666666666667,0.9575,0.935,0.98,0.04499999999999993,1373.32,bar_age_only_actual_quote_update_time_unavailable
KXHOUSERACE-MD01-26-R,KXHOUSERACE,KXHOUSERACE-MD01-26,Will Republican win the House race for MD-01?,Andy Harris,,active,US_2026_general_election,2026-09-08T15:07:00Z,usable,2026-09-08T14:00:00Z,1.1166666666666667,0.9275,0.923,0.932,0.009000000000000008,4777.24,bar_age_only_actual_quote_update_time_unavailable
KXHOUSERACE-MD01-26-D,KXHOUSERACE,KXHOUSERACE-MD01-26,Will Democratic win the House race for MD-01?,Dan Schwartz,,active,US_2026_general_election,2026-09-08T15:07:00Z,usable,2026-09-08T14:00:00Z,1.1166666666666667,0.06,0.046,0.074,0.027999999999999997,6121.84,bar_age_only_actual_quote_update_time_unavailable
KXHOUSERACE-MA08-26-R,KXHOUSERACE,KXHOUSERACE-MA08-26,Will Republican win the House race for MA-08?,Robert Burke,,active,US_2026_general_election,2026-09-08T15:07:00Z,usable,2026-09-08T15:00:00Z,0.11666666666666667,0.028,0.001,0.055,0.054,37.0,bar_age_only_actual_quote_update_time_unavailable
KXHOUSERACE-MA08-26-D,KXHOUSERACE,KXHOUSERACE-MA08-26,Will Democratic win the House race for MA-08?,Stephen Lynch,,active,US_2026_general_election,2026-09-08T15:07:00Z,usable,2026-09-08T10:00:00Z,5.116666666666666,0.9684999999999999,0.938,0.999,0.061000000000000054,309.04,bar_age_only_actual_quote_update_time_unavailable
KXHOUSERACE-MA09-26-R,KXHOUSERACE,KXHOUSERACE-MA09-26,Will Republican win the House race for MA-09?,Tyler MacAllister,,active,US_2026_general_election,2026-09-08T15:07:00Z,usable,2026-09-08T14:00:00Z,1.1166666666666667,0.032,0.003,0.061,0.057999999999999996,243.0,bar_age_only_actual_quote_update_time_unavailable
KXHOUSERACE-MA09-26-D,KXHOUSERACE,KXHOUSERACE-MA09-26,Will Democratic win the House race for MA-09?,Bill Keating,,active,US_2026_general_election,2026-09-08T15:07:00Z,usable,2026-09-08T14:00:00Z,1.1166666666666667,0.959,0.938,0.98,0.04200000000000004,14.0,bar_age_only_actual_quote_update_time_unavailable
KXHOUSERACE-MA07-26-R,KXHOUSERACE,KXHOUSERACE-MA07-26,Will Republican win the House race for MA-07?,Republican party,,active,US_2026_general_election,2026-09-08T15:07:00Z,usable,2026-09-08T15:00:00Z,0.11666666666666667,0.0095,0.001,0.018,0.016999999999999998,154.02,bar_age_only_actual_quote_update_time_unavailable
KXHOUSERACE-MA07-26-D,KXHOUSERACE,KXHOUSERACE-MA07-26,Will Democratic win the House race for MA-07?,Ayanna Pressley,,active,US_2026_general_election,2026-09-08T15:07:00Z,usable,2026-09-08T15:00:00Z,0.11666666666666667,0.988,0.977,0.999,0.02200000000000002,21.0,bar_age_only_actual_quote_update_time_unavailable
KXHOUSERACE-MA06-26-R,KXHOUSERACE,KXHOUSERACE-MA06-26,Will Republican win the House race for MA-06?,Micah Jones,,active,US_2026_general_election,2026-09-08T15:07:00Z,usable,2026-09-08T14:00:00Z,1.1166666666666667,0.039,0.004,0.074,0.06999999999999999,833.0,bar_age_only_actual_quote_update_time_unavailable
KXHOUSERACE-MA06-26-D,KXHOUSERACE,KXHOUSERACE-MA06-26,Will Democratic win the House race for MA-06?,Dan Koh,,active,US_2026_general_election,2026-09-08T15:07:00Z,usable,2026-09-08T14:00:00Z,1.1166666666666667,0.9610000000000001,0.926,0.996,0.06999999999999995,70.0,bar_age_only_actual_quote_update_time_unavailable
KXHOUSERACE-MA05-26-R,KXHOUSERACE,KXHOUSERACE-MA05-26,Will Republican win the House race for MA-05?,Republican party,,active,US_2026_general_election,2026-09-08T15:07:00Z,usable,2026-09-08T15:00:00Z,0.11666666666666667,0.0185,0.001,0.036,0.034999999999999996,537.35,bar_age_only_actual_quote_update_time_unavailable
KXHOUSERACE-MA05-26-D,KXHOUSERACE,KXHOUSERACE-MA05-26,Will Democratic win the House race for MA-05?,Katherine Clark,,active,US_2026_general_election,2026-09-08T15:07:00Z,stale_observation,2026-08-24T17:00:00Z,358.1166666666667,,,,,,
KXHOUSERACE-MA04-26-R,KXHOUSERACE,KXHOUSERACE-MA04-26,Will Republican win the House race for MA-04?,Tom Stalcup,,active,US_2026_general_election,2026-09-08T15:07:00Z,stale_observation,2026-09-07T07:00:00Z,32.11666666666667,,,,,,
KXHOUSERACE-MA04-26-D,KXHOUSERACE,KXHOUSERACE-MA04-26,Will Democratic win the House race for MA-04?,Jake Auchincloss,,active,US_2026_general_election,2026-09-08T15:07:00Z,stale_observation,2026-09-07T07:00:00Z,32.11666666666667,,,,,,
KXHOUSERACE-MA03-26-R,KXHOUSERACE,KXHOUSERACE-MA03-26,Will Republican win the House race for MA-03?,Gary Grossi,,active,US_2026_general_election,2026-09-08T15:07:00Z,stale_observation,2026-09-06T22:00:00Z,41.11666666666667,,,,,,
KXHOUSERACE-MA03-26-D,KXHOUSERACE,KXHOUSERACE-MA03-26,Will Democratic win the House race for MA-03?,Lori Trahan,,active,US_2026_general_election,2026-09-08T15:07:00Z,stale_observation,2026-09-06T17:00:00Z,46.11666666666667,,,,,,
KXHOUSERACE-MA02-26-R,KXHOUSERACE,KXHOUSERACE-MA02-26,Will Republican win the House race for MA-02?,Republican party,,active,US_2026_general_election,2026-09-08T15:07:00Z,usable,2026-09-08T14:00:00Z,1.1166666666666667,0.030000000000000002,0.002,0.058,0.056,584.86,bar_age_only_actual_quote_update_time_unavailable
KXHOUSERACE-MA02-26-D,KXHOUSERACE,KXHOUSERACE-MA02-26,Will Democratic win the House race for MA-02?,Jim McGovern,,active,US_2026_general_election,2026-09-08T15:07:00Z,usable,2026-09-08T15:00:00Z,0.11666666666666667,0.965,0.94,0.99,0.050000000000000044,344.93,bar_age_only_actual_quote_update_time_unavailable
KXHOUSERACE-MA01-26-R,KXHOUSERACE,KXHOUSERACE-MA01-26,Will Republican win the House race for MA-01?,Republican party,,active,US_2026_general_election,2026-09-08T15:07:00Z,usable,2026-09-08T14:00:00Z,1.1166666666666667,0.0305,0.001,0.06,0.059,369.0,bar_age_only_actual_quote_update_time_unavailable
KXHOUSERACE-MA01-26-D,KXHOUSERACE,KXHOUSERACE-MA01-26,Will Democratic win the House race for MA-01?,Richard Neal,,active,US_2026_general_election,2026-09-08T15:07:00Z,usable,2026-09-08T14:00:00Z,1.1166666666666667,0.968,0.938,0.998,0.06000000000000005,373.0,bar_age_only_actual_quote_update_time_unavailable
KXHOUSERACE-LA06-26-R,KXHOUSERACE,KXHOUSERACE-LA06-26,Will Republican win the House race for LA-06?,Republican party,,active,US_2026_general_election,2026-09-08T15:07:00Z,usable,2026-09-08T15:00:00Z,0.11666666666666667,0.938,0.917,0.959,0.041999999999999926,5876.4,bar_age_only_actual_quote_update_time_unavailable
KXHOUSERACE-LA06-26-D,KXHOUSERACE,KXHOUSERACE-LA06-26,Will Democratic win the House race for LA-06?,Democratic party,,active,US_2026_general_election,2026-09-08T15:07:00Z,usable,2026-09-08T15:00:00Z,0.11666666666666667,0.0595,0.041,0.078,0.037,1771.75,bar_age_only_actual_quote_update_time_unavailable
KXHOUSERACE-LA05-26-R,KXHOUSERACE,KXHOUSERACE-LA05-26,Will Republican win the House race for LA-05?,Republican party,,active,US_2026_general_election,2026-09-08T15:07:00Z,usable,2026-09-08T09:00:00Z,6.116666666666666,0.9595,0.939,0.98,0.041000000000000036,7262.0,bar_age_only_actual_quote_update_time_unavailable
KXHOUSERACE-LA05-26-D,KXHOUSERACE,KXHOUSERACE-LA05-26,Will Democratic win the House race for LA-05?,Democratic party,,active,US_2026_general_election,2026-09-08T15:07:00Z,usable,2026-09-08T14:00:00Z,1.1166666666666667,0.032,0.001,0.063,0.062,578.66,bar_age_only_actual_quote_update_time_unavailable
KXHOUSERACE-LA04-26-R,KXHOUSERACE,KXHOUSERACE-LA04-26,Will Republican win the House race for LA-04?,Republican party,,active,US_2026_general_election,2026-09-08T15:07:00Z,usable,2026-09-08T15:00:00Z,0.11666666666666667,0.9635,0.948,0.979,0.031000000000000028,688.09,bar_age_only_actual_quote_update_time_unavailable
KXHOUSERACE-LA04-26-D,KXHOUSERACE,KXHOUSERACE-LA04-26,Will Democratic win the House race for LA-04?,Democratic party,,active,US_2026_general_election,2026-09-08T15:07:00Z,usable,2026-09-08T15:00:00Z,0.11666666666666667,0.0225,0.011,0.034,0.023000000000000003,611.23,bar_age_only_actual_quote_update_time_unavailable
KXHOUSERACE-LA02-26-R,KXHOUSERACE,KXHOUSERACE-LA02-26,Will Republican win the House race for LA-02?,Republican party,,active,US_2026_general_election,2026-09-08T15:07:00Z,usable,2026-09-08T15:00:00Z,0.11666666666666667,0.0055,0.001,0.01,0.009000000000000001,6569.88,bar_age_only_actual_quote_update_time_unavailable
KXHOUSERACE-LA02-26-D,KXHOUSERACE,KXHOUSERACE-LA02-26,Will Democratic win the House race for LA-02?,Democratic party,,active,US_2026_general_election,2026-09-08T15:07:00Z,stale_observation,2026-09-06T19:00:00Z,44.11666666666667,,,,,,
KXHOUSERACE-LA03-26-R,KXHOUSERACE,KXHOUSERACE-LA03-26,Will Republican win the House race for LA-03?,Republican party,,active,US_2026_general_election,2026-09-08T15:07:00Z,stale_observation,2026-09-04T20:00:00Z,91.11666666666666,,,,,,
KXHOUSERACE-LA03-26-D,KXHOUSERACE,KXHOUSERACE-LA03-26,Will Democratic win the House race for LA-03?,Democratic party,,active,US_2026_general_election,2026-09-08T15:07:00Z,stale_observation,2026-09-07T04:00:00Z,35.11666666666667,,,,,,
KXHOUSERACE-LA01-26-R,KXHOUSERACE,KXHOUSERACE-LA01-26,Will Republican win the House race for LA-01?,Republican party,,active,US_2026_general_election,2026-09-08T15:07:00Z,usable,2026-09-08T14:00:00Z,1.1166666666666667,0.9465,0.913,0.98,0.06699999999999995,182.0,bar_age_only_actual_quote_update_time_unavailable
KXHOUSERACE-LA01-26-D,KXHOUSERACE,KXHOUSERACE-LA01-26,Will Democratic win the House race for LA-01?,Democratic party,,active,US_2026_general_election,2026-09-08T15:07:00Z,usable,2026-09-08T14:00:00Z,1.1166666666666667,0.034,0.001,0.067,0.066,1837.58,bar_age_only_actual_quote_update_time_unavailable
KXHOUSERACE-KY06-26-R,KXHOUSERACE,KXHOUSERACE-KY06-26,Will Republican win the House race for KY-06?,Ralph Alvarado,,active,US_2026_general_election,2026-09-08T15:07:00Z,usable,2026-09-07T17:00:00Z,22.116666666666667,0.725,0.72,0.73,0.010000000000000009,3144.12,bar_age_only_actual_quote_update_time_unavailable
KXHOUSERACE-KY06-26-D,KXHOUSERACE,KXHOUSERACE-KY06-26,Will Democratic win the House race for KY-06?,Zach Dembo,,active,US_2026_general_election,2026-09-08T15:07:00Z,usable,2026-09-08T06:00:00Z,9.116666666666667,0.28,0.27,0.29,0.019999999999999962,6186.37,bar_age_only_actual_quote_update_time_unavailable
KXHOUSERACE-KY05-26-R,KXHOUSERACE,KXHOUSERACE-KY05-26,Will Republican win the House race for KY-05?,Hal Rogers,,active,US_2026_general_election,2026-09-08T15:07:00Z,usable,2026-09-08T14:00:00Z,1.1166666666666667,0.9595,0.926,0.993,0.06699999999999995,5.0,bar_age_only_actual_quote_update_time_unavailable
KXHOUSERACE-KY05-26-D,KXHOUSERACE,KXHOUSERACE-KY05-26,Will Democratic win the House race for KY-05?,Ned Pillersdorf,,active,US_2026_general_election,2026-09-08T15:07:00Z,usable,2026-09-08T14:00:00Z,1.1166666666666667,0.0255,0.006,0.045,0.039,510.0,bar_age_only_actual_quote_update_time_unavailable
KXHOUSERACE-KY04-26-R,KXHOUSERACE,KXHOUSERACE-KY04-26,Will Republican win the House race for KY-04?,Ed Gallrein,,active,US_2026_general_election,2026-09-08T15:07:00Z,usable,2026-09-08T15:00:00Z,0.11666666666666667,0.9415,0.922,0.961,0.038999999999999924,7493.97,bar_age_only_actual_quote_update_time_unavailable
KXHOUSERACE-KY04-26-D,KXHOUSERACE,KXHOUSERACE-KY04-26,Will Democratic win the House race for KY-04?,Melissa Claire Strange,,active,US_2026_general_election,2026-09-08T15:07:00Z,usable,2026-09-08T15:00:00Z,0.11666666666666667,0.031,0.014,0.048,0.034,7980.4,bar_age_only_actual_quote_update_time_unavailable
KXHOUSERACE-KY03-26-R,KXHOUSERACE,KXHOUSERACE-KY03-26,Will Republican win the House race for KY-03?,Maria Rodriguez,,active,US_2026_general_election,2026-09-08T15:07:00Z,usable,2026-09-08T15:00:00Z,0.11666666666666667,0.025500000000000002,0.001,0.05,0.049,2336.33,bar_age_only_actual_quote_update_time_unavailable
KXHOUSERACE-KY03-26-D,KXHOUSERACE,KXHOUSERACE-KY03-26,Will Democratic win the House race for KY-03?,Morgan McGarvey,,active,US_2026_general_election,2026-09-08T15:07:00Z,stale_observation,2026-09-06T02:00:00Z,61.11666666666667,,,,,,
KXHOUSERACE-KY02-26-R,KXHOUSERACE,KXHOUSERACE-KY02-26,Will Republican win the House race for KY-02?,Brett Guthrie,,active,US_2026_general_election,2026-09-08T15:07:00Z,usable,2026-09-08T14:00:00Z,1.1166666666666667,0.9475,0.933,0.962,0.028999999999999915,1496.0,bar_age_only_actual_quote_update_time_unavailable
KXHOUSERACE-KY02-26-D,KXHOUSERACE,KXHOUSERACE-KY02-26,Will Democratic win the House race for KY-02?,Megan Wingfield,,active,US_2026_general_election,2026-09-08T15:07:00Z,usable,2026-09-08T15:00:00Z,0.11666666666666667,0.0485,0.038,0.059,0.020999999999999998,903.13,bar_age_only_actual_quote_update_time_unavailable
KXHOUSERACE-KY01-26-R,KXHOUSERACE,KXHOUSERACE-KY01-26,Will Republican win the House race for KY-01?,James Comer,,active,US_2026_general_election,2026-09-08T15:07:00Z,usable,2026-09-08T14:00:00Z,1.1166666666666667,0.96,0.943,0.977,0.03400000000000003,1293.3,bar_age_only_actual_quote_update_time_unavailable
KXHOUSERACE-KY01-26-D,KXHOUSERACE,KXHOUSERACE-KY01-26,Will Democratic win the House race for KY-01?,Drew Williams,,active,US_2026_general_election,2026-09-08T15:07:00Z,usable,2026-09-08T14:00:00Z,1.1166666666666667,0.034,0.018,0.05,0.032,842.07,bar_age_only_actual_quote_update_time_unavailable
KXHOUSERACE-KS03-26-R,KXHOUSERACE,KXHOUSERACE-KS03-26,Will Republican win the House race for KS-03?,Eric Jenkins,,active,US_2026_general_election,2026-09-08T15:07:00Z,stale_observation,2026-09-06T18:00:00Z,45.11666666666667,,,,,,
KXHOUSERACE-KS03-26-D,KXHOUSERACE,KXHOUSERACE-KS03-26,Will Democratic win the House race for KS-03?,Sharice Davids,,active,US_2026_general_election,2026-09-08T15:07:00Z,usable,2026-09-08T15:00:00Z,0.11666666666666667,0.9470000000000001,0.913,0.981,0.06799999999999995,3118.85,bar_age_only_actual_quote_update_time_unavailable
KXHOUSERACE-KS04-26-R,KXHOUSERACE,KXHOUSERACE-KS04-26,Will Republican win the House race for KS-04?,Ron Estes,,active,US_2026_general_election,2026-09-08T15:07:00Z,usable,2026-09-08T15:00:00Z,0.11666666666666667,0.9415,0.908,0.975,0.06699999999999995,3904.0,bar_age_only_actual_quote_update_time_unavailable
KXHOUSERACE-KS04-26-D,KXHOUSERACE,KXHOUSERACE-KS04-26,Will Democratic win the House race for KS-04?,Katy Tyndell,,active,US_2026_general_election,2026-09-08T15:07:00Z,usable,2026-09-08T15:00:00Z,0.11666666666666667,0.045000000000000005,0.021,0.069,0.048,2750.74,bar_age_only_actual_quote_update_time_unavailable
KXHOUSERACE-KS02-26-R,KXHOUSERACE,KXHOUSERACE-KS02-26,Will Republican win the House race for KS-02?,Derek Schmidt,,active,US_2026_general_election,2026-09-08T15:07:00Z,usable,2026-09-08T14:00:00Z,1.1166666666666667,0.9225,0.906,0.939,0.03299999999999992,1131.0,bar_age_only_actual_quote_update_time_unavailable
KXHOUSERACE-KS02-26-D,KXHOUSERACE,KXHOUSERACE-KS02-26,Will Democratic win the House race for KS-02?,Don Coover,,active,US_2026_general_election,2026-09-08T15:07:00Z,usable,2026-09-08T15:00:00Z,0.11666666666666667,0.07400000000000001,0.066,0.082,0.016,1828.79,bar_age_only_actual_quote_update_time_unavailable
KXHOUSERACE-KS01-26-R,KXHOUSERACE,KXHOUSERACE-KS01-26,Will Republican win the House race for KS-01?,Tracey Mann,,active,US_2026_general_election,2026-09-08T15:07:00Z,usable,2026-09-08T15:00:00Z,0.11666666666666667,0.935,0.901,0.969,0.06799999999999995,324.4,bar_age_only_actual_quote_update_time_unavailable
KXHOUSERACE-KS01-26-D,KXHOUSERACE,KXHOUSERACE-KS01-26,Will Democratic win the House race for KS-01?,Lauren Reinhold,,active,US_2026_general_election,2026-09-08T15:07:00Z,usable,2026-09-08T14:00:00Z,1.1166666666666667,0.05499999999999999,0.022,0.088,0.066,813.0,bar_age_only_actual_quote_update_time_unavailable
KXHOUSERACE-IN09-26-R,KXHOUSERACE,KXHOUSERACE-IN09-26,Will Republican win the House race for IN-09?,Erin Houchin,,active,US_2026_general_election,2026-09-08T15:07:00Z,usable,2026-09-08T10:00:00Z,5.116666666666666,0.959,0.938,0.98,0.04200000000000004,1249.23,bar_age_only_actual_quote_update_time_unavailable
KXHOUSERACE-IN09-26-D,KXHOUSERACE,KXHOUSERACE-IN09-26,Will Democratic win the House race for IN-09?,Brad Meyer,,active,US_2026_general_election,2026-09-08T15:07:00Z,usable,2026-09-08T10:00:00Z,5.116666666666666,0.027,0.013,0.041,0.028000000000000004,1656.51,bar_age_only_actual_quote_update_time_unavailable
KXHOUSERACE-IN08-26-R,KXHOUSERACE,KXHOUSERACE-IN08-26,Will Republican win the House race for IN-08?,Mark Messmer,,active,US_2026_general_election,2026-09-08T15:07:00Z,usable,2026-09-08T15:00:00Z,0.11666666666666667,0.9485,0.929,0.968,0.038999999999999924,382.0,bar_age_only_actual_quote_update_time_unavailable
KXHOUSERACE-IN08-26-D,KXHOUSERACE,KXHOUSERACE-IN08-26,Will Democratic win the House race for IN-08?,Mary Allen,,active,US_2026_general_election,2026-09-08T15:07:00Z,usable,2026-09-08T14:00:00Z,1.1166666666666667,0.043,0.025,0.061,0.036,777.58,bar_age_only_actual_quote_update_time_unavailable
KXHOUSERACE-IN06-26-R,KXHOUSERACE,KXHOUSERACE-IN06-26,Will Republican win the House race for IN-06?,Jefferson Shreve,,active,US_2026_general_election,2026-09-08T15:07:00Z,usable,2026-09-08T15:00:00Z,0.11666666666666667,0.9515,0.924,0.979,0.05499999999999994,921.44,bar_age_only_actual_quote_update_time_unavailable
KXHOUSERACE-IN06-26-D,KXHOUSERACE,KXHOUSERACE-IN06-26,Will Democratic win the House race for IN-06?,Cynthia Wirth,,active,US_2026_general_election,2026-09-08T15:07:00Z,usable,2026-09-08T14:00:00Z,1.1166666666666667,0.0405,0.007,0.074,0.06699999999999999,485.0,bar_age_only_actual_quote_update_time_unavailable
KXHOUSERACE-IN03-26-R,KXHOUSERACE,KXHOUSERACE-IN03-26,Will Republican win the House race for IN-03?,Marlin Stutzman,,active,US_2026_general_election,2026-09-08T15:07:00Z,usable,2026-09-08T14:00:00Z,1.1166666666666667,0.9615,0.943,0.98,0.03700000000000003,382.0,bar_age_only_actual_quote_update_time_unavailable
KXHOUSERACE-IN03-26-D,KXHOUSERACE,KXHOUSERACE-IN03-26,Will Democratic win the House race for IN-03?,Kelly Thompson,,active,US_2026_general_election,2026-09-08T15:07:00Z,usable,2026-09-08T15:00:00Z,0.11666666666666667,0.035500000000000004,0.003,0.068,0.065,380.35,bar_age_only_actual_quote_update_time_unavailable
KXHOUSERACE-IN05-26-R,KXHOUSERACE,KXHOUSERACE-IN05-26,Will Republican win the House race for IN-05?,Victoria Spartz,,active,US_2026_general_election,2026-09-08T15:07:00Z,usable,2026-09-08T15:00:00Z,0.11666666666666667,0.85,0.84,0.86,0.020000000000000018,4246.18,bar_age_only_actual_quote_update_time_unavailable
KXHOUSERACE-IN05-26-D,KXHOUSERACE,KXHOUSERACE-IN05-26,Will Democratic win the House race for IN-05?,J.D. Ford,,active,US_2026_general_election,2026-09-08T15:07:00Z,usable,2026-09-08T15:00:00Z,0.11666666666666667,0.135,0.12,0.15,0.03,7315.65,bar_age_only_actual_quote_update_time_unavailable
KXHOUSERACE-IN04-26-R,KXHOUSERACE,KXHOUSERACE-IN04-26,Will Republican win the House race for IN-04?,Jim Baird,,active,US_2026_general_election,2026-09-08T15:07:00Z,usable,2026-09-08T14:00:00Z,1.1166666666666667,0.942,0.931,0.953,0.02199999999999991,1334.5,bar_age_only_actual_quote_update_time_unavailable
KXHOUSERACE-IN04-26-D,KXHOUSERACE,KXHOUSERACE-IN04-26,Will Democratic win the House race for IN-04?,Drew Cox,,active,US_2026_general_election,2026-09-08T15:07:00Z,usable,2026-09-08T10:00:00Z,5.116666666666666,0.032,0.017,0.047,0.03,2425.97,bar_age_only_actual_quote_update_time_unavailable
KXHOUSERACE-IN02-26-R,KXHOUSERACE,KXHOUSERACE-IN02-26,Will Republican win the House race for IN-02?,Rudy Yakym,,active,US_2026_general_election,2026-09-08T15:07:00Z,usable,2026-09-08T12:00:00Z,3.1166666666666667,0.97,0.958,0.982,0.02400000000000002,1351.27,bar_age_only_actual_quote_update_time_unavailable
KXHOUSERACE-IN02-26-D,KXHOUSERACE,KXHOUSERACE-IN02-26,Will Democratic win the House race for IN-02?,Jamee Decio,,active,US_2026_general_election,2026-09-08T15:07:00Z,usable,2026-09-08T09:00:00Z,6.116666666666666,0.037,0.019,0.055,0.036000000000000004,1333.0,bar_age_only_actual_quote_update_time_unavailable
KXHOUSERACE-IL15-26-R,KXHOUSERACE,KXHOUSERACE-IL15-26,Will Republican win the House race for IL-15?,Mary Miller,,active,US_2026_general_election,2026-09-08T15:07:00Z,usable,2026-09-08T14:00:00Z,1.1166666666666667,0.956,0.933,0.979,0.04599999999999993,669.0,bar_age_only_actual_quote_update_time_unavailable
KXHOUSERACE-IL15-26-D,KXHOUSERACE,KXHOUSERACE-IL15-26,Will Democratic win the House race for IL-15?,Jennifer Todd,,active,US_2026_general_election,2026-09-08T15:07:00Z,usable,2026-09-08T15:00:00Z,0.11666666666666667,0.026500000000000003,0.003,0.05,0.047,593.0,bar_age_only_actual_quote_update_time_unavailable
KXHOUSERACE-IL16-26-R,KXHOUSERACE,KXHOUSERACE-IL16-26,Will Republican win the House race for IL-16?,Darin LaHood,,active,US_2026_general_election,2026-09-08T15:07:00Z,usable,2026-09-08T14:00:00Z,1.1166666666666667,0.9410000000000001,0.922,0.96,0.03799999999999992,981.0,bar_age_only_actual_quote_update_time_unavailable
KXHOUSERACE-IL16-26-D,KXHOUSERACE,KXHOUSERACE-IL16-26,Will Democratic win the House race for IL-16?,Paul Nolley,,active,US_2026_general_election,2026-09-08T15:07:00Z,usable,2026-09-08T15:00:00Z,0.11666666666666667,0.05,0.035,0.065,0.03,2987.68,bar_age_only_actual_quote_update_time_unavailable
KXHOUSERACE-IL13-26-R,KXHOUSERACE,KXHOUSERACE-IL13-26,Will Republican win the House race for IL-13?,Jeff Wilson,,active,US_2026_general_election,2026-09-08T15:07:00Z,usable,2026-09-08T15:00:00Z,0.11666666666666667,0.043,0.01,0.076,0.066,668.0,bar_age_only_actual_quote_update_time_unavailable
KXHOUSERACE-IL13-26-D,KXHOUSERACE,KXHOUSERACE-IL13-26,Will Democratic win the House race for IL-13?,Nikki Budzinski,,active,US_2026_general_election,2026-09-08T15:07:00Z,usable,2026-09-08T14:00:00Z,1.1166666666666667,0.952,0.925,0.979,0.05399999999999994,305.0,bar_age_only_actual_quote_update_time_unavailable
KXHOUSERACE-IL14-26-R,KXHOUSERACE,KXHOUSERACE-IL14-26,Will Republican win the House race for IL-14?,James Marter,,active,US_2026_general_election,2026-09-08T15:07:00Z,usable,2026-09-08T15:00:00Z,0.11666666666666667,0.0375,0.003,0.072,0.06899999999999999,1576.0,bar_age_only_actual_quote_update_time_unavailable
KXHOUSERACE-IL14-26-D,KXHOUSERACE,KXHOUSERACE-IL14-26,Will Democratic win the House race for IL-14?,Lauren Underwood,,active,US_2026_general_election,2026-09-08T15:07:00Z,usable,2026-09-08T14:00:00Z,1.1166666666666667,0.9630000000000001,0.928,0.998,0.06999999999999995,974.0,bar_age_only_actual_quote_update_time_unavailable
KXHOUSERACE-IL12-26-R,KXHOUSERACE,KXHOUSERACE-IL12-26,Will Republican win the House race for IL-12?,Mike Bost,,active,US_2026_general_election,2026-09-08T15:07:00Z,usable,2026-09-08T14:00:00Z,1.1166666666666667,0.942,0.925,0.959,0.03399999999999992,2805.85,bar_age_only_actual_quote_update_time_unavailable
KXHOUSERACE-IL12-26-D,KXHOUSERACE,KXHOUSERACE-IL12-26,Will Democratic win the House race for IL-12?,Julie Fortier,,active,US_2026_general_election,2026-09-08T15:07:00Z,usable,2026-09-08T14:00:00Z,1.1166666666666667,0.049499999999999995,0.027,0.072,0.045,1424.62,bar_age_only_actual_quote_update_time_unavailable
KXHOUSERACE-IL10-26-R,KXHOUSERACE,KXHOUSERACE-IL10-26,Will Republican win the House race for IL-10?,Carl Lambrecht,,active,US_2026_general_election,2026-09-08T15:07:00Z,usable,2026-09-08T15:00:00Z,0.11666666666666667,0.0325,0.001,0.064,0.063,133.0,bar_age_only_actual_quote_update_time_unavailable
KXHOUSERACE-IL10-26-D,KXHOUSERACE,KXHOUSERACE-IL10-26,Will Democratic win the House race for IL-10?,Brad Schneider,,active,US_2026_general_election,2026-09-08T15:07:00Z,usable,2026-09-08T09:00:00Z,6.116666666666666,0.971,0.952,0.99,0.038000000000000034,1000.0,bar_age_only_actual_quote_update_time_unavailable
KXHOUSERACE-IL11-26-R,KXHOUSERACE,KXHOUSERACE-IL11-26,Will Republican win the House race for IL-11?,Jeff Walter,,active,US_2026_general_election,2026-09-08T15:07:00Z,stale_observation,2026-09-07T07:00:00Z,32.11666666666667,,,,,,
KXHOUSERACE-IL11-26-D,KXHOUSERACE,KXHOUSERACE-IL11-26,Will Democratic win the House race for IL-11?,Bill Foster,,active,US_2026_general_election,2026-09-08T15:07:00Z,usable,2026-09-08T14:00:00Z,1.1166666666666667,0.9475,0.919,0.976,0.05699999999999994,14.9,bar_age_only_actual_quote_update_time_unavailable
KXHOUSERACE-IL09-26-R,KXHOUSERACE,KXHOUSERACE-IL09-26,Will Republican win the House race for IL-09?,John Elleson,,active,US_2026_general_election,2026-09-08T15:07:00Z,usable,2026-09-08T14:00:00Z,1.1166666666666667,0.030500000000000003,0.003,0.058,0.055,613.0,bar_age_only_actual_quote_update_time_unavailable
KXHOUSERACE-IL09-26-D,KXHOUSERACE,KXHOUSERACE-IL09-26,Will Democratic win the House race for IL-09?,Daniel Biss,,active,US_2026_general_election,2026-09-08T15:07:00Z,usable,2026-09-08T15:00:00Z,0.11666666666666667,0.9735,0.95,0.997,0.04700000000000004,121.0,bar_age_only_actual_quote_update_time_unavailable
KXHOUSERACE-IL07-26-R,KXHOUSERACE,KXHOUSERACE-IL07-26,Will Republican win the House race for IL-07?,Chad Koppie,,active,US_2026_general_election,2026-09-08T15:07:00Z,usable,2026-09-08T14:00:00Z,1.1166666666666667,0.023,0.001,0.045,0.044,4.0,bar_age_only_actual_quote_update_time_unavailable
KXHOUSERACE-IL07-26-D,KXHOUSERACE,KXHOUSERACE-IL07-26,Will Democratic win the House race for IL-07?,La Shawn Ford,,active,US_2026_general_election,2026-09-08T15:07:00Z,stale_observation,2026-09-06T21:00:00Z,42.11666666666667,,,,,,
KXHOUSERACE-IL08-26-R,KXHOUSERACE,KXHOUSERACE-IL08-26,Will Republican win the House race for IL-08?,Jennifer Davis,,active,US_2026_general_election,2026-09-08T15:07:00Z,usable,2026-09-08T14:00:00Z,1.1166666666666667,0.0615,0.054,0.069,0.015000000000000006,3059.68,bar_age_only_actual_quote_update_time_unavailable
KXHOUSERACE-IL08-26-D,KXHOUSERACE,KXHOUSERACE-IL08-26,Will Democratic win the House race for IL-08?,Melissa Bean,,active,US_2026_general_election,2026-09-08T15:07:00Z,usable,2026-09-08T15:00:00Z,0.11666666666666667,0.9279999999999999,0.91,0.946,0.03599999999999992,669.55,bar_age_only_actual_quote_update_time_unavailable
KXHOUSERACE-IL06-26-R,KXHOUSERACE,KXHOUSERACE-IL06-26,Will Republican win the House race for IL-06?,Niki Conforti,,active,US_2026_general_election,2026-09-08T15:07:00Z,stale_observation,2026-09-04T20:00:00Z,91.11666666666666,,,,,,
KXHOUSERACE-IL06-26-D,KXHOUSERACE,KXHOUSERACE-IL06-26,Will Democratic win the House race for IL-06?,Sean Casten,,active,US_2026_general_election,2026-09-08T15:07:00Z,stale_observation,2026-09-04T20:00:00Z,91.11666666666666,,,,,,
KXHOUSERACE-IL05-26-R,KXHOUSERACE,KXHOUSERACE-IL05-26,Will Republican win the House race for IL-05?,Tommy Hanson,,active,US_2026_general_election,2026-09-08T15:07:00Z,usable,2026-09-08T15:00:00Z,0.11666666666666667,0.018500000000000003,0.003,0.034,0.031000000000000003,2.0,bar_age_only_actual_quote_update_time_unavailable
KXHOUSERACE-IL05-26-D,KXHOUSERACE,KXHOUSERACE-IL05-26,Will Democratic win the House race for IL-05?,Mike Quigley,,active,US_2026_general_election,2026-09-08T15:07:00Z,usable,2026-09-08T15:00:00Z,0.11666666666666667,0.9815,0.966,0.997,0.031000000000000028,147.0,bar_age_only_actual_quote_update_time_unavailable
KXHOUSERACE-IL04-26-R,KXHOUSERACE,KXHOUSERACE-IL04-26,Will Republican win the House race for IL-04?,Lupe Castillo,,active,US_2026_general_election,2026-09-08T15:07:00Z,usable,2026-09-08T14:00:00Z,1.1166666666666667,0.0365,0.022,0.051,0.028999999999999998,1250.0,bar_age_only_actual_quote_update_time_unavailable
KXHOUSERACE-IL04-26-D,KXHOUSERACE,KXHOUSERACE-IL04-26,Will Democratic win the House race for IL-04?,Patty Garcia,,active,US_2026_general_election,2026-09-08T15:07:00Z,usable,2026-09-08T15:00:00Z,0.11666666666666667,0.9530000000000001,0.934,0.972,0.03799999999999992,4481.22,bar_age_only_actual_quote_update_time_unavailable
KXHOUSERACE-IL03-26-R,KXHOUSERACE,KXHOUSERACE-IL03-26,Will Republican win the House race for IL-03?,Angel Oakley,,active,US_2026_general_election,2026-09-08T15:07:00Z,stale_observation,2026-09-06T21:00:00Z,42.11666666666667,,,,,,
KXHOUSERACE-IL03-26-D,KXHOUSERACE,KXHOUSERACE-IL03-26,Will Democratic win the House race for IL-03?,Delia Ramirez,,active,US_2026_general_election,2026-09-08T15:07:00Z,stale_observation,2026-09-04T13:00:00Z,98.11666666666666,,,,,,
KXHOUSERACE-IL02-26-R,KXHOUSERACE,KXHOUSERACE-IL02-26,Will Republican win the House race for IL-02?,Michael Noack,,active,US_2026_general_election,2026-09-08T15:07:00Z,stale_observation,2026-09-06T21:00:00Z,42.11666666666667,,,,,,
KXHOUSERACE-IL02-26-D,KXHOUSERACE,KXHOUSERACE-IL02-26,Will Democratic win the House race for IL-02?,Donna Miller,,active,US_2026_general_election,2026-09-08T15:07:00Z,stale_observation,2026-09-04T20:00:00Z,91.11666666666666,,,,,,
KXHOUSERACE-IL01-26-R,KXHOUSERACE,KXHOUSERACE-IL01-26,Will Republican win the House race for IL-01?,Christian Maxwell,,active,US_2026_general_election,2026-09-08T15:07:00Z,usable,2026-09-08T14:00:00Z,1.1166666666666667,0.0295,0.007,0.052,0.045,983.19,bar_age_only_actual_quote_update_time_unavailable
KXHOUSERACE-IL01-26-D,KXHOUSERACE,KXHOUSERACE-IL01-26,Will Democratic win the House race for IL-01?,Jonathan Jackson,,active,US_2026_general_election,2026-09-08T15:07:00Z,usable,2026-09-08T14:00:00Z,1.1166666666666667,0.97,0.95,0.99,0.040000000000000036,1582.0,bar_age_only_actual_quote_update_time_unavailable
KXHOUSERACE-ID02-26-R,KXHOUSERACE,KXHOUSERACE-ID02-26,Will Republican win the House race for ID-02?,Mike Simpson,,active,US_2026_general_election,2026-09-08T15:07:00Z,usable,2026-09-08T15:00:00Z,0.11666666666666667,0.9359999999999999,0.9,0.972,0.07199999999999995,1332.0,bar_age_only_actual_quote_update_time_unavailable
KXHOUSERACE-ID02-26-D,KXHOUSERACE,KXHOUSERACE-ID02-26,Will Democratic win the House race for ID-02?,Elinor Gilbreath,,active,US_2026_general_election,2026-09-08T15:07:00Z,usable,2026-09-08T15:00:00Z,0.11666666666666667,0.0625,0.025,0.1,0.07500000000000001,2120.0,bar_age_only_actual_quote_update_time_unavailable
KXHOUSERACE-ID01-26-R,KXHOUSERACE,KXHOUSERACE-ID01-26,Will Republican win the House race for ID-01?,Russ Fulcher,,active,US_2026_general_election,2026-09-08T15:07:00Z,stale_observation,2026-09-07T00:00:00Z,39.11666666666667,,,,,,
KXHOUSERACE-ID01-26-D,KXHOUSERACE,KXHOUSERACE-ID01-26,Will Democratic win the House race for ID-01?,Kaylee Peterson,,active,US_2026_general_election,2026-09-08T15:07:00Z,stale_observation,2026-09-06T20:00:00Z,43.11666666666667,,,,,,
KXHOUSERACE-IA04-26-R,KXHOUSERACE,KXHOUSERACE-IA04-26,Will Republican win the House race for IA-04?,Chris McGowan,,active,US_2026_general_election,2026-09-08T15:07:00Z,usable,2026-09-08T14:00:00Z,1.1166666666666667,0.944,0.929,0.959,0.029999999999999916,4779.09,bar_age_only_actual_quote_update_time_unavailable
KXHOUSERACE-IA04-26-D,KXHOUSERACE,KXHOUSERACE-IA04-26,Will Democratic win the House race for IA-04?,Dave Dawson,,active,US_2026_general_election,2026-09-08T15:07:00Z,usable,2026-09-08T14:00:00Z,1.1166666666666667,0.0465,0.032,0.061,0.028999999999999998,1706.99,bar_age_only_actual_quote_update_time_unavailable
KXHOUSERACE-IA02-26-R,KXHOUSERACE,KXHOUSERACE-IA02-26,Will Republican win the House race for IA-02?,Joe Mitchell,,active,US_2026_general_election,2026-09-08T15:07:00Z,usable,2026-09-08T15:00:00Z,0.11666666666666667,0.5449999999999999,0.52,0.57,0.04999999999999993,3153.08,bar_age_only_actual_quote_update_time_unavailable
KXHOUSERACE-IA02-26-D,KXHOUSERACE,KXHOUSERACE-IA02-26,Will Democratic win the House race for IA-02?,Lindsay James,,active,US_2026_general_election,2026-09-08T15:07:00Z,usable,2026-09-08T15:00:00Z,0.11666666666666667,0.47,0.45,0.49,0.03999999999999998,4925.25,bar_age_only_actual_quote_update_time_unavailable
KXHOUSERACE-HI02-26-R,KXHOUSERACE,KXHOUSERACE-HI02-26,Will Republican win the House race for HI-02?,Brenton Awa,,active,US_2026_general_election,2026-09-08T15:07:00Z,usable,2026-09-08T15:00:00Z,0.11666666666666667,0.0355,0.011,0.06,0.049,4857.7,bar_age_only_actual_quote_update_time_unavailable
KXHOUSERACE-HI02-26-D,KXHOUSERACE,KXHOUSERACE-HI02-26,Will Democratic win the House race for HI-02?,Jill Tokuda,,active,US_2026_general_election,2026-09-08T15:07:00Z,usable,2026-09-08T14:00:00Z,1.1166666666666667,0.956,0.933,0.979,0.04599999999999993,1694.87,bar_age_only_actual_quote_update_time_unavailable
KXHOUSERACE-HI01-26-R,KXHOUSERACE,KXHOUSERACE-HI01-26,Will Republican win the House race for HI-01?,Adriel Lam,,active,US_2026_general_election,2026-09-08T15:07:00Z,usable,2026-09-08T14:00:00Z,1.1166666666666667,0.0135,0.003,0.024,0.021,50.0,bar_age_only_actual_quote_update_time_unavailable
KXHOUSERACE-HI01-26-D,KXHOUSERACE,KXHOUSERACE-HI01-26,Will Democratic win the House race for HI-01?,Ed Case,,active,US_2026_general_election,2026-09-08T15:07:00Z,usable,2026-09-08T14:00:00Z,1.1166666666666667,0.9864999999999999,0.976,0.997,0.02100000000000002,1.0,bar_age_only_actual_quote_update_time_unavailable
KXHOUSERACE-GA14-26-R,KXHOUSERACE,KXHOUSERACE-GA14-26,Will Republican win the House race for GA-14?,Clay Fuller,,active,US_2026_general_election,2026-09-08T15:07:00Z,usable,2026-09-08T00:00:00Z,15.116666666666667,0.9715,0.96,0.983,0.02300000000000002,1019.0,bar_age_only_actual_quote_update_time_unavailable
KXHOUSERACE-GA14-26-D,KXHOUSERACE,KXHOUSERACE-GA14-26,Will Democratic win the House race for GA-14?,Shawn Harris,,active,US_2026_general_election,2026-09-08T15:07:00Z,usable,2026-09-08T15:00:00Z,0.11666666666666667,0.0485,0.017,0.08,0.063,4464.6,bar_age_only_actual_quote_update_time_unavailable
KXHOUSERACE-GA13-26-R,KXHOUSERACE,KXHOUSERACE-GA13-26,Will Republican win the House race for GA-13?,Jonathan Chavez,,active,US_2026_general_election,2026-09-08T15:07:00Z,stale_observation,2026-09-07T07:00:00Z,32.11666666666667,,,,,,
KXHOUSERACE-GA13-26-D,KXHOUSERACE,KXHOUSERACE-GA13-26,Will Democratic win the House race for GA-13?,Jasmine Clark,,active,US_2026_general_election,2026-09-08T15:07:00Z,usable,2026-09-08T10:00:00Z,5.116666666666666,0.967,0.939,0.995,0.05600000000000005,1665.69,bar_age_only_actual_quote_update_time_unavailable
KXHOUSERACE-GA12-26-R,KXHOUSERACE,KXHOUSERACE-GA12-26,Will Republican win the House race for GA-12?,Rick Allen,,active,US_2026_general_election,2026-09-08T15:07:00Z,usable,2026-09-08T15:00:00Z,0.11666666666666667,0.9195,0.9,0.939,0.038999999999999924,5362.0,bar_age_only_actual_quote_update_time_unavailable
KXHOUSERACE-GA12-26-D,KXHOUSERACE,KXHOUSERACE-GA12-26,Will Democratic win the House race for GA-12?,Ceretta Smith,,active,US_2026_general_election,2026-09-08T15:07:00Z,usable,2026-09-08T15:00:00Z,0.11666666666666667,0.0795,0.065,0.094,0.028999999999999998,4770.0,bar_age_only_actual_quote_update_time_unavailable
KXHOUSERACE-GA11-26-R,KXHOUSERACE,KXHOUSERACE-GA11-26,Will Republican win the House race for GA-11?,John Cowan,,active,US_2026_general_election,2026-09-08T15:07:00Z,usable,2026-09-08T14:00:00Z,1.1166666666666667,0.9485,0.919,0.978,0.05899999999999994,2707.0,bar_age_only_actual_quote_update_time_unavailable
KXHOUSERACE-GA11-26-D,KXHOUSERACE,KXHOUSERACE-GA11-26,Will Democratic win the House race for GA-11?,Chris Harden,,active,US_2026_general_election,2026-09-08T15:07:00Z,usable,2026-09-08T15:00:00Z,0.11666666666666667,0.0405,0.006,0.075,0.06899999999999999,3909.19,bar_age_only_actual_quote_update_time_unavailable
KXHOUSERACE-GA10-26-R,KXHOUSERACE,KXHOUSERACE-GA10-26,Will Republican win the House race for GA-10?,Houston Gaines,,active,US_2026_general_election,2026-09-08T15:07:00Z,usable,2026-09-08T14:00:00Z,1.1166666666666667,0.9515,0.923,0.98,0.05699999999999994,554.0,bar_age_only_actual_quote_update_time_unavailable
KXHOUSERACE-GA10-26-D,KXHOUSERACE,KXHOUSERACE-GA10-26,Will Democratic win the House race for GA-10?,Pamela DeLancy,,active,US_2026_general_election,2026-09-08T15:07:00Z,usable,2026-09-08T14:00:00Z,1.1166666666666667,0.042,0.027,0.057,0.030000000000000002,416.95,bar_age_only_actual_quote_update_time_unavailable
KXHOUSERACE-GA09-26-R,KXHOUSERACE,KXHOUSERACE-GA09-26,Will Republican win the House race for GA-09?,Andrew Clyde,,active,US_2026_general_election,2026-09-08T15:07:00Z,usable,2026-09-08T14:00:00Z,1.1166666666666667,0.953,0.946,0.96,0.014000000000000012,5533.0,bar_age_only_actual_quote_update_time_unavailable
KXHOUSERACE-GA09-26-D,KXHOUSERACE,KXHOUSERACE-GA09-26,Will Democratic win the House race for GA-09?,Caitlyn Gegen,,active,US_2026_general_election,2026-09-08T15:07:00Z,usable,2026-09-08T13:00:00Z,2.1166666666666667,0.044,0.011,0.077,0.066,209.0,bar_age_only_actual_quote_update_time_unavailable
KXHOUSERACE-GA07-26-R,KXHOUSERACE,KXHOUSERACE-GA07-26,Will Republican win the House race for GA-07?,Rich McCormick,,active,US_2026_general_election,2026-09-08T15:07:00Z,usable,2026-09-08T15:00:00Z,0.11666666666666667,0.9319999999999999,0.905,0.959,0.05399999999999994,2778.0,bar_age_only_actual_quote_update_time_unavailable
KXHOUSERACE-GA07-26-D,KXHOUSERACE,KXHOUSERACE-GA07-26,Will Democratic win the House race for GA-07?,Anthony Kozycki,,active,US_2026_general_election,2026-09-08T15:07:00Z,usable,2026-09-08T15:00:00Z,0.11666666666666667,0.068,0.041,0.095,0.054,3653.0,bar_age_only_actual_quote_update_time_unavailable
KXHOUSERACE-GA08-26-R,KXHOUSERACE,KXHOUSERACE-GA08-26,Will Republican win the House race for GA-08?,Austin Scott,,active,US_2026_general_election,2026-09-08T15:07:00Z,usable,2026-09-08T14:00:00Z,1.1166666666666667,0.9450000000000001,0.912,0.978,0.06599999999999995,1721.27,bar_age_only_actual_quote_update_time_unavailable
KXHOUSERACE-GA08-26-D,KXHOUSERACE,KXHOUSERACE-GA08-26,Will Democratic win the House race for GA-08?,Kelly Esti,,active,US_2026_general_election,2026-09-08T15:07:00Z,usable,2026-09-08T15:00:00Z,0.11666666666666667,0.0335,0.02,0.047,0.027,1674.75,bar_age_only_actual_quote_update_time_unavailable
KXHOUSERACE-GA05-26-R,KXHOUSERACE,KXHOUSERACE-GA05-26,Will Republican win the House race for GA-05?,John Salvesen,,active,US_2026_general_election,2026-09-08T15:07:00Z,usable,2026-09-08T15:00:00Z,0.11666666666666667,0.0205,0.002,0.039,0.037,802.0,bar_age_only_actual_quote_update_time_unavailable
KXHOUSERACE-GA05-26-D,KXHOUSERACE,KXHOUSERACE-GA05-26,Will Democratic win the House race for GA-05?,Nikema Williams,,active,US_2026_general_election,2026-09-08T15:07:00Z,stale_observation,2026-09-06T20:00:00Z,43.11666666666667,,,,,,
KXHOUSERACE-GA06-26-R,KXHOUSERACE,KXHOUSERACE-GA06-26,Will Republican win the House race for GA-06?,Kevin Martin,,active,US_2026_general_election,2026-09-08T15:07:00Z,usable,2026-09-08T14:00:00Z,1.1166666666666667,0.033,0.002,0.064,0.062,321.0,bar_age_only_actual_quote_update_time_unavailable
KXHOUSERACE-GA06-26-D,KXHOUSERACE,KXHOUSERACE-GA06-26,Will Democratic win the House race for GA-06?,Lucy McBath,,active,US_2026_general_election,2026-09-08T15:07:00Z,usable,2026-09-08T15:00:00Z,0.11666666666666667,0.9624999999999999,0.95,0.975,0.025000000000000022,4475.0,bar_age_only_actual_quote_update_time_unavailable
KXHOUSERACE-GA04-26-R,KXHOUSERACE,KXHOUSERACE-GA04-26,Will Republican win the House race for GA-04?,James Duffie,,active,US_2026_general_election,2026-09-08T15:07:00Z,usable,2026-09-08T09:00:00Z,6.116666666666666,0.012,0.001,0.023,0.022,718.0,bar_age_only_actual_quote_update_time_unavailable
KXHOUSERACE-GA04-26-D,KXHOUSERACE,KXHOUSERACE-GA04-26,Will Democratic win the House race for GA-04?,Hank Johnson,,active,US_2026_general_election,2026-09-08T15:07:00Z,usable,2026-09-08T14:00:00Z,1.1166666666666667,0.9824999999999999,0.967,0.998,0.031000000000000028,558.16,bar_age_only_actual_quote_update_time_unavailable
KXHOUSERACE-GA03-26-R,KXHOUSERACE,KXHOUSERACE-GA03-26,Will Republican win the House race for GA-03?,Brian Jack,,active,US_2026_general_election,2026-09-08T15:07:00Z,usable,2026-09-08T14:00:00Z,1.1166666666666667,0.954,0.928,0.98,0.051999999999999935,1007.03,bar_age_only_actual_quote_update_time_unavailable
KXHOUSERACE-GA03-26-D,KXHOUSERACE,KXHOUSERACE-GA03-26,Will Democratic win the House race for GA-03?,Maura Keller,,active,US_2026_general_election,2026-09-08T15:07:00Z,usable,2026-09-08T15:00:00Z,0.11666666666666667,0.042,0.007,0.077,0.06999999999999999,500.0,bar_age_only_actual_quote_update_time_unavailable
KXHOUSERACE-GA01-26-R,KXHOUSERACE,KXHOUSERACE-GA01-26,Will Republican win the House race for GA-01?,Jim Kingston,,active,US_2026_general_election,2026-09-08T15:07:00Z,usable,2026-09-08T15:00:00Z,0.11666666666666667,0.893,0.87,0.916,0.04600000000000004,710.0,bar_age_only_actual_quote_update_time_unavailable
KXHOUSERACE-GA01-26-D,KXHOUSERACE,KXHOUSERACE-GA01-26,Will Democratic win the House race for GA-01?,Amanda Hollowell,,active,US_2026_general_election,2026-09-08T15:07:00Z,usable,2026-09-08T15:00:00Z,0.11666666666666667,0.10700000000000001,0.084,0.13,0.046,1252.0,bar_age_only_actual_quote_update_time_unavailable
KXHOUSERACE-GA02-26-R,KXHOUSERACE,KXHOUSERACE-GA02-26,Will Republican win the House race for GA-02?,Matt Day,,active,US_2026_general_election,2026-09-08T15:07:00Z,usable,2026-09-08T14:00:00Z,1.1166666666666667,0.034,0.022,0.046,0.024,4111.27,bar_age_only_actual_quote_update_time_unavailable
KXHOUSERACE-GA02-26-D,KXHOUSERACE,KXHOUSERACE-GA02-26,Will Democratic win the House race for GA-02?,Sanford Bishop,,active,US_2026_general_election,2026-09-08T15:07:00Z,usable,2026-09-08T15:00:00Z,0.11666666666666667,0.9635,0.934,0.993,0.05899999999999994,4624.78,bar_age_only_actual_quote_update_time_unavailable
KXHOUSERACE-FL28-26-R,KXHOUSERACE,KXHOUSERACE-FL28-26,Will Republican win the House race for FL-28?,Carlos Giménez,,active,US_2026_general_election,2026-09-08T15:07:00Z,usable,2026-09-08T15:00:00Z,0.11666666666666667,0.9195,0.88,0.959,0.07899999999999996,1451.7,bar_age_only_actual_quote_update_time_unavailable
KXHOUSERACE-FL28-26-D,KXHOUSERACE,KXHOUSERACE-FL28-26,Will Democratic win the House race for FL-28?,Phil Ehr,,active,US_2026_general_election,2026-09-08T15:07:00Z,usable,2026-09-08T15:00:00Z,0.11666666666666667,0.075,0.04,0.11,0.07,2484.97,bar_age_only_actual_quote_update_time_unavailable
KXHOUSERACE-FL26-26-R,KXHOUSERACE,KXHOUSERACE-FL26-26,Will Republican win the House race for FL-26?,Mario Díaz-Balart,,active,US_2026_general_election,2026-09-08T15:07:00Z,stale_observation,2026-09-06T18:00:00Z,45.11666666666667,,,,,,
KXHOUSERACE-FL26-26-D,KXHOUSERACE,KXHOUSERACE-FL26-26,Will Democratic win the House race for FL-26?,Nicole Locklin,,active,US_2026_general_election,2026-09-08T15:07:00Z,usable,2026-09-08T14:00:00Z,1.1166666666666667,0.105,0.09,0.12,0.03,1270.0,bar_age_only_actual_quote_update_time_unavailable
KXHOUSERACE-FL27-26-R,KXHOUSERACE,KXHOUSERACE-FL27-26,Will Republican win the House race for FL-27?,Maria Elvira Salazar,,active,US_2026_general_election,2026-09-08T15:07:00Z,usable,2026-09-08T14:00:00Z,1.1166666666666667,0.815,0.81,0.82,0.009999999999999898,4346.38,bar_age_only_actual_quote_update_time_unavailable
KXHOUSERACE-FL27-26-D,KXHOUSERACE,KXHOUSERACE-FL27-26,Will Democratic win the House race for FL-27?,Eliott Rodriguez,,active,US_2026_general_election,2026-09-08T15:07:00Z,usable,2026-09-08T14:00:00Z,1.1166666666666667,0.19,0.17,0.21,0.03999999999999998,5309.67,bar_age_only_actual_quote_update_time_unavailable
KXHOUSERACE-FL25-26-R,KXHOUSERACE,KXHOUSERACE-FL25-26,Will Republican win the House race for FL-25?,Scott Singer,,active,US_2026_general_election,2026-09-08T15:07:00Z,usable,2026-09-08T15:00:00Z,0.11666666666666667,0.305,0.3,0.31,0.010000000000000009,10892.99,bar_age_only_actual_quote_update_time_unavailable
KXHOUSERACE-FL25-26-D,KXHOUSERACE,KXHOUSERACE-FL25-26,Will Democratic win the House race for FL-25?,Jared Moskowitz,,active,US_2026_general_election,2026-09-08T15:07:00Z,usable,2026-09-08T15:00:00Z,0.11666666666666667,0.705,0.7,0.71,0.010000000000000009,8052.45,bar_age_only_actual_quote_update_time_unavailable
KXHOUSERACE-FL24-26-R,KXHOUSERACE,KXHOUSERACE-FL24-26,Will Republican win the House race for FL-24?,Mayonna Te Brown,,active,US_2026_general_election,2026-09-08T15:07:00Z,stale_observation,2026-09-01T02:00:00Z,181.11666666666667,,,,,,
KXHOUSERACE-FL24-26-D,KXHOUSERACE,KXHOUSERACE-FL24-26,Will Democratic win the House race for FL-24?,Oliver Gilbert,,active,US_2026_general_election,2026-09-08T15:07:00Z,usable,2026-09-07T23:00:00Z,16.116666666666667,0.9655,0.933,0.998,0.06499999999999995,514.58,bar_age_only_actual_quote_update_time_unavailable
KXHOUSERACE-FL22-26-R,KXHOUSERACE,KXHOUSERACE-FL22-26,Will Republican win the House race for FL-22?,Casey Askar,,active,US_2026_general_election,2026-09-08T15:07:00Z,usable,2026-09-08T15:00:00Z,0.11666666666666667,0.575,0.56,0.59,0.029999999999999916,14117.38,bar_age_only_actual_quote_update_time_unavailable
KXHOUSERACE-FL22-26-D,KXHOUSERACE,KXHOUSERACE-FL22-26,Will Democratic win the House race for FL-22?,Pia Dandiya,,active,US_2026_general_election,2026-09-08T15:07:00Z,usable,2026-09-08T06:00:00Z,9.116666666666667,0.445,0.44,0.45,0.010000000000000009,23659.25,bar_age_only_actual_quote_update_time_unavailable
KXHOUSERACE-FL21-26-R,KXHOUSERACE,KXHOUSERACE-FL21-26,Will Republican win the House race for FL-21?,Brian Mast,,active,US_2026_general_election,2026-09-08T15:07:00Z,stale_observation,2026-09-06T19:00:00Z,44.11666666666667,,,,,,
KXHOUSERACE-FL21-26-D,KXHOUSERACE,KXHOUSERACE-FL21-26,Will Democratic win the House race for FL-21?,James Martin,,active,US_2026_general_election,2026-09-08T15:07:00Z,usable,2026-09-08T15:00:00Z,0.11666666666666667,0.091,0.062,0.12,0.057999999999999996,1690.39,bar_age_only_actual_quote_update_time_unavailable
KXHOUSERACE-FL20-26-R,KXHOUSERACE,KXHOUSERACE-FL20-26,Will Republican win the House race for FL-20?,Brent Andersen,,active,US_2026_general_election,2026-09-08T15:07:00Z,usable,2026-09-08T15:00:00Z,0.11666666666666667,0.032,0.01,0.054,0.044,933.54,bar_age_only_actual_quote_update_time_unavailable
KXHOUSERACE-FL20-26-D,KXHOUSERACE,KXHOUSERACE-FL20-26,Will Democratic win the House race for FL-20?,Debbie Wasserman Schultz,,active,US_2026_general_election,2026-09-08T15:07:00Z,usable,2026-09-08T14:00:00Z,1.1166666666666667,0.9515,0.938,0.965,0.027000000000000024,1400.0,bar_age_only_actual_quote_update_time_unavailable
KXHOUSERACE-FL19-26-R,KXHOUSERACE,KXHOUSERACE-FL19-26,Will Republican win the House race for FL-19?,Jim Schwartzel,,active,US_2026_general_election,2026-09-08T15:07:00Z,usable,2026-09-08T14:00:00Z,1.1166666666666667,0.9535,0.949,0.958,0.009000000000000008,21.0,bar_age_only_actual_quote_update_time_unavailable
KXHOUSERACE-FL19-26-D,KXHOUSERACE,KXHOUSERACE-FL19-26,Will Democratic win the House race for FL-19?,Victor Arias,,active,US_2026_general_election,2026-09-08T15:07:00Z,usable,2026-09-08T14:00:00Z,1.1166666666666667,0.053000000000000005,0.037,0.069,0.03200000000000001,746.0,bar_age_only_actual_quote_update_time_unavailable
KXHOUSERACE-FL16-26-R,KXHOUSERACE,KXHOUSERACE-FL16-26,Will Republican win the House race for FL-16?,Sydney Gruters,,active,US_2026_general_election,2026-09-08T15:07:00Z,usable,2026-09-08T15:00:00Z,0.11666666666666667,0.815,0.81,0.82,0.009999999999999898,1568.98,bar_age_only_actual_quote_update_time_unavailable
KXHOUSERACE-FL16-26-D,KXHOUSERACE,KXHOUSERACE-FL16-26,Will Democratic win the House race for FL-16?,Kelly Kirschner,,active,US_2026_general_election,2026-09-08T15:07:00Z,usable,2026-09-08T15:00:00Z,0.11666666666666667,0.19,0.17,0.21,0.03999999999999998,1992.58,bar_age_only_actual_quote_update_time_unavailable
KXHOUSERACE-FL18-26-R,KXHOUSERACE,KXHOUSERACE-FL18-26,Will Republican win the House race for FL-18?,Scott Franklin,,active,US_2026_general_election,2026-09-08T15:07:00Z,usable,2026-09-08T14:00:00Z,1.1166666666666667,0.9199999999999999,0.9,0.94,0.039999999999999925,1339.83,bar_age_only_actual_quote_update_time_unavailable
KXHOUSERACE-FL18-26-D,KXHOUSERACE,KXHOUSERACE-FL18-26,Will Democratic win the House race for FL-18?,Curtis Gibson,,active,US_2026_general_election,2026-09-08T15:07:00Z,usable,2026-09-08T15:00:00Z,0.11666666666666667,0.0625,0.025,0.1,0.07500000000000001,857.07,bar_age_only_actual_quote_update_time_unavailable
KXHOUSERACE-FL17-26-R,KXHOUSERACE,KXHOUSERACE-FL17-26,Will Republican win the House race for FL-17?,Greg Steube,,active,US_2026_general_election,2026-09-08T15:07:00Z,usable,2026-09-08T14:00:00Z,1.1166666666666667,0.946,0.933,0.959,0.025999999999999912,1004.0,bar_age_only_actual_quote_update_time_unavailable
KXHOUSERACE-FL17-26-D,KXHOUSERACE,KXHOUSERACE-FL17-26,Will Democratic win the House race for FL-17?,Matthew Montavon,,active,US_2026_general_election,2026-09-08T15:07:00Z,usable,2026-09-08T15:00:00Z,0.11666666666666667,0.043500000000000004,0.003,0.084,0.081,847.4,bar_age_only_actual_quote_update_time_unavailable
KXHOUSERACE-FL14-26-R,KXHOUSERACE,KXHOUSERACE-FL14-26,Will Republican win the House race for FL-14?,Mike Beltran,,active,US_2026_general_election,2026-09-08T15:07:00Z,usable,2026-09-08T15:00:00Z,0.11666666666666667,0.375,0.37,0.38,0.010000000000000009,22209.26,bar_age_only_actual_quote_update_time_unavailable
KXHOUSERACE-FL14-26-D,KXHOUSERACE,KXHOUSERACE-FL14-26,Will Democratic win the House race for FL-14?,Kathy Castor,,active,US_2026_general_election,2026-09-08T15:07:00Z,usable,2026-09-08T15:00:00Z,0.11666666666666667,0.625,0.62,0.63,0.010000000000000009,14282.04,bar_age_only_actual_quote_update_time_unavailable
KXHOUSERACE-FL15-26-R,KXHOUSERACE,KXHOUSERACE-FL15-26,Will Republican win the House race for FL-15?,Laurel Lee,,active,US_2026_general_election,2026-09-08T15:07:00Z,usable,2026-09-08T15:00:00Z,0.11666666666666667,0.9135,0.907,0.92,0.013000000000000012,1327.08,bar_age_only_actual_quote_update_time_unavailable
KXHOUSERACE-FL15-26-D,KXHOUSERACE,KXHOUSERACE-FL15-26,Will Democratic win the House race for FL-15?,Robert People,,active,US_2026_general_election,2026-09-08T15:07:00Z,usable,2026-09-08T15:00:00Z,0.11666666666666667,0.07150000000000001,0.044,0.099,0.05500000000000001,2458.69,bar_age_only_actual_quote_update_time_unavailable
KXHOUSERACE-FL12-26-R,KXHOUSERACE,KXHOUSERACE-FL12-26,Will Republican win the House race for FL-12?,Gus Bilirakis,,active,US_2026_general_election,2026-09-08T15:07:00Z,usable,2026-09-08T15:00:00Z,0.11666666666666667,0.9275,0.903,0.952,0.04899999999999993,2362.0,bar_age_only_actual_quote_update_time_unavailable
KXHOUSERACE-FL12-26-D,KXHOUSERACE,KXHOUSERACE-FL12-26,Will Democratic win the House race for FL-12?,Kimberly Overman,,active,US_2026_general_election,2026-09-08T15:07:00Z,usable,2026-09-08T15:00:00Z,0.11666666666666667,0.07350000000000001,0.048,0.099,0.051000000000000004,1707.18,bar_age_only_actual_quote_update_time_unavailable
KXHOUSERACE-FL11-26-R,KXHOUSERACE,KXHOUSERACE-FL11-26,Will Republican win the House race for FL-11?,Joe Strada,,active,US_2026_general_election,2026-09-08T15:07:00Z,usable,2026-09-08T15:00:00Z,0.11666666666666667,0.855,0.84,0.87,0.030000000000000027,908.0,bar_age_only_actual_quote_update_time_unavailable
KXHOUSERACE-FL11-26-D,KXHOUSERACE,KXHOUSERACE-FL11-26,Will Democratic win the House race for FL-11?,James Pericola,,active,US_2026_general_election,2026-09-08T15:07:00Z,usable,2026-09-08T15:00:00Z,0.11666666666666667,0.14500000000000002,0.13,0.16,0.03,3019.7,bar_age_only_actual_quote_update_time_unavailable
KXHOUSERACE-FL10-26-R,KXHOUSERACE,KXHOUSERACE-FL10-26,Will Republican win the House race for FL-10?,Republican party,,active,US_2026_general_election,2026-09-08T15:07:00Z,usable,2026-09-08T14:00:00Z,1.1166666666666667,0.036500000000000005,0.005,0.068,0.063,10660.21,bar_age_only_actual_quote_update_time_unavailable
KXHOUSERACE-FL10-26-D,KXHOUSERACE,KXHOUSERACE-FL10-26,Will Democratic win the House race for FL-10?,Maxwell Frost,,active,US_2026_general_election,2026-09-08T15:07:00Z,usable,2026-09-08T02:00:00Z,13.116666666666667,0.9615,0.943,0.98,0.03700000000000003,2187.51,bar_age_only_actual_quote_update_time_unavailable
KXHOUSERACE-FL09-26-R,KXHOUSERACE,KXHOUSERACE-FL09-26,Will Republican win the House race for FL-09?,Dan Green,,active,US_2026_general_election,2026-09-08T15:07:00Z,usable,2026-09-08T15:00:00Z,0.11666666666666667,0.655,0.63,0.68,0.050000000000000044,7005.48,bar_age_only_actual_quote_update_time_unavailable
KXHOUSERACE-FL09-26-D,KXHOUSERACE,KXHOUSERACE-FL09-26,Will Democratic win the House race for FL-09?,Darren Soto,,active,US_2026_general_election,2026-09-08T15:07:00Z,usable,2026-09-08T15:00:00Z,0.11666666666666667,0.35,0.32,0.38,0.06,6516.43,bar_age_only_actual_quote_update_time_unavailable
KXHOUSERACE-FL08-26-R,KXHOUSERACE,KXHOUSERACE-FL08-26,Will Republican win the House race for FL-08?,Mike Haridopolos,,active,US_2026_general_election,2026-09-08T15:07:00Z,usable,2026-09-08T15:00:00Z,0.11666666666666667,0.9365,0.922,0.951,0.028999999999999915,1657.0,bar_age_only_actual_quote_update_time_unavailable
KXHOUSERACE-FL08-26-D,KXHOUSERACE,KXHOUSERACE-FL08-26,Will Democratic win the House race for FL-08?,Jennifer Jenkins,,active,US_2026_general_election,2026-09-08T15:07:00Z,usable,2026-09-08T15:00:00Z,0.11666666666666667,0.061,0.031,0.091,0.06,1994.79,bar_age_only_actual_quote_update_time_unavailable
KXHOUSERACE-FL07-26-R,KXHOUSERACE,KXHOUSERACE-FL07-26,Will Republican win the House race for FL-07?,Ryan Elijah,,active,US_2026_general_election,2026-09-08T15:07:00Z,usable,2026-09-08T15:00:00Z,0.11666666666666667,0.675,0.66,0.69,0.029999999999999916,7082.37,bar_age_only_actual_quote_update_time_unavailable
KXHOUSERACE-FL07-26-D,KXHOUSERACE,KXHOUSERACE-FL07-26,Will Democratic win the House race for FL-07?,Bale Dalton,,active,US_2026_general_election,2026-09-08T15:07:00Z,usable,2026-09-08T15:00:00Z,0.11666666666666667,0.31,0.29,0.33,0.040000000000000036,7465.38,bar_age_only_actual_quote_update_time_unavailable
KXHOUSERACE-FL05-26-R,KXHOUSERACE,KXHOUSERACE-FL05-26,Will Republican win the House race for FL-05?,John Rutherford,,active,US_2026_general_election,2026-09-08T15:07:00Z,usable,2026-09-08T14:00:00Z,1.1166666666666667,0.9105000000000001,0.901,0.92,0.019000000000000017,1920.8,bar_age_only_actual_quote_update_time_unavailable
KXHOUSERACE-FL05-26-D,KXHOUSERACE,KXHOUSERACE-FL05-26,Will Democratic win the House race for FL-05?,Rachel Grage,,active,US_2026_general_election,2026-09-08T15:07:00Z,usable,2026-09-08T14:00:00Z,1.1166666666666667,0.07250000000000001,0.05,0.095,0.045,1994.0,bar_age_only_actual_quote_update_time_unavailable
KXHOUSERACE-FL06-26-R,KXHOUSERACE,KXHOUSERACE-FL06-26,Will Republican win the House race for FL-06?,Randy Fine,,active,US_2026_general_election,2026-09-08T15:07:00Z,usable,2026-09-08T14:00:00Z,1.1166666666666667,0.9684999999999999,0.954,0.983,0.029000000000000026,1851.11,bar_age_only_actual_quote_update_time_unavailable
KXHOUSERACE-FL06-26-D,KXHOUSERACE,KXHOUSERACE-FL06-26,Will Democratic win the House race for FL-06?,Eric Yonce,,active,US_2026_general_election,2026-09-08T15:07:00Z,usable,2026-09-08T15:00:00Z,0.11666666666666667,0.036000000000000004,0.003,0.069,0.066,867.0,bar_age_only_actual_quote_update_time_unavailable
KXHOUSERACE-FL04-26-R,KXHOUSERACE,KXHOUSERACE-FL04-26,Will Republican win the House race for FL-04?,Aaron Bean,,active,US_2026_general_election,2026-09-08T15:07:00Z,stale_observation,2026-09-05T21:00:00Z,66.11666666666666,,,,,,
KXHOUSERACE-FL04-26-D,KXHOUSERACE,KXHOUSERACE-FL04-26,Will Democratic win the House race for FL-04?,LaShonda Holloway,,active,US_2026_general_election,2026-09-08T15:07:00Z,usable,2026-09-08T15:00:00Z,0.11666666666666667,0.135,0.11,0.16,0.05,1375.66,bar_age_only_actual_quote_update_time_unavailable
KXHOUSERACE-FL03-26-R,KXHOUSERACE,KXHOUSERACE-FL03-26,Will Republican win the House race for FL-03?,Kat Cammack,,active,US_2026_general_election,2026-09-08T15:07:00Z,usable,2026-09-08T14:00:00Z,1.1166666666666667,0.938,0.926,0.95,0.02399999999999991,1031.0,bar_age_only_actual_quote_update_time_unavailable
KXHOUSERACE-FL03-26-D,KXHOUSERACE,KXHOUSERACE-FL03-26,Will Democratic win the House race for FL-03?,Seth Harp,,active,US_2026_general_election,2026-09-08T15:07:00Z,usable,2026-09-08T15:00:00Z,0.11666666666666667,0.057999999999999996,0.029,0.087,0.057999999999999996,1549.0,bar_age_only_actual_quote_update_time_unavailable
KXHOUSERACE-FL02-26-R,KXHOUSERACE,KXHOUSERACE-FL02-26,Will Republican win the House race for FL-02?,Austin Rogers,,active,US_2026_general_election,2026-09-08T15:07:00Z,usable,2026-09-08T15:00:00Z,0.11666666666666667,0.915,0.89,0.94,0.04999999999999993,1563.26,bar_age_only_actual_quote_update_time_unavailable
KXHOUSERACE-FL02-26-D,KXHOUSERACE,KXHOUSERACE-FL02-26,Will Democratic win the House race for FL-02?,Amanda Green,,active,US_2026_general_election,2026-09-08T15:07:00Z,usable,2026-09-08T14:00:00Z,1.1166666666666667,0.07350000000000001,0.047,0.1,0.053000000000000005,2617.1,bar_age_only_actual_quote_update_time_unavailable
KXHOUSERACE-DEAL-26-R,KXHOUSERACE,KXHOUSERACE-DEAL-26,Will Republican win the House race for DE-AL?,Republican party,,active,US_2026_general_election,2026-09-08T15:07:00Z,usable,2026-09-08T14:00:00Z,1.1166666666666667,0.027,0.001,0.053,0.052,461.0,bar_age_only_actual_quote_update_time_unavailable
KXHOUSERACE-DEAL-26-D,KXHOUSERACE,KXHOUSERACE-DEAL-26,Will Democratic win the House race for DE-AL?,Democratic party,,active,US_2026_general_election,2026-09-08T15:07:00Z,usable,2026-09-08T14:00:00Z,1.1166666666666667,0.9724999999999999,0.947,0.998,0.051000000000000045,356.01,bar_age_only_actual_quote_update_time_unavailable
KXHOUSERACE-FL01-26-R,KXHOUSERACE,KXHOUSERACE-FL01-26,Will Republican win the House race for FL-01?,Jimmy Patronis,,active,US_2026_general_election,2026-09-08T15:07:00Z,usable,2026-09-08T14:00:00Z,1.1166666666666667,0.9645,0.93,0.999,0.06899999999999995,416.0,bar_age_only_actual_quote_update_time_unavailable
KXHOUSERACE-FL01-26-D,KXHOUSERACE,KXHOUSERACE-FL01-26,Will Democratic win the House race for FL-01?,Gay Valimont,,active,US_2026_general_election,2026-09-08T15:07:00Z,usable,2026-09-08T14:00:00Z,1.1166666666666667,0.033,0.001,0.065,0.064,1890.0,bar_age_only_actual_quote_update_time_unavailable
KXHOUSERACE-DCAL-26-R,KXHOUSERACE,KXHOUSERACE-DCAL-26,Will Republican win the House race for DC-AL?,Republican party,,active,US_2026_general_election,2026-09-08T15:07:00Z,stale_observation,2026-09-04T21:00:00Z,90.11666666666666,,,,,,
KXHOUSERACE-DCAL-26-D,KXHOUSERACE,KXHOUSERACE-DCAL-26,Will Democratic win the House race for DC-AL?,Democratic party,,active,US_2026_general_election,2026-09-08T15:07:00Z,stale_observation,2026-09-04T21:00:00Z,90.11666666666666,,,,,,
KXHOUSERACE-CT04-26-R,KXHOUSERACE,KXHOUSERACE-CT04-26,Will Republican win the House race for CT-04?,Michael Goldstein,,active,US_2026_general_election,2026-09-08T15:07:00Z,usable,2026-09-08T14:00:00Z,1.1166666666666667,0.03,0.001,0.059,0.057999999999999996,108.82,bar_age_only_actual_quote_update_time_unavailable
KXHOUSERACE-CT04-26-D,KXHOUSERACE,KXHOUSERACE-CT04-26,Will Democratic win the House race for CT-04?,Jim Himes,,active,US_2026_general_election,2026-09-08T15:07:00Z,usable,2026-09-08T15:00:00Z,0.11666666666666667,0.969,0.94,0.998,0.05800000000000005,1185.0,bar_age_only_actual_quote_update_time_unavailable
KXHOUSERACE-CT02-26-R,KXHOUSERACE,KXHOUSERACE-CT02-26,Will Republican win the House race for CT-02?,George Austin,,active,US_2026_general_election,2026-09-08T15:07:00Z,usable,2026-09-08T14:00:00Z,1.1166666666666667,0.026000000000000002,0.012,0.04,0.028,849.75,bar_age_only_actual_quote_update_time_unavailable
KXHOUSERACE-CT02-26-D,KXHOUSERACE,KXHOUSERACE-CT02-26,Will Democratic win the House race for CT-02?,Joe Courtney,,active,US_2026_general_election,2026-09-08T15:07:00Z,usable,2026-09-08T14:00:00Z,1.1166666666666667,0.965,0.941,0.989,0.04800000000000004,501.0,bar_age_only_actual_quote_update_time_unavailable
KXHOUSERACE-CT03-26-R,KXHOUSERACE,KXHOUSERACE-CT03-26,Will Republican win the House race for CT-03?,Christopher Lancia,,active,US_2026_general_election,2026-09-08T15:07:00Z,usable,2026-09-08T15:00:00Z,0.11666666666666667,0.031,0.002,0.06,0.057999999999999996,281.59,bar_age_only_actual_quote_update_time_unavailable
KXHOUSERACE-CT03-26-D,KXHOUSERACE,KXHOUSERACE-CT03-26,Will Democratic win the House race for CT-03?,Rosa DeLauro,,active,US_2026_general_election,2026-09-08T15:07:00Z,usable,2026-09-08T14:00:00Z,1.1166666666666667,0.9684999999999999,0.939,0.998,0.05900000000000005,251.0,bar_age_only_actual_quote_update_time_unavailable
KXHOUSERACE-CT01-26-R,KXHOUSERACE,KXHOUSERACE-CT01-26,Will Republican win the House race for CT-01?,Amy Chai,,active,US_2026_general_election,2026-09-08T15:07:00Z,usable,2026-09-08T14:00:00Z,1.1166666666666667,0.0385,0.001,0.076,0.075,160.0,bar_age_only_actual_quote_update_time_unavailable
KXHOUSERACE-CT01-26-D,KXHOUSERACE,KXHOUSERACE-CT01-26,Will Democratic win the House race for CT-01?,Luke Bronin,,active,US_2026_general_election,2026-09-08T15:07:00Z,usable,2026-09-08T09:00:00Z,6.116666666666666,0.9635,0.941,0.986,0.04500000000000004,3485.0,bar_age_only_actual_quote_update_time_unavailable
KXHOUSERACE-CO07-26-R,KXHOUSERACE,KXHOUSERACE-CO07-26,Will Republican win the House race for CO-07?,Tim Bennett,,active,US_2026_general_election,2026-09-08T15:07:00Z,usable,2026-09-08T15:00:00Z,0.11666666666666667,0.035500000000000004,0.002,0.069,0.067,6.0,bar_age_only_actual_quote_update_time_unavailable
KXHOUSERACE-CO07-26-D,KXHOUSERACE,KXHOUSERACE-CO07-26,Will Democratic win the House race for CO-07?,Brittany Pettersen,,active,US_2026_general_election,2026-09-08T15:07:00Z,usable,2026-09-08T15:00:00Z,0.11666666666666667,0.9684999999999999,0.939,0.998,0.05900000000000005,1115.0,bar_age_only_actual_quote_update_time_unavailable
KXHOUSERACE-CO06-26-R,KXHOUSERACE,KXHOUSERACE-CO06-26,Will Republican win the House race for CO-06?,Jason Clark,,active,US_2026_general_election,2026-09-08T15:07:00Z,usable,2026-09-08T15:00:00Z,0.11666666666666667,0.0235,0.006,0.041,0.035,311.06,bar_age_only_actual_quote_update_time_unavailable
KXHOUSERACE-CO06-26-D,KXHOUSERACE,KXHOUSERACE-CO06-26,Will Democratic win the House race for CO-06?,Jason Crow,,active,US_2026_general_election,2026-09-08T15:07:00Z,usable,2026-09-08T14:00:00Z,1.1166666666666667,0.976,0.958,0.994,0.03600000000000003,408.58,bar_age_only_actual_quote_update_time_unavailable
KXHOUSERACE-CO04-26-R,KXHOUSERACE,KXHOUSERACE-CO04-26,Will Republican win the House race for CO-04?,Lauren Boebert,,active,US_2026_general_election,2026-09-08T15:07:00Z,usable,2026-09-08T15:00:00Z,0.11666666666666667,0.655,0.65,0.66,0.010000000000000009,4376.0,bar_age_only_actual_quote_update_time_unavailable
KXHOUSERACE-CO04-26-D,KXHOUSERACE,KXHOUSERACE-CO04-26,Will Democratic win the House race for CO-04?,Eileen Laubacher,,active,US_2026_general_election,2026-09-08T15:07:00Z,usable,2026-09-08T15:00:00Z,0.11666666666666667,0.345,0.34,0.35,0.009999999999999953,5939.24,bar_age_only_actual_quote_update_time_unavailable
KXHOUSERACE-CO05-26-R,KXHOUSERACE,KXHOUSERACE-CO05-26,Will Republican win the House race for CO-05?,Jeff Crank,,active,US_2026_general_election,2026-09-08T15:07:00Z,usable,2026-09-08T15:00:00Z,0.11666666666666667,0.72,0.69,0.75,0.06000000000000005,12020.45,bar_age_only_actual_quote_update_time_unavailable
KXHOUSERACE-CO05-26-D,KXHOUSERACE,KXHOUSERACE-CO05-26,Will Democratic win the House race for CO-05?,Jessica Killin,,active,US_2026_general_election,2026-09-08T15:07:00Z,usable,2026-09-08T15:00:00Z,0.11666666666666667,0.295,0.29,0.3,0.010000000000000009,7125.62,bar_age_only_actual_quote_update_time_unavailable
KXHOUSERACE-CO02-26-R,KXHOUSERACE,KXHOUSERACE-CO02-26,Will Republican win the House race for CO-02?,Kelley Dennison,,active,US_2026_general_election,2026-09-08T15:07:00Z,usable,2026-09-08T15:00:00Z,0.11666666666666667,0.0385,0.005,0.072,0.06699999999999999,1637.55,bar_age_only_actual_quote_update_time_unavailable
KXHOUSERACE-CO02-26-D,KXHOUSERACE,KXHOUSERACE-CO02-26,Will Democratic win the House race for CO-02?,Joe Neguse,,active,US_2026_general_election,2026-09-08T15:07:00Z,usable,2026-09-08T15:00:00Z,0.11666666666666667,0.96,0.945,0.975,0.030000000000000027,585.0,bar_age_only_actual_quote_update_time_unavailable
KXHOUSERACE-CA52-26-R,KXHOUSERACE,KXHOUSERACE-CA52-26,Will Republican win the House race for CA-52?,Jeff Belle,,active,US_2026_general_election,2026-09-08T15:07:00Z,usable,2026-09-08T14:00:00Z,1.1166666666666667,0.04,0.02,0.06,0.039999999999999994,445.0,bar_age_only_actual_quote_update_time_unavailable
KXHOUSERACE-CA52-26-D,KXHOUSERACE,KXHOUSERACE-CA52-26,Will Democratic win the House race for CA-52?,Juan Vargas,,active,US_2026_general_election,2026-09-08T15:07:00Z,usable,2026-09-08T15:00:00Z,0.11666666666666667,0.958,0.936,0.98,0.04399999999999993,2647.0,bar_age_only_actual_quote_update_time_unavailable
KXHOUSERACE-CA51-26-R,KXHOUSERACE,KXHOUSERACE-CA51-26,Will Republican win the House race for CA-51?,Ricardo Cabrera,,active,US_2026_general_election,2026-09-08T15:07:00Z,usable,2026-09-08T15:00:00Z,0.11666666666666667,0.027,0.002,0.052,0.049999999999999996,2.0,bar_age_only_actual_quote_update_time_unavailable
KXHOUSERACE-CA51-26-D,KXHOUSERACE,KXHOUSERACE-CA51-26,Will Democratic win the House race for CA-51?,Sara Jacobs,,active,US_2026_general_election,2026-09-08T15:07:00Z,usable,2026-09-08T15:00:00Z,0.11666666666666667,0.9724999999999999,0.948,0.997,0.049000000000000044,581.0,bar_age_only_actual_quote_update_time_unavailable
KXHOUSERACE-CA50-26-R,KXHOUSERACE,KXHOUSERACE-CA50-26,Will Republican win the House race for CA-50?,Stephen Cohen,,active,US_2026_general_election,2026-09-08T15:07:00Z,usable,2026-09-08T14:00:00Z,1.1166666666666667,0.038,0.004,0.072,0.06799999999999999,393.0,bar_age_only_actual_quote_update_time_unavailable
KXHOUSERACE-CA50-26-D,KXHOUSERACE,KXHOUSERACE-CA50-26,Will Democratic win the House race for CA-50?,Scott Peters,,active,US_2026_general_election,2026-09-08T15:07:00Z,usable,2026-09-08T14:00:00Z,1.1166666666666667,0.9615,0.927,0.996,0.06899999999999995,204.0,bar_age_only_actual_quote_update_time_unavailable
KXHOUSERACE-CA48-26-R,KXHOUSERACE,KXHOUSERACE-CA48-26,Will Republican win the House race for CA-48?,Jim Desmond,,active,US_2026_general_election,2026-09-08T15:07:00Z,usable,2026-09-08T15:00:00Z,0.11666666666666667,0.098,0.066,0.13,0.064,4272.01,bar_age_only_actual_quote_update_time_unavailable
KXHOUSERACE-CA48-26-D,KXHOUSERACE,KXHOUSERACE-CA48-26,Will Democratic win the House race for CA-48?,Marni von Wilpert,,active,US_2026_general_election,2026-09-08T15:07:00Z,usable,2026-09-08T13:00:00Z,2.1166666666666667,0.87,0.86,0.88,0.020000000000000018,1189.07,bar_age_only_actual_quote_update_time_unavailable
KXHOUSERACE-CA46-26-R,KXHOUSERACE,KXHOUSERACE-CA46-26,Will Republican win the House race for CA-46?,David Pan,,active,US_2026_general_election,2026-09-08T15:07:00Z,usable,2026-09-08T14:00:00Z,1.1166666666666667,0.054000000000000006,0.023,0.085,0.062000000000000006,808.05,bar_age_only_actual_quote_update_time_unavailable
KXHOUSERACE-CA46-26-D,KXHOUSERACE,KXHOUSERACE-CA46-26,Will Democratic win the House race for CA-46?,Lou Correa,,active,US_2026_general_election,2026-09-08T15:07:00Z,usable,2026-09-08T14:00:00Z,1.1166666666666667,0.9430000000000001,0.909,0.977,0.06799999999999995,6.0,bar_age_only_actual_quote_update_time_unavailable
KXHOUSERACE-CA44-26-R,KXHOUSERACE,KXHOUSERACE-CA44-26,Will Republican win the House race for CA-44?,Genevieve Angel,,active,US_2026_general_election,2026-09-08T15:07:00Z,usable,2026-09-08T14:00:00Z,1.1166666666666667,0.025500000000000002,0.001,0.05,0.049,15.0,bar_age_only_actual_quote_update_time_unavailable
KXHOUSERACE-CA44-26-D,KXHOUSERACE,KXHOUSERACE-CA44-26,Will Democratic win the House race for CA-44?,Nanette Barragán,,active,US_2026_general_election,2026-09-08T15:07:00Z,stale_observation,2026-08-27T08:00:00Z,295.1166666666667,,,,,,
KXHOUSERACE-CA43-26-R,KXHOUSERACE,KXHOUSERACE-CA43-26,Will Republican win the House race for CA-43?,Cristian Morales,,active,US_2026_general_election,2026-09-08T15:07:00Z,usable,2026-09-08T14:00:00Z,1.1166666666666667,0.031,0.002,0.06,0.057999999999999996,1076.99,bar_age_only_actual_quote_update_time_unavailable
KXHOUSERACE-CA43-26-D,KXHOUSERACE,KXHOUSERACE-CA43-26,Will Democratic win the House race for CA-43?,Maxine Waters,,active,US_2026_general_election,2026-09-08T15:07:00Z,usable,2026-09-08T14:00:00Z,1.1166666666666667,0.9465,0.912,0.981,0.06899999999999995,790.32,bar_age_only_actual_quote_update_time_unavailable
KXHOUSERACE-CA39-26-R,KXHOUSERACE,KXHOUSERACE-CA39-26,Will Republican win the House race for CA-39?,Steve Manos,,active,US_2026_general_election,2026-09-08T15:07:00Z,usable,2026-09-08T14:00:00Z,1.1166666666666667,0.035500000000000004,0.002,0.069,0.067,1305.0,bar_age_only_actual_quote_update_time_unavailable
KXHOUSERACE-CA39-26-D,KXHOUSERACE,KXHOUSERACE-CA39-26,Will Democratic win the House race for CA-39?,Mark Takano,,active,US_2026_general_election,2026-09-08T15:07:00Z,usable,2026-09-08T15:00:00Z,0.11666666666666667,0.9595,0.921,0.998,0.07699999999999996,935.0,bar_age_only_actual_quote_update_time_unavailable
KXHOUSERACE-CA42-26-R,KXHOUSERACE,KXHOUSERACE-CA42-26,Will Republican win the House race for CA-42?,Brian Burley,,active,US_2026_general_election,2026-09-08T15:07:00Z,usable,2026-09-08T15:00:00Z,0.11666666666666667,0.027,0.002,0.052,0.049999999999999996,4.5,bar_age_only_actual_quote_update_time_unavailable
KXHOUSERACE-CA42-26-D,KXHOUSERACE,KXHOUSERACE-CA42-26,Will Democratic win the House race for CA-42?,Robert Garcia,,active,US_2026_general_election,2026-09-08T15:07:00Z,usable,2026-09-08T15:00:00Z,0.11666666666666667,0.973,0.948,0.998,0.050000000000000044,301.0,bar_age_only_actual_quote_update_time_unavailable
KXHOUSERACE-CA38-26-R,KXHOUSERACE,KXHOUSERACE-CA38-26,Will Republican win the House race for CA-38?,Pedro Antonio Casas,,active,US_2026_general_election,2026-09-08T15:07:00Z,usable,2026-09-08T09:00:00Z,6.116666666666666,0.0195,0.001,0.038,0.037,773.0,bar_age_only_actual_quote_update_time_unavailable
KXHOUSERACE-CA38-26-D,KXHOUSERACE,KXHOUSERACE-CA38-26,Will Democratic win the House race for CA-38?,Hilda Solis,,active,US_2026_general_election,2026-09-08T15:07:00Z,usable,2026-09-08T15:00:00Z,0.11666666666666667,0.9684999999999999,0.939,0.998,0.05900000000000005,1155.0,bar_age_only_actual_quote_update_time_unavailable
KXHOUSERACE-CA35-26-R,KXHOUSERACE,KXHOUSERACE-CA35-26,Will Republican win the House race for CA-35?,Mike Cargile,,active,US_2026_general_election,2026-09-08T15:07:00Z,stale_observation,2026-09-04T20:00:00Z,91.11666666666666,,,,,,
KXHOUSERACE-CA35-26-D,KXHOUSERACE,KXHOUSERACE-CA35-26,Will Democratic win the House race for CA-35?,Norma Torres,,active,US_2026_general_election,2026-09-08T15:07:00Z,usable,2026-09-08T15:00:00Z,0.11666666666666667,0.9724999999999999,0.947,0.998,0.051000000000000045,582.0,bar_age_only_actual_quote_update_time_unavailable
KXHOUSERACE-CA36-26-R,KXHOUSERACE,KXHOUSERACE-CA36-26,Will Republican win the House race for CA-36?,Houston Brignano,,active,US_2026_general_election,2026-09-08T15:07:00Z,usable,2026-09-08T09:00:00Z,6.116666666666666,0.0385,0.01,0.067,0.057,1302.0,bar_age_only_actual_quote_update_time_unavailable
KXHOUSERACE-CA36-26-D,KXHOUSERACE,KXHOUSERACE-CA36-26,Will Democratic win the House race for CA-36?,Ted Lieu,,active,US_2026_general_election,2026-09-08T15:07:00Z,usable,2026-09-08T14:00:00Z,1.1166666666666667,0.9605,0.931,0.99,0.05899999999999994,158.0,bar_age_only_actual_quote_update_time_unavailable
KXHOUSERACE-CA33-26-R,KXHOUSERACE,KXHOUSERACE-CA33-26,Will Republican win the House race for CA-33?,Stephanie Vargas,,active,US_2026_general_election,2026-09-08T15:07:00Z,usable,2026-09-08T15:00:00Z,0.11666666666666667,0.035,0.003,0.067,0.064,202.0,bar_age_only_actual_quote_update_time_unavailable
KXHOUSERACE-CA33-26-D,KXHOUSERACE,KXHOUSERACE-CA33-26,Will Democratic win the House race for CA-33?,Pete Aguilar,,active,US_2026_general_election,2026-09-08T15:07:00Z,usable,2026-09-08T14:00:00Z,1.1166666666666667,0.9635,0.943,0.984,0.041000000000000036,5388.0,bar_age_only_actual_quote_update_time_unavailable
KXHOUSERACE-CA32-26-R,KXHOUSERACE,KXHOUSERACE-CA32-26,Will Republican win the House race for CA-32?,Larry Thompson,,active,US_2026_general_election,2026-09-08T15:07:00Z,usable,2026-09-08T15:00:00Z,0.11666666666666667,0.034,0.012,0.056,0.044,922.0,bar_age_only_actual_quote_update_time_unavailable
KXHOUSERACE-CA32-26-D,KXHOUSERACE,KXHOUSERACE-CA32-26,Will Democratic win the House race for CA-32?,Brad Sherman,,active,US_2026_general_election,2026-09-08T15:07:00Z,usable,2026-09-08T09:00:00Z,6.116666666666666,0.966,0.944,0.988,0.04400000000000004,821.0,bar_age_only_actual_quote_update_time_unavailable
KXHOUSERACE-CA31-26-R,KXHOUSERACE,KXHOUSERACE-CA31-26,Will Republican win the House race for CA-31?,Eric Ching,,active,US_2026_general_election,2026-09-08T15:07:00Z,usable,2026-09-08T14:00:00Z,1.1166666666666667,0.0275,0.003,0.052,0.048999999999999995,2.0,bar_age_only_actual_quote_update_time_unavailable
KXHOUSERACE-CA31-26-D,KXHOUSERACE,KXHOUSERACE-CA31-26,Will Democratic win the House race for CA-31?,Gil Cisneros,,active,US_2026_general_election,2026-09-08T15:07:00Z,usable,2026-09-08T15:00:00Z,0.11666666666666667,0.9724999999999999,0.948,0.997,0.049000000000000044,351.0,bar_age_only_actual_quote_update_time_unavailable
KXHOUSERACE-CA30-26-R,KXHOUSERACE,KXHOUSERACE-CA30-26,Will Republican win the House race for CA-30?,Scott Meyers,,active,US_2026_general_election,2026-09-08T15:07:00Z,usable,2026-09-08T05:00:00Z,10.116666666666667,0.029,0.001,0.057,0.056,344.0,bar_age_only_actual_quote_update_time_unavailable
KXHOUSERACE-CA30-26-D,KXHOUSERACE,KXHOUSERACE-CA30-26,Will Democratic win the House race for CA-30?,Laura Friedman,,active,US_2026_general_election,2026-09-08T15:07:00Z,stale_observation,2026-09-06T20:00:00Z,43.11666666666667,,,,,,
KXHOUSERACE-CA28-26-R,KXHOUSERACE,KXHOUSERACE-CA28-26,Will Republican win the House race for CA-28?,April Verlato,,active,US_2026_general_election,2026-09-08T15:07:00Z,usable,2026-09-08T15:00:00Z,0.11666666666666667,0.048,0.003,0.093,0.09,621.0,bar_age_only_actual_quote_update_time_unavailable
KXHOUSERACE-CA28-26-D,KXHOUSERACE,KXHOUSERACE-CA28-26,Will Democratic win the House race for CA-28?,Judy Chu,,active,US_2026_general_election,2026-09-08T15:07:00Z,usable,2026-09-08T14:00:00Z,1.1166666666666667,0.966,0.945,0.987,0.04200000000000004,1125.0,bar_age_only_actual_quote_update_time_unavailable
KXHOUSERACE-CA25-26-R,KXHOUSERACE,KXHOUSERACE-CA25-26,Will Republican win the House race for CA-25?,Joe Males,,active,US_2026_general_election,2026-09-08T15:07:00Z,usable,2026-09-08T15:00:00Z,0.11666666666666667,0.043,0.008,0.078,0.07,550.0,bar_age_only_actual_quote_update_time_unavailable
KXHOUSERACE-CA25-26-D,KXHOUSERACE,KXHOUSERACE-CA25-26,Will Democratic win the House race for CA-25?,Raul Ruiz,,active,US_2026_general_election,2026-09-08T15:07:00Z,usable,2026-09-08T15:00:00Z,0.11666666666666667,0.9470000000000001,0.912,0.982,0.06999999999999995,558.09,bar_age_only_actual_quote_update_time_unavailable
KXHOUSERACE-CA26-26-R,KXHOUSERACE,KXHOUSERACE-CA26-26,Will Republican win the House race for CA-26?,Sam Gallucci,,active,US_2026_general_election,2026-09-08T15:07:00Z,usable,2026-09-08T15:00:00Z,0.11666666666666667,0.031,0.002,0.06,0.057999999999999996,648.0,bar_age_only_actual_quote_update_time_unavailable
KXHOUSERACE-CA26-26-D,KXHOUSERACE,KXHOUSERACE-CA26-26,Will Democratic win the House race for CA-26?,Jacqui Irwin,,active,US_2026_general_election,2026-09-08T15:07:00Z,usable,2026-09-08T15:00:00Z,0.11666666666666667,0.968,0.938,0.998,0.06000000000000005,0.0,bar_age_only_actual_quote_update_time_unavailable
KXHOUSERACE-CA24-26-R,KXHOUSERACE,KXHOUSERACE-CA24-26,Will Republican win the House race for CA-24?,Bob Smith,,active,US_2026_general_election,2026-09-08T15:07:00Z,usable,2026-09-08T14:00:00Z,1.1166666666666667,0.0325,0.011,0.054,0.043,2437.2,bar_age_only_actual_quote_update_time_unavailable
KXHOUSERACE-CA24-26-D,KXHOUSERACE,KXHOUSERACE-CA24-26,Will Democratic win the House race for CA-24?,Salud Carbajal,,active,US_2026_general_election,2026-09-08T15:07:00Z,usable,2026-09-08T14:00:00Z,1.1166666666666667,0.9625,0.936,0.989,0.052999999999999936,1645.01,bar_age_only_actual_quote_update_time_unavailable
KXHOUSERACE-CA20-26-R,KXHOUSERACE,KXHOUSERACE-CA20-26,Will Republican win the House race for CA-20?,Vince Fong,,active,US_2026_general_election,2026-09-08T15:07:00Z,stale_observation,2026-09-04T20:00:00Z,91.11666666666666,,,,,,
KXHOUSERACE-CA20-26-D,KXHOUSERACE,KXHOUSERACE-CA20-26,Will Democratic win the House race for CA-20?,Sandra Van Scotter,,active,US_2026_general_election,2026-09-08T15:07:00Z,usable,2026-09-08T15:00:00Z,0.11666666666666667,0.041,0.006,0.076,0.06999999999999999,354.0,bar_age_only_actual_quote_update_time_unavailable
KXHOUSERACE-CA23-26-R,KXHOUSERACE,KXHOUSERACE-CA23-26,Will Republican win the House race for CA-23?,Jay Obernolte,,active,US_2026_general_election,2026-09-08T15:07:00Z,usable,2026-09-08T14:00:00Z,1.1166666666666667,0.9485,0.929,0.968,0.038999999999999924,482.0,bar_age_only_actual_quote_update_time_unavailable
KXHOUSERACE-CA23-26-D,KXHOUSERACE,KXHOUSERACE-CA23-26,Will Democratic win the House race for CA-23?,Tessa Lynn Hodge,,active,US_2026_general_election,2026-09-08T15:07:00Z,usable,2026-09-08T15:00:00Z,0.11666666666666667,0.0475,0.013,0.082,0.069,326.19,bar_age_only_actual_quote_update_time_unavailable
KXHOUSERACE-CA19-26-R,KXHOUSERACE,KXHOUSERACE-CA19-26,Will Republican win the House race for CA-19?,Peter Verbica,,active,US_2026_general_election,2026-09-08T15:07:00Z,usable,2026-09-08T15:00:00Z,0.11666666666666667,0.0245,0.001,0.048,0.047,469.0,bar_age_only_actual_quote_update_time_unavailable
KXHOUSERACE-CA19-26-D,KXHOUSERACE,KXHOUSERACE-CA19-26,Will Democratic win the House race for CA-19?,Jimmy Panetta,,active,US_2026_general_election,2026-09-08T15:07:00Z,stale_observation,2026-08-24T17:00:00Z,358.1166666666667,,,,,,
KXHOUSERACE-CA18-26-R,KXHOUSERACE,KXHOUSERACE-CA18-26,Will Republican win the House race for CA-18?,Shane Lewis,,active,US_2026_general_election,2026-09-08T15:07:00Z,stale_observation,2026-09-01T07:00:00Z,176.11666666666667,,,,,,
KXHOUSERACE-CA18-26-D,KXHOUSERACE,KXHOUSERACE-CA18-26,Will Democratic win the House race for CA-18?,Zoe Lofgren,,active,US_2026_general_election,2026-09-08T15:07:00Z,stale_observation,2026-09-04T20:00:00Z,91.11666666666666,,,,,,
KXHOUSERACE-CA17-26-R,KXHOUSERACE,KXHOUSERACE-CA17-26,Will Republican win the House race for CA-17?,Ritesh Tandon,,active,US_2026_general_election,2026-09-08T15:07:00Z,stale_observation,2026-09-04T20:00:00Z,91.11666666666666,,,,,,
KXHOUSERACE-CA17-26-D,KXHOUSERACE,KXHOUSERACE-CA17-26,Will Democratic win the House race for CA-17?,Ro Khanna,,active,US_2026_general_election,2026-09-08T15:07:00Z,usable,2026-09-08T09:00:00Z,6.116666666666666,0.9675,0.956,0.979,0.02300000000000002,383.0,bar_age_only_actual_quote_update_time_unavailable
KXHOUSERACE-CA16-26-R,KXHOUSERACE,KXHOUSERACE-CA16-26,Will Republican win the House race for CA-16?,Peter Sundin Soulé,,active,US_2026_general_election,2026-09-08T15:07:00Z,usable,2026-09-08T05:00:00Z,10.116666666666667,0.023,0.001,0.045,0.044,253.0,bar_age_only_actual_quote_update_time_unavailable
KXHOUSERACE-CA16-26-D,KXHOUSERACE,KXHOUSERACE-CA16-26,Will Democratic win the House race for CA-16?,Sam Liccardo,,active,US_2026_general_election,2026-09-08T15:07:00Z,usable,2026-09-08T09:00:00Z,6.116666666666666,0.982,0.965,0.999,0.03400000000000003,3533.0,bar_age_only_actual_quote_update_time_unavailable
KXHOUSERACE-CA15-26-R,KXHOUSERACE,KXHOUSERACE-CA15-26,Will Republican win the House race for CA-15?,Charles Hoelter,,active,US_2026_general_election,2026-09-08T15:07:00Z,usable,2026-09-08T15:00:00Z,0.11666666666666667,0.034999999999999996,0.01,0.06,0.049999999999999996,517.66,bar_age_only_actual_quote_update_time_unavailable
KXHOUSERACE-CA15-26-D,KXHOUSERACE,KXHOUSERACE-CA15-26,Will Democratic win the House race for CA-15?,Kevin Mullin,,active,US_2026_general_election,2026-09-08T15:07:00Z,usable,2026-09-08T09:00:00Z,6.116666666666666,0.9635,0.947,0.98,0.03300000000000003,10088.0,bar_age_only_actual_quote_update_time_unavailable
KXHOUSERACE-CA10-26-R,KXHOUSERACE,KXHOUSERACE-CA10-26,Will Republican win the House race for CA-10?,Jeff Frese,,active,US_2026_general_election,2026-09-08T15:07:00Z,usable,2026-09-08T14:00:00Z,1.1166666666666667,0.031,0.002,0.06,0.057999999999999996,384.0,bar_age_only_actual_quote_update_time_unavailable
KXHOUSERACE-CA10-26-D,KXHOUSERACE,KXHOUSERACE-CA10-26,Will Democratic win the House race for CA-10?,Mark DeSaulnier,,active,US_2026_general_election,2026-09-08T15:07:00Z,usable,2026-09-08T15:00:00Z,0.11666666666666667,0.969,0.94,0.998,0.05800000000000005,251.0,bar_age_only_actual_quote_update_time_unavailable
KXHOUSERACE-CA08-26-R,KXHOUSERACE,KXHOUSERACE-CA08-26,Will Republican win the House race for CA-08?,Rudy Recile,,active,US_2026_general_election,2026-09-08T15:07:00Z,usable,2026-09-08T14:00:00Z,1.1166666666666667,0.0305,0.001,0.06,0.059,935.0,bar_age_only_actual_quote_update_time_unavailable
KXHOUSERACE-CA08-26-D,KXHOUSERACE,KXHOUSERACE-CA08-26,Will Democratic win the House race for CA-08?,John Garamendi,,active,US_2026_general_election,2026-09-08T15:07:00Z,usable,2026-09-08T08:00:00Z,7.116666666666666,0.9675,0.936,0.999,0.06299999999999994,1000.0,bar_age_only_actual_quote_update_time_unavailable
KXHOUSERACE-CA06-26-R,KXHOUSERACE,KXHOUSERACE-CA06-26,Will Republican win the House race for CA-06?,Republican party,,active,US_2026_general_election,2026-09-08T15:07:00Z,usable,2026-09-08T09:00:00Z,6.116666666666666,0.0155,0.005,0.026,0.020999999999999998,5614.27,bar_age_only_actual_quote_update_time_unavailable
KXHOUSERACE-CA06-26-D,KXHOUSERACE,KXHOUSERACE-CA06-26,Will Democratic win the House race for CA-06?,Richard Pan,,active,US_2026_general_election,2026-09-08T15:07:00Z,usable,2026-09-08T09:00:00Z,6.116666666666666,0.95,0.935,0.965,0.029999999999999916,4001.8,bar_age_only_actual_quote_update_time_unavailable
KXHOUSERACE-CA05-26-R,KXHOUSERACE,KXHOUSERACE-CA05-26,Will Republican win the House race for CA-05?,Tom McClintock,,active,US_2026_general_election,2026-09-08T15:07:00Z,usable,2026-09-08T14:00:00Z,1.1166666666666667,0.9305,0.906,0.955,0.04899999999999993,1625.74,bar_age_only_actual_quote_update_time_unavailable
KXHOUSERACE-CA05-26-D,KXHOUSERACE,KXHOUSERACE-CA05-26,Will Democratic win the House race for CA-05?,Michael Masuda,,active,US_2026_general_election,2026-09-08T15:07:00Z,usable,2026-09-08T09:00:00Z,6.116666666666666,0.063,0.044,0.082,0.038000000000000006,6581.0,bar_age_only_actual_quote_update_time_unavailable
KXHOUSERACE-CA02-26-R,KXHOUSERACE,KXHOUSERACE-CA02-26,Will Republican win the House race for CA-02?,Robin Littau,,active,US_2026_general_election,2026-09-08T15:07:00Z,usable,2026-09-08T15:00:00Z,0.11666666666666667,0.029,0.002,0.056,0.054,804.96,bar_age_only_actual_quote_update_time_unavailable
KXHOUSERACE-CA02-26-D,KXHOUSERACE,KXHOUSERACE-CA02-26,Will Democratic win the House race for CA-02?,Jared Huffman,,active,US_2026_general_election,2026-09-08T15:07:00Z,usable,2026-09-08T15:00:00Z,0.11666666666666667,0.971,0.944,0.998,0.05400000000000005,195.0,bar_age_only_actual_quote_update_time_unavailable
KXHOUSERACE-AZ09-26-R,KXHOUSERACE,KXHOUSERACE-AZ09-26,Will Republican win the House race for AZ-09?,Paul Gosar,,active,US_2026_general_election,2026-09-08T15:07:00Z,usable,2026-09-08T14:00:00Z,1.1166666666666667,0.9555,0.941,0.97,0.029000000000000026,2124.17,bar_age_only_actual_quote_update_time_unavailable
KXHOUSERACE-AZ09-26-D,KXHOUSERACE,KXHOUSERACE-AZ09-26,Will Democratic win the House race for AZ-09?,Dani Sterbinsky,,active,US_2026_general_election,2026-09-08T15:07:00Z,usable,2026-09-08T14:00:00Z,1.1166666666666667,0.041499999999999995,0.024,0.059,0.034999999999999996,758.01,bar_age_only_actual_quote_update_time_unavailable
KXHOUSERACE-AZ08-26-R,KXHOUSERACE,KXHOUSERACE-AZ08-26,Will Republican win the House race for AZ-08?,Abe Hamadeh,,active,US_2026_general_election,2026-09-08T15:07:00Z,usable,2026-09-08T15:00:00Z,0.11666666666666667,0.855,0.82,0.89,0.07000000000000006,1729.02,bar_age_only_actual_quote_update_time_unavailable
KXHOUSERACE-AZ08-26-D,KXHOUSERACE,KXHOUSERACE-AZ08-26,Will Democratic win the House race for AZ-08?,Bernadette Greene-Placentia,,active,US_2026_general_election,2026-09-08T15:07:00Z,usable,2026-09-08T15:00:00Z,0.11666666666666667,0.1355,0.091,0.18,0.089,1437.0,bar_age_only_actual_quote_update_time_unavailable
KXHOUSERACE-AZ04-26-R,KXHOUSERACE,KXHOUSERACE-AZ04-26,Will Republican win the House race for AZ-04?,Zuhdi Jasser,,active,US_2026_general_election,2026-09-08T15:07:00Z,usable,2026-09-08T14:00:00Z,1.1166666666666667,0.043,0.009,0.077,0.068,1788.55,bar_age_only_actual_quote_update_time_unavailable
KXHOUSERACE-AZ04-26-D,KXHOUSERACE,KXHOUSERACE-AZ04-26,Will Democratic win the House race for AZ-04?,Greg Stanton,,active,US_2026_general_election,2026-09-08T15:07:00Z,usable,2026-09-08T14:00:00Z,1.1166666666666667,0.9450000000000001,0.936,0.954,0.017999999999999905,3907.31,bar_age_only_actual_quote_update_time_unavailable
KXHOUSERACE-AR04-26-R,KXHOUSERACE,KXHOUSERACE-AR04-26,Will Republican win the House race for AR-04?,Bruce Westerman,,active,US_2026_general_election,2026-09-08T15:07:00Z,usable,2026-09-08T15:00:00Z,0.11666666666666667,0.954,0.935,0.973,0.03799999999999992,2412.12,bar_age_only_actual_quote_update_time_unavailable
KXHOUSERACE-AR04-26-D,KXHOUSERACE,KXHOUSERACE-AR04-26,Will Democratic win the House race for AR-04?,James Russell,,active,US_2026_general_election,2026-09-08T15:07:00Z,usable,2026-09-08T14:00:00Z,1.1166666666666667,0.0455,0.025,0.066,0.041,963.69,bar_age_only_actual_quote_update_time_unavailable
KXHOUSERACE-AZ07-26-R,KXHOUSERACE,KXHOUSERACE-AZ07-26,Will Republican win the House race for AZ-07?,Daniel Francis Butierez Sr.,,active,US_2026_general_election,2026-09-08T15:07:00Z,usable,2026-09-08T14:00:00Z,1.1166666666666667,0.034,0.003,0.065,0.062,438.0,bar_age_only_actual_quote_update_time_unavailable
KXHOUSERACE-AZ07-26-D,KXHOUSERACE,KXHOUSERACE-AZ07-26,Will Democratic win the House race for AZ-07?,Adelita Grijalva,,active,US_2026_general_election,2026-09-08T15:07:00Z,usable,2026-09-08T14:00:00Z,1.1166666666666667,0.96,0.923,0.997,0.07399999999999995,374.0,bar_age_only_actual_quote_update_time_unavailable
KXHOUSERACE-AZ05-26-R,KXHOUSERACE,KXHOUSERACE-AZ05-26,Will Republican win the House race for AZ-05?,Mark Lamb,,active,US_2026_general_election,2026-09-08T15:07:00Z,usable,2026-09-08T15:00:00Z,0.11666666666666667,0.91,0.9,0.92,0.020000000000000018,2187.2,bar_age_only_actual_quote_update_time_unavailable
KXHOUSERACE-AZ05-26-D,KXHOUSERACE,KXHOUSERACE-AZ05-26,Will Democratic win the House race for AZ-05?,Elizabeth Lee,,active,US_2026_general_election,2026-09-08T15:07:00Z,usable,2026-09-08T15:00:00Z,0.11666666666666667,0.1065,0.093,0.12,0.026999999999999996,2643.42,bar_age_only_actual_quote_update_time_unavailable
KXHOUSERACE-AR03-26-R,KXHOUSERACE,KXHOUSERACE-AR03-26,Will Republican win the House race for AR-03?,Steve Womack,,active,US_2026_general_election,2026-09-08T15:07:00Z,usable,2026-09-08T09:00:00Z,6.116666666666666,0.9585,0.929,0.988,0.05899999999999994,1336.0,bar_age_only_actual_quote_update_time_unavailable
KXHOUSERACE-AR03-26-D,KXHOUSERACE,KXHOUSERACE-AR03-26,Will Democratic win the House race for AR-03?,Robb Ryerse,,active,US_2026_general_election,2026-09-08T15:07:00Z,usable,2026-09-08T15:00:00Z,0.11666666666666667,0.0365,0.002,0.071,0.06899999999999999,751.0,bar_age_only_actual_quote_update_time_unavailable
KXHOUSERACE-AR02-26-R,KXHOUSERACE,KXHOUSERACE-AR02-26,Will Republican win the House race for AR-02?,French Hill,,active,US_2026_general_election,2026-09-08T15:07:00Z,stale_observation,2026-09-06T21:00:00Z,42.11666666666667,,,,,,
KXHOUSERACE-AR02-26-D,KXHOUSERACE,KXHOUSERACE-AR02-26,Will Democratic win the House race for AR-02?,Chris Jones,,active,US_2026_general_election,2026-09-08T15:07:00Z,usable,2026-09-08T14:00:00Z,1.1166666666666667,0.12000000000000001,0.1,0.14,0.04000000000000001,4057.81,bar_age_only_actual_quote_update_time_unavailable
KXHOUSERACE-AL06-26-R,KXHOUSERACE,KXHOUSERACE-AL06-26,Will Republican win the House race for AL-06?,Gary Palmer,,active,US_2026_general_election,2026-09-08T15:07:00Z,usable,2026-09-08T14:00:00Z,1.1166666666666667,0.9530000000000001,0.931,0.975,0.04399999999999993,310.83,bar_age_only_actual_quote_update_time_unavailable
KXHOUSERACE-AL06-26-D,KXHOUSERACE,KXHOUSERACE-AL06-26,Will Democratic win the House race for AL-06?,Maurice Mercer,,active,US_2026_general_election,2026-09-08T15:07:00Z,usable,2026-09-08T14:00:00Z,1.1166666666666667,0.0455,0.012,0.079,0.067,1289.0,bar_age_only_actual_quote_update_time_unavailable
KXHOUSERACE-AL07-26-R,KXHOUSERACE,KXHOUSERACE-AL07-26,Will Republican win the House race for AL-07?,Ammie Akin,,active,US_2026_general_election,2026-09-08T15:07:00Z,usable,2026-09-08T14:00:00Z,1.1166666666666667,0.039,0.03,0.048,0.018000000000000002,2353.0,bar_age_only_actual_quote_update_time_unavailable
KXHOUSERACE-AL07-26-D,KXHOUSERACE,KXHOUSERACE-AL07-26,Will Democratic win the House race for AL-07?,Terri Sewell,,active,US_2026_general_election,2026-09-08T15:07:00Z,usable,2026-09-08T14:00:00Z,1.1166666666666667,0.9624999999999999,0.946,0.979,0.03300000000000003,1221.31,bar_age_only_actual_quote_update_time_unavailable
KXHOUSERACE-AL05-26-R,KXHOUSERACE,KXHOUSERACE-AL05-26,Will Republican win the House race for AL-05?,Dale Strong,,active,US_2026_general_election,2026-09-08T15:07:00Z,usable,2026-09-08T10:00:00Z,5.116666666666666,0.958,0.94,0.976,0.03600000000000003,904.0,bar_age_only_actual_quote_update_time_unavailable
KXHOUSERACE-AL05-26-D,KXHOUSERACE,KXHOUSERACE-AL05-26,Will Democratic win the House race for AL-05?,Andrew Sneed,,active,US_2026_general_election,2026-09-08T15:07:00Z,usable,2026-09-08T15:00:00Z,0.11666666666666667,0.0275,0.002,0.053,0.051,1446.1,bar_age_only_actual_quote_update_time_unavailable
KXHOUSERACE-AL04-26-R,KXHOUSERACE,KXHOUSERACE-AL04-26,Will Republican win the House race for AL-04?,Robert Aderholt,,active,US_2026_general_election,2026-09-08T15:07:00Z,usable,2026-09-08T14:00:00Z,1.1166666666666667,0.967,0.944,0.99,0.04600000000000004,295.87,bar_age_only_actual_quote_update_time_unavailable
KXHOUSERACE-AL04-26-D,KXHOUSERACE,KXHOUSERACE-AL04-26,Will Democratic win the House race for AL-04?,Amanda Pusczek,,active,US_2026_general_election,2026-09-08T15:07:00Z,usable,2026-09-08T14:00:00Z,1.1166666666666667,0.024,0.01,0.038,0.027999999999999997,732.08,bar_age_only_actual_quote_update_time_unavailable
KXHOUSERACE-AL03-26-R,KXHOUSERACE,KXHOUSERACE-AL03-26,Will Republican win the House race for AL-03?,Mike Rogers,,active,US_2026_general_election,2026-09-08T15:07:00Z,usable,2026-09-08T14:00:00Z,1.1166666666666667,0.98,0.962,0.998,0.03600000000000003,1970.0,bar_age_only_actual_quote_update_time_unavailable
KXHOUSERACE-AL03-26-D,KXHOUSERACE,KXHOUSERACE-AL03-26,Will Democratic win the House race for AL-03?,Lee McInnis,,active,US_2026_general_election,2026-09-08T15:07:00Z,usable,2026-09-08T10:00:00Z,5.116666666666666,0.0225,0.008,0.037,0.028999999999999998,2279.7,bar_age_only_actual_quote_update_time_unavailable
KXHOUSERACE-AL02-26-R,KXHOUSERACE,KXHOUSERACE-AL02-26,Will Republican win the House race for AL-02?,Rhett Marques,,active,US_2026_general_election,2026-09-08T15:07:00Z,usable,2026-09-08T15:00:00Z,0.11666666666666667,0.715,0.71,0.72,0.010000000000000009,25590.27,bar_age_only_actual_quote_update_time_unavailable
KXHOUSERACE-AL02-26-D,KXHOUSERACE,KXHOUSERACE-AL02-26,Will Democratic win the House race for AL-02?,Shomari Figures,,active,US_2026_general_election,2026-09-08T15:07:00Z,usable,2026-09-08T15:00:00Z,0.11666666666666667,0.28500000000000003,0.28,0.29,0.009999999999999953,27876.9,bar_age_only_actual_quote_update_time_unavailable
KXHOUSERACE-AR01-26-R,KXHOUSERACE,KXHOUSERACE-AR01-26,Will Republican win the House race for AR-01?,Rick Crawford,,active,US_2026_general_election,2026-09-08T15:07:00Z,usable,2026-09-08T15:00:00Z,0.11666666666666667,0.974,0.953,0.995,0.04200000000000004,6852.0,bar_age_only_actual_quote_update_time_unavailable
KXHOUSERACE-AR01-26-D,KXHOUSERACE,KXHOUSERACE-AR01-26,Will Democratic win the House race for AR-01?,Terri Yarbrough Green,,active,US_2026_general_election,2026-09-08T15:07:00Z,usable,2026-09-08T09:00:00Z,6.116666666666666,0.020999999999999998,0.006,0.036,0.03,4457.91,bar_age_only_actual_quote_update_time_unavailable
KXHOUSERACE-CA01-26-R,KXHOUSERACE,KXHOUSERACE-CA01-26,Will Republican win the House race for CA-01?,James Gallagher,,active,US_2026_general_election,2026-09-08T15:07:00Z,usable,2026-09-08T14:00:00Z,1.1166666666666667,0.0295,0.005,0.054,0.049,1801.11,bar_age_only_actual_quote_update_time_unavailable
KXHOUSERACE-CA01-26-D,KXHOUSERACE,KXHOUSERACE-CA01-26,Will Democratic win the House race for CA-01?,Mike McGuire,,active,US_2026_general_election,2026-09-08T15:07:00Z,usable,2026-09-08T15:00:00Z,0.11666666666666667,0.9575,0.922,0.993,0.07099999999999995,118.0,bar_age_only_actual_quote_update_time_unavailable
KXHOUSERACE-AL01-26-R,KXHOUSERACE,KXHOUSERACE-AL01-26,Will Republican win the House race for AL-01?,Jerry Carl,,active,US_2026_general_election,2026-09-08T15:07:00Z,usable,2026-09-07T23:00:00Z,16.116666666666667,0.9545,0.927,0.982,0.05499999999999994,601.84,bar_age_only_actual_quote_update_time_unavailable
KXHOUSERACE-AL01-26-D,KXHOUSERACE,KXHOUSERACE-AL01-26,Will Democratic win the House race for AL-01?,Clyde Jones,,active,US_2026_general_election,2026-09-08T15:07:00Z,usable,2026-09-08T15:00:00Z,0.11666666666666667,0.0455,0.016,0.075,0.059,66.0,bar_age_only_actual_quote_update_time_unavailable
KXHOUSERACE-AZ03-26-R,KXHOUSERACE,KXHOUSERACE-AZ03-26,Will Republican win the House race for AZ-03?,Republican party,,active,US_2026_general_election,2026-09-08T15:07:00Z,stale_observation,2026-09-05T20:00:00Z,67.11666666666666,,,,,,
KXHOUSERACE-AZ03-26-D,KXHOUSERACE,KXHOUSERACE-AZ03-26,Will Democratic win the House race for AZ-03?,Yassamin Ansari,,active,US_2026_general_election,2026-09-08T15:07:00Z,usable,2026-09-08T08:00:00Z,7.116666666666666,0.974,0.949,0.999,0.050000000000000044,441.09,bar_age_only_actual_quote_update_time_unavailable
KXHOUSERACE-CO01-26-R,KXHOUSERACE,KXHOUSERACE-CO01-26,Will Republican win the House race for CO-01?,Christy Peterson,,active,US_2026_general_election,2026-09-08T15:07:00Z,usable,2026-09-07T21:00:00Z,18.116666666666667,0.025,0.01,0.04,0.03,570.0,bar_age_only_actual_quote_update_time_unavailable
KXHOUSERACE-CO01-26-D,KXHOUSERACE,KXHOUSERACE-CO01-26,Will Democratic win the House race for CO-01?,Melat Kiros,,active,US_2026_general_election,2026-09-08T15:07:00Z,usable,2026-09-08T14:00:00Z,1.1166666666666667,0.9695,0.941,0.998,0.05700000000000005,571.73,bar_age_only_actual_quote_update_time_unavailable
KXHOUSETURNOUT-26NOV03-BELOW90,KXHOUSETURNOUT,KXHOUSETURNOUT-26NOV03,Will the total 2026 U.S. House turnout be less than 90 million?,Less than 90 million,,active,US_2026_general_election,2026-09-08T15:07:00Z,stale_observation,2026-09-06T03:00:00Z,60.11666666666667,,,,,,
KXHOUSETURNOUT-26NOV03-ABOVE125,KXHOUSETURNOUT,KXHOUSETURNOUT-26NOV03,Will the total 2026 U.S. House turnout be at least 125 million?,125 million and above,,active,US_2026_general_election,2026-09-08T15:07:00Z,usable,2026-09-08T09:00:00Z,6.116666666666666,0.245,0.23,0.26,0.03,7144.43,bar_age_only_actual_quote_update_time_unavailable
KXHOUSETURNOUT-26NOV03-95,KXHOUSETURNOUT,KXHOUSETURNOUT-26NOV03,Will the total 2026 U.S. House turnout be between 95 and 99.99 million?,95 to 99.99 million,,active,US_2026_general_election,2026-09-08T15:07:00Z,usable,2026-09-08T12:00:00Z,3.1166666666666667,0.009999999999999998,0.002,0.018,0.016,4830.32,bar_age_only_actual_quote_update_time_unavailable
KXHOUSETURNOUT-26NOV03-90,KXHOUSETURNOUT,KXHOUSETURNOUT-26NOV03,Will the total 2026 U.S. House turnout be between 90 and 94.99 million?,90 to 94.99 million,,active,US_2026_general_election,2026-09-08T15:07:00Z,usable,2026-09-08T12:00:00Z,3.1166666666666667,0.0115,0.001,0.022,0.020999999999999998,5615.96,bar_age_only_actual_quote_update_time_unavailable
KXHOUSETURNOUT-26NOV03-120,KXHOUSETURNOUT,KXHOUSETURNOUT-26NOV03,Will the total 2026 U.S. House turnout be between 120 and 124.99 million?,120 to 124.99 million,,active,US_2026_general_election,2026-09-08T15:07:00Z,usable,2026-09-08T15:00:00Z,0.11666666666666667,0.22499999999999998,0.21,0.24,0.03,5343.31,bar_age_only_actual_quote_update_time_unavailable
KXHOUSETURNOUT-26NOV03-115,KXHOUSETURNOUT,KXHOUSETURNOUT-26NOV03,Will the total 2026 U.S. House turnout be between 115 and 119.99 million?,115 to 119.99 million,,active,US_2026_general_election,2026-09-08T15:07:00Z,usable,2026-09-08T14:00:00Z,1.1166666666666667,0.21000000000000002,0.2,0.22,0.01999999999999999,1884.26,bar_age_only_actual_quote_update_time_unavailable
KXHOUSETURNOUT-26NOV03-110,KXHOUSETURNOUT,KXHOUSETURNOUT-26NOV03,Will the total 2026 U.S. House turnout be between 110 and 114.99 million?,110 to 114.99 million,,active,US_2026_general_election,2026-09-08T15:07:00Z,usable,2026-09-08T14:00:00Z,1.1166666666666667,0.175,0.15,0.2,0.05000000000000002,6643.12,bar_age_only_actual_quote_update_time_unavailable
KXHOUSETURNOUT-26NOV03-105,KXHOUSETURNOUT,KXHOUSETURNOUT-26NOV03,Will the total 2026 U.S. House turnout be between 105 and 109.99 million?,105 to 109.99 million,,active,US_2026_general_election,2026-09-08T15:07:00Z,usable,2026-09-08T14:00:00Z,1.1166666666666667,0.078,0.065,0.091,0.025999999999999995,542.93,bar_age_only_actual_quote_update_time_unavailable
KXHOUSETURNOUT-26NOV03-100,KXHOUSETURNOUT,KXHOUSETURNOUT-26NOV03,Will the total 2026 U.S. House turnout be between 100 and 104.99 million?,100 to 104.99 million,,active,US_2026_general_election,2026-09-08T15:07:00Z,usable,2026-09-08T12:00:00Z,3.1166666666666667,0.052,0.03,0.074,0.044,2386.53,bar_age_only_actual_quote_update_time_unavailable
KXHOUSETX32-26-R,KXHOUSETX32,KXHOUSETX32-26,Will Republican win the House race for TX-32?,Jace Yarbrough,,active,US_2026_general_election,2026-09-08T15:07:00Z,usable,2026-09-08T14:00:00Z,1.1166666666666667,0.825,0.79,0.86,0.06999999999999995,3997.73,bar_age_only_actual_quote_update_time_unavailable
KXHOUSETX32-26-D,KXHOUSETX32,KXHOUSETX32-26,Will Democratic win the House race for TX-32?,Dan Barrios,,active,US_2026_general_election,2026-09-08T15:07:00Z,usable,2026-09-08T14:00:00Z,1.1166666666666667,0.185,0.16,0.21,0.04999999999999999,5707.43,bar_age_only_actual_quote_update_time_unavailable
KXHOUSETX35-26-R,KXHOUSETX35,KXHOUSETX35-26,Will Republican win the House race for TX-35?,Carlos De La Cruz,,active,US_2026_general_election,2026-09-08T15:07:00Z,usable,2026-09-08T14:00:00Z,1.1166666666666667,0.475,0.46,0.49,0.02999999999999997,7606.85,bar_age_only_actual_quote_update_time_unavailable
KXHOUSETX35-26-D,KXHOUSETX35,KXHOUSETX35-26,Will Democratic win the House race for TX-35?,Johnny C. Garcia,,active,US_2026_general_election,2026-09-08T15:07:00Z,usable,2026-09-08T07:00:00Z,8.116666666666667,0.535,0.52,0.55,0.030000000000000027,8556.31,bar_age_only_actual_quote_update_time_unavailable
KXHOUSETX9-26-R,KXHOUSETX9,KXHOUSETX9-26,Will Republican win the House race for TX-09?,Alex Mealer,,active,US_2026_general_election,2026-09-08T15:07:00Z,usable,2026-09-08T14:00:00Z,1.1166666666666667,0.8300000000000001,0.8,0.86,0.05999999999999994,5999.4,bar_age_only_actual_quote_update_time_unavailable
KXHOUSETX9-26-D,KXHOUSETX9,KXHOUSETX9-26,Will Democratic win the House race for TX-09?,Leticia Gutierrez,,active,US_2026_general_election,2026-09-08T15:07:00Z,usable,2026-09-08T14:00:00Z,1.1166666666666667,0.17,0.14,0.2,0.06,5046.17,bar_age_only_actual_quote_update_time_unavailable
KXHOUSEUT01-26-R,KXHOUSEUT01,KXHOUSEUT01-26,Will Republican win the House race for UT-01?,Riley Owen,,active,US_2026_general_election,2026-09-08T15:07:00Z,stale_observation,2026-09-07T00:00:00Z,39.11666666666667,,,,,,
KXHOUSEUT01-26-D,KXHOUSEUT01,KXHOUSEUT01-26,Will Democratic win the House race for UT-01?,Ben McAdams,,active,US_2026_general_election,2026-09-08T15:07:00Z,stale_observation,2026-09-07T00:00:00Z,39.11666666666667,,,,,,
KXHOUSEUT02-26-R,KXHOUSEUT02,KXHOUSEUT02-26,Will Republican win the House race for UT-02?,Blake Moore,,active,US_2026_general_election,2026-09-08T15:07:00Z,stale_observation,2026-09-07T00:00:00Z,39.11666666666667,,,,,,
KXHOUSEUT02-26-D,KXHOUSEUT02,KXHOUSEUT02-26,Will Democratic win the House race for UT-02?,Peter Crosby,,active,US_2026_general_election,2026-09-08T15:07:00Z,stale_observation,2026-09-04T20:00:00Z,91.11666666666666,,,,,,
KXHOUSEUT03-26-R,KXHOUSEUT03,KXHOUSEUT03-26,Will Republican win the House race for UT-03?,Celeste Maloy,,active,US_2026_general_election,2026-09-08T15:07:00Z,stale_observation,2026-09-06T20:00:00Z,43.11666666666667,,,,,,
KXHOUSEUT03-26-D,KXHOUSEUT03,KXHOUSEUT03-26,Will Democratic win the House race for UT-03?,Kent Udell,,active,US_2026_general_election,2026-09-08T15:07:00Z,stale_observation,2026-09-07T01:00:00Z,38.11666666666667,,,,,,
KXHOUSEVA10-26-R,KXHOUSEVA10,KXHOUSEVA10-26,Will a Republican win the House race for VA-10?,Dave Beckwith,,active,US_2026_general_election,2026-09-08T15:07:00Z,stale_observation,2026-09-04T20:00:00Z,91.11666666666666,,,,,,
KXHOUSEVA10-26-D,KXHOUSEVA10,KXHOUSEVA10-26,Will a Democrat win the House race for VA-10?,Suhas Subramanyam,,active,US_2026_general_election,2026-09-08T15:07:00Z,stale_observation,2026-09-04T20:00:00Z,91.11666666666666,,,,,,
KXHOUSEWA8-26-R,KXHOUSEWA8,KXHOUSEWA8-26,Will a Republican win the House race for WA-08?,Republican party,,active,US_2026_general_election,2026-09-08T15:07:00Z,stale_observation,2026-09-06T20:00:00Z,43.11666666666667,,,,,,
KXHOUSEWA8-26-D,KXHOUSEWA8,KXHOUSEWA8-26,Will a Democrat win the House race for WA-08?,Democratic party,,active,US_2026_general_election,2026-09-08T15:07:00Z,stale_observation,2026-09-06T20:00:00Z,43.11666666666667,,,,,,
KXHOUSEWINSTATE-AZD-E6,KXHOUSEWINSTATE,KXHOUSEWINSTATE-AZD,Will Democrats win exactly 6 seats in the 2026 U.S. House of Representatives elections in Arizona?,6,,active,US_2026_general_election,2026-09-08T15:07:00Z,usable,2026-09-08T14:00:00Z,1.1166666666666667,0.185,0.15,0.22,0.07,856.0,bar_age_only_actual_quote_update_time_unavailable
KXHOUSEWINSTATE-AZD-E5,KXHOUSEWINSTATE,KXHOUSEWINSTATE-AZD,Will Democrats win exactly 5 seats in the 2026 U.S. House of Representatives elections in Arizona?,5,,active,US_2026_general_election,2026-09-08T15:07:00Z,usable,2026-09-08T14:00:00Z,1.1166666666666667,0.625,0.6,0.65,0.050000000000000044,651.0,bar_age_only_actual_quote_update_time_unavailable
KXHOUSEWINSTATE-AZD-E4,KXHOUSEWINSTATE,KXHOUSEWINSTATE-AZD,Will Democrats win exactly 4 seats in the 2026 U.S. House of Representatives elections in Arizona?,4,,active,US_2026_general_election,2026-09-08T15:07:00Z,usable,2026-09-08T14:00:00Z,1.1166666666666667,0.12,0.08,0.16,0.08,1750.0,bar_age_only_actual_quote_update_time_unavailable
KXHOUSEWINSTATE-AZD-E3,KXHOUSEWINSTATE,KXHOUSEWINSTATE-AZD,Will Democrats win exactly 3 seats in the 2026 U.S. House of Representatives elections in Arizona?,3,,active,US_2026_general_election,2026-09-08T15:07:00Z,stale_observation,2026-09-05T06:00:00Z,81.11666666666666,,,,,,
KXHOUSEWINSTATE-AZD-B3,KXHOUSEWINSTATE,KXHOUSEWINSTATE-AZD,Will Democrats win fewer than 3 seats in the 2026 U.S. House of Representatives elections in Arizona?,Below 3,,active,US_2026_general_election,2026-09-08T15:07:00Z,stale_observation,2026-08-30T14:00:00Z,217.11666666666667,,,,,,
KXHOUSEWINSTATE-AZD-A6,KXHOUSEWINSTATE,KXHOUSEWINSTATE-AZD,Will Democrats win more than 6 seats in the 2026 U.S. House of Representatives elections in Arizona?,Above 6,,active,US_2026_general_election,2026-09-08T15:07:00Z,stale_observation,2026-09-05T06:00:00Z,81.11666666666666,,,,,,
KXHOUSEWINSTATE-MID-E9,KXHOUSEWINSTATE,KXHOUSEWINSTATE-MID,Will Democrats win exactly 9 seats in the 2026 U.S. House of Representatives elections in Michigan?,9,,active,US_2026_general_election,2026-09-08T15:07:00Z,usable,2026-09-08T14:00:00Z,1.1166666666666667,0.20500000000000002,0.18,0.23,0.05000000000000002,3697.19,bar_age_only_actual_quote_update_time_unavailable
KXHOUSEWINSTATE-MID-E8,KXHOUSEWINSTATE,KXHOUSEWINSTATE-MID,Will Democrats win exactly 8 seats in the 2026 U.S. House of Representatives elections in Michigan?,8,,active,US_2026_general_election,2026-09-08T15:07:00Z,usable,2026-09-08T14:00:00Z,1.1166666666666667,0.41500000000000004,0.38,0.45,0.07,1595.59,bar_age_only_actual_quote_update_time_unavailable
KXHOUSEWINSTATE-MID-E7,KXHOUSEWINSTATE,KXHOUSEWINSTATE-MID,Will Democrats win exactly 7 seats in the 2026 U.S. House of Representatives elections in Michigan?,7,,active,US_2026_general_election,2026-09-08T15:07:00Z,usable,2026-09-08T13:00:00Z,2.1166666666666667,0.16,0.14,0.18,0.03999999999999998,4009.1,bar_age_only_actual_quote_update_time_unavailable
KXHOUSEWINSTATE-MID-E6,KXHOUSEWINSTATE,KXHOUSEWINSTATE-MID,Will Democrats win exactly 6 seats in the 2026 U.S. House of Representatives elections in Michigan?,6,,active,US_2026_general_election,2026-09-08T15:07:00Z,usable,2026-09-08T14:00:00Z,1.1166666666666667,0.15,0.11,0.19,0.08,6300.87,bar_age_only_actual_quote_update_time_unavailable
KXHOUSEWINSTATE-MID-E5,KXHOUSEWINSTATE,KXHOUSEWINSTATE-MID,Will Democrats win exactly 5 seats in the 2026 U.S. House of Representatives elections in Michigan?,5,,active,US_2026_general_election,2026-09-08T15:07:00Z,stale_observation,2026-08-27T08:00:00Z,295.1166666666667,,,,,,
KXHOUSEWINSTATE-MID-B5,KXHOUSEWINSTATE,KXHOUSEWINSTATE-MID,Will Democrats win fewer than 5 seats in the 2026 U.S. House of Representatives elections in Michigan?,Below 5,,active,US_2026_general_election,2026-09-08T15:07:00Z,stale_observation,2026-08-27T08:00:00Z,295.1166666666667,,,,,,
KXHOUSEWINSTATE-MID-A9,KXHOUSEWINSTATE,KXHOUSEWINSTATE-MID,Will Democrats win more than 9 seats in the 2026 U.S. House of Representatives elections in Michigan?,Above 9,,active,US_2026_general_election,2026-09-08T15:07:00Z,usable,2026-09-08T13:00:00Z,2.1166666666666667,0.03,0.02,0.04,0.02,13840.0,bar_age_only_actual_quote_update_time_unavailable
KXHOUSEWINSTATE-GAD-E7,KXHOUSEWINSTATE,KXHOUSEWINSTATE-GAD,Will Democrats win exactly 7 seats in the 2026 U.S. House of Representatives elections in Georgia?,7,,active,US_2026_general_election,2026-09-08T15:07:00Z,stale_observation,2026-09-04T20:00:00Z,91.11666666666666,,,,,,
KXHOUSEWINSTATE-GAD-E6,KXHOUSEWINSTATE,KXHOUSEWINSTATE-GAD,Will Democrats win exactly 6 seats in the 2026 U.S. House of Representatives elections in Georgia?,6,,active,US_2026_general_election,2026-09-08T15:07:00Z,usable,2026-09-08T09:00:00Z,6.116666666666666,0.07,0.04,0.1,0.060000000000000005,2638.2,bar_age_only_actual_quote_update_time_unavailable
KXHOUSEWINSTATE-GAD-E5,KXHOUSEWINSTATE,KXHOUSEWINSTATE-GAD,Will Democrats win exactly 5 seats in the 2026 U.S. House of Representatives elections in Georgia?,5,,active,US_2026_general_election,2026-09-08T15:07:00Z,usable,2026-09-08T11:00:00Z,4.116666666666666,0.865,0.84,0.89,0.050000000000000044,3030.0,bar_age_only_actual_quote_update_time_unavailable
KXHOUSEWINSTATE-GAD-B5,KXHOUSEWINSTATE,KXHOUSEWINSTATE-GAD,Will Democrats win fewer than 5 seats in the 2026 U.S. House of Representatives elections in Georgia?,Below 5,,active,US_2026_general_election,2026-09-08T15:07:00Z,stale_observation,2026-09-04T20:00:00Z,91.11666666666666,,,,,,
KXHOUSEWINSTATE-GAD-A7,KXHOUSEWINSTATE,KXHOUSEWINSTATE-GAD,Will Democrats win more than 7 seats in the 2026 U.S. House of Representatives elections in Georgia?,Above 7,,active,US_2026_general_election,2026-09-08T15:07:00Z,stale_observation,2026-09-04T20:00:00Z,91.11666666666666,,,,,,
KXHOUSEWINSTATE-NCD-E7,KXHOUSEWINSTATE,KXHOUSEWINSTATE-NCD,Will Democrats win exactly 7 seats in the 2026 U.S. House of Representatives elections in North Carolina?,7,,active,US_2026_general_election,2026-09-08T15:07:00Z,usable,2026-09-08T09:00:00Z,6.116666666666666,0.06,0.04,0.08,0.04,3288.0,bar_age_only_actual_quote_update_time_unavailable
KXHOUSEWINSTATE-NCD-E6,KXHOUSEWINSTATE,KXHOUSEWINSTATE-NCD,Will Democrats win exactly 6 seats in the 2026 U.S. House of Representatives elections in North Carolina?,6,,active,US_2026_general_election,2026-09-08T15:07:00Z,usable,2026-09-08T09:00:00Z,6.116666666666666,0.115,0.09,0.14,0.05000000000000002,9288.0,bar_age_only_actual_quote_update_time_unavailable
KXHOUSEWINSTATE-NCD-E5,KXHOUSEWINSTATE,KXHOUSEWINSTATE-NCD,Will Democrats win exactly 5 seats in the 2026 U.S. House of Representatives elections in North Carolina?,5,,active,US_2026_general_election,2026-09-08T15:07:00Z,usable,2026-09-08T14:00:00Z,1.1166666666666667,0.275,0.25,0.3,0.04999999999999999,712.02,bar_age_only_actual_quote_update_time_unavailable
KXHOUSEWINSTATE-NCD-E4,KXHOUSEWINSTATE,KXHOUSEWINSTATE-NCD,Will Democrats win exactly 4 seats in the 2026 U.S. House of Representatives elections in North Carolina?,4,,active,US_2026_general_election,2026-09-08T15:07:00Z,usable,2026-09-08T09:00:00Z,6.116666666666666,0.25,0.23,0.27,0.04000000000000001,927.9,bar_age_only_actual_quote_update_time_unavailable
KXHOUSEWINSTATE-NCD-E3,KXHOUSEWINSTATE,KXHOUSEWINSTATE-NCD,Will Democrats win exactly 3 seats in the 2026 U.S. House of Representatives elections in North Carolina?,3,,active,US_2026_general_election,2026-09-08T15:07:00Z,usable,2026-09-08T09:00:00Z,6.116666666666666,0.16999999999999998,0.16,0.18,0.01999999999999999,1497.0,bar_age_only_actual_quote_update_time_unavailable
KXHOUSEWINSTATE-NCD-B3,KXHOUSEWINSTATE,KXHOUSEWINSTATE-NCD,Will Democrats win fewer than 3 seats in the 2026 U.S. House of Representatives elections in North Carolina?,Below 3,,active,US_2026_general_election,2026-09-08T15:07:00Z,stale_observation,2026-09-05T16:00:00Z,71.11666666666666,,,,,,
KXHOUSEWINSTATE-NCD-A7,KXHOUSEWINSTATE,KXHOUSEWINSTATE-NCD,Will Democrats win more than 7 seats in the 2026 U.S. House of Representatives elections in North Carolina?,Above 7,,active,US_2026_general_election,2026-09-08T15:07:00Z,stale_observation,2026-09-02T21:00:00Z,138.11666666666667,,,,,,
KXHOUSEWINSTATE-OHD-E8,KXHOUSEWINSTATE,KXHOUSEWINSTATE-OHD,Will Democrats win exactly 8 seats in the 2026 U.S. House of Representatives elections in Ohio?,8,,active,US_2026_general_election,2026-09-08T15:07:00Z,usable,2026-09-08T09:00:00Z,6.116666666666666,0.09,0.06,0.12,0.06,2007.84,bar_age_only_actual_quote_update_time_unavailable
KXHOUSEWINSTATE-OHD-E7,KXHOUSEWINSTATE,KXHOUSEWINSTATE-OHD,Will Democrats win exactly 7 seats in the 2026 U.S. House of Representatives elections in Ohio?,7,,active,US_2026_general_election,2026-09-08T15:07:00Z,usable,2026-09-08T09:00:00Z,6.116666666666666,0.125,0.1,0.15,0.04999999999999999,1470.0,bar_age_only_actual_quote_update_time_unavailable
KXHOUSEWINSTATE-OHD-E6,KXHOUSEWINSTATE,KXHOUSEWINSTATE-OHD,Will Democrats win exactly 6 seats in the 2026 U.S. House of Representatives elections in Ohio?,6,,active,US_2026_general_election,2026-09-08T15:07:00Z,usable,2026-09-08T15:00:00Z,0.11666666666666667,0.475,0.45,0.5,0.04999999999999999,1980.94,bar_age_only_actual_quote_update_time_unavailable
KXHOUSEWINSTATE-OHD-E5,KXHOUSEWINSTATE,KXHOUSEWINSTATE-OHD,Will Democrats win exactly 5 seats in the 2026 U.S. House of Representatives elections in Ohio?,5,,active,US_2026_general_election,2026-09-08T15:07:00Z,usable,2026-09-08T10:00:00Z,5.116666666666666,0.21500000000000002,0.2,0.23,0.03,1506.78,bar_age_only_actual_quote_update_time_unavailable
KXHOUSEWINSTATE-OHD-E4,KXHOUSEWINSTATE,KXHOUSEWINSTATE-OHD,Will Democrats win exactly 4 seats in the 2026 U.S. House of Representatives elections in Ohio?,4,,active,US_2026_general_election,2026-09-08T15:07:00Z,usable,2026-09-08T14:00:00Z,1.1166666666666667,0.07,0.04,0.1,0.060000000000000005,2170.48,bar_age_only_actual_quote_update_time_unavailable
KXHOUSEWINSTATE-OHD-B4,KXHOUSEWINSTATE,KXHOUSEWINSTATE-OHD,Will Democrats win fewer than 4 seats in the 2026 U.S. House of Representatives elections in Ohio?,Below 4,,active,US_2026_general_election,2026-09-08T15:07:00Z,stale_observation,2026-09-04T20:00:00Z,91.11666666666666,,,,,,
KXHOUSEWINSTATE-OHD-A8,KXHOUSEWINSTATE,KXHOUSEWINSTATE-OHD,Will Democrats win more than 8 seats in the 2026 U.S. House of Representatives elections in Ohio?,Above 8,,active,US_2026_general_election,2026-09-08T15:07:00Z,stale_observation,2026-09-04T20:00:00Z,91.11666666666666,,,,,,
KXHOUSEWINSTATE-ILD-E14,KXHOUSEWINSTATE,KXHOUSEWINSTATE-ILD,Will Democrats win exactly 14 seats in the 2026 U.S. House of Representatives elections in Illinois?,14,,active,US_2026_general_election,2026-09-08T15:07:00Z,stale_observation,2026-09-04T20:00:00Z,91.11666666666666,,,,,,
KXHOUSEWINSTATE-ILD-E13,KXHOUSEWINSTATE,KXHOUSEWINSTATE-ILD,Will Democrats win exactly 13 seats in the 2026 U.S. House of Representatives elections in Illinois?,13,,active,US_2026_general_election,2026-09-08T15:07:00Z,stale_observation,2026-09-04T20:00:00Z,91.11666666666666,,,,,,
KXHOUSEWINSTATE-ILD-E12,KXHOUSEWINSTATE,KXHOUSEWINSTATE-ILD,Will Democrats win exactly 12 seats in the 2026 U.S. House of Representatives elections in Illinois?,12,,active,US_2026_general_election,2026-09-08T15:07:00Z,stale_observation,2026-09-01T12:00:00Z,171.11666666666667,,,,,,
KXHOUSEWINSTATE-ILD-B12,KXHOUSEWINSTATE,KXHOUSEWINSTATE-ILD,Will Democrats win fewer than 12 seats in the 2026 U.S. House of Representatives elections in Illinois?,Below 12,,active,US_2026_general_election,2026-09-08T15:07:00Z,stale_observation,2026-09-01T12:00:00Z,171.11666666666667,,,,,,
KXHOUSEWINSTATE-ILD-A14,KXHOUSEWINSTATE,KXHOUSEWINSTATE-ILD,Will Democrats win more than 14 seats in the 2026 U.S. House of Representatives elections in Illinois?,Above 14,,active,US_2026_general_election,2026-09-08T15:07:00Z,stale_observation,2026-09-04T20:00:00Z,91.11666666666666,,,,,,
KXHOUSEWINSTATE-PAD-E9,KXHOUSEWINSTATE,KXHOUSEWINSTATE-PAD,Will Democrats win exactly 9 seats in the 2026 U.S. House of Representatives elections in Pennsylvania?,9,,active,US_2026_general_election,2026-09-08T15:07:00Z,usable,2026-09-08T14:00:00Z,1.1166666666666667,0.33499999999999996,0.32,0.35,0.02999999999999997,2220.11,bar_age_only_actual_quote_update_time_unavailable
KXHOUSEWINSTATE-PAD-E8,KXHOUSEWINSTATE,KXHOUSEWINSTATE-PAD,Will Democrats win exactly 8 seats in the 2026 U.S. House of Representatives elections in Pennsylvania?,8,,active,US_2026_general_election,2026-09-08T15:07:00Z,usable,2026-09-08T09:00:00Z,6.116666666666666,0.07,0.04,0.1,0.060000000000000005,3354.0,bar_age_only_actual_quote_update_time_unavailable
KXHOUSEWINSTATE-PAD-E7,KXHOUSEWINSTATE,KXHOUSEWINSTATE-PAD,Will Democrats win exactly 7 seats in the 2026 U.S. House of Representatives elections in Pennsylvania?,7,,active,US_2026_general_election,2026-09-08T15:07:00Z,stale_observation,2026-09-05T09:00:00Z,78.11666666666666,,,,,,
KXHOUSEWINSTATE-PAD-E12,KXHOUSEWINSTATE,KXHOUSEWINSTATE-PAD,Will Democrats win exactly 12 seats in the 2026 U.S. House of Representatives elections in Pennsylvania?,12,,active,US_2026_general_election,2026-09-08T15:07:00Z,stale_observation,2026-09-04T19:00:00Z,92.11666666666666,,,,,,
KXHOUSEWINSTATE-PAD-E11,KXHOUSEWINSTATE,KXHOUSEWINSTATE-PAD,Will Democrats win exactly 11 seats in the 2026 U.S. House of Representatives elections in Pennsylvania?,11,,active,US_2026_general_election,2026-09-08T15:07:00Z,usable,2026-09-08T14:00:00Z,1.1166666666666667,0.32,0.27,0.37,0.09999999999999998,6414.77,bar_age_only_actual_quote_update_time_unavailable
KXHOUSEWINSTATE-PAD-E10,KXHOUSEWINSTATE,KXHOUSEWINSTATE-PAD,Will Democrats win exactly 10 seats in the 2026 U.S. House of Representatives elections in Pennsylvania?,10,,active,US_2026_general_election,2026-09-08T15:07:00Z,usable,2026-09-08T10:00:00Z,5.116666666666666,0.175,0.16,0.19,0.03,1767.32,bar_age_only_actual_quote_update_time_unavailable
KXHOUSEWINSTATE-PAD-B7,KXHOUSEWINSTATE,KXHOUSEWINSTATE-PAD,Will Democrats win fewer than 7 seats in the 2026 U.S. House of Representatives elections in Pennsylvania?,Below 7,,active,US_2026_general_election,2026-09-08T15:07:00Z,stale_observation,2026-09-03T10:00:00Z,125.11666666666666,,,,,,
KXHOUSEWINSTATE-PAD-A12,KXHOUSEWINSTATE,KXHOUSEWINSTATE-PAD,Will Democrats win more than 12 seats in the 2026 U.S. House of Representatives elections in Pennsylvania?,Above 12,,active,US_2026_general_election,2026-09-08T15:07:00Z,stale_observation,2026-08-26T22:00:00Z,305.1166666666667,,,,,,
KXHOUSEWINSTATE-NYD-E23,KXHOUSEWINSTATE,KXHOUSEWINSTATE-NYD,Will Democrats win exactly 23 seats in the 2026 U.S. House of Representatives elections in New York?,23,,active,US_2026_general_election,2026-09-08T15:07:00Z,stale_observation,2026-09-04T20:00:00Z,91.11666666666666,,,,,,
KXHOUSEWINSTATE-NYD-E22,KXHOUSEWINSTATE,KXHOUSEWINSTATE-NYD,Will Democrats win exactly 22 seats in the 2026 U.S. House of Representatives elections in New York?,22,,active,US_2026_general_election,2026-09-08T15:07:00Z,usable,2026-09-08T09:00:00Z,6.116666666666666,0.07,0.05,0.09,0.039999999999999994,4600.0,bar_age_only_actual_quote_update_time_unavailable
KXHOUSEWINSTATE-NYD-E21,KXHOUSEWINSTATE,KXHOUSEWINSTATE-NYD,Will Democrats win exactly 21 seats in the 2026 U.S. House of Representatives elections in New York?,21,,active,US_2026_general_election,2026-09-08T15:07:00Z,usable,2026-09-08T09:00:00Z,6.116666666666666,0.10500000000000001,0.08,0.13,0.05,2556.61,bar_age_only_actual_quote_update_time_unavailable
KXHOUSEWINSTATE-NYD-E20,KXHOUSEWINSTATE,KXHOUSEWINSTATE-NYD,Will Democrats win exactly 20 seats in the 2026 U.S. House of Representatives elections in New York?,20,,active,US_2026_general_election,2026-09-08T15:07:00Z,usable,2026-09-08T06:00:00Z,9.116666666666667,0.375,0.34,0.41,0.06999999999999995,40.0,bar_age_only_actual_quote_update_time_unavailable
KXHOUSEWINSTATE-NYD-E19,KXHOUSEWINSTATE,KXHOUSEWINSTATE-NYD,Will Democrats win exactly 19 seats in the 2026 U.S. House of Representatives elections in New York?,19,,active,US_2026_general_election,2026-09-08T15:07:00Z,usable,2026-09-08T14:00:00Z,1.1166666666666667,0.27,0.24,0.3,0.06,2821.85,bar_age_only_actual_quote_update_time_unavailable
KXHOUSEWINSTATE-NYD-E18,KXHOUSEWINSTATE,KXHOUSEWINSTATE-NYD,Will Democrats win exactly 18 seats in the 2026 U.S. House of Representatives elections in New York?,18,,active,US_2026_general_election,2026-09-08T15:07:00Z,usable,2026-09-08T15:00:00Z,0.11666666666666667,0.07,0.03,0.11,0.08,2908.14,bar_age_only_actual_quote_update_time_unavailable
KXHOUSEWINSTATE-NYD-E17,KXHOUSEWINSTATE,KXHOUSEWINSTATE-NYD,Will Democrats win exactly 17 seats in the 2026 U.S. House of Representatives elections in New York?,17,,active,US_2026_general_election,2026-09-08T15:07:00Z,stale_observation,2026-08-30T18:00:00Z,213.11666666666667,,,,,,
KXHOUSEWINSTATE-NYD-E16,KXHOUSEWINSTATE,KXHOUSEWINSTATE-NYD,Will Democrats win exactly 16 seats in the 2026 U.S. House of Representatives elections in New York?,16,,active,US_2026_general_election,2026-09-08T15:07:00Z,stale_observation,2026-08-23T17:00:00Z,382.1166666666667,,,,,,
KXHOUSEWINSTATE-NYD-B16,KXHOUSEWINSTATE,KXHOUSEWINSTATE-NYD,Will Democrats win fewer than 16 seats in the 2026 U.S. House of Representatives elections in New York?,Below 16,,active,US_2026_general_election,2026-09-08T15:07:00Z,usable,2026-09-08T09:00:00Z,6.116666666666666,0.02,0.0,0.04,0.04,2421.79,bar_age_only_actual_quote_update_time_unavailable
KXHOUSEWINSTATE-NYD-A23,KXHOUSEWINSTATE,KXHOUSEWINSTATE-NYD,Will Democrats win more than 23 seats in the 2026 U.S. House of Representatives elections in New York?,Above 23,,active,US_2026_general_election,2026-09-08T15:07:00Z,usable,2026-09-08T09:00:00Z,6.116666666666666,0.035,0.02,0.05,0.030000000000000002,1000.0,bar_age_only_actual_quote_update_time_unavailable
KXHOUSEWINSTATE-SCD-E2,KXHOUSEWINSTATE,KXHOUSEWINSTATE-SCD,Will Democrats win exactly 2 seats in the 2026 U.S. House of Representatives elections in South Carolina?,2,,active,US_2026_general_election,2026-09-08T15:07:00Z,usable,2026-09-08T14:00:00Z,1.1166666666666667,0.17,0.14,0.2,0.06,4081.88,bar_age_only_actual_quote_update_time_unavailable
KXHOUSEWINSTATE-SCD-E1,KXHOUSEWINSTATE,KXHOUSEWINSTATE-SCD,Will Democrats win exactly 1 seats in the 2026 U.S. House of Representatives elections in South Carolina?,1,,active,US_2026_general_election,2026-09-08T15:07:00Z,usable,2026-09-08T09:00:00Z,6.116666666666666,0.755,0.73,0.78,0.050000000000000044,2029.62,bar_age_only_actual_quote_update_time_unavailable
KXHOUSEWINSTATE-SCD-E0,KXHOUSEWINSTATE,KXHOUSEWINSTATE-SCD,Will Democrats win exactly 0 seats in the 2026 U.S. House of Representatives elections in South Carolina?,0,,active,US_2026_general_election,2026-09-08T15:07:00Z,usable,2026-09-07T21:00:00Z,18.116666666666667,0.01,0.0,0.02,0.02,3087.25,bar_age_only_actual_quote_update_time_unavailable
KXHOUSEWINSTATE-SCD-A2,KXHOUSEWINSTATE,KXHOUSEWINSTATE-SCD,Will Democrats win more than 2 seats in the 2026 U.S. House of Representatives elections in South Carolina?,Above 2,,active,US_2026_general_election,2026-09-08T15:07:00Z,usable,2026-09-08T14:00:00Z,1.1166666666666667,0.08499999999999999,0.06,0.11,0.05,4655.4,bar_age_only_actual_quote_update_time_unavailable
KXHOUSEWINSTATE-UTD-E2,KXHOUSEWINSTATE,KXHOUSEWINSTATE-UTD,Will Democrats win exactly 2 seats in the 2026 U.S. House of Representatives elections in Utah?,2,,active,US_2026_general_election,2026-09-08T15:07:00Z,stale_observation,2026-09-04T21:00:00Z,90.11666666666666,,,,,,
KXHOUSEWINSTATE-UTD-E1,KXHOUSEWINSTATE,KXHOUSEWINSTATE-UTD,Will Democrats win exactly 1 seats in the 2026 U.S. House of Representatives elections in Utah?,1,,active,US_2026_general_election,2026-09-08T15:07:00Z,usable,2026-09-08T09:00:00Z,6.116666666666666,0.95,0.93,0.97,0.039999999999999925,900.7,bar_age_only_actual_quote_update_time_unavailable
KXHOUSEWINSTATE-UTD-E0,KXHOUSEWINSTATE,KXHOUSEWINSTATE-UTD,Will Democrats win exactly 0 seats in the 2026 U.S. House of Representatives elections in Utah?,0,,active,US_2026_general_election,2026-09-08T15:07:00Z,stale_observation,2026-09-04T20:00:00Z,91.11666666666666,,,,,,
KXHOUSEWINSTATE-UTD-A2,KXHOUSEWINSTATE,KXHOUSEWINSTATE-UTD,Will Democrats win more than 2 seats in the 2026 U.S. House of Representatives elections in Utah?,Above 2,,active,US_2026_general_election,2026-09-08T15:07:00Z,stale_observation,2026-09-04T21:00:00Z,90.11666666666666,,,,,,
KXHOUSEWINSTATE-TND-E2,KXHOUSEWINSTATE,KXHOUSEWINSTATE-TND,Will Democrats win exactly 2 seats in the 2026 U.S. House of Representatives elections in Tennessee?,2,,active,US_2026_general_election,2026-09-08T15:07:00Z,stale_observation,2026-09-06T20:00:00Z,43.11666666666667,,,,,,
KXHOUSEWINSTATE-TND-E1,KXHOUSEWINSTATE,KXHOUSEWINSTATE-TND,Will Democrats win exactly 1 seats in the 2026 U.S. House of Representatives elections in Tennessee?,1,,active,US_2026_general_election,2026-09-08T15:07:00Z,usable,2026-09-08T15:00:00Z,0.11666666666666667,0.12,0.08,0.16,0.08,501.0,bar_age_only_actual_quote_update_time_unavailable
KXHOUSEWINSTATE-TND-E0,KXHOUSEWINSTATE,KXHOUSEWINSTATE-TND,Will Democrats win exactly 0 seats in the 2026 U.S. House of Representatives elections in Tennessee?,0,,active,US_2026_general_election,2026-09-08T15:07:00Z,usable,2026-09-08T09:00:00Z,6.116666666666666,0.865,0.83,0.9,0.07000000000000006,1205.04,bar_age_only_actual_quote_update_time_unavailable
KXHOUSEWINSTATE-TND-A2,KXHOUSEWINSTATE,KXHOUSEWINSTATE-TND,Will Democrats win more than 2 seats in the 2026 U.S. House of Representatives elections in Tennessee?,Above 2,,active,US_2026_general_election,2026-09-08T15:07:00Z,stale_observation,2026-09-06T20:00:00Z,43.11666666666667,,,,,,
KXHOUSEWINSTATE-ALD-E2,KXHOUSEWINSTATE,KXHOUSEWINSTATE-ALD,Will Democrats win exactly 2 seats in the 2026 U.S. House of Representatives elections in Alabama?,2,,active,US_2026_general_election,2026-09-08T15:07:00Z,usable,2026-09-08T09:00:00Z,6.116666666666666,0.19,0.16,0.22,0.06,2303.3,bar_age_only_actual_quote_update_time_unavailable
KXHOUSEWINSTATE-ALD-E1,KXHOUSEWINSTATE,KXHOUSEWINSTATE-ALD,Will Democrats win exactly 1 seats in the 2026 U.S. House of Representatives elections in Alabama?,1,,active,US_2026_general_election,2026-09-08T15:07:00Z,usable,2026-09-08T14:00:00Z,1.1166666666666667,0.725,0.71,0.74,0.030000000000000027,2666.89,bar_age_only_actual_quote_update_time_unavailable
KXHOUSEWINSTATE-ALD-E0,KXHOUSEWINSTATE,KXHOUSEWINSTATE-ALD,Will Democrats win exactly 0 seats in the 2026 U.S. House of Representatives elections in Alabama?,0,,active,US_2026_general_election,2026-09-08T15:07:00Z,usable,2026-09-08T14:00:00Z,1.1166666666666667,0.075,0.03,0.12,0.09,509.0,bar_age_only_actual_quote_update_time_unavailable
KXHOUSEWINSTATE-ALD-A2,KXHOUSEWINSTATE,KXHOUSEWINSTATE-ALD,Will Democrats win more than 2 seats in the 2026 U.S. House of Representatives elections in Alabama?,Above 2,,active,US_2026_general_election,2026-09-08T15:07:00Z,stale_observation,2026-08-13T11:00:00Z,628.1166666666667,,,,,,
KXHOUSEWINSTATE-LAD-E2,KXHOUSEWINSTATE,KXHOUSEWINSTATE-LAD,Will Democrats win exactly 2 seats in the 2026 U.S. House of Representatives elections in Louisiana?,2,,active,US_2026_general_election,2026-09-08T15:07:00Z,usable,2026-09-08T09:00:00Z,6.116666666666666,0.04,0.02,0.06,0.039999999999999994,112.58,bar_age_only_actual_quote_update_time_unavailable
KXHOUSEWINSTATE-LAD-E1,KXHOUSEWINSTATE,KXHOUSEWINSTATE-LAD,Will Democrats win exactly 1 seats in the 2026 U.S. House of Representatives elections in Louisiana?,1,,active,US_2026_general_election,2026-09-08T15:07:00Z,usable,2026-09-08T15:00:00Z,0.11666666666666667,0.925,0.91,0.94,0.029999999999999916,873.03,bar_age_only_actual_quote_update_time_unavailable
KXHOUSEWINSTATE-LAD-E0,KXHOUSEWINSTATE,KXHOUSEWINSTATE-LAD,Will Democrats win exactly 0 seats in the 2026 U.S. House of Representatives elections in Louisiana?,0,,active,US_2026_general_election,2026-09-08T15:07:00Z,stale_observation,2026-09-07T00:00:00Z,39.11666666666667,,,,,,
KXHOUSEWINSTATE-LAD-A2,KXHOUSEWINSTATE,KXHOUSEWINSTATE-LAD,Will Democrats win more than 2 seats in the 2026 U.S. House of Representatives elections in Louisiana?,Above 2,,active,US_2026_general_election,2026-09-08T15:07:00Z,stale_observation,2026-09-06T02:00:00Z,61.11666666666667,,,,,,
KXHOUSEWINSTATE-FLD-B4,KXHOUSEWINSTATE,KXHOUSEWINSTATE-FLD,Will Democrats win fewer than 4 seats in the 2026 U.S. House of Representatives elections in Florida?,Below 4,,active,US_2026_general_election,2026-09-08T15:07:00Z,usable,2026-09-08T08:00:00Z,7.116666666666666,0.04,0.03,0.05,0.020000000000000004,543.94,bar_age_only_actual_quote_update_time_unavailable
KXHOUSEWINSTATE-FLD-A10,KXHOUSEWINSTATE,KXHOUSEWINSTATE-FLD,Will Democrats win more than 10 seats in the 2026 U.S. House of Representatives elections in Florida?,Above 10,,active,US_2026_general_election,2026-09-08T15:07:00Z,stale_observation,2026-09-05T01:00:00Z,86.11666666666666,,,,,,
KXHOUSEWINSTATE-FLD-9-9,KXHOUSEWINSTATE,KXHOUSEWINSTATE-FLD,Will Democrats win 9 seats in the 2026 U.S. House of Representatives elections in Florida?,9,,active,US_2026_general_election,2026-09-08T15:07:00Z,usable,2026-09-08T14:00:00Z,1.1166666666666667,0.060000000000000005,0.02,0.1,0.08,3.0,bar_age_only_actual_quote_update_time_unavailable
KXHOUSEWINSTATE-FLD-8-8,KXHOUSEWINSTATE,KXHOUSEWINSTATE-FLD,Will Democrats win 8 seats in the 2026 U.S. House of Representatives elections in Florida?,8,,active,US_2026_general_election,2026-09-08T15:07:00Z,usable,2026-09-08T14:00:00Z,1.1166666666666667,0.12,0.08,0.16,0.08,1.0,bar_age_only_actual_quote_update_time_unavailable
KXHOUSEWINSTATE-FLD-7-7,KXHOUSEWINSTATE,KXHOUSEWINSTATE-FLD,Will Democrats win 7 seats in the 2026 U.S. House of Representatives elections in Florida?,7,,active,US_2026_general_election,2026-09-08T15:07:00Z,usable,2026-09-08T14:00:00Z,1.1166666666666667,0.19,0.15,0.23,0.08000000000000002,12.25,bar_age_only_actual_quote_update_time_unavailable
KXHOUSEWINSTATE-FLD-6-6,KXHOUSEWINSTATE,KXHOUSEWINSTATE-FLD,Will Democrats win 6 seats in the 2026 U.S. House of Representatives elections in Florida?,6,,active,US_2026_general_election,2026-09-08T15:07:00Z,usable,2026-09-07T23:00:00Z,16.116666666666667,0.15,0.11,0.19,0.08,100.0,bar_age_only_actual_quote_update_time_unavailable
KXHOUSEWINSTATE-FLD-5-5,KXHOUSEWINSTATE,KXHOUSEWINSTATE-FLD,Will Democrats win 5 seats in the 2026 U.S. House of Representatives elections in Florida?,5,,active,US_2026_general_election,2026-09-08T15:07:00Z,stale_observation,2026-09-05T18:00:00Z,69.11666666666666,,,,,,
KXHOUSEWINSTATE-FLD-4-4,KXHOUSEWINSTATE,KXHOUSEWINSTATE-FLD,Will Democrats win 4 seats in the 2026 U.S. House of Representatives elections in Florida?,4,,active,US_2026_general_election,2026-09-08T15:07:00Z,usable,2026-09-07T21:00:00Z,18.116666666666667,0.155,0.12,0.19,0.07,803.5,bar_age_only_actual_quote_update_time_unavailable
KXHOUSEWINSTATE-FLD-10-10,KXHOUSEWINSTATE,KXHOUSEWINSTATE-FLD,Will Democrats win 10 seats in the 2026 U.S. House of Representatives elections in Florida?,10,,active,US_2026_general_election,2026-09-08T15:07:00Z,stale_observation,2026-09-06T00:00:00Z,63.11666666666667,,,,,,
KXMDSD2-26-PCOR,KXMDSD2,KXMDSD2-26,Who will win the 2026 Maryland State Senate District 2 general election?,Paul Corderman,,active,US_2026_general_election,2026-09-08T15:07:00Z,usable,2026-09-08T09:00:00Z,6.116666666666666,0.935,0.91,0.96,0.04999999999999993,9895.0,bar_age_only_actual_quote_update_time_unavailable
KXMDSD2-26-EBUR,KXMDSD2,KXMDSD2-26,Who will win the 2026 Maryland State Senate District 2 general election?,Eric Van Buren,,active,US_2026_general_election,2026-09-08T15:07:00Z,usable,2026-09-08T09:00:00Z,6.116666666666666,0.06,0.03,0.09,0.06,5686.0,bar_age_only_actual_quote_update_time_unavailable
KXMOSD8-26-KING,KXMOSD8,KXMOSD8-26,Who will win the 2026 Missouri State Senate District 8 general election?,Keri Ingle,,active,US_2026_general_election,2026-09-08T15:07:00Z,usable,2026-09-08T15:00:00Z,0.11666666666666667,0.31,0.29,0.33,0.040000000000000036,1731.31,bar_age_only_actual_quote_update_time_unavailable
KXMOSD8-26-JPAT,KXMOSD8,KXMOSD8-26,Who will win the 2026 Missouri State Senate District 8 general election?,Jon Patterson,,active,US_2026_general_election,2026-09-08T15:07:00Z,usable,2026-09-08T15:00:00Z,0.11666666666666667,0.745,0.7,0.79,0.09000000000000008,1438.75,bar_age_only_actual_quote_update_time_unavailable
KXPAHD12-26-STIM,KXPAHD12,KXPAHD12-26,Who will win the Pennsylvania State House District 12 general election?,Scott Timko,,active,US_2026_general_election,2026-09-08T15:07:00Z,stale_observation,2026-08-23T19:00:00Z,380.1166666666667,,,,,,
KXPAHD12-26-BDUK,KXPAHD12,KXPAHD12-26,Who will win the Pennsylvania State House District 12 general election?,Brandon Dukes,,active,US_2026_general_election,2026-09-08T15:07:00Z,stale_observation,2026-08-23T13:00:00Z,386.1166666666667,,,,,,
KXPAHOUSE-262-GOP,KXPAHOUSE,KXPAHOUSE-262,Who will win the Pennsylvania State House election?,Republican party,,active,US_2026_general_election,2026-09-08T15:07:00Z,stale_observation,2026-09-05T12:00:00Z,75.11666666666666,,,,,,
KXPAHOUSE-262-DEM,KXPAHOUSE,KXPAHOUSE-262,Who will win the Pennsylvania State House election?,Democratic party,,active,US_2026_general_election,2026-09-08T15:07:00Z,stale_observation,2026-09-05T12:00:00Z,75.11666666666666,,,,,,
KXPAHOUSE-26-GOP,KXPAHOUSE,KXPAHOUSE-26,Who will win Pennsylvania State House election?,Republican party,,active,US_2026_general_election,2026-09-08T15:07:00Z,missing_usable_quote,,,,,,,,
KXPAHOUSE-26-DEM,KXPAHOUSE,KXPAHOUSE-26,Who will win Pennsylvania State House election?,Democratic party,,active,US_2026_general_election,2026-09-08T15:07:00Z,missing_usable_quote,,,,,,,,
KXPASEN-262-R,KXPASEN,KXPASEN-262,Who will win the 2026 Pennsylvania State Senate election?,Republican party,,active,US_2026_general_election,2026-09-08T15:07:00Z,stale_observation,2026-09-04T20:00:00Z,91.11666666666666,,,,,,
KXPASEN-262-D,KXPASEN,KXPASEN-262,Who will win the 2026 Pennsylvania State Senate election?,Democratic party,,active,US_2026_general_election,2026-09-08T15:07:00Z,stale_observation,2026-09-06T17:00:00Z,46.11666666666667,,,,,,
KXPASEN-26-R,KXPASEN,KXPASEN-26,Who will win the 2026 Pennsylvania State Senate election?,Republican Party,,inactive,US_2026_general_election,2026-09-08T15:07:00Z,missing_usable_quote,,,,,,,,
KXPASEN-26-D,KXPASEN,KXPASEN-26,Who will win the 2026 Pennsylvania State Senate election?,Democratic Party,,inactive,US_2026_general_election,2026-09-08T15:07:00Z,missing_usable_quote,,,,,,,,
KXSTATELEG-TXSENA26-R,KXSTATELEG,KXSTATELEG-TXSENA26,Who will win the Texas Senate?,Republican party,,active,US_2026_general_election,2026-09-08T15:07:00Z,usable,2026-09-08T09:00:00Z,6.116666666666666,0.9199999999999999,0.9,0.94,0.039999999999999925,1301.77,bar_age_only_actual_quote_update_time_unavailable
KXSTATELEG-TXSENA26-D,KXSTATELEG,KXSTATELEG-TXSENA26,Who will win the Texas Senate?,Democratic party,,active,US_2026_general_election,2026-09-08T15:07:00Z,usable,2026-09-08T09:00:00Z,6.116666666666666,0.07,0.04,0.1,0.060000000000000005,1787.14,bar_age_only_actual_quote_update_time_unavailable
KXSTATELEG-TXHOUS26-R,KXSTATELEG,KXSTATELEG-TXHOUS26,Who will win the Texas House of Representatives?,Republican party,,active,US_2026_general_election,2026-09-08T15:07:00Z,usable,2026-09-08T02:00:00Z,13.116666666666667,0.86,0.83,0.89,0.06000000000000005,1.0,bar_age_only_actual_quote_update_time_unavailable
KXSTATELEG-TXHOUS26-D,KXSTATELEG,KXSTATELEG-TXHOUS26,Who will win the Texas House of Representatives?,Democratic party,,active,US_2026_general_election,2026-09-08T15:07:00Z,usable,2026-09-08T15:00:00Z,0.11666666666666667,0.15,0.12,0.18,0.06,212.0,bar_age_only_actual_quote_update_time_unavailable
KXSTATELEG-NVSENA26-R,KXSTATELEG,KXSTATELEG-NVSENA26,Who will win the Nevada Senate?,Republican party,,active,US_2026_general_election,2026-09-08T15:07:00Z,usable,2026-09-08T09:00:00Z,6.116666666666666,0.025,0.01,0.04,0.03,935.94,bar_age_only_actual_quote_update_time_unavailable
KXSTATELEG-NVSENA26-D,KXSTATELEG,KXSTATELEG-NVSENA26,Who will win the Nevada Senate?,Democratic party,,active,US_2026_general_election,2026-09-08T15:07:00Z,stale_observation,2026-08-12T14:00:00Z,649.1166666666667,,,,,,
KXSTATELEG-NVASSE26-R,KXSTATELEG,KXSTATELEG-NVASSE26,Who will win the Nevada Assembly?,Republican party,,active,US_2026_general_election,2026-09-08T15:07:00Z,stale_observation,2026-09-04T20:00:00Z,91.11666666666666,,,,,,
KXSTATELEG-NVASSE26-D,KXSTATELEG,KXSTATELEG-NVASSE26,Who will win the Nevada Assembly?,Democratic party,,active,US_2026_general_election,2026-09-08T15:07:00Z,stale_observation,2026-09-04T20:00:00Z,91.11666666666666,,,,,,
KXSTATELEG-FLSENA26-R,KXSTATELEG,KXSTATELEG-FLSENA26,Who will win the Florida Senate?,Republican party,,active,US_2026_general_election,2026-09-08T15:07:00Z,stale_observation,2026-09-06T20:00:00Z,43.11666666666667,,,,,,
KXSTATELEG-FLSENA26-D,KXSTATELEG,KXSTATELEG-FLSENA26,Who will win the Florida Senate?,Democratic party,,active,US_2026_general_election,2026-09-08T15:07:00Z,stale_observation,2026-09-06T20:00:00Z,43.11666666666667,,,,,,
KXSTATELEG-FLHOUS26-R,KXSTATELEG,KXSTATELEG-FLHOUS26,Who will win the Florida House of Representatives?,Republican party,,active,US_2026_general_election,2026-09-08T15:07:00Z,stale_observation,2026-09-04T20:00:00Z,91.11666666666666,,,,,,
KXSTATELEG-FLHOUS26-D,KXSTATELEG,KXSTATELEG-FLHOUS26,Who will win the Florida House of Representatives?,Democratic party,,active,US_2026_general_election,2026-09-08T15:07:00Z,usable,2026-09-08T09:00:00Z,6.116666666666666,0.08,0.05,0.11,0.06,731.0,bar_age_only_actual_quote_update_time_unavailable
KXSTATELEG-GASEN26-R,KXSTATELEG,KXSTATELEG-GASEN26,Who will win the Georgia State Senate?,Republican party,,active,US_2026_general_election,2026-09-08T15:07:00Z,stale_observation,2026-09-04T20:00:00Z,91.11666666666666,,,,,,
KXSTATELEG-GASEN26-D,KXSTATELEG,KXSTATELEG-GASEN26,Who will win the Georgia State Senate?,Democratic party,,active,US_2026_general_election,2026-09-08T15:07:00Z,stale_observation,2026-09-04T20:00:00Z,91.11666666666666,,,,,,
KXSTATELEG-GAHOUSE26-R,KXSTATELEG,KXSTATELEG-GAHOUSE26,Who will win the Georgia State House?,Republican party,,active,US_2026_general_election,2026-09-08T15:07:00Z,stale_observation,2026-08-31T23:00:00Z,184.11666666666667,,,,,,
KXSTATELEG-GAHOUSE26-D,KXSTATELEG,KXSTATELEG-GAHOUSE26,Who will win the Georgia State House?,Democratic party,,active,US_2026_general_election,2026-09-08T15:07:00Z,usable,2026-09-08T15:00:00Z,0.11666666666666667,0.365,0.34,0.39,0.04999999999999999,533.92,bar_age_only_actual_quote_update_time_unavailable
KXSTATELEG-WISEN26-R,KXSTATELEG,KXSTATELEG-WISEN26,Who will win the Wisconsin State Senate?,Republican party,,active,US_2026_general_election,2026-09-08T15:07:00Z,stale_observation,2026-09-04T20:00:00Z,91.11666666666666,,,,,,
KXSTATELEG-WISEN26-D,KXSTATELEG,KXSTATELEG-WISEN26,Who will win the Wisconsin State Senate?,Democratic party,,active,US_2026_general_election,2026-09-08T15:07:00Z,usable,2026-09-07T20:00:00Z,19.116666666666667,0.75,0.72,0.78,0.06000000000000005,275.38,bar_age_only_actual_quote_update_time_unavailable
KXSTATELEG-WIASSEMBLY26-R,KXSTATELEG,KXSTATELEG-WIASSEMBLY26,Who will win the Wisconsin State Assembly?,Republican party,,active,US_2026_general_election,2026-09-08T15:07:00Z,usable,2026-09-08T09:00:00Z,6.116666666666666,0.365,0.34,0.39,0.04999999999999999,369.11,bar_age_only_actual_quote_update_time_unavailable
KXSTATELEG-WIASSEMBLY26-D,KXSTATELEG,KXSTATELEG-WIASSEMBLY26,Who will win the Wisconsin State Assembly?,Democratic party,,active,US_2026_general_election,2026-09-08T15:07:00Z,usable,2026-09-08T09:00:00Z,6.116666666666666,0.63,0.6,0.66,0.06000000000000005,216.38,bar_age_only_actual_quote_update_time_unavailable
KXSTATELEG-OHSEN26-R,KXSTATELEG,KXSTATELEG-OHSEN26,Who will win the Ohio State Senate?,Republican party,,active,US_2026_general_election,2026-09-08T15:07:00Z,stale_observation,2026-09-01T12:00:00Z,171.11666666666667,,,,,,
KXSTATELEG-OHSEN26-D,KXSTATELEG,KXSTATELEG-OHSEN26,Who will win the Ohio State Senate?,Democratic party,,active,US_2026_general_election,2026-09-08T15:07:00Z,usable,2026-09-08T09:00:00Z,6.116666666666666,0.105,0.09,0.12,0.03,404.0,bar_age_only_actual_quote_update_time_unavailable
KXSTATELEG-OHHOUSE26-R,KXSTATELEG,KXSTATELEG-OHHOUSE26,Who will win the Ohio State House?,Republican party,,active,US_2026_general_election,2026-09-08T15:07:00Z,usable,2026-09-08T09:00:00Z,6.116666666666666,0.875,0.86,0.89,0.030000000000000027,1769.11,bar_age_only_actual_quote_update_time_unavailable
KXSTATELEG-OHHOUSE26-D,KXSTATELEG,KXSTATELEG-OHHOUSE26,Who will win the Ohio State House?,Democratic party,,active,US_2026_general_election,2026-09-08T15:07:00Z,usable,2026-09-08T09:00:00Z,6.116666666666666,0.13,0.11,0.15,0.039999999999999994,807.62,bar_age_only_actual_quote_update_time_unavailable
KXSTATELEG-NCSEN26-R,KXSTATELEG,KXSTATELEG-NCSEN26,Who will win the North Carolina State Senate?,Republican party,,active,US_2026_general_election,2026-09-08T15:07:00Z,usable,2026-09-08T09:00:00Z,6.116666666666666,0.9,0.88,0.92,0.040000000000000036,1164.04,bar_age_only_actual_quote_update_time_unavailable
KXSTATELEG-NCSEN26-D,KXSTATELEG,KXSTATELEG-NCSEN26,Who will win the North Carolina State Senate?,Democratic party,,active,US_2026_general_election,2026-09-08T15:07:00Z,usable,2026-09-07T23:00:00Z,16.116666666666667,0.095,0.06,0.13,0.07,126.12,bar_age_only_actual_quote_update_time_unavailable
KXSTATELEG-NCHOUSE26-R,KXSTATELEG,KXSTATELEG-NCHOUSE26,Who will win the North Carolina State House?,Republican party,,active,US_2026_general_election,2026-09-08T15:07:00Z,stale_observation,2026-09-06T20:00:00Z,43.11666666666667,,,,,,
KXSTATELEG-NCHOUSE26-D,KXSTATELEG,KXSTATELEG-NCHOUSE26,Who will win the North Carolina State House?,Democratic party,,active,US_2026_general_election,2026-09-08T15:07:00Z,usable,2026-09-08T09:00:00Z,6.116666666666666,0.18,0.15,0.21,0.06,25.0,bar_age_only_actual_quote_update_time_unavailable
KXSTATELEG-NHSEN26-R,KXSTATELEG,KXSTATELEG-NHSEN26,Who will win the New Hampshire State Senate?,Republican party,,active,US_2026_general_election,2026-09-08T15:07:00Z,usable,2026-09-08T09:00:00Z,6.116666666666666,0.675,0.65,0.7,0.04999999999999993,183.66,bar_age_only_actual_quote_update_time_unavailable
KXSTATELEG-NHSEN26-D,KXSTATELEG,KXSTATELEG-NHSEN26,Who will win the New Hampshire State Senate?,Democratic party,,active,US_2026_general_election,2026-09-08T15:07:00Z,stale_observation,2026-09-06T20:00:00Z,43.11666666666667,,,,,,
KXSTATELEG-NHHOUSE26-R,KXSTATELEG,KXSTATELEG-NHHOUSE26,Who will win the New Hampshire State House?,Republican party,,active,US_2026_general_election,2026-09-08T15:07:00Z,stale_observation,2026-09-06T20:00:00Z,43.11666666666667,,,,,,
KXSTATELEG-NHHOUSE26-D,KXSTATELEG,KXSTATELEG-NHHOUSE26,Who will win the New Hampshire State House?,Democratic party,,active,US_2026_general_election,2026-09-08T15:07:00Z,stale_observation,2026-09-06T20:00:00Z,43.11666666666667,,,,,,
KXSTATELEG-MNSEN26-R,KXSTATELEG,KXSTATELEG-MNSEN26,Who will win the Minnesota State Senate?,Republican party,,active,US_2026_general_election,2026-09-08T15:07:00Z,usable,2026-09-08T11:00:00Z,4.116666666666666,0.155,0.12,0.19,0.07,687.43,bar_age_only_actual_quote_update_time_unavailable
KXSTATELEG-MNSEN26-D,KXSTATELEG,KXSTATELEG-MNSEN26,Who will win the Minnesota State Senate?,Democratic party,,active,US_2026_general_election,2026-09-08T15:07:00Z,usable,2026-09-08T11:00:00Z,4.116666666666666,0.845,0.81,0.88,0.06999999999999995,808.91,bar_age_only_actual_quote_update_time_unavailable
KXSTATELEG-MNHOUSE26-R,KXSTATELEG,KXSTATELEG-MNHOUSE26,Who will win the Minnesota State House?,Republican party,,active,US_2026_general_election,2026-09-08T15:07:00Z,usable,2026-09-08T09:00:00Z,6.116666666666666,0.14500000000000002,0.12,0.17,0.05000000000000002,2801.45,bar_age_only_actual_quote_update_time_unavailable
KXSTATELEG-MNHOUSE26-D,KXSTATELEG,KXSTATELEG-MNHOUSE26,Who will win the Minnesota State House?,Democratic party,,active,US_2026_general_election,2026-09-08T15:07:00Z,usable,2026-09-08T09:00:00Z,6.116666666666666,0.78,0.75,0.81,0.06000000000000005,1562.25,bar_age_only_actual_quote_update_time_unavailable
KXSTATELEG-MISEN26-R,KXSTATELEG,KXSTATELEG-MISEN26,Who will win the Michigan State Senate?,Republican party,,active,US_2026_general_election,2026-09-08T15:07:00Z,usable,2026-09-08T14:00:00Z,1.1166666666666667,0.255,0.22,0.29,0.06999999999999998,872.53,bar_age_only_actual_quote_update_time_unavailable
KXSTATELEG-MISEN26-D,KXSTATELEG,KXSTATELEG-MISEN26,Who will win the Michigan State Senate?,Democratic party,,active,US_2026_general_election,2026-09-08T15:07:00Z,usable,2026-09-08T09:00:00Z,6.116666666666666,0.75,0.72,0.78,0.06000000000000005,639.58,bar_age_only_actual_quote_update_time_unavailable
KXSTATELEG-MIHOUSE26-R,KXSTATELEG,KXSTATELEG-MIHOUSE26,Who will win the Michigan State House?,Republican party,,active,US_2026_general_election,2026-09-08T15:07:00Z,usable,2026-09-08T09:00:00Z,6.116666666666666,0.35,0.32,0.38,0.06,363.0,bar_age_only_actual_quote_update_time_unavailable
KXSTATELEG-MIHOUSE26-D,KXSTATELEG,KXSTATELEG-MIHOUSE26,Who will win the Michigan State House?,Democratic party,,active,US_2026_general_election,2026-09-08T15:07:00Z,usable,2026-09-08T09:00:00Z,6.116666666666666,0.65,0.62,0.68,0.06000000000000005,677.53,bar_age_only_actual_quote_update_time_unavailable
KXSTATELEG-MESEN26-R,KXSTATELEG,KXSTATELEG-MESEN26,Who will win the Maine State Senate?,Republican party,,active,US_2026_general_election,2026-09-08T15:07:00Z,usable,2026-09-08T09:00:00Z,6.116666666666666,0.175,0.15,0.2,0.05000000000000002,1866.75,bar_age_only_actual_quote_update_time_unavailable
KXSTATELEG-MESEN26-D,KXSTATELEG,KXSTATELEG-MESEN26,Who will win the Maine State Senate?,Democratic party,,active,US_2026_general_election,2026-09-08T15:07:00Z,usable,2026-09-08T09:00:00Z,6.116666666666666,0.8200000000000001,0.79,0.85,0.05999999999999994,877.9,bar_age_only_actual_quote_update_time_unavailable
KXSTATELEG-MEHOUSE26-R,KXSTATELEG,KXSTATELEG-MEHOUSE26,Who will win the Maine State House?,Republican party,,active,US_2026_general_election,2026-09-08T15:07:00Z,usable,2026-09-08T09:00:00Z,6.116666666666666,0.17,0.14,0.2,0.06,151.67,bar_age_only_actual_quote_update_time_unavailable
KXSTATELEG-MEHOUSE26-D,KXSTATELEG,KXSTATELEG-MEHOUSE26,Who will win the Maine State House?,Democratic party,,active,US_2026_general_election,2026-09-08T15:07:00Z,usable,2026-09-08T09:00:00Z,6.116666666666666,0.8300000000000001,0.8,0.86,0.05999999999999994,11.11,bar_age_only_actual_quote_update_time_unavailable
KXSTATELEG-IASEN26-R,KXSTATELEG,KXSTATELEG-IASEN26,Who will win the Iowa State Senate?,Republican party,,active,US_2026_general_election,2026-09-08T15:07:00Z,stale_observation,2026-09-04T20:00:00Z,91.11666666666666,,,,,,
KXSTATELEG-IASEN26-D,KXSTATELEG,KXSTATELEG-IASEN26,Who will win the Iowa State Senate?,Democratic party,,active,US_2026_general_election,2026-09-08T15:07:00Z,usable,2026-09-08T09:00:00Z,6.116666666666666,0.15,0.12,0.18,0.06,283.22,bar_age_only_actual_quote_update_time_unavailable
KXSTATELEG-IAHOUSE26-R,KXSTATELEG,KXSTATELEG-IAHOUSE26,Who will win the Iowa State House?,Republican party,,active,US_2026_general_election,2026-09-08T15:07:00Z,stale_observation,2026-09-06T20:00:00Z,43.11666666666667,,,,,,
KXSTATELEG-IAHOUSE26-D,KXSTATELEG,KXSTATELEG-IAHOUSE26,Who will win the Iowa State House?,Democratic party,,active,US_2026_general_election,2026-09-08T15:07:00Z,usable,2026-09-08T09:00:00Z,6.116666666666666,0.155,0.13,0.18,0.04999999999999999,189.59,bar_age_only_actual_quote_update_time_unavailable
KXSTATELEG-AZHOUSE26-R,KXSTATELEG,KXSTATELEG-AZHOUSE26,Who will win the Arizona State House?,Republican party,,active,US_2026_general_election,2026-09-08T15:07:00Z,usable,2026-09-08T09:00:00Z,6.116666666666666,0.52,0.49,0.55,0.06000000000000005,194.28,bar_age_only_actual_quote_update_time_unavailable
KXSTATELEG-AZHOUSE26-D,KXSTATELEG,KXSTATELEG-AZHOUSE26,Who will win the Arizona State House?,Democratic party,,active,US_2026_general_election,2026-09-08T15:07:00Z,stale_observation,2026-08-31T23:00:00Z,184.11666666666667,,,,,,
KXSTATELEG-AKSEN26-R,KXSTATELEG,KXSTATELEG-AKSEN26,Who will win the Alaska State Senate?,Republican party,,active,US_2026_general_election,2026-09-08T15:07:00Z,stale_observation,2026-09-04T20:00:00Z,91.11666666666666,,,,,,
KXSTATELEG-AKSEN26-D,KXSTATELEG,KXSTATELEG-AKSEN26,Who will win the Alaska State Senate?,Democratic party,,active,US_2026_general_election,2026-09-08T15:07:00Z,stale_observation,2026-09-04T20:00:00Z,91.11666666666666,,,,,,
KXSTATELEG-AKHOUSE26-R,KXSTATELEG,KXSTATELEG-AKHOUSE26,Who will win the Alaska State House?,Republican party,,active,US_2026_general_election,2026-09-08T15:07:00Z,stale_observation,2026-09-04T20:00:00Z,91.11666666666666,,,,,,
KXSTATELEG-AKHOUSE26-D,KXSTATELEG,KXSTATELEG-AKHOUSE26,Who will win the Alaska State House?,Democratic party,,active,US_2026_general_election,2026-09-08T15:07:00Z,stale_observation,2026-09-04T20:00:00Z,91.11666666666666,,,,,,
KXSTATELEG-AZSEN26-R,KXSTATELEG,KXSTATELEG-AZSEN26,Who will win the Arizona State Senate?,Republican party,,active,US_2026_general_election,2026-09-08T15:07:00Z,stale_observation,2026-09-04T20:00:00Z,91.11666666666666,,,,,,
KXSTATELEG-AZSEN26-D,KXSTATELEG,KXSTATELEG-AZSEN26,Who will win the Arizona State Senate?,Democratic party,,active,US_2026_general_election,2026-09-08T15:07:00Z,usable,2026-09-08T09:00:00Z,6.116666666666666,0.6599999999999999,0.63,0.69,0.05999999999999994,889.71,bar_age_only_actual_quote_update_time_unavailable
SENATEAK-26-D,SENATEAK,SENATEAK-26,Will Democratics win the Senate race in Alaska?,Democratic party,,active,US_2026_general_election,2026-09-08T15:07:00Z,usable,2026-09-08T15:00:00Z,0.11666666666666667,0.645,0.64,0.65,0.010000000000000009,224146.84,bar_age_only_actual_quote_update_time_unavailable
SENATEAK-26-R,SENATEAK,SENATEAK-26,Will Republicans win the Senate race in Alaska?,Republican party,,active,US_2026_general_election,2026-09-08T15:07:00Z,usable,2026-09-08T14:00:00Z,1.1166666666666667,0.355,0.35,0.36,0.010000000000000009,242548.24,bar_age_only_actual_quote_update_time_unavailable
SENATEAL-26-R,SENATEAL,SENATEAL-26,Will Republicans win the Senate race in Alabama?,Barry Moore,,active,US_2026_general_election,2026-09-08T15:07:00Z,usable,2026-09-08T09:00:00Z,6.116666666666666,0.9684999999999999,0.958,0.979,0.02100000000000002,1610.56,bar_age_only_actual_quote_update_time_unavailable
SENATEAL-26-D,SENATEAL,SENATEAL-26,Will Democratics win the Senate race in Alabama?,Everett Wess,,active,US_2026_general_election,2026-09-08T15:07:00Z,usable,2026-09-08T04:00:00Z,11.116666666666667,0.028999999999999998,0.015,0.043,0.027999999999999997,4398.42,bar_age_only_actual_quote_update_time_unavailable
SENATEAR-26-R,SENATEAR,SENATEAR-26,Will Republicans win the Senate race in Arkansas?,Tom Cotton,,active,US_2026_general_election,2026-09-08T15:07:00Z,usable,2026-09-07T23:00:00Z,16.116666666666667,0.9359999999999999,0.932,0.94,0.007999999999999896,9723.55,bar_age_only_actual_quote_update_time_unavailable
SENATEAR-26-D,SENATEAR,SENATEAR-26,Will Democratics win the Senate race in Arkansas?,Hallie Shoffner,,active,US_2026_general_election,2026-09-08T15:07:00Z,usable,2026-09-08T14:00:00Z,1.1166666666666667,0.0625,0.055,0.07,0.015000000000000006,47186.31,bar_age_only_actual_quote_update_time_unavailable
SENATECO-26-D,SENATECO,SENATECO-26,Will Democratics win the Senate race in Colorado?,John Hickenlooper,,active,US_2026_general_election,2026-09-08T15:07:00Z,usable,2026-09-07T23:00:00Z,16.116666666666667,0.9664999999999999,0.964,0.969,0.0050000000000000044,1089.22,bar_age_only_actual_quote_update_time_unavailable
SENATECO-26-R,SENATECO,SENATECO-26,Will Republicans win the Senate race in Colorado?,Mark Baisley,,active,US_2026_general_election,2026-09-08T15:07:00Z,usable,2026-09-08T15:00:00Z,0.11666666666666667,0.03,0.021,0.039,0.018,10433.22,bar_age_only_actual_quote_update_time_unavailable
SENATEDE-26-R,SENATEDE,SENATEDE-26,Will Republicans win the Senate race in Delaware?,Republican party,,active,US_2026_general_election,2026-09-08T15:07:00Z,usable,2026-09-07T23:00:00Z,16.116666666666667,0.024,0.011,0.037,0.026,5471.64,bar_age_only_actual_quote_update_time_unavailable
SENATEDE-26-D,SENATEDE,SENATEDE-26,Will Democratics win the Senate race in Delaware?,Democratic party,,active,US_2026_general_election,2026-09-08T15:07:00Z,usable,2026-09-08T11:00:00Z,4.116666666666666,0.976,0.963,0.989,0.026000000000000023,2209.21,bar_age_only_actual_quote_update_time_unavailable
SENATEFLS-26-R,SENATEFLS,SENATEFLS-26,Will Republicans win the Senate race in Florida?,Ashley Moody,,active,US_2026_general_election,2026-09-08T15:07:00Z,usable,2026-09-08T15:00:00Z,0.11666666666666667,0.9075,0.907,0.908,0.0010000000000000009,141378.52,bar_age_only_actual_quote_update_time_unavailable
SENATEFLS-26-D,SENATEFLS,SENATEFLS-26,Will Democratics win the Senate race in Florida?,Angie Nixon,,active,US_2026_general_election,2026-09-08T15:07:00Z,usable,2026-09-08T15:00:00Z,0.11666666666666667,0.0905,0.09,0.091,0.0010000000000000009,254967.06,bar_age_only_actual_quote_update_time_unavailable
SENATEGA-26-D,SENATEGA,SENATEGA-26,Will Democratics win the Senate race in Georgia?,Jon Ossoff,,active,US_2026_general_election,2026-09-08T15:07:00Z,usable,2026-09-08T15:00:00Z,0.11666666666666667,0.929,0.924,0.934,0.010000000000000009,207164.38,bar_age_only_actual_quote_update_time_unavailable
SENATEGA-26-R,SENATEGA,SENATEGA-26,Will Republicans win the Senate race in Georgia?,Mike Collins,,active,US_2026_general_election,2026-09-08T15:07:00Z,usable,2026-09-08T15:00:00Z,0.11666666666666667,0.07300000000000001,0.069,0.077,0.007999999999999993,616748.26,bar_age_only_actual_quote_update_time_unavailable
SENATEIA-26-R,SENATEIA,SENATEIA-26,Will Republicans win the Senate race in Iowa?,Ashley Hinson,,active,US_2026_general_election,2026-09-08T15:07:00Z,usable,2026-09-08T15:00:00Z,0.11666666666666667,0.645,0.64,0.65,0.010000000000000009,648556.0,bar_age_only_actual_quote_update_time_unavailable
SENATEIA-26-D,SENATEIA,SENATEIA-26,Will Democratics win the Senate race in Iowa?,Josh Turek,,active,US_2026_general_election,2026-09-08T15:07:00Z,usable,2026-09-08T15:00:00Z,0.11666666666666667,0.365,0.36,0.37,0.010000000000000009,422158.88,bar_age_only_actual_quote_update_time_unavailable
SENATEID-26-TACH,SENATEID,SENATEID-26,Will Todd Achilless win the Senate race in Idaho?,Todd Achilles,,active,US_2026_general_election,2026-09-08T15:07:00Z,usable,2026-09-08T15:00:00Z,0.11666666666666667,0.035,0.03,0.04,0.010000000000000002,10125.07,bar_age_only_actual_quote_update_time_unavailable
SENATEID-26-R,SENATEID,SENATEID-26,Will Republicans win the Senate race in Idaho?,Jim Risch,,active,US_2026_general_election,2026-09-08T15:07:00Z,usable,2026-09-08T06:00:00Z,9.116666666666667,0.9635,0.961,0.966,0.0050000000000000044,20255.35,bar_age_only_actual_quote_update_time_unavailable
SENATEID-26-D,SENATEID,SENATEID-26,Will Democratics win the Senate race in Idaho?,David Roth,,active,US_2026_general_election,2026-09-08T15:07:00Z,stale_observation,2026-09-05T04:00:00Z,83.11666666666666,,,,,,
SENATEIL-26-R,SENATEIL,SENATEIL-26,Will Republicans win the Senate race in Illinois?,Don Tracy,,active,US_2026_general_election,2026-09-08T15:07:00Z,usable,2026-09-08T15:00:00Z,0.11666666666666667,0.0195,0.011,0.028,0.017,6100.1,bar_age_only_actual_quote_update_time_unavailable
SENATEIL-26-D,SENATEIL,SENATEIL-26,Will Democratics win the Senate race in Illinois?,Juliana Stratton,,active,US_2026_general_election,2026-09-08T15:07:00Z,usable,2026-09-08T15:00:00Z,0.11666666666666667,0.9755,0.971,0.98,0.009000000000000008,2130.56,bar_age_only_actual_quote_update_time_unavailable
SENATEKS-26-R,SENATEKS,SENATEKS-26,Will Republicans win the Senate race in Kansas?,Roger Marshall,,active,US_2026_general_election,2026-09-08T15:07:00Z,usable,2026-09-08T15:00:00Z,0.11666666666666667,0.825,0.82,0.83,0.010000000000000009,150510.83,bar_age_only_actual_quote_update_time_unavailable
SENATEKS-26-D,SENATEKS,SENATEKS-26,Will Democratics win the Senate race in Kansas?,Adam Hamilton,,active,US_2026_general_election,2026-09-08T15:07:00Z,usable,2026-09-08T15:00:00Z,0.11666666666666667,0.175,0.17,0.18,0.009999999999999981,315512.32,bar_age_only_actual_quote_update_time_unavailable
SENATELA-26-R,SENATELA,SENATELA-26,Will Republicans win the Senate race in Kentucky?,Andy Barr,,active,US_2026_general_election,2026-09-08T15:07:00Z,usable,2026-09-08T15:00:00Z,0.11666666666666667,0.947,0.94,0.954,0.014000000000000012,31461.29,bar_age_only_actual_quote_update_time_unavailable
SENATELA-26-D,SENATELA,SENATELA-26,Will Democratics win the Senate race in Kentucky?,Charles Booker,,active,US_2026_general_election,2026-09-08T15:07:00Z,usable,2026-09-08T15:00:00Z,0.11666666666666667,0.052000000000000005,0.047,0.057,0.010000000000000002,30185.24,bar_age_only_actual_quote_update_time_unavailable
SENATEMA-26-R,SENATEMA,SENATEMA-26,Will Republicans win the Senate race in Massachusetts?,John Deaton,,active,US_2026_general_election,2026-09-08T15:07:00Z,usable,2026-09-07T22:00:00Z,17.116666666666667,0.0195,0.012,0.027,0.015,3633.86,bar_age_only_actual_quote_update_time_unavailable
SENATEMA-26-D,SENATEMA,SENATEMA-26,Will Democratics win the Senate race in Massachusetts?,Ed Markey,,active,US_2026_general_election,2026-09-08T15:07:00Z,usable,2026-09-08T15:00:00Z,0.11666666666666667,0.9735,0.973,0.974,0.0010000000000000009,4638.07,bar_age_only_actual_quote_update_time_unavailable
SENATEME-26-R,SENATEME,SENATEME-26,Will Republicans win the Senate race in Maine?,Susan Collins,,active,US_2026_general_election,2026-09-08T15:07:00Z,usable,2026-09-08T15:00:00Z,0.11666666666666667,0.315,0.31,0.32,0.010000000000000009,1635941.09,bar_age_only_actual_quote_update_time_unavailable
SENATEME-26-D,SENATEME,SENATEME-26,Will Democratics win the Senate race in Maine?,Troy Jackson,,active,US_2026_general_election,2026-09-08T15:07:00Z,usable,2026-09-08T15:00:00Z,0.11666666666666667,0.675,0.67,0.68,0.010000000000000009,881546.7,bar_age_only_actual_quote_update_time_unavailable
SENATEMI-26-R,SENATEMI,SENATEMI-26,Will Republicans win the Senate race in Michigan?,Mike Rogers,,active,US_2026_general_election,2026-09-08T15:07:00Z,usable,2026-09-08T15:00:00Z,0.11666666666666667,0.36,0.35,0.37,0.020000000000000018,1309428.89,bar_age_only_actual_quote_update_time_unavailable
SENATEMI-26-D,SENATEMI,SENATEMI-26,Will Democratics win the Senate race in Michigan?,Abdul El-Sayed,,active,US_2026_general_election,2026-09-08T15:07:00Z,usable,2026-09-08T15:00:00Z,0.11666666666666667,0.635,0.63,0.64,0.010000000000000009,898368.81,bar_age_only_actual_quote_update_time_unavailable
SENATEMN-26-R,SENATEMN,SENATEMN-26,Will Republicans win the Senate race in Minnesota?,Michele Tafoya,,active,US_2026_general_election,2026-09-08T15:07:00Z,usable,2026-09-08T14:00:00Z,1.1166666666666667,0.08549999999999999,0.081,0.09,0.008999999999999994,240222.9,bar_age_only_actual_quote_update_time_unavailable
SENATEMN-26-D,SENATEMN,SENATEMN-26,Will Democratic (DFL)s win the Senate race in Minnesota?,Peggy Flanagan,,active,US_2026_general_election,2026-09-08T15:07:00Z,usable,2026-09-08T15:00:00Z,0.11666666666666667,0.918,0.913,0.923,0.010000000000000009,118724.99,bar_age_only_actual_quote_update_time_unavailable
SENATEMS-26-R,SENATEMS,SENATEMS-26,Will Republicans win the Senate race in Mississippi?,Cindy Hyde-Smith,,active,US_2026_general_election,2026-09-08T15:07:00Z,usable,2026-09-08T05:00:00Z,10.116666666666667,0.9415,0.938,0.945,0.007000000000000006,27796.77,bar_age_only_actual_quote_update_time_unavailable
SENATEMS-26-D,SENATEMS,SENATEMS-26,Will Democratics win the Senate race in Mississippi?,Scott Colom,,active,US_2026_general_election,2026-09-08T15:07:00Z,usable,2026-09-08T15:00:00Z,0.11666666666666667,0.06,0.056,0.064,0.008,69199.78,bar_age_only_actual_quote_update_time_unavailable
SENATEMT-26-IND,SENATEMT,SENATEMT-26,Will Independents win the Senate race in Montana?,Seth Bodnar,,active,US_2026_general_election,2026-09-08T15:07:00Z,usable,2026-09-08T07:00:00Z,8.116666666666667,0.0765,0.073,0.08,0.007000000000000006,123781.81,bar_age_only_actual_quote_update_time_unavailable
SENATEMT-26-R,SENATEMT,SENATEMT-26,Will Republicans win the Senate race in Montana?,Kurt Alme,,active,US_2026_general_election,2026-09-08T15:07:00Z,usable,2026-09-08T15:00:00Z,0.11666666666666667,0.908,0.906,0.91,0.0040000000000000036,119927.97,bar_age_only_actual_quote_update_time_unavailable
SENATEMT-26-D,SENATEMT,SENATEMT-26,Will Democratics win the Senate race in Montana?,Alani Bankhead,,active,US_2026_general_election,2026-09-08T15:07:00Z,usable,2026-09-08T08:00:00Z,7.116666666666666,0.0135,0.011,0.016,0.005000000000000001,58035.86,bar_age_only_actual_quote_update_time_unavailable
SENATENC-26-R,SENATENC,SENATENC-26,Will Republicans win the Senate race in North Carolina?,Michael Whatley,,active,US_2026_general_election,2026-09-08T15:07:00Z,usable,2026-09-08T14:00:00Z,1.1166666666666667,0.0895,0.088,0.091,0.0030000000000000027,573842.64,bar_age_only_actual_quote_update_time_unavailable
SENATENC-26-D,SENATENC,SENATENC-26,Will Democratics win the Senate race in North Carolina?,Roy Cooper,,active,US_2026_general_election,2026-09-08T15:07:00Z,usable,2026-09-08T15:00:00Z,0.11666666666666667,0.9135,0.91,0.917,0.007000000000000006,1176804.14,bar_age_only_actual_quote_update_time_unavailable
SENATENE-26-DOSB,SENATENE,SENATENE-26,Will Dan Osborn (as an independent)s win the Senate race in Nebraska?,Dan Osborn,,active,US_2026_general_election,2026-09-08T15:07:00Z,usable,2026-09-08T15:00:00Z,0.11666666666666667,0.28500000000000003,0.28,0.29,0.009999999999999953,277085.3,bar_age_only_actual_quote_update_time_unavailable
SENATENE-26-R,SENATENE,SENATENE-26,Will Republicans win the Senate race in Nebraska?,Pete Ricketts,,active,US_2026_general_election,2026-09-08T15:07:00Z,usable,2026-09-08T15:00:00Z,0.11666666666666667,0.72,0.71,0.73,0.020000000000000018,226717.51,bar_age_only_actual_quote_update_time_unavailable
SENATENE-26-D,SENATENE,SENATENE-26,Will Democratics win the Senate race in Nebraska?,Cindy Burbank,,active,US_2026_general_election,2026-09-08T15:07:00Z,usable,2026-09-08T15:00:00Z,0.11666666666666667,0.0035,0.002,0.005,0.003,26299.88,bar_age_only_actual_quote_update_time_unavailable
SENATENH-26-R,SENATENH,SENATENH-26,Will Republicans win the Senate race in New Hampshire?,Republican party,,active,US_2026_general_election,2026-09-08T15:07:00Z,usable,2026-09-08T15:00:00Z,0.11666666666666667,0.185,0.18,0.19,0.010000000000000009,182176.18,bar_age_only_actual_quote_update_time_unavailable
SENATENH-26-D,SENATENH,SENATENH-26,Will Democratics win the Senate race in New Hampshire?,Democratic party,,active,US_2026_general_election,2026-09-08T15:07:00Z,usable,2026-09-08T15:00:00Z,0.11666666666666667,0.825,0.82,0.83,0.010000000000000009,79440.91,bar_age_only_actual_quote_update_time_unavailable
SENATENJ-26-D,SENATENJ,SENATENJ-26,Will Democratics win the Senate race in New Jersey?,Cory Booker,,active,US_2026_general_election,2026-09-08T15:07:00Z,usable,2026-09-08T15:00:00Z,0.11666666666666667,0.9764999999999999,0.972,0.981,0.009000000000000008,3342.26,bar_age_only_actual_quote_update_time_unavailable
SENATENJ-26-R,SENATENJ,SENATENJ-26,Will Republicans win the Senate race in New Jersey?,Justin Murphy,,active,US_2026_general_election,2026-09-08T15:07:00Z,usable,2026-09-08T13:00:00Z,2.1166666666666667,0.014,0.001,0.027,0.026,13407.67,bar_age_only_actual_quote_update_time_unavailable
SENATENM-26-R,SENATENM,SENATENM-26,Will Republicans win the Senate race in New Mexico?,Larry E. Marker,,active,US_2026_general_election,2026-09-08T15:07:00Z,usable,2026-09-08T04:00:00Z,11.116666666666667,0.014499999999999999,0.003,0.026,0.023,3236.03,bar_age_only_actual_quote_update_time_unavailable
SENATENM-26-D,SENATENM,SENATENM-26,Will Democratics win the Senate race in New Mexico?,Ben Ray Luján,,active,US_2026_general_election,2026-09-08T15:07:00Z,usable,2026-09-07T23:00:00Z,16.116666666666667,0.9755,0.971,0.98,0.009000000000000008,8322.09,bar_age_only_actual_quote_update_time_unavailable
SENATEOHS-26-D,SENATEOHS,SENATEOHS-26,Will Democratics win the Senate race in Ohio?,Sherrod Brown,,active,US_2026_general_election,2026-09-08T15:07:00Z,usable,2026-09-08T15:00:00Z,0.11666666666666667,0.535,0.53,0.54,0.010000000000000009,789206.89,bar_age_only_actual_quote_update_time_unavailable
SENATEOHS-26-R,SENATEOHS,SENATEOHS-26,Will Republicans win the Senate race in Ohio?,Jon Husted,,active,US_2026_general_election,2026-09-08T15:07:00Z,usable,2026-09-08T15:00:00Z,0.11666666666666667,0.46499999999999997,0.46,0.47,0.009999999999999953,1030814.68,bar_age_only_actual_quote_update_time_unavailable
SENATEOK-26-D,SENATEOK,SENATEOK-26,Will Democratics win the Senate race in Oklahoma?,Democratic party,,active,US_2026_general_election,2026-09-08T15:07:00Z,usable,2026-09-08T13:00:00Z,2.1166666666666667,0.0395,0.03,0.049,0.019000000000000003,9510.66,bar_age_only_actual_quote_update_time_unavailable
SENATEOK-26-R,SENATEOK,SENATEOK-26,Will Republicans win the Senate race in Oklahoma?,Kevin Hern,,active,US_2026_general_election,2026-09-08T15:07:00Z,usable,2026-09-08T15:00:00Z,0.11666666666666667,0.9544999999999999,0.941,0.968,0.027000000000000024,14597.53,bar_age_only_actual_quote_update_time_unavailable
SENATEOR-26-R,SENATEOR,SENATEOR-26,Will Republicans win the Senate race in Oregon?,David Brock Smith,,active,US_2026_general_election,2026-09-08T15:07:00Z,usable,2026-09-07T19:00:00Z,20.116666666666667,0.013000000000000001,0.002,0.024,0.022,2655.7,bar_age_only_actual_quote_update_time_unavailable
SENATEOR-26-D,SENATEOR,SENATEOR-26,Will Democratics win the Senate race in Oregon?,Jeff Merkley,,active,US_2026_general_election,2026-09-08T15:07:00Z,usable,2026-09-08T15:00:00Z,0.11666666666666667,0.982,0.975,0.989,0.014000000000000012,2839.22,bar_age_only_actual_quote_update_time_unavailable
SENATERI-26-D,SENATERI,SENATERI-26,Will Democratics win the Senate race in Rhode Island?,Democratic party,,active,US_2026_general_election,2026-09-08T15:07:00Z,stale_observation,2026-09-07T15:00:00Z,24.116666666666667,,,,,,
SENATERI-26-R,SENATERI,SENATERI-26,Will Republicans win the Senate race in Rhode Island?,Republican party,,active,US_2026_general_election,2026-09-08T15:07:00Z,usable,2026-09-08T09:00:00Z,6.116666666666666,0.012,0.007,0.017,0.010000000000000002,2218.99,bar_age_only_actual_quote_update_time_unavailable
SENATESC-26-R,SENATESC,SENATESC-26,Will Republicans win the Senate race in South Carolina?,Darline Graham,,active,US_2026_general_election,2026-09-08T15:07:00Z,usable,2026-09-08T15:00:00Z,0.11666666666666667,0.855,0.85,0.86,0.010000000000000009,290954.61,bar_age_only_actual_quote_update_time_unavailable
SENATESC-26-D,SENATESC,SENATESC-26,Will Democratics win the Senate race in South Carolina?,Annie Andrews,,active,US_2026_general_election,2026-09-08T15:07:00Z,usable,2026-09-08T15:00:00Z,0.11666666666666667,0.14,0.13,0.15,0.01999999999999999,531154.64,bar_age_only_actual_quote_update_time_unavailable
SENATESD-26-BBEN,SENATESD,SENATESD-26,Will Brian Bengss win the Senate race in South Dakota?,Brian Bengs,,active,US_2026_general_election,2026-09-08T15:07:00Z,usable,2026-09-08T15:00:00Z,0.11666666666666667,0.05,0.04,0.06,0.019999999999999997,11208.61,bar_age_only_actual_quote_update_time_unavailable
SENATESD-26-R,SENATESD,SENATESD-26,Will Republicans win the Senate race in South Dakota?,Mike Rounds,,active,US_2026_general_election,2026-09-08T15:07:00Z,usable,2026-09-08T15:00:00Z,0.11666666666666667,0.9495,0.941,0.958,0.017000000000000015,17072.11,bar_age_only_actual_quote_update_time_unavailable
SENATESD-26-D,SENATESD,SENATESD-26,Will Democratics win the Senate race in South Dakota?,Julian Beaudion,,active,US_2026_general_election,2026-09-08T15:07:00Z,usable,2026-09-08T10:00:00Z,5.116666666666666,0.005,0.002,0.008,0.006,12694.75,bar_age_only_actual_quote_update_time_unavailable
SENATETN-26-R,SENATETN,SENATETN-26,Will Republicans win the Senate race in Tennessee?,Bill Hagerty,,active,US_2026_general_election,2026-09-08T15:07:00Z,stale_observation,2026-09-07T01:00:00Z,38.11666666666667,,,,,,
SENATETN-26-D,SENATETN,SENATETN-26,Will Democratics win the Senate race in Tennessee?,Marquita Bradshaw,,active,US_2026_general_election,2026-09-08T15:07:00Z,usable,2026-09-08T15:00:00Z,0.11666666666666667,0.0295,0.016,0.043,0.026999999999999996,12220.43,bar_age_only_actual_quote_update_time_unavailable
SENATETX-26-D,SENATETX,SENATETX-26,Will Democratics win the Senate race in Texas?,James Talarico,,active,US_2026_general_election,2026-09-08T15:07:00Z,usable,2026-09-08T15:00:00Z,0.11666666666666667,0.475,0.47,0.48,0.010000000000000009,2940279.15,bar_age_only_actual_quote_update_time_unavailable
SENATETX-26-R,SENATETX,SENATETX-26,Will Republicans win the Senate race in Texas?,Ken Paxton,,active,US_2026_general_election,2026-09-08T15:07:00Z,usable,2026-09-08T15:00:00Z,0.11666666666666667,0.525,0.52,0.53,0.010000000000000009,4191275.6,bar_age_only_actual_quote_update_time_unavailable
SENATEVA-26-D,SENATEVA,SENATEVA-26,Will Democratics win the Senate race in Virginia?,Mark Warner,,active,US_2026_general_election,2026-09-08T15:07:00Z,usable,2026-09-08T05:00:00Z,10.116666666666667,0.9775,0.975,0.98,0.0050000000000000044,5938.91,bar_age_only_actual_quote_update_time_unavailable
SENATEVA-26-R,SENATEVA,SENATEVA-26,Will Republicans win the Senate race in Virginia?,Bert Mizusawa,,active,US_2026_general_election,2026-09-08T15:07:00Z,usable,2026-09-08T14:00:00Z,1.1166666666666667,0.016,0.002,0.03,0.027999999999999997,5622.3,bar_age_only_actual_quote_update_time_unavailable
SENATEWV-26-R,SENATEWV,SENATEWV-26,Will Republicans win the Senate race in West Virginia?,Shelley Moore Capito,,active,US_2026_general_election,2026-09-08T15:07:00Z,usable,2026-09-08T05:00:00Z,10.116666666666667,0.978,0.968,0.988,0.020000000000000018,6230.74,bar_age_only_actual_quote_update_time_unavailable
SENATEWV-26-D,SENATEWV,SENATEWV-26,Will Democratics win the Senate race in West Virginia?,Rachel Fetty Anderson,,active,US_2026_general_election,2026-09-08T15:07:00Z,usable,2026-09-08T05:00:00Z,10.116666666666667,0.0185,0.005,0.032,0.027,8491.94,bar_age_only_actual_quote_update_time_unavailable
SENATEWY-26-D,SENATEWY,SENATEWY-26,Will Democratics win the Senate race in Wyoming?,James Byrd,,active,US_2026_general_election,2026-09-08T15:07:00Z,usable,2026-09-07T23:00:00Z,16.116666666666667,0.014499999999999999,0.01,0.019,0.009,7853.25,bar_age_only_actual_quote_update_time_unavailable
SENATEWY-26-R,SENATEWY,SENATEWY-26,Will Republicans win the Senate race in Wyoming?,Harriet Hageman,,active,US_2026_general_election,2026-09-08T15:07:00Z,usable,2026-09-07T19:00:00Z,20.116666666666667,0.989,0.98,0.998,0.018000000000000016,8303.91,bar_age_only_actual_quote_update_time_unavailable
