ticker,oi_prior,oi_prior_observed,oi_latest,oi_latest_observed,channel,created_time_parsed,settlement_ts_parsed,component,entry_corroborated_new_listing,exit_corroborated_settlement
CONTROLH-2026-D,6057562.07,2026-08-25T00:00:00Z,6401976.4,2026-09-08T00:00:00Z,election,2024-11-06T07:18:26Z,,continuing,False,False
CONTROLH-2026-R,9140070.67,2026-08-25T00:00:00Z,11683582.69,2026-09-08T00:00:00Z,election,2024-11-06T07:18:26Z,,continuing,False,False
CONTROLS-2026-D,1615145.83,2026-08-25T00:00:00Z,1717754.45,2026-09-08T00:00:00Z,election,2024-11-06T07:16:46Z,,continuing,False,False
CONTROLS-2026-R,2470343.4,2026-08-25T00:00:00Z,2585567.63,2026-09-08T00:00:00Z,election,2024-11-06T07:16:46Z,,continuing,False,False
FEDHIKE-26DEC31,899112.75,2026-08-25T00:00:00Z,1176448.4,2026-09-08T00:00:00Z,macro,2025-03-19T23:21:24Z,,continuing,False,False
FEDHIKE-27DEC31,37131.82,2026-08-25T00:00:00Z,73746.83,2026-09-08T00:00:00Z,macro,2026-01-05T18:55:52Z,,continuing,False,False
FEDHIKE-27JUN30,115664.84,2026-08-24T23:00:00Z,141369.51,2026-09-08T00:00:00Z,macro,2026-01-05T18:54:47Z,,continuing,False,False
GOVPARTYAL-26-D,31995.91,2026-08-25T00:00:00Z,35139.05,2026-09-08T00:00:00Z,election,2025-01-25T21:12:52Z,,continuing,False,False
GOVPARTYAL-26-R,17392.02,2026-08-25T00:00:00Z,17604.0,2026-09-08T00:00:00Z,election,2025-01-25T21:12:52Z,,continuing,False,False
GOVPARTYAR-26-D,1912.64,2026-08-25T00:00:00Z,,,election,2025-01-25T21:06:01Z,,exit,False,False
GOVPARTYAR-26-R,1369.63,2026-08-24T17:00:00Z,1392.64,2026-09-07T09:00:00Z,election,2025-01-25T21:06:01Z,,continuing,False,False
GOVPARTYAZ-26-D,172954.55,2026-08-25T00:00:00Z,176056.38,2026-09-08T00:00:00Z,election,2025-01-25T21:05:17Z,,continuing,False,False
GOVPARTYAZ-26-R,164720.11,2026-08-25T00:00:00Z,181983.46,2026-09-07T23:00:00Z,election,2025-01-25T21:05:17Z,,continuing,False,False
GOVPARTYCA-26-D,164288.02,2026-08-24T18:00:00Z,182336.67,2026-09-07T22:00:00Z,election,2025-01-10T03:19:37Z,,continuing,False,False
GOVPARTYCA-26-R,475602.37,2026-08-24T22:00:00Z,505544.63,2026-09-07T19:00:00Z,election,2025-01-10T03:19:37Z,,continuing,False,False
GOVPARTYCO-26-D,33894.0,2026-08-24T18:00:00Z,34144.69,2026-09-07T23:00:00Z,election,2025-01-25T21:21:04Z,,continuing,False,False
GOVPARTYCO-26-R,35751.46,2026-08-23T18:00:00Z,38860.63,2026-09-07T14:00:00Z,election,2025-01-25T21:21:04Z,,continuing,False,False
GOVPARTYCT-26-D,11886.29,2026-08-24T18:00:00Z,11886.29,2026-09-07T22:00:00Z,election,2025-01-25T21:21:14Z,,continuing,False,False
GOVPARTYCT-26-R,,,18744.24,2026-09-07T05:00:00Z,election,2025-01-25T21:21:14Z,,entry,False,False
GOVPARTYFL-26-D,142579.26,2026-08-25T00:00:00Z,213372.3,2026-09-08T00:00:00Z,election,2025-01-25T21:21:34Z,,continuing,False,False
GOVPARTYFL-26-R,93598.71,2026-08-24T23:00:00Z,399322.41,2026-09-08T00:00:00Z,election,2025-01-25T21:21:34Z,,continuing,False,False
GOVPARTYGA-26-D,225519.51,2026-08-25T00:00:00Z,224235.12,2026-09-08T00:00:00Z,election,2025-01-25T21:22:05Z,,continuing,False,False
GOVPARTYGA-26-R,260182.0,2026-08-25T00:00:00Z,299042.84,2026-09-08T00:00:00Z,election,2025-01-25T21:22:05Z,,continuing,False,False
GOVPARTYHI-26-D,3233.46,2026-08-24T23:00:00Z,3234.46,2026-09-06T20:00:00Z,election,2025-01-25T21:21:56Z,,continuing,False,False
GOVPARTYHI-26-R,1501.68,2026-08-24T18:00:00Z,1674.94,2026-09-06T20:00:00Z,election,2025-01-25T21:21:56Z,,continuing,False,False
GOVPARTYIA-26-D,158793.08,2026-08-25T00:00:00Z,235564.26,2026-09-08T00:00:00Z,election,2025-01-25T21:22:32Z,,continuing,False,False
GOVPARTYIA-26-R,172780.23,2026-08-25T00:00:00Z,219669.23,2026-09-08T00:00:00Z,election,2025-01-25T21:22:32Z,,continuing,False,False
GOVPARTYID-26-D,990.96,2026-08-24T17:00:00Z,990.96,2026-09-07T23:00:00Z,election,2025-01-25T21:22:18Z,,continuing,False,False
GOVPARTYID-26-R,1529.16,2026-08-24T17:00:00Z,1745.17,2026-09-07T23:00:00Z,election,2025-01-25T21:22:18Z,,continuing,False,False
GOVPARTYIL-26-D,63955.95,2026-08-25T00:00:00Z,65787.89,2026-09-07T22:00:00Z,election,2025-01-25T21:22:12Z,,continuing,False,False
GOVPARTYIL-26-R,9752.25,2026-08-25T00:00:00Z,16340.01,2026-09-08T00:00:00Z,election,2025-01-25T21:22:12Z,,continuing,False,False
GOVPARTYKS-27-D,10123.19,2026-08-24T20:00:00Z,12953.59,2026-09-08T00:00:00Z,election,2025-01-25T21:22:50Z,,continuing,False,False
GOVPARTYKS-27-R,17912.06,2026-08-25T00:00:00Z,19882.87,2026-09-07T17:00:00Z,election,2025-01-25T21:22:50Z,,continuing,False,False
GOVPARTYMA-26-D,30385.53,2026-08-25T00:00:00Z,33798.76,2026-09-08T00:00:00Z,election,2025-01-25T21:17:00Z,,continuing,False,False
GOVPARTYMA-26-R,120459.51,2026-08-25T00:00:00Z,172280.65,2026-09-08T00:00:00Z,election,2025-01-25T21:17:00Z,,continuing,False,False
GOVPARTYMD-26-D,3407.7,2026-08-24T18:00:00Z,3446.78,2026-09-07T22:00:00Z,election,2025-01-25T21:23:05Z,,continuing,False,False
GOVPARTYMD-26-R,13704.38,2026-08-24T14:00:00Z,17192.96,2026-09-07T18:00:00Z,election,2025-01-25T21:23:05Z,,continuing,False,False
GOVPARTYME-26-D,16481.18,2026-08-24T20:00:00Z,16667.98,2026-09-07T17:00:00Z,election,2025-01-25T21:22:58Z,,continuing,False,False
GOVPARTYME-26-R,17456.79,2026-08-25T00:00:00Z,17963.8,2026-09-06T21:00:00Z,election,2025-01-25T21:22:58Z,,continuing,False,False
GOVPARTYME-26-RBEN,,,2552.19,2026-09-06T21:00:00Z,election,2026-07-20T22:30:57Z,,entry,False,False
GOVPARTYMI-26-D,53860.8,2026-08-25T00:00:00Z,55040.02,2026-09-08T00:00:00Z,election,2025-01-25T21:17:08Z,,continuing,False,False
GOVPARTYMI-26-MD,61875.22,2026-08-24T06:00:00Z,60796.77,2026-09-06T18:00:00Z,election,2025-01-28T01:36:13Z,,continuing,False,False
GOVPARTYMI-26-R,72911.97,2026-08-25T00:00:00Z,83969.99,2026-09-08T00:00:00Z,election,2025-01-25T21:17:08Z,,continuing,False,False
GOVPARTYMN-26-D,55855.57,2026-08-25T00:00:00Z,71170.59,2026-09-08T00:00:00Z,election,2025-01-25T21:15:54Z,,continuing,False,False
GOVPARTYMN-26-R,101473.04,2026-08-25T00:00:00Z,124448.74,2026-09-08T00:00:00Z,election,2025-01-25T21:15:54Z,,continuing,False,False
GOVPARTYNE-26-D,20109.91,2026-08-25T00:00:00Z,20248.62,2026-09-08T00:00:00Z,election,2025-07-03T02:47:13Z,,continuing,False,False
GOVPARTYNE-26-R,20308.54,2026-08-24T21:00:00Z,22756.03,2026-09-07T23:00:00Z,election,2025-07-03T02:47:13Z,,continuing,False,False
GOVPARTYNM-26-D,12370.2,2026-08-24T23:00:00Z,12469.9,2026-09-07T22:00:00Z,election,2025-01-25T21:15:54Z,,continuing,False,False
GOVPARTYNM-26-R,14722.23,2026-08-25T00:00:00Z,20095.94,2026-09-07T17:00:00Z,election,2025-01-25T21:15:54Z,,continuing,False,False
GOVPARTYNV-26-D,79885.42,2026-08-25T00:00:00Z,100161.91,2026-09-08T00:00:00Z,election,2025-01-25T21:17:12Z,,continuing,False,False
GOVPARTYNV-26-R,139569.19,2026-08-25T00:00:00Z,141036.86,2026-09-08T00:00:00Z,election,2025-01-25T21:17:12Z,,continuing,False,False
GOVPARTYNY-26-D,175709.72,2026-08-25T00:00:00Z,221286.13,2026-09-08T00:00:00Z,election,2025-01-25T21:17:00Z,,continuing,False,False
GOVPARTYNY-26-R,470443.93,2026-08-25T00:00:00Z,722268.8,2026-09-08T00:00:00Z,election,2025-01-25T21:17:00Z,,continuing,False,False
GOVPARTYOH-26-D,516205.13,2026-08-25T00:00:00Z,570285.14,2026-09-08T00:00:00Z,election,2025-01-25T21:08:59Z,,continuing,False,False
GOVPARTYOH-26-R,497449.42,2026-08-25T00:00:00Z,597250.42,2026-09-08T00:00:00Z,election,2025-01-25T21:08:59Z,,continuing,False,False
GOVPARTYOK-26-D,26882.52,2026-08-24T22:00:00Z,57796.12,2026-09-08T00:00:00Z,election,2025-01-25T21:09:16Z,,continuing,False,False
GOVPARTYOK-26-R,7902.71,2026-08-25T00:00:00Z,12561.6,2026-09-08T00:00:00Z,election,2025-01-25T21:09:16Z,,continuing,False,False
GOVPARTYOR-26-D,34082.71,2026-08-25T00:00:00Z,38646.48,2026-09-08T00:00:00Z,election,2025-01-25T21:09:21Z,,continuing,False,False
GOVPARTYOR-26-R,76657.46,2026-08-25T00:00:00Z,82943.18,2026-09-08T00:00:00Z,election,2025-01-25T21:09:21Z,,continuing,False,False
GOVPARTYPA-26-D,61067.5,2026-08-25T00:00:00Z,90955.86,2026-09-07T20:00:00Z,election,2025-01-25T21:09:26Z,,continuing,False,False
GOVPARTYPA-26-R,350237.41,2026-08-25T00:00:00Z,368070.04,2026-09-08T00:00:00Z,election,2025-01-25T21:09:26Z,,continuing,False,False
GOVPARTYRI-26-D,7128.03,2026-08-25T00:00:00Z,7149.46,2026-09-07T19:00:00Z,election,2025-01-25T21:09:35Z,,continuing,False,False
GOVPARTYRI-26-KBLO,1650.0,2026-08-24T23:00:00Z,,,election,2026-04-20T19:04:46Z,,exit,False,False
GOVPARTYRI-26-R,2485.71,2026-08-25T00:00:00Z,,,election,2025-01-25T21:09:35Z,,exit,False,False
GOVPARTYSC-26-D,10815.98,2026-08-25T00:00:00Z,11346.71,2026-09-07T23:00:00Z,election,2025-01-25T21:09:44Z,,continuing,False,False
GOVPARTYSC-26-R,12333.08,2026-08-25T00:00:00Z,12295.96,2026-09-08T00:00:00Z,election,2025-01-25T21:09:44Z,,continuing,False,False
GOVPARTYSD-26-D,3341.1,2026-08-24T17:00:00Z,3783.98,2026-09-07T23:00:00Z,election,2025-01-25T21:09:53Z,,continuing,False,False
GOVPARTYSD-26-R,1901.09,2026-08-24T17:00:00Z,1907.12,2026-09-07T23:00:00Z,election,2025-01-25T21:09:53Z,,continuing,False,False
GOVPARTYTN-26-D,12166.06,2026-08-24T19:00:00Z,10473.26,2026-09-07T18:00:00Z,election,2025-01-25T21:09:57Z,,continuing,False,False
GOVPARTYTN-26-R,5594.08,2026-08-24T20:00:00Z,5600.37,2026-09-07T20:00:00Z,election,2025-01-25T21:09:57Z,,continuing,False,False
GOVPARTYTX-26-D,418882.32,2026-08-25T00:00:00Z,437808.8,2026-09-08T00:00:00Z,election,2025-01-25T21:10:01Z,,continuing,False,False
GOVPARTYTX-26-R,99940.18,2026-08-25T00:00:00Z,123804.26,2026-09-08T00:00:00Z,election,2025-01-25T21:10:01Z,,continuing,False,False
GOVPARTYVT-26-D,14834.39,2026-08-24T19:00:00Z,18276.06,2026-09-07T16:00:00Z,election,2025-01-25T21:10:07Z,,continuing,False,False
GOVPARTYVT-26-R,22071.88,2026-08-25T00:00:00Z,24299.19,2026-09-07T19:00:00Z,election,2025-01-25T21:10:07Z,,continuing,False,False
GOVPARTYWI-26-D,210455.25,2026-08-25T00:00:00Z,219324.16,2026-09-08T00:00:00Z,election,2025-01-25T21:03:48Z,,continuing,False,False
GOVPARTYWI-26-R,212960.44,2026-08-25T00:00:00Z,224588.57,2026-09-08T00:00:00Z,election,2025-01-25T21:03:48Z,,continuing,False,False
GOVPARTYWY-26-D,646.03,2026-08-24T23:00:00Z,646.03,2026-09-07T09:00:00Z,election,2025-01-25T21:04:04Z,,continuing,False,False
GOVPARTYWY-26-R,774.59,2026-08-24T17:00:00Z,775.59,2026-09-07T10:00:00Z,election,2025-01-25T21:04:04Z,,continuing,False,False
HOUSEAKAL-26-BHIL,954.43,2026-08-24T17:00:00Z,1708.4,2026-09-07T17:00:00Z,election,2026-07-29T17:03:55Z,,continuing,False,False
HOUSEAKAL-26-D,8925.48,2026-08-25T00:00:00Z,10289.7,2026-09-08T00:00:00Z,election,2025-07-01T06:06:36Z,,continuing,False,False
HOUSEAKAL-26-R,4449.29,2026-08-25T00:00:00Z,4583.52,2026-09-07T19:00:00Z,election,2025-07-01T06:06:36Z,,continuing,False,False
HOUSEAZ1-26-D,6541.5,2026-08-24T17:00:00Z,7038.78,2026-09-07T23:00:00Z,election,2025-06-30T22:35:41Z,,continuing,False,False
HOUSEAZ1-26-R,4984.8,2026-08-25T00:00:00Z,5585.08,2026-09-07T22:00:00Z,election,2025-06-30T22:35:41Z,,continuing,False,False
HOUSEAZ2-26-D,2575.66,2026-08-24T09:00:00Z,2582.96,2026-09-08T00:00:00Z,election,2025-07-01T19:50:09Z,,continuing,False,False
HOUSEAZ2-26-R,2262.22,2026-08-24T17:00:00Z,2251.21,2026-09-07T20:00:00Z,election,2025-07-01T19:50:09Z,,continuing,False,False
HOUSEAZ6-26-D,3542.15,2026-08-25T00:00:00Z,3547.09,2026-09-07T19:00:00Z,election,2025-06-30T22:33:35Z,,continuing,False,False
HOUSEAZ6-26-R,5719.29,2026-08-25T00:00:00Z,5771.29,2026-09-07T21:00:00Z,election,2025-06-30T22:33:35Z,,continuing,False,False
HOUSECA13-26-D,4864.23,2026-08-24T23:00:00Z,5754.23,2026-09-07T22:00:00Z,election,2025-06-30T22:17:03Z,,continuing,False,False
HOUSECA13-26-R,3107.23,2026-08-24T17:00:00Z,4310.32,2026-09-07T22:00:00Z,election,2025-06-30T22:17:03Z,,continuing,False,False
HOUSECA21-26-D,2786.21,2026-08-24T21:00:00Z,2786.21,2026-09-07T23:00:00Z,election,2025-07-01T19:27:35Z,,continuing,False,False
HOUSECA21-26-R,12996.93,2026-08-24T22:00:00Z,12996.93,2026-09-07T10:00:00Z,election,2025-07-01T19:27:35Z,,continuing,False,False
HOUSECA22-26-D,14907.89,2026-08-25T00:00:00Z,14957.46,2026-09-07T19:00:00Z,election,2025-07-01T05:55:21Z,,continuing,False,False
HOUSECA22-26-R,17361.3,2026-08-24T10:00:00Z,16560.56,2026-09-07T19:00:00Z,election,2025-07-01T05:55:21Z,,continuing,False,False
HOUSECA27-26-D,1402.74,2026-08-24T21:00:00Z,1402.74,2026-09-07T20:00:00Z,election,2025-06-30T20:53:03Z,,continuing,False,False
HOUSECA27-26-R,795.06,2026-08-25T00:00:00Z,795.06,2026-09-07T22:00:00Z,election,2025-06-30T20:53:03Z,,continuing,False,False
HOUSECA3-26-D,9632.82,2026-08-24T17:00:00Z,9632.82,2026-09-07T10:00:00Z,election,2025-07-01T19:50:36Z,,continuing,False,False
HOUSECA3-26-R,1737.0,2026-08-24T21:00:00Z,1737.0,2026-09-07T01:00:00Z,election,2025-07-01T19:50:36Z,,continuing,False,False
HOUSECA41-26-D,2692.0,2026-08-25T00:00:00Z,,,election,2025-06-30T20:54:00Z,,exit,False,False
HOUSECA41-26-R,222.0,2026-08-24T17:00:00Z,1418.0,2026-09-07T22:00:00Z,election,2025-06-30T20:54:00Z,,continuing,False,False
HOUSECA45-26-D,5028.59,2026-08-25T00:00:00Z,6825.87,2026-09-08T00:00:00Z,election,2025-06-30T20:55:03Z,,continuing,False,False
HOUSECA45-26-R,10080.1,2026-08-25T00:00:00Z,22397.33,2026-09-08T00:00:00Z,election,2025-06-30T20:55:03Z,,continuing,False,False
HOUSECA47-26-D,2345.0,2026-08-24T17:00:00Z,,,election,2025-07-01T19:39:43Z,,exit,False,False
HOUSECA47-26-R,217.7,2026-08-25T00:00:00Z,217.7,2026-09-07T20:00:00Z,election,2025-07-01T19:39:43Z,,continuing,False,False
HOUSECA49-26-D,8610.0,2026-08-25T00:00:00Z,8410.0,2026-09-07T14:00:00Z,election,2025-07-01T19:27:13Z,,continuing,False,False
HOUSECA49-26-R,33.0,2026-08-25T00:00:00Z,384.0,2026-09-07T20:00:00Z,election,2025-07-01T19:27:13Z,,continuing,False,False
HOUSECA9-26-D,2523.0,2026-08-24T17:00:00Z,3108.0,2026-09-07T09:00:00Z,election,2025-07-01T19:38:56Z,,continuing,False,False
HOUSECA9-26-R,171.0,2026-08-25T00:00:00Z,471.0,2026-09-07T20:00:00Z,election,2025-07-01T19:38:56Z,,continuing,False,False
HOUSECO3-26-D,4839.12,2026-08-25T00:00:00Z,5610.22,2026-09-07T21:00:00Z,election,2025-07-01T19:51:55Z,,continuing,False,False
HOUSECO3-26-R,6432.8,2026-08-25T00:00:00Z,6450.8,2026-09-08T00:00:00Z,election,2025-07-01T19:51:55Z,,continuing,False,False
HOUSECO8-26-D,3306.92,2026-08-25T00:00:00Z,3433.96,2026-09-08T00:00:00Z,election,2025-06-30T22:37:49Z,,continuing,False,False
HOUSECO8-26-R,2831.4,2026-08-25T00:00:00Z,3072.4,2026-09-08T00:00:00Z,election,2025-06-30T22:37:49Z,,continuing,False,False
HOUSECT5-26-D,2101.35,2026-08-24T21:00:00Z,3056.62,2026-09-07T22:00:00Z,election,2025-07-01T19:04:04Z,,continuing,False,False
HOUSECT5-26-R,551.85,2026-08-24T17:00:00Z,756.85,2026-09-07T08:00:00Z,election,2025-07-01T19:04:04Z,,continuing,False,False
HOUSEFL13-26-D,1435.03,2026-08-25T00:00:00Z,3725.12,2026-09-07T21:00:00Z,election,2025-07-01T19:52:14Z,,continuing,False,False
HOUSEFL13-26-R,2479.11,2026-08-24T22:00:00Z,2404.27,2026-09-07T23:00:00Z,election,2025-07-01T19:52:14Z,,continuing,False,False
HOUSEFL23-26-D,1643.28,2026-08-24T17:00:00Z,1943.28,2026-09-08T00:00:00Z,election,2025-07-01T19:40:02Z,,continuing,False,False
HOUSEFL23-26-R,3016.3,2026-08-24T22:00:00Z,3434.3,2026-09-08T00:00:00Z,election,2025-07-01T19:40:02Z,,continuing,False,False
HOUSEIA1-26-D,2991.44,2026-08-25T00:00:00Z,3262.75,2026-09-08T00:00:00Z,election,2025-06-30T22:32:21Z,,continuing,False,False
HOUSEIA1-26-R,919.2,2026-08-24T21:00:00Z,1666.25,2026-09-08T00:00:00Z,election,2025-06-30T22:32:21Z,,continuing,False,False
HOUSEIA3-26-D,4891.79,2026-08-24T17:00:00Z,5477.23,2026-09-08T00:00:00Z,election,2025-07-01T05:57:39Z,,continuing,False,False
HOUSEIA3-26-R,5353.49,2026-08-25T00:00:00Z,6234.0,2026-09-07T19:00:00Z,election,2025-07-01T05:57:39Z,,continuing,False,False
HOUSEIL17-26-D,1143.0,2026-08-25T00:00:00Z,1339.0,2026-09-08T00:00:00Z,election,2025-07-01T19:05:23Z,,continuing,False,False
HOUSEIL17-26-R,1976.9,2026-08-25T00:00:00Z,2267.9,2026-09-08T00:00:00Z,election,2025-07-01T19:05:23Z,,continuing,False,False
HOUSEIN1-26-D,5416.32,2026-08-24T21:00:00Z,5286.32,2026-09-07T19:00:00Z,election,2025-07-01T19:05:49Z,,continuing,False,False
HOUSEIN1-26-R,6636.58,2026-08-24T21:00:00Z,6166.58,2026-09-07T07:00:00Z,election,2025-07-01T19:05:49Z,,continuing,False,False
HOUSEME2-26-D,10229.44,2026-08-25T00:00:00Z,11036.42,2026-09-08T00:00:00Z,election,2025-06-30T22:18:03Z,,continuing,False,False
HOUSEME2-26-R,6266.35,2026-08-23T22:00:00Z,6986.35,2026-09-07T17:00:00Z,election,2025-06-30T22:18:03Z,,continuing,False,False
HOUSEMI10-26-D,5093.44,2026-08-24T23:00:00Z,5244.35,2026-09-08T00:00:00Z,election,2025-07-01T19:46:57Z,,continuing,False,False
HOUSEMI10-26-R,2117.94,2026-08-25T00:00:00Z,2805.34,2026-09-08T00:00:00Z,election,2025-07-01T19:46:57Z,,continuing,False,False
HOUSEMI3-26-D,2784.0,2026-08-24T17:00:00Z,2785.0,2026-09-07T19:00:00Z,election,2025-07-01T19:26:56Z,,continuing,False,False
HOUSEMI3-26-R,1301.06,2026-08-25T00:00:00Z,1551.06,2026-09-07T21:00:00Z,election,2025-07-01T19:26:56Z,,continuing,False,False
HOUSEMI4-26-D,2172.85,2026-08-25T00:00:00Z,3059.4,2026-09-08T00:00:00Z,election,2025-07-01T19:52:56Z,,continuing,False,False
HOUSEMI4-26-R,1416.55,2026-08-25T00:00:00Z,1418.55,2026-09-08T00:00:00Z,election,2025-07-01T19:52:56Z,,continuing,False,False
HOUSEMI7-26-D,7806.6,2026-08-24T22:00:00Z,9653.06,2026-09-08T00:00:00Z,election,2025-06-30T20:56:37Z,,continuing,False,False
HOUSEMI7-26-R,4083.24,2026-08-25T00:00:00Z,6423.13,2026-09-08T00:00:00Z,election,2025-06-30T20:56:37Z,,continuing,False,False
HOUSEMI8-26-D,1255.0,2026-08-24T21:00:00Z,1783.19,2026-09-08T00:00:00Z,election,2025-06-30T20:57:26Z,,continuing,False,False
HOUSEMI8-26-R,320.99,2026-08-25T00:00:00Z,371.54,2026-09-08T00:00:00Z,election,2025-06-30T20:57:26Z,,continuing,False,False
HOUSEMN2-26-D,2110.04,2026-08-25T00:00:00Z,2111.04,2026-09-06T20:00:00Z,election,2025-07-01T19:06:08Z,,continuing,False,False
HOUSEMN2-26-R,656.78,2026-08-25T00:00:00Z,656.78,2026-09-07T21:00:00Z,election,2025-07-01T19:06:08Z,,continuing,False,False
HOUSEMT1-26-D,6745.33,2026-08-24T15:00:00Z,11087.84,2026-09-07T19:00:00Z,election,2025-07-01T19:53:12Z,,continuing,False,False
HOUSEMT1-26-R,4342.46,2026-08-25T00:00:00Z,5478.71,2026-09-08T00:00:00Z,election,2025-07-01T19:53:12Z,,continuing,False,False
HOUSENC1-26-D,10555.53,2026-08-24T18:00:00Z,10561.05,2026-09-08T00:00:00Z,election,2025-06-30T22:18:56Z,,continuing,False,False
HOUSENC1-26-R,29335.91,2026-08-25T00:00:00Z,29935.88,2026-09-08T00:00:00Z,election,2025-06-30T22:18:56Z,,continuing,False,False
HOUSENE2-26-D,13851.92,2026-08-25T00:00:00Z,14409.52,2026-09-08T00:00:00Z,election,2025-06-30T22:41:20Z,,continuing,False,False
HOUSENE2-26-R,32300.39,2026-08-25T00:00:00Z,32573.22,2026-09-08T00:00:00Z,election,2025-06-30T22:41:20Z,,continuing,False,False
HOUSENH1-26-D,1789.0,2026-08-24T21:00:00Z,1789.0,2026-09-08T00:00:00Z,election,2025-07-01T19:06:40Z,,continuing,False,False
HOUSENH1-26-R,1708.61,2026-08-25T00:00:00Z,1708.61,2026-09-08T00:00:00Z,election,2025-07-01T19:06:40Z,,continuing,False,False
HOUSENJ5-26-D,1368.65,2026-08-25T00:00:00Z,2265.65,2026-09-06T17:00:00Z,election,2025-07-01T19:14:14Z,,continuing,False,False
HOUSENJ5-26-R,318.0,2026-08-25T00:00:00Z,738.0,2026-09-08T00:00:00Z,election,2025-07-01T19:14:14Z,,continuing,False,False
HOUSENJ7-26-D,9051.8,2026-08-24T20:00:00Z,9325.35,2026-09-07T22:00:00Z,election,2025-07-01T19:47:17Z,,continuing,False,False
HOUSENJ7-26-R,11135.55,2026-08-25T00:00:00Z,13783.65,2026-09-07T22:00:00Z,election,2025-07-01T19:47:17Z,,continuing,False,False
HOUSENJ9-26-D,3379.52,2026-08-24T21:00:00Z,3679.52,2026-09-08T00:00:00Z,election,2025-07-01T19:40:22Z,,continuing,False,False
HOUSENJ9-26-R,60.93,2026-08-25T00:00:00Z,662.27,2026-09-07T22:00:00Z,election,2025-07-01T19:40:22Z,,continuing,False,False
HOUSENM2-26-D,4197.46,2026-08-24T21:00:00Z,4527.46,2026-09-07T22:00:00Z,election,2025-07-01T19:41:20Z,,continuing,False,False
HOUSENM2-26-R,9095.17,2026-08-24T21:00:00Z,10081.89,2026-09-07T22:00:00Z,election,2025-07-01T19:41:20Z,,continuing,False,False
HOUSENV1-26-D,1841.62,2026-08-24T22:00:00Z,1842.52,2026-09-07T09:00:00Z,election,2025-07-01T19:14:35Z,,continuing,False,False
HOUSENV1-26-R,2281.71,2026-08-25T00:00:00Z,2281.71,2026-09-08T00:00:00Z,election,2025-07-01T19:14:35Z,,continuing,False,False
HOUSENV3-26-D,2396.01,2026-08-25T00:00:00Z,2997.47,2026-09-07T21:00:00Z,election,2025-07-01T19:40:40Z,,continuing,False,False
HOUSENV3-26-R,888.78,2026-08-24T23:00:00Z,1610.77,2026-09-07T22:00:00Z,election,2025-07-01T19:40:40Z,,continuing,False,False
HOUSENV4-26-D,1578.0,2026-08-25T00:00:00Z,1888.0,2026-09-07T20:00:00Z,election,2025-07-01T19:21:37Z,,continuing,False,False
HOUSENV4-26-R,171.8,2026-08-24T21:00:00Z,962.8,2026-09-07T20:00:00Z,election,2025-07-01T19:21:37Z,,continuing,False,False
HOUSENY17-26-D,10992.38,2026-08-24T21:00:00Z,17855.98,2026-09-08T00:00:00Z,election,2025-07-01T19:47:35Z,,continuing,False,False
HOUSENY17-26-R,16832.33,2026-08-24T23:00:00Z,27987.94,2026-09-08T00:00:00Z,election,2025-07-01T19:47:35Z,,continuing,False,False
HOUSENY18-26-D,1790.04,2026-08-25T00:00:00Z,2390.3,2026-09-08T00:00:00Z,election,2025-07-01T19:14:56Z,,continuing,False,False
HOUSENY18-26-R,714.0,2026-08-25T00:00:00Z,1547.7,2026-09-08T00:00:00Z,election,2025-07-01T19:14:56Z,,continuing,False,False
HOUSENY19-26-D,3670.1,2026-08-24T23:00:00Z,4794.57,2026-09-07T23:00:00Z,election,2025-06-30T22:05:04Z,,continuing,False,False
HOUSENY19-26-R,1561.23,2026-08-25T00:00:00Z,1761.23,2026-09-07T22:00:00Z,election,2025-06-30T22:05:04Z,,continuing,False,False
HOUSENY22-26-D,1621.0,2026-08-25T00:00:00Z,1926.0,2026-09-07T15:00:00Z,election,2025-07-01T19:15:06Z,,continuing,False,False
HOUSENY22-26-R,7731.0,2026-08-25T00:00:00Z,8081.0,2026-09-08T00:00:00Z,election,2025-07-01T19:15:06Z,,continuing,False,False
HOUSENY3-26-D,3243.41,2026-08-24T17:00:00Z,3757.41,2026-09-07T21:00:00Z,election,2025-07-01T19:24:45Z,,continuing,False,False
HOUSENY3-26-R,1682.39,2026-08-24T22:00:00Z,2261.39,2026-09-07T21:00:00Z,election,2025-07-01T19:24:45Z,,continuing,False,False
HOUSENY4-26-D,3411.0,2026-08-25T00:00:00Z,3411.0,2026-09-07T22:00:00Z,election,2025-06-30T21:00:52Z,,continuing,False,False
HOUSENY4-26-R,4148.24,2026-08-25T00:00:00Z,4123.88,2026-09-07T23:00:00Z,election,2025-06-30T21:00:52Z,,continuing,False,False
HOUSEOH1-26-D,3094.83,2026-08-25T00:00:00Z,3260.98,2026-09-08T00:00:00Z,election,2025-07-01T19:15:17Z,,continuing,False,False
HOUSEOH1-26-R,2210.0,2026-08-25T00:00:00Z,3800.29,2026-09-08T00:00:00Z,election,2025-07-01T19:15:17Z,,continuing,False,False
HOUSEOH13-26-D,3170.0,2026-08-24T17:00:00Z,3470.0,2026-09-07T13:00:00Z,election,2025-07-01T19:42:44Z,,continuing,False,False
HOUSEOH13-26-R,990.0,2026-08-24T17:00:00Z,1295.0,2026-09-07T15:00:00Z,election,2025-07-01T19:42:44Z,,continuing,False,False
HOUSEOH9-26-D,4192.02,2026-08-24T20:00:00Z,3671.37,2026-09-07T23:00:00Z,election,2025-07-01T19:41:40Z,,continuing,False,False
HOUSEOH9-26-R,7377.36,2026-08-25T00:00:00Z,20110.34,2026-09-07T22:00:00Z,election,2025-07-01T19:41:40Z,,continuing,False,False
HOUSEOR5-26-D,1290.0,2026-08-25T00:00:00Z,1591.0,2026-09-08T00:00:00Z,election,2025-06-30T22:06:33Z,,continuing,False,False
HOUSEOR5-26-R,67.0,2026-08-25T00:00:00Z,397.0,2026-09-07T20:00:00Z,election,2025-06-30T22:06:33Z,,continuing,False,False
HOUSEPA1-26-D,7965.97,2026-08-25T00:00:00Z,10493.97,2026-09-07T23:00:00Z,election,2025-07-01T19:54:49Z,,continuing,False,False
HOUSEPA1-26-R,6937.42,2026-08-25T00:00:00Z,11926.04,2026-09-07T22:00:00Z,election,2025-07-01T19:54:49Z,,continuing,False,False
HOUSEPA10-26-D,5180.07,2026-08-24T22:00:00Z,5325.07,2026-09-07T19:00:00Z,election,2025-06-30T21:07:28Z,,continuing,False,False
HOUSEPA10-26-R,3559.96,2026-08-25T00:00:00Z,3691.53,2026-09-07T21:00:00Z,election,2025-06-30T21:07:28Z,,continuing,False,False
HOUSEPA17-26-D,3553.6,2026-08-24T21:00:00Z,3553.6,2026-09-07T22:00:00Z,election,2025-07-01T19:38:16Z,,continuing,False,False
HOUSEPA17-26-R,1246.01,2026-08-25T00:00:00Z,2444.01,2026-09-08T00:00:00Z,election,2025-07-01T19:38:16Z,,continuing,False,False
HOUSEPA7-26-D,10620.5,2026-08-24T19:00:00Z,39369.03,2026-09-08T00:00:00Z,election,2025-06-30T21:02:28Z,,continuing,False,False
HOUSEPA7-26-R,11257.09,2026-08-25T00:00:00Z,48106.59,2026-09-08T00:00:00Z,election,2025-06-30T21:02:28Z,,continuing,False,False
HOUSEPA8-26-D,9168.02,2026-08-25T00:00:00Z,9270.4,2026-09-08T00:00:00Z,election,2025-06-30T21:06:16Z,,continuing,False,False
HOUSEPA8-26-R,5299.1,2026-08-25T00:00:00Z,5729.18,2026-09-08T00:00:00Z,election,2025-06-30T21:06:16Z,,continuing,False,False
HOUSETX15-26-D,254740.05,2026-08-25T00:00:00Z,261219.33,2026-09-08T00:00:00Z,election,2025-07-01T20:01:02Z,,continuing,False,False
HOUSETX15-26-R,344805.72,2026-08-25T00:00:00Z,891573.44,2026-09-08T00:00:00Z,election,2025-07-01T20:01:02Z,,continuing,False,False
HOUSETX28-26-D,12290.12,2026-08-24T17:00:00Z,18888.88,2026-09-08T00:00:00Z,election,2025-07-01T19:40:57Z,,continuing,False,False
HOUSETX28-26-R,15153.03,2026-08-24T17:00:00Z,15535.66,2026-09-08T00:00:00Z,election,2025-07-01T19:40:57Z,,continuing,False,False
HOUSETX34-26-D,4816.79,2026-08-25T00:00:00Z,8086.56,2026-09-07T17:00:00Z,election,2025-07-01T19:43:12Z,,continuing,False,False
HOUSETX34-26-R,3246.58,2026-08-25T00:00:00Z,7176.78,2026-09-06T22:00:00Z,election,2025-07-01T19:43:12Z,,continuing,False,False
HOUSEVA1-26-D,7502.91,2026-08-24T22:00:00Z,10135.18,2026-09-08T00:00:00Z,election,2025-09-10T22:18:18Z,,continuing,False,False
HOUSEVA1-26-R,4811.27,2026-08-24T22:00:00Z,8987.58,2026-09-08T00:00:00Z,election,2025-09-10T22:18:18Z,,continuing,False,False
HOUSEVA2-26-D,10439.18,2026-08-24T18:00:00Z,10586.48,2026-09-07T19:00:00Z,election,2025-07-01T19:38:35Z,,continuing,False,False
HOUSEVA2-26-R,8278.14,2026-08-25T00:00:00Z,11565.38,2026-09-07T10:00:00Z,election,2025-07-01T19:38:35Z,,continuing,False,False
HOUSEVA7-26-D,1294.99,2026-08-24T17:00:00Z,1313.99,2026-09-07T23:00:00Z,election,2025-06-30T21:09:42Z,,continuing,False,False
HOUSEVA7-26-R,1178.79,2026-08-24T22:00:00Z,1178.79,2026-09-08T00:00:00Z,election,2025-06-30T21:09:42Z,,continuing,False,False
HOUSEWA3-26-D,9113.34,2026-08-24T18:00:00Z,9137.43,2026-09-08T00:00:00Z,election,2025-06-30T21:11:18Z,,continuing,False,False
HOUSEWA3-26-R,8965.41,2026-08-24T07:00:00Z,10744.28,2026-09-07T19:00:00Z,election,2025-06-30T21:11:18Z,,continuing,False,False
HOUSEWI1-26-D,7779.05,2026-08-25T00:00:00Z,9138.4,2026-09-08T00:00:00Z,election,2025-07-01T19:37:46Z,,continuing,False,False
HOUSEWI1-26-R,5118.61,2026-08-25T00:00:00Z,5118.61,2026-09-08T00:00:00Z,election,2025-07-01T19:37:46Z,,continuing,False,False
HOUSEWI3-26-D,55565.17,2026-08-25T00:00:00Z,56239.19,2026-09-08T00:00:00Z,election,2025-07-01T19:27:53Z,,continuing,False,False
HOUSEWI3-26-R,7744.27,2026-08-25T00:00:00Z,8563.57,2026-09-08T00:00:00Z,election,2025-07-01T19:27:53Z,,continuing,False,False
KX10Y2Y-26DEC31-T.7,92.88,2026-08-25T00:00:00Z,116.88,2026-09-07T23:00:00Z,macro,2026-07-07T23:12:51Z,,continuing,False,False
KX10Y2Y-26DEC31-T.8,26.67,2026-08-24T00:00:00Z,31.67,2026-09-07T23:00:00Z,macro,2026-07-07T23:12:40Z,,continuing,False,False
KX10Y2Y-26DEC31-T.9,301.0,2026-08-24T17:00:00Z,301.0,2026-09-07T23:00:00Z,macro,2026-07-07T23:12:21Z,,continuing,False,False
KX10Y2Y-26DEC31-T1.00,1368.1,2026-08-24T17:00:00Z,1367.83,2026-09-07T23:00:00Z,macro,2026-03-04T20:57:00Z,,continuing,False,False
KX10Y2YDATE-26DEC31-T-10,51.0,2026-08-24T17:00:00Z,51.0,2026-09-08T00:00:00Z,macro,2026-07-07T22:45:59Z,,continuing,False,False
KX10Y2YDATE-26DEC31-T-20,208.01,2026-08-24T17:00:00Z,208.01,2026-09-08T00:00:00Z,macro,2026-07-07T22:45:59Z,,continuing,False,False
KX10Y2YDATE-26DEC31-T-30,222.17,2026-08-24T17:00:00Z,217.17,2026-09-07T18:00:00Z,macro,2026-07-07T22:45:59Z,,continuing,False,False
KX10Y2YDATE-26DEC31-T0,159.0,2026-08-24T17:00:00Z,159.0,2026-09-08T00:00:00Z,macro,2026-07-07T22:45:59Z,,continuing,False,False
KX10Y2YDATE-26DEC31-T10,209.06,2026-08-24T17:00:00Z,209.06,2026-09-07T10:00:00Z,macro,2026-07-07T22:45:59Z,,continuing,False,False
KX10Y2YDATE-26DEC31-T20,233.0,2026-08-24T16:00:00Z,238.82,2026-09-08T00:00:00Z,macro,2026-07-07T22:45:59Z,,continuing,False,False
KX10Y2YDATE-26DEC31-T30,320.25,2026-08-24T17:00:00Z,321.25,2026-09-08T00:00:00Z,macro,2026-07-07T22:45:59Z,,continuing,False,False
KX10Y2YDATE-26DEC31-T40,961.82,2026-08-24T16:00:00Z,974.43,2026-09-08T00:00:00Z,macro,2026-07-07T22:45:59Z,,continuing,False,False
KX10Y2YDATE-26DEC31-T50,29.23,2026-08-24T16:00:00Z,243.67,2026-09-08T00:00:00Z,macro,2026-07-07T22:45:59Z,,continuing,False,False
KX10Y2YDATE-26DEC31-T60,43.78,2026-08-24T16:00:00Z,262.97,2026-09-08T00:00:00Z,macro,2026-07-07T22:45:59Z,,continuing,False,False
KX10Y2YDATE-26DEC31-T70,205.01,2026-08-24T16:00:00Z,384.98,2026-09-08T00:00:00Z,macro,2026-07-07T22:45:59Z,,continuing,False,False
KX30YMORTW-26AUG27-T6.59,0.0,2026-08-24T23:00:00Z,,,macro,2026-08-24T21:54:10Z,2026-08-27T16:47:45Z,exit,False,True
KX30YMORTW-26AUG27-T6.60,0.0,2026-08-24T23:00:00Z,,,macro,2026-08-24T21:54:10Z,2026-08-27T16:47:45Z,exit,False,True
KX30YMORTW-26AUG27-T6.61,0.0,2026-08-24T23:00:00Z,,,macro,2026-08-24T21:54:10Z,2026-08-27T16:47:45Z,exit,False,True
KX30YMORTW-26AUG27-T6.62,0.0,2026-08-24T23:00:00Z,,,macro,2026-08-24T21:54:10Z,2026-08-27T16:47:45Z,exit,False,True
KX30YMORTW-26AUG27-T6.63,0.0,2026-08-24T23:00:00Z,,,macro,2026-08-24T21:54:10Z,2026-08-27T16:47:45Z,exit,False,True
KX30YMORTW-26AUG27-T6.64,0.0,2026-08-24T23:00:00Z,,,macro,2026-08-24T21:54:10Z,2026-08-27T16:47:45Z,exit,False,True
KX30YMORTW-26AUG27-T6.65,0.0,2026-08-24T23:00:00Z,,,macro,2026-08-24T21:54:10Z,2026-08-27T16:47:45Z,exit,False,True
KX30YMORTW-26AUG27-T6.66,0.0,2026-08-24T23:00:00Z,,,macro,2026-08-24T21:54:10Z,2026-08-27T16:47:45Z,exit,False,True
KX30YMORTW-26AUG27-T6.67,0.0,2026-08-24T23:00:00Z,,,macro,2026-08-24T21:54:10Z,2026-08-27T16:47:45Z,exit,False,True
KX30YMORTW-26AUG27-T6.68,0.0,2026-08-24T23:00:00Z,,,macro,2026-08-24T21:54:10Z,2026-08-27T16:47:45Z,exit,False,True
KX30YMORTW-26AUG27-T6.69,0.0,2026-08-24T23:00:00Z,,,macro,2026-08-24T21:54:10Z,2026-08-27T16:47:45Z,exit,False,True
KX30YMORTW-26AUG27-T6.70,0.0,2026-08-24T23:00:00Z,,,macro,2026-08-24T21:54:10Z,2026-08-27T16:47:45Z,exit,False,True
KX30YMORTW-26AUG27-T6.71,0.0,2026-08-24T23:00:00Z,,,macro,2026-08-24T21:54:10Z,2026-08-27T16:47:45Z,exit,False,True
KX30YMORTW-26SEP10-T6.64,,,0.0,2026-09-06T04:00:00Z,macro,2026-09-03T23:24:48Z,,entry,True,False
KX30YMORTW-26SEP10-T6.65,,,0.0,2026-09-06T04:00:00Z,macro,2026-09-03T23:24:48Z,,entry,True,False
KX30YMORTW-26SEP10-T6.66,,,0.0,2026-09-07T14:00:00Z,macro,2026-09-03T23:24:48Z,,entry,True,False
KX30YMORTW-26SEP10-T6.67,,,15.0,2026-09-08T00:00:00Z,macro,2026-09-03T23:24:48Z,,entry,True,False
KX30YMORTW-26SEP10-T6.68,,,140.0,2026-09-06T13:00:00Z,macro,2026-09-03T23:24:48Z,,entry,True,False
KX30YMORTW-26SEP10-T6.69,,,32.81,2026-09-07T15:00:00Z,macro,2026-09-03T23:24:48Z,,entry,True,False
KX30YMORTW-26SEP10-T6.70,,,0.0,2026-09-07T15:00:00Z,macro,2026-09-03T23:24:48Z,,entry,True,False
KX30YMORTW-26SEP10-T6.71,,,0.0,2026-09-07T01:00:00Z,macro,2026-09-03T23:24:48Z,,entry,True,False
KX30YMORTW-26SEP10-T6.72,,,0.01,2026-09-07T01:00:00Z,macro,2026-09-03T23:24:48Z,,entry,True,False
KX30YMORTW-26SEP10-T6.73,,,0.01,2026-09-07T15:00:00Z,macro,2026-09-03T23:24:48Z,,entry,True,False
KX30YMORTW-26SEP10-T6.74,,,145.84,2026-09-07T01:00:00Z,macro,2026-09-03T23:24:48Z,,entry,True,False
KX30YMORTW-26SEP10-T6.75,,,0.01,2026-09-07T01:00:00Z,macro,2026-09-03T23:24:48Z,,entry,True,False
KX30YMORTW-26SEP10-T6.76,,,0.12,2026-09-07T01:00:00Z,macro,2026-09-03T23:24:48Z,,entry,True,False
KXAAAGASED-26NOV03-2.50,1039.83,2026-08-24T23:00:00Z,1039.89,2026-09-07T08:00:00Z,macro,2026-03-24T00:25:33Z,,continuing,False,False
KXAAAGASED-26NOV03-2.75,3312.65,2026-08-24T17:00:00Z,3312.65,2026-09-07T08:00:00Z,macro,2026-03-24T00:25:33Z,,continuing,False,False
KXAAAGASED-26NOV03-3.00,6919.1,2026-08-24T17:00:00Z,6919.08,2026-09-07T16:00:00Z,macro,2026-03-24T00:25:33Z,,continuing,False,False
KXAAAGASED-26NOV03-3.25,11663.73,2026-08-24T19:00:00Z,13617.14,2026-09-07T21:00:00Z,macro,2026-03-24T00:25:33Z,,continuing,False,False
KXAAAGASED-26NOV03-3.50,3488.81,2026-08-25T00:00:00Z,5426.39,2026-09-08T00:00:00Z,macro,2026-03-24T00:25:33Z,,continuing,False,False
KXAAAGASED-26NOV03-3.75,22971.53,2026-08-25T00:00:00Z,33539.91,2026-09-08T00:00:00Z,macro,2026-03-24T00:25:33Z,,continuing,False,False
KXAAAGASED-26NOV03-4.00,21890.52,2026-08-25T00:00:00Z,25786.19,2026-09-08T00:00:00Z,macro,2026-03-24T00:25:33Z,,continuing,False,False
KXAAAGASED-26NOV03-4.25,7746.54,2026-08-25T00:00:00Z,10010.06,2026-09-08T00:00:00Z,macro,2026-03-24T00:25:33Z,,continuing,False,False
KXAAAGASED-26NOV03-4.50,4491.58,2026-08-25T00:00:00Z,4667.44,2026-09-08T00:00:00Z,macro,2026-03-24T00:25:33Z,,continuing,False,False
KXAAAGASED-26NOV03-4.75,2017.56,2026-08-25T00:00:00Z,1979.58,2026-09-07T08:00:00Z,macro,2026-03-24T00:25:33Z,,continuing,False,False
KXAAAGASED-26NOV03-5.00,,,5005.93,2026-09-07T08:00:00Z,macro,2026-03-24T00:25:33Z,,entry,False,False
KXAAAGASM-26AUG31-2.70,8970.34,2026-08-23T22:00:00Z,,,macro,2025-10-07T18:04:42Z,2026-08-31T13:24:51Z,exit,False,True
KXAAAGASM-26AUG31-3.00,3892.51,2026-08-24T04:00:00Z,,,macro,2025-10-07T18:04:42Z,2026-08-31T13:24:51Z,exit,False,True
KXAAAGASM-26AUG31-3.30,11599.4,2026-08-24T17:00:00Z,,,macro,2026-06-30T21:14:13Z,2026-08-31T13:24:51Z,exit,False,True
KXAAAGASM-26AUG31-3.50,15848.53,2026-08-24T18:00:00Z,,,macro,2026-06-30T21:15:11Z,2026-08-31T13:24:51Z,exit,False,True
KXAAAGASM-26AUG31-3.60,12176.93,2026-08-24T06:00:00Z,,,macro,2026-06-30T21:15:32Z,2026-08-31T13:24:51Z,exit,False,True
KXAAAGASM-26AUG31-3.70,14913.09,2026-08-24T15:00:00Z,,,macro,2026-06-30T21:15:53Z,2026-08-31T13:24:51Z,exit,False,True
KXAAAGASM-26AUG31-3.80,20059.24,2026-08-24T15:00:00Z,,,macro,2026-06-30T21:16:19Z,2026-08-31T13:24:51Z,exit,False,True
KXAAAGASM-26AUG31-3.90,50698.01,2026-08-25T00:00:00Z,,,macro,2026-06-30T21:16:39Z,2026-08-31T13:24:51Z,exit,False,True
KXAAAGASM-26AUG31-4.00,80310.12,2026-08-25T00:00:00Z,,,macro,2026-06-30T21:17:03Z,2026-08-31T13:24:51Z,exit,False,True
KXAAAGASM-26AUG31-4.10,40853.48,2026-08-25T00:00:00Z,,,macro,2026-06-30T21:17:27Z,2026-08-31T13:24:51Z,exit,False,True
KXAAAGASM-26AUG31-4.11,811.94,2026-08-25T00:00:00Z,,,macro,2026-08-23T18:00:22Z,2026-08-31T13:24:51Z,exit,False,True
KXAAAGASM-26AUG31-4.12,189.29,2026-08-25T00:00:00Z,,,macro,2026-08-23T18:01:05Z,2026-08-31T13:24:51Z,exit,False,True
KXAAAGASM-26AUG31-4.13,251.68,2026-08-25T00:00:00Z,,,macro,2026-08-23T18:01:34Z,2026-08-31T13:24:51Z,exit,False,True
KXAAAGASM-26AUG31-4.14,568.26,2026-08-25T00:00:00Z,,,macro,2026-08-23T18:02:01Z,2026-08-31T13:24:51Z,exit,False,True
KXAAAGASM-26AUG31-4.15,173.84,2026-08-25T00:00:00Z,,,macro,2026-08-23T18:02:27Z,2026-08-31T13:24:51Z,exit,False,True
KXAAAGASM-26AUG31-4.16,213.12,2026-08-25T00:00:00Z,,,macro,2026-08-23T18:02:58Z,2026-08-31T13:24:51Z,exit,False,True
KXAAAGASM-26AUG31-4.17,1366.94,2026-08-25T00:00:00Z,,,macro,2026-08-23T18:03:39Z,2026-08-31T13:24:51Z,exit,False,True
KXAAAGASM-26AUG31-4.18,1878.62,2026-08-25T00:00:00Z,,,macro,2026-08-23T18:04:05Z,2026-08-31T13:24:51Z,exit,False,True
KXAAAGASM-26AUG31-4.19,2485.23,2026-08-25T00:00:00Z,,,macro,2026-08-23T18:04:36Z,2026-08-31T13:24:51Z,exit,False,True
KXAAAGASM-26AUG31-4.20,19726.49,2026-08-25T00:00:00Z,,,macro,2026-06-30T21:17:47Z,2026-08-31T13:24:51Z,exit,False,True
KXAAAGASM-26AUG31-4.30,17118.19,2026-08-24T23:00:00Z,,,macro,2026-06-30T21:18:08Z,2026-08-31T13:24:51Z,exit,False,True
KXAAAGASM-26AUG31-4.40,12100.72,2026-08-24T17:00:00Z,,,macro,2026-06-30T21:18:29Z,2026-08-31T13:24:51Z,exit,False,True
KXAAAGASM-26AUG31-4.50,10852.8,2026-08-24T20:00:00Z,,,macro,2026-06-30T21:18:50Z,2026-08-31T13:24:51Z,exit,False,True
KXAAAGASM-26AUG31-4.60,1055.2,2026-08-23T22:00:00Z,,,macro,2026-07-25T22:32:24Z,2026-08-31T13:24:51Z,exit,False,True
KXAAAGASM-26AUG31-4.70,2962.79,2026-08-24T15:00:00Z,,,macro,2026-07-25T22:33:25Z,2026-08-31T13:24:51Z,exit,False,True
KXAAAGASM-26AUG31-4.80,1297.69,2026-08-23T20:00:00Z,,,macro,2026-07-25T22:33:47Z,2026-08-31T13:24:51Z,exit,False,True
KXAAAGASM-26AUG31-5.00,8845.93,2026-08-24T23:00:00Z,,,macro,2026-07-25T22:34:45Z,2026-08-31T13:24:51Z,exit,False,True
KXAAAGASM-26SEP30-2.50,,,275.0,2026-09-07T16:00:00Z,macro,2025-10-07T18:15:16Z,,entry,False,False
KXAAAGASM-26SEP30-2.60,,,368.51,2026-09-07T16:00:00Z,macro,2025-10-07T18:15:16Z,,entry,False,False
KXAAAGASM-26SEP30-2.70,,,368.51,2026-09-07T16:00:00Z,macro,2025-10-07T18:15:16Z,,entry,False,False
KXAAAGASM-26SEP30-2.80,,,157.82,2026-09-07T16:00:00Z,macro,2025-10-07T18:15:16Z,,entry,False,False
KXAAAGASM-26SEP30-2.90,,,157.82,2026-09-07T16:00:00Z,macro,2025-10-07T18:15:16Z,,entry,False,False
KXAAAGASM-26SEP30-3.00,,,75.0,2026-09-07T16:00:00Z,macro,2025-10-07T18:15:16Z,,entry,False,False
KXAAAGASM-26SEP30-3.10,,,75.0,2026-09-07T16:00:00Z,macro,2025-10-07T18:15:16Z,,entry,False,False
KXAAAGASM-26SEP30-3.20,,,21.18,2026-09-08T00:00:00Z,macro,2026-08-30T20:50:20Z,,entry,True,False
KXAAAGASM-26SEP30-3.30,,,20.18,2026-09-08T00:00:00Z,macro,2026-08-30T20:50:43Z,,entry,True,False
KXAAAGASM-26SEP30-3.40,,,40.36,2026-09-07T14:00:00Z,macro,2026-08-30T20:51:04Z,,entry,True,False
KXAAAGASM-26SEP30-3.50,,,426.0,2026-09-07T12:00:00Z,macro,2026-08-30T20:51:26Z,,entry,True,False
KXAAAGASM-26SEP30-3.60,,,87.0,2026-09-07T16:00:00Z,macro,2026-08-30T20:51:51Z,,entry,True,False
KXAAAGASM-26SEP30-3.70,,,1109.65,2026-09-07T17:00:00Z,macro,2026-08-30T20:52:28Z,,entry,True,False
KXAAAGASM-26SEP30-3.80,,,298.09,2026-09-07T16:00:00Z,macro,2026-08-30T20:52:48Z,,entry,True,False
KXAAAGASM-26SEP30-3.90,,,1129.77,2026-09-08T00:00:00Z,macro,2026-08-30T20:53:22Z,,entry,True,False
KXAAAGASM-26SEP30-4.00,,,2397.9,2026-09-07T23:00:00Z,macro,2026-08-30T20:53:43Z,,entry,True,False
KXAAAGASM-26SEP30-4.10,,,6245.33,2026-09-07T23:00:00Z,macro,2026-08-30T20:54:16Z,,entry,True,False
KXAAAGASM-26SEP30-4.20,,,3859.05,2026-09-08T00:00:00Z,macro,2026-08-30T20:54:40Z,,entry,True,False
KXAAAGASM-26SEP30-4.30,,,1155.55,2026-09-07T23:00:00Z,macro,2026-08-30T20:55:11Z,,entry,True,False
KXAAAGASM-26SEP30-4.40,,,2075.52,2026-09-08T00:00:00Z,macro,2026-08-30T20:55:39Z,,entry,True,False
KXAAAGASM-26SEP30-4.50,,,1964.78,2026-09-07T23:00:00Z,macro,2026-08-30T20:56:07Z,,entry,True,False
KXAAAGASM-26SEP30-4.60,,,1241.0,2026-09-07T17:00:00Z,macro,2026-08-30T20:56:26Z,,entry,True,False
KXAAAGASM-26SEP30-4.70,,,483.97,2026-09-07T14:00:00Z,macro,2026-08-30T20:56:52Z,,entry,True,False
KXAAAGASM-26SEP30-4.80,,,154.4,2026-09-07T00:00:00Z,macro,2026-08-30T20:57:23Z,,entry,True,False
KXAAAGASM-26SEP30-4.90,,,644.96,2026-09-07T23:00:00Z,macro,2026-08-30T20:58:08Z,,entry,True,False
KXAAAGASM-26SEP30-5.00,,,378.96,2026-09-07T22:00:00Z,macro,2026-08-30T20:58:26Z,,entry,True,False
KXAAAGASMAXNY-26DEC31-4.80,4660.29,2026-08-24T18:00:00Z,4771.89,2026-09-08T00:00:00Z,policy,2026-03-17T14:17:15Z,,continuing,False,False
KXAAAGASMAXNY-26DEC31-5.00,6023.39,2026-08-24T22:00:00Z,6674.28,2026-09-07T18:00:00Z,policy,2026-03-17T14:17:41Z,,continuing,False,False
KXAAAGASMAXNY-26DEC31-5.20,4085.85,2026-08-24T21:00:00Z,4329.93,2026-09-07T08:00:00Z,policy,2026-03-19T20:53:11Z,,continuing,False,False
KXAAAGASMAXNY-26DEC31-5.40,3009.7,2026-08-24T15:00:00Z,3110.7,2026-09-08T00:00:00Z,policy,2026-03-19T20:53:56Z,,continuing,False,False
KXAAAGASMAXNY-26DEC31-5.60,3770.22,2026-08-24T17:00:00Z,3771.22,2026-09-07T09:00:00Z,policy,2026-03-19T20:54:27Z,,continuing,False,False
KXAAAGASMAXNY-26DEC31-5.80,1804.97,2026-08-24T16:00:00Z,1807.97,2026-09-07T08:00:00Z,policy,2026-05-04T20:00:12Z,,continuing,False,False
KXAAAGASMAXNY-26DEC31-6.00,1051.35,2026-08-25T00:00:00Z,1079.75,2026-09-07T08:00:00Z,policy,2026-05-04T20:00:51Z,,continuing,False,False
KXAAAGASMAXNY-26DEC31-6.20,1413.16,2026-08-24T19:00:00Z,1432.18,2026-09-07T08:00:00Z,policy,2026-05-04T20:01:17Z,,continuing,False,False
KXAAAGASMINNY-26DEC31-2.50,1030.34,2026-08-24T17:00:00Z,1030.34,2026-09-07T08:00:00Z,policy,2026-01-05T22:13:56Z,,continuing,False,False
KXAAAGASMINNY-26DEC31-2.60,647.82,2026-08-24T17:00:00Z,647.82,2026-09-07T08:00:00Z,policy,2026-01-05T22:13:56Z,,continuing,False,False
KXAAAGASMINNY-26DEC31-2.70,710.46,2026-08-24T16:00:00Z,710.46,2026-09-07T08:00:00Z,policy,2026-01-05T22:13:56Z,,continuing,False,False
KXAAAGASMINNY-26DEC31-2.80,1571.71,2026-08-24T17:00:00Z,1638.33,2026-09-07T08:00:00Z,policy,2026-01-05T22:13:56Z,,continuing,False,False
KXAAAGASMINNY-26DEC31-2.90,2483.37,2026-08-24T14:00:00Z,2769.45,2026-09-08T00:00:00Z,policy,2026-01-05T22:13:56Z,,continuing,False,False
KXAALA-27JANPLF-82,,,2413.65,2026-09-07T10:00:00Z,policy,2026-07-27T23:08:50Z,,entry,False,False
KXAALA-27JANPLF-82.5,2605.95,2026-08-24T17:00:00Z,2497.51,2026-09-07T20:00:00Z,policy,2026-07-27T23:08:50Z,,continuing,False,False
KXAALA-27JANPLF-83,365.07,2026-08-24T16:00:00Z,268.09,2026-09-07T10:00:00Z,policy,2026-07-27T23:08:50Z,,continuing,False,False
KXAALA-27JANPLF-83.5,287.0,2026-08-24T10:00:00Z,287.0,2026-09-07T10:00:00Z,policy,2026-07-27T23:08:50Z,,continuing,False,False
KXAALA-27JANPLF-84,5.55,2026-08-24T16:00:00Z,5.55,2026-09-07T10:00:00Z,policy,2026-07-27T23:08:50Z,,continuing,False,False
KXAALA-27JANPLF-84.5,1285.03,2026-08-24T17:00:00Z,1285.03,2026-09-07T10:00:00Z,policy,2026-07-27T23:08:50Z,,continuing,False,False
KXAALA-27JANPLF-85,276.33,2026-08-24T10:00:00Z,276.33,2026-09-07T10:00:00Z,policy,2026-07-27T23:08:50Z,,continuing,False,False
KXAALA-27JANPLF-85.5,807.73,2026-08-23T09:00:00Z,807.73,2026-09-07T14:00:00Z,policy,2026-07-27T23:08:50Z,,continuing,False,False
KXABRAHAMSA-27-JAN01-IRAN,697.11,2026-08-24T16:00:00Z,681.11,2026-09-07T18:00:00Z,policy,2026-05-24T21:55:18Z,,continuing,False,False
KXACAENROLLMENT-27FEB28-A10,11.01,2026-08-24T16:00:00Z,11.01,2026-09-07T10:00:00Z,policy,2026-07-13T19:49:54Z,,continuing,False,False
KXACAENROLLMENT-27FEB28-A15,169.24,2026-08-24T10:00:00Z,169.24,2026-09-07T10:00:00Z,policy,2026-07-13T19:49:54Z,,continuing,False,False
KXACAENROLLMENT-27FEB28-A20,228.51,2026-08-24T16:00:00Z,,,policy,2026-07-13T19:49:54Z,,exit,False,False
KXACAENROLLMENT-27FEB28-A25,10.01,2026-08-24T10:00:00Z,10.01,2026-09-07T10:00:00Z,policy,2026-07-13T19:49:54Z,,continuing,False,False
KXACAENROLLMENT-27FEB28-A30,6.44,2026-08-24T16:00:00Z,,,policy,2026-07-13T19:49:54Z,,exit,False,False
KXACAENROLLMENT-27FEB28-A5,12.0,2026-08-24T17:00:00Z,12.0,2026-09-07T10:00:00Z,policy,2026-07-13T19:49:54Z,,continuing,False,False
KXACAEXT-26JAN-27,45739.9,2026-08-24T23:00:00Z,45593.54,2026-09-08T00:00:00Z,policy,2025-12-08T18:42:21Z,,continuing,False,False
KXACAHSAFSA-27,1001.99,2026-08-24T17:00:00Z,1001.99,2026-09-07T10:00:00Z,policy,2026-01-06T16:59:35Z,,continuing,False,False
KXAIBILL-26JUN-27JAN01,2776.94,2026-08-25T00:00:00Z,2853.62,2026-09-08T00:00:00Z,policy,2026-06-17T20:05:53Z,,continuing,False,False
KXAILEGISLATION-27-JAN01,15761.55,2026-08-25T00:00:00Z,15471.0,2026-09-08T00:00:00Z,policy,2025-12-29T01:38:24Z,,continuing,False,False
KXAIREVIEW-26JUN-JAN01,1283.68,2026-08-24T16:00:00Z,749.68,2026-09-07T10:00:00Z,policy,2026-06-04T19:00:04Z,,continuing,False,False
KXAIREVIEW-26JUN-SEP01,886.6,2026-08-24T17:00:00Z,,,policy,2026-06-04T19:00:04Z,2026-09-01T04:56:41Z,exit,False,True
KXALLINMENTION-26AUG24-AFFO,385.42,2026-08-25T00:00:00Z,,,mention,2026-08-24T20:17:42Z,2026-08-25T01:42:57Z,exit,False,True
KXALLINMENTION-26AUG24-DATA,259.48,2026-08-25T00:00:00Z,,,mention,2026-08-24T20:17:42Z,2026-08-25T01:43:07Z,exit,False,True
KXALLINMENTION-26AUG24-ICE,562.23,2026-08-25T00:00:00Z,,,mention,2026-08-24T20:17:42Z,2026-08-25T01:46:57Z,exit,False,True
KXALLINMENTION-26AUG24-IRAN,559.36,2026-08-25T00:00:00Z,,,mention,2026-08-24T20:17:42Z,2026-08-25T01:46:57Z,exit,False,True
KXALLINMENTION-26AUG24-OIL,205.41,2026-08-25T00:00:00Z,,,mention,2026-08-24T20:17:42Z,2026-08-25T01:42:57Z,exit,False,True
KXANTHROPICDOD-28,6484.4,2026-08-24T10:00:00Z,,,policy,2026-03-10T18:48:56Z,2026-08-28T02:08:55Z,exit,False,True
KXANTHROPICRESCIND-26JUN-27JAN01,941.14,2026-08-24T16:00:00Z,950.64,2026-09-08T00:00:00Z,policy,2026-06-01T17:26:44Z,,continuing,False,False
KXAPPLEOPENAICASE-29,,,8.0,2026-09-07T13:00:00Z,policy,2026-09-02T02:47:18Z,,entry,True,False
KXBALANCEPOWERCOMBO-27FEB-DD,1308475.77,2026-08-25T00:00:00Z,1489538.76,2026-09-08T00:00:00Z,election,2025-12-10T20:42:08Z,,continuing,False,False
KXBALANCEPOWERCOMBO-27FEB-DR,1156272.02,2026-08-25T00:00:00Z,1144699.95,2026-09-08T00:00:00Z,election,2025-12-10T20:42:08Z,,continuing,False,False
KXBALANCEPOWERCOMBO-27FEB-RD,1356730.0,2026-08-25T00:00:00Z,1635217.93,2026-09-08T00:00:00Z,election,2025-12-10T20:42:08Z,,continuing,False,False
KXBALANCEPOWERCOMBO-27FEB-RR,2595679.82,2026-08-25T00:00:00Z,3039639.28,2026-09-08T00:00:00Z,election,2025-12-10T20:42:08Z,,continuing,False,False
KXBIGBENDRESUME-27-26DEC01,360.01,2026-08-25T00:00:00Z,,,policy,2026-08-24T05:46:09Z,,exit,False,False
KXBIGBENDRESUME-27-26NOV01,560.0,2026-08-25T00:00:00Z,560.0,2026-09-07T15:00:00Z,policy,2026-08-24T05:46:09Z,,continuing,False,False
KXBIGBENDRESUME-27-26OCT01,400.0,2026-08-25T00:00:00Z,200.0,2026-09-07T10:00:00Z,policy,2026-08-24T05:46:09Z,,continuing,False,False
KXBIGBENDRESUME-27-26SEP08,0.0,2026-08-25T00:00:00Z,1720.91,2026-09-07T10:00:00Z,policy,2026-08-24T05:46:09Z,2026-09-08T14:55:25Z,continuing,False,False
KXBIGBENDRESUME-27-27JAN01,410.0,2026-08-25T00:00:00Z,398.49,2026-09-07T22:00:00Z,policy,2026-08-24T05:46:09Z,,continuing,False,False
KXBILLS-26-JAWB,723.62,2026-08-23T21:00:00Z,1285.5,2026-09-07T10:00:00Z,policy,2026-06-15T18:12:04Z,,continuing,False,False
KXBILLS-AIO,1942.94,2026-08-24T10:00:00Z,2004.55,2026-09-07T10:00:00Z,policy,2026-01-22T19:18:03Z,,continuing,False,False
KXBILLS-CHIP,2773.54,2026-08-24T15:00:00Z,2783.76,2026-09-07T23:00:00Z,policy,2026-01-22T19:18:03Z,,continuing,False,False
KXBILLS-DATA,4593.18,2026-08-23T21:00:00Z,4591.72,2026-09-08T00:00:00Z,policy,2026-02-11T22:43:20Z,,continuing,False,False
KXBILLS-DIGNITY,6047.69,2026-08-25T00:00:00Z,6050.05,2026-09-06T10:00:00Z,policy,2026-05-21T02:06:38Z,,continuing,False,False
KXBILLS-EVFEE,,,1655.61,2026-09-07T10:00:00Z,policy,2026-05-21T01:57:45Z,,entry,False,False
KXBILLS-NIL,13272.74,2026-08-24T21:00:00Z,14218.86,2026-09-07T22:00:00Z,policy,2026-05-22T15:41:22Z,,continuing,False,False
KXBLOCK75VISA-26NOV24,0.0,2026-08-25T00:00:00Z,,,policy,2026-08-24T19:21:36Z,,exit,False,False
KXBRENTMON-26AUG3117-T100.99,8078.54,2026-08-25T00:00:00Z,,,macro,2026-08-01T09:00:43Z,2026-09-01T17:59:41Z,exit,False,True
KXBRENTMON-26AUG3117-T102.99,5024.7,2026-08-25T00:00:00Z,,,macro,2026-08-01T09:00:43Z,2026-09-01T17:59:41Z,exit,False,True
KXBRENTMON-26AUG3117-T104.99,5690.52,2026-08-25T00:00:00Z,,,macro,2026-08-01T09:00:43Z,2026-09-01T17:59:41Z,exit,False,True
KXBRENTMON-26AUG3117-T106.99,1147.58,2026-08-25T00:00:00Z,,,macro,2026-08-01T09:00:43Z,2026-09-01T17:59:41Z,exit,False,True
KXBRENTMON-26AUG3117-T108.99,4770.99,2026-08-25T00:00:00Z,,,macro,2026-08-01T09:00:43Z,2026-09-01T17:59:41Z,exit,False,True
KXBRENTMON-26AUG3117-T70.99,2704.94,2026-08-25T00:00:00Z,,,macro,2026-08-01T09:00:43Z,2026-09-01T17:59:41Z,exit,False,True
KXBRENTMON-26AUG3117-T72.99,774.5,2026-08-25T00:00:00Z,,,macro,2026-08-01T09:00:43Z,2026-09-01T17:59:41Z,exit,False,True
KXBRENTMON-26AUG3117-T74.99,2104.37,2026-08-25T00:00:00Z,,,macro,2026-08-01T09:00:43Z,2026-09-01T17:59:41Z,exit,False,True
KXBRENTMON-26AUG3117-T76.99,3102.37,2026-08-25T00:00:00Z,,,macro,2026-08-01T09:00:43Z,2026-09-01T17:59:41Z,exit,False,True
KXBRENTMON-26AUG3117-T78.99,4038.01,2026-08-25T00:00:00Z,,,macro,2026-08-01T09:00:43Z,2026-09-01T17:59:41Z,exit,False,True
KXBRENTMON-26AUG3117-T80.99,3037.9,2026-08-25T00:00:00Z,,,macro,2026-08-01T09:00:43Z,2026-09-01T17:59:41Z,exit,False,True
KXBRENTMON-26AUG3117-T82.99,4935.92,2026-08-25T00:00:00Z,,,macro,2026-08-01T09:00:43Z,2026-09-01T17:59:41Z,exit,False,True
KXBRENTMON-26AUG3117-T84.99,5127.88,2026-08-25T00:00:00Z,,,macro,2026-08-01T09:00:43Z,2026-09-01T17:59:41Z,exit,False,True
KXBRENTMON-26AUG3117-T86.99,5288.1,2026-08-25T00:00:00Z,,,macro,2026-08-01T09:00:43Z,2026-09-01T17:59:41Z,exit,False,True
KXBRENTMON-26AUG3117-T88.99,3408.41,2026-08-25T00:00:00Z,,,macro,2026-08-01T09:00:43Z,2026-09-01T17:59:41Z,exit,False,True
KXBRENTMON-26AUG3117-T90.99,4494.3,2026-08-25T00:00:00Z,,,macro,2026-08-01T09:00:43Z,2026-09-01T17:59:41Z,exit,False,True
KXBRENTMON-26AUG3117-T92.99,4792.56,2026-08-25T00:00:00Z,,,macro,2026-08-01T09:00:43Z,2026-09-01T17:59:41Z,exit,False,True
KXBRENTMON-26AUG3117-T94.99,4669.55,2026-08-25T00:00:00Z,,,macro,2026-08-01T09:00:43Z,2026-09-01T17:59:41Z,exit,False,True
KXBRENTMON-26AUG3117-T96.99,5933.89,2026-08-25T00:00:00Z,,,macro,2026-08-01T09:00:43Z,2026-09-01T17:59:41Z,exit,False,True
KXBRENTMON-26AUG3117-T98.99,9235.8,2026-08-25T00:00:00Z,,,macro,2026-08-01T09:00:43Z,2026-09-01T17:59:41Z,exit,False,True
KXBRENTMON-26SEP3017-T101.99,,,2103.86,2026-09-08T00:00:00Z,macro,2026-09-01T09:00:33Z,,entry,True,False
KXBRENTMON-26SEP3017-T103.99,,,2684.47,2026-09-08T00:00:00Z,macro,2026-09-01T09:00:33Z,,entry,True,False
KXBRENTMON-26SEP3017-T105.99,,,1527.28,2026-09-08T00:00:00Z,macro,2026-09-01T09:00:33Z,,entry,True,False
KXBRENTMON-26SEP3017-T107.99,,,529.06,2026-09-08T00:00:00Z,macro,2026-09-01T09:00:33Z,,entry,True,False
KXBRENTMON-26SEP3017-T109.99,,,2611.0,2026-09-08T00:00:00Z,macro,2026-09-01T09:00:33Z,,entry,True,False
KXBRENTMON-26SEP3017-T51.99,,,0.0,2026-09-07T21:00:00Z,macro,2026-09-06T21:42:20Z,,entry,True,False
KXBRENTMON-26SEP3017-T53.99,,,0.0,2026-09-07T21:00:00Z,macro,2026-09-06T21:42:10Z,,entry,True,False
KXBRENTMON-26SEP3017-T55.99,,,0.0,2026-09-07T21:00:00Z,macro,2026-09-06T21:42:00Z,,entry,True,False
KXBRENTMON-26SEP3017-T57.99,,,0.0,2026-09-07T21:00:00Z,macro,2026-09-06T21:41:50Z,,entry,True,False
KXBRENTMON-26SEP3017-T59.99,,,0.0,2026-09-07T21:00:00Z,macro,2026-09-06T21:41:39Z,,entry,True,False
KXBRENTMON-26SEP3017-T61.99,,,0.0,2026-09-07T21:00:00Z,macro,2026-09-06T21:41:29Z,,entry,True,False
KXBRENTMON-26SEP3017-T63.99,,,0.0,2026-09-07T21:00:00Z,macro,2026-09-06T21:41:19Z,,entry,True,False
KXBRENTMON-26SEP3017-T65.99,,,0.0,2026-09-07T21:00:00Z,macro,2026-09-06T21:41:09Z,,entry,True,False
KXBRENTMON-26SEP3017-T67.99,,,0.0,2026-09-07T21:00:00Z,macro,2026-09-06T21:40:58Z,,entry,True,False
KXBRENTMON-26SEP3017-T69.99,,,0.0,2026-09-07T21:00:00Z,macro,2026-09-06T21:40:48Z,,entry,True,False
KXBRENTMON-26SEP3017-T71.99,,,4898.0,2026-09-08T00:00:00Z,macro,2026-09-01T09:00:33Z,,entry,True,False
KXBRENTMON-26SEP3017-T73.99,,,102.28,2026-09-08T00:00:00Z,macro,2026-09-01T09:00:33Z,,entry,True,False
KXBRENTMON-26SEP3017-T75.99,,,17.67,2026-09-08T00:00:00Z,macro,2026-09-01T09:00:33Z,,entry,True,False
KXBRENTMON-26SEP3017-T77.99,,,59.04,2026-09-08T00:00:00Z,macro,2026-09-01T09:00:33Z,,entry,True,False
KXBRENTMON-26SEP3017-T79.99,,,492.2,2026-09-08T00:00:00Z,macro,2026-09-01T09:00:33Z,,entry,True,False
KXBRENTMON-26SEP3017-T81.99,,,987.57,2026-09-08T00:00:00Z,macro,2026-09-01T09:00:33Z,,entry,True,False
KXBRENTMON-26SEP3017-T83.99,,,1525.05,2026-09-08T00:00:00Z,macro,2026-09-01T09:00:33Z,,entry,True,False
KXBRENTMON-26SEP3017-T85.99,,,713.6,2026-09-08T00:00:00Z,macro,2026-09-01T09:00:33Z,,entry,True,False
KXBRENTMON-26SEP3017-T87.99,,,2272.25,2026-09-08T00:00:00Z,macro,2026-09-01T09:00:33Z,,entry,True,False
KXBRENTMON-26SEP3017-T89.99,,,2592.2,2026-09-08T00:00:00Z,macro,2026-09-01T09:00:33Z,,entry,True,False
KXBRENTMON-26SEP3017-T91.99,,,3310.83,2026-09-08T00:00:00Z,macro,2026-09-01T09:00:33Z,,entry,True,False
KXBRENTMON-26SEP3017-T93.99,,,4872.87,2026-09-08T00:00:00Z,macro,2026-09-01T09:00:33Z,,entry,True,False
KXBRENTMON-26SEP3017-T95.99,,,4091.98,2026-09-08T00:00:00Z,macro,2026-09-01T09:00:33Z,,entry,True,False
KXBRENTMON-26SEP3017-T97.99,,,1512.59,2026-09-08T00:00:00Z,macro,2026-09-01T09:00:33Z,,entry,True,False
KXBRENTMON-26SEP3017-T99.99,,,3317.08,2026-09-08T00:00:00Z,macro,2026-09-01T09:00:33Z,,entry,True,False
KXCANAUTOSTEEL50-27,0.0,2026-08-25T00:00:00Z,,,policy,2026-08-24T19:21:22Z,,exit,False,False
KXCANUSDEAL-26-26AUG24,262.73,2026-08-24T04:00:00Z,,,policy,2026-08-21T16:33:53Z,2026-08-24T15:30:07Z,exit,False,False
KXCANUSDEAL-26-26DEC01,0.0,2026-08-24T19:00:00Z,,,policy,2026-08-24T16:01:44Z,,exit,False,False
KXCANUSDEAL-26-26NOV01,0.0,2026-08-24T19:00:00Z,,,policy,2026-08-24T16:01:32Z,,exit,False,False
KXCANUSDEAL-26-26OCT01,1152.01,2026-08-24T23:00:00Z,,,policy,2026-08-21T16:33:53Z,,exit,False,False
KXCANUSDEAL-26-26SEP01,102.0,2026-08-24T23:00:00Z,,,policy,2026-08-21T16:33:53Z,2026-09-01T13:39:21Z,exit,False,True
KXCANUSDEAL-26-27JAN01,0.0,2026-08-24T19:00:00Z,,,policy,2026-08-24T16:01:58Z,,exit,False,False
KXCAPGAINDOWN-26AUG-27JAN01,190.73,2026-08-24T15:00:00Z,436.73,2026-09-07T06:00:00Z,policy,2026-08-12T00:39:30Z,,continuing,False,False
KXCARRIEDINTEREST-26MAY-27JAN01,1.1,2026-08-24T09:00:00Z,,,policy,2026-05-14T19:23:49Z,,exit,False,False
KXCARRIEDINTEREST-26MAY-28JAN01,144.9,2026-08-24T16:00:00Z,,,policy,2026-05-14T19:23:49Z,,exit,False,False
KXCASEN26-26-SHER,1209.15,2026-08-24T17:00:00Z,,,election,2026-05-26T16:56:18Z,,exit,False,False
KXCASEN26-26-SRAS,339.12,2026-08-24T17:00:00Z,339.12,2026-09-07T10:00:00Z,election,2026-05-26T16:56:18Z,,continuing,False,False
KXCBDCBAN-26MAY,4956.93,2026-08-24T20:00:00Z,4956.93,2026-09-07T10:00:00Z,policy,2026-05-05T00:57:18Z,,continuing,False,False
KXCBRATEHIKE-27-FED,9186.88,2026-08-25T00:00:00Z,14515.99,2026-09-07T23:00:00Z,policy,2026-05-14T20:01:49Z,,continuing,False,False
KXCHINADATACENTER-26AUG-27JAN01,0.0,2026-08-24T16:00:00Z,0.0,2026-09-06T23:00:00Z,policy,2026-08-04T18:19:40Z,,continuing,False,False
KXCHINALIST-26JUL-MOON,7.0,2026-08-24T16:00:00Z,,,policy,2026-07-28T15:18:54Z,,exit,False,False
KXCIT301-BBAR27,4241.8,2026-08-24T16:00:00Z,4241.43,2026-09-07T10:00:00Z,policy,2026-08-11T00:43:59Z,,continuing,False,False
KXCMSDEFERRAL-26JUL-27JAN01,500.0,2026-08-24T10:00:00Z,500.91,2026-09-07T10:00:00Z,policy,2026-07-22T15:05:57Z,,continuing,False,False
KXCOMMGIFTS-26SEP30-A50000000,8.67,2026-08-24T16:00:00Z,,,policy,2026-07-14T18:58:12Z,,exit,False,False
KXCOMMGIFTS-26SEP30-A500000000,0.0,2026-08-24T17:00:00Z,,,policy,2026-07-14T18:59:06Z,,exit,False,False
KXCOMMGIFTS-26SEP30-T10000000,21.36,2026-08-24T16:00:00Z,,,policy,2026-05-04T19:09:31Z,,exit,False,False
KXCOMMGIFTS-26SEP30-T100000000,1671.01,2026-08-24T19:00:00Z,1671.01,2026-09-06T00:00:00Z,policy,2026-05-04T19:09:31Z,,continuing,False,False
KXCOMMGIFTS-26SEP30-T1000000000,1080.0,2026-08-24T17:00:00Z,1080.0,2026-09-06T11:00:00Z,policy,2026-05-04T19:09:31Z,,continuing,False,False
KXCOMMGIFTS-26SEP30-T2000000000,1440.0,2026-08-24T17:00:00Z,1440.0,2026-09-07T10:00:00Z,policy,2026-05-04T19:09:31Z,,continuing,False,False
KXCOMMGIFTS-26SEP30-T4000000000,0.0,2026-08-24T17:00:00Z,,,policy,2026-05-04T19:09:31Z,,exit,False,False
KXCOMMGIFTS-26SEP30-T6000000000,54.0,2026-08-24T17:00:00Z,55.0,2026-09-07T10:00:00Z,policy,2026-05-04T19:09:31Z,,continuing,False,False
KXCOPPERCABLE-28-27JAN01,501.5,2026-08-24T16:00:00Z,,,policy,2026-07-28T15:29:26Z,,exit,False,False
KXCOPPERCABLE-28-28JAN01,512.0,2026-08-24T16:00:00Z,,,policy,2026-07-28T15:29:26Z,,exit,False,False
KXCORPTAXCUT-27JAN01-21,19630.31,2026-08-25T00:00:00Z,19776.25,2026-09-06T21:00:00Z,policy,2025-12-09T22:05:42Z,,continuing,False,False
KXCPI-26AUG-T-0.1,4431.14,2026-08-23T14:00:00Z,4432.14,2026-09-06T19:00:00Z,macro,2026-02-19T23:38:34Z,,continuing,False,False
KXCPI-26AUG-T-0.2,2903.05,2026-08-24T21:00:00Z,,,macro,2026-07-20T17:41:11Z,,exit,False,False
KXCPI-26AUG-T-0.3,871.7,2026-08-24T21:00:00Z,,,macro,2026-07-20T17:41:34Z,,exit,False,False
KXCPI-26AUG-T-0.4,257.35,2026-08-24T21:00:00Z,17382.24,2026-09-07T05:00:00Z,macro,2026-07-20T17:41:47Z,,continuing,False,False
KXCPI-26AUG-T0.0,8817.63,2026-08-24T07:00:00Z,10870.63,2026-09-07T07:00:00Z,macro,2026-02-19T23:38:34Z,,continuing,False,False
KXCPI-26AUG-T0.1,4644.42,2026-08-24T22:00:00Z,17952.79,2026-09-06T06:00:00Z,macro,2026-02-19T23:38:34Z,,continuing,False,False
KXCPI-26AUG-T0.2,7965.08,2026-08-25T00:00:00Z,16636.0,2026-09-08T00:00:00Z,macro,2026-02-19T23:38:34Z,,continuing,False,False
KXCPI-26AUG-T0.3,13316.6,2026-08-25T00:00:00Z,25034.49,2026-09-08T00:00:00Z,macro,2026-02-19T23:38:34Z,,continuing,False,False
KXCPI-26AUG-T0.4,12440.64,2026-08-25T00:00:00Z,27471.68,2026-09-08T00:00:00Z,macro,2026-02-19T23:38:34Z,,continuing,False,False
KXCPI-26AUG-T0.5,4204.36,2026-08-24T22:00:00Z,34744.31,2026-09-08T00:00:00Z,macro,2026-02-19T23:38:34Z,,continuing,False,False
KXCPI-26AUG-T0.6,3409.45,2026-08-24T22:00:00Z,14823.45,2026-09-07T22:00:00Z,macro,2026-07-23T20:32:26Z,,continuing,False,False
KXCPI-26AUG-T0.7,3428.86,2026-08-24T21:00:00Z,7625.86,2026-09-07T22:00:00Z,macro,2026-07-23T20:32:42Z,,continuing,False,False
KXCPI-26AUG-T0.8,525.78,2026-08-24T23:00:00Z,14303.78,2026-09-07T16:00:00Z,macro,2026-07-23T20:32:55Z,,continuing,False,False
KXCPI-26AUG-T0.9,1060.54,2026-08-24T21:00:00Z,,,macro,2026-07-23T20:33:09Z,,exit,False,False
KXCPI-26AUG-T1.0,325.99,2026-08-24T21:00:00Z,962.98,2026-09-07T21:00:00Z,macro,2026-07-23T20:33:23Z,,continuing,False,False
KXCPI-26NOV-T-0.1,220.0,2026-08-24T17:00:00Z,219.0,2026-09-07T23:00:00Z,macro,2026-02-19T23:56:14Z,,continuing,False,False
KXCPI-26NOV-T0.0,438.0,2026-08-23T19:00:00Z,433.0,2026-09-06T18:00:00Z,macro,2026-02-19T23:56:14Z,,continuing,False,False
KXCPI-26NOV-T0.1,371.24,2026-08-23T14:00:00Z,371.24,2026-09-07T23:00:00Z,macro,2026-02-19T23:56:14Z,,continuing,False,False
KXCPI-26NOV-T0.2,297.06,2026-08-23T14:00:00Z,276.06,2026-09-07T02:00:00Z,macro,2026-02-19T23:56:14Z,,continuing,False,False
KXCPI-26NOV-T0.3,386.5,2026-08-24T17:00:00Z,394.79,2026-09-07T00:00:00Z,macro,2026-02-19T23:56:14Z,,continuing,False,False
KXCPI-26NOV-T0.4,822.91,2026-08-23T15:00:00Z,838.91,2026-09-07T15:00:00Z,macro,2026-02-19T23:56:14Z,,continuing,False,False
KXCPI-26NOV-T0.5,640.98,2026-08-23T14:00:00Z,696.98,2026-09-07T00:00:00Z,macro,2026-02-19T23:56:14Z,,continuing,False,False
KXCPI-26OCT-T-0.1,465.2,2026-08-24T21:00:00Z,,,macro,2026-02-19T23:50:22Z,,exit,False,False
KXCPI-26OCT-T0.0,126.0,2026-08-23T15:00:00Z,,,macro,2026-02-19T23:50:22Z,,exit,False,False
KXCPI-26OCT-T0.1,203.75,2026-08-23T18:00:00Z,211.75,2026-09-08T00:00:00Z,macro,2026-02-19T23:50:22Z,,continuing,False,False
KXCPI-26OCT-T0.2,177.68,2026-08-25T00:00:00Z,203.02,2026-09-07T00:00:00Z,macro,2026-02-19T23:50:22Z,,continuing,False,False
KXCPI-26OCT-T0.3,414.05,2026-08-25T00:00:00Z,427.05,2026-09-07T22:00:00Z,macro,2026-02-19T23:50:22Z,,continuing,False,False
KXCPI-26OCT-T0.4,505.0,2026-08-23T18:00:00Z,509.0,2026-09-07T00:00:00Z,macro,2026-02-19T23:50:22Z,,continuing,False,False
KXCPI-26OCT-T0.5,475.6,2026-08-23T18:00:00Z,476.6,2026-09-07T00:00:00Z,macro,2026-02-19T23:50:22Z,,continuing,False,False
KXCPI-26SEP-T-0.1,593.8,2026-08-25T00:00:00Z,634.93,2026-09-07T22:00:00Z,macro,2026-02-19T23:44:49Z,,continuing,False,False
KXCPI-26SEP-T-0.2,28.0,2026-08-24T22:00:00Z,398.0,2026-09-08T00:00:00Z,macro,2026-07-20T17:43:17Z,,continuing,False,False
KXCPI-26SEP-T-0.3,15.99,2026-08-25T00:00:00Z,34.99,2026-09-07T23:00:00Z,macro,2026-07-20T17:43:35Z,,continuing,False,False
KXCPI-26SEP-T-0.4,47.0,2026-08-24T22:00:00Z,462.0,2026-09-08T00:00:00Z,macro,2026-07-20T17:43:52Z,,continuing,False,False
KXCPI-26SEP-T0.0,545.49,2026-08-25T00:00:00Z,574.49,2026-09-08T00:00:00Z,macro,2026-02-19T23:44:49Z,,continuing,False,False
KXCPI-26SEP-T0.1,286.01,2026-08-25T00:00:00Z,207.99,2026-09-08T00:00:00Z,macro,2026-02-19T23:44:49Z,,continuing,False,False
KXCPI-26SEP-T0.2,476.78,2026-08-25T00:00:00Z,1044.72,2026-09-08T00:00:00Z,macro,2026-02-19T23:44:49Z,,continuing,False,False
KXCPI-26SEP-T0.3,553.01,2026-08-25T00:00:00Z,681.45,2026-09-08T00:00:00Z,macro,2026-02-19T23:44:49Z,,continuing,False,False
KXCPI-26SEP-T0.4,950.0,2026-08-24T14:00:00Z,1120.42,2026-09-08T00:00:00Z,macro,2026-02-19T23:44:49Z,,continuing,False,False
KXCPI-26SEP-T0.5,676.89,2026-08-24T13:00:00Z,851.18,2026-09-08T00:00:00Z,macro,2026-02-19T23:44:49Z,,continuing,False,False
KXCPI-26SEP-T0.6,649.0,2026-08-25T00:00:00Z,513.51,2026-09-08T00:00:00Z,macro,2026-07-20T17:44:26Z,,continuing,False,False
KXCPICORE-26AUG-T0.0,6.0,2026-08-24T17:00:00Z,6.0,2026-09-07T21:00:00Z,macro,2026-06-10T18:03:41Z,,continuing,False,False
KXCPICORE-26AUG-T0.1,111.78,2026-08-25T00:00:00Z,6341.5,2026-09-08T00:00:00Z,macro,2026-06-10T18:03:41Z,,continuing,False,False
KXCPICORE-26AUG-T0.2,531.71,2026-08-25T00:00:00Z,1785.04,2026-09-07T21:00:00Z,macro,2026-06-10T18:03:41Z,,continuing,False,False
KXCPICORE-26AUG-T0.3,498.98,2026-08-24T16:00:00Z,,,macro,2026-06-10T18:03:41Z,,exit,False,False
KXCPICORE-26AUG-T0.4,,,1097.0,2026-09-06T22:00:00Z,macro,2026-06-10T18:03:41Z,,entry,False,False
KXCPICORE-26AUG-T0.5,,,61.0,2026-09-07T06:00:00Z,macro,2026-06-10T18:03:41Z,,entry,False,False
KXCPICORE-26AUG-T0.6,,,123.0,2026-09-07T08:00:00Z,macro,2026-06-10T18:03:41Z,,entry,False,False
KXCPICORE-26AUG-T0.7,,,38.19,2026-09-07T19:00:00Z,macro,2026-06-10T18:03:41Z,,entry,False,False
KXCPICORE-26AUG-T0.8,,,34.0,2026-09-07T19:00:00Z,macro,2026-06-10T18:03:41Z,,entry,False,False
KXCPICORE-26NOV-T0.1,59.01,2026-08-24T16:00:00Z,59.01,2026-09-06T13:00:00Z,macro,2026-06-10T23:52:50Z,,continuing,False,False
KXCPICORE-26NOV-T0.2,35.0,2026-08-24T21:00:00Z,35.0,2026-09-06T13:00:00Z,macro,2026-06-10T23:52:50Z,,continuing,False,False
KXCPICORE-26NOV-T0.3,,,22.72,2026-09-06T13:00:00Z,macro,2026-06-10T23:52:50Z,,entry,False,False
KXCPICORE-26NOV-T1.0,40.0,2026-08-23T16:00:00Z,,,macro,2026-06-10T23:52:50Z,,exit,False,False
KXCPICORE-26OCT-T0.0,7.0,2026-08-25T00:00:00Z,,,macro,2026-06-10T19:38:34Z,,exit,False,False
KXCPICORE-26OCT-T0.1,8.01,2026-08-25T00:00:00Z,8.01,2026-09-06T02:00:00Z,macro,2026-06-10T19:38:34Z,,continuing,False,False
KXCPICORE-26OCT-T0.2,15.99,2026-08-25T00:00:00Z,15.99,2026-09-06T02:00:00Z,macro,2026-06-10T19:38:34Z,,continuing,False,False
KXCPICORE-26OCT-T0.7,,,502.0,2026-09-07T19:00:00Z,macro,2026-06-10T19:38:34Z,,entry,False,False
KXCPICORE-26OCT-T0.8,25.0,2026-08-24T10:00:00Z,25.0,2026-09-07T09:00:00Z,macro,2026-06-10T19:38:34Z,,continuing,False,False
KXCPICORE-26SEP-T0.0,3.01,2026-08-24T17:00:00Z,3.01,2026-09-06T04:00:00Z,macro,2026-06-10T19:30:10Z,,continuing,False,False
KXCPICORE-26SEP-T0.1,4.01,2026-08-24T21:00:00Z,4.01,2026-09-06T02:00:00Z,macro,2026-06-10T19:30:10Z,,continuing,False,False
KXCPICORE-26SEP-T0.2,5.01,2026-08-24T21:00:00Z,5.01,2026-09-06T01:00:00Z,macro,2026-06-10T19:30:10Z,,continuing,False,False
KXCPICOREYOY-26AUG-T2.1,10345.0,2026-08-24T22:00:00Z,11345.0,2026-09-07T14:00:00Z,macro,2026-06-10T17:19:41Z,,continuing,False,False
KXCPICOREYOY-26AUG-T2.2,209.46,2026-08-25T00:00:00Z,2682.92,2026-09-07T21:00:00Z,macro,2026-06-10T17:19:41Z,,continuing,False,False
KXCPICOREYOY-26AUG-T2.3,292.45,2026-08-25T00:00:00Z,4886.27,2026-09-07T20:00:00Z,macro,2026-06-10T17:19:41Z,,continuing,False,False
KXCPICOREYOY-26AUG-T2.4,1435.2,2026-08-25T00:00:00Z,4659.63,2026-09-08T00:00:00Z,macro,2026-06-10T17:19:41Z,,continuing,False,False
KXCPICOREYOY-26AUG-T2.5,336.0,2026-08-24T22:00:00Z,350.99,2026-09-07T08:00:00Z,macro,2026-06-10T17:19:41Z,,continuing,False,False
KXCPICOREYOY-26AUG-T2.6,253.41,2026-08-24T23:00:00Z,252.41,2026-09-07T04:00:00Z,macro,2026-06-10T17:19:41Z,,continuing,False,False
KXCPICOREYOY-26AUG-T2.7,5853.75,2026-08-24T22:00:00Z,5853.75,2026-09-07T01:00:00Z,macro,2026-06-10T17:19:41Z,,continuing,False,False
KXCPICOREYOY-26AUG-T2.8,310.0,2026-08-25T00:00:00Z,305.0,2026-09-07T21:00:00Z,macro,2026-06-10T17:19:41Z,,continuing,False,False
KXCPICOREYOY-26AUG-T2.9,1043.8,2026-08-24T23:00:00Z,1043.8,2026-09-07T01:00:00Z,macro,2026-06-10T17:19:41Z,,continuing,False,False
KXCPICOREYOY-26AUG-T3.0,309.0,2026-08-24T22:00:00Z,309.0,2026-09-07T01:00:00Z,macro,2026-06-10T17:19:41Z,,continuing,False,False
KXCPICOREYOY-26AUG-T3.1,84.99,2026-08-24T23:00:00Z,84.99,2026-09-07T21:00:00Z,macro,2026-06-10T17:19:41Z,,continuing,False,False
KXCPICOREYOY-26AUG-T3.2,53.28,2026-08-24T23:00:00Z,55.98,2026-09-07T21:00:00Z,macro,2026-06-10T17:19:41Z,,continuing,False,False
KXCPICOREYOY-26AUG-T3.4,456.13,2026-08-24T22:00:00Z,456.13,2026-09-07T21:00:00Z,macro,2026-06-10T17:19:41Z,,continuing,False,False
KXCPICOREYOY-26AUG-T3.5,,,53.01,2026-09-07T04:00:00Z,macro,2026-06-10T17:19:41Z,,entry,False,False
KXCPICOREYOY-26NOV-T2.0,0.0,2026-08-24T17:00:00Z,0.0,2026-09-07T02:00:00Z,macro,2026-07-07T23:07:44Z,,continuing,False,False
KXCPICOREYOY-26NOV-T2.1,25.01,2026-08-23T02:00:00Z,25.01,2026-09-07T21:00:00Z,macro,2026-06-10T17:45:55Z,,continuing,False,False
KXCPICOREYOY-26NOV-T2.2,319.01,2026-08-24T23:00:00Z,319.01,2026-09-07T02:00:00Z,macro,2026-06-10T17:45:55Z,,continuing,False,False
KXCPICOREYOY-26NOV-T2.3,13.0,2026-08-25T00:00:00Z,13.0,2026-09-07T02:00:00Z,macro,2026-06-10T17:45:55Z,,continuing,False,False
KXCPICOREYOY-26NOV-T2.4,8.03,2026-08-25T00:00:00Z,8.03,2026-09-07T02:00:00Z,macro,2026-06-10T17:45:55Z,,continuing,False,False
KXCPICOREYOY-26NOV-T2.5,124.01,2026-08-25T00:00:00Z,124.01,2026-09-07T19:00:00Z,macro,2026-06-10T17:45:55Z,,continuing,False,False
KXCPICOREYOY-26NOV-T2.6,304.01,2026-08-25T00:00:00Z,585.01,2026-09-07T22:00:00Z,macro,2026-06-10T17:45:55Z,,continuing,False,False
KXCPICOREYOY-26NOV-T2.7,16.0,2026-08-24T21:00:00Z,16.0,2026-09-06T01:00:00Z,macro,2026-06-10T17:45:55Z,,continuing,False,False
KXCPICOREYOY-26NOV-T2.8,202.06,2026-08-25T00:00:00Z,,,macro,2026-06-10T17:45:55Z,,exit,False,False
KXCPICOREYOY-26NOV-T2.9,11.0,2026-08-24T19:00:00Z,,,macro,2026-06-10T17:45:55Z,,exit,False,False
KXCPICOREYOY-26NOV-T3.0,227.0,2026-08-25T00:00:00Z,227.0,2026-09-06T05:00:00Z,macro,2026-06-10T17:45:55Z,,continuing,False,False
KXCPICOREYOY-26NOV-T3.3,16.0,2026-08-25T00:00:00Z,16.0,2026-09-07T09:00:00Z,macro,2026-06-10T17:45:55Z,,continuing,False,False
KXCPICOREYOY-26NOV-T3.4,117.0,2026-08-25T00:00:00Z,117.0,2026-09-07T09:00:00Z,macro,2026-06-10T17:45:55Z,,continuing,False,False
KXCPICOREYOY-26NOV-T3.5,750.14,2026-08-24T10:00:00Z,750.14,2026-09-07T09:00:00Z,macro,2026-06-10T17:45:55Z,,continuing,False,False
KXCPICOREYOY-26SEP-T2.1,30.0,2026-08-24T17:00:00Z,30.0,2026-09-08T00:00:00Z,macro,2026-06-10T17:31:42Z,,continuing,False,False
KXCPICOREYOY-26SEP-T2.2,18.0,2026-08-24T21:00:00Z,218.0,2026-09-08T00:00:00Z,macro,2026-06-10T17:31:42Z,,continuing,False,False
KXCPICOREYOY-26SEP-T2.3,39.82,2026-08-25T00:00:00Z,53.38,2026-09-08T00:00:00Z,macro,2026-06-10T17:31:42Z,,continuing,False,False
KXCPICOREYOY-26SEP-T2.4,109.06,2026-08-24T21:00:00Z,268.0,2026-09-08T00:00:00Z,macro,2026-06-10T17:31:42Z,,continuing,False,False
KXCPICOREYOY-26SEP-T2.5,42.0,2026-08-24T17:00:00Z,75.04,2026-09-08T00:00:00Z,macro,2026-06-10T17:31:42Z,,continuing,False,False
KXCPICOREYOY-26SEP-T2.6,211.0,2026-08-24T14:00:00Z,377.0,2026-09-07T18:00:00Z,macro,2026-06-10T17:31:42Z,,continuing,False,False
KXCPICOREYOY-26SEP-T2.7,,,34.06,2026-09-07T13:00:00Z,macro,2026-06-10T17:31:42Z,,entry,False,False
KXCPICOREYOY-26SEP-T2.8,435.0,2026-08-24T14:00:00Z,,,macro,2026-06-10T17:31:42Z,,exit,False,False
KXCPICOREYOY-26SEP-T2.9,,,56.0,2026-09-07T13:00:00Z,macro,2026-06-10T17:31:42Z,,entry,False,False
KXCPICOREYOY-26SEP-T3.0,382.92,2026-08-24T04:00:00Z,377.92,2026-09-07T13:00:00Z,macro,2026-06-10T17:31:42Z,,continuing,False,False
KXCPICOREYOY-26SEP-T3.2,,,12.0,2026-09-07T06:00:00Z,macro,2026-06-10T17:31:42Z,,entry,False,False
KXCPIYOY-26AUG-T2.5,487.9,2026-08-24T21:00:00Z,16489.9,2026-09-07T22:00:00Z,macro,2026-07-20T17:38:20Z,,continuing,False,False
KXCPIYOY-26AUG-T2.6,194.66,2026-08-24T21:00:00Z,196.66,2026-09-07T22:00:00Z,macro,2026-07-20T17:38:04Z,,continuing,False,False
KXCPIYOY-26AUG-T2.7,150.0,2026-08-25T00:00:00Z,26551.0,2026-09-07T22:00:00Z,macro,2026-07-20T17:37:49Z,,continuing,False,False
KXCPIYOY-26AUG-T2.8,219.0,2026-08-25T00:00:00Z,223.0,2026-09-07T22:00:00Z,macro,2026-07-20T17:37:29Z,,continuing,False,False
KXCPIYOY-26AUG-T2.9,706.04,2026-08-24T21:00:00Z,3236.04,2026-09-07T16:00:00Z,macro,2026-07-20T17:37:06Z,,continuing,False,False
KXCPIYOY-26AUG-T3.0,868.48,2026-08-25T00:00:00Z,1427.19,2026-09-07T04:00:00Z,macro,2026-06-09T22:04:33Z,,continuing,False,False
KXCPIYOY-26AUG-T3.1,3591.47,2026-08-25T00:00:00Z,7651.53,2026-09-07T17:00:00Z,macro,2026-06-09T22:04:33Z,,continuing,False,False
KXCPIYOY-26AUG-T3.2,10627.96,2026-08-25T00:00:00Z,58885.27,2026-09-08T00:00:00Z,macro,2026-06-09T22:04:33Z,,continuing,False,False
KXCPIYOY-26AUG-T3.3,21497.37,2026-08-24T23:00:00Z,78491.49,2026-09-08T00:00:00Z,macro,2026-06-09T22:04:33Z,,continuing,False,False
KXCPIYOY-26AUG-T3.4,21356.97,2026-08-25T00:00:00Z,108372.38,2026-09-08T00:00:00Z,macro,2026-06-09T22:04:33Z,,continuing,False,False
KXCPIYOY-26AUG-T3.5,12292.68,2026-08-25T00:00:00Z,76024.06,2026-09-08T00:00:00Z,macro,2026-06-09T22:04:33Z,,continuing,False,False
KXCPIYOY-26AUG-T3.6,8870.33,2026-08-25T00:00:00Z,24207.76,2026-09-07T21:00:00Z,macro,2026-06-09T22:04:33Z,,continuing,False,False
KXCPIYOY-26AUG-T3.7,2219.79,2026-08-25T00:00:00Z,4060.49,2026-09-07T04:00:00Z,macro,2026-06-09T22:04:33Z,,continuing,False,False
KXCPIYOY-26AUG-T3.8,2173.91,2026-08-24T21:00:00Z,30462.86,2026-09-07T18:00:00Z,macro,2026-06-09T22:04:33Z,,continuing,False,False
KXCPIYOY-26AUG-T3.9,1367.09,2026-08-25T00:00:00Z,,,macro,2026-06-09T22:04:33Z,,exit,False,False
KXCPIYOY-26AUG-T4.0,1519.14,2026-08-25T00:00:00Z,,,macro,2026-06-09T22:04:33Z,,exit,False,False
KXCPIYOY-26AUG-T4.1,210.0,2026-08-25T00:00:00Z,,,macro,2026-06-09T22:04:33Z,,exit,False,False
KXCPIYOY-26AUG-T4.2,362.0,2026-08-25T00:00:00Z,,,macro,2026-06-09T22:04:33Z,,exit,False,False
KXCPIYOY-26AUG-T4.3,2846.91,2026-08-24T23:00:00Z,,,macro,2026-06-09T22:04:33Z,,exit,False,False
KXCPIYOY-26AUG-T4.4,338.12,2026-08-25T00:00:00Z,,,macro,2026-06-09T22:04:33Z,,exit,False,False
KXCPIYOY-26AUG-T4.5,324.25,2026-08-25T00:00:00Z,,,macro,2026-06-09T22:04:33Z,,exit,False,False
KXCPIYOY-26AUG-T4.6,530.25,2026-08-25T00:00:00Z,,,macro,2026-06-09T22:04:33Z,,exit,False,False
KXCPIYOY-26AUG-T4.7,420.69,2026-08-24T22:00:00Z,,,macro,2026-06-09T22:04:33Z,,exit,False,False
KXCPIYOY-26AUG-T4.8,365.69,2026-08-24T22:00:00Z,,,macro,2026-06-09T22:04:33Z,,exit,False,False
KXCPIYOY-26AUG-T4.9,643.33,2026-08-24T21:00:00Z,,,macro,2026-06-09T22:04:33Z,,exit,False,False
KXCPIYOY-26AUG-T5.0,862.4,2026-08-24T22:00:00Z,,,macro,2026-06-09T22:04:33Z,,exit,False,False
KXCPIYOY-26NOV-T3.0,41.0,2026-08-24T22:00:00Z,41.0,2026-09-07T23:00:00Z,macro,2026-06-10T16:59:20Z,,continuing,False,False
KXCPIYOY-26NOV-T3.1,42.0,2026-08-24T23:00:00Z,166.0,2026-09-07T02:00:00Z,macro,2026-06-10T16:59:20Z,,continuing,False,False
KXCPIYOY-26NOV-T3.2,30.0,2026-08-25T00:00:00Z,30.0,2026-09-07T02:00:00Z,macro,2026-06-10T16:59:20Z,,continuing,False,False
KXCPIYOY-26NOV-T3.3,315.0,2026-08-24T23:00:00Z,313.0,2026-09-06T01:00:00Z,macro,2026-06-10T16:59:20Z,,continuing,False,False
KXCPIYOY-26NOV-T3.4,110.0,2026-08-24T22:00:00Z,112.68,2026-09-08T00:00:00Z,macro,2026-06-10T16:59:20Z,,continuing,False,False
KXCPIYOY-26NOV-T3.5,240.0,2026-08-24T23:00:00Z,240.0,2026-09-08T00:00:00Z,macro,2026-06-10T16:59:20Z,,continuing,False,False
KXCPIYOY-26NOV-T3.6,139.0,2026-08-24T23:00:00Z,144.0,2026-09-06T19:00:00Z,macro,2026-06-10T16:59:20Z,,continuing,False,False
KXCPIYOY-26NOV-T3.7,14.99,2026-08-24T22:00:00Z,17.99,2026-09-06T05:00:00Z,macro,2026-06-10T16:59:20Z,,continuing,False,False
KXCPIYOY-26NOV-T4.4,66.0,2026-08-24T17:00:00Z,,,macro,2026-06-10T16:59:20Z,,exit,False,False
KXCPIYOY-26NOV-T5.0,51.0,2026-08-24T17:00:00Z,40.0,2026-09-07T18:00:00Z,macro,2026-06-10T16:59:20Z,,continuing,False,False
KXCPIYOY-26SEP-T3.0,1111.47,2026-08-24T17:00:00Z,1103.29,2026-09-07T09:00:00Z,macro,2026-06-09T22:18:53Z,,continuing,False,False
KXCPIYOY-26SEP-T3.1,111.0,2026-08-25T00:00:00Z,114.0,2026-09-07T19:00:00Z,macro,2026-06-09T22:18:53Z,,continuing,False,False
KXCPIYOY-26SEP-T3.2,191.0,2026-08-24T23:00:00Z,227.7,2026-09-08T00:00:00Z,macro,2026-06-09T22:18:53Z,,continuing,False,False
KXCPIYOY-26SEP-T3.3,138.46,2026-08-25T00:00:00Z,293.34,2026-09-08T00:00:00Z,macro,2026-06-09T22:18:53Z,,continuing,False,False
KXCPIYOY-26SEP-T3.4,125.41,2026-08-24T23:00:00Z,188.0,2026-09-08T00:00:00Z,macro,2026-06-09T22:18:53Z,,continuing,False,False
KXCPIYOY-26SEP-T3.5,17.0,2026-08-24T22:00:00Z,56.57,2026-09-08T00:00:00Z,macro,2026-06-09T22:18:53Z,,continuing,False,False
KXCPIYOY-26SEP-T3.6,176.0,2026-08-24T22:00:00Z,220.0,2026-09-08T00:00:00Z,macro,2026-06-09T22:18:53Z,,continuing,False,False
KXCPIYOY-26SEP-T3.7,,,1644.45,2026-09-07T22:00:00Z,macro,2026-06-09T22:18:53Z,,entry,False,False
KXCPIYOY-26SEP-T3.8,,,781.68,2026-09-08T00:00:00Z,macro,2026-06-09T22:18:53Z,,entry,False,False
KXCPIYOY-26SEP-T3.9,,,1293.0,2026-09-08T00:00:00Z,macro,2026-06-09T22:18:53Z,,entry,False,False
KXCPIYOY-26SEP-T4.0,259.0,2026-08-23T03:00:00Z,350.0,2026-09-07T00:00:00Z,macro,2026-06-09T22:18:53Z,,continuing,False,False
KXCPIYOY-26SEP-T4.1,,,107.0,2026-09-08T00:00:00Z,macro,2026-06-09T22:18:53Z,,entry,False,False
KXCPIYOY-26SEP-T4.2,,,123.0,2026-09-08T00:00:00Z,macro,2026-06-09T22:18:53Z,,entry,False,False
KXCPIYOY-26SEP-T4.3,190.01,2026-08-24T17:00:00Z,213.01,2026-09-08T00:00:00Z,macro,2026-06-09T22:18:53Z,,continuing,False,False
KXCPIYOY-26SEP-T4.4,,,165.0,2026-09-06T08:00:00Z,macro,2026-06-09T22:18:53Z,,entry,False,False
KXCPIYOY-26SEP-T4.5,,,123.8,2026-09-06T06:00:00Z,macro,2026-06-09T22:18:53Z,,entry,False,False
KXCPIYOY-26SEP-T4.6,,,113.0,2026-09-08T00:00:00Z,macro,2026-06-09T22:18:53Z,,entry,False,False
KXCPIYOY-26SEP-T4.7,,,28.0,2026-09-08T00:00:00Z,macro,2026-06-09T22:18:53Z,,entry,False,False
KXCPIYOY-26SEP-T4.8,149.0,2026-08-24T18:00:00Z,1157.0,2026-09-07T07:00:00Z,macro,2026-06-09T22:18:53Z,,continuing,False,False
KXCPIYOY-26SEP-T4.9,,,1090.27,2026-09-08T00:00:00Z,macro,2026-06-09T22:18:53Z,,entry,False,False
KXCPIYOY-26SEP-T5.0,,,93.0,2026-09-06T02:00:00Z,macro,2026-06-09T22:18:53Z,,entry,False,False
KXCRUDEEXPORTBAN-27,9971.86,2026-08-24T19:00:00Z,9946.0,2026-09-07T23:00:00Z,policy,2026-05-18T19:52:09Z,,continuing,False,False
KXDATACENTCON-26OCT01-T70.0,,,1.0,2026-09-07T07:00:00Z,macro,2026-09-01T18:28:32Z,,entry,True,False
KXDATACENTCON-26OCT01-T72.5,,,3.09,2026-09-07T10:00:00Z,macro,2026-09-01T18:28:32Z,,entry,True,False
KXDATACENTCON-26OCT01-T75.0,,,0.0,2026-09-06T10:00:00Z,macro,2026-09-01T18:28:32Z,,entry,True,False
KXDATACENTCON-26OCT01-T77.5,,,0.0,2026-09-06T10:00:00Z,macro,2026-09-01T18:28:32Z,,entry,True,False
KXDATACENTCON-26OCT01-T80.0,,,512.0,2026-09-07T21:00:00Z,macro,2026-09-01T18:28:32Z,,entry,True,False
KXDATACENTCON-26OCT01-T82.5,,,1239.01,2026-09-07T21:00:00Z,macro,2026-09-01T18:28:32Z,,entry,True,False
KXDATACENTCON-26OCT01-T85.0,,,579.01,2026-09-07T10:00:00Z,macro,2026-09-01T18:28:32Z,,entry,True,False
KXDATACENTCON-26SEP01-T65.0,1988.15,2026-08-24T21:00:00Z,,,macro,2026-08-14T20:58:40Z,2026-09-01T14:44:41Z,exit,False,True
KXDATACENTCON-26SEP01-T67.5,912.25,2026-08-25T00:00:00Z,,,macro,2026-08-14T20:58:40Z,2026-09-01T14:44:41Z,exit,False,True
KXDATACENTCON-26SEP01-T70.0,510.05,2026-08-24T23:00:00Z,,,macro,2026-08-14T20:58:40Z,2026-09-01T14:44:41Z,exit,False,True
KXDATACENTCON-26SEP01-T72.5,279.68,2026-08-25T00:00:00Z,,,macro,2026-08-14T20:58:40Z,2026-09-01T14:44:41Z,exit,False,True
KXDATACENTCON-26SEP01-T75.0,0.15,2026-08-24T21:00:00Z,,,macro,2026-08-14T20:58:40Z,2026-09-01T14:44:41Z,exit,False,True
KXDATACENTCON-26SEP01-T77.5,1510.15,2026-08-24T21:00:00Z,,,macro,2026-08-14T20:58:40Z,2026-09-01T14:44:41Z,exit,False,True
KXDATACENTCON-26SEP01-T80.0,2028.39,2026-08-24T21:00:00Z,,,macro,2026-08-14T20:58:40Z,2026-09-01T14:44:41Z,exit,False,True
KXDATACENTERMORATORIUM-27JAN012,2174.17,2026-08-24T17:00:00Z,,,policy,2026-07-14T15:53:13Z,,exit,False,False
KXDCEILEND-26-27,426.82,2026-08-24T17:00:00Z,438.82,2026-09-07T21:00:00Z,policy,2025-12-03T22:35:18Z,,continuing,False,False
KXDEFGDP-26OCT20-T5,21087.7,2026-08-24T19:00:00Z,22277.49,2026-09-06T01:00:00Z,macro,2026-03-11T17:31:49Z,,continuing,False,False
KXDEPORTATIONS-27JAN01-T200000,2613.08,2026-08-25T00:00:00Z,2613.08,2026-09-06T20:00:00Z,policy,2026-02-11T22:01:28Z,,continuing,False,False
KXDEPORTATIONS-27JAN01-T300000,5393.54,2026-08-25T00:00:00Z,5393.54,2026-09-08T00:00:00Z,policy,2026-02-11T22:01:28Z,,continuing,False,False
KXDEPORTATIONS-27JAN01-T400000,10829.02,2026-08-23T01:00:00Z,11235.81,2026-09-07T10:00:00Z,policy,2026-02-11T22:01:28Z,,continuing,False,False
KXDEPORTATIONS-27JAN01-T450000,7183.2,2026-08-25T00:00:00Z,5899.5,2026-09-07T22:00:00Z,policy,2026-07-14T18:48:25Z,,continuing,False,False
KXDEPORTATIONS-27JAN01-T500000,16787.44,2026-08-25T00:00:00Z,23452.17,2026-09-07T23:00:00Z,policy,2026-02-11T22:01:28Z,,continuing,False,False
KXDEPORTATIONS-27JAN01-T600000,16728.87,2026-08-25T00:00:00Z,17547.0,2026-09-07T21:00:00Z,policy,2026-02-11T22:01:28Z,,continuing,False,False
KXDOJBEEFACTION-27JAN01,,,1188.0,2026-09-07T01:00:00Z,policy,2026-09-02T22:27:48Z,,entry,True,False
KXEARNINGSMENTIONADBE-26SEP10-ANTH,,,298.72,2026-09-07T01:00:00Z,mention,2026-08-26T19:56:18Z,,entry,True,False
KXEARNINGSMENTIONADBE-26SEP10-GENE,,,600.15,2026-09-07T22:00:00Z,mention,2026-08-26T19:56:18Z,,entry,True,False
KXEARNINGSMENTIONADBE-26SEP10-OPENA,,,457.34,2026-09-07T07:00:00Z,mention,2026-08-26T19:56:18Z,,entry,True,False
KXEARNINGSMENTIONARITZIA-26OCT14-AI,334.0,2026-08-24T17:00:00Z,,,mention,2026-07-23T18:46:15Z,,exit,False,False
KXEARNINGSMENTIONARITZIA-26OCT14-TARI,146.11,2026-08-24T17:00:00Z,147.21,2026-09-07T23:00:00Z,mention,2026-07-23T18:46:15Z,,continuing,False,False
KXEARNINGSMENTIONAZO-26SEP22-TARF,,,106.28,2026-09-07T22:00:00Z,mention,2026-08-26T19:56:58Z,,entry,True,False
KXEARNINGSMENTIONAZO-26SEP22-TAXR,,,461.42,2026-09-07T20:00:00Z,mention,2026-08-26T19:56:58Z,,entry,True,False
KXEARNINGSMENTIONCCL-26SEP28-AI,1398.31,2026-08-24T23:00:00Z,1524.81,2026-09-07T23:00:00Z,mention,2026-07-23T15:44:58Z,,continuing,False,False
KXEARNINGSMENTIONCCL-26SEP28-INFL,21.6,2026-08-24T23:00:00Z,,,mention,2026-07-23T15:44:58Z,,exit,False,False
KXEARNINGSMENTIONCCL-26SEP28-IRAN,530.32,2026-08-24T23:00:00Z,551.27,2026-09-07T00:00:00Z,mention,2026-07-23T15:44:58Z,,continuing,False,False
KXEARNINGSMENTIONCCL-26SEP28-OIL,1348.88,2026-08-24T23:00:00Z,1900.11,2026-09-07T23:00:00Z,mention,2026-07-23T15:44:58Z,,continuing,False,False
KXEARNINGSMENTIONCCL-26SEP28-TARI,1087.71,2026-08-24T22:00:00Z,1295.93,2026-09-07T22:00:00Z,mention,2026-07-23T15:44:58Z,,continuing,False,False
KXEARNINGSMENTIONCHWY-26SEP09-AUTO,,,175.49,2026-09-08T00:00:00Z,mention,2026-08-26T19:37:01Z,,entry,True,False
KXEARNINGSMENTIONCOST-26SEP24-AUTO,,,398.92,2026-09-07T22:00:00Z,mention,2026-08-26T16:28:30Z,,entry,True,False
KXEARNINGSMENTIONCOST-26SEP24-MIDE,,,153.0,2026-09-07T17:00:00Z,mention,2026-08-26T16:28:30Z,,entry,True,False
KXEARNINGSMENTIONCRM-26AUG26-ANTH,59.09,2026-08-25T00:00:00Z,,,mention,2026-08-18T23:58:28Z,2026-08-27T14:45:25Z,exit,False,True
KXEARNINGSMENTIONCRM-26AUG26-OPEN,44.9,2026-08-25T00:00:00Z,,,mention,2026-08-18T23:58:28Z,2026-08-27T14:45:25Z,exit,False,True
KXEARNINGSMENTIONCRWD-26AUG26-AIDE,54.31,2026-08-25T00:00:00Z,,,mention,2026-08-04T21:14:29Z,2026-08-27T00:51:37Z,exit,False,True
KXEARNINGSMENTIONCRWD-26AUG26-GEN,62.09,2026-08-25T00:00:00Z,,,mention,2026-08-04T21:14:29Z,2026-08-27T00:51:37Z,exit,False,True
KXEARNINGSMENTIONCRWD-26AUG26-OPEN,608.49,2026-08-25T00:00:00Z,,,mention,2026-08-04T21:14:29Z,2026-08-27T00:51:37Z,exit,False,True
KXEARNINGSMENTIONDELL-26SEP03-AI,1947.32,2026-08-25T00:00:00Z,,,mention,2026-07-30T21:15:01Z,2026-09-02T14:08:11Z,exit,False,True
KXEARNINGSMENTIONDELL-26SEP03-DATA,1774.46,2026-08-24T17:00:00Z,,,mention,2026-07-30T21:15:01Z,2026-09-02T14:08:11Z,exit,False,True
KXEARNINGSMENTIONDELL-26SEP03-INFL,1112.86,2026-08-24T23:00:00Z,,,mention,2026-07-30T21:15:01Z,2026-09-02T14:08:11Z,exit,False,True
KXEARNINGSMENTIONDELL-26SEP03-SECU,19.09,2026-08-24T17:00:00Z,,,mention,2026-07-30T21:15:01Z,2026-09-02T14:08:41Z,exit,False,True
KXEARNINGSMENTIONDPZ-26OCT15-AI,782.33,2026-08-24T23:00:00Z,1790.55,2026-09-07T14:00:00Z,mention,2026-07-23T19:44:23Z,,continuing,False,False
KXEARNINGSMENTIONDPZ-26OCT15-INFL,122.68,2026-08-24T07:00:00Z,210.02,2026-09-07T23:00:00Z,mention,2026-07-23T19:44:23Z,,continuing,False,False
KXEARNINGSMENTIONDPZ-26OCT15-TARI,256.04,2026-08-24T22:00:00Z,365.71,2026-09-07T17:00:00Z,mention,2026-07-23T19:44:23Z,,continuing,False,False
KXEARNINGSMENTIONINTU-26AUG25-PROT,4448.91,2026-08-25T00:00:00Z,,,mention,2026-08-19T00:00:09Z,2026-08-26T14:07:57Z,exit,False,True
KXEARNINGSMENTIONKR-26SEP11-AI,,,1227.0,2026-09-07T20:00:00Z,mention,2026-08-26T19:48:16Z,,entry,True,False
KXEARNINGSMENTIONKR-26SEP11-IRAN,,,13.92,2026-09-07T17:00:00Z,mention,2026-08-26T19:48:16Z,,entry,True,False
KXEARNINGSMENTIONKR-26SEP11-TARF,,,173.81,2026-09-07T15:00:00Z,mention,2026-08-26T19:48:16Z,,entry,True,False
KXEARNINGSMENTIONM-26SEP10-AI,,,2298.08,2026-09-08T00:00:00Z,mention,2026-08-26T19:46:39Z,,entry,True,False
KXEARNINGSMENTIONM-26SEP10-AUTO,,,194.42,2026-09-08T00:00:00Z,mention,2026-08-26T19:46:39Z,,entry,True,False
KXEARNINGSMENTIONNKE-26SEP29-TARF,,,330.98,2026-09-07T23:00:00Z,mention,2026-08-26T20:05:48Z,,entry,True,False
KXEARNINGSMENTIONNVDA-26AUG26-AUTO,1506.25,2026-08-25T00:00:00Z,,,mention,2026-07-24T19:38:09Z,2026-08-27T00:50:57Z,exit,False,True
KXEARNINGSMENTIONNVDA-26AUG26-RENT,1173.31,2026-08-25T00:00:00Z,,,mention,2026-07-24T19:38:09Z,2026-08-27T00:50:57Z,exit,False,True
KXEARNINGSMENTIONNVDA-26AUG26-TARI,3999.91,2026-08-25T00:00:00Z,,,mention,2026-07-24T19:38:09Z,2026-08-27T00:50:57Z,exit,False,True
KXEARNINGSMENTIONORCL-26SEP08-AUTO,,,639.79,2026-09-08T00:00:00Z,mention,2026-08-26T17:34:19Z,,entry,True,False
KXEARNINGSMENTIONORCL-26SEP08-OPEN,,,402.85,2026-09-08T00:00:00Z,mention,2026-08-26T17:34:19Z,,entry,True,False
KXEARNINGSMENTIONSTZ-26OCT05-ICE,654.0,2026-08-24T23:00:00Z,681.0,2026-09-07T04:00:00Z,mention,2026-07-27T15:49:43Z,,continuing,False,False
KXEARNINGSMENTIONSTZ-26OCT05-INFL,47.86,2026-08-24T00:00:00Z,,,mention,2026-07-27T15:49:43Z,,exit,False,False
KXEARNINGSMENTIONSTZ-26OCT05-OIL,6.64,2026-08-24T00:00:00Z,,,mention,2026-07-27T15:49:43Z,,exit,False,False
KXEARNINGSMENTIONSTZ-26OCT05-TARI,23.02,2026-08-24T18:00:00Z,123.13,2026-09-07T05:00:00Z,mention,2026-07-27T15:49:43Z,,continuing,False,False
KXEARNINGSMENTIONUAL-26OCT14-OIL,89.72,2026-08-25T00:00:00Z,157.57,2026-09-07T23:00:00Z,mention,2026-07-24T16:11:58Z,,continuing,False,False
KXEARNINGSMENTIONUAL-26OCT14-TARI,122.28,2026-08-25T00:00:00Z,127.26,2026-09-07T18:00:00Z,mention,2026-07-24T16:11:58Z,,continuing,False,False
KXEARNINGSMENTIONULTA-26AUG27-AI,1844.68,2026-08-24T23:00:00Z,,,mention,2026-07-24T02:20:44Z,2026-08-28T14:46:45Z,exit,False,True
KXEARNINGSMENTIONULTA-26AUG27-IRAN,927.89,2026-08-24T23:00:00Z,,,mention,2026-07-24T02:20:44Z,2026-08-28T14:46:45Z,exit,False,True
KXEARNINGSMENTIONULTA-26AUG27-TARI,798.02,2026-08-25T00:00:00Z,,,mention,2026-07-24T02:20:44Z,2026-08-28T14:46:45Z,exit,False,True
KXEARNINGSMENTIONURBN-26AUG26-TARI,4273.5,2026-08-25T00:00:00Z,,,mention,2026-07-23T22:10:47Z,2026-08-27T00:51:57Z,exit,False,True
KXEARNINGSMENTIONZM-26AUG25-AICO,2344.13,2026-08-25T00:00:00Z,,,mention,2026-08-19T00:01:44Z,2026-08-26T13:54:47Z,exit,False,True
KXECONSTATU3-26AUG-T3.3,1.0,2026-08-23T17:00:00Z,,,macro,2025-11-24T19:34:31Z,2026-09-04T13:27:25Z,exit,False,True
KXECONSTATU3-26AUG-T3.4,0.0,2026-08-23T17:00:00Z,,,macro,2025-11-24T19:34:31Z,2026-09-04T13:27:25Z,exit,False,True
KXECONSTATU3-26AUG-T3.5,0.0,2026-08-23T17:00:00Z,,,macro,2025-11-24T19:34:31Z,2026-09-04T13:27:25Z,exit,False,True
KXECONSTATU3-26AUG-T3.6,0.0,2026-08-23T17:00:00Z,,,macro,2025-11-24T19:34:31Z,2026-09-04T13:27:25Z,exit,False,True
KXECONSTATU3-26AUG-T3.7,0.0,2026-08-23T17:00:00Z,,,macro,2025-11-24T19:34:31Z,2026-09-04T13:27:25Z,exit,False,True
KXECONSTATU3-26AUG-T3.9,1506.21,2026-08-25T00:00:00Z,,,macro,2025-11-24T19:34:31Z,2026-09-04T13:27:25Z,exit,False,True
KXECONSTATU3-26AUG-T4.0,6003.77,2026-08-24T23:00:00Z,,,macro,2025-11-24T19:34:31Z,2026-09-04T13:27:25Z,exit,False,True
KXECONSTATU3-26AUG-T4.1,2500.88,2026-08-24T23:00:00Z,,,macro,2025-11-24T19:34:31Z,2026-09-04T13:27:25Z,exit,False,True
KXECONSTATU3-26AUG-T4.2,2326.64,2026-08-25T00:00:00Z,,,macro,2025-11-24T19:34:31Z,2026-09-04T13:27:25Z,exit,False,True
KXECONSTATU3-26AUG-T4.3,2829.42,2026-08-24T23:00:00Z,,,macro,2025-11-24T19:34:31Z,2026-09-04T13:27:25Z,exit,False,True
KXECONSTATU3-26AUG-T4.4,1435.71,2026-08-23T17:00:00Z,,,macro,2025-11-24T19:34:31Z,2026-09-04T13:27:25Z,exit,False,True
KXECONSTATU3-26AUG-T4.5,1150.71,2026-08-23T17:00:00Z,,,macro,2025-11-24T19:34:31Z,2026-09-04T13:27:25Z,exit,False,True
KXECONSTATU3-26AUG-T4.6,932.0,2026-08-23T17:00:00Z,,,macro,2025-11-24T19:34:31Z,2026-09-04T13:27:25Z,exit,False,True
KXECONSTATU3-26AUG-T4.7,310.0,2026-08-23T17:00:00Z,,,macro,2025-11-24T19:34:31Z,2026-09-04T13:27:25Z,exit,False,True
KXECONSTATU3-26AUG-T4.8,310.0,2026-08-23T17:00:00Z,,,macro,2025-11-24T19:34:31Z,2026-09-04T13:27:25Z,exit,False,True
KXECONSTATU3-26AUG-T4.9,300.0,2026-08-23T17:00:00Z,,,macro,2025-11-24T19:34:31Z,2026-09-04T13:27:25Z,exit,False,True
KXECONSTATU3-26AUG-T5.0,0.0,2026-08-23T17:00:00Z,,,macro,2025-11-24T19:34:31Z,2026-09-04T13:27:25Z,exit,False,True
KXECONSTATU3-26AUG-T5.1,0.0,2026-08-23T17:00:00Z,,,macro,2025-11-24T19:34:31Z,2026-09-04T13:27:25Z,exit,False,True
KXECONSTATU3-26AUG-T5.2,0.0,2026-08-23T17:00:00Z,,,macro,2025-11-24T19:34:31Z,2026-09-04T13:27:25Z,exit,False,True
KXECONSTATU3-26AUG-T5.3,0.0,2026-08-23T17:00:00Z,,,macro,2025-11-24T19:34:31Z,2026-09-04T13:27:25Z,exit,False,True
KXECONSTATU3-26AUG-T5.4,0.0,2026-08-23T17:00:00Z,,,macro,2025-11-24T19:34:31Z,2026-09-04T13:27:25Z,exit,False,True
KXECONSTATU3-26AUG-T5.5,0.0,2026-08-23T17:00:00Z,,,macro,2025-11-24T19:34:31Z,2026-09-04T13:27:25Z,exit,False,True
KXECONSTATU3-26NOV-T4.0,100.0,2026-08-24T17:00:00Z,,,macro,2025-11-24T19:34:56Z,,exit,False,False
KXECONSTATU3-26NOV-T4.1,100.0,2026-08-24T17:00:00Z,,,macro,2025-11-24T19:34:56Z,,exit,False,False
KXECONSTATU3-26NOV-T4.2,504.97,2026-08-24T17:00:00Z,,,macro,2025-11-24T19:34:56Z,,exit,False,False
KXECONSTATU3-26NOV-T4.3,200.0,2026-08-24T17:00:00Z,,,macro,2025-11-24T19:34:56Z,,exit,False,False
KXECONSTATU3-26NOV-T4.4,2.0,2026-08-24T17:00:00Z,,,macro,2025-11-24T19:34:56Z,,exit,False,False
KXECONSTATU3-26NOV-T4.5,7.0,2026-08-24T17:00:00Z,,,macro,2025-11-24T19:34:56Z,,exit,False,False
KXECONSTATU3-26NOV-T4.6,102.0,2026-08-24T17:00:00Z,,,macro,2025-11-24T19:34:56Z,,exit,False,False
KXECONSTATU3-26NOV-T4.7,129.0,2026-08-24T17:00:00Z,,,macro,2025-11-24T19:34:56Z,,exit,False,False
KXECONSTATU3-26NOV-T4.8,110.0,2026-08-24T17:00:00Z,,,macro,2025-11-24T19:34:56Z,,exit,False,False
KXECONSTATU3-26NOV-T4.9,110.0,2026-08-24T17:00:00Z,,,macro,2025-11-24T19:34:56Z,,exit,False,False
KXECONSTATU3-26NOV-T5.0,100.0,2026-08-24T17:00:00Z,,,macro,2025-11-24T19:34:56Z,,exit,False,False
KXECONSTATU3-26NOV-T5.1,0.0,2026-08-24T17:00:00Z,,,macro,2025-11-24T19:34:56Z,,exit,False,False
KXECONSTATU3-26OCT-T3.3,0.0,2026-08-24T18:00:00Z,,,macro,2025-11-24T19:34:50Z,,exit,False,False
KXECONSTATU3-26OCT-T3.4,0.0,2026-08-24T18:00:00Z,,,macro,2025-11-24T19:34:50Z,,exit,False,False
KXECONSTATU3-26OCT-T3.5,0.0,2026-08-24T18:00:00Z,,,macro,2025-11-24T19:34:50Z,,exit,False,False
KXECONSTATU3-26OCT-T3.6,0.0,2026-08-24T18:00:00Z,,,macro,2025-11-24T19:34:50Z,,exit,False,False
KXECONSTATU3-26OCT-T3.7,0.0,2026-08-24T18:00:00Z,,,macro,2025-11-24T19:34:50Z,,exit,False,False
KXECONSTATU3-26OCT-T3.8,133.0,2026-08-24T18:00:00Z,,,macro,2025-11-24T19:34:50Z,,exit,False,False
KXECONSTATU3-26OCT-T3.9,300.0,2026-08-24T18:00:00Z,,,macro,2025-11-24T19:34:50Z,,exit,False,False
KXECONSTATU3-26OCT-T4.0,301.0,2026-08-24T18:00:00Z,,,macro,2025-11-24T19:34:50Z,,exit,False,False
KXECONSTATU3-26OCT-T4.1,321.73,2026-08-24T18:00:00Z,,,macro,2025-11-24T19:34:50Z,,exit,False,False
KXECONSTATU3-26OCT-T4.2,700.0,2026-08-24T18:00:00Z,,,macro,2025-11-24T19:34:50Z,,exit,False,False
KXECONSTATU3-26OCT-T4.3,100.0,2026-08-24T18:00:00Z,,,macro,2025-11-24T19:34:50Z,,exit,False,False
KXECONSTATU3-26OCT-T4.4,0.0,2026-08-24T18:00:00Z,,,macro,2025-11-24T19:34:50Z,,exit,False,False
KXECONSTATU3-26OCT-T4.5,11.0,2026-08-24T18:00:00Z,,,macro,2025-11-24T19:34:50Z,,exit,False,False
KXECONSTATU3-26OCT-T4.6,402.0,2026-08-24T18:00:00Z,,,macro,2025-11-24T19:34:50Z,,exit,False,False
KXECONSTATU3-26OCT-T4.7,201.0,2026-08-24T18:00:00Z,,,macro,2025-11-24T19:34:50Z,,exit,False,False
KXECONSTATU3-26OCT-T4.8,100.0,2026-08-24T18:00:00Z,,,macro,2025-11-24T19:34:50Z,,exit,False,False
KXECONSTATU3-26OCT-T4.9,110.0,2026-08-24T18:00:00Z,,,macro,2025-11-24T19:34:50Z,,exit,False,False
KXECONSTATU3-26OCT-T5.0,0.0,2026-08-24T18:00:00Z,,,macro,2025-11-24T19:34:50Z,,exit,False,False
KXECONSTATU3-26OCT-T5.1,0.0,2026-08-24T18:00:00Z,,,macro,2025-11-24T19:34:50Z,,exit,False,False
KXECONSTATU3-26OCT-T5.2,0.0,2026-08-24T18:00:00Z,,,macro,2025-11-24T19:34:50Z,,exit,False,False
KXECONSTATU3-26OCT-T5.3,0.0,2026-08-24T18:00:00Z,,,macro,2025-11-24T19:34:50Z,,exit,False,False
KXECONSTATU3-26OCT-T5.4,0.0,2026-08-24T18:00:00Z,,,macro,2025-11-24T19:34:50Z,,exit,False,False
KXECONSTATU3-26OCT-T5.5,0.0,2026-08-24T18:00:00Z,,,macro,2025-11-24T19:34:50Z,,exit,False,False
KXECONSTATU3-26SEP-T3.3,0.0,2026-08-24T02:00:00Z,0.0,2026-09-06T20:00:00Z,macro,2025-11-24T19:26:36Z,,continuing,False,False
KXECONSTATU3-26SEP-T3.4,0.0,2026-08-24T02:00:00Z,0.0,2026-09-06T20:00:00Z,macro,2025-11-24T19:26:36Z,,continuing,False,False
KXECONSTATU3-26SEP-T3.5,0.0,2026-08-24T02:00:00Z,0.0,2026-09-06T20:00:00Z,macro,2025-11-24T19:26:36Z,,continuing,False,False
KXECONSTATU3-26SEP-T3.6,0.0,2026-08-24T02:00:00Z,0.0,2026-09-06T20:00:00Z,macro,2025-11-24T19:26:36Z,,continuing,False,False
KXECONSTATU3-26SEP-T3.7,0.0,2026-08-24T02:00:00Z,0.0,2026-09-06T20:00:00Z,macro,2025-11-24T19:26:36Z,,continuing,False,False
KXECONSTATU3-26SEP-T3.8,0.0,2026-08-24T02:00:00Z,28.0,2026-09-06T20:00:00Z,macro,2025-11-24T19:26:36Z,,continuing,False,False
KXECONSTATU3-26SEP-T3.9,200.0,2026-08-24T17:00:00Z,243.0,2026-09-06T20:00:00Z,macro,2025-11-24T19:26:36Z,,continuing,False,False
KXECONSTATU3-26SEP-T4.0,900.0,2026-08-24T17:00:00Z,958.28,2026-09-08T00:00:00Z,macro,2025-11-24T19:26:36Z,,continuing,False,False
KXECONSTATU3-26SEP-T4.1,1632.0,2026-08-24T17:00:00Z,3133.86,2026-09-06T20:00:00Z,macro,2025-11-24T19:26:36Z,,continuing,False,False
KXECONSTATU3-26SEP-T4.2,1416.55,2026-08-24T17:00:00Z,2610.89,2026-09-07T21:00:00Z,macro,2025-11-24T19:26:36Z,,continuing,False,False
KXECONSTATU3-26SEP-T4.3,1590.0,2026-08-24T17:00:00Z,1809.53,2026-09-07T21:00:00Z,macro,2025-11-24T19:26:36Z,,continuing,False,False
KXECONSTATU3-26SEP-T4.4,,,216.99,2026-09-07T21:00:00Z,macro,2025-11-24T19:26:36Z,,entry,False,False
KXECONSTATU3-26SEP-T4.5,501.0,2026-08-24T17:00:00Z,700.99,2026-09-06T20:00:00Z,macro,2025-11-24T19:26:36Z,,continuing,False,False
KXECONSTATU3-26SEP-T4.6,800.0,2026-08-24T17:00:00Z,800.0,2026-09-06T20:00:00Z,macro,2025-11-24T19:26:36Z,,continuing,False,False
KXECONSTATU3-26SEP-T4.7,510.0,2026-08-24T17:00:00Z,709.99,2026-09-06T20:00:00Z,macro,2025-11-24T19:26:36Z,,continuing,False,False
KXECONSTATU3-26SEP-T4.8,610.0,2026-08-24T17:00:00Z,610.0,2026-09-06T20:00:00Z,macro,2025-11-24T19:26:36Z,,continuing,False,False
KXECONSTATU3-26SEP-T4.9,610.0,2026-08-24T02:00:00Z,610.0,2026-09-06T20:00:00Z,macro,2025-11-24T19:26:36Z,,continuing,False,False
KXECONSTATU3-26SEP-T5.0,500.0,2026-08-24T02:00:00Z,500.0,2026-09-06T20:00:00Z,macro,2025-11-24T19:26:36Z,,continuing,False,False
KXECONSTATU3-26SEP-T5.1,400.0,2026-08-24T02:00:00Z,400.0,2026-09-06T20:00:00Z,macro,2025-11-24T19:26:36Z,,continuing,False,False
KXECONSTATU3-26SEP-T5.2,200.0,2026-08-24T02:00:00Z,200.0,2026-09-06T20:00:00Z,macro,2025-11-24T19:26:36Z,,continuing,False,False
KXECONSTATU3-26SEP-T5.3,2.0,2026-08-24T02:00:00Z,2.0,2026-09-06T20:00:00Z,macro,2025-11-24T19:26:36Z,,continuing,False,False
KXECONSTATU3-26SEP-T5.4,2.0,2026-08-24T02:00:00Z,2.0,2026-09-06T20:00:00Z,macro,2025-11-24T19:26:36Z,,continuing,False,False
KXECONSTATU3-26SEP-T5.5,2.0,2026-08-24T02:00:00Z,2.0,2026-09-06T20:00:00Z,macro,2025-11-24T19:26:36Z,,continuing,False,False
KXEFFTARIFF-26OCT29-T10,28.0,2026-08-24T10:00:00Z,28.0,2026-09-07T10:00:00Z,policy,2026-07-28T19:46:06Z,,continuing,False,False
KXEFFTARIFF-26OCT29-T11,83.12,2026-08-24T17:00:00Z,83.12,2026-09-07T10:00:00Z,policy,2026-07-28T19:46:06Z,,continuing,False,False
KXEFFTARIFF-26OCT29-T12,44.0,2026-08-24T17:00:00Z,44.0,2026-09-07T10:00:00Z,policy,2026-07-28T19:46:06Z,,continuing,False,False
KXEFFTARIFF-26OCT29-T3,0.01,2026-08-24T19:00:00Z,,,policy,2026-07-28T19:46:06Z,,exit,False,False
KXEFFTARIFF-26OCT29-T4,0.01,2026-08-24T19:00:00Z,,,policy,2026-07-28T19:46:06Z,,exit,False,False
KXEFFTARIFF-26OCT29-T5,1.01,2026-08-24T19:00:00Z,,,policy,2026-07-28T19:46:06Z,,exit,False,False
KXEFFTARIFF-26OCT29-T6,8.01,2026-08-24T19:00:00Z,,,policy,2026-07-28T19:46:06Z,,exit,False,False
KXEFFTARIFF-26OCT29-T7,1276.27,2026-08-24T16:00:00Z,1276.27,2026-09-07T10:00:00Z,policy,2026-07-28T19:46:06Z,,continuing,False,False
KXEFFTARIFF-26OCT29-T8,911.01,2026-08-24T19:00:00Z,,,policy,2026-07-28T19:46:06Z,,exit,False,False
KXEFFTARIFF-26OCT29-T9,524.72,2026-08-24T10:00:00Z,,,policy,2026-07-28T19:46:06Z,,exit,False,False
KXEHSALES-26SEP10-T3.70,150.0,2026-08-24T22:00:00Z,,,macro,2026-08-11T18:48:45Z,,exit,False,False
KXEHSALES-26SEP10-T3.80,1401.84,2026-08-24T17:00:00Z,1401.84,2026-09-07T10:00:00Z,macro,2026-08-11T18:48:45Z,,continuing,False,False
KXEHSALES-26SEP10-T3.90,2474.94,2026-08-24T16:00:00Z,2283.34,2026-09-07T02:00:00Z,macro,2026-08-11T18:48:45Z,,continuing,False,False
KXEHSALES-26SEP10-T4.00,731.81,2026-08-24T22:00:00Z,949.44,2026-09-07T00:00:00Z,macro,2026-08-11T18:48:45Z,,continuing,False,False
KXEHSALES-26SEP10-T4.10,2225.57,2026-08-24T16:00:00Z,2637.34,2026-09-07T23:00:00Z,macro,2026-08-11T18:48:45Z,,continuing,False,False
KXEHSALES-26SEP10-T4.20,628.59,2026-08-24T10:00:00Z,704.89,2026-09-07T02:00:00Z,macro,2026-08-11T18:48:45Z,,continuing,False,False
KXEHSALES-26SEP10-T4.30,281.16,2026-08-24T17:00:00Z,486.16,2026-09-07T10:00:00Z,macro,2026-08-11T18:48:45Z,,continuing,False,False
KXEHSALES-26SEP10-T4.40,325.05,2026-08-24T17:00:00Z,345.05,2026-09-07T08:00:00Z,macro,2026-08-11T18:48:45Z,,continuing,False,False
KXEUMFFDEAL-27JUL01-27JAN01,,,1973.52,2026-09-07T10:00:00Z,policy,2026-09-05T02:06:13Z,,entry,True,False
KXEUMFFDEAL-27JUL01-27JUL01,,,0.0,2026-09-06T05:00:00Z,policy,2026-09-05T02:06:13Z,,entry,True,False
KXEXUSHOME-26SEP10-T415000,0.0,2026-08-24T17:00:00Z,77.0,2026-09-06T07:00:00Z,macro,2026-08-11T19:25:39Z,,continuing,False,False
KXEXUSHOME-26SEP10-T420000,20.36,2026-08-24T17:00:00Z,25.36,2026-09-07T10:00:00Z,macro,2026-08-11T19:25:39Z,,continuing,False,False
KXEXUSHOME-26SEP10-T425000,98.02,2026-08-24T17:00:00Z,98.02,2026-09-07T10:00:00Z,macro,2026-08-11T19:25:39Z,,continuing,False,False
KXEXUSHOME-26SEP10-T430000,117.66,2026-08-24T20:00:00Z,135.28,2026-09-07T10:00:00Z,macro,2026-08-11T19:25:39Z,,continuing,False,False
KXEXUSHOME-26SEP10-T435000,1382.37,2026-08-24T10:00:00Z,1616.6,2026-09-07T21:00:00Z,macro,2026-08-11T19:25:39Z,,continuing,False,False
KXEXUSHOME-26SEP10-T440000,1423.0,2026-08-24T17:00:00Z,1691.0,2026-09-07T12:00:00Z,macro,2026-08-11T19:25:39Z,,continuing,False,False
KXEXUSHOME-26SEP10-T445000,,,1824.66,2026-09-07T10:00:00Z,macro,2026-08-11T19:25:39Z,,entry,False,False
KXEXUSHOME-26SEP10-T450000,307.0,2026-08-24T17:00:00Z,511.0,2026-09-07T10:00:00Z,macro,2026-08-11T19:25:39Z,,continuing,False,False
KXEXUSHOME-26SEP10-T455000,10.0,2026-08-24T17:00:00Z,110.0,2026-09-07T21:00:00Z,macro,2026-08-11T19:25:39Z,,continuing,False,False
KXFED-26DEC-T2.75,4662.63,2026-08-24T22:00:00Z,4662.63,2026-09-06T18:00:00Z,macro,2025-08-06T14:29:24Z,,continuing,False,False
KXFED-26DEC-T3.00,2755.17,2026-08-24T22:00:00Z,2755.17,2026-09-06T18:00:00Z,macro,2025-08-06T14:29:24Z,,continuing,False,False
KXFED-26DEC-T3.25,3399.0,2026-08-24T22:00:00Z,3418.0,2026-09-07T22:00:00Z,macro,2025-08-06T14:29:24Z,,continuing,False,False
KXFED-26DEC-T3.50,14488.62,2026-08-24T22:00:00Z,17780.98,2026-09-07T22:00:00Z,macro,2025-08-06T14:29:24Z,,continuing,False,False
KXFED-26DEC-T3.75,19148.86,2026-08-24T22:00:00Z,18310.38,2026-09-08T00:00:00Z,macro,2025-08-06T14:29:24Z,,continuing,False,False
KXFED-26DEC-T4.00,8244.83,2026-08-24T22:00:00Z,8724.71,2026-09-07T22:00:00Z,macro,2025-08-06T14:29:24Z,,continuing,False,False
KXFED-26DEC-T4.25,5210.19,2026-08-24T16:00:00Z,5405.19,2026-09-08T00:00:00Z,macro,2025-08-06T14:29:24Z,,continuing,False,False
KXFED-26DEC-T4.50,1476.0,2026-08-24T00:00:00Z,1476.0,2026-09-06T19:00:00Z,macro,2025-08-06T14:29:24Z,,continuing,False,False
KXFED-26DEC-T4.75,1343.04,2026-08-24T19:00:00Z,1343.04,2026-09-06T14:00:00Z,macro,2025-08-06T14:29:24Z,,continuing,False,False
KXFED-26DEC-T5.00,,,969.86,2026-09-07T23:00:00Z,macro,2025-08-06T14:29:24Z,,entry,False,False
KXFED-26OCT-T2.75,965.17,2026-08-24T22:00:00Z,,,macro,2025-08-06T14:29:01Z,,exit,False,False
KXFED-26OCT-T3.00,1408.96,2026-08-23T02:00:00Z,1407.96,2026-09-08T00:00:00Z,macro,2025-08-06T14:29:01Z,,continuing,False,False
KXFED-26OCT-T3.25,1952.09,2026-08-24T22:00:00Z,1951.09,2026-09-07T23:00:00Z,macro,2025-08-06T14:29:01Z,,continuing,False,False
KXFED-26OCT-T3.50,,,6958.66,2026-09-07T23:00:00Z,macro,2025-08-06T14:29:01Z,,entry,False,False
KXFED-26OCT-T3.75,4445.89,2026-08-24T23:00:00Z,4714.56,2026-09-07T23:00:00Z,macro,2025-08-06T14:29:01Z,,continuing,False,False
KXFED-26OCT-T4.00,4719.59,2026-08-25T00:00:00Z,9057.79,2026-09-07T23:00:00Z,macro,2025-08-06T14:29:01Z,,continuing,False,False
KXFED-26OCT-T4.25,1963.62,2026-08-24T00:00:00Z,1964.62,2026-09-06T19:00:00Z,macro,2025-08-06T14:29:01Z,,continuing,False,False
KXFED-26OCT-T4.50,1289.0,2026-08-24T00:00:00Z,1289.0,2026-09-06T19:00:00Z,macro,2025-08-06T14:29:01Z,,continuing,False,False
KXFED-26OCT-T4.75,648.16,2026-08-24T00:00:00Z,648.16,2026-09-06T22:00:00Z,macro,2025-08-06T14:29:01Z,,continuing,False,False
KXFED-26OCT-T5.25,,,1022.0,2026-09-06T22:00:00Z,macro,2025-08-06T14:29:01Z,,entry,False,False
KXFED-26SEP-T2.75,3834.6,2026-08-25T00:00:00Z,9777.61,2026-09-07T23:00:00Z,macro,2025-08-06T14:28:40Z,,continuing,False,False
KXFED-26SEP-T3.00,5930.81,2026-08-25T00:00:00Z,,,macro,2025-08-06T14:28:40Z,,exit,False,False
KXFED-26SEP-T3.50,19682.79,2026-08-24T23:00:00Z,139228.86,2026-09-08T00:00:00Z,macro,2025-08-06T14:28:40Z,,continuing,False,False
KXFED-26SEP-T3.75,183798.59,2026-08-25T00:00:00Z,326610.25,2026-09-08T00:00:00Z,macro,2025-08-06T14:28:40Z,,continuing,False,False
KXFED-26SEP-T4.00,86143.18,2026-08-25T00:00:00Z,129653.89,2026-09-08T00:00:00Z,macro,2025-08-06T14:28:40Z,,continuing,False,False
KXFED-26SEP-T4.25,15249.03,2026-08-25T00:00:00Z,29431.26,2026-09-07T16:00:00Z,macro,2025-08-06T14:28:40Z,,continuing,False,False
KXFED-26SEP-T4.50,2066.84,2026-08-25T00:00:00Z,,,macro,2025-08-06T14:28:40Z,,exit,False,False
KXFED-26SEP-T4.75,1071.72,2026-08-25T00:00:00Z,,,macro,2025-08-06T14:28:40Z,,exit,False,False
KXFED-26SEP-T5.00,562.33,2026-08-25T00:00:00Z,,,macro,2025-08-06T14:28:40Z,,exit,False,False
KXFED-26SEP-T5.25,414.0,2026-08-25T00:00:00Z,,,macro,2025-08-06T14:28:40Z,,exit,False,False
KXFED-27APR-T0.00,930.52,2026-08-25T00:00:00Z,933.52,2026-09-07T21:00:00Z,macro,2025-10-06T19:22:55Z,,continuing,False,False
KXFED-27APR-T0.25,810.0,2026-08-25T00:00:00Z,622.16,2026-09-08T00:00:00Z,macro,2025-10-06T19:22:55Z,,continuing,False,False
KXFED-27APR-T0.50,1131.0,2026-08-25T00:00:00Z,1131.0,2026-09-07T21:00:00Z,macro,2025-10-06T19:22:55Z,,continuing,False,False
KXFED-27APR-T0.75,1032.0,2026-08-25T00:00:00Z,1030.0,2026-09-08T00:00:00Z,macro,2025-10-06T19:22:55Z,,continuing,False,False
KXFED-27APR-T1.00,979.24,2026-08-25T00:00:00Z,991.55,2026-09-07T23:00:00Z,macro,2025-10-06T19:22:55Z,,continuing,False,False
KXFED-27APR-T1.25,2901.99,2026-08-25T00:00:00Z,2968.56,2026-09-07T22:00:00Z,macro,2025-10-06T19:22:55Z,,continuing,False,False
KXFED-27APR-T1.50,980.27,2026-08-25T00:00:00Z,986.27,2026-09-07T23:00:00Z,macro,2025-10-06T19:22:55Z,,continuing,False,False
KXFED-27APR-T1.75,600.27,2026-08-25T00:00:00Z,598.27,2026-09-07T23:00:00Z,macro,2025-10-06T19:22:55Z,,continuing,False,False
KXFED-27APR-T2.00,1097.45,2026-08-25T00:00:00Z,1076.64,2026-09-07T21:00:00Z,macro,2025-10-06T19:22:55Z,,continuing,False,False
KXFED-27APR-T2.25,1088.37,2026-08-25T00:00:00Z,1035.44,2026-09-07T21:00:00Z,macro,2025-10-06T19:22:55Z,,continuing,False,False
KXFED-27APR-T2.50,1037.56,2026-08-25T00:00:00Z,1012.56,2026-09-07T13:00:00Z,macro,2025-10-06T19:22:55Z,,continuing,False,False
KXFED-27APR-T2.75,1379.65,2026-08-25T00:00:00Z,1347.65,2026-09-07T22:00:00Z,macro,2025-10-06T19:22:55Z,,continuing,False,False
KXFED-27APR-T3.00,1051.74,2026-08-25T00:00:00Z,1000.31,2026-09-07T21:00:00Z,macro,2025-10-06T19:22:55Z,,continuing,False,False
KXFED-27APR-T3.25,1801.0,2026-08-25T00:00:00Z,1727.0,2026-09-08T00:00:00Z,macro,2025-10-06T19:22:55Z,,continuing,False,False
KXFED-27APR-T3.50,2164.22,2026-08-25T00:00:00Z,2174.38,2026-09-08T00:00:00Z,macro,2025-10-06T19:22:55Z,,continuing,False,False
KXFED-27APR-T3.75,1737.1,2026-08-25T00:00:00Z,1687.23,2026-09-08T00:00:00Z,macro,2025-10-06T19:22:55Z,,continuing,False,False
KXFED-27APR-T4.00,1724.36,2026-08-24T23:00:00Z,1694.96,2026-09-07T07:00:00Z,macro,2025-10-06T19:22:55Z,,continuing,False,False
KXFED-27APR-T4.25,2050.01,2026-08-24T03:00:00Z,2049.01,2026-09-07T13:00:00Z,macro,2025-10-06T19:22:55Z,,continuing,False,False
KXFED-27JAN-T0.00,505.18,2026-08-24T20:00:00Z,505.18,2026-09-07T19:00:00Z,macro,2025-10-02T22:01:04Z,,continuing,False,False
KXFED-27JAN-T0.25,567.99,2026-08-24T16:00:00Z,625.99,2026-09-07T15:00:00Z,macro,2025-10-02T22:01:04Z,,continuing,False,False
KXFED-27JAN-T0.50,1078.01,2026-08-24T10:00:00Z,1537.01,2026-09-07T17:00:00Z,macro,2025-10-02T22:01:04Z,,continuing,False,False
KXFED-27JAN-T0.75,592.17,2026-08-24T19:00:00Z,544.85,2026-09-07T16:00:00Z,macro,2025-10-02T22:01:04Z,,continuing,False,False
KXFED-27JAN-T1.00,525.15,2026-08-24T17:00:00Z,525.15,2026-09-07T17:00:00Z,macro,2025-10-02T22:01:04Z,,continuing,False,False
KXFED-27JAN-T1.25,1010.66,2026-08-24T17:00:00Z,1010.53,2026-09-07T17:00:00Z,macro,2025-10-02T22:01:04Z,,continuing,False,False
KXFED-27JAN-T1.50,1212.37,2026-08-24T17:00:00Z,1190.12,2026-09-07T17:00:00Z,macro,2025-10-02T22:01:04Z,,continuing,False,False
KXFED-27JAN-T1.75,450.73,2026-08-24T17:00:00Z,450.73,2026-09-07T15:00:00Z,macro,2025-10-02T22:01:04Z,,continuing,False,False
KXFED-27JAN-T2.00,566.04,2026-08-24T17:00:00Z,569.04,2026-09-07T17:00:00Z,macro,2025-10-02T22:01:04Z,,continuing,False,False
KXFED-27JAN-T2.25,333.82,2026-08-24T17:00:00Z,,,macro,2025-10-02T22:01:04Z,,exit,False,False
KXFED-27JAN-T2.50,773.83,2026-08-24T18:00:00Z,775.51,2026-09-07T17:00:00Z,macro,2025-10-02T22:01:04Z,,continuing,False,False
KXFED-27JAN-T2.75,395.96,2026-08-24T17:00:00Z,399.96,2026-09-07T17:00:00Z,macro,2025-10-02T22:01:04Z,,continuing,False,False
KXFED-27JAN-T3.00,1095.2,2026-08-24T17:00:00Z,1100.2,2026-09-07T17:00:00Z,macro,2025-10-02T22:01:04Z,,continuing,False,False
KXFED-27JAN-T3.25,2959.49,2026-08-24T17:00:00Z,2995.34,2026-09-07T17:00:00Z,macro,2025-10-02T22:01:04Z,,continuing,False,False
KXFED-27JAN-T3.50,1388.55,2026-08-24T07:00:00Z,1388.55,2026-09-06T23:00:00Z,macro,2025-10-02T22:01:04Z,,continuing,False,False
KXFED-27JAN-T3.75,390.08,2026-08-24T10:00:00Z,422.96,2026-09-07T00:00:00Z,macro,2025-10-02T22:01:04Z,,continuing,False,False
KXFED-27JAN-T4.00,578.26,2026-08-25T00:00:00Z,621.38,2026-09-07T09:00:00Z,macro,2025-10-02T22:01:04Z,,continuing,False,False
KXFED-27JAN-T4.25,239.12,2026-08-24T19:00:00Z,238.12,2026-09-06T10:00:00Z,macro,2025-10-02T22:01:04Z,,continuing,False,False
KXFED-27MAR-T0.00,328.88,2026-08-24T17:00:00Z,,,macro,2025-10-06T19:21:39Z,,exit,False,False
KXFED-27MAR-T0.25,361.0,2026-08-24T17:00:00Z,,,macro,2025-10-06T19:21:39Z,,exit,False,False
KXFED-27MAR-T0.50,188.98,2026-08-24T17:00:00Z,,,macro,2025-10-06T19:21:39Z,,exit,False,False
KXFED-27MAR-T0.75,586.3,2026-08-24T17:00:00Z,,,macro,2025-10-06T19:21:39Z,,exit,False,False
KXFED-27MAR-T1.00,486.98,2026-08-24T17:00:00Z,485.98,2026-09-07T09:00:00Z,macro,2025-10-06T19:21:39Z,,continuing,False,False
KXFED-27MAR-T1.25,593.1,2026-08-24T17:00:00Z,,,macro,2025-10-06T19:21:39Z,,exit,False,False
KXFED-27MAR-T1.50,143.0,2026-08-24T17:00:00Z,147.73,2026-09-07T23:00:00Z,macro,2025-10-06T19:21:39Z,,continuing,False,False
KXFED-27MAR-T1.75,204.33,2026-08-24T17:00:00Z,203.33,2026-09-07T23:00:00Z,macro,2025-10-06T19:21:39Z,,continuing,False,False
KXFED-27MAR-T2.00,870.88,2026-08-24T17:00:00Z,872.88,2026-09-07T23:00:00Z,macro,2025-10-06T19:21:39Z,,continuing,False,False
KXFED-27MAR-T2.25,955.84,2026-08-24T18:00:00Z,958.84,2026-09-06T18:00:00Z,macro,2025-10-06T19:21:39Z,,continuing,False,False
KXFED-27MAR-T2.50,249.28,2026-08-24T14:00:00Z,,,macro,2025-10-06T19:21:39Z,,exit,False,False
KXFED-27MAR-T2.75,311.98,2026-08-24T14:00:00Z,,,macro,2025-10-06T19:21:39Z,,exit,False,False
KXFED-27MAR-T3.00,295.1,2026-08-23T15:00:00Z,310.1,2026-09-06T19:00:00Z,macro,2025-10-06T19:21:39Z,,continuing,False,False
KXFED-27MAR-T3.25,714.94,2026-08-24T14:00:00Z,723.94,2026-09-07T21:00:00Z,macro,2025-10-06T19:21:39Z,,continuing,False,False
KXFED-27MAR-T3.50,1143.01,2026-08-24T09:00:00Z,1169.9,2026-09-06T19:00:00Z,macro,2025-10-06T19:21:39Z,,continuing,False,False
KXFED-27MAR-T3.75,690.0,2026-08-24T09:00:00Z,792.0,2026-09-06T18:00:00Z,macro,2025-10-06T19:21:39Z,,continuing,False,False
KXFED-27MAR-T4.00,596.0,2026-08-24T09:00:00Z,596.0,2026-09-07T15:00:00Z,macro,2025-10-06T19:21:39Z,,continuing,False,False
KXFED-27MAR-T4.25,900.68,2026-08-24T07:00:00Z,905.68,2026-09-07T09:00:00Z,macro,2025-10-06T19:21:39Z,,continuing,False,False
KXFEDCOMBO-26SEPB-0-0,2191.9,2026-08-24T23:00:00Z,14964.88,2026-09-07T23:00:00Z,macro,2026-07-29T19:18:29Z,,continuing,False,False
KXFEDCOMBO-26SEPB-0-T0,7682.43,2026-08-25T00:00:00Z,18344.02,2026-09-08T00:00:00Z,macro,2026-07-29T19:18:29Z,,continuing,False,False
KXFEDCOMBO-26SEPB-25C-0,145.64,2026-08-24T17:00:00Z,166.34,2026-09-06T04:00:00Z,macro,2026-07-29T19:18:29Z,,continuing,False,False
KXFEDCOMBO-26SEPB-25C-T0,656.06,2026-08-24T17:00:00Z,,,macro,2026-07-29T19:18:29Z,,exit,False,False
KXFEDCOMBO-26SEPB-25H-0,,,19727.56,2026-09-07T23:00:00Z,macro,2026-07-29T19:18:29Z,,entry,False,False
KXFEDCOMBO-26SEPB-25H-T0,2003.62,2026-08-24T17:00:00Z,5452.15,2026-09-07T12:00:00Z,macro,2026-07-29T19:18:29Z,,continuing,False,False
KXFEDDECISION-26DEC-C25,13155.42,2026-08-24T17:00:00Z,24815.43,2026-09-08T00:00:00Z,macro,2025-09-26T15:31:07Z,,continuing,False,False
KXFEDDECISION-26DEC-C26,5025.21,2026-08-24T16:00:00Z,16902.33,2026-09-08T00:00:00Z,macro,2025-09-26T15:31:07Z,,continuing,False,False
KXFEDDECISION-26DEC-H0,20441.71,2026-08-24T20:00:00Z,43865.73,2026-09-07T23:00:00Z,macro,2025-09-26T15:31:07Z,,continuing,False,False
KXFEDDECISION-26DEC-H25,11885.55,2026-08-24T20:00:00Z,14293.06,2026-09-08T00:00:00Z,macro,2025-09-26T15:31:07Z,,continuing,False,False
KXFEDDECISION-26DEC-H26,8793.34,2026-08-24T20:00:00Z,13302.71,2026-09-08T00:00:00Z,macro,2025-09-26T15:31:07Z,,continuing,False,False
KXFEDDECISION-26OCT-C25,106050.63,2026-08-25T00:00:00Z,261955.85,2026-09-07T23:00:00Z,macro,2025-09-26T15:31:03Z,,continuing,False,False
KXFEDDECISION-26OCT-C26,61862.46,2026-08-25T00:00:00Z,99112.64,2026-09-08T00:00:00Z,macro,2025-09-26T15:31:03Z,,continuing,False,False
KXFEDDECISION-26OCT-H0,35444.99,2026-08-25T00:00:00Z,51395.03,2026-09-08T00:00:00Z,macro,2025-09-26T15:31:03Z,,continuing,False,False
KXFEDDECISION-26OCT-H25,13862.27,2026-08-25T00:00:00Z,35901.14,2026-09-08T00:00:00Z,macro,2025-09-26T15:31:03Z,,continuing,False,False
KXFEDDECISION-26OCT-H26,15283.03,2026-08-24T03:00:00Z,24627.88,2026-09-08T00:00:00Z,macro,2025-09-26T15:31:03Z,,continuing,False,False
KXFEDDECISION-26SEP-C25,3283305.19,2026-08-25T00:00:00Z,6366646.33,2026-09-08T00:00:00Z,macro,2025-09-26T15:30:59Z,,continuing,False,False
KXFEDDECISION-26SEP-C26,695176.44,2026-08-25T00:00:00Z,1124937.48,2026-09-08T00:00:00Z,macro,2025-09-26T15:30:59Z,,continuing,False,False
KXFEDDECISION-26SEP-H0,3822412.25,2026-08-25T00:00:00Z,10134898.77,2026-09-08T00:00:00Z,macro,2025-09-26T15:30:59Z,,continuing,False,False
KXFEDDECISION-26SEP-H25,1797787.85,2026-08-25T00:00:00Z,3844336.35,2026-09-08T00:00:00Z,macro,2025-09-26T15:30:59Z,,continuing,False,False
KXFEDDECISION-26SEP-H26,663120.04,2026-08-25T00:00:00Z,6448963.1,2026-09-08T00:00:00Z,macro,2025-09-26T15:30:59Z,,continuing,False,False
KXFEDDECISION-27APR-C25,1468.21,2026-08-24T23:00:00Z,1865.88,2026-09-08T00:00:00Z,macro,2025-10-02T21:51:51Z,,continuing,False,False
KXFEDDECISION-27APR-C26,1243.44,2026-08-24T21:00:00Z,1678.37,2026-09-08T00:00:00Z,macro,2025-10-02T21:51:51Z,,continuing,False,False
KXFEDDECISION-27APR-H0,4547.28,2026-08-24T21:00:00Z,4265.78,2026-09-07T23:00:00Z,macro,2025-10-02T21:51:51Z,,continuing,False,False
KXFEDDECISION-27APR-H25,513.8,2026-08-24T22:00:00Z,1166.93,2026-09-07T23:00:00Z,macro,2025-10-02T21:51:51Z,,continuing,False,False
KXFEDDECISION-27APR-H26,454.0,2026-08-24T20:00:00Z,583.0,2026-09-07T23:00:00Z,macro,2025-10-02T21:51:51Z,,continuing,False,False
KXFEDDECISION-27DEC-C25,1253.48,2026-08-25T00:00:00Z,,,macro,2025-10-02T21:52:54Z,,exit,False,False
KXFEDDECISION-27DEC-C26,646.08,2026-08-23T14:00:00Z,,,macro,2025-10-02T21:52:54Z,,exit,False,False
KXFEDDECISION-27DEC-H0,1664.85,2026-08-25T00:00:00Z,1695.14,2026-09-08T00:00:00Z,macro,2025-10-02T21:52:54Z,,continuing,False,False
KXFEDDECISION-27DEC-H25,985.7,2026-08-25T00:00:00Z,,,macro,2025-10-02T21:52:54Z,,exit,False,False
KXFEDDECISION-27DEC-H26,1070.99,2026-08-23T14:00:00Z,,,macro,2025-10-02T21:52:54Z,,exit,False,False
KXFEDDECISION-27JAN-C25,8755.71,2026-08-24T22:00:00Z,8754.63,2026-09-08T00:00:00Z,macro,2025-09-26T15:31:13Z,,continuing,False,False
KXFEDDECISION-27JAN-C26,5836.41,2026-08-24T22:00:00Z,5855.16,2026-09-07T23:00:00Z,macro,2025-09-26T15:31:13Z,,continuing,False,False
KXFEDDECISION-27JAN-H0,11520.84,2026-08-25T00:00:00Z,11499.67,2026-09-07T23:00:00Z,macro,2025-09-26T15:31:13Z,,continuing,False,False
KXFEDDECISION-27JAN-H25,8161.35,2026-08-24T23:00:00Z,8279.7,2026-09-08T00:00:00Z,macro,2025-09-26T15:31:13Z,,continuing,False,False
KXFEDDECISION-27JAN-H26,5477.74,2026-08-24T22:00:00Z,5477.74,2026-09-07T23:00:00Z,macro,2025-09-26T15:31:13Z,,continuing,False,False
KXFEDDECISION-27JUL-C25,2642.9,2026-08-24T22:00:00Z,2762.15,2026-09-07T23:00:00Z,macro,2025-10-02T21:52:15Z,,continuing,False,False
KXFEDDECISION-27JUL-C26,880.5,2026-08-23T03:00:00Z,880.5,2026-09-07T23:00:00Z,macro,2025-10-02T21:52:15Z,,continuing,False,False
KXFEDDECISION-27JUL-H0,4305.2,2026-08-23T03:00:00Z,4317.3,2026-09-08T00:00:00Z,macro,2025-10-02T21:52:15Z,,continuing,False,False
KXFEDDECISION-27JUL-H25,1098.89,2026-08-24T13:00:00Z,1453.15,2026-09-08T00:00:00Z,macro,2025-10-02T21:52:15Z,,continuing,False,False
KXFEDDECISION-27JUL-H26,677.9,2026-08-23T03:00:00Z,675.9,2026-09-08T00:00:00Z,macro,2025-10-02T21:52:15Z,,continuing,False,False
KXFEDDECISION-27JUN-C25,279.39,2026-08-24T16:00:00Z,328.0,2026-09-07T23:00:00Z,macro,2025-10-02T21:52:02Z,,continuing,False,False
KXFEDDECISION-27JUN-C26,383.17,2026-08-24T16:00:00Z,473.0,2026-09-07T23:00:00Z,macro,2025-10-02T21:52:02Z,,continuing,False,False
KXFEDDECISION-27JUN-H0,471.87,2026-08-24T22:00:00Z,669.73,2026-09-08T00:00:00Z,macro,2025-10-02T21:52:02Z,,continuing,False,False
KXFEDDECISION-27JUN-H25,210.0,2026-08-24T16:00:00Z,224.0,2026-09-07T23:00:00Z,macro,2025-10-02T21:52:02Z,,continuing,False,False
KXFEDDECISION-27JUN-H26,,,267.37,2026-09-08T00:00:00Z,macro,2025-10-02T21:52:02Z,,entry,False,False
KXFEDDECISION-27MAR-C25,954.6,2026-08-24T22:00:00Z,1007.3,2026-09-08T00:00:00Z,macro,2025-10-02T21:51:16Z,,continuing,False,False
KXFEDDECISION-27MAR-H0,1381.0,2026-08-24T14:00:00Z,2205.35,2026-09-07T23:00:00Z,macro,2025-10-02T21:51:16Z,,continuing,False,False
KXFEDDECISION-27MAR-H25,,,902.27,2026-09-07T23:00:00Z,macro,2025-10-02T21:51:16Z,,entry,False,False
KXFEDDECISION-27OCT-C25,135.44,2026-08-25T00:00:00Z,222.8,2026-09-07T23:00:00Z,macro,2025-10-02T21:52:41Z,,continuing,False,False
KXFEDDECISION-27OCT-C26,149.4,2026-08-23T11:00:00Z,,,macro,2025-10-02T21:52:41Z,,exit,False,False
KXFEDDECISION-27OCT-H0,791.15,2026-08-23T15:00:00Z,997.1,2026-09-08T00:00:00Z,macro,2025-10-02T21:52:41Z,,continuing,False,False
KXFEDDECISION-27OCT-H25,483.18,2026-08-23T12:00:00Z,1117.25,2026-09-08T00:00:00Z,macro,2025-10-02T21:52:41Z,,continuing,False,False
KXFEDDECISION-27OCT-H26,873.03,2026-08-23T12:00:00Z,928.89,2026-09-07T23:00:00Z,macro,2025-10-02T21:52:41Z,,continuing,False,False
KXFEDDECISION-27SEP-C25,231.23,2026-08-24T23:00:00Z,245.23,2026-09-08T00:00:00Z,macro,2025-10-02T21:52:31Z,,continuing,False,False
KXFEDDECISION-27SEP-C26,710.8,2026-08-24T22:00:00Z,711.8,2026-09-07T13:00:00Z,macro,2025-10-02T21:52:31Z,,continuing,False,False
KXFEDDECISION-27SEP-H0,520.38,2026-08-25T00:00:00Z,480.56,2026-09-08T00:00:00Z,macro,2025-10-02T21:52:31Z,,continuing,False,False
KXFEDDECISION-27SEP-H25,147.22,2026-08-24T19:00:00Z,148.22,2026-09-08T00:00:00Z,macro,2025-10-02T21:52:31Z,,continuing,False,False
KXFEDDECISION-27SEP-H26,146.71,2026-08-24T19:00:00Z,145.71,2026-09-07T13:00:00Z,macro,2025-10-02T21:52:31Z,,continuing,False,False
KXFEDDECISION-28JAN-C25,432.53,2026-08-23T14:00:00Z,473.0,2026-09-07T13:00:00Z,macro,2025-10-02T21:53:09Z,,continuing,False,False
KXFEDDECISION-28JAN-C26,164.4,2026-08-24T20:00:00Z,255.71,2026-09-07T23:00:00Z,macro,2025-10-02T21:53:09Z,,continuing,False,False
KXFEDDECISION-28JAN-H0,400.71,2026-08-24T23:00:00Z,399.99,2026-09-07T23:00:00Z,macro,2025-10-02T21:53:09Z,,continuing,False,False
KXFEDDECISION-28JAN-H25,180.0,2026-08-24T21:00:00Z,180.0,2026-09-08T00:00:00Z,macro,2025-10-02T21:53:09Z,,continuing,False,False
KXFEDDECISION-28JAN-H26,880.0,2026-08-24T23:00:00Z,873.0,2026-09-08T00:00:00Z,macro,2025-10-02T21:53:09Z,,continuing,False,False
KXFEDEND-27-JAN01,2440.99,2026-08-24T17:00:00Z,,,policy,2024-11-20T22:07:15Z,,exit,False,False
KXFEDFUNDSYEAR-28JAN01-T1.00,361.01,2026-08-25T00:00:00Z,361.01,2026-09-07T10:00:00Z,macro,2026-07-29T16:59:29Z,,continuing,False,False
KXFEDFUNDSYEAR-28JAN01-T1.25,146.45,2026-08-25T00:00:00Z,270.03,2026-09-07T16:00:00Z,macro,2026-07-29T16:59:29Z,,continuing,False,False
KXFEDFUNDSYEAR-28JAN01-T1.50,55.0,2026-08-25T00:00:00Z,55.0,2026-09-07T16:00:00Z,macro,2026-07-29T16:59:29Z,,continuing,False,False
KXFEDFUNDSYEAR-28JAN01-T1.75,25.0,2026-08-25T00:00:00Z,25.0,2026-09-07T16:00:00Z,macro,2026-07-29T16:59:29Z,,continuing,False,False
KXFEDFUNDSYEAR-28JAN01-T2.00,164.19,2026-08-25T00:00:00Z,164.19,2026-09-07T16:00:00Z,macro,2026-07-29T16:59:29Z,,continuing,False,False
KXFEDFUNDSYEAR-28JAN01-T2.25,408.27,2026-08-25T00:00:00Z,465.83,2026-09-07T10:00:00Z,macro,2026-07-29T16:59:29Z,,continuing,False,False
KXFEDFUNDSYEAR-28JAN01-T2.50,131.0,2026-08-25T00:00:00Z,240.12,2026-09-07T20:00:00Z,macro,2026-07-29T16:59:29Z,,continuing,False,False
KXFEDFUNDSYEAR-28JAN01-T2.75,707.98,2026-08-25T00:00:00Z,868.33,2026-09-07T17:00:00Z,macro,2026-07-29T16:59:29Z,,continuing,False,False
KXFEDFUNDSYEAR-28JAN01-T3.00,193.51,2026-08-25T00:00:00Z,445.93,2026-09-07T16:00:00Z,macro,2026-07-29T16:59:29Z,,continuing,False,False
KXFEDFUNDSYEAR-28JAN01-T3.25,2187.98,2026-08-25T00:00:00Z,2243.08,2026-09-08T00:00:00Z,macro,2026-07-29T16:59:29Z,,continuing,False,False
KXFEDFUNDSYEAR-28JAN01-T3.50,2130.95,2026-08-25T00:00:00Z,2370.96,2026-09-08T00:00:00Z,macro,2026-07-29T16:59:29Z,,continuing,False,False
KXFEDFUNDSYEAR-28JAN01-T3.75,2182.83,2026-08-25T00:00:00Z,3012.25,2026-09-08T00:00:00Z,macro,2026-07-29T16:59:29Z,,continuing,False,False
KXFEDFUNDSYEAR-28JAN01-T4.00,1106.31,2026-08-25T00:00:00Z,1157.62,2026-09-08T00:00:00Z,macro,2026-07-29T16:59:29Z,,continuing,False,False
KXFEDFUNDSYEAR-28JAN01-T4.25,306.32,2026-08-25T00:00:00Z,721.07,2026-09-08T00:00:00Z,macro,2026-07-29T16:59:29Z,,continuing,False,False
KXFEDFUNDSYEAR-28JAN01-T4.50,70.38,2026-08-25T00:00:00Z,,,macro,2026-07-29T16:59:29Z,,exit,False,False
KXFEDFUNDSYEAR-28JAN01-T4.75,149.74,2026-08-25T00:00:00Z,254.74,2026-09-07T23:00:00Z,macro,2026-07-29T16:59:29Z,,continuing,False,False
KXFEDFUNDSYEAR-28JAN01-T5.00,48.76,2026-08-25T00:00:00Z,48.76,2026-09-07T16:00:00Z,macro,2026-07-29T16:59:29Z,,continuing,False,False
KXFEDFUNDSYEAR-28JAN01-T5.25,84.53,2026-08-25T00:00:00Z,761.09,2026-09-07T16:00:00Z,macro,2026-07-29T16:59:29Z,,continuing,False,False
KXFEDFUNDSYEAR-28JAN01-T5.50,67.0,2026-08-25T00:00:00Z,,,macro,2026-07-29T16:59:29Z,,exit,False,False
KXFEDFUNDSYEAR-28JAN01-T5.75,56.0,2026-08-25T00:00:00Z,56.0,2026-09-07T10:00:00Z,macro,2026-07-29T16:59:29Z,,continuing,False,False
KXFEDFUNDSYEAR-28JAN01-T6.00,29.01,2026-08-25T00:00:00Z,29.01,2026-09-07T16:00:00Z,macro,2026-07-29T16:59:29Z,,continuing,False,False
KXFEDFUNDSYEAR-29JAN01-T1.00,56.01,2026-08-25T00:00:00Z,402.01,2026-09-07T18:00:00Z,macro,2026-07-29T17:19:03Z,,continuing,False,False
KXFEDFUNDSYEAR-29JAN01-T1.25,63.01,2026-08-25T00:00:00Z,456.01,2026-09-07T18:00:00Z,macro,2026-07-29T17:19:03Z,,continuing,False,False
KXFEDFUNDSYEAR-29JAN01-T1.50,12.99,2026-08-25T00:00:00Z,17.99,2026-09-07T09:00:00Z,macro,2026-07-29T17:19:03Z,,continuing,False,False
KXFEDFUNDSYEAR-29JAN01-T1.75,36.0,2026-08-25T00:00:00Z,36.0,2026-09-07T18:00:00Z,macro,2026-07-29T17:19:03Z,,continuing,False,False
KXFEDFUNDSYEAR-29JAN01-T2.00,36.01,2026-08-25T00:00:00Z,36.01,2026-09-07T18:00:00Z,macro,2026-07-29T17:19:03Z,,continuing,False,False
KXFEDFUNDSYEAR-29JAN01-T2.25,9.02,2026-08-25T00:00:00Z,56.02,2026-09-07T18:00:00Z,macro,2026-07-29T17:19:03Z,,continuing,False,False
KXFEDFUNDSYEAR-29JAN01-T2.50,34.0,2026-08-25T00:00:00Z,34.0,2026-09-07T18:00:00Z,macro,2026-07-29T17:19:03Z,,continuing,False,False
KXFEDFUNDSYEAR-29JAN01-T2.75,52.0,2026-08-25T00:00:00Z,57.0,2026-09-07T09:00:00Z,macro,2026-07-29T17:19:03Z,,continuing,False,False
KXFEDFUNDSYEAR-29JAN01-T3.00,0.01,2026-08-25T00:00:00Z,,,macro,2026-07-29T17:19:03Z,,exit,False,False
KXFEDFUNDSYEAR-29JAN01-T3.25,0.01,2026-08-25T00:00:00Z,,,macro,2026-07-29T17:19:03Z,,exit,False,False
KXFEDFUNDSYEAR-29JAN01-T3.50,81.0,2026-08-25T00:00:00Z,210.0,2026-09-07T09:00:00Z,macro,2026-07-29T17:19:03Z,,continuing,False,False
KXFEDFUNDSYEAR-29JAN01-T3.75,36.01,2026-08-25T00:00:00Z,36.01,2026-09-06T05:00:00Z,macro,2026-07-29T17:19:03Z,,continuing,False,False
KXFEDFUNDSYEAR-29JAN01-T4.00,34.01,2026-08-25T00:00:00Z,34.01,2026-09-07T09:00:00Z,macro,2026-07-29T17:19:03Z,,continuing,False,False
KXFEDFUNDSYEAR-29JAN01-T4.25,0.01,2026-08-25T00:00:00Z,,,macro,2026-07-29T17:19:03Z,,exit,False,False
KXFEDFUNDSYEAR-29JAN01-T4.50,80.01,2026-08-25T00:00:00Z,173.01,2026-09-07T09:00:00Z,macro,2026-07-29T17:19:03Z,,continuing,False,False
KXFEDFUNDSYEAR-29JAN01-T4.75,88.01,2026-08-25T00:00:00Z,154.01,2026-09-07T09:00:00Z,macro,2026-07-29T17:19:03Z,,continuing,False,False
KXFEDFUNDSYEAR-29JAN01-T5.00,118.0,2026-08-25T00:00:00Z,118.0,2026-09-07T10:00:00Z,macro,2026-07-29T17:19:03Z,,continuing,False,False
KXFEDFUNDSYEAR-29JAN01-T5.25,197.01,2026-08-25T00:00:00Z,197.01,2026-09-07T14:00:00Z,macro,2026-07-29T17:19:03Z,,continuing,False,False
KXFEDFUNDSYEAR-29JAN01-T5.50,82.0,2026-08-25T00:00:00Z,82.0,2026-09-07T09:00:00Z,macro,2026-07-29T17:19:03Z,,continuing,False,False
KXFEDFUNDSYEAR-29JAN01-T5.75,98.01,2026-08-25T00:00:00Z,98.01,2026-09-07T09:00:00Z,macro,2026-07-29T17:19:03Z,,continuing,False,False
KXFEDFUNDSYEAR-29JAN01-T6.00,25.01,2026-08-25T00:00:00Z,25.01,2026-09-07T10:00:00Z,macro,2026-07-29T17:19:03Z,,continuing,False,False
KXFEDGOVNOM-27-CWAL,11107.35,2026-08-24T17:00:00Z,,,policy,2026-01-05T00:39:51Z,,exit,False,False
KXFEDGOVNOM-27-DMAL,103.0,2026-08-24T17:00:00Z,,,policy,2026-01-05T00:39:51Z,,exit,False,False
KXFEDGOVNOM-27-JBUL,512.0,2026-08-24T20:00:00Z,512.0,2026-09-08T00:00:00Z,policy,2026-01-05T00:39:51Z,,continuing,False,False
KXFEDGOVNOM-27-JSHE,37556.23,2026-08-25T00:00:00Z,37557.32,2026-09-06T18:00:00Z,policy,2026-01-05T00:39:51Z,,continuing,False,False
KXFEDGOVNOM-27-KHAS,4641.17,2026-08-25T00:00:00Z,6558.17,2026-09-06T17:00:00Z,policy,2026-01-05T00:39:51Z,,continuing,False,False
KXFEDGOVNOM-27-LLOG,471.9,2026-08-24T22:00:00Z,,,policy,2026-01-05T00:39:51Z,,exit,False,False
KXFEDGOVNOM-27-MBOW,1998.7,2026-08-24T17:00:00Z,1998.7,2026-09-06T19:00:00Z,policy,2026-01-05T00:39:51Z,,continuing,False,False
KXFEDGOVNOM-27-MSUM,1515.0,2026-08-24T17:00:00Z,,,policy,2026-01-05T00:39:51Z,,exit,False,False
KXFEDGOVNOM-27-PJEF,1.0,2026-08-24T17:00:00Z,,,policy,2026-01-05T00:39:51Z,,exit,False,False
KXFEDGOVNOM-27-RRIE,4056.0,2026-08-24T17:00:00Z,,,policy,2026-01-05T00:39:51Z,,exit,False,False
KXFEDGOVNOM-27-SBES,704.0,2026-08-24T17:00:00Z,,,policy,2026-01-05T00:39:51Z,,exit,False,False
KXFEDGOVNOM-27-SMIR,45639.64,2026-08-25T00:00:00Z,45639.64,2026-09-07T10:00:00Z,policy,2026-01-05T00:39:51Z,,continuing,False,False
KXFEDGOVNOM-29-26OCT01,262.47,2026-08-24T22:00:00Z,,,policy,2026-07-07T22:50:18Z,,exit,False,False
KXFEDGOVNOM-29-27APR01,47.02,2026-08-24T16:00:00Z,47.02,2026-09-06T18:00:00Z,policy,2026-07-07T22:50:18Z,,continuing,False,False
KXFEDGOVNOM-29-27JAN01,47.0,2026-08-24T16:00:00Z,,,policy,2026-07-07T22:50:18Z,,exit,False,False
KXFEDGOVNOM-29-27JUL01,28.01,2026-08-24T16:00:00Z,28.01,2026-09-06T18:00:00Z,policy,2026-07-07T22:50:18Z,,continuing,False,False
KXFEDGOVNOM-29-27OCT01,28.01,2026-08-24T16:00:00Z,28.01,2026-09-06T18:00:00Z,policy,2026-07-07T22:50:18Z,,continuing,False,False
KXFEDGOVNOM-29-28JAN01,63.75,2026-08-24T16:00:00Z,63.75,2026-09-06T18:00:00Z,policy,2026-07-07T22:50:18Z,,continuing,False,False
KXFEDMENTION-26SEP-AI,119.39,2026-08-24T17:00:00Z,262.07,2026-09-08T00:00:00Z,mention,2026-07-30T18:19:05Z,,continuing,False,False
KXFEDMENTION-26SEP-GAS,251.62,2026-08-24T17:00:00Z,304.84,2026-09-08T00:00:00Z,mention,2026-07-30T18:19:05Z,,continuing,False,False
KXFEDMENTION-26SEP-GOODS,62.25,2026-08-24T17:00:00Z,242.47,2026-09-08T00:00:00Z,mention,2026-07-30T18:19:05Z,,continuing,False,False
KXFEDMENTION-26SEP-IRAN,239.32,2026-08-24T16:00:00Z,936.35,2026-09-08T00:00:00Z,mention,2026-07-30T18:19:05Z,,continuing,False,False
KXFEDMENTION-26SEP-LAYO,275.45,2026-08-24T15:00:00Z,385.74,2026-09-08T00:00:00Z,mention,2026-07-30T18:19:05Z,,continuing,False,False
KXFEDMENTION-26SEP-OIL,396.43,2026-08-25T00:00:00Z,1185.76,2026-09-08T00:00:00Z,mention,2026-07-30T18:19:05Z,,continuing,False,False
KXFEDMENTION-26SEP-PROD,22.58,2026-08-24T17:00:00Z,332.02,2026-09-08T00:00:00Z,mention,2026-07-30T18:19:05Z,,continuing,False,False
KXFEDMENTION-26SEP-RECE,35.22,2026-08-25T00:00:00Z,132.12,2026-09-08T00:00:00Z,mention,2026-07-30T18:19:05Z,,continuing,False,False
KXFEDMENTION-26SEP-SHUT,12.11,2026-08-24T17:00:00Z,12.11,2026-09-08T00:00:00Z,mention,2026-07-30T18:19:05Z,,continuing,False,False
KXFEDMENTION-26SEP-TAX,114.08,2026-08-25T00:00:00Z,128.98,2026-09-08T00:00:00Z,mention,2026-07-30T18:19:05Z,,continuing,False,False
KXFEDREFORM-27-REJE,905.0,2026-08-24T19:00:00Z,905.0,2026-09-07T10:00:00Z,policy,2026-05-05T01:09:25Z,,continuing,False,False
KXFEDREFORM-27-REMO,6.55,2026-08-24T19:00:00Z,6.55,2026-09-07T04:00:00Z,policy,2026-05-05T01:09:25Z,,continuing,False,False
KXFILMTAXCREDIT-26SEP,,,2650.0,2026-09-08T00:00:00Z,policy,2026-09-02T22:28:00Z,,entry,True,False
KXFOMCDISSENTCOUNT-26SEP-0,9021.75,2026-08-25T00:00:00Z,41811.21,2026-09-08T00:00:00Z,macro,2026-07-29T15:35:17Z,,continuing,False,False
KXFOMCDISSENTCOUNT-26SEP-1,568.09,2026-08-24T18:00:00Z,13765.26,2026-09-07T18:00:00Z,macro,2026-07-29T15:35:17Z,,continuing,False,False
KXFOMCDISSENTCOUNT-26SEP-2,3247.58,2026-08-24T23:00:00Z,5329.98,2026-09-08T00:00:00Z,macro,2026-07-29T15:35:17Z,,continuing,False,False
KXFOMCDISSENTCOUNT-26SEP-3,7074.73,2026-08-24T23:00:00Z,11290.47,2026-09-08T00:00:00Z,macro,2026-07-29T15:35:17Z,,continuing,False,False
KXFOMCDISSENTCOUNT-26SEP-4,4627.2,2026-08-24T23:00:00Z,5374.26,2026-09-07T23:00:00Z,macro,2026-07-29T15:35:17Z,,continuing,False,False
KXFOMCDISSENTCOUNT-26SEP-5,1677.0,2026-08-25T00:00:00Z,6334.06,2026-09-06T20:00:00Z,macro,2026-08-21T15:19:07Z,,continuing,False,False
KXFOURSTATESEN-26NOV03-FFFF,2659.28,2026-08-24T17:00:00Z,2764.45,2026-09-08T00:00:00Z,election,2026-08-03T18:35:05Z,,continuing,False,False
KXFOURSTATESEN-26NOV03-FFFT,527.55,2026-08-24T10:00:00Z,,,election,2026-08-03T18:35:05Z,,exit,False,False
KXFOURSTATESEN-26NOV03-FFTT,324.0,2026-08-24T10:00:00Z,324.0,2026-09-07T10:00:00Z,election,2026-08-03T18:35:05Z,,continuing,False,False
KXFOURSTATESEN-26NOV03-FTFF,405.0,2026-08-24T17:00:00Z,,,election,2026-08-03T18:35:05Z,,exit,False,False
KXFOURSTATESEN-26NOV03-FTFT,485.24,2026-08-24T22:00:00Z,,,election,2026-08-03T18:35:05Z,,exit,False,False
KXFOURSTATESEN-26NOV03-FTTT,524.02,2026-08-24T10:00:00Z,549.02,2026-09-07T15:00:00Z,election,2026-08-03T18:35:05Z,,continuing,False,False
KXFOURSTATESEN-26NOV03-TFFF,533.51,2026-08-24T10:00:00Z,691.51,2026-09-07T12:00:00Z,election,2026-08-03T18:35:05Z,,continuing,False,False
KXFOURSTATESEN-26NOV03-TFFT,448.48,2026-08-24T17:00:00Z,925.36,2026-09-07T10:00:00Z,election,2026-08-03T18:35:05Z,,continuing,False,False
KXFOURSTATESEN-26NOV03-TFTT,330.67,2026-08-24T10:00:00Z,330.67,2026-09-07T10:00:00Z,election,2026-08-03T18:35:05Z,,continuing,False,False
KXFOURSTATESEN-26NOV03-TTFF,602.18,2026-08-24T17:00:00Z,1420.35,2026-09-07T12:00:00Z,election,2026-08-03T18:35:05Z,,continuing,False,False
KXFOURSTATESEN-26NOV03-TTFT,755.02,2026-08-24T10:00:00Z,1189.42,2026-09-06T13:00:00Z,election,2026-08-03T18:35:05Z,,continuing,False,False
KXFOURSTATESEN-26NOV03-TTTT,2189.64,2026-08-24T18:00:00Z,2225.58,2026-09-07T03:00:00Z,election,2026-08-03T18:35:05Z,,continuing,False,False
KXFOXNEWSMENTION-26AUG23-AFFO,8017.89,2026-08-24T15:00:00Z,,,mention,2026-08-21T16:11:40Z,2026-08-24T15:19:37Z,exit,False,False
KXFOXNEWSMENTION-26AUG23-AI,4473.63,2026-08-24T15:00:00Z,,,mention,2026-08-21T16:11:40Z,2026-08-24T15:19:37Z,exit,False,False
KXFOXNEWSMENTION-26AUG23-IRAN,5436.18,2026-08-24T15:00:00Z,,,mention,2026-08-21T16:11:40Z,2026-08-24T15:19:37Z,exit,False,False
KXFOXNEWSMENTION-26AUG23-OIL,3114.12,2026-08-24T15:00:00Z,,,mention,2026-08-21T16:11:40Z,2026-08-24T15:19:37Z,exit,False,False
KXFOXNEWSMENTION-26AUG23-TARI,4287.87,2026-08-24T15:00:00Z,,,mention,2026-08-21T16:11:40Z,2026-08-24T15:19:37Z,exit,False,False
KXFTCAIBOOKS-26AUG-27JAN01,250.0,2026-08-25T00:00:00Z,3650.0,2026-09-07T10:00:00Z,policy,2026-08-24T19:27:55Z,,continuing,False,False
KXGAMBLINGREPEAL-26AUG-27APR01,,,0.0,2026-09-07T18:00:00Z,policy,2026-08-20T16:47:06Z,,entry,False,False
KXGAMBLINGREPEAL-26AUG-27SEP01,,,0.0,2026-09-07T18:00:00Z,policy,2026-08-20T16:49:57Z,,entry,False,False
KXGAMBLINGREPEAL-26AUG-28JAN01,,,482.02,2026-09-07T23:00:00Z,policy,2026-08-20T16:50:32Z,,entry,False,False
KXGAMBLINGREPEAL-26JAN-27,93889.43,2026-08-24T21:00:00Z,94906.64,2026-09-07T18:00:00Z,policy,2025-11-25T00:43:50Z,,continuing,False,False
KXGAMBLINGREPEAL-26SEP01,8601.65,2026-08-24T10:00:00Z,,,policy,2026-05-11T15:49:52Z,2026-09-01T13:51:41Z,exit,False,True
KXGDP-26OCT30-T0.0,355.42,2026-08-24T14:00:00Z,408.76,2026-09-06T17:00:00Z,macro,2026-07-28T16:05:39Z,,continuing,False,False
KXGDP-26OCT30-T0.5,293.77,2026-08-25T00:00:00Z,291.02,2026-09-07T19:00:00Z,macro,2026-07-28T16:04:38Z,,continuing,False,False
KXGDP-26OCT30-T1.0,3635.96,2026-08-25T00:00:00Z,4609.54,2026-09-07T19:00:00Z,macro,2025-10-07T17:59:06Z,,continuing,False,False
KXGDP-26OCT30-T1.5,1758.04,2026-08-25T00:00:00Z,4281.38,2026-09-07T22:00:00Z,macro,2025-10-07T17:59:06Z,,continuing,False,False
KXGDP-26OCT30-T2.0,6027.98,2026-08-25T00:00:00Z,8219.85,2026-09-07T23:00:00Z,macro,2025-10-07T17:59:06Z,,continuing,False,False
KXGDP-26OCT30-T2.5,5899.35,2026-08-25T00:00:00Z,6024.13,2026-09-07T17:00:00Z,macro,2025-10-07T17:59:06Z,,continuing,False,False
KXGDP-26OCT30-T3.0,1811.84,2026-08-25T00:00:00Z,3245.5,2026-09-08T00:00:00Z,macro,2026-07-28T16:06:33Z,,continuing,False,False
KXGDP-26OCT30-T3.5,3238.39,2026-08-25T00:00:00Z,3337.54,2026-09-07T17:00:00Z,macro,2026-07-28T16:06:52Z,,continuing,False,False
KXGDP-26OCT30-T4.0,8862.52,2026-08-25T00:00:00Z,10406.34,2026-09-07T23:00:00Z,macro,2026-07-28T16:07:21Z,,continuing,False,False
KXGDP-27APR29-T0.0,46.01,2026-08-24T17:00:00Z,46.01,2026-09-07T10:00:00Z,macro,2026-07-28T18:08:31Z,,continuing,False,False
KXGDP-27APR29-T0.5,47.04,2026-08-24T17:00:00Z,47.04,2026-09-07T10:00:00Z,macro,2026-07-28T18:08:31Z,,continuing,False,False
KXGDP-27APR29-T1.0,51.03,2026-08-24T10:00:00Z,51.03,2026-09-07T10:00:00Z,macro,2026-07-28T18:08:31Z,,continuing,False,False
KXGDP-27APR29-T1.5,30.0,2026-08-24T10:00:00Z,30.0,2026-09-07T10:00:00Z,macro,2026-07-28T18:08:31Z,,continuing,False,False
KXGDP-27APR29-T2.0,240.0,2026-08-24T10:00:00Z,240.0,2026-09-07T10:00:00Z,macro,2026-07-28T18:08:31Z,,continuing,False,False
KXGDP-27APR29-T2.5,213.86,2026-08-24T10:00:00Z,213.86,2026-09-07T10:00:00Z,macro,2026-07-28T18:08:31Z,,continuing,False,False
KXGDP-27APR29-T3.0,43.01,2026-08-24T10:00:00Z,43.01,2026-09-07T10:00:00Z,macro,2026-07-28T18:08:31Z,,continuing,False,False
KXGDP-27APR29-T3.5,661.0,2026-08-24T16:00:00Z,700.0,2026-09-06T20:00:00Z,macro,2026-07-28T18:08:31Z,,continuing,False,False
KXGDP-27APR29-T4.0,1369.03,2026-08-24T10:00:00Z,1369.03,2026-09-07T10:00:00Z,macro,2026-07-28T18:08:31Z,,continuing,False,False
KXGDP-27JAN28-T0.0,10.01,2026-08-24T17:00:00Z,,,macro,2026-07-28T16:42:32Z,,exit,False,False
KXGDP-27JAN28-T0.5,67.0,2026-08-24T17:00:00Z,67.0,2026-09-07T10:00:00Z,macro,2026-07-28T16:42:32Z,,continuing,False,False
KXGDP-27JAN28-T1.0,607.02,2026-08-24T16:00:00Z,607.02,2026-09-07T10:00:00Z,macro,2026-07-28T16:42:32Z,,continuing,False,False
KXGDP-27JAN28-T1.5,315.72,2026-08-24T14:00:00Z,315.72,2026-09-07T10:00:00Z,macro,2026-07-28T16:42:32Z,,continuing,False,False
KXGDP-27JAN28-T2.0,1223.2,2026-08-24T19:00:00Z,1223.2,2026-09-07T10:00:00Z,macro,2026-07-28T16:42:32Z,,continuing,False,False
KXGDP-27JAN28-T2.5,231.41,2026-08-24T00:00:00Z,,,macro,2026-07-28T16:42:32Z,,exit,False,False
KXGDP-27JAN28-T3.0,25.0,2026-08-24T14:00:00Z,25.0,2026-09-07T10:00:00Z,macro,2026-07-28T16:42:32Z,,continuing,False,False
KXGDP-27JAN28-T3.5,796.01,2026-08-25T00:00:00Z,796.01,2026-09-07T22:00:00Z,macro,2026-07-28T16:42:32Z,,continuing,False,False
KXGDP-27JAN28-T4.0,261.0,2026-08-24T23:00:00Z,,,macro,2026-07-28T16:42:32Z,,exit,False,False
KXGDP-27JUL29-T0.0,184.03,2026-08-24T14:00:00Z,184.03,2026-09-07T10:00:00Z,macro,2026-07-28T18:13:12Z,,continuing,False,False
KXGDP-27JUL29-T0.5,66.0,2026-08-24T10:00:00Z,66.0,2026-09-07T10:00:00Z,macro,2026-07-28T18:13:12Z,,continuing,False,False
KXGDP-27JUL29-T1.0,50.0,2026-08-24T10:00:00Z,50.0,2026-09-07T10:00:00Z,macro,2026-07-28T18:13:12Z,,continuing,False,False
KXGDP-27JUL29-T1.5,47.03,2026-08-24T14:00:00Z,47.03,2026-09-07T10:00:00Z,macro,2026-07-28T18:13:12Z,,continuing,False,False
KXGDP-27JUL29-T2.0,246.8,2026-08-24T10:00:00Z,244.0,2026-09-07T10:00:00Z,macro,2026-07-28T18:13:12Z,,continuing,False,False
KXGDP-27JUL29-T2.5,78.0,2026-08-24T10:00:00Z,78.0,2026-09-07T10:00:00Z,macro,2026-07-28T18:13:12Z,,continuing,False,False
KXGDP-27JUL29-T3.0,59.0,2026-08-24T10:00:00Z,59.0,2026-09-07T10:00:00Z,macro,2026-07-28T18:13:12Z,,continuing,False,False
KXGDP-27JUL29-T3.5,529.0,2026-08-24T19:00:00Z,,,macro,2026-07-28T18:13:12Z,,exit,False,False
KXGDP-27JUL29-T4.0,54.0,2026-08-24T10:00:00Z,54.0,2026-09-07T10:00:00Z,macro,2026-07-28T18:13:12Z,,continuing,False,False
KXGDPYEAR-26-B0.3,21703.84,2026-08-24T19:00:00Z,21704.84,2026-09-06T20:00:00Z,macro,2026-01-13T22:55:43Z,,continuing,False,False
KXGDPYEAR-26-B0.8,17934.65,2026-08-24T22:00:00Z,17935.65,2026-09-06T02:00:00Z,macro,2026-01-13T22:55:43Z,,continuing,False,False
KXGDPYEAR-26-B1.3,13341.74,2026-08-25T00:00:00Z,14876.34,2026-09-08T00:00:00Z,macro,2026-01-13T22:55:43Z,,continuing,False,False
KXGDPYEAR-26-B1.8,17413.66,2026-08-25T00:00:00Z,18900.17,2026-09-08T00:00:00Z,macro,2026-01-13T22:55:43Z,,continuing,False,False
KXGDPYEAR-26-B2.3,16598.7,2026-08-25T00:00:00Z,17032.15,2026-09-08T00:00:00Z,macro,2026-01-13T22:55:43Z,,continuing,False,False
KXGDPYEAR-26-B2.8,8792.08,2026-08-24T23:00:00Z,9055.26,2026-09-07T23:00:00Z,macro,2026-01-13T22:55:43Z,,continuing,False,False
KXGDPYEAR-26-B3.3,25726.85,2026-08-24T22:00:00Z,26168.85,2026-09-08T00:00:00Z,macro,2026-01-13T22:55:43Z,,continuing,False,False
KXGDPYEAR-26-B3.8,26116.3,2026-08-24T10:00:00Z,,,macro,2026-01-13T22:55:43Z,,exit,False,False
KXGDPYEAR-26-B4.3,29799.82,2026-08-24T10:00:00Z,,,macro,2026-01-13T22:55:43Z,,exit,False,False
KXGDPYEAR-26-B4.8,22295.09,2026-08-24T10:00:00Z,,,macro,2026-01-13T22:55:43Z,,exit,False,False
KXGDPYEAR-26-B5.3,8680.41,2026-08-24T10:00:00Z,,,macro,2026-01-13T22:55:43Z,,exit,False,False
KXGDPYEAR-26-B5.8,5161.23,2026-08-24T10:00:00Z,,,macro,2026-01-13T22:55:43Z,,exit,False,False
KXGDPYEAR-26-T0.1,35226.84,2026-08-24T19:00:00Z,,,macro,2026-01-13T22:55:43Z,,exit,False,False
KXGDPYEAR-26-T6.0,7380.7,2026-08-24T10:00:00Z,,,macro,2026-01-13T22:55:43Z,,exit,False,False
KXGDPYEAR-27-B1.8,867.41,2026-08-24T10:00:00Z,867.41,2026-09-07T10:00:00Z,macro,2026-06-08T18:34:55Z,,continuing,False,False
KXGDPYEAR-27-B2.3,,,1463.2,2026-09-07T10:00:00Z,macro,2026-06-08T18:34:55Z,,entry,False,False
KXGDPYEAR-27-B2.8,,,1686.72,2026-09-07T10:00:00Z,macro,2026-06-08T18:34:55Z,,entry,False,False
KXGDPYEAR-27-B3.3,243.0,2026-08-24T10:00:00Z,243.0,2026-09-07T10:00:00Z,macro,2026-06-08T18:34:55Z,,continuing,False,False
KXGDPYEAR-27-B4.8,318.0,2026-08-24T10:00:00Z,318.0,2026-09-07T10:00:00Z,macro,2026-06-08T18:34:55Z,,continuing,False,False
KXGDPYEAR-27-B5.3,138.0,2026-08-24T10:00:00Z,138.0,2026-09-07T10:00:00Z,macro,2026-06-08T18:34:55Z,,continuing,False,False
KXGDPYEAR-27-T0.1,5136.0,2026-08-24T10:00:00Z,5136.0,2026-09-07T10:00:00Z,macro,2026-06-08T18:34:55Z,,continuing,False,False
KXGDPYEAR-28-B1.3,491.0,2026-08-24T10:00:00Z,491.0,2026-09-07T10:00:00Z,macro,2026-06-08T18:56:15Z,,continuing,False,False
KXGDPYEAR-28-B1.8,742.0,2026-08-24T13:00:00Z,,,macro,2026-06-08T18:56:15Z,,exit,False,False
KXGDPYEAR-28-B2.3,1442.19,2026-08-24T10:00:00Z,1437.19,2026-09-07T10:00:00Z,macro,2026-06-08T18:56:15Z,,continuing,False,False
KXGDPYEAR-28-T6.0,3561.27,2026-08-24T10:00:00Z,3555.27,2026-09-07T10:00:00Z,macro,2026-06-08T18:56:15Z,,continuing,False,False
KXGENERICTARIFF-26JUL-NOV03,853.8,2026-08-24T20:00:00Z,860.54,2026-09-08T00:00:00Z,policy,2026-07-28T15:01:19Z,,continuing,False,False
KXGOVBAL-27APR20-T-6.0,,,0.01,2026-09-08T00:00:00Z,policy,2026-09-07T16:17:04Z,,entry,True,False
KXGOVBAL-27APR20-T-6.5,,,0.0,2026-09-08T00:00:00Z,policy,2026-09-07T16:17:04Z,,entry,True,False
KXGOVBAL-27APR20-T-7.0,,,0.0,2026-09-08T00:00:00Z,policy,2026-09-07T16:17:04Z,,entry,True,False
KXGOVBAL-27APR20-T-7.5,,,3050.01,2026-09-08T00:00:00Z,policy,2026-09-07T16:17:04Z,,entry,True,False
KXGOVBAL-27APR20-T-8.0,,,0.01,2026-09-08T00:00:00Z,policy,2026-09-07T16:17:04Z,,entry,True,False
KXGOVBAL-27APR20-T-8.5,,,0.01,2026-09-08T00:00:00Z,policy,2026-09-07T16:17:04Z,,entry,True,False
KXGOVBAL-27APR20-T-9.0,,,0.0,2026-09-08T00:00:00Z,policy,2026-09-07T16:17:04Z,,entry,True,False
KXGOVPARTYAK-26-D,19451.68,2026-08-24T23:00:00Z,19456.38,2026-09-08T00:00:00Z,election,2025-12-19T20:37:37Z,,continuing,False,False
KXGOVPARTYAK-26-R,23085.37,2026-08-24T17:00:00Z,14501.1,2026-09-07T23:00:00Z,election,2025-12-19T20:37:37Z,,continuing,False,False
KXGOVTCUTS-26-1000,6624.8,2026-08-24T15:00:00Z,8019.57,2026-09-07T16:00:00Z,policy,2024-11-13T02:57:09Z,,continuing,False,False
KXGOVTCUTS-26-2000,12197.77,2026-08-24T15:00:00Z,12496.07,2026-09-07T23:00:00Z,policy,2024-11-13T02:57:09Z,,continuing,False,False
KXGOVTCUTS-26-250,33608.6,2026-08-25T00:00:00Z,33558.53,2026-09-07T23:00:00Z,policy,2024-11-13T02:57:09Z,,continuing,False,False
KXGOVTCUTS-26-500,7492.72,2026-08-24T15:00:00Z,7798.73,2026-09-07T23:00:00Z,policy,2024-11-13T02:57:09Z,,continuing,False,False
KXGOVTCUTS-26-750,5176.1,2026-08-24T15:00:00Z,5318.45,2026-09-07T23:00:00Z,policy,2024-11-13T02:57:09Z,,continuing,False,False
KXGOVTCUTS-26-BILLIONB,11422.36,2026-08-25T00:00:00Z,10009.35,2026-09-07T23:00:00Z,policy,2026-04-06T21:08:48Z,,continuing,False,False
KXGOVTCUTS-28-1,84.71,2026-08-24T20:00:00Z,1937.4,2026-09-07T23:00:00Z,policy,2026-08-14T14:09:53Z,,continuing,False,False
KXGOVTCUTS-28-100,75.41,2026-08-23T10:00:00Z,248.9,2026-09-07T23:00:00Z,policy,2026-07-22T13:56:31Z,,continuing,False,False
KXGOVTCUTS-28-1000,3543.0,2026-08-24T16:00:00Z,3543.0,2026-09-07T09:00:00Z,policy,2024-11-13T18:37:37Z,,continuing,False,False
KXGOVTCUTS-28-150,7.0,2026-08-24T20:00:00Z,23.65,2026-09-07T23:00:00Z,policy,2026-07-22T13:54:04Z,,continuing,False,False
KXGOVTCUTS-28-200,496.22,2026-08-24T20:00:00Z,516.33,2026-09-07T23:00:00Z,policy,2026-07-22T13:52:16Z,,continuing,False,False
KXGOVTCUTS-28-2000,1329.35,2026-08-24T00:00:00Z,1329.35,2026-09-08T00:00:00Z,policy,2024-11-13T18:37:37Z,,continuing,False,False
KXGOVTCUTS-28-250,22421.1,2026-08-24T16:00:00Z,22478.12,2026-09-07T09:00:00Z,policy,2024-11-13T18:37:37Z,,continuing,False,False
KXGOVTCUTS-28-50,399.2,2026-08-23T16:00:00Z,491.73,2026-09-06T23:00:00Z,policy,2026-07-22T13:57:33Z,,continuing,False,False
KXGOVTCUTS-28-750,1636.96,2026-08-25T00:00:00Z,1633.96,2026-09-07T18:00:00Z,policy,2024-11-13T18:37:37Z,,continuing,False,False
KXGOVTFULLFUND-26AUG-26DEC01,2195.0,2026-08-24T19:00:00Z,,,policy,2026-08-03T23:47:51Z,2026-09-03T19:53:25Z,exit,False,True
KXGOVTFULLFUND-26AUG-26NOV01,1706.0,2026-08-24T17:00:00Z,,,policy,2026-08-03T23:47:51Z,2026-09-03T19:53:25Z,exit,False,True
KXGOVTFULLFUND-26AUG-26OCT01,425.52,2026-08-24T17:00:00Z,,,policy,2026-08-03T23:47:51Z,2026-09-03T19:53:25Z,exit,False,True
KXGOVTFULLFUND-26AUG-26OCT02,50.01,2026-08-24T17:00:00Z,,,policy,2026-08-03T23:47:51Z,2026-09-03T19:53:25Z,exit,False,True
KXGOVTFULLFUND-26AUG-26OCT09,99.0,2026-08-24T17:00:00Z,,,policy,2026-08-03T23:47:51Z,2026-09-03T19:53:25Z,exit,False,True
KXGOVTFULLFUND-26AUG-26OCT16,38.47,2026-08-24T18:00:00Z,,,policy,2026-08-03T23:47:51Z,2026-09-03T19:53:25Z,exit,False,True
KXGOVTFULLFUND-26AUG-26SEP11,235.36,2026-08-24T16:00:00Z,,,policy,2026-08-12T14:31:04Z,2026-09-03T19:53:25Z,exit,False,True
KXGOVTFULLFUND-26AUG-26SEP18,600.0,2026-08-24T16:00:00Z,,,policy,2026-08-12T14:30:40Z,2026-09-03T19:53:25Z,exit,False,True
KXGOVTFULLFUND-26AUG-26SEP26,4556.89,2026-08-24T23:00:00Z,,,policy,2026-08-03T23:47:51Z,2026-09-03T19:53:25Z,exit,False,True
KXGOVTSPEND-27-1000B,484.77,2026-08-24T17:00:00Z,,,policy,2026-02-20T17:37:14Z,,exit,False,False
KXGOVTSPEND-27-100B,16.0,2026-08-24T17:00:00Z,16.0,2026-09-07T14:00:00Z,policy,2026-02-20T17:37:14Z,,continuing,False,False
KXGOVTSPEND-27-1B,50.0,2026-08-24T17:00:00Z,,,policy,2026-02-20T17:37:14Z,,exit,False,False
KXGOVTSPEND-27-200B,419.06,2026-08-24T20:00:00Z,419.06,2026-09-07T23:00:00Z,policy,2026-02-20T17:37:14Z,,continuing,False,False
KXGOVTSPEND-27-300B,603.12,2026-08-24T17:00:00Z,,,policy,2026-02-20T17:37:14Z,,exit,False,False
KXGOVTSPEND-27-400B,731.99,2026-08-24T03:00:00Z,,,policy,2026-02-20T17:37:14Z,,exit,False,False
KXGOVTSPEND-27-500B,1400.47,2026-08-24T02:00:00Z,,,policy,2026-02-20T17:37:14Z,,exit,False,False
KXGOVTSPEND-27-50B,15.0,2026-08-24T17:00:00Z,,,policy,2026-02-20T17:37:14Z,,exit,False,False
KXGOVTSPEND-27-750B,703.16,2026-08-23T21:00:00Z,703.16,2026-09-07T19:00:00Z,policy,2026-02-20T17:37:14Z,,continuing,False,False
KXH1B-29,16209.22,2026-08-24T20:00:00Z,16177.59,2026-09-06T20:00:00Z,policy,2024-12-18T21:12:57Z,,continuing,False,False
KXHARVARDFEDREV-26JUN30-A1000000000,0.0,2026-08-25T00:00:00Z,1419.0,2026-09-07T00:00:00Z,policy,2026-08-24T05:03:02Z,,continuing,False,False
KXHARVARDFEDREV-26JUN30-A600000000,0.0,2026-08-25T00:00:00Z,1072.0,2026-09-07T10:00:00Z,policy,2026-08-24T05:03:02Z,,continuing,False,False
KXHARVARDFEDREV-26JUN30-A650000000,0.0,2026-08-25T00:00:00Z,1046.8,2026-09-07T10:00:00Z,policy,2026-08-24T05:03:02Z,,continuing,False,False
KXHARVARDFEDREV-26JUN30-A700000000,0.0,2026-08-25T00:00:00Z,1174.19,2026-09-07T10:00:00Z,policy,2026-08-24T05:03:02Z,,continuing,False,False
KXHARVARDFEDREV-26JUN30-A750000000,0.0,2026-08-25T00:00:00Z,2478.09,2026-09-07T00:00:00Z,policy,2026-08-24T05:03:02Z,,continuing,False,False
KXHARVARDFEDREV-26JUN30-A800000000,0.0,2026-08-25T00:00:00Z,4316.01,2026-09-08T00:00:00Z,policy,2026-08-24T05:03:02Z,,continuing,False,False
KXHARVARDFEDREV-26JUN30-A850000000,0.0,2026-08-25T00:00:00Z,3521.64,2026-09-08T00:00:00Z,policy,2026-08-24T05:03:02Z,,continuing,False,False
KXHARVARDFEDREV-26JUN30-A900000000,0.0,2026-08-25T00:00:00Z,1116.0,2026-09-07T10:00:00Z,policy,2026-08-24T05:03:02Z,,continuing,False,False
KXHARVARDFEDREV-26JUN30-A950000000,0.0,2026-08-25T00:00:00Z,951.73,2026-09-07T00:00:00Z,policy,2026-08-24T05:03:02Z,,continuing,False,False
KXHHSYOUTHCARE-26OCT20,,,1582.0,2026-09-07T01:00:00Z,policy,2026-09-04T15:20:54Z,,entry,True,False
KXHORMUZAVG-27JAN01-A100,9740.92,2026-08-24T20:00:00Z,9839.05,2026-09-06T19:00:00Z,policy,2026-07-08T23:16:28Z,,continuing,False,False
KXHORMUZAVG-27JAN01-A110,316.01,2026-08-24T16:00:00Z,,,policy,2026-07-14T18:53:01Z,,exit,False,False
KXHORMUZAVG-27JAN01-A30,,,1683.68,2026-09-07T22:00:00Z,policy,2026-09-02T15:04:23Z,,entry,True,False
KXHORMUZAVG-27JAN01-A40,5545.13,2026-08-24T23:00:00Z,32252.24,2026-09-07T23:00:00Z,policy,2026-07-08T23:16:28Z,,continuing,False,False
KXHORMUZAVG-27JAN01-A50,5157.59,2026-08-24T23:00:00Z,6793.87,2026-09-07T23:00:00Z,policy,2026-07-08T23:16:28Z,,continuing,False,False
KXHORMUZAVG-27JAN01-A60,17259.24,2026-08-24T22:00:00Z,20307.94,2026-09-07T22:00:00Z,policy,2026-07-08T23:16:28Z,,continuing,False,False
KXHORMUZAVG-27JAN01-A70,9777.34,2026-08-25T00:00:00Z,14165.27,2026-09-08T00:00:00Z,policy,2026-07-08T23:16:28Z,,continuing,False,False
KXHORMUZAVG-27JAN01-A80,8063.73,2026-08-24T20:00:00Z,8205.73,2026-09-06T06:00:00Z,policy,2026-07-08T23:16:28Z,,continuing,False,False
KXHORMUZAVG-27JAN01-A90,12647.2,2026-08-24T20:00:00Z,,,policy,2026-07-08T23:16:28Z,,exit,False,False
KXHORMUZMAX-26AUG23-AUG17,110.0,2026-08-25T00:00:00Z,,,policy,2026-08-14T15:12:40Z,2026-08-25T14:45:07Z,exit,False,True
KXHORMUZMAX-26AUG23-AUG18,586.61,2026-08-24T19:00:00Z,,,policy,2026-08-14T15:12:40Z,2026-08-25T14:45:07Z,exit,False,True
KXHORMUZMAX-26AUG23-AUG19,516.02,2026-08-24T11:00:00Z,,,policy,2026-08-14T15:12:40Z,2026-08-25T14:45:07Z,exit,False,True
KXHORMUZMAX-26AUG23-AUG20,434.0,2026-08-24T23:00:00Z,,,policy,2026-08-14T15:12:40Z,2026-08-25T14:45:07Z,exit,False,True
KXHORMUZMAX-26AUG23-AUG21,297.39,2026-08-24T23:00:00Z,,,policy,2026-08-14T15:12:40Z,2026-08-25T14:45:07Z,exit,False,True
KXHORMUZMAX-26AUG23-AUG22,1780.04,2026-08-25T00:00:00Z,,,policy,2026-08-14T15:12:40Z,2026-08-25T14:45:07Z,exit,False,True
KXHORMUZMAX-26AUG23-AUG23,1276.59,2026-08-24T20:00:00Z,,,policy,2026-08-14T15:12:40Z,2026-08-25T14:45:07Z,exit,False,True
KXHORMUZMAX-26AUG30-AUG24,4.98,2026-08-24T23:00:00Z,,,policy,2026-08-21T15:05:12Z,2026-09-02T15:20:41Z,exit,False,True
KXHORMUZMAX-26AUG30-AUG25,5.25,2026-08-24T23:00:00Z,,,policy,2026-08-21T15:05:12Z,2026-09-02T15:20:41Z,exit,False,True
KXHORMUZMAX-26AUG30-AUG26,5.25,2026-08-24T23:00:00Z,,,policy,2026-08-21T15:05:12Z,2026-09-02T15:20:41Z,exit,False,True
KXHORMUZMAX-26AUG30-AUG27,5.25,2026-08-24T23:00:00Z,,,policy,2026-08-21T15:05:12Z,2026-09-02T15:20:41Z,exit,False,True
KXHORMUZMAX-26AUG30-AUG28,15.76,2026-08-24T23:00:00Z,,,policy,2026-08-21T15:05:12Z,2026-09-02T15:20:41Z,exit,False,True
KXHORMUZMAX-26AUG30-AUG29,5.25,2026-08-24T23:00:00Z,,,policy,2026-08-21T15:05:12Z,2026-09-02T15:20:41Z,exit,False,True
KXHORMUZMAX-26AUG30-AUG30,4.73,2026-08-24T23:00:00Z,,,policy,2026-08-21T15:05:12Z,2026-09-02T15:20:41Z,exit,False,True
KXHORMUZMAX-26SEP06-AUG31,,,467.07,2026-09-08T00:00:00Z,policy,2026-08-28T14:37:15Z,,entry,True,False
KXHORMUZMAX-26SEP06-SEP01,,,116.21,2026-09-08T00:00:00Z,policy,2026-08-28T14:37:15Z,,entry,True,False
KXHORMUZMAX-26SEP06-SEP02,,,0.0,2026-09-07T22:00:00Z,policy,2026-08-28T14:37:15Z,,entry,True,False
KXHORMUZMAX-26SEP06-SEP03,,,29.86,2026-09-07T22:00:00Z,policy,2026-08-28T14:37:15Z,,entry,True,False
KXHORMUZMAX-26SEP06-SEP04,,,18.21,2026-09-08T00:00:00Z,policy,2026-08-28T14:37:15Z,,entry,True,False
KXHORMUZMAX-26SEP06-SEP05,,,18.21,2026-09-08T00:00:00Z,policy,2026-08-28T14:37:15Z,,entry,True,False
KXHORMUZMAX-26SEP06-SEP06,,,218.21,2026-09-08T00:00:00Z,policy,2026-08-28T14:37:15Z,,entry,True,False
KXHORMUZMAX-26SEP13-SEP07,,,2.49,2026-09-07T05:00:00Z,policy,2026-09-04T16:14:30Z,,entry,True,False
KXHORMUZMAX-26SEP13-SEP08,,,2.49,2026-09-07T05:00:00Z,policy,2026-09-04T16:14:30Z,,entry,True,False
KXHORMUZMAX-26SEP13-SEP09,,,2.49,2026-09-07T05:00:00Z,policy,2026-09-04T16:14:30Z,,entry,True,False
KXHORMUZMAX-26SEP13-SEP10,,,0.0,2026-09-06T04:00:00Z,policy,2026-09-04T16:14:30Z,,entry,True,False
KXHORMUZMAX-26SEP13-SEP11,,,0.0,2026-09-06T04:00:00Z,policy,2026-09-04T16:14:30Z,,entry,True,False
KXHORMUZMAX-26SEP13-SEP12,,,0.0,2026-09-06T04:00:00Z,policy,2026-09-04T16:14:30Z,,entry,True,False
KXHORMUZMAX-26SEP13-SEP13,,,0.0,2026-09-06T04:00:00Z,policy,2026-09-04T16:14:30Z,,entry,True,False
KXHORMUZNORM-26MAR17-B260901,1261879.03,2026-08-25T00:00:00Z,,,policy,2026-04-13T20:55:56Z,2026-09-01T13:40:51Z,exit,False,True
KXHORMUZNORM-26MAR17-B261001,906388.09,2026-08-25T00:00:00Z,1124263.6,2026-09-07T23:00:00Z,policy,2026-04-13T20:56:57Z,,continuing,False,False
KXHORMUZNORM-26MAR17-B261101,338074.85,2026-08-25T00:00:00Z,410901.55,2026-09-08T00:00:00Z,policy,2026-06-08T18:46:59Z,,continuing,False,False
KXHORMUZNORM-26MAR17-B261201,361117.77,2026-08-25T00:00:00Z,407179.61,2026-09-08T00:00:00Z,policy,2026-06-08T18:47:17Z,,continuing,False,False
KXHORMUZNORM-26MAR17-B270101,1154160.23,2026-08-25T00:00:00Z,1205931.96,2026-09-08T00:00:00Z,policy,2026-03-16T15:57:10Z,,continuing,False,False
KXHORMUZNORM-26MAR17-B270401,220664.79,2026-08-25T00:00:00Z,231060.78,2026-09-08T00:00:00Z,policy,2026-04-13T20:57:18Z,,continuing,False,False
KXHORMUZNORM-26MAR17-B270701,405498.77,2026-08-25T00:00:00Z,382106.89,2026-09-08T00:00:00Z,policy,2026-04-13T20:57:36Z,,continuing,False,False
KXHORMUZNORM-26MAR17-B280101,0.0,2026-08-25T00:00:00Z,5224.89,2026-09-08T00:00:00Z,policy,2026-08-24T15:59:11Z,,continuing,False,False
KXHORMUZNORM-26MAR17-B280701,0.0,2026-08-24T19:00:00Z,3854.53,2026-09-07T23:00:00Z,policy,2026-08-24T15:59:34Z,,continuing,False,False
KXHORMUZPEAK-26AUG30-T10,3034.82,2026-08-25T00:00:00Z,,,policy,2026-08-21T15:05:17Z,2026-09-02T15:19:51Z,exit,False,True
KXHORMUZPEAK-26AUG30-T15,2328.62,2026-08-25T00:00:00Z,,,policy,2026-08-21T15:05:17Z,2026-09-02T15:19:51Z,exit,False,True
KXHORMUZPEAK-26AUG30-T20,708.6,2026-08-25T00:00:00Z,,,policy,2026-08-21T15:05:17Z,2026-09-02T15:19:51Z,exit,False,True
KXHORMUZPEAK-26AUG30-T25,0.0,2026-08-24T23:00:00Z,,,policy,2026-08-21T15:05:17Z,2026-09-02T15:19:51Z,exit,False,True
KXHORMUZPEAK-26AUG30-T30,0.0,2026-08-24T23:00:00Z,,,policy,2026-08-21T15:05:17Z,2026-09-02T15:19:51Z,exit,False,True
KXHORMUZPEAK-26AUG30-T5,695.11,2026-08-24T23:00:00Z,,,policy,2026-08-21T15:05:17Z,2026-09-02T15:19:51Z,exit,False,True
KXHORMUZPEAK-26SEP06-T10,,,1723.6,2026-09-08T00:00:00Z,policy,2026-08-28T14:37:20Z,,entry,True,False
KXHORMUZPEAK-26SEP06-T15,,,1814.4,2026-09-07T09:00:00Z,policy,2026-08-28T14:37:20Z,,entry,True,False
KXHORMUZPEAK-26SEP06-T20,,,125.74,2026-09-07T06:00:00Z,policy,2026-08-28T14:37:20Z,,entry,True,False
KXHORMUZPEAK-26SEP06-T25,,,225.52,2026-09-06T01:00:00Z,policy,2026-08-28T14:37:20Z,,entry,True,False
KXHORMUZPEAK-26SEP06-T30,,,205.0,2026-09-06T01:00:00Z,policy,2026-08-28T14:37:20Z,,entry,True,False
KXHORMUZPEAK-26SEP06-T5,,,953.55,2026-09-08T00:00:00Z,policy,2026-08-28T14:37:20Z,,entry,True,False
KXHORMUZPEAK-26SEP13-T10,,,507.55,2026-09-07T22:00:00Z,policy,2026-09-04T16:14:46Z,,entry,True,False
KXHORMUZPEAK-26SEP13-T15,,,256.52,2026-09-07T09:00:00Z,policy,2026-09-04T16:14:46Z,,entry,True,False
KXHORMUZPEAK-26SEP13-T20,,,200.0,2026-09-07T09:00:00Z,policy,2026-09-04T16:14:46Z,,entry,True,False
KXHORMUZPEAK-26SEP13-T25,,,200.0,2026-09-07T09:00:00Z,policy,2026-09-04T16:14:46Z,,entry,True,False
KXHORMUZPEAK-26SEP13-T30,,,1135.27,2026-09-08T00:00:00Z,policy,2026-09-04T16:14:46Z,,entry,True,False
KXHORMUZPEAK-26SEP13-T5,,,0.0,2026-09-07T22:00:00Z,policy,2026-09-04T16:14:46Z,,entry,True,False
KXHORMUZRENAME-26SEP-OCT01,,,9192.93,2026-09-07T05:00:00Z,policy,2026-09-02T15:59:39Z,,entry,True,False
KXHORMUZRENAME-26SEP-SEP15,,,21225.4,2026-09-07T19:00:00Z,policy,2026-09-02T15:59:39Z,,entry,True,False
KXHORMUZWEEKLY-26AUG23-T10,1527.14,2026-08-24T21:00:00Z,,,policy,2026-08-14T15:12:28Z,2026-08-25T14:44:27Z,exit,False,True
KXHORMUZWEEKLY-26AUG23-T100,700.93,2026-08-25T00:00:00Z,,,policy,2026-08-14T15:12:28Z,2026-08-25T14:44:27Z,exit,False,True
KXHORMUZWEEKLY-26AUG23-T15,8547.6,2026-08-24T23:00:00Z,,,policy,2026-08-14T15:12:28Z,2026-08-25T14:44:27Z,exit,False,True
KXHORMUZWEEKLY-26AUG23-T20,6673.76,2026-08-25T00:00:00Z,,,policy,2026-08-14T15:12:28Z,2026-08-25T14:44:27Z,exit,False,True
KXHORMUZWEEKLY-26AUG23-T25,8249.94,2026-08-25T00:00:00Z,,,policy,2026-08-14T15:12:28Z,2026-08-25T14:44:27Z,exit,False,True
KXHORMUZWEEKLY-26AUG23-T30,9292.62,2026-08-25T00:00:00Z,,,policy,2026-08-14T15:12:28Z,2026-08-25T14:44:27Z,exit,False,True
KXHORMUZWEEKLY-26AUG23-T35,3379.66,2026-08-25T00:00:00Z,,,policy,2026-08-14T15:12:28Z,2026-08-25T14:44:27Z,exit,False,True
KXHORMUZWEEKLY-26AUG23-T40,5894.71,2026-08-24T23:00:00Z,,,policy,2026-08-14T15:12:28Z,2026-08-25T14:44:27Z,exit,False,True
KXHORMUZWEEKLY-26AUG23-T45,2501.18,2026-08-24T23:00:00Z,,,policy,2026-08-14T15:12:28Z,2026-08-25T14:44:27Z,exit,False,True
KXHORMUZWEEKLY-26AUG23-T50,2127.81,2026-08-24T23:00:00Z,,,policy,2026-08-14T15:12:28Z,2026-08-25T14:44:27Z,exit,False,True
KXHORMUZWEEKLY-26AUG23-T75,3319.08,2026-08-24T05:00:00Z,,,policy,2026-08-14T15:12:28Z,2026-08-25T14:44:27Z,exit,False,True
KXHORMUZWEEKLY-26AUG30-T10,1.0,2026-08-24T21:00:00Z,,,policy,2026-08-21T15:05:07Z,2026-09-02T15:16:11Z,exit,False,True
KXHORMUZWEEKLY-26AUG30-T100,101.0,2026-08-24T21:00:00Z,,,policy,2026-08-21T15:05:07Z,2026-09-02T15:16:11Z,exit,False,True
KXHORMUZWEEKLY-26AUG30-T15,7.26,2026-08-24T21:00:00Z,,,policy,2026-08-21T15:05:07Z,2026-09-02T15:16:11Z,exit,False,True
KXHORMUZWEEKLY-26AUG30-T20,348.32,2026-08-25T00:00:00Z,,,policy,2026-08-21T15:05:07Z,2026-09-02T15:16:11Z,exit,False,True
KXHORMUZWEEKLY-26AUG30-T25,1469.33,2026-08-25T00:00:00Z,,,policy,2026-08-21T15:05:07Z,2026-09-02T15:16:11Z,exit,False,True
KXHORMUZWEEKLY-26AUG30-T30,772.87,2026-08-25T00:00:00Z,,,policy,2026-08-21T15:05:07Z,2026-09-02T15:16:11Z,exit,False,True
KXHORMUZWEEKLY-26AUG30-T35,765.0,2026-08-25T00:00:00Z,,,policy,2026-08-21T15:05:07Z,2026-09-02T15:16:11Z,exit,False,True
KXHORMUZWEEKLY-26AUG30-T40,839.0,2026-08-25T00:00:00Z,,,policy,2026-08-21T15:05:07Z,2026-09-02T15:16:11Z,exit,False,True
KXHORMUZWEEKLY-26AUG30-T45,102.0,2026-08-25T00:00:00Z,,,policy,2026-08-21T15:05:07Z,2026-09-02T15:16:11Z,exit,False,True
KXHORMUZWEEKLY-26AUG30-T50,441.0,2026-08-25T00:00:00Z,,,policy,2026-08-21T15:05:07Z,2026-09-02T15:16:11Z,exit,False,True
KXHORMUZWEEKLY-26AUG30-T75,10.65,2026-08-25T00:00:00Z,,,policy,2026-08-21T15:05:07Z,2026-09-02T15:16:11Z,exit,False,True
KXHORMUZWEEKLY-26SEP06-T10,,,2372.7,2026-09-07T23:00:00Z,policy,2026-08-28T14:36:55Z,,entry,True,False
KXHORMUZWEEKLY-26SEP06-T100,,,2.0,2026-09-06T17:00:00Z,policy,2026-08-28T14:36:55Z,,entry,True,False
KXHORMUZWEEKLY-26SEP06-T15,,,3669.05,2026-09-08T00:00:00Z,policy,2026-08-28T14:36:55Z,,entry,True,False
KXHORMUZWEEKLY-26SEP06-T20,,,6420.26,2026-09-08T00:00:00Z,policy,2026-08-28T14:36:55Z,,entry,True,False
KXHORMUZWEEKLY-26SEP06-T25,,,3468.07,2026-09-08T00:00:00Z,policy,2026-08-28T14:36:55Z,,entry,True,False
KXHORMUZWEEKLY-26SEP06-T30,,,3556.19,2026-09-07T23:00:00Z,policy,2026-08-28T14:36:55Z,,entry,True,False
KXHORMUZWEEKLY-26SEP06-T35,,,4437.95,2026-09-07T23:00:00Z,policy,2026-08-28T14:36:55Z,,entry,True,False
KXHORMUZWEEKLY-26SEP06-T40,,,3354.8,2026-09-07T23:00:00Z,policy,2026-08-28T14:36:55Z,,entry,True,False
KXHORMUZWEEKLY-26SEP06-T45,,,230.0,2026-09-07T13:00:00Z,policy,2026-08-28T14:36:55Z,,entry,True,False
KXHORMUZWEEKLY-26SEP06-T50,,,1345.1,2026-09-07T03:00:00Z,policy,2026-08-28T14:36:55Z,,entry,True,False
KXHORMUZWEEKLY-26SEP13-T10,,,95.33,2026-09-08T00:00:00Z,policy,2026-09-04T16:13:26Z,,entry,True,False
KXHORMUZWEEKLY-26SEP13-T100,,,0.0,2026-09-07T01:00:00Z,policy,2026-09-04T16:13:26Z,,entry,True,False
KXHORMUZWEEKLY-26SEP13-T15,,,55.35,2026-09-07T06:00:00Z,policy,2026-09-04T16:13:26Z,,entry,True,False
KXHORMUZWEEKLY-26SEP13-T20,,,450.97,2026-09-08T00:00:00Z,policy,2026-09-04T16:13:26Z,,entry,True,False
KXHORMUZWEEKLY-26SEP13-T25,,,331.12,2026-09-08T00:00:00Z,policy,2026-09-04T16:13:26Z,,entry,True,False
KXHORMUZWEEKLY-26SEP13-T30,,,151.26,2026-09-08T00:00:00Z,policy,2026-09-04T16:13:26Z,,entry,True,False
KXHORMUZWEEKLY-26SEP13-T35,,,103.92,2026-09-08T00:00:00Z,policy,2026-09-04T16:13:26Z,,entry,True,False
KXHORMUZWEEKLY-26SEP13-T40,,,211.48,2026-09-08T00:00:00Z,policy,2026-09-04T16:13:26Z,,entry,True,False
KXHORMUZWEEKLY-26SEP13-T45,,,265.31,2026-09-08T00:00:00Z,policy,2026-09-04T16:13:26Z,,entry,True,False
KXHORMUZWEEKLY-26SEP13-T50,,,0.0,2026-09-06T04:00:00Z,policy,2026-09-04T16:13:26Z,,entry,True,False
KXHORMUZWEEKLY-26SEP13-T75,,,0.0,2026-09-07T01:00:00Z,policy,2026-09-04T16:13:26Z,,entry,True,False
KXHOUSEIN7-26-D,8690.0,2026-08-24T17:00:00Z,8690.0,2026-09-06T22:00:00Z,election,2025-12-11T21:56:14Z,,continuing,False,False
KXHOUSEIN7-26-R,490.0,2026-08-24T17:00:00Z,490.0,2026-09-07T09:00:00Z,election,2025-12-11T21:56:14Z,,continuing,False,False
KXHOUSEMO5-26-D,2349.01,2026-08-24T17:00:00Z,10233.51,2026-09-08T00:00:00Z,election,2025-10-13T21:39:48Z,,continuing,False,False
KXHOUSEMO5-26-R,5916.67,2026-08-24T17:00:00Z,13166.53,2026-09-08T00:00:00Z,election,2025-10-13T21:39:48Z,,continuing,False,False
KXHOUSENC11-26-DEM,8797.78,2026-08-24T18:00:00Z,10870.87,2026-09-07T23:00:00Z,election,2025-09-23T21:27:14Z,,continuing,False,False
KXHOUSENC11-26-GOP,5258.13,2026-08-23T02:00:00Z,6624.63,2026-09-07T23:00:00Z,election,2025-09-23T21:27:14Z,,continuing,False,False
KXHOUSEPOPVOTEMARGIN-27NOV03-B1,86318.97,2026-08-25T00:00:00Z,181042.12,2026-09-08T00:00:00Z,election,2026-02-03T22:56:58Z,,continuing,False,False
KXHOUSEPOPVOTEMARGIN-27NOV03-B11,73529.41,2026-08-25T00:00:00Z,87654.11,2026-09-08T00:00:00Z,election,2026-02-03T22:56:58Z,,continuing,False,False
KXHOUSEPOPVOTEMARGIN-27NOV03-B13,48051.88,2026-08-25T00:00:00Z,58682.16,2026-09-08T00:00:00Z,election,2026-02-03T22:56:58Z,,continuing,False,False
KXHOUSEPOPVOTEMARGIN-27NOV03-B15,38484.02,2026-08-24T22:00:00Z,44522.48,2026-09-08T00:00:00Z,election,2026-02-03T22:56:58Z,,continuing,False,False
KXHOUSEPOPVOTEMARGIN-27NOV03-B3,83361.35,2026-08-25T00:00:00Z,120636.13,2026-09-08T00:00:00Z,election,2026-02-03T22:56:58Z,,continuing,False,False
KXHOUSEPOPVOTEMARGIN-27NOV03-B5,27970.96,2026-08-25T00:00:00Z,34411.68,2026-09-07T23:00:00Z,election,2026-02-03T22:56:58Z,,continuing,False,False
KXHOUSEPOPVOTEMARGIN-27NOV03-B50,300373.52,2026-08-25T00:00:00Z,338438.36,2026-09-08T00:00:00Z,election,2026-02-03T22:56:58Z,,continuing,False,False
KXHOUSEPOPVOTEMARGIN-27NOV03-B58,27541.29,2026-08-25T00:00:00Z,91388.57,2026-09-08T00:00:00Z,election,2026-02-03T22:56:58Z,,continuing,False,False
KXHOUSEPOPVOTEMARGIN-27NOV03-B7,63898.44,2026-08-25T00:00:00Z,76088.44,2026-09-07T12:00:00Z,election,2026-02-03T22:56:58Z,,continuing,False,False
KXHOUSEPOPVOTEMARGIN-27NOV03-B9,101462.02,2026-08-25T00:00:00Z,118093.42,2026-09-08T00:00:00Z,election,2026-02-03T22:56:58Z,,continuing,False,False
KXHOUSERACE-AL01-26-D,51.0,2026-08-24T17:00:00Z,66.0,2026-09-07T23:00:00Z,election,2026-01-05T22:53:30Z,,continuing,False,False
KXHOUSERACE-AL01-26-R,586.84,2026-08-24T17:00:00Z,601.84,2026-09-07T23:00:00Z,election,2026-01-05T22:53:30Z,,continuing,False,False
KXHOUSERACE-AL02-26-D,26240.6,2026-08-24T23:00:00Z,27876.9,2026-09-08T00:00:00Z,election,2026-01-06T01:12:45Z,,continuing,False,False
KXHOUSERACE-AL02-26-R,25048.27,2026-08-25T00:00:00Z,25590.27,2026-09-08T00:00:00Z,election,2026-01-06T01:12:45Z,,continuing,False,False
KXHOUSERACE-AL03-26-D,1850.7,2026-08-24T17:00:00Z,2279.7,2026-09-07T23:00:00Z,election,2026-01-06T01:12:46Z,,continuing,False,False
KXHOUSERACE-AL03-26-R,1970.0,2026-08-24T17:00:00Z,1970.0,2026-09-07T23:00:00Z,election,2026-01-06T01:12:46Z,,continuing,False,False
KXHOUSERACE-AL04-26-D,625.58,2026-08-24T20:00:00Z,732.08,2026-09-07T22:00:00Z,election,2026-01-06T01:12:49Z,,continuing,False,False
KXHOUSERACE-AL04-26-R,285.0,2026-08-24T23:00:00Z,295.87,2026-09-07T22:00:00Z,election,2026-01-06T01:12:49Z,,continuing,False,False
KXHOUSERACE-AL05-26-D,1130.24,2026-08-24T21:00:00Z,1446.1,2026-09-08T00:00:00Z,election,2026-01-06T01:12:50Z,,continuing,False,False
KXHOUSERACE-AL05-26-R,604.0,2026-08-24T22:00:00Z,604.0,2026-09-07T22:00:00Z,election,2026-01-06T01:12:50Z,,continuing,False,False
KXHOUSERACE-AL06-26-D,1288.0,2026-08-24T17:00:00Z,1289.0,2026-09-08T00:00:00Z,election,2026-01-06T01:12:52Z,,continuing,False,False
KXHOUSERACE-AL06-26-R,236.22,2026-08-24T19:00:00Z,310.83,2026-09-08T00:00:00Z,election,2026-01-06T01:12:52Z,,continuing,False,False
KXHOUSERACE-AL07-26-D,1131.69,2026-08-25T00:00:00Z,1221.31,2026-09-07T21:00:00Z,election,2026-01-06T01:12:50Z,,continuing,False,False
KXHOUSERACE-AL07-26-R,2362.0,2026-08-25T00:00:00Z,2353.0,2026-09-08T00:00:00Z,election,2026-01-06T01:12:50Z,,continuing,False,False
KXHOUSERACE-AR01-26-D,4601.91,2026-08-24T17:00:00Z,4457.91,2026-09-08T00:00:00Z,election,2026-01-05T22:53:39Z,,continuing,False,False
KXHOUSERACE-AR01-26-R,6852.0,2026-08-24T17:00:00Z,6852.0,2026-09-07T20:00:00Z,election,2026-01-05T22:53:39Z,,continuing,False,False
KXHOUSERACE-AR02-26-D,3874.36,2026-08-24T17:00:00Z,4057.81,2026-09-08T00:00:00Z,election,2026-01-06T01:12:55Z,,continuing,False,False
KXHOUSERACE-AR02-26-R,1415.66,2026-08-25T00:00:00Z,1527.03,2026-09-06T21:00:00Z,election,2026-01-06T01:12:55Z,,continuing,False,False
KXHOUSERACE-AR03-26-D,751.0,2026-08-24T17:00:00Z,751.0,2026-09-07T20:00:00Z,election,2026-01-06T01:12:57Z,,continuing,False,False
KXHOUSERACE-AR03-26-R,1331.0,2026-08-24T17:00:00Z,1336.0,2026-09-07T10:00:00Z,election,2026-01-06T01:12:57Z,,continuing,False,False
KXHOUSERACE-AR04-26-D,873.69,2026-08-24T23:00:00Z,963.69,2026-09-07T21:00:00Z,election,2026-01-06T01:13:01Z,,continuing,False,False
KXHOUSERACE-AR04-26-R,2412.12,2026-08-24T17:00:00Z,2412.12,2026-09-08T00:00:00Z,election,2026-01-06T01:13:01Z,,continuing,False,False
KXHOUSERACE-AZ03-26-D,441.09,2026-08-24T17:00:00Z,441.09,2026-09-06T11:00:00Z,election,2026-01-05T22:53:26Z,,continuing,False,False
KXHOUSERACE-AZ03-26-R,69.0,2026-08-24T17:00:00Z,,,election,2026-01-05T22:53:26Z,,exit,False,False
KXHOUSERACE-AZ04-26-D,3907.31,2026-08-24T21:00:00Z,3907.31,2026-09-07T10:00:00Z,election,2026-01-06T01:13:03Z,,continuing,False,False
KXHOUSERACE-AZ04-26-R,1788.55,2026-08-24T17:00:00Z,1788.55,2026-09-07T21:00:00Z,election,2026-01-06T01:13:03Z,,continuing,False,False
KXHOUSERACE-AZ05-26-D,2643.42,2026-08-25T00:00:00Z,2643.42,2026-09-07T13:00:00Z,election,2026-01-06T01:12:59Z,,continuing,False,False
KXHOUSERACE-AZ05-26-R,2187.2,2026-08-24T20:00:00Z,2187.2,2026-09-07T23:00:00Z,election,2026-01-06T01:12:59Z,,continuing,False,False
KXHOUSERACE-AZ07-26-D,374.0,2026-08-24T17:00:00Z,374.0,2026-09-07T13:00:00Z,election,2026-01-06T01:13:01Z,,continuing,False,False
KXHOUSERACE-AZ07-26-R,438.0,2026-08-24T17:00:00Z,438.0,2026-09-07T13:00:00Z,election,2026-01-06T01:13:01Z,,continuing,False,False
KXHOUSERACE-AZ08-26-D,1437.0,2026-08-24T22:00:00Z,1437.0,2026-09-08T00:00:00Z,election,2026-01-06T01:13:05Z,,continuing,False,False
KXHOUSERACE-AZ08-26-R,1729.02,2026-08-24T17:00:00Z,1729.02,2026-09-08T00:00:00Z,election,2026-01-06T01:13:05Z,,continuing,False,False
KXHOUSERACE-AZ09-26-D,758.01,2026-08-25T00:00:00Z,758.01,2026-09-07T20:00:00Z,election,2026-01-06T01:13:05Z,,continuing,False,False
KXHOUSERACE-AZ09-26-R,1920.1,2026-08-25T00:00:00Z,2124.17,2026-09-07T12:00:00Z,election,2026-01-06T01:13:05Z,,continuing,False,False
KXHOUSERACE-CA01-26-D,117.0,2026-08-24T22:00:00Z,118.0,2026-09-08T00:00:00Z,election,2026-01-05T22:53:35Z,,continuing,False,False
KXHOUSERACE-CA01-26-R,1764.0,2026-08-25T00:00:00Z,1801.11,2026-09-08T00:00:00Z,election,2026-01-05T22:53:35Z,,continuing,False,False
KXHOUSERACE-CA02-26-D,185.0,2026-08-24T17:00:00Z,195.0,2026-09-07T20:00:00Z,election,2026-01-06T01:13:07Z,,continuing,False,False
KXHOUSERACE-CA02-26-R,804.96,2026-08-25T00:00:00Z,804.96,2026-09-07T20:00:00Z,election,2026-01-06T01:13:07Z,,continuing,False,False
KXHOUSERACE-CA05-26-D,6423.0,2026-08-25T00:00:00Z,6581.0,2026-09-07T10:00:00Z,election,2026-01-06T01:13:11Z,,continuing,False,False
KXHOUSERACE-CA05-26-R,1326.69,2026-08-24T21:00:00Z,1625.74,2026-09-07T21:00:00Z,election,2026-01-06T01:13:11Z,,continuing,False,False
KXHOUSERACE-CA06-26-D,4002.8,2026-08-24T17:00:00Z,4001.8,2026-09-07T13:00:00Z,election,2026-01-06T01:13:12Z,,continuing,False,False
KXHOUSERACE-CA06-26-KKIL,2135.46,2026-08-24T17:00:00Z,2777.74,2026-09-07T15:00:00Z,election,2026-03-19T23:53:52Z,,continuing,False,False
KXHOUSERACE-CA06-26-R,5605.27,2026-08-24T20:00:00Z,5614.27,2026-09-07T13:00:00Z,election,2026-01-06T01:13:12Z,,continuing,False,False
KXHOUSERACE-CA08-26-D,100.0,2026-08-24T17:00:00Z,1000.0,2026-09-06T11:00:00Z,election,2026-01-06T01:13:15Z,,continuing,False,False
KXHOUSERACE-CA08-26-R,35.0,2026-08-24T09:00:00Z,935.0,2026-09-07T20:00:00Z,election,2026-01-06T01:13:15Z,,continuing,False,False
KXHOUSERACE-CA10-26-D,251.0,2026-08-24T17:00:00Z,251.0,2026-09-08T00:00:00Z,election,2026-01-06T01:13:17Z,,continuing,False,False
KXHOUSERACE-CA10-26-R,384.0,2026-08-24T17:00:00Z,384.0,2026-09-08T00:00:00Z,election,2026-01-06T01:13:17Z,,continuing,False,False
KXHOUSERACE-CA15-26-D,10088.0,2026-08-24T17:00:00Z,10088.0,2026-09-07T10:00:00Z,election,2026-01-06T01:13:20Z,,continuing,False,False
KXHOUSERACE-CA15-26-R,517.66,2026-08-24T09:00:00Z,517.66,2026-09-08T00:00:00Z,election,2026-01-06T01:13:20Z,,continuing,False,False
KXHOUSERACE-CA16-26-D,3528.0,2026-08-24T23:00:00Z,3533.0,2026-09-07T15:00:00Z,election,2026-01-06T01:13:22Z,,continuing,False,False
KXHOUSERACE-CA16-26-R,253.0,2026-08-24T20:00:00Z,253.0,2026-09-08T00:00:00Z,election,2026-01-06T01:13:22Z,,continuing,False,False
KXHOUSERACE-CA17-26-D,383.0,2026-08-24T17:00:00Z,383.0,2026-09-07T11:00:00Z,election,2026-01-06T01:13:22Z,,continuing,False,False
KXHOUSERACE-CA17-26-R,526.0,2026-08-24T17:00:00Z,,,election,2026-01-06T01:13:22Z,,exit,False,False
KXHOUSERACE-CA18-26-D,251.0,2026-08-24T17:00:00Z,,,election,2026-01-06T01:13:23Z,,exit,False,False
KXHOUSERACE-CA18-26-R,257.0,2026-08-24T17:00:00Z,,,election,2026-01-06T01:13:23Z,,exit,False,False
KXHOUSERACE-CA19-26-D,2370.2,2026-08-24T17:00:00Z,,,election,2026-01-06T01:13:26Z,,exit,False,False
KXHOUSERACE-CA19-26-R,469.0,2026-08-24T17:00:00Z,469.0,2026-09-07T22:00:00Z,election,2026-01-06T01:13:26Z,,continuing,False,False
KXHOUSERACE-CA20-26-D,354.0,2026-08-24T17:00:00Z,354.0,2026-09-07T23:00:00Z,election,2026-01-06T01:13:27Z,,continuing,False,False
KXHOUSERACE-CA20-26-R,11.0,2026-08-24T17:00:00Z,,,election,2026-01-06T01:13:27Z,,exit,False,False
KXHOUSERACE-CA23-26-D,301.65,2026-08-24T17:00:00Z,327.19,2026-09-08T00:00:00Z,election,2026-01-06T01:13:27Z,,continuing,False,False
KXHOUSERACE-CA23-26-R,232.0,2026-08-24T17:00:00Z,232.0,2026-09-07T20:00:00Z,election,2026-01-06T01:13:27Z,,continuing,False,False
KXHOUSERACE-CA24-26-D,1645.01,2026-08-24T17:00:00Z,1645.01,2026-09-07T22:00:00Z,election,2026-01-06T01:13:30Z,,continuing,False,False
KXHOUSERACE-CA24-26-R,2437.2,2026-08-25T00:00:00Z,2437.2,2026-09-07T20:00:00Z,election,2026-01-06T01:13:30Z,,continuing,False,False
KXHOUSERACE-CA25-26-D,253.0,2026-08-24T21:00:00Z,558.09,2026-09-07T19:00:00Z,election,2026-01-06T01:13:33Z,,continuing,False,False
KXHOUSERACE-CA25-26-R,250.0,2026-08-24T21:00:00Z,550.0,2026-09-07T23:00:00Z,election,2026-01-06T01:13:33Z,,continuing,False,False
KXHOUSERACE-CA26-26-D,0.0,2026-08-24T17:00:00Z,0.0,2026-09-07T20:00:00Z,election,2026-01-06T01:13:32Z,,continuing,False,False
KXHOUSERACE-CA26-26-R,,,648.0,2026-09-07T20:00:00Z,election,2026-01-06T01:13:32Z,,entry,False,False
KXHOUSERACE-CA28-26-D,1125.0,2026-08-24T22:00:00Z,1125.0,2026-09-07T21:00:00Z,election,2026-01-06T01:13:33Z,,continuing,False,False
KXHOUSERACE-CA28-26-R,621.0,2026-08-25T00:00:00Z,621.0,2026-09-07T23:00:00Z,election,2026-01-06T01:13:33Z,,continuing,False,False
KXHOUSERACE-CA30-26-D,111.0,2026-08-24T17:00:00Z,211.0,2026-09-06T20:00:00Z,election,2026-01-06T01:13:37Z,,continuing,False,False
KXHOUSERACE-CA30-26-R,210.0,2026-08-24T17:00:00Z,344.0,2026-09-07T23:00:00Z,election,2026-01-06T01:13:37Z,,continuing,False,False
KXHOUSERACE-CA31-26-D,351.0,2026-08-24T17:00:00Z,351.0,2026-09-07T22:00:00Z,election,2026-01-06T01:13:37Z,,continuing,False,False
KXHOUSERACE-CA31-26-R,2.0,2026-08-24T17:00:00Z,2.0,2026-09-07T13:00:00Z,election,2026-01-06T01:13:37Z,,continuing,False,False
KXHOUSERACE-CA32-26-D,821.0,2026-08-24T17:00:00Z,821.0,2026-09-07T10:00:00Z,election,2026-01-06T01:13:38Z,,continuing,False,False
KXHOUSERACE-CA32-26-R,922.0,2026-08-25T00:00:00Z,922.0,2026-09-07T20:00:00Z,election,2026-01-06T01:13:38Z,,continuing,False,False
KXHOUSERACE-CA33-26-D,5388.0,2026-08-24T17:00:00Z,5388.0,2026-09-07T13:00:00Z,election,2026-01-06T01:13:39Z,,continuing,False,False
KXHOUSERACE-CA33-26-R,202.0,2026-08-24T17:00:00Z,202.0,2026-09-07T20:00:00Z,election,2026-01-06T01:13:39Z,,continuing,False,False
KXHOUSERACE-CA35-26-D,582.0,2026-08-24T17:00:00Z,582.0,2026-09-07T20:00:00Z,election,2026-01-06T01:13:44Z,,continuing,False,False
KXHOUSERACE-CA35-26-R,93.0,2026-08-24T17:00:00Z,,,election,2026-01-06T01:13:44Z,,exit,False,False
KXHOUSERACE-CA36-26-D,158.0,2026-08-24T22:00:00Z,158.0,2026-09-07T22:00:00Z,election,2026-01-06T01:13:43Z,,continuing,False,False
KXHOUSERACE-CA36-26-R,1214.0,2026-08-25T00:00:00Z,1302.0,2026-09-07T10:00:00Z,election,2026-01-06T01:13:43Z,,continuing,False,False
KXHOUSERACE-CA38-26-D,55.0,2026-08-24T17:00:00Z,1155.0,2026-09-07T20:00:00Z,election,2026-01-06T01:13:46Z,,continuing,False,False
KXHOUSERACE-CA38-26-R,573.0,2026-08-24T17:00:00Z,773.0,2026-09-07T10:00:00Z,election,2026-01-06T01:13:46Z,,continuing,False,False
KXHOUSERACE-CA39-26-D,30.0,2026-08-24T17:00:00Z,935.0,2026-09-07T20:00:00Z,election,2026-01-06T01:13:48Z,,continuing,False,False
KXHOUSERACE-CA39-26-R,1305.0,2026-08-25T00:00:00Z,1305.0,2026-09-08T00:00:00Z,election,2026-01-06T01:13:48Z,,continuing,False,False
KXHOUSERACE-CA42-26-D,301.0,2026-08-24T17:00:00Z,301.0,2026-09-07T20:00:00Z,election,2026-01-06T01:13:48Z,,continuing,False,False
KXHOUSERACE-CA42-26-R,4.5,2026-08-24T17:00:00Z,4.5,2026-09-07T20:00:00Z,election,2026-01-06T01:13:48Z,,continuing,False,False
KXHOUSERACE-CA43-26-D,153.64,2026-08-24T17:00:00Z,790.32,2026-09-07T21:00:00Z,election,2026-01-06T01:13:50Z,,continuing,False,False
KXHOUSERACE-CA43-26-R,133.0,2026-08-24T17:00:00Z,1076.99,2026-09-07T21:00:00Z,election,2026-01-06T01:13:50Z,,continuing,False,False
KXHOUSERACE-CA44-26-D,351.0,2026-08-24T17:00:00Z,,,election,2026-01-06T01:13:53Z,,exit,False,False
KXHOUSERACE-CA44-26-R,15.0,2026-08-24T17:00:00Z,15.0,2026-09-07T22:00:00Z,election,2026-01-06T01:13:53Z,,continuing,False,False
KXHOUSERACE-CA46-26-D,6.0,2026-08-24T17:00:00Z,6.0,2026-09-07T13:00:00Z,election,2026-01-06T01:13:54Z,,continuing,False,False
KXHOUSERACE-CA46-26-R,808.05,2026-08-24T17:00:00Z,808.05,2026-09-08T00:00:00Z,election,2026-01-06T01:13:54Z,,continuing,False,False
KXHOUSERACE-CA48-26-D,1178.1,2026-08-24T18:00:00Z,1189.07,2026-09-07T11:00:00Z,election,2026-01-06T01:13:54Z,,continuing,False,False
KXHOUSERACE-CA48-26-R,4272.01,2026-08-24T17:00:00Z,4272.01,2026-09-07T20:00:00Z,election,2026-01-06T01:13:54Z,,continuing,False,False
KXHOUSERACE-CA50-26-D,204.0,2026-08-24T17:00:00Z,204.0,2026-09-08T00:00:00Z,election,2026-01-06T01:13:55Z,,continuing,False,False
KXHOUSERACE-CA50-26-R,393.0,2026-08-24T17:00:00Z,393.0,2026-09-07T21:00:00Z,election,2026-01-06T01:13:55Z,,continuing,False,False
KXHOUSERACE-CA51-26-D,581.0,2026-08-24T17:00:00Z,581.0,2026-09-07T22:00:00Z,election,2026-01-06T01:13:57Z,,continuing,False,False
KXHOUSERACE-CA51-26-R,2.0,2026-08-24T17:00:00Z,2.0,2026-09-07T22:00:00Z,election,2026-01-06T01:13:57Z,,continuing,False,False
KXHOUSERACE-CA52-26-D,2647.0,2026-08-25T00:00:00Z,2647.0,2026-09-07T21:00:00Z,election,2026-01-06T01:13:58Z,,continuing,False,False
KXHOUSERACE-CA52-26-R,445.0,2026-08-24T17:00:00Z,445.0,2026-09-07T14:00:00Z,election,2026-01-06T01:13:58Z,,continuing,False,False
KXHOUSERACE-CO01-26-D,571.73,2026-08-24T21:00:00Z,571.73,2026-09-07T18:00:00Z,election,2026-01-05T22:53:21Z,,continuing,False,False
KXHOUSERACE-CO01-26-R,562.0,2026-08-24T17:00:00Z,570.0,2026-09-07T21:00:00Z,election,2026-01-05T22:53:21Z,,continuing,False,False
KXHOUSERACE-CO02-26-D,585.0,2026-08-24T17:00:00Z,585.0,2026-09-07T01:00:00Z,election,2026-01-06T01:14:01Z,,continuing,False,False
KXHOUSERACE-CO02-26-R,1637.55,2026-08-24T17:00:00Z,1637.55,2026-09-08T00:00:00Z,election,2026-01-06T01:14:01Z,,continuing,False,False
KXHOUSERACE-CO04-26-D,5665.51,2026-08-24T17:00:00Z,5939.24,2026-09-08T00:00:00Z,election,2026-01-06T01:14:04Z,,continuing,False,False
KXHOUSERACE-CO04-26-R,3951.92,2026-08-24T22:00:00Z,4376.0,2026-09-08T00:00:00Z,election,2026-01-06T01:14:04Z,,continuing,False,False
KXHOUSERACE-CO05-26-D,6102.38,2026-08-24T21:00:00Z,7125.62,2026-09-08T00:00:00Z,election,2026-01-06T01:14:04Z,,continuing,False,False
KXHOUSERACE-CO05-26-R,11828.94,2026-08-24T17:00:00Z,12020.45,2026-09-08T00:00:00Z,election,2026-01-06T01:14:04Z,,continuing,False,False
KXHOUSERACE-CO06-26-D,,,408.58,2026-09-07T22:00:00Z,election,2026-01-06T01:14:05Z,,entry,False,False
KXHOUSERACE-CO06-26-R,306.06,2026-08-24T17:00:00Z,311.06,2026-09-07T20:00:00Z,election,2026-01-06T01:14:05Z,,continuing,False,False
KXHOUSERACE-CO07-26-D,1115.0,2026-08-24T17:00:00Z,1115.0,2026-09-07T20:00:00Z,election,2026-01-06T01:14:05Z,,continuing,False,False
KXHOUSERACE-CO07-26-R,1.0,2026-08-24T17:00:00Z,6.0,2026-09-07T20:00:00Z,election,2026-01-06T01:14:05Z,,continuing,False,False
KXHOUSERACE-CT01-26-D,3402.0,2026-08-24T17:00:00Z,3485.0,2026-09-07T10:00:00Z,election,2026-01-06T01:14:07Z,,continuing,False,False
KXHOUSERACE-CT01-26-R,160.0,2026-08-25T00:00:00Z,160.0,2026-09-08T00:00:00Z,election,2026-01-06T01:14:07Z,,continuing,False,False
KXHOUSERACE-CT02-26-D,501.0,2026-08-24T17:00:00Z,501.0,2026-09-07T20:00:00Z,election,2026-01-06T01:14:09Z,,continuing,False,False
KXHOUSERACE-CT02-26-R,252.75,2026-08-24T17:00:00Z,849.75,2026-09-08T00:00:00Z,election,2026-01-06T01:14:09Z,,continuing,False,False
KXHOUSERACE-CT03-26-D,251.0,2026-08-24T22:00:00Z,251.0,2026-09-08T00:00:00Z,election,2026-01-06T01:14:09Z,,continuing,False,False
KXHOUSERACE-CT03-26-R,281.59,2026-08-24T17:00:00Z,281.59,2026-09-07T20:00:00Z,election,2026-01-06T01:14:09Z,,continuing,False,False
KXHOUSERACE-CT04-26-D,1185.0,2026-08-24T22:00:00Z,1185.0,2026-09-07T23:00:00Z,election,2026-01-06T01:14:10Z,,continuing,False,False
KXHOUSERACE-CT04-26-R,,,108.82,2026-09-07T20:00:00Z,election,2026-01-06T01:14:10Z,,entry,False,False
KXHOUSERACE-DEAL-26-D,346.0,2026-08-24T17:00:00Z,346.0,2026-09-07T22:00:00Z,election,2026-01-06T01:14:14Z,,continuing,False,False
KXHOUSERACE-DEAL-26-R,451.0,2026-08-24T17:00:00Z,461.0,2026-09-07T20:00:00Z,election,2026-01-06T01:14:14Z,,continuing,False,False
KXHOUSERACE-FL01-26-D,1890.0,2026-08-24T17:00:00Z,1890.0,2026-09-06T19:00:00Z,election,2026-01-06T01:14:14Z,,continuing,False,False
KXHOUSERACE-FL01-26-R,116.0,2026-08-24T17:00:00Z,416.0,2026-09-07T20:00:00Z,election,2026-01-06T01:14:14Z,,continuing,False,False
KXHOUSERACE-FL02-26-D,2631.1,2026-08-24T19:00:00Z,2617.1,2026-09-07T16:00:00Z,election,2026-01-06T01:14:15Z,,continuing,False,False
KXHOUSERACE-FL02-26-R,1554.71,2026-08-24T21:00:00Z,1563.26,2026-09-07T16:00:00Z,election,2026-01-06T01:14:15Z,,continuing,False,False
KXHOUSERACE-FL03-26-D,1549.0,2026-08-25T00:00:00Z,1549.0,2026-09-08T00:00:00Z,election,2026-01-06T01:14:16Z,,continuing,False,False
KXHOUSERACE-FL03-26-R,1021.0,2026-08-24T17:00:00Z,1031.0,2026-09-08T00:00:00Z,election,2026-01-06T01:14:16Z,,continuing,False,False
KXHOUSERACE-FL04-26-D,1320.07,2026-08-24T23:00:00Z,1375.66,2026-09-07T22:00:00Z,election,2026-01-06T01:14:18Z,,continuing,False,False
KXHOUSERACE-FL04-26-R,1139.35,2026-08-25T00:00:00Z,,,election,2026-01-06T01:14:18Z,,exit,False,False
KXHOUSERACE-FL05-26-D,1994.0,2026-08-24T17:00:00Z,,,election,2026-01-06T01:14:21Z,,exit,False,False
KXHOUSERACE-FL06-26-D,568.0,2026-08-24T19:00:00Z,867.0,2026-09-07T20:00:00Z,election,2026-01-06T01:14:20Z,,continuing,False,False
KXHOUSERACE-FL06-26-R,109.0,2026-08-24T17:00:00Z,1851.11,2026-09-07T13:00:00Z,election,2026-01-06T01:14:20Z,,continuing,False,False
KXHOUSERACE-FL07-26-D,6159.9,2026-08-24T10:00:00Z,7466.88,2026-09-07T10:00:00Z,election,2026-01-06T01:14:24Z,,continuing,False,False
KXHOUSERACE-FL07-26-R,6498.67,2026-08-25T00:00:00Z,7083.12,2026-09-08T00:00:00Z,election,2026-01-06T01:14:24Z,,continuing,False,False
KXHOUSERACE-FL08-26-D,1066.79,2026-08-24T17:00:00Z,1696.79,2026-09-07T20:00:00Z,election,2026-01-06T01:14:25Z,,continuing,False,False
KXHOUSERACE-FL08-26-R,826.0,2026-08-24T17:00:00Z,1157.0,2026-09-07T20:00:00Z,election,2026-01-06T01:14:25Z,,continuing,False,False
KXHOUSERACE-FL09-26-D,6320.41,2026-08-25T00:00:00Z,6516.43,2026-09-08T00:00:00Z,election,2026-01-06T01:14:25Z,,continuing,False,False
KXHOUSERACE-FL09-26-R,5687.18,2026-08-25T00:00:00Z,7005.48,2026-09-08T00:00:00Z,election,2026-01-06T01:14:25Z,,continuing,False,False
KXHOUSERACE-FL10-26-D,2128.3,2026-08-24T20:00:00Z,2187.51,2026-09-08T00:00:00Z,election,2026-01-06T01:14:26Z,,continuing,False,False
KXHOUSERACE-FL10-26-R,10660.21,2026-08-25T00:00:00Z,10660.21,2026-09-07T23:00:00Z,election,2026-01-06T01:14:26Z,,continuing,False,False
KXHOUSERACE-FL11-26-D,1876.62,2026-08-24T09:00:00Z,3019.7,2026-09-08T00:00:00Z,election,2026-01-06T01:14:27Z,,continuing,False,False
KXHOUSERACE-FL11-26-R,908.0,2026-08-24T17:00:00Z,908.0,2026-09-07T22:00:00Z,election,2026-01-06T01:14:27Z,,continuing,False,False
KXHOUSERACE-FL12-26-D,1637.18,2026-08-25T00:00:00Z,1707.18,2026-09-07T13:00:00Z,election,2026-01-06T01:14:28Z,,continuing,False,False
KXHOUSERACE-FL12-26-R,2392.0,2026-08-25T00:00:00Z,2362.0,2026-09-07T19:00:00Z,election,2026-01-06T01:14:28Z,,continuing,False,False
KXHOUSERACE-FL14-26-D,11456.56,2026-08-24T18:00:00Z,14282.04,2026-09-07T22:00:00Z,election,2026-01-06T01:14:31Z,,continuing,False,False
KXHOUSERACE-FL14-26-R,8619.56,2026-08-25T00:00:00Z,22210.26,2026-09-08T00:00:00Z,election,2026-01-06T01:14:31Z,,continuing,False,False
KXHOUSERACE-FL15-26-D,2283.92,2026-08-24T22:00:00Z,2458.69,2026-09-08T00:00:00Z,election,2026-01-06T01:14:31Z,,continuing,False,False
KXHOUSERACE-FL15-26-R,927.08,2026-08-25T00:00:00Z,1327.08,2026-09-07T23:00:00Z,election,2026-01-06T01:14:31Z,,continuing,False,False
KXHOUSERACE-FL16-26-D,1832.58,2026-08-24T21:00:00Z,1992.58,2026-09-07T23:00:00Z,election,2026-01-06T01:14:36Z,,continuing,False,False
KXHOUSERACE-FL16-26-R,1543.98,2026-08-25T00:00:00Z,1568.98,2026-09-07T23:00:00Z,election,2026-01-06T01:14:36Z,,continuing,False,False
KXHOUSERACE-FL17-26-D,847.4,2026-08-24T17:00:00Z,847.4,2026-09-07T22:00:00Z,election,2026-01-06T01:14:35Z,,continuing,False,False
KXHOUSERACE-FL17-26-R,399.0,2026-08-24T17:00:00Z,704.0,2026-09-07T13:00:00Z,election,2026-01-06T01:14:35Z,,continuing,False,False
KXHOUSERACE-FL18-26-D,857.07,2026-08-24T17:00:00Z,857.07,2026-09-07T21:00:00Z,election,2026-01-06T01:14:36Z,,continuing,False,False
KXHOUSERACE-FL18-26-R,1339.83,2026-08-24T23:00:00Z,1339.83,2026-09-08T00:00:00Z,election,2026-01-06T01:14:36Z,,continuing,False,False
KXHOUSERACE-FL19-26-D,598.81,2026-08-24T17:00:00Z,746.0,2026-09-07T23:00:00Z,election,2026-01-06T01:14:36Z,,continuing,False,False
KXHOUSERACE-FL19-26-R,21.0,2026-08-24T17:00:00Z,21.0,2026-09-07T13:00:00Z,election,2026-01-06T01:14:36Z,,continuing,False,False
KXHOUSERACE-FL20-26-D,1400.0,2026-08-25T00:00:00Z,1400.0,2026-09-08T00:00:00Z,election,2026-01-06T01:14:37Z,,continuing,False,False
KXHOUSERACE-FL20-26-R,933.54,2026-08-24T23:00:00Z,933.54,2026-09-08T00:00:00Z,election,2026-01-06T01:14:37Z,,continuing,False,False
KXHOUSERACE-FL21-26-D,1474.45,2026-08-25T00:00:00Z,1690.39,2026-09-08T00:00:00Z,election,2026-01-06T01:14:37Z,,continuing,False,False
KXHOUSERACE-FL21-26-R,769.0,2026-08-24T17:00:00Z,969.0,2026-09-06T19:00:00Z,election,2026-01-06T01:14:37Z,,continuing,False,False
KXHOUSERACE-FL22-26-D,20484.57,2026-08-24T23:00:00Z,23616.46,2026-09-08T00:00:00Z,election,2026-01-06T01:14:40Z,,continuing,False,False
KXHOUSERACE-FL22-26-R,13821.38,2026-08-25T00:00:00Z,14109.9,2026-09-08T00:00:00Z,election,2026-01-06T01:14:40Z,,continuing,False,False
KXHOUSERACE-FL24-26-D,514.58,2026-08-24T17:00:00Z,514.58,2026-09-07T23:00:00Z,election,2026-01-06T01:14:41Z,,continuing,False,False
KXHOUSERACE-FL24-26-R,1660.02,2026-08-24T01:00:00Z,,,election,2026-01-06T01:14:41Z,,exit,False,False
KXHOUSERACE-FL25-26-D,7299.39,2026-08-25T00:00:00Z,8052.45,2026-09-08T00:00:00Z,election,2026-01-06T01:14:44Z,,continuing,False,False
KXHOUSERACE-FL25-26-R,7459.33,2026-08-25T00:00:00Z,10892.99,2026-09-08T00:00:00Z,election,2026-01-06T01:14:44Z,,continuing,False,False
KXHOUSERACE-FL26-26-D,1270.0,2026-08-25T00:00:00Z,1270.0,2026-09-07T22:00:00Z,election,2026-01-06T01:14:46Z,,continuing,False,False
KXHOUSERACE-FL26-26-R,303.0,2026-08-24T17:00:00Z,342.24,2026-09-06T18:00:00Z,election,2026-01-06T01:14:46Z,,continuing,False,False
KXHOUSERACE-FL27-26-D,4608.98,2026-08-24T17:00:00Z,5309.67,2026-09-08T00:00:00Z,election,2026-01-06T01:14:46Z,,continuing,False,False
KXHOUSERACE-FL27-26-R,3926.62,2026-08-24T09:00:00Z,4346.38,2026-09-07T13:00:00Z,election,2026-01-06T01:14:46Z,,continuing,False,False
KXHOUSERACE-FL28-26-D,2284.97,2026-08-24T17:00:00Z,2484.97,2026-09-07T20:00:00Z,election,2026-01-06T01:14:47Z,,continuing,False,False
KXHOUSERACE-FL28-26-R,1446.7,2026-08-25T00:00:00Z,1451.7,2026-09-07T23:00:00Z,election,2026-01-06T01:14:47Z,,continuing,False,False
KXHOUSERACE-GA01-26-D,1247.0,2026-08-25T00:00:00Z,1252.0,2026-09-08T00:00:00Z,election,2026-01-06T01:14:48Z,,continuing,False,False
KXHOUSERACE-GA01-26-R,710.0,2026-08-24T17:00:00Z,710.0,2026-09-07T20:00:00Z,election,2026-01-06T01:14:48Z,,continuing,False,False
KXHOUSERACE-GA02-26-D,4624.78,2026-08-25T00:00:00Z,4624.78,2026-09-07T23:00:00Z,election,2026-01-06T01:14:47Z,,continuing,False,False
KXHOUSERACE-GA02-26-R,2890.27,2026-08-25T00:00:00Z,3811.27,2026-09-08T00:00:00Z,election,2026-01-06T01:14:47Z,,continuing,False,False
KXHOUSERACE-GA03-26-D,485.0,2026-08-24T17:00:00Z,500.0,2026-09-07T20:00:00Z,election,2026-01-06T01:14:50Z,,continuing,False,False
KXHOUSERACE-GA03-26-R,10.0,2026-08-24T17:00:00Z,712.03,2026-09-07T20:00:00Z,election,2026-01-06T01:14:50Z,,continuing,False,False
KXHOUSERACE-GA04-26-D,,,558.16,2026-09-07T20:00:00Z,election,2026-01-06T01:14:51Z,,entry,False,False
KXHOUSERACE-GA04-26-R,718.0,2026-08-24T17:00:00Z,718.0,2026-09-07T10:00:00Z,election,2026-01-06T01:14:51Z,,continuing,False,False
KXHOUSERACE-GA05-26-D,100.0,2026-08-24T17:00:00Z,100.5,2026-09-06T20:00:00Z,election,2026-01-06T01:14:56Z,,continuing,False,False
KXHOUSERACE-GA05-26-R,,,802.0,2026-09-07T20:00:00Z,election,2026-01-06T01:14:56Z,,entry,False,False
KXHOUSERACE-GA06-26-D,4475.0,2026-08-25T00:00:00Z,4475.0,2026-09-07T21:00:00Z,election,2026-01-06T01:14:54Z,,continuing,False,False
KXHOUSERACE-GA06-26-R,253.0,2026-08-25T00:00:00Z,321.0,2026-09-07T14:00:00Z,election,2026-01-06T01:14:54Z,,continuing,False,False
KXHOUSERACE-GA07-26-D,1665.0,2026-08-24T20:00:00Z,3653.0,2026-09-08T00:00:00Z,election,2026-01-06T01:14:57Z,,continuing,False,False
KXHOUSERACE-GA07-26-R,1051.0,2026-08-24T17:00:00Z,2478.0,2026-09-08T00:00:00Z,election,2026-01-06T01:14:57Z,,continuing,False,False
KXHOUSERACE-GA08-26-D,1605.75,2026-08-24T17:00:00Z,1674.75,2026-09-07T20:00:00Z,election,2026-01-06T01:14:57Z,,continuing,False,False
KXHOUSERACE-GA08-26-R,1012.0,2026-08-24T17:00:00Z,1721.27,2026-09-07T22:00:00Z,election,2026-01-06T01:14:57Z,,continuing,False,False
KXHOUSERACE-GA09-26-D,208.0,2026-08-24T17:00:00Z,209.0,2026-09-07T10:00:00Z,election,2026-01-06T01:14:58Z,,continuing,False,False
KXHOUSERACE-GA09-26-R,5533.0,2026-08-24T17:00:00Z,5533.0,2026-09-07T19:00:00Z,election,2026-01-06T01:14:58Z,,continuing,False,False
KXHOUSERACE-GA10-26-D,400.95,2026-08-24T21:00:00Z,416.95,2026-09-07T20:00:00Z,election,2026-01-06T01:14:58Z,,continuing,False,False
KXHOUSERACE-GA10-26-R,554.0,2026-08-24T21:00:00Z,554.0,2026-09-07T22:00:00Z,election,2026-01-06T01:14:58Z,,continuing,False,False
KXHOUSERACE-GA11-26-D,3104.7,2026-08-25T00:00:00Z,3909.19,2026-09-08T00:00:00Z,election,2026-01-06T01:15:00Z,,continuing,False,False
KXHOUSERACE-GA11-26-R,772.0,2026-08-25T00:00:00Z,2707.0,2026-09-07T22:00:00Z,election,2026-01-06T01:15:00Z,,continuing,False,False
KXHOUSERACE-GA12-26-D,3327.0,2026-08-25T00:00:00Z,4770.0,2026-09-07T23:00:00Z,election,2026-01-06T01:15:02Z,,continuing,False,False
KXHOUSERACE-GA12-26-R,3834.0,2026-08-24T17:00:00Z,5362.0,2026-09-07T21:00:00Z,election,2026-01-06T01:15:02Z,,continuing,False,False
KXHOUSERACE-GA13-26-D,1642.0,2026-08-24T18:00:00Z,1665.69,2026-09-07T09:00:00Z,election,2026-01-06T01:15:05Z,,continuing,False,False
KXHOUSERACE-GA13-26-R,1372.65,2026-08-25T00:00:00Z,1404.65,2026-09-07T07:00:00Z,election,2026-01-06T01:15:05Z,,continuing,False,False
KXHOUSERACE-GA14-26-D,2863.6,2026-08-25T00:00:00Z,4464.6,2026-09-08T00:00:00Z,election,2026-01-06T01:15:06Z,,continuing,False,False
KXHOUSERACE-GA14-26-R,,,1019.0,2026-09-08T00:00:00Z,election,2026-01-06T01:15:06Z,,entry,False,False
KXHOUSERACE-HI01-26-D,1.0,2026-08-24T09:00:00Z,1.0,2026-09-08T00:00:00Z,election,2026-01-06T01:15:06Z,,continuing,False,False
KXHOUSERACE-HI01-26-R,50.0,2026-08-24T09:00:00Z,50.0,2026-09-07T21:00:00Z,election,2026-01-06T01:15:06Z,,continuing,False,False
KXHOUSERACE-HI02-26-D,1694.87,2026-08-24T17:00:00Z,1694.87,2026-09-07T22:00:00Z,election,2026-01-06T01:15:08Z,,continuing,False,False
KXHOUSERACE-HI02-26-R,4857.7,2026-08-24T22:00:00Z,4857.7,2026-09-07T21:00:00Z,election,2026-01-06T01:15:08Z,,continuing,False,False
KXHOUSERACE-IA02-26-D,3323.78,2026-08-25T00:00:00Z,4925.25,2026-09-08T00:00:00Z,election,2026-01-06T01:15:09Z,,continuing,False,False
KXHOUSERACE-IA02-26-R,3029.44,2026-08-25T00:00:00Z,3153.08,2026-09-08T00:00:00Z,election,2026-01-06T01:15:09Z,,continuing,False,False
KXHOUSERACE-IA04-26-D,1030.32,2026-08-24T21:00:00Z,1056.54,2026-09-07T20:00:00Z,election,2026-01-06T01:15:09Z,,continuing,False,False
KXHOUSERACE-IA04-26-R,2748.72,2026-08-24T21:00:00Z,4479.09,2026-09-07T20:00:00Z,election,2026-01-06T01:15:09Z,,continuing,False,False
KXHOUSERACE-ID01-26-D,70.0,2026-08-24T22:00:00Z,70.0,2026-09-06T20:00:00Z,election,2026-01-06T01:15:10Z,,continuing,False,False
KXHOUSERACE-ID01-26-R,51.02,2026-08-24T17:00:00Z,51.02,2026-09-07T00:00:00Z,election,2026-01-06T01:15:10Z,,continuing,False,False
KXHOUSERACE-ID02-26-D,465.0,2026-08-24T21:00:00Z,2120.0,2026-09-08T00:00:00Z,election,2026-01-06T01:15:11Z,,continuing,False,False
KXHOUSERACE-ID02-26-R,82.0,2026-08-24T21:00:00Z,1332.0,2026-09-08T00:00:00Z,election,2026-01-06T01:15:11Z,,continuing,False,False
KXHOUSERACE-IL01-26-D,1174.0,2026-08-24T18:00:00Z,1582.0,2026-09-07T07:00:00Z,election,2026-01-06T01:15:15Z,,continuing,False,False
KXHOUSERACE-IL01-26-R,983.19,2026-08-25T00:00:00Z,983.19,2026-09-07T20:00:00Z,election,2026-01-06T01:15:15Z,,continuing,False,False
KXHOUSERACE-IL02-26-D,192.0,2026-08-24T17:00:00Z,,,election,2026-01-06T01:15:16Z,,exit,False,False
KXHOUSERACE-IL02-26-R,131.0,2026-08-25T00:00:00Z,132.0,2026-09-06T21:00:00Z,election,2026-01-06T01:15:16Z,,continuing,False,False
KXHOUSERACE-IL03-26-D,581.0,2026-08-24T17:00:00Z,,,election,2026-01-06T01:15:17Z,,exit,False,False
KXHOUSERACE-IL03-26-R,2.0,2026-08-24T17:00:00Z,297.6,2026-09-06T21:00:00Z,election,2026-01-06T01:15:17Z,,continuing,False,False
KXHOUSERACE-IL04-26-CGET,,,1884.26,2026-09-07T06:00:00Z,election,2026-09-03T14:39:13Z,,entry,True,False
KXHOUSERACE-IL04-26-D,1011.28,2026-08-24T21:00:00Z,4241.22,2026-09-08T00:00:00Z,election,2026-01-06T01:15:18Z,,continuing,False,False
KXHOUSERACE-IL04-26-MMAC,1000.0,2026-08-24T17:00:00Z,1019.0,2026-09-06T21:00:00Z,election,2026-04-22T21:53:32Z,,continuing,False,False
KXHOUSERACE-IL04-26-R,1000.0,2026-08-24T17:00:00Z,1000.0,2026-09-08T00:00:00Z,election,2026-01-06T01:15:18Z,,continuing,False,False
KXHOUSERACE-IL05-26-D,132.0,2026-08-24T17:00:00Z,132.0,2026-09-08T00:00:00Z,election,2026-01-06T01:15:20Z,,continuing,False,False
KXHOUSERACE-IL05-26-R,2.0,2026-08-24T17:00:00Z,2.0,2026-09-08T00:00:00Z,election,2026-01-06T01:15:20Z,,continuing,False,False
KXHOUSERACE-IL06-26-D,10.0,2026-08-24T17:00:00Z,,,election,2026-01-06T01:15:20Z,,exit,False,False
KXHOUSERACE-IL06-26-R,254.0,2026-08-24T19:00:00Z,,,election,2026-01-06T01:15:20Z,,exit,False,False
KXHOUSERACE-IL07-26-D,11.0,2026-08-25T00:00:00Z,11.0,2026-09-06T21:00:00Z,election,2026-01-06T01:15:22Z,,continuing,False,False
KXHOUSERACE-IL07-26-R,4.0,2026-08-24T23:00:00Z,4.0,2026-09-07T20:00:00Z,election,2026-01-06T01:15:22Z,,continuing,False,False
KXHOUSERACE-IL08-26-D,669.55,2026-08-24T18:00:00Z,669.55,2026-09-07T21:00:00Z,election,2026-01-06T01:15:21Z,,continuing,False,False
KXHOUSERACE-IL08-26-R,2822.14,2026-08-24T17:00:00Z,3059.68,2026-09-07T21:00:00Z,election,2026-01-06T01:15:21Z,,continuing,False,False
KXHOUSERACE-IL09-26-D,121.0,2026-08-24T17:00:00Z,121.0,2026-09-07T23:00:00Z,election,2026-01-06T01:15:26Z,,continuing,False,False
KXHOUSERACE-IL09-26-R,613.0,2026-08-24T17:00:00Z,613.0,2026-09-07T21:00:00Z,election,2026-01-06T01:15:26Z,,continuing,False,False
KXHOUSERACE-IL10-26-D,1000.0,2026-08-25T00:00:00Z,1000.0,2026-09-07T20:00:00Z,election,2026-01-06T01:15:28Z,,continuing,False,False
KXHOUSERACE-IL10-26-R,133.0,2026-08-25T00:00:00Z,133.0,2026-09-07T20:00:00Z,election,2026-01-06T01:15:28Z,,continuing,False,False
KXHOUSERACE-IL11-26-D,14.9,2026-08-24T20:00:00Z,14.9,2026-09-07T07:00:00Z,election,2026-01-06T01:15:28Z,,continuing,False,False
KXHOUSERACE-IL11-26-R,1057.0,2026-08-24T17:00:00Z,1062.0,2026-09-07T07:00:00Z,election,2026-01-06T01:15:28Z,,continuing,False,False
KXHOUSERACE-IL12-26-D,1424.62,2026-08-25T00:00:00Z,1424.62,2026-09-08T00:00:00Z,election,2026-01-06T01:15:30Z,,continuing,False,False
KXHOUSERACE-IL12-26-R,2431.82,2026-08-24T23:00:00Z,2805.85,2026-09-08T00:00:00Z,election,2026-01-06T01:15:30Z,,continuing,False,False
KXHOUSERACE-IL13-26-D,300.0,2026-08-24T17:00:00Z,305.0,2026-09-07T21:00:00Z,election,2026-01-06T01:15:32Z,,continuing,False,False
KXHOUSERACE-IL13-26-R,668.0,2026-08-24T17:00:00Z,668.0,2026-09-07T21:00:00Z,election,2026-01-06T01:15:32Z,,continuing,False,False
KXHOUSERACE-IL14-26-D,74.0,2026-08-25T00:00:00Z,974.0,2026-09-08T00:00:00Z,election,2026-01-06T01:15:32Z,,continuing,False,False
KXHOUSERACE-IL14-26-R,585.0,2026-08-25T00:00:00Z,1576.0,2026-09-08T00:00:00Z,election,2026-01-06T01:15:32Z,,continuing,False,False
KXHOUSERACE-IL15-26-D,393.0,2026-08-24T09:00:00Z,593.0,2026-09-07T20:00:00Z,election,2026-01-06T01:15:36Z,,continuing,False,False
KXHOUSERACE-IL15-26-R,69.0,2026-08-24T18:00:00Z,369.0,2026-09-07T20:00:00Z,election,2026-01-06T01:15:36Z,,continuing,False,False
KXHOUSERACE-IL16-26-D,2487.68,2026-08-24T21:00:00Z,2687.68,2026-09-07T21:00:00Z,election,2026-01-06T01:15:33Z,,continuing,False,False
KXHOUSERACE-IL16-26-R,981.0,2026-08-24T21:00:00Z,981.0,2026-09-07T21:00:00Z,election,2026-01-06T01:15:33Z,,continuing,False,False
KXHOUSERACE-IN02-26-D,268.0,2026-08-25T00:00:00Z,1333.0,2026-09-08T00:00:00Z,election,2026-01-06T01:15:42Z,,continuing,False,False
KXHOUSERACE-IN02-26-R,576.89,2026-08-25T00:00:00Z,1351.27,2026-09-07T20:00:00Z,election,2026-01-06T01:15:42Z,,continuing,False,False
KXHOUSERACE-IN03-26-D,380.35,2026-08-24T17:00:00Z,380.35,2026-09-07T13:00:00Z,election,2026-01-06T01:15:43Z,,continuing,False,False
KXHOUSERACE-IN03-26-R,132.0,2026-08-24T17:00:00Z,132.0,2026-09-07T13:00:00Z,election,2026-01-06T01:15:43Z,,continuing,False,False
KXHOUSERACE-IN04-26-D,1271.97,2026-08-24T09:00:00Z,2095.97,2026-09-07T21:00:00Z,election,2026-01-06T01:15:43Z,,continuing,False,False
KXHOUSERACE-IN04-26-R,1334.5,2026-08-24T21:00:00Z,1334.5,2026-09-07T13:00:00Z,election,2026-01-06T01:15:43Z,,continuing,False,False
KXHOUSERACE-IN05-26-D,6939.67,2026-08-25T00:00:00Z,7315.65,2026-09-08T00:00:00Z,election,2026-01-06T01:15:43Z,,continuing,False,False
KXHOUSERACE-IN05-26-R,4246.18,2026-08-25T00:00:00Z,4246.18,2026-09-08T00:00:00Z,election,2026-01-06T01:15:43Z,,continuing,False,False
KXHOUSERACE-IN06-26-D,485.0,2026-08-24T17:00:00Z,485.0,2026-09-07T23:00:00Z,election,2026-01-06T01:15:46Z,,continuing,False,False
KXHOUSERACE-IN06-26-R,916.44,2026-08-24T17:00:00Z,921.44,2026-09-07T19:00:00Z,election,2026-01-06T01:15:46Z,,continuing,False,False
KXHOUSERACE-IN08-26-D,318.58,2026-08-24T17:00:00Z,627.54,2026-09-07T07:00:00Z,election,2026-01-06T01:15:47Z,,continuing,False,False
KXHOUSERACE-IN08-26-R,82.0,2026-08-24T17:00:00Z,82.0,2026-09-08T00:00:00Z,election,2026-01-06T01:15:47Z,,continuing,False,False
KXHOUSERACE-IN09-26-D,705.51,2026-08-24T21:00:00Z,1356.51,2026-09-07T09:00:00Z,election,2026-01-06T01:15:49Z,,continuing,False,False
KXHOUSERACE-IN09-26-R,543.0,2026-08-24T17:00:00Z,949.23,2026-09-07T22:00:00Z,election,2026-01-06T01:15:49Z,,continuing,False,False
KXHOUSERACE-KS01-26-D,813.0,2026-08-24T09:00:00Z,813.0,2026-09-08T00:00:00Z,election,2026-01-06T01:15:50Z,,continuing,False,False
KXHOUSERACE-KS01-26-R,53.12,2026-08-24T17:00:00Z,324.4,2026-09-08T00:00:00Z,election,2026-01-06T01:15:50Z,,continuing,False,False
KXHOUSERACE-KS02-26-D,1520.39,2026-08-24T21:00:00Z,1828.79,2026-09-07T23:00:00Z,election,2026-01-06T01:15:56Z,,continuing,False,False
KXHOUSERACE-KS02-26-R,791.0,2026-08-24T21:00:00Z,1131.0,2026-09-08T00:00:00Z,election,2026-01-06T01:15:56Z,,continuing,False,False
KXHOUSERACE-KS03-26-D,2006.64,2026-08-25T00:00:00Z,3118.85,2026-09-07T20:00:00Z,election,2026-01-06T01:15:58Z,,continuing,False,False
KXHOUSERACE-KS03-26-R,2439.09,2026-08-25T00:00:00Z,2860.09,2026-09-06T18:00:00Z,election,2026-01-06T01:15:58Z,,continuing,False,False
KXHOUSERACE-KS04-26-D,1281.74,2026-08-25T00:00:00Z,2750.74,2026-09-08T00:00:00Z,election,2026-01-06T01:15:57Z,,continuing,False,False
KXHOUSERACE-KS04-26-R,2421.0,2026-08-24T17:00:00Z,3904.0,2026-09-08T00:00:00Z,election,2026-01-06T01:15:57Z,,continuing,False,False
KXHOUSERACE-KY01-26-D,70.55,2026-08-24T17:00:00Z,842.07,2026-09-07T21:00:00Z,election,2026-01-06T01:15:58Z,,continuing,False,False
KXHOUSERACE-KY01-26-R,69.3,2026-08-24T17:00:00Z,1219.3,2026-09-07T21:00:00Z,election,2026-01-06T01:15:58Z,,continuing,False,False
KXHOUSERACE-KY02-26-D,850.13,2026-08-25T00:00:00Z,903.13,2026-09-07T21:00:00Z,election,2026-01-06T01:15:59Z,,continuing,False,False
KXHOUSERACE-KY02-26-R,1205.3,2026-08-24T17:00:00Z,1200.0,2026-09-07T21:00:00Z,election,2026-01-06T01:15:59Z,,continuing,False,False
KXHOUSERACE-KY03-26-D,1.0,2026-08-24T17:00:00Z,451.0,2026-09-06T02:00:00Z,election,2026-01-06T01:16:00Z,,continuing,False,False
KXHOUSERACE-KY03-26-R,1057.33,2026-08-24T17:00:00Z,2336.33,2026-09-07T20:00:00Z,election,2026-01-06T01:16:00Z,,continuing,False,False
KXHOUSERACE-KY04-26-D,7957.96,2026-08-24T20:00:00Z,7954.4,2026-09-07T20:00:00Z,election,2026-01-06T01:16:02Z,,continuing,False,False
KXHOUSERACE-KY04-26-R,7499.26,2026-08-24T21:00:00Z,7493.97,2026-09-07T18:00:00Z,election,2026-01-06T01:16:02Z,,continuing,False,False
KXHOUSERACE-KY05-26-D,495.0,2026-08-24T17:00:00Z,510.0,2026-09-07T21:00:00Z,election,2026-01-06T01:16:03Z,,continuing,False,False
KXHOUSERACE-KY05-26-R,5.0,2026-08-24T17:00:00Z,5.0,2026-09-07T21:00:00Z,election,2026-01-06T01:16:03Z,,continuing,False,False
KXHOUSERACE-KY06-26-D,5384.81,2026-08-24T09:00:00Z,6186.37,2026-09-08T00:00:00Z,election,2026-01-06T01:16:06Z,,continuing,False,False
KXHOUSERACE-KY06-26-R,3081.74,2026-08-24T22:00:00Z,3144.12,2026-09-07T17:00:00Z,election,2026-01-06T01:16:06Z,,continuing,False,False
KXHOUSERACE-LA01-26-D,858.58,2026-08-25T00:00:00Z,1837.58,2026-09-07T15:00:00Z,election,2026-01-06T01:16:08Z,,continuing,False,False
KXHOUSERACE-LA01-26-R,157.0,2026-08-24T17:00:00Z,182.0,2026-09-07T20:00:00Z,election,2026-01-06T01:16:08Z,,continuing,False,False
KXHOUSERACE-LA02-26-D,2309.72,2026-08-24T17:00:00Z,1809.72,2026-09-06T19:00:00Z,election,2026-01-06T01:16:09Z,,continuing,False,False
KXHOUSERACE-LA02-26-R,6578.88,2026-08-24T20:00:00Z,6569.88,2026-09-07T19:00:00Z,election,2026-01-06T01:16:09Z,,continuing,False,False
KXHOUSERACE-LA03-26-D,1028.14,2026-08-25T00:00:00Z,1328.14,2026-09-07T04:00:00Z,election,2026-01-06T01:16:09Z,,continuing,False,False
KXHOUSERACE-LA03-26-R,50.0,2026-08-24T17:00:00Z,,,election,2026-01-06T01:16:09Z,,exit,False,False
KXHOUSERACE-LA04-26-D,611.23,2026-08-24T17:00:00Z,611.23,2026-09-07T21:00:00Z,election,2026-01-06T01:16:09Z,,continuing,False,False
KXHOUSERACE-LA04-26-R,83.0,2026-08-24T17:00:00Z,388.09,2026-09-07T21:00:00Z,election,2026-01-06T01:16:09Z,,continuing,False,False
KXHOUSERACE-LA05-26-D,278.66,2026-08-24T22:00:00Z,578.66,2026-09-07T20:00:00Z,election,2026-01-06T01:16:11Z,,continuing,False,False
KXHOUSERACE-LA05-26-R,6962.0,2026-08-24T17:00:00Z,7262.0,2026-09-07T10:00:00Z,election,2026-01-06T01:16:11Z,,continuing,False,False
KXHOUSERACE-LA06-26-D,1277.75,2026-08-24T21:00:00Z,1377.75,2026-09-08T00:00:00Z,election,2026-01-06T01:16:14Z,,continuing,False,False
KXHOUSERACE-LA06-26-R,5361.4,2026-08-24T17:00:00Z,5584.4,2026-09-08T00:00:00Z,election,2026-01-06T01:16:14Z,,continuing,False,False
KXHOUSERACE-MA01-26-D,373.0,2026-08-24T17:00:00Z,373.0,2026-09-06T22:00:00Z,election,2026-01-06T01:16:14Z,,continuing,False,False
KXHOUSERACE-MA01-26-R,369.0,2026-08-24T17:00:00Z,369.0,2026-09-07T20:00:00Z,election,2026-01-06T01:16:14Z,,continuing,False,False
KXHOUSERACE-MA02-26-D,344.93,2026-08-24T17:00:00Z,344.93,2026-09-07T20:00:00Z,election,2026-01-06T01:16:17Z,,continuing,False,False
KXHOUSERACE-MA02-26-R,584.86,2026-08-24T17:00:00Z,584.86,2026-09-07T18:00:00Z,election,2026-01-06T01:16:17Z,,continuing,False,False
KXHOUSERACE-MA03-26-D,761.0,2026-08-24T17:00:00Z,761.0,2026-09-06T17:00:00Z,election,2026-01-06T01:16:20Z,,continuing,False,False
KXHOUSERACE-MA03-26-R,284.75,2026-08-24T17:00:00Z,284.75,2026-09-06T22:00:00Z,election,2026-01-06T01:16:20Z,,continuing,False,False
KXHOUSERACE-MA04-26-D,552.0,2026-08-24T17:00:00Z,552.0,2026-09-07T07:00:00Z,election,2026-01-06T01:16:20Z,,continuing,False,False
KXHOUSERACE-MA04-26-R,2.0,2026-08-24T17:00:00Z,77.0,2026-09-07T07:00:00Z,election,2026-01-06T01:16:20Z,,continuing,False,False
KXHOUSERACE-MA05-26-D,440.21,2026-08-24T17:00:00Z,,,election,2026-01-06T01:16:20Z,,exit,False,False
KXHOUSERACE-MA05-26-R,537.35,2026-08-24T17:00:00Z,537.35,2026-09-07T15:00:00Z,election,2026-01-06T01:16:20Z,,continuing,False,False
KXHOUSERACE-MA06-26-D,70.0,2026-08-24T22:00:00Z,70.0,2026-09-07T07:00:00Z,election,2026-01-06T01:16:21Z,,continuing,False,False
KXHOUSERACE-MA06-26-R,823.0,2026-08-24T22:00:00Z,833.0,2026-09-07T23:00:00Z,election,2026-01-06T01:16:21Z,,continuing,False,False
KXHOUSERACE-MA07-26-D,21.0,2026-08-24T17:00:00Z,21.0,2026-09-07T13:00:00Z,election,2026-01-06T01:16:23Z,,continuing,False,False
KXHOUSERACE-MA07-26-R,104.02,2026-08-24T18:00:00Z,154.02,2026-09-06T21:00:00Z,election,2026-01-06T01:16:23Z,,continuing,False,False
KXHOUSERACE-MA08-26-D,309.04,2026-08-24T17:00:00Z,309.04,2026-09-07T22:00:00Z,election,2026-01-06T01:16:27Z,,continuing,False,False
KXHOUSERACE-MA08-26-R,37.0,2026-08-25T00:00:00Z,37.0,2026-09-08T00:00:00Z,election,2026-01-06T01:16:27Z,,continuing,False,False
KXHOUSERACE-MA09-26-D,14.0,2026-08-24T17:00:00Z,14.0,2026-09-07T14:00:00Z,election,2026-01-06T01:16:26Z,,continuing,False,False
KXHOUSERACE-MA09-26-R,243.0,2026-08-24T17:00:00Z,243.0,2026-09-07T13:00:00Z,election,2026-01-06T01:16:26Z,,continuing,False,False
KXHOUSERACE-MD01-26-D,6655.56,2026-08-25T00:00:00Z,6121.84,2026-09-08T00:00:00Z,election,2026-01-06T01:16:29Z,,continuing,False,False
KXHOUSERACE-MD01-26-R,4794.24,2026-08-25T00:00:00Z,4777.24,2026-09-07T18:00:00Z,election,2026-01-06T01:16:29Z,,continuing,False,False
KXHOUSERACE-MD02-26-D,1073.32,2026-08-24T17:00:00Z,1073.32,2026-09-07T13:00:00Z,election,2026-01-06T01:16:32Z,,continuing,False,False
KXHOUSERACE-MD02-26-R,786.0,2026-08-24T17:00:00Z,786.0,2026-09-06T21:00:00Z,election,2026-01-06T01:16:32Z,,continuing,False,False
KXHOUSERACE-MD03-26-D,500.0,2026-08-24T17:00:00Z,500.0,2026-09-07T22:00:00Z,election,2026-01-06T01:16:33Z,,continuing,False,False
KXHOUSERACE-MD03-26-R,,,738.0,2026-09-07T20:00:00Z,election,2026-01-06T01:16:33Z,,entry,False,False
KXHOUSERACE-MD04-26-D,252.0,2026-08-24T13:00:00Z,252.0,2026-09-06T21:00:00Z,election,2026-01-06T01:16:34Z,,continuing,False,False
KXHOUSERACE-MD04-26-R,104.0,2026-08-24T17:00:00Z,124.0,2026-09-06T21:00:00Z,election,2026-01-06T01:16:34Z,,continuing,False,False
KXHOUSERACE-MD05-26-D,254.0,2026-08-24T17:00:00Z,254.0,2026-09-08T00:00:00Z,election,2026-01-06T01:16:34Z,,continuing,False,False
KXHOUSERACE-MD05-26-R,277.55,2026-08-24T17:00:00Z,277.55,2026-09-07T23:00:00Z,election,2026-01-06T01:16:34Z,,continuing,False,False
KXHOUSERACE-MD06-26-D,312.0,2026-08-24T17:00:00Z,312.0,2026-09-07T23:00:00Z,election,2026-01-06T01:16:36Z,,continuing,False,False
KXHOUSERACE-MD06-26-R,2438.0,2026-08-24T11:00:00Z,2438.0,2026-09-07T21:00:00Z,election,2026-01-06T01:16:36Z,,continuing,False,False
KXHOUSERACE-MD07-26-D,22.0,2026-08-24T17:00:00Z,58.0,2026-09-07T07:00:00Z,election,2026-01-06T01:16:39Z,,continuing,False,False
KXHOUSERACE-MD07-26-R,349.0,2026-08-25T00:00:00Z,349.0,2026-09-07T11:00:00Z,election,2026-01-06T01:16:39Z,,continuing,False,False
KXHOUSERACE-MD08-26-D,85.0,2026-08-24T17:00:00Z,121.0,2026-09-07T10:00:00Z,election,2026-01-06T01:16:39Z,,continuing,False,False
KXHOUSERACE-MD08-26-R,124.5,2026-08-25T00:00:00Z,148.5,2026-09-07T10:00:00Z,election,2026-01-06T01:16:39Z,,continuing,False,False
KXHOUSERACE-ME01-26-D,1387.0,2026-08-24T18:00:00Z,1392.0,2026-09-08T00:00:00Z,election,2026-01-06T01:16:42Z,,continuing,False,False
KXHOUSERACE-ME01-26-R,729.0,2026-08-25T00:00:00Z,729.0,2026-09-08T00:00:00Z,election,2026-01-06T01:16:42Z,,continuing,False,False
KXHOUSERACE-MI01-26-D,2502.89,2026-08-25T00:00:00Z,2497.89,2026-09-07T22:00:00Z,election,2026-01-06T01:16:45Z,,continuing,False,False
KXHOUSERACE-MI01-26-R,1856.65,2026-08-24T23:00:00Z,1858.65,2026-09-07T16:00:00Z,election,2026-01-06T01:16:45Z,,continuing,False,False
KXHOUSERACE-MI02-26-D,1428.0,2026-08-24T17:00:00Z,1433.0,2026-09-07T23:00:00Z,election,2026-01-06T01:16:47Z,,continuing,False,False
KXHOUSERACE-MI02-26-R,2797.0,2026-08-24T17:00:00Z,2797.0,2026-09-07T20:00:00Z,election,2026-01-06T01:16:47Z,,continuing,False,False
KXHOUSERACE-MI05-26-D,1548.27,2026-08-24T21:00:00Z,2048.27,2026-09-08T00:00:00Z,election,2026-01-06T01:16:47Z,,continuing,False,False
KXHOUSERACE-MI05-26-R,502.0,2026-08-24T21:00:00Z,802.0,2026-09-08T00:00:00Z,election,2026-01-06T01:16:47Z,,continuing,False,False
KXHOUSERACE-MI06-26-D,665.0,2026-08-24T18:00:00Z,965.0,2026-09-07T20:00:00Z,election,2026-01-06T01:16:47Z,,continuing,False,False
KXHOUSERACE-MI06-26-R,109.0,2026-08-24T19:00:00Z,109.0,2026-09-08T00:00:00Z,election,2026-01-06T01:16:47Z,,continuing,False,False
KXHOUSERACE-MI09-26-D,566.12,2026-08-24T17:00:00Z,608.12,2026-09-07T20:00:00Z,election,2026-01-06T01:16:49Z,,continuing,False,False
KXHOUSERACE-MI09-26-R,1094.14,2026-08-24T17:00:00Z,1094.14,2026-09-07T14:00:00Z,election,2026-01-06T01:16:49Z,,continuing,False,False
KXHOUSERACE-MI11-26-D,50.0,2026-08-24T17:00:00Z,130.0,2026-09-07T20:00:00Z,election,2026-01-06T01:16:53Z,,continuing,False,False
KXHOUSERACE-MI11-26-R,825.82,2026-08-25T00:00:00Z,851.82,2026-09-07T23:00:00Z,election,2026-01-06T01:16:53Z,,continuing,False,False
KXHOUSERACE-MI12-26-D,255.0,2026-08-24T17:00:00Z,275.0,2026-09-07T12:00:00Z,election,2026-01-06T01:16:53Z,,continuing,False,False
KXHOUSERACE-MI12-26-R,367.0,2026-08-24T17:00:00Z,377.0,2026-09-08T00:00:00Z,election,2026-01-06T01:16:53Z,,continuing,False,False
KXHOUSERACE-MI13-26-D,363.32,2026-08-24T17:00:00Z,,,election,2026-01-06T01:16:54Z,,exit,False,False
KXHOUSERACE-MI13-26-R,693.72,2026-08-24T13:00:00Z,713.72,2026-09-07T21:00:00Z,election,2026-01-06T01:16:54Z,,continuing,False,False
KXHOUSERACE-MN01-26-D,29619.48,2026-08-25T00:00:00Z,29893.51,2026-09-08T00:00:00Z,election,2026-01-06T01:16:57Z,,continuing,False,False
KXHOUSERACE-MN01-26-R,31708.33,2026-08-24T22:00:00Z,32416.32,2026-09-07T22:00:00Z,election,2026-01-06T01:16:57Z,,continuing,False,False
KXHOUSERACE-MN03-26-D,501.51,2026-08-24T16:00:00Z,501.51,2026-09-07T23:00:00Z,election,2026-01-06T01:17:01Z,,continuing,False,False
KXHOUSERACE-MN03-26-R,228.0,2026-08-24T17:00:00Z,228.0,2026-09-07T21:00:00Z,election,2026-01-06T01:17:01Z,,continuing,False,False
KXHOUSERACE-MN04-26-D,4543.0,2026-08-24T09:00:00Z,4604.0,2026-09-07T22:00:00Z,election,2026-01-06T01:17:01Z,,continuing,False,False
KXHOUSERACE-MN04-26-R,1669.7,2026-08-24T10:00:00Z,2269.7,2026-09-07T14:00:00Z,election,2026-01-06T01:17:01Z,,continuing,False,False
KXHOUSERACE-MN05-26-D,2759.07,2026-08-25T00:00:00Z,2760.08,2026-09-07T10:00:00Z,election,2026-01-06T01:17:01Z,,continuing,False,False
KXHOUSERACE-MN05-26-R,1393.76,2026-08-25T00:00:00Z,1693.5,2026-09-07T23:00:00Z,election,2026-01-06T01:17:01Z,,continuing,False,False
KXHOUSERACE-MN06-26-D,5265.0,2026-08-24T21:00:00Z,5697.33,2026-09-07T20:00:00Z,election,2026-01-06T01:17:03Z,,continuing,False,False
KXHOUSERACE-MN06-26-R,4673.23,2026-08-24T22:00:00Z,5283.23,2026-09-07T23:00:00Z,election,2026-01-06T01:17:03Z,,continuing,False,False
KXHOUSERACE-MN07-26-D,261.64,2026-08-24T22:00:00Z,635.64,2026-09-08T00:00:00Z,election,2026-01-06T01:17:05Z,,continuing,False,False
KXHOUSERACE-MN07-26-R,1641.34,2026-08-24T17:00:00Z,1691.34,2026-09-07T23:00:00Z,election,2026-01-06T01:17:05Z,,continuing,False,False
KXHOUSERACE-MN08-26-D,4358.19,2026-08-25T00:00:00Z,4408.19,2026-09-08T00:00:00Z,election,2026-01-06T01:17:05Z,,continuing,False,False
KXHOUSERACE-MN08-26-R,3326.33,2026-08-24T17:00:00Z,3526.33,2026-09-08T00:00:00Z,election,2026-01-06T01:17:05Z,,continuing,False,False
KXHOUSERACE-MO01-26-D,1637.04,2026-08-24T17:00:00Z,1637.04,2026-09-08T00:00:00Z,election,2026-01-06T01:17:07Z,,continuing,False,False
KXHOUSERACE-MO01-26-R,94.0,2026-08-24T17:00:00Z,94.0,2026-09-08T00:00:00Z,election,2026-01-06T01:17:07Z,,continuing,False,False
KXHOUSERACE-MO02-26-D,1332.59,2026-08-25T00:00:00Z,2137.4,2026-09-07T23:00:00Z,election,2026-01-06T01:17:10Z,,continuing,False,False
KXHOUSERACE-MO02-26-R,3008.34,2026-08-25T00:00:00Z,3956.74,2026-09-08T00:00:00Z,election,2026-01-06T01:17:10Z,,continuing,False,False
KXHOUSERACE-MO03-26-D,811.0,2026-08-24T21:00:00Z,811.0,2026-09-07T22:00:00Z,election,2026-01-06T01:17:13Z,,continuing,False,False
KXHOUSERACE-MO03-26-R,51.0,2026-08-24T21:00:00Z,51.0,2026-09-07T22:00:00Z,election,2026-01-06T01:17:13Z,,continuing,False,False
KXHOUSERACE-MO04-26-D,633.94,2026-08-25T00:00:00Z,1398.93,2026-09-08T00:00:00Z,election,2026-01-06T01:17:14Z,,continuing,False,False
KXHOUSERACE-MO04-26-R,256.0,2026-08-24T21:00:00Z,1369.0,2026-09-08T00:00:00Z,election,2026-01-06T01:17:14Z,,continuing,False,False
KXHOUSERACE-MO06-26-D,1512.48,2026-08-24T17:00:00Z,2214.48,2026-09-07T21:00:00Z,election,2026-01-06T01:17:15Z,,continuing,False,False
KXHOUSERACE-MO06-26-R,779.46,2026-08-24T17:00:00Z,1279.46,2026-09-07T22:00:00Z,election,2026-01-06T01:17:15Z,,continuing,False,False
KXHOUSERACE-MO07-26-D,,,385.0,2026-09-07T20:00:00Z,election,2026-01-06T01:17:15Z,,entry,False,False
KXHOUSERACE-MO07-26-R,330.0,2026-08-24T17:00:00Z,330.0,2026-09-08T00:00:00Z,election,2026-01-06T01:17:15Z,,continuing,False,False
KXHOUSERACE-MO08-26-D,201.14,2026-08-24T17:00:00Z,,,election,2026-01-06T01:17:18Z,,exit,False,False
KXHOUSERACE-MO08-26-R,86.0,2026-08-24T17:00:00Z,,,election,2026-01-06T01:17:18Z,,exit,False,False
KXHOUSERACE-MS01-26-D,233.0,2026-08-24T17:00:00Z,302.0,2026-09-08T00:00:00Z,election,2026-01-06T01:17:18Z,,continuing,False,False
KXHOUSERACE-MS01-26-R,1613.0,2026-08-24T20:00:00Z,1824.02,2026-09-08T00:00:00Z,election,2026-01-06T01:17:18Z,,continuing,False,False
KXHOUSERACE-MS02-26-D,4011.51,2026-08-24T20:00:00Z,4436.51,2026-09-07T23:00:00Z,election,2026-01-06T01:17:18Z,,continuing,False,False
KXHOUSERACE-MS02-26-R,4863.16,2026-08-24T17:00:00Z,5663.16,2026-09-07T23:00:00Z,election,2026-01-06T01:17:18Z,,continuing,False,False
KXHOUSERACE-MS03-26-D,297.51,2026-08-24T17:00:00Z,298.51,2026-09-08T00:00:00Z,election,2026-01-06T01:17:20Z,,continuing,False,False
KXHOUSERACE-MS03-26-R,740.0,2026-08-24T17:00:00Z,740.0,2026-09-06T22:00:00Z,election,2026-01-06T01:17:20Z,,continuing,False,False
KXHOUSERACE-MS04-26-D,162.9,2026-08-25T00:00:00Z,171.9,2026-09-07T07:00:00Z,election,2026-01-06T01:17:25Z,,continuing,False,False
KXHOUSERACE-MS04-26-R,1407.0,2026-08-24T15:00:00Z,1407.0,2026-09-07T07:00:00Z,election,2026-01-06T01:17:25Z,,continuing,False,False
KXHOUSERACE-MT02-26-D,1309.0,2026-08-25T00:00:00Z,1678.0,2026-09-08T00:00:00Z,election,2026-01-06T01:17:22Z,,continuing,False,False
KXHOUSERACE-MT02-26-R,1573.26,2026-08-24T17:00:00Z,1964.33,2026-09-07T23:00:00Z,election,2026-01-06T01:17:22Z,,continuing,False,False
KXHOUSERACE-NC02-26-D,604.0,2026-08-24T17:00:00Z,604.0,2026-09-07T20:00:00Z,election,2026-01-06T01:17:25Z,,continuing,False,False
KXHOUSERACE-NC02-26-R,666.35,2026-08-25T00:00:00Z,671.35,2026-09-08T00:00:00Z,election,2026-01-06T01:17:25Z,,continuing,False,False
KXHOUSERACE-NC03-26-D,104.0,2026-08-24T17:00:00Z,105.0,2026-09-07T22:00:00Z,election,2026-01-06T01:17:25Z,,continuing,False,False
KXHOUSERACE-NC03-26-R,1121.0,2026-08-24T17:00:00Z,1121.0,2026-09-07T21:00:00Z,election,2026-01-06T01:17:25Z,,continuing,False,False
KXHOUSERACE-NC04-26-D,82.0,2026-08-24T17:00:00Z,87.0,2026-09-08T00:00:00Z,election,2026-01-06T01:17:27Z,,continuing,False,False
KXHOUSERACE-NC04-26-R,248.0,2026-08-24T17:00:00Z,248.0,2026-09-06T20:00:00Z,election,2026-01-06T01:17:27Z,,continuing,False,False
KXHOUSERACE-NC05-26-D,503.94,2026-08-24T17:00:00Z,503.94,2026-09-07T23:00:00Z,election,2026-01-06T01:17:28Z,,continuing,False,False
KXHOUSERACE-NC05-26-R,2476.0,2026-08-25T00:00:00Z,2476.0,2026-09-07T23:00:00Z,election,2026-01-06T01:17:28Z,,continuing,False,False
KXHOUSERACE-NC06-26-D,1051.0,2026-08-25T00:00:00Z,1051.0,2026-09-08T00:00:00Z,election,2026-01-06T01:17:29Z,,continuing,False,False
KXHOUSERACE-NC06-26-R,461.0,2026-08-24T17:00:00Z,461.0,2026-09-07T22:00:00Z,election,2026-01-06T01:17:29Z,,continuing,False,False
KXHOUSERACE-NC07-26-D,2172.0,2026-08-24T17:00:00Z,2172.0,2026-09-08T00:00:00Z,election,2026-01-06T01:17:29Z,,continuing,False,False
KXHOUSERACE-NC07-26-R,1675.88,2026-08-25T00:00:00Z,1675.88,2026-09-08T00:00:00Z,election,2026-01-06T01:17:29Z,,continuing,False,False
KXHOUSERACE-NC08-26-D,1302.0,2026-08-25T00:00:00Z,1307.0,2026-09-08T00:00:00Z,election,2026-01-06T01:17:32Z,,continuing,False,False
KXHOUSERACE-NC08-26-R,1103.0,2026-08-25T00:00:00Z,1108.0,2026-09-07T20:00:00Z,election,2026-01-06T01:17:32Z,,continuing,False,False
KXHOUSERACE-NC09-26-D,6149.89,2026-08-25T00:00:00Z,7264.3,2026-09-07T22:00:00Z,election,2026-01-06T01:17:33Z,,continuing,False,False
KXHOUSERACE-NC09-26-R,770.66,2026-08-24T17:00:00Z,1196.15,2026-09-07T22:00:00Z,election,2026-01-06T01:17:33Z,,continuing,False,False
KXHOUSERACE-NC10-26-D,622.92,2026-08-24T17:00:00Z,841.06,2026-09-07T22:00:00Z,election,2026-01-06T01:17:34Z,,continuing,False,False
KXHOUSERACE-NC10-26-R,779.0,2026-08-24T19:00:00Z,,,election,2026-01-06T01:17:34Z,,exit,False,False
KXHOUSERACE-NC12-26-D,236.0,2026-08-25T00:00:00Z,236.0,2026-09-06T20:00:00Z,election,2026-01-06T01:17:35Z,,continuing,False,False
KXHOUSERACE-NC12-26-R,1190.42,2026-08-25T00:00:00Z,1190.42,2026-09-07T04:00:00Z,election,2026-01-06T01:17:35Z,,continuing,False,False
KXHOUSERACE-NC13-26-D,208.0,2026-08-24T17:00:00Z,208.0,2026-09-08T00:00:00Z,election,2026-01-06T01:17:36Z,,continuing,False,False
KXHOUSERACE-NC13-26-R,558.4,2026-08-24T17:00:00Z,1058.4,2026-09-08T00:00:00Z,election,2026-01-06T01:17:36Z,,continuing,False,False
KXHOUSERACE-NC14-26-D,1519.73,2026-08-25T00:00:00Z,1519.73,2026-09-07T21:00:00Z,election,2026-01-06T01:17:37Z,,continuing,False,False
KXHOUSERACE-NC14-26-R,302.89,2026-08-24T17:00:00Z,261.89,2026-09-07T22:00:00Z,election,2026-01-06T01:17:37Z,,continuing,False,False
KXHOUSERACE-NDAL-26-D,1781.0,2026-08-24T17:00:00Z,1817.28,2026-09-08T00:00:00Z,election,2026-01-06T01:17:38Z,,continuing,False,False
KXHOUSERACE-NDAL-26-R,953.99,2026-08-24T17:00:00Z,1069.45,2026-09-07T21:00:00Z,election,2026-01-06T01:17:38Z,,continuing,False,False
KXHOUSERACE-NE01-26-AAHL,908.38,2026-08-23T04:00:00Z,,,election,2026-05-14T20:03:07Z,,exit,False,False
KXHOUSERACE-NE01-26-D,3751.39,2026-08-24T17:00:00Z,3814.31,2026-09-08T00:00:00Z,election,2026-01-06T01:17:40Z,,continuing,False,False
KXHOUSERACE-NE01-26-R,2343.68,2026-08-24T17:00:00Z,2468.56,2026-09-08T00:00:00Z,election,2026-01-06T01:17:40Z,,continuing,False,False
KXHOUSERACE-NE03-26-D,332.0,2026-08-24T20:00:00Z,333.0,2026-09-07T16:00:00Z,election,2026-01-06T01:17:41Z,,continuing,False,False
KXHOUSERACE-NE03-26-R,1135.0,2026-08-24T17:00:00Z,1613.0,2026-09-07T19:00:00Z,election,2026-01-06T01:17:41Z,,continuing,False,False
KXHOUSERACE-NH02-26-D,2680.0,2026-08-24T21:00:00Z,2680.0,2026-09-07T22:00:00Z,election,2026-01-06T01:17:42Z,,continuing,False,False
KXHOUSERACE-NH02-26-R,314.0,2026-08-25T00:00:00Z,391.38,2026-09-07T21:00:00Z,election,2026-01-06T01:17:42Z,,continuing,False,False
KXHOUSERACE-NJ01-26-D,98.0,2026-08-25T00:00:00Z,403.0,2026-09-07T13:00:00Z,election,2026-01-06T01:17:43Z,,continuing,False,False
KXHOUSERACE-NJ01-26-R,648.58,2026-08-24T17:00:00Z,1661.58,2026-09-07T13:00:00Z,election,2026-01-06T01:17:43Z,,continuing,False,False
KXHOUSERACE-NJ02-26-D,5052.51,2026-08-25T00:00:00Z,5055.51,2026-09-08T00:00:00Z,election,2026-01-06T01:17:44Z,,continuing,False,False
KXHOUSERACE-NJ02-26-R,6834.67,2026-08-24T23:00:00Z,6803.67,2026-09-08T00:00:00Z,election,2026-01-06T01:17:44Z,,continuing,False,False
KXHOUSERACE-NJ03-26-D,596.0,2026-08-24T17:00:00Z,896.0,2026-09-07T22:00:00Z,election,2026-01-06T01:17:46Z,,continuing,False,False
KXHOUSERACE-NJ03-26-R,1426.18,2026-08-24T17:00:00Z,2226.18,2026-09-07T23:00:00Z,election,2026-01-06T01:17:46Z,,continuing,False,False
KXHOUSERACE-NJ04-26-D,,,1026.92,2026-09-07T21:00:00Z,election,2026-01-06T01:17:47Z,,entry,False,False
KXHOUSERACE-NJ04-26-R,342.0,2026-08-24T17:00:00Z,411.0,2026-09-07T21:00:00Z,election,2026-01-06T01:17:47Z,,continuing,False,False
KXHOUSERACE-NJ06-26-D,23.0,2026-08-24T17:00:00Z,23.0,2026-09-07T22:00:00Z,election,2026-01-06T01:17:48Z,,continuing,False,False
KXHOUSERACE-NJ06-26-R,72.0,2026-08-24T17:00:00Z,72.0,2026-09-08T00:00:00Z,election,2026-01-06T01:17:48Z,,continuing,False,False
KXHOUSERACE-NJ08-26-D,280.0,2026-08-24T17:00:00Z,280.0,2026-09-07T20:00:00Z,election,2026-01-06T01:17:49Z,,continuing,False,False
KXHOUSERACE-NJ08-26-R,823.2,2026-08-24T17:00:00Z,1774.2,2026-09-07T20:00:00Z,election,2026-01-06T01:17:49Z,,continuing,False,False
KXHOUSERACE-NJ10-26-D,11.0,2026-08-24T17:00:00Z,26.0,2026-09-08T00:00:00Z,election,2026-01-06T01:17:52Z,,continuing,False,False
KXHOUSERACE-NJ10-26-R,714.0,2026-08-24T17:00:00Z,714.0,2026-09-07T20:00:00Z,election,2026-01-06T01:17:52Z,,continuing,False,False
KXHOUSERACE-NJ11-26-D,2581.55,2026-08-24T17:00:00Z,2581.55,2026-09-07T10:00:00Z,election,2026-01-06T01:17:51Z,,continuing,False,False
KXHOUSERACE-NJ11-26-R,2175.64,2026-08-24T17:00:00Z,2175.64,2026-09-07T20:00:00Z,election,2026-01-06T01:17:51Z,,continuing,False,False
KXHOUSERACE-NJ12-26-D,3619.0,2026-08-24T00:00:00Z,1438.0,2026-09-07T13:00:00Z,election,2026-01-06T01:17:53Z,,continuing,False,False
KXHOUSERACE-NJ12-26-R,1856.0,2026-08-25T00:00:00Z,2087.0,2026-09-07T13:00:00Z,election,2026-01-06T01:17:53Z,,continuing,False,False
KXHOUSERACE-NM01-26-D,744.0,2026-08-24T17:00:00Z,1560.0,2026-09-07T13:00:00Z,election,2026-01-06T01:17:54Z,,continuing,False,False
KXHOUSERACE-NM01-26-R,725.0,2026-08-24T17:00:00Z,1615.0,2026-09-07T22:00:00Z,election,2026-01-06T01:17:54Z,,continuing,False,False
KXHOUSERACE-NM03-26-D,582.64,2026-08-25T00:00:00Z,588.68,2026-09-07T13:00:00Z,election,2026-01-06T01:17:55Z,,continuing,False,False
KXHOUSERACE-NM03-26-R,1251.0,2026-08-25T00:00:00Z,1851.0,2026-09-07T13:00:00Z,election,2026-01-06T01:17:55Z,,continuing,False,False
KXHOUSERACE-NV02-26-D,4183.74,2026-08-24T22:00:00Z,4183.74,2026-09-08T00:00:00Z,election,2026-01-06T01:17:56Z,,continuing,False,False
KXHOUSERACE-NV02-26-R,2884.02,2026-08-25T00:00:00Z,3001.02,2026-09-07T20:00:00Z,election,2026-01-06T01:17:56Z,,continuing,False,False
KXHOUSERACE-NY01-26-D,7650.43,2026-08-24T09:00:00Z,8079.1,2026-09-08T00:00:00Z,election,2026-01-06T01:17:58Z,,continuing,False,False
KXHOUSERACE-NY01-26-R,7151.32,2026-08-24T22:00:00Z,7445.32,2026-09-08T00:00:00Z,election,2026-01-06T01:17:58Z,,continuing,False,False
KXHOUSERACE-NY02-26-D,4945.0,2026-08-25T00:00:00Z,4945.0,2026-09-07T22:00:00Z,election,2026-01-06T01:17:58Z,,continuing,False,False
KXHOUSERACE-NY02-26-R,3377.0,2026-08-24T17:00:00Z,4623.52,2026-09-07T15:00:00Z,election,2026-01-06T01:17:58Z,,continuing,False,False
KXHOUSERACE-NY05-26-D,728.26,2026-08-24T17:00:00Z,728.26,2026-09-07T20:00:00Z,election,2026-01-06T01:18:00Z,,continuing,False,False
KXHOUSERACE-NY05-26-R,1416.62,2026-08-24T17:00:00Z,1424.78,2026-09-07T21:00:00Z,election,2026-01-06T01:18:00Z,,continuing,False,False
KXHOUSERACE-NY06-26-D,251.0,2026-08-24T17:00:00Z,251.0,2026-09-07T20:00:00Z,election,2026-01-06T01:18:01Z,,continuing,False,False
KXHOUSERACE-NY06-26-R,899.0,2026-08-24T17:00:00Z,899.0,2026-09-08T00:00:00Z,election,2026-01-06T01:18:01Z,,continuing,False,False
KXHOUSERACE-NY07-26-D,,,2.0,2026-09-07T20:00:00Z,election,2026-01-06T01:18:04Z,,entry,False,False
KXHOUSERACE-NY07-26-R,76.82,2026-08-24T17:00:00Z,,,election,2026-01-06T01:18:04Z,,exit,False,False
KXHOUSERACE-NY08-26-D,73.08,2026-08-24T17:00:00Z,73.08,2026-09-08T00:00:00Z,election,2026-01-06T01:18:03Z,,continuing,False,False
KXHOUSERACE-NY08-26-R,128.0,2026-08-25T00:00:00Z,133.0,2026-09-08T00:00:00Z,election,2026-01-06T01:18:03Z,,continuing,False,False
KXHOUSERACE-NY09-26-D,1004.0,2026-08-24T21:00:00Z,,,election,2026-01-06T01:18:06Z,,exit,False,False
KXHOUSERACE-NY09-26-R,248.0,2026-08-24T17:00:00Z,248.0,2026-09-08T00:00:00Z,election,2026-01-06T01:18:06Z,,continuing,False,False
KXHOUSERACE-NY10-26-D,412.0,2026-08-24T17:00:00Z,412.0,2026-09-07T20:00:00Z,election,2026-01-06T01:18:06Z,,continuing,False,False
KXHOUSERACE-NY10-26-R,3864.0,2026-08-24T17:00:00Z,3914.0,2026-09-07T20:00:00Z,election,2026-01-06T01:18:06Z,,continuing,False,False
KXHOUSERACE-NY11-26-D,7031.53,2026-08-24T15:00:00Z,7504.17,2026-09-07T10:00:00Z,election,2026-01-06T01:18:08Z,,continuing,False,False
KXHOUSERACE-NY11-26-R,5872.0,2026-08-24T17:00:00Z,5872.0,2026-09-07T19:00:00Z,election,2026-01-06T01:18:08Z,,continuing,False,False
KXHOUSERACE-NY12-26-D,26.0,2026-08-24T17:00:00Z,26.0,2026-09-07T20:00:00Z,election,2026-01-06T01:18:08Z,,continuing,False,False
KXHOUSERACE-NY12-26-R,1189.29,2026-08-24T17:00:00Z,1301.65,2026-09-08T00:00:00Z,election,2026-01-06T01:18:08Z,,continuing,False,False
KXHOUSERACE-NY13-26-R,612.03,2026-08-25T00:00:00Z,612.03,2026-09-07T23:00:00Z,election,2026-01-06T01:18:10Z,,continuing,False,False
KXHOUSERACE-NY14-26-D,84.23,2026-08-24T17:00:00Z,84.23,2026-09-07T20:00:00Z,election,2026-01-06T01:18:11Z,,continuing,False,False
KXHOUSERACE-NY14-26-R,348.0,2026-08-24T17:00:00Z,356.0,2026-09-07T20:00:00Z,election,2026-01-06T01:18:11Z,,continuing,False,False
KXHOUSERACE-NY15-26-D,86.23,2026-08-24T17:00:00Z,100.23,2026-09-07T22:00:00Z,election,2026-01-06T01:18:13Z,,continuing,False,False
KXHOUSERACE-NY15-26-R,188.0,2026-08-25T00:00:00Z,188.0,2026-09-08T00:00:00Z,election,2026-01-06T01:18:13Z,,continuing,False,False
KXHOUSERACE-NY16-26-D,253.0,2026-08-24T17:00:00Z,,,election,2026-01-06T01:18:14Z,,exit,False,False
KXHOUSERACE-NY16-26-R,82.0,2026-08-24T17:00:00Z,82.0,2026-09-07T20:00:00Z,election,2026-01-06T01:18:14Z,,continuing,False,False
KXHOUSERACE-NY20-26-D,701.0,2026-08-24T23:00:00Z,980.0,2026-09-06T20:00:00Z,election,2026-01-06T01:18:16Z,,continuing,False,False
KXHOUSERACE-NY20-26-R,282.0,2026-08-25T00:00:00Z,382.0,2026-09-08T00:00:00Z,election,2026-01-06T01:18:16Z,,continuing,False,False
KXHOUSERACE-NY21-26-D,10471.18,2026-08-24T23:00:00Z,11944.9,2026-09-07T23:00:00Z,election,2026-01-06T01:18:16Z,,continuing,False,False
KXHOUSERACE-NY21-26-R,8782.39,2026-08-25T00:00:00Z,10843.72,2026-09-08T00:00:00Z,election,2026-01-06T01:18:16Z,,continuing,False,False
KXHOUSERACE-NY23-26-D,3145.2,2026-08-24T21:00:00Z,3996.2,2026-09-07T22:00:00Z,election,2026-01-06T01:18:17Z,,continuing,False,False
KXHOUSERACE-NY23-26-R,2728.61,2026-08-24T21:00:00Z,3528.61,2026-09-07T09:00:00Z,election,2026-01-06T01:18:17Z,,continuing,False,False
KXHOUSERACE-NY24-26-D,3478.0,2026-08-24T17:00:00Z,5478.0,2026-09-08T00:00:00Z,election,2026-01-06T01:18:19Z,,continuing,False,False
KXHOUSERACE-NY24-26-R,2133.0,2026-08-24T17:00:00Z,3983.0,2026-09-08T00:00:00Z,election,2026-01-06T01:18:19Z,,continuing,False,False
KXHOUSERACE-NY25-26-D,2.0,2026-08-24T17:00:00Z,2.0,2026-09-07T20:00:00Z,election,2026-01-06T01:18:20Z,,continuing,False,False
KXHOUSERACE-NY25-26-R,323.88,2026-08-24T17:00:00Z,,,election,2026-01-06T01:18:20Z,,exit,False,False
KXHOUSERACE-NY26-26-D,362.0,2026-08-24T17:00:00Z,362.0,2026-09-07T20:00:00Z,election,2026-01-06T01:18:21Z,,continuing,False,False
KXHOUSERACE-NY26-26-R,380.0,2026-08-25T00:00:00Z,380.0,2026-09-07T13:00:00Z,election,2026-01-06T01:18:21Z,,continuing,False,False
KXHOUSERACE-OH02-26-D,,,913.09,2026-09-07T22:00:00Z,election,2026-01-06T01:18:23Z,,entry,False,False
KXHOUSERACE-OH02-26-R,3398.0,2026-08-24T17:00:00Z,4148.0,2026-09-07T20:00:00Z,election,2026-01-06T01:18:23Z,,continuing,False,False
KXHOUSERACE-OH03-26-D,58.0,2026-08-24T17:00:00Z,58.0,2026-09-07T22:00:00Z,election,2026-01-06T01:18:23Z,,continuing,False,False
KXHOUSERACE-OH03-26-R,229.0,2026-08-24T17:00:00Z,229.0,2026-09-06T23:00:00Z,election,2026-01-06T01:18:23Z,,continuing,False,False
KXHOUSERACE-OH04-26-D,432.0,2026-08-24T17:00:00Z,432.0,2026-09-08T00:00:00Z,election,2026-01-06T01:18:25Z,,continuing,False,False
KXHOUSERACE-OH04-26-R,50.0,2026-08-24T17:00:00Z,152.97,2026-09-07T23:00:00Z,election,2026-01-06T01:18:25Z,,continuing,False,False
KXHOUSERACE-OH05-26-D,1522.0,2026-08-24T21:00:00Z,2357.0,2026-09-08T00:00:00Z,election,2026-01-06T01:18:26Z,,continuing,False,False
KXHOUSERACE-OH05-26-R,120.0,2026-08-24T17:00:00Z,425.0,2026-09-07T21:00:00Z,election,2026-01-06T01:18:26Z,,continuing,False,False
KXHOUSERACE-OH06-26-D,1470.18,2026-08-25T00:00:00Z,1902.18,2026-09-07T22:00:00Z,election,2026-01-06T01:18:27Z,,continuing,False,False
KXHOUSERACE-OH06-26-R,490.74,2026-08-25T00:00:00Z,1334.11,2026-09-07T02:00:00Z,election,2026-01-06T01:18:27Z,,continuing,False,False
KXHOUSERACE-OH07-26-D,31421.34,2026-08-25T00:00:00Z,31719.38,2026-09-08T00:00:00Z,election,2026-01-06T01:18:28Z,,continuing,False,False
KXHOUSERACE-OH07-26-R,33660.91,2026-08-25T00:00:00Z,34044.45,2026-09-08T00:00:00Z,election,2026-01-06T01:18:28Z,,continuing,False,False
KXHOUSERACE-OH08-26-D,51.0,2026-08-24T17:00:00Z,67.0,2026-09-08T00:00:00Z,election,2026-01-06T01:18:30Z,,continuing,False,False
KXHOUSERACE-OH08-26-R,989.0,2026-08-24T17:00:00Z,989.0,2026-09-08T00:00:00Z,election,2026-01-06T01:18:30Z,,continuing,False,False
KXHOUSERACE-OH10-26-D,8867.63,2026-08-23T16:00:00Z,9072.49,2026-09-08T00:00:00Z,election,2026-01-06T01:18:31Z,,continuing,False,False
KXHOUSERACE-OH10-26-R,10650.71,2026-08-24T22:00:00Z,,,election,2026-01-06T01:18:31Z,,exit,False,False
KXHOUSERACE-OH11-26-D,5.1,2026-08-24T17:00:00Z,25.1,2026-09-07T09:00:00Z,election,2026-01-06T01:18:32Z,,continuing,False,False
KXHOUSERACE-OH11-26-R,,,827.0,2026-09-06T20:00:00Z,election,2026-01-06T01:18:32Z,,entry,False,False
KXHOUSERACE-OH12-26-D,1134.82,2026-08-24T17:00:00Z,1234.82,2026-09-07T09:00:00Z,election,2026-01-06T01:18:33Z,,continuing,False,False
KXHOUSERACE-OH12-26-R,956.41,2026-08-24T17:00:00Z,1103.4,2026-09-07T09:00:00Z,election,2026-01-06T01:18:33Z,,continuing,False,False
KXHOUSERACE-OH14-26-D,796.0,2026-08-24T22:00:00Z,796.0,2026-09-07T23:00:00Z,election,2026-01-06T01:18:34Z,,continuing,False,False
KXHOUSERACE-OH14-26-R,1364.0,2026-08-24T18:00:00Z,1364.0,2026-09-07T21:00:00Z,election,2026-01-06T01:18:34Z,,continuing,False,False
KXHOUSERACE-OH15-26-D,3295.51,2026-08-24T17:00:00Z,3629.38,2026-09-08T00:00:00Z,election,2026-01-06T01:18:36Z,,continuing,False,False
KXHOUSERACE-OH15-26-R,3830.49,2026-08-24T17:00:00Z,3861.66,2026-09-08T00:00:00Z,election,2026-01-06T01:18:36Z,,continuing,False,False
KXHOUSERACE-OK01-26-D,1101.0,2026-08-24T21:00:00Z,1116.0,2026-09-07T22:00:00Z,election,2026-01-06T01:18:37Z,,continuing,False,False
KXHOUSERACE-OK01-26-R,574.0,2026-08-24T21:00:00Z,574.0,2026-09-07T22:00:00Z,election,2026-01-06T01:18:37Z,,continuing,False,False
KXHOUSERACE-OK02-26-D,375.0,2026-08-24T17:00:00Z,375.0,2026-09-07T20:00:00Z,election,2026-01-06T01:18:38Z,,continuing,False,False
KXHOUSERACE-OK02-26-R,367.0,2026-08-25T00:00:00Z,967.0,2026-09-07T20:00:00Z,election,2026-01-06T01:18:38Z,,continuing,False,False
KXHOUSERACE-OK03-26-D,304.6,2026-08-24T21:00:00Z,304.6,2026-09-07T20:00:00Z,election,2026-01-06T01:18:39Z,,continuing,False,False
KXHOUSERACE-OK03-26-R,1971.0,2026-08-24T17:00:00Z,1971.0,2026-09-07T16:00:00Z,election,2026-01-06T01:18:39Z,,continuing,False,False
KXHOUSERACE-OK04-26-D,,,264.0,2026-09-08T00:00:00Z,election,2026-01-06T01:18:40Z,,entry,False,False
KXHOUSERACE-OK04-26-R,392.0,2026-08-24T17:00:00Z,992.0,2026-09-08T00:00:00Z,election,2026-01-06T01:18:40Z,,continuing,False,False
KXHOUSERACE-OK05-26-D,3162.5,2026-08-24T17:00:00Z,3839.96,2026-09-06T23:00:00Z,election,2026-01-06T01:18:41Z,,continuing,False,False
KXHOUSERACE-OK05-26-R,2559.7,2026-08-24T17:00:00Z,2759.7,2026-09-06T20:00:00Z,election,2026-01-06T01:18:41Z,,continuing,False,False
KXHOUSERACE-OR01-26-D,342.0,2026-08-24T15:00:00Z,342.0,2026-09-07T18:00:00Z,election,2026-01-06T01:18:42Z,,continuing,False,False
KXHOUSERACE-OR01-26-R,137.3,2026-08-24T17:00:00Z,137.3,2026-09-07T00:00:00Z,election,2026-01-06T01:18:42Z,,continuing,False,False
KXHOUSERACE-OR02-26-D,241.0,2026-08-24T17:00:00Z,241.0,2026-09-07T00:00:00Z,election,2026-01-06T01:18:44Z,,continuing,False,False
KXHOUSERACE-OR02-26-R,253.0,2026-08-24T17:00:00Z,253.0,2026-09-07T20:00:00Z,election,2026-01-06T01:18:44Z,,continuing,False,False
KXHOUSERACE-OR03-26-D,12.0,2026-08-24T17:00:00Z,83.0,2026-09-07T07:00:00Z,election,2026-01-06T01:18:45Z,,continuing,False,False
KXHOUSERACE-OR03-26-R,2.0,2026-08-24T17:00:00Z,2.0,2026-09-07T07:00:00Z,election,2026-01-06T01:18:45Z,,continuing,False,False
KXHOUSERACE-OR04-26-D,181.0,2026-08-24T17:00:00Z,181.0,2026-09-07T13:00:00Z,election,2026-01-06T01:18:46Z,,continuing,False,False
KXHOUSERACE-OR04-26-R,335.56,2026-08-24T17:00:00Z,335.56,2026-09-08T00:00:00Z,election,2026-01-06T01:18:46Z,,continuing,False,False
KXHOUSERACE-OR06-26-D,4908.67,2026-08-24T17:00:00Z,4908.67,2026-09-07T10:00:00Z,election,2026-01-06T01:18:47Z,,continuing,False,False
KXHOUSERACE-OR06-26-R,5477.92,2026-08-24T17:00:00Z,5477.92,2026-09-07T20:00:00Z,election,2026-01-06T01:18:47Z,,continuing,False,False
KXHOUSERACE-PA02-26-D,7.0,2026-08-24T17:00:00Z,22.0,2026-09-07T20:00:00Z,election,2026-01-06T01:18:48Z,,continuing,False,False
KXHOUSERACE-PA02-26-R,2.0,2026-08-24T17:00:00Z,2.0,2026-09-06T23:00:00Z,election,2026-01-06T01:18:48Z,,continuing,False,False
KXHOUSERACE-PA03-26-D,25.0,2026-08-24T17:00:00Z,25.0,2026-09-07T08:00:00Z,election,2026-01-06T01:18:49Z,,continuing,False,False
KXHOUSERACE-PA03-26-R,236.35,2026-08-24T17:00:00Z,286.35,2026-09-06T23:00:00Z,election,2026-01-06T01:18:49Z,,continuing,False,False
KXHOUSERACE-PA04-26-D,810.0,2026-08-24T17:00:00Z,810.0,2026-09-07T13:00:00Z,election,2026-01-06T01:18:51Z,,continuing,False,False
KXHOUSERACE-PA04-26-R,644.88,2026-08-24T21:00:00Z,644.88,2026-09-08T00:00:00Z,election,2026-01-06T01:18:51Z,,continuing,False,False
KXHOUSERACE-PA05-26-D,527.83,2026-08-24T17:00:00Z,531.88,2026-09-08T00:00:00Z,election,2026-01-06T01:18:52Z,,continuing,False,False
KXHOUSERACE-PA05-26-R,635.0,2026-08-24T17:00:00Z,805.0,2026-09-08T00:00:00Z,election,2026-01-06T01:18:52Z,,continuing,False,False
KXHOUSERACE-PA06-26-D,635.0,2026-08-24T17:00:00Z,2436.0,2026-09-08T00:00:00Z,election,2026-01-06T01:18:53Z,,continuing,False,False
KXHOUSERACE-PA06-26-R,360.06,2026-08-24T22:00:00Z,3120.06,2026-09-08T00:00:00Z,election,2026-01-06T01:18:53Z,,continuing,False,False
KXHOUSERACE-PA09-26-D,214.23,2026-08-25T00:00:00Z,294.0,2026-09-08T00:00:00Z,election,2026-01-06T01:18:54Z,,continuing,False,False
KXHOUSERACE-PA09-26-R,550.29,2026-08-25T00:00:00Z,597.29,2026-09-06T23:00:00Z,election,2026-01-06T01:18:54Z,,continuing,False,False
KXHOUSERACE-PA11-26-D,678.69,2026-08-24T21:00:00Z,2532.0,2026-09-08T00:00:00Z,election,2026-01-06T01:18:57Z,,continuing,False,False
KXHOUSERACE-PA11-26-R,917.0,2026-08-24T21:00:00Z,2510.74,2026-09-08T00:00:00Z,election,2026-01-06T01:18:57Z,,continuing,False,False
KXHOUSERACE-PA12-26-D,91.0,2026-08-24T17:00:00Z,591.0,2026-09-08T00:00:00Z,election,2026-01-06T01:18:58Z,,continuing,False,False
KXHOUSERACE-PA12-26-R,825.83,2026-08-25T00:00:00Z,1025.83,2026-09-07T03:00:00Z,election,2026-01-06T01:18:58Z,,continuing,False,False
KXHOUSERACE-PA13-26-D,467.0,2026-08-24T09:00:00Z,520.0,2026-09-06T23:00:00Z,election,2026-01-06T01:18:58Z,,continuing,False,False
KXHOUSERACE-PA13-26-R,32.87,2026-08-24T17:00:00Z,280.87,2026-09-07T10:00:00Z,election,2026-01-06T01:18:58Z,,continuing,False,False
KXHOUSERACE-PA14-26-D,370.4,2026-08-24T22:00:00Z,490.32,2026-09-08T00:00:00Z,election,2026-01-06T01:19:04Z,,continuing,False,False
KXHOUSERACE-PA14-26-R,11.03,2026-08-24T23:00:00Z,118.61,2026-09-07T19:00:00Z,election,2026-01-06T01:19:04Z,,continuing,False,False
KXHOUSERACE-PA15-26-D,251.0,2026-08-24T21:00:00Z,420.0,2026-09-08T00:00:00Z,election,2026-01-06T01:19:03Z,,continuing,False,False
KXHOUSERACE-PA15-26-R,7218.47,2026-08-24T17:00:00Z,7928.16,2026-09-07T18:00:00Z,election,2026-01-06T01:19:03Z,,continuing,False,False
KXHOUSERACE-PA16-26-D,1879.0,2026-08-24T21:00:00Z,3510.0,2026-09-08T00:00:00Z,election,2026-01-06T01:19:01Z,,continuing,False,False
KXHOUSERACE-PA16-26-R,1532.06,2026-08-24T21:00:00Z,2182.06,2026-09-08T00:00:00Z,election,2026-01-06T01:19:01Z,,continuing,False,False
KXHOUSERACE-RI01-26-D,823.21,2026-08-24T17:00:00Z,823.21,2026-09-07T23:00:00Z,election,2026-01-06T01:19:04Z,,continuing,False,False
KXHOUSERACE-RI01-26-R,140.0,2026-08-24T17:00:00Z,709.0,2026-09-07T16:00:00Z,election,2026-01-06T01:19:04Z,,continuing,False,False
KXHOUSERACE-RI02-26-D,127.0,2026-08-24T17:00:00Z,127.0,2026-09-08T00:00:00Z,election,2026-01-06T01:19:03Z,,continuing,False,False
KXHOUSERACE-RI02-26-R,343.0,2026-08-24T17:00:00Z,343.0,2026-09-07T13:00:00Z,election,2026-01-06T01:19:03Z,,continuing,False,False
KXHOUSERACE-SC01-26-D,8653.94,2026-08-24T18:00:00Z,9247.32,2026-09-07T21:00:00Z,election,2026-01-06T01:19:04Z,,continuing,False,False
KXHOUSERACE-SC01-26-R,4370.93,2026-08-24T18:00:00Z,5099.53,2026-09-07T21:00:00Z,election,2026-01-06T01:19:04Z,,continuing,False,False
KXHOUSERACE-SC02-26-D,1710.0,2026-08-25T00:00:00Z,1064.0,2026-09-08T00:00:00Z,election,2026-01-06T01:19:06Z,,continuing,False,False
KXHOUSERACE-SC02-26-R,3739.0,2026-08-25T00:00:00Z,3759.0,2026-09-08T00:00:00Z,election,2026-01-06T01:19:06Z,,continuing,False,False
KXHOUSERACE-SC03-26-D,854.0,2026-08-25T00:00:00Z,854.0,2026-09-06T11:00:00Z,election,2026-01-06T01:19:07Z,,continuing,False,False
KXHOUSERACE-SC03-26-R,1081.0,2026-08-24T10:00:00Z,1081.0,2026-09-07T10:00:00Z,election,2026-01-06T01:19:07Z,,continuing,False,False
KXHOUSERACE-SC04-26-D,800.0,2026-08-24T21:00:00Z,1151.0,2026-09-08T00:00:00Z,election,2026-01-06T01:19:09Z,,continuing,False,False
KXHOUSERACE-SC04-26-R,2641.64,2026-08-25T00:00:00Z,2946.64,2026-09-07T22:00:00Z,election,2026-01-06T01:19:09Z,,continuing,False,False
KXHOUSERACE-SC05-26-D,1630.65,2026-08-24T22:00:00Z,1630.65,2026-09-07T22:00:00Z,election,2026-01-06T01:19:12Z,,continuing,False,False
KXHOUSERACE-SC05-26-R,1513.91,2026-08-24T21:00:00Z,1513.91,2026-09-07T23:00:00Z,election,2026-01-06T01:19:12Z,,continuing,False,False
KXHOUSERACE-SC06-26-D,6142.16,2026-08-24T21:00:00Z,6142.16,2026-09-07T22:00:00Z,election,2026-01-06T01:19:12Z,,continuing,False,False
KXHOUSERACE-SC06-26-R,4259.6,2026-08-24T17:00:00Z,4380.6,2026-09-08T00:00:00Z,election,2026-01-06T01:19:12Z,,continuing,False,False
KXHOUSERACE-SC07-26-D,1372.28,2026-08-24T23:00:00Z,1793.72,2026-09-07T23:00:00Z,election,2026-01-06T01:19:13Z,,continuing,False,False
KXHOUSERACE-SC07-26-R,1373.0,2026-08-24T21:00:00Z,1946.53,2026-09-07T21:00:00Z,election,2026-01-06T01:19:13Z,,continuing,False,False
KXHOUSERACE-SDAL-26-D,905.0,2026-08-25T00:00:00Z,1411.0,2026-09-07T19:00:00Z,election,2026-01-06T01:19:14Z,,continuing,False,False
KXHOUSERACE-SDAL-26-R,572.26,2026-08-24T17:00:00Z,685.03,2026-09-07T17:00:00Z,election,2026-01-06T01:19:14Z,,continuing,False,False
KXHOUSERACE-TN01-26-D,3.0,2026-08-25T00:00:00Z,3.0,2026-09-07T07:00:00Z,election,2026-01-06T01:19:16Z,,continuing,False,False
KXHOUSERACE-TN01-26-R,82.0,2026-08-24T17:00:00Z,82.0,2026-09-07T08:00:00Z,election,2026-01-06T01:19:16Z,,continuing,False,False
KXHOUSERACE-TN02-26-D,221.0,2026-08-24T17:00:00Z,221.0,2026-09-08T00:00:00Z,election,2026-01-06T01:19:17Z,,continuing,False,False
KXHOUSERACE-TN02-26-R,15.19,2026-08-24T17:00:00Z,15.19,2026-09-07T20:00:00Z,election,2026-01-06T01:19:17Z,,continuing,False,False
KXHOUSERACE-TN03-26-D,127.0,2026-08-24T17:00:00Z,128.0,2026-09-07T21:00:00Z,election,2026-01-06T01:19:18Z,,continuing,False,False
KXHOUSERACE-TN03-26-R,6111.13,2026-08-24T20:00:00Z,6123.83,2026-09-07T13:00:00Z,election,2026-01-06T01:19:18Z,,continuing,False,False
KXHOUSERACE-TN04-26-D,123.0,2026-08-24T20:00:00Z,138.0,2026-09-08T00:00:00Z,election,2026-01-06T01:19:19Z,,continuing,False,False
KXHOUSERACE-TN04-26-R,914.33,2026-08-24T17:00:00Z,914.33,2026-09-07T20:00:00Z,election,2026-01-06T01:19:19Z,,continuing,False,False
KXHOUSERACE-TN05-26-D,8839.98,2026-08-25T00:00:00Z,10566.83,2026-09-08T00:00:00Z,election,2026-01-06T01:19:21Z,,continuing,False,False
KXHOUSERACE-TN05-26-R,5060.19,2026-08-24T21:00:00Z,6029.38,2026-09-08T00:00:00Z,election,2026-01-06T01:19:21Z,,continuing,False,False
KXHOUSERACE-TN06-26-D,801.9,2026-08-24T09:00:00Z,801.9,2026-09-07T23:00:00Z,election,2026-01-06T01:19:22Z,,continuing,False,False
KXHOUSERACE-TN06-26-R,72.0,2026-08-24T17:00:00Z,72.0,2026-09-07T23:00:00Z,election,2026-01-06T01:19:22Z,,continuing,False,False
KXHOUSERACE-TN07-26-D,364.23,2026-08-24T21:00:00Z,640.17,2026-09-08T00:00:00Z,election,2026-01-06T01:19:23Z,,continuing,False,False
KXHOUSERACE-TN07-26-R,429.7,2026-08-24T21:00:00Z,730.79,2026-09-08T00:00:00Z,election,2026-01-06T01:19:23Z,,continuing,False,False
KXHOUSERACE-TN08-26-D,769.4,2026-08-24T21:00:00Z,774.4,2026-09-07T23:00:00Z,election,2026-01-06T01:19:25Z,,continuing,False,False
KXHOUSERACE-TN08-26-R,947.0,2026-08-24T21:00:00Z,947.0,2026-09-07T21:00:00Z,election,2026-01-06T01:19:25Z,,continuing,False,False
KXHOUSERACE-TN09-26-D,2310.19,2026-08-24T18:00:00Z,3305.53,2026-09-08T00:00:00Z,election,2026-01-06T01:19:26Z,,continuing,False,False
KXHOUSERACE-TN09-26-R,2498.14,2026-08-25T00:00:00Z,3059.5,2026-09-08T00:00:00Z,election,2026-01-06T01:19:26Z,,continuing,False,False
KXHOUSERACE-TX01-26-D,1922.0,2026-08-24T17:00:00Z,1949.0,2026-09-07T13:00:00Z,election,2026-01-06T01:19:27Z,,continuing,False,False
KXHOUSERACE-TX01-26-R,2127.0,2026-08-24T17:00:00Z,2446.0,2026-09-07T13:00:00Z,election,2026-01-06T01:19:27Z,,continuing,False,False
KXHOUSERACE-TX02-26-D,515.39,2026-08-24T17:00:00Z,534.39,2026-09-07T21:00:00Z,election,2026-01-06T01:19:28Z,,continuing,False,False
KXHOUSERACE-TX02-26-R,200.39,2026-08-24T17:00:00Z,201.39,2026-09-08T00:00:00Z,election,2026-01-06T01:19:28Z,,continuing,False,False
KXHOUSERACE-TX03-26-D,1519.26,2026-08-25T00:00:00Z,1775.36,2026-09-08T00:00:00Z,election,2026-01-06T01:19:30Z,,continuing,False,False
KXHOUSERACE-TX03-26-R,4459.83,2026-08-24T17:00:00Z,4459.83,2026-09-08T00:00:00Z,election,2026-01-06T01:19:30Z,,continuing,False,False
KXHOUSERACE-TX04-26-D,1600.0,2026-08-24T21:00:00Z,1601.0,2026-09-07T21:00:00Z,election,2026-01-06T01:19:31Z,,continuing,False,False
KXHOUSERACE-TX04-26-R,50.0,2026-08-24T21:00:00Z,50.0,2026-09-07T21:00:00Z,election,2026-01-06T01:19:31Z,,continuing,False,False
KXHOUSERACE-TX05-26-D,34.0,2026-08-24T21:00:00Z,1355.0,2026-09-08T00:00:00Z,election,2026-01-06T01:19:32Z,,continuing,False,False
KXHOUSERACE-TX05-26-R,150.0,2026-08-24T21:00:00Z,1051.0,2026-09-08T00:00:00Z,election,2026-01-06T01:19:32Z,,continuing,False,False
KXHOUSERACE-TX06-26-D,478.03,2026-08-25T00:00:00Z,702.03,2026-09-08T00:00:00Z,election,2026-01-06T01:19:33Z,,continuing,False,False
KXHOUSERACE-TX06-26-R,196.0,2026-08-24T21:00:00Z,233.0,2026-09-07T10:00:00Z,election,2026-01-06T01:19:33Z,,continuing,False,False
KXHOUSERACE-TX07-26-D,15930.0,2026-08-24T17:00:00Z,15959.0,2026-09-07T10:00:00Z,election,2026-01-06T01:19:34Z,,continuing,False,False
KXHOUSERACE-TX07-26-R,9480.04,2026-08-24T17:00:00Z,9780.04,2026-09-07T21:00:00Z,election,2026-01-06T01:19:34Z,,continuing,False,False
KXHOUSERACE-TX08-26-D,2488.0,2026-08-24T21:00:00Z,2862.0,2026-09-07T23:00:00Z,election,2026-01-06T01:19:35Z,,continuing,False,False
KXHOUSERACE-TX08-26-R,4443.0,2026-08-24T17:00:00Z,4918.0,2026-09-07T23:00:00Z,election,2026-01-06T01:19:35Z,,continuing,False,False
KXHOUSERACE-TX10-26-D,758.0,2026-08-25T00:00:00Z,956.0,2026-09-07T23:00:00Z,election,2026-01-06T01:19:37Z,,continuing,False,False
KXHOUSERACE-TX10-26-R,786.0,2026-08-24T21:00:00Z,849.78,2026-09-08T00:00:00Z,election,2026-01-06T01:19:37Z,,continuing,False,False
KXHOUSERACE-TX11-26-D,423.0,2026-08-24T17:00:00Z,433.0,2026-09-07T21:00:00Z,election,2026-01-06T01:19:38Z,,continuing,False,False
KXHOUSERACE-TX11-26-R,309.0,2026-08-24T17:00:00Z,309.0,2026-09-08T00:00:00Z,election,2026-01-06T01:19:38Z,,continuing,False,False
KXHOUSERACE-TX12-26-D,1280.0,2026-08-24T23:00:00Z,1293.35,2026-09-07T18:00:00Z,election,2026-01-06T01:19:39Z,,continuing,False,False
KXHOUSERACE-TX12-26-R,907.0,2026-08-25T00:00:00Z,907.0,2026-09-07T13:00:00Z,election,2026-01-06T01:19:39Z,,continuing,False,False
KXHOUSERACE-TX13-26-D,593.0,2026-08-24T22:00:00Z,593.0,2026-09-07T22:00:00Z,election,2026-01-06T01:19:41Z,,continuing,False,False
KXHOUSERACE-TX13-26-R,10743.52,2026-08-24T03:00:00Z,10743.52,2026-09-06T23:00:00Z,election,2026-01-06T01:19:41Z,,continuing,False,False
KXHOUSERACE-TX14-26-D,800.0,2026-08-25T00:00:00Z,800.0,2026-09-08T00:00:00Z,election,2026-01-06T01:19:42Z,,continuing,False,False
KXHOUSERACE-TX14-26-R,881.0,2026-08-24T17:00:00Z,886.0,2026-09-07T15:00:00Z,election,2026-01-06T01:19:42Z,,continuing,False,False
KXHOUSERACE-TX16-26-D,7.0,2026-08-24T20:00:00Z,7.0,2026-09-07T22:00:00Z,election,2026-01-06T01:19:42Z,,continuing,False,False
KXHOUSERACE-TX16-26-R,438.0,2026-08-24T17:00:00Z,443.0,2026-09-07T20:00:00Z,election,2026-01-06T01:19:42Z,,continuing,False,False
KXHOUSERACE-TX17-26-D,7583.0,2026-08-24T21:00:00Z,10117.0,2026-09-08T00:00:00Z,election,2026-01-06T01:19:44Z,,continuing,False,False
KXHOUSERACE-TX17-26-R,1336.0,2026-08-24T21:00:00Z,1341.0,2026-09-08T00:00:00Z,election,2026-01-06T01:19:44Z,,continuing,False,False
KXHOUSERACE-TX18-26-D,1.0,2026-08-24T17:00:00Z,8.0,2026-09-07T07:00:00Z,election,2026-01-06T01:19:45Z,,continuing,False,False
KXHOUSERACE-TX18-26-R,330.0,2026-08-24T17:00:00Z,340.0,2026-09-07T08:00:00Z,election,2026-01-06T01:19:45Z,,continuing,False,False
KXHOUSERACE-TX19-26-D,793.14,2026-08-24T17:00:00Z,793.14,2026-09-07T00:00:00Z,election,2026-01-06T01:19:46Z,,continuing,False,False
KXHOUSERACE-TX19-26-R,209.0,2026-08-24T17:00:00Z,,,election,2026-01-06T01:19:46Z,,exit,False,False
KXHOUSERACE-TX20-26-D,10.0,2026-08-24T17:00:00Z,25.0,2026-09-08T00:00:00Z,election,2026-01-06T01:19:47Z,,continuing,False,False
KXHOUSERACE-TX20-26-R,124.0,2026-08-24T09:00:00Z,124.0,2026-09-08T00:00:00Z,election,2026-01-06T01:19:47Z,,continuing,False,False
KXHOUSERACE-TX21-26-D,2285.0,2026-08-24T21:00:00Z,3584.0,2026-09-08T00:00:00Z,election,2026-01-06T01:19:49Z,,continuing,False,False
KXHOUSERACE-TX21-26-R,1970.69,2026-08-24T21:00:00Z,2633.69,2026-09-08T00:00:00Z,election,2026-01-06T01:19:49Z,,continuing,False,False
KXHOUSERACE-TX22-26-D,215.36,2026-08-24T22:00:00Z,215.36,2026-09-07T22:00:00Z,election,2026-01-06T01:19:49Z,,continuing,False,False
KXHOUSERACE-TX22-26-R,2564.0,2026-08-24T21:00:00Z,2564.0,2026-09-07T10:00:00Z,election,2026-01-06T01:19:49Z,,continuing,False,False
KXHOUSERACE-TX23-26-D,5322.55,2026-08-25T00:00:00Z,6937.2,2026-09-08T00:00:00Z,election,2026-01-06T01:19:51Z,,continuing,False,False
KXHOUSERACE-TX23-26-R,15452.56,2026-08-25T00:00:00Z,22114.42,2026-09-07T22:00:00Z,election,2026-01-06T01:19:51Z,,continuing,False,False
KXHOUSERACE-TX24-26-D,3092.0,2026-08-25T00:00:00Z,4697.0,2026-09-07T23:00:00Z,election,2026-01-06T01:19:53Z,,continuing,False,False
KXHOUSERACE-TX24-26-R,1619.15,2026-08-25T00:00:00Z,1891.15,2026-09-08T00:00:00Z,election,2026-01-06T01:19:53Z,,continuing,False,False
KXHOUSERACE-TX25-26-D,21.0,2026-08-24T21:00:00Z,1403.0,2026-09-08T00:00:00Z,election,2026-01-06T01:19:53Z,,continuing,False,False
KXHOUSERACE-TX25-26-R,81.0,2026-08-24T21:00:00Z,975.0,2026-09-08T00:00:00Z,election,2026-01-06T01:19:53Z,,continuing,False,False
KXHOUSERACE-TX26-26-D,864.27,2026-08-24T22:00:00Z,864.27,2026-09-07T13:00:00Z,election,2026-01-06T01:19:55Z,,continuing,False,False
KXHOUSERACE-TX26-26-R,708.65,2026-08-24T22:00:00Z,789.88,2026-09-07T22:00:00Z,election,2026-01-06T01:19:55Z,,continuing,False,False
KXHOUSERACE-TX27-26-D,73.0,2026-08-25T00:00:00Z,1132.24,2026-09-08T00:00:00Z,election,2026-01-06T01:19:56Z,,continuing,False,False
KXHOUSERACE-TX27-26-R,1810.0,2026-08-24T21:00:00Z,1810.0,2026-09-08T00:00:00Z,election,2026-01-06T01:19:56Z,,continuing,False,False
KXHOUSERACE-TX29-26-D,80.0,2026-08-24T17:00:00Z,220.0,2026-09-08T00:00:00Z,election,2026-01-06T01:19:57Z,,continuing,False,False
KXHOUSERACE-TX29-26-R,677.0,2026-08-24T17:00:00Z,777.0,2026-09-08T00:00:00Z,election,2026-01-06T01:19:57Z,,continuing,False,False
KXHOUSERACE-TX30-26-D,266.72,2026-08-25T00:00:00Z,766.72,2026-09-07T21:00:00Z,election,2026-01-06T01:19:59Z,,continuing,False,False
KXHOUSERACE-TX30-26-R,1961.0,2026-08-24T17:00:00Z,1961.0,2026-09-07T23:00:00Z,election,2026-01-06T01:19:59Z,,continuing,False,False
KXHOUSERACE-TX31-26-D,1500.0,2026-08-24T21:00:00Z,1558.0,2026-09-08T00:00:00Z,election,2026-01-06T01:20:00Z,,continuing,False,False
KXHOUSERACE-TX31-26-R,746.0,2026-08-24T23:00:00Z,745.0,2026-09-08T00:00:00Z,election,2026-01-06T01:20:00Z,,continuing,False,False
KXHOUSERACE-TX33-26-D,503.0,2026-08-24T17:00:00Z,503.0,2026-09-06T02:00:00Z,election,2026-01-06T01:20:01Z,,continuing,False,False
KXHOUSERACE-TX33-26-R,2.0,2026-08-24T17:00:00Z,12.0,2026-09-07T22:00:00Z,election,2026-01-06T01:20:01Z,,continuing,False,False
KXHOUSERACE-TX36-26-D,1118.58,2026-08-24T21:00:00Z,1187.58,2026-09-07T22:00:00Z,election,2026-01-06T01:20:03Z,,continuing,False,False
KXHOUSERACE-TX36-26-R,311.45,2026-08-24T21:00:00Z,311.45,2026-09-08T00:00:00Z,election,2026-01-06T01:20:03Z,,continuing,False,False
KXHOUSERACE-TX37-26-D,52.0,2026-08-24T20:00:00Z,52.0,2026-09-07T20:00:00Z,election,2026-01-06T01:20:04Z,,continuing,False,False
KXHOUSERACE-TX37-26-R,451.0,2026-08-24T16:00:00Z,451.0,2026-09-07T21:00:00Z,election,2026-01-06T01:20:04Z,,continuing,False,False
KXHOUSERACE-TX38-26-D,887.0,2026-08-24T21:00:00Z,2018.0,2026-09-08T00:00:00Z,election,2026-01-06T01:20:05Z,,continuing,False,False
KXHOUSERACE-TX38-26-R,681.62,2026-08-24T21:00:00Z,1127.62,2026-09-07T19:00:00Z,election,2026-01-06T01:20:05Z,,continuing,False,False
KXHOUSERACE-UT04-26-D,482.0,2026-08-24T22:00:00Z,482.0,2026-09-07T13:00:00Z,election,2026-01-06T01:20:06Z,,continuing,False,False
KXHOUSERACE-UT04-26-R,1160.41,2026-08-24T17:00:00Z,1229.41,2026-09-07T13:00:00Z,election,2026-01-06T01:20:06Z,,continuing,False,False
KXHOUSERACE-VA03-26-D,151.0,2026-08-24T10:00:00Z,166.0,2026-09-07T07:00:00Z,election,2026-01-06T01:20:07Z,,continuing,False,False
KXHOUSERACE-VA03-26-R,306.0,2026-08-24T17:00:00Z,340.0,2026-09-07T10:00:00Z,election,2026-01-06T01:20:07Z,,continuing,False,False
KXHOUSERACE-VA04-26-D,3218.93,2026-08-24T23:00:00Z,3217.93,2026-09-07T19:00:00Z,election,2026-01-06T01:20:08Z,,continuing,False,False
KXHOUSERACE-VA04-26-R,419.0,2026-08-24T17:00:00Z,419.0,2026-09-08T00:00:00Z,election,2026-01-06T01:20:08Z,,continuing,False,False
KXHOUSERACE-VA05-26-D,6683.17,2026-08-24T17:00:00Z,6683.17,2026-09-08T00:00:00Z,election,2026-01-06T01:20:10Z,,continuing,False,False
KXHOUSERACE-VA05-26-R,8552.9,2026-08-24T20:00:00Z,8552.9,2026-09-07T22:00:00Z,election,2026-01-06T01:20:10Z,,continuing,False,False
KXHOUSERACE-VA06-26-D,6871.87,2026-08-24T17:00:00Z,7034.48,2026-09-07T19:00:00Z,election,2026-01-06T01:20:10Z,,continuing,False,False
KXHOUSERACE-VA06-26-R,5462.99,2026-08-24T17:00:00Z,5461.99,2026-09-07T19:00:00Z,election,2026-01-06T01:20:10Z,,continuing,False,False
KXHOUSERACE-VA08-26-D,5708.0,2026-08-24T19:00:00Z,5707.0,2026-09-07T19:00:00Z,election,2026-01-06T01:20:12Z,,continuing,False,False
KXHOUSERACE-VA08-26-R,867.0,2026-08-25T00:00:00Z,867.0,2026-09-08T00:00:00Z,election,2026-01-06T01:20:12Z,,continuing,False,False
KXHOUSERACE-VA09-26-D,814.0,2026-08-24T09:00:00Z,1314.0,2026-09-08T00:00:00Z,election,2026-01-06T01:20:13Z,,continuing,False,False
KXHOUSERACE-VA09-26-R,479.0,2026-08-25T00:00:00Z,948.0,2026-09-06T22:00:00Z,election,2026-01-06T01:20:13Z,,continuing,False,False
KXHOUSERACE-VA11-26-D,757.0,2026-08-24T17:00:00Z,757.0,2026-09-07T20:00:00Z,election,2026-01-06T01:20:14Z,,continuing,False,False
KXHOUSERACE-VA11-26-R,668.44,2026-08-24T17:00:00Z,688.44,2026-09-07T22:00:00Z,election,2026-01-06T01:20:14Z,,continuing,False,False
KXHOUSERACE-VTAL-26-D,576.0,2026-08-24T21:00:00Z,576.0,2026-09-08T00:00:00Z,election,2026-01-06T01:20:15Z,,continuing,False,False
KXHOUSERACE-VTAL-26-R,4906.28,2026-08-24T19:00:00Z,4906.28,2026-09-07T13:00:00Z,election,2026-01-06T01:20:15Z,,continuing,False,False
KXHOUSERACE-WA01-26-D,11929.18,2026-08-24T17:00:00Z,12306.18,2026-09-07T10:00:00Z,election,2026-01-06T01:20:17Z,,continuing,False,False
KXHOUSERACE-WA01-26-R,749.0,2026-08-24T17:00:00Z,950.0,2026-09-07T10:00:00Z,election,2026-01-06T01:20:17Z,,continuing,False,False
KXHOUSERACE-WA02-26-D,303.0,2026-08-24T17:00:00Z,303.0,2026-09-07T20:00:00Z,election,2026-01-06T01:20:18Z,,continuing,False,False
KXHOUSERACE-WA02-26-R,136.0,2026-08-24T17:00:00Z,206.0,2026-09-07T20:00:00Z,election,2026-01-06T01:20:18Z,,continuing,False,False
KXHOUSERACE-WA04-26-D,3987.59,2026-08-24T16:00:00Z,4056.59,2026-09-07T22:00:00Z,election,2026-01-06T01:20:19Z,,continuing,False,False
KXHOUSERACE-WA04-26-R,10484.0,2026-08-24T21:00:00Z,10484.0,2026-09-07T22:00:00Z,election,2026-01-06T01:20:19Z,,continuing,False,False
KXHOUSERACE-WA05-26-D,11084.31,2026-08-24T20:00:00Z,15896.27,2026-09-07T23:00:00Z,election,2026-01-06T01:20:21Z,,continuing,False,False
KXHOUSERACE-WA05-26-R,9188.62,2026-08-24T21:00:00Z,12839.19,2026-09-07T22:00:00Z,election,2026-01-06T01:20:21Z,,continuing,False,False
KXHOUSERACE-WA06-26-D,263.0,2026-08-24T17:00:00Z,268.0,2026-09-07T21:00:00Z,election,2026-01-06T01:20:22Z,,continuing,False,False
KXHOUSERACE-WA06-26-R,175.0,2026-08-24T17:00:00Z,175.0,2026-09-07T21:00:00Z,election,2026-01-06T01:20:22Z,,continuing,False,False
KXHOUSERACE-WA07-26-D,334.0,2026-08-24T17:00:00Z,334.0,2026-09-07T01:00:00Z,election,2026-01-06T01:20:23Z,,continuing,False,False
KXHOUSERACE-WA07-26-R,,,243.0,2026-09-07T01:00:00Z,election,2026-01-06T01:20:23Z,,entry,False,False
KXHOUSERACE-WA09-26-D,3382.86,2026-08-24T17:00:00Z,3175.86,2026-09-07T11:00:00Z,election,2026-01-06T01:20:25Z,,continuing,False,False
KXHOUSERACE-WA09-26-R,1194.17,2026-08-24T14:00:00Z,1195.17,2026-09-07T10:00:00Z,election,2026-01-06T01:20:25Z,,continuing,False,False
KXHOUSERACE-WA10-26-D,631.0,2026-08-24T17:00:00Z,636.0,2026-09-07T20:00:00Z,election,2026-01-06T01:20:26Z,,continuing,False,False
KXHOUSERACE-WA10-26-R,226.0,2026-08-24T17:00:00Z,,,election,2026-01-06T01:20:26Z,,exit,False,False
KXHOUSERACE-WI02-26-D,102.0,2026-08-24T17:00:00Z,102.0,2026-09-07T10:00:00Z,election,2026-01-06T01:20:28Z,,continuing,False,False
KXHOUSERACE-WI02-26-R,752.0,2026-08-24T10:00:00Z,752.0,2026-09-07T10:00:00Z,election,2026-01-06T01:20:28Z,,continuing,False,False
KXHOUSERACE-WI04-26-D,207.0,2026-08-24T17:00:00Z,207.0,2026-09-07T22:00:00Z,election,2026-01-06T01:20:29Z,,continuing,False,False
KXHOUSERACE-WI04-26-R,450.0,2026-08-24T13:00:00Z,451.0,2026-09-07T20:00:00Z,election,2026-01-06T01:20:29Z,,continuing,False,False
KXHOUSERACE-WI05-26-D,1276.0,2026-08-25T00:00:00Z,2094.0,2026-09-07T23:00:00Z,election,2026-01-06T01:20:30Z,,continuing,False,False
KXHOUSERACE-WI05-26-R,515.0,2026-08-24T21:00:00Z,2156.0,2026-09-07T23:00:00Z,election,2026-01-06T01:20:30Z,,continuing,False,False
KXHOUSERACE-WI06-26-D,15211.23,2026-08-25T00:00:00Z,16747.52,2026-09-08T00:00:00Z,election,2026-01-06T01:20:31Z,,continuing,False,False
KXHOUSERACE-WI06-26-R,12815.81,2026-08-24T22:00:00Z,13470.81,2026-09-08T00:00:00Z,election,2026-01-06T01:20:31Z,,continuing,False,False
KXHOUSERACE-WI07-26-D,1848.08,2026-08-24T18:00:00Z,2695.16,2026-09-08T00:00:00Z,election,2026-01-06T01:20:34Z,,continuing,False,False
KXHOUSERACE-WI07-26-R,2321.2,2026-08-25T00:00:00Z,2627.2,2026-09-07T21:00:00Z,election,2026-01-06T01:20:34Z,,continuing,False,False
KXHOUSERACE-WI08-26-D,2288.43,2026-08-24T17:00:00Z,2466.43,2026-09-07T14:00:00Z,election,2026-01-06T01:20:33Z,,continuing,False,False
KXHOUSERACE-WI08-26-R,3047.39,2026-08-24T17:00:00Z,2489.39,2026-09-07T13:00:00Z,election,2026-01-06T01:20:33Z,,continuing,False,False
KXHOUSERACE-WV01-26-D,520.26,2026-08-24T17:00:00Z,520.26,2026-09-08T00:00:00Z,election,2026-01-06T01:20:35Z,,continuing,False,False
KXHOUSERACE-WV01-26-R,557.32,2026-08-24T17:00:00Z,1500.69,2026-09-07T05:00:00Z,election,2026-01-06T01:20:35Z,,continuing,False,False
KXHOUSERACE-WV02-26-D,452.0,2026-08-24T23:00:00Z,452.0,2026-09-07T20:00:00Z,election,2026-01-06T01:20:36Z,,continuing,False,False
KXHOUSERACE-WV02-26-R,156.0,2026-08-24T17:00:00Z,156.0,2026-09-07T23:00:00Z,election,2026-01-06T01:20:36Z,,continuing,False,False
KXHOUSERACE-WYAL-26-D,1807.0,2026-08-25T00:00:00Z,1788.0,2026-09-08T00:00:00Z,election,2026-01-06T01:20:37Z,,continuing,False,False
KXHOUSERACE-WYAL-26-R,971.26,2026-08-24T17:00:00Z,971.26,2026-09-07T20:00:00Z,election,2026-01-06T01:20:37Z,,continuing,False,False
KXHOUSETURNOUT-26NOV03-100,2386.53,2026-08-24T11:00:00Z,2386.53,2026-09-07T12:00:00Z,election,2026-02-21T18:08:34Z,,continuing,False,False
KXHOUSETURNOUT-26NOV03-105,494.88,2026-08-23T00:00:00Z,538.93,2026-09-07T09:00:00Z,election,2026-02-21T18:08:34Z,,continuing,False,False
KXHOUSETURNOUT-26NOV03-110,6639.57,2026-08-24T10:00:00Z,6643.12,2026-09-07T10:00:00Z,election,2026-02-21T18:08:34Z,,continuing,False,False
KXHOUSETURNOUT-26NOV03-115,1769.21,2026-08-24T22:00:00Z,1792.26,2026-09-06T18:00:00Z,election,2026-02-21T18:08:34Z,,continuing,False,False
KXHOUSETURNOUT-26NOV03-120,5374.08,2026-08-25T00:00:00Z,5342.22,2026-09-07T20:00:00Z,election,2026-02-21T18:08:34Z,,continuing,False,False
KXHOUSETURNOUT-26NOV03-95,4835.05,2026-08-24T21:00:00Z,4930.32,2026-09-06T05:00:00Z,election,2026-02-21T18:08:34Z,,continuing,False,False
KXHOUSETURNOUT-26NOV03-ABOVE125,7042.96,2026-08-24T20:00:00Z,7144.43,2026-09-07T09:00:00Z,election,2026-02-21T18:08:34Z,,continuing,False,False
KXHOUSETURNOUT-26NOV03-BELOW90,,,6806.58,2026-09-06T03:00:00Z,election,2026-02-21T18:08:34Z,,entry,False,False
KXHOUSETX32-26-D,5219.48,2026-08-24T17:00:00Z,5612.74,2026-09-08T00:00:00Z,election,2025-10-13T21:42:09Z,,continuing,False,False
KXHOUSETX32-26-R,3989.97,2026-08-24T17:00:00Z,3997.73,2026-09-08T00:00:00Z,election,2025-10-13T21:42:09Z,,continuing,False,False
KXHOUSETX35-26-D,5639.17,2026-08-24T18:00:00Z,8556.31,2026-09-08T00:00:00Z,election,2025-10-13T21:42:41Z,,continuing,False,False
KXHOUSETX35-26-R,4521.27,2026-08-23T02:00:00Z,7606.85,2026-09-08T00:00:00Z,election,2025-10-13T21:42:41Z,,continuing,False,False
KXHOUSETX9-26-D,3261.94,2026-08-24T17:00:00Z,5046.17,2026-09-07T22:00:00Z,election,2025-10-13T21:40:43Z,,continuing,False,False
KXHOUSETX9-26-R,5718.65,2026-08-24T17:00:00Z,5999.4,2026-09-07T22:00:00Z,election,2025-10-13T21:40:43Z,,continuing,False,False
KXHOUSEUT01-26-D,2804.67,2026-08-24T18:00:00Z,2804.67,2026-09-07T00:00:00Z,election,2025-11-16T20:21:51Z,,continuing,False,False
KXHOUSEUT01-26-R,407.02,2026-08-24T17:00:00Z,469.02,2026-09-07T00:00:00Z,election,2025-11-16T20:21:51Z,,continuing,False,False
KXHOUSEUT02-26-D,2146.0,2026-08-24T17:00:00Z,,,election,2025-10-13T21:44:44Z,,exit,False,False
KXHOUSEUT02-26-R,2866.0,2026-08-24T17:00:00Z,2866.0,2026-09-07T00:00:00Z,election,2025-10-13T21:44:44Z,,continuing,False,False
KXHOUSEUT03-26-D,1413.0,2026-08-24T17:00:00Z,1428.0,2026-09-07T01:00:00Z,election,2025-10-13T21:46:56Z,,continuing,False,False
KXHOUSEUT03-26-R,2815.64,2026-08-24T17:00:00Z,2826.66,2026-09-06T20:00:00Z,election,2025-10-13T21:46:56Z,,continuing,False,False
KXHOUSEVA10-26-D,682.63,2026-08-24T17:00:00Z,,,election,2025-07-01T19:15:26Z,,exit,False,False
KXHOUSEVA10-26-R,318.0,2026-08-24T23:00:00Z,,,election,2025-07-01T19:15:26Z,,exit,False,False
KXHOUSEWA8-26-D,1675.0,2026-08-24T17:00:00Z,1675.0,2026-09-06T20:00:00Z,election,2025-07-01T19:20:47Z,,continuing,False,False
KXHOUSEWA8-26-R,,,784.0,2026-09-06T20:00:00Z,election,2025-07-01T19:20:47Z,,entry,False,False
KXHOUSEWINSTATE-ALD-E0,509.0,2026-08-24T16:00:00Z,509.0,2026-09-08T00:00:00Z,election,2026-05-05T00:14:24Z,,continuing,False,False
KXHOUSEWINSTATE-ALD-E1,2612.89,2026-08-23T14:00:00Z,2666.89,2026-09-08T00:00:00Z,election,2026-05-05T00:14:24Z,,continuing,False,False
KXHOUSEWINSTATE-ALD-E2,2329.3,2026-08-24T16:00:00Z,2303.3,2026-09-07T10:00:00Z,election,2026-05-05T00:14:24Z,,continuing,False,False
KXHOUSEWINSTATE-AZD-A6,1769.0,2026-08-24T09:00:00Z,,,election,2026-08-19T06:09:11Z,,exit,False,False
KXHOUSEWINSTATE-AZD-B3,6243.0,2026-08-23T11:00:00Z,,,election,2026-08-19T06:09:11Z,,exit,False,False
KXHOUSEWINSTATE-AZD-E3,3537.0,2026-08-24T17:00:00Z,,,election,2026-08-19T06:09:11Z,,exit,False,False
KXHOUSEWINSTATE-AZD-E4,1650.0,2026-08-24T17:00:00Z,1750.0,2026-09-08T00:00:00Z,election,2026-08-19T06:09:11Z,,continuing,False,False
KXHOUSEWINSTATE-AZD-E5,510.0,2026-08-24T22:00:00Z,642.0,2026-09-07T23:00:00Z,election,2026-08-19T06:09:11Z,,continuing,False,False
KXHOUSEWINSTATE-AZD-E6,856.0,2026-08-24T17:00:00Z,856.0,2026-09-08T00:00:00Z,election,2026-08-19T06:09:11Z,,continuing,False,False
KXHOUSEWINSTATE-FLD-10-10,103.0,2026-08-24T16:00:00Z,233.0,2026-09-06T00:00:00Z,election,2026-04-27T16:04:16Z,,continuing,False,False
KXHOUSEWINSTATE-FLD-4-4,803.5,2026-08-24T16:00:00Z,803.5,2026-09-07T21:00:00Z,election,2026-04-27T16:04:16Z,,continuing,False,False
KXHOUSEWINSTATE-FLD-5-5,138.37,2026-08-24T16:00:00Z,,,election,2026-04-27T16:04:16Z,,exit,False,False
KXHOUSEWINSTATE-FLD-6-6,0.0,2026-08-25T00:00:00Z,100.0,2026-09-07T23:00:00Z,election,2026-04-27T16:04:16Z,,continuing,False,False
KXHOUSEWINSTATE-FLD-7-7,5.0,2026-08-25T00:00:00Z,12.25,2026-09-08T00:00:00Z,election,2026-04-27T16:04:16Z,,continuing,False,False
KXHOUSEWINSTATE-FLD-8-8,1.0,2026-08-25T00:00:00Z,1.0,2026-09-07T23:00:00Z,election,2026-04-27T16:04:16Z,,continuing,False,False
KXHOUSEWINSTATE-FLD-9-9,3.0,2026-08-24T16:00:00Z,3.0,2026-09-08T00:00:00Z,election,2026-04-27T16:04:16Z,,continuing,False,False
KXHOUSEWINSTATE-FLD-A10,0.0,2026-08-24T16:00:00Z,,,election,2026-04-27T16:04:16Z,,exit,False,False
KXHOUSEWINSTATE-FLD-B4,,,543.94,2026-09-07T20:00:00Z,election,2026-04-27T16:04:16Z,,entry,False,False
KXHOUSEWINSTATE-GAD-A7,0.0,2026-08-23T20:00:00Z,,,election,2026-08-19T06:08:44Z,,exit,False,False
KXHOUSEWINSTATE-GAD-B5,70.25,2026-08-24T17:00:00Z,,,election,2026-08-19T06:08:44Z,,exit,False,False
KXHOUSEWINSTATE-GAD-E5,3030.0,2026-08-24T09:00:00Z,3030.0,2026-09-07T10:00:00Z,election,2026-08-19T06:08:44Z,,continuing,False,False
KXHOUSEWINSTATE-GAD-E6,2638.2,2026-08-24T17:00:00Z,2638.2,2026-09-07T10:00:00Z,election,2026-08-19T06:08:44Z,,continuing,False,False
KXHOUSEWINSTATE-GAD-E7,400.0,2026-08-24T17:00:00Z,,,election,2026-08-19T06:08:44Z,,exit,False,False
KXHOUSEWINSTATE-ILD-A14,1046.0,2026-08-24T19:00:00Z,,,election,2026-08-19T06:07:41Z,,exit,False,False
KXHOUSEWINSTATE-ILD-B12,800.0,2026-08-24T00:00:00Z,,,election,2026-08-19T06:07:41Z,,exit,False,False
KXHOUSEWINSTATE-ILD-E12,800.0,2026-08-23T10:00:00Z,,,election,2026-08-19T06:07:41Z,,exit,False,False
KXHOUSEWINSTATE-ILD-E13,0.0,2026-08-23T10:00:00Z,,,election,2026-08-19T06:07:41Z,,exit,False,False
KXHOUSEWINSTATE-ILD-E14,600.0,2026-08-24T17:00:00Z,,,election,2026-08-19T06:07:41Z,,exit,False,False
KXHOUSEWINSTATE-LAD-A2,,,3669.12,2026-09-06T02:00:00Z,election,2026-05-05T00:12:12Z,,entry,False,False
KXHOUSEWINSTATE-LAD-E0,66.27,2026-08-24T16:00:00Z,144.45,2026-09-07T00:00:00Z,election,2026-05-05T00:12:12Z,,continuing,False,False
KXHOUSEWINSTATE-LAD-E1,873.03,2026-08-24T16:00:00Z,873.03,2026-09-07T19:00:00Z,election,2026-05-05T00:12:12Z,,continuing,False,False
KXHOUSEWINSTATE-LAD-E2,112.58,2026-08-24T10:00:00Z,112.58,2026-09-07T10:00:00Z,election,2026-05-05T00:12:12Z,,continuing,False,False
KXHOUSEWINSTATE-MID-A9,13840.0,2026-08-24T04:00:00Z,13840.0,2026-09-06T03:00:00Z,election,2026-08-19T06:08:58Z,,continuing,False,False
KXHOUSEWINSTATE-MID-B5,4085.0,2026-08-24T00:00:00Z,,,election,2026-08-19T06:08:58Z,,exit,False,False
KXHOUSEWINSTATE-MID-E5,4278.0,2026-08-24T00:00:00Z,,,election,2026-08-19T06:08:58Z,,exit,False,False
KXHOUSEWINSTATE-MID-E6,5454.4,2026-08-24T17:00:00Z,6300.87,2026-09-07T23:00:00Z,election,2026-08-19T06:08:58Z,,continuing,False,False
KXHOUSEWINSTATE-MID-E7,4008.0,2026-08-25T00:00:00Z,4009.1,2026-09-07T23:00:00Z,election,2026-08-19T06:08:58Z,,continuing,False,False
KXHOUSEWINSTATE-MID-E8,1499.92,2026-08-24T22:00:00Z,1429.59,2026-09-08T00:00:00Z,election,2026-08-19T06:08:58Z,,continuing,False,False
KXHOUSEWINSTATE-MID-E9,3727.01,2026-08-24T08:00:00Z,3661.01,2026-09-07T23:00:00Z,election,2026-08-19T06:08:58Z,,continuing,False,False
KXHOUSEWINSTATE-NCD-A7,850.0,2026-08-23T23:00:00Z,,,election,2026-08-19T06:08:20Z,,exit,False,False
KXHOUSEWINSTATE-NCD-B3,400.0,2026-08-24T00:00:00Z,,,election,2026-08-19T06:08:20Z,,exit,False,False
KXHOUSEWINSTATE-NCD-E3,1497.0,2026-08-24T22:00:00Z,1497.0,2026-09-07T10:00:00Z,election,2026-08-19T06:08:20Z,,continuing,False,False
KXHOUSEWINSTATE-NCD-E4,862.04,2026-08-24T22:00:00Z,927.9,2026-09-07T10:00:00Z,election,2026-08-19T06:08:20Z,,continuing,False,False
KXHOUSEWINSTATE-NCD-E5,687.82,2026-08-24T19:00:00Z,712.02,2026-09-07T23:00:00Z,election,2026-08-19T06:08:20Z,,continuing,False,False
KXHOUSEWINSTATE-NCD-E6,9000.0,2026-08-24T03:00:00Z,9288.0,2026-09-07T10:00:00Z,election,2026-08-19T06:08:20Z,,continuing,False,False
KXHOUSEWINSTATE-NCD-E7,3000.0,2026-08-24T17:00:00Z,3288.0,2026-09-07T10:00:00Z,election,2026-08-19T06:08:20Z,,continuing,False,False
KXHOUSEWINSTATE-NYD-A23,1000.0,2026-08-23T10:00:00Z,1000.0,2026-09-07T10:00:00Z,election,2026-08-19T06:07:12Z,,continuing,False,False
KXHOUSEWINSTATE-NYD-B16,2421.79,2026-08-23T17:00:00Z,2421.79,2026-09-07T10:00:00Z,election,2026-08-19T06:07:12Z,,continuing,False,False
KXHOUSEWINSTATE-NYD-E16,2000.0,2026-08-23T17:00:00Z,,,election,2026-08-19T06:07:12Z,,exit,False,False
KXHOUSEWINSTATE-NYD-E17,2193.0,2026-08-24T04:00:00Z,,,election,2026-08-19T06:07:12Z,,exit,False,False
KXHOUSEWINSTATE-NYD-E18,2928.14,2026-08-25T00:00:00Z,2908.14,2026-09-07T19:00:00Z,election,2026-08-19T06:07:12Z,,continuing,False,False
KXHOUSEWINSTATE-NYD-E19,2474.85,2026-08-25T00:00:00Z,2821.85,2026-09-08T00:00:00Z,election,2026-08-19T06:07:12Z,,continuing,False,False
KXHOUSEWINSTATE-NYD-E20,133.41,2026-08-24T22:00:00Z,40.0,2026-09-07T23:00:00Z,election,2026-08-19T06:07:12Z,,continuing,False,False
KXHOUSEWINSTATE-NYD-E21,2556.61,2026-08-24T17:00:00Z,2556.61,2026-09-07T10:00:00Z,election,2026-08-19T06:07:12Z,,continuing,False,False
KXHOUSEWINSTATE-NYD-E22,4600.0,2026-08-24T14:00:00Z,4600.0,2026-09-07T10:00:00Z,election,2026-08-19T06:07:12Z,,continuing,False,False
KXHOUSEWINSTATE-NYD-E23,2000.0,2026-08-23T10:00:00Z,,,election,2026-08-19T06:07:12Z,,exit,False,False
KXHOUSEWINSTATE-OHD-A8,10.0,2026-08-24T17:00:00Z,,,election,2026-08-19T06:08:13Z,,exit,False,False
KXHOUSEWINSTATE-OHD-B4,0.0,2026-08-24T17:00:00Z,,,election,2026-08-19T06:08:13Z,,exit,False,False
KXHOUSEWINSTATE-OHD-E4,2170.48,2026-08-25T00:00:00Z,2170.48,2026-09-07T23:00:00Z,election,2026-08-19T06:08:13Z,,continuing,False,False
KXHOUSEWINSTATE-OHD-E5,1497.12,2026-08-23T05:00:00Z,1506.78,2026-09-07T11:00:00Z,election,2026-08-19T06:08:13Z,,continuing,False,False
KXHOUSEWINSTATE-OHD-E6,2300.73,2026-08-24T22:00:00Z,1980.94,2026-09-07T23:00:00Z,election,2026-08-19T06:08:13Z,,continuing,False,False
KXHOUSEWINSTATE-OHD-E7,1470.0,2026-08-24T17:00:00Z,1470.0,2026-09-07T10:00:00Z,election,2026-08-19T06:08:13Z,,continuing,False,False
KXHOUSEWINSTATE-OHD-E8,2000.0,2026-08-24T17:00:00Z,2007.84,2026-09-07T10:00:00Z,election,2026-08-19T06:08:13Z,,continuing,False,False
KXHOUSEWINSTATE-PAD-A12,3334.0,2026-08-23T15:00:00Z,,,election,2026-08-19T06:07:32Z,,exit,False,False
KXHOUSEWINSTATE-PAD-B7,3504.0,2026-08-23T15:00:00Z,,,election,2026-08-19T06:07:32Z,,exit,False,False
KXHOUSEWINSTATE-PAD-E10,1670.0,2026-08-24T22:00:00Z,1767.32,2026-09-08T00:00:00Z,election,2026-08-19T06:07:32Z,,continuing,False,False
KXHOUSEWINSTATE-PAD-E11,6414.77,2026-08-24T22:00:00Z,6414.77,2026-09-07T21:00:00Z,election,2026-08-19T06:07:32Z,,continuing,False,False
KXHOUSEWINSTATE-PAD-E12,3460.0,2026-08-24T17:00:00Z,,,election,2026-08-19T06:07:32Z,,exit,False,False
KXHOUSEWINSTATE-PAD-E7,8883.0,2026-08-24T17:00:00Z,,,election,2026-08-19T06:07:32Z,,exit,False,False
KXHOUSEWINSTATE-PAD-E8,3300.0,2026-08-24T21:00:00Z,3354.0,2026-09-07T10:00:00Z,election,2026-08-19T06:07:32Z,,continuing,False,False
KXHOUSEWINSTATE-PAD-E9,2220.11,2026-08-25T00:00:00Z,2220.11,2026-09-08T00:00:00Z,election,2026-08-19T06:07:32Z,,continuing,False,False
KXHOUSEWINSTATE-SCD-A2,4516.0,2026-08-24T16:00:00Z,4655.4,2026-09-08T00:00:00Z,election,2026-05-12T16:30:53Z,,continuing,False,False
KXHOUSEWINSTATE-SCD-E0,3060.25,2026-08-24T20:00:00Z,3087.25,2026-09-07T21:00:00Z,election,2026-05-12T16:30:53Z,,continuing,False,False
KXHOUSEWINSTATE-SCD-E1,1918.62,2026-08-23T23:00:00Z,2029.62,2026-09-07T20:00:00Z,election,2026-05-12T16:30:53Z,,continuing,False,False
KXHOUSEWINSTATE-SCD-E2,4026.88,2026-08-24T12:00:00Z,4081.88,2026-09-07T10:00:00Z,election,2026-05-12T16:30:53Z,,continuing,False,False
KXHOUSEWINSTATE-TND-A2,25.42,2026-08-23T19:00:00Z,25.42,2026-09-06T20:00:00Z,election,2026-05-05T00:17:30Z,,continuing,False,False
KXHOUSEWINSTATE-TND-E0,1012.14,2026-08-23T19:00:00Z,1205.04,2026-09-07T10:00:00Z,election,2026-05-05T00:17:30Z,,continuing,False,False
KXHOUSEWINSTATE-TND-E1,501.0,2026-08-24T16:00:00Z,501.0,2026-09-07T23:00:00Z,election,2026-05-05T00:17:30Z,,continuing,False,False
KXHOUSEWINSTATE-TND-E2,101.0,2026-08-23T19:00:00Z,101.0,2026-09-06T20:00:00Z,election,2026-05-05T00:17:30Z,,continuing,False,False
KXHOUSEWINSTATE-UTD-A2,2.0,2026-08-25T00:00:00Z,,,election,2026-05-05T00:21:54Z,,exit,False,False
KXHOUSEWINSTATE-UTD-E0,120.0,2026-08-25T00:00:00Z,,,election,2026-05-05T00:21:54Z,,exit,False,False
KXHOUSEWINSTATE-UTD-E1,900.7,2026-08-24T16:00:00Z,900.7,2026-09-07T10:00:00Z,election,2026-05-05T00:21:54Z,,continuing,False,False
KXHOUSEWINSTATE-UTD-E2,64.9,2026-08-25T00:00:00Z,,,election,2026-05-05T00:21:54Z,,exit,False,False
KXICECONF-26JUN29-JAN01,615.0,2026-08-24T16:00:00Z,,,policy,2026-06-29T20:00:25Z,,exit,False,False
KXICECONF-26JUN29-MAR01,305.0,2026-08-24T16:00:00Z,305.0,2026-09-06T16:00:00Z,policy,2026-06-29T20:00:25Z,,continuing,False,False
KXICECONF-26JUN29-OCT01,842.0,2026-08-24T09:00:00Z,842.0,2026-09-07T10:00:00Z,policy,2026-06-29T20:00:25Z,,continuing,False,False
KXICENICE-26JUL-JAN01,356.0,2026-08-24T08:00:00Z,,,policy,2026-07-09T18:12:37Z,,exit,False,False
KXICEREFORM-ABOL,179.84,2026-08-24T17:00:00Z,179.84,2026-09-07T10:00:00Z,policy,2026-02-05T04:54:17Z,,continuing,False,False
KXICEREFORM-CAM,6593.88,2026-08-24T20:00:00Z,,,policy,2026-02-05T04:54:17Z,,exit,False,False
KXICEREFORM-HSI,547.8,2026-08-24T11:00:00Z,547.8,2026-09-07T10:00:00Z,policy,2026-02-05T04:54:17Z,,continuing,False,False
KXICEREFORM-ID,5032.81,2026-08-24T12:00:00Z,,,policy,2026-02-05T04:54:17Z,,exit,False,False
KXICEREFORM-MASK,2371.27,2026-08-24T13:00:00Z,2368.64,2026-09-07T10:00:00Z,policy,2026-02-05T04:54:17Z,,continuing,False,False
KXICEREFORM-QR,679.21,2026-08-24T17:00:00Z,669.21,2026-09-07T10:00:00Z,policy,2026-02-05T04:54:17Z,,continuing,False,False
KXICERENAME-26APR-27JAN01,5569.4,2026-08-24T22:00:00Z,5598.29,2026-09-08T00:00:00Z,policy,2026-04-27T14:27:41Z,,continuing,False,False
KXIMPEACHCABINET-27JAN01,15701.0,2026-08-25T00:00:00Z,15717.17,2026-09-07T10:00:00Z,policy,2025-12-11T21:55:03Z,,continuing,False,False
KXIMPEACHCABINET-28JAN01,17650.82,2026-08-24T16:00:00Z,18505.41,2026-09-06T18:00:00Z,policy,2025-12-11T21:55:03Z,,continuing,False,False
KXIRANDEMOCRACY-27MAR01-T6,105366.86,2026-08-25T00:00:00Z,106138.54,2026-09-08T00:00:00Z,policy,2026-03-01T00:06:33Z,,continuing,False,False
KXIRANEMBASSY-27,66913.71,2026-08-25T00:00:00Z,66130.68,2026-09-07T21:00:00Z,policy,2026-03-01T01:22:03Z,,continuing,False,False
KXIRSCOLLECT-26,,,5006.11,2026-09-07T12:00:00Z,policy,2026-02-02T22:23:43Z,,entry,False,False
KXJOBLESSCLAIMS-26AUG27-180000,25.0,2026-08-24T19:00:00Z,,,macro,2026-08-20T14:01:20Z,2026-08-27T13:23:45Z,exit,False,True
KXJOBLESSCLAIMS-26AUG27-185000,0.0,2026-08-24T22:00:00Z,,,macro,2026-08-20T14:01:20Z,2026-08-27T13:23:45Z,exit,False,True
KXJOBLESSCLAIMS-26AUG27-190000,39.94,2026-08-24T22:00:00Z,,,macro,2026-08-20T14:01:20Z,2026-08-27T13:23:45Z,exit,False,True
KXJOBLESSCLAIMS-26AUG27-195000,169.43,2026-08-24T22:00:00Z,,,macro,2026-08-20T14:01:20Z,2026-08-27T13:23:45Z,exit,False,True
KXJOBLESSCLAIMS-26AUG27-200000,852.18,2026-08-25T00:00:00Z,,,macro,2026-08-20T14:01:20Z,2026-08-27T13:23:45Z,exit,False,True
KXJOBLESSCLAIMS-26AUG27-205000,858.56,2026-08-25T00:00:00Z,,,macro,2026-08-20T14:01:20Z,2026-08-27T13:23:45Z,exit,False,True
KXJOBLESSCLAIMS-26AUG27-210000,1513.68,2026-08-25T00:00:00Z,,,macro,2026-08-20T14:01:20Z,2026-08-27T13:23:45Z,exit,False,True
KXJOBLESSCLAIMS-26AUG27-215000,909.93,2026-08-24T22:00:00Z,,,macro,2026-08-20T14:01:20Z,2026-08-27T13:23:45Z,exit,False,True
KXJOBLESSCLAIMS-26AUG27-220000,5.0,2026-08-24T18:00:00Z,,,macro,2026-08-20T14:01:20Z,2026-08-27T13:23:45Z,exit,False,True
KXJOBLESSCLAIMS-26AUG27-230000,36.0,2026-08-24T16:00:00Z,,,macro,2026-08-20T14:01:20Z,2026-08-27T13:23:45Z,exit,False,True
KXJOBLESSCLAIMS-26SEP10-185000,,,0.0,2026-09-08T00:00:00Z,macro,2026-09-03T22:48:32Z,,entry,True,False
KXJOBLESSCLAIMS-26SEP10-190000,,,120.0,2026-09-08T00:00:00Z,macro,2026-09-03T22:48:32Z,,entry,True,False
KXJOBLESSCLAIMS-26SEP10-195000,,,78.03,2026-09-08T00:00:00Z,macro,2026-09-03T22:48:32Z,,entry,True,False
KXJOBLESSCLAIMS-26SEP10-200000,,,481.64,2026-09-08T00:00:00Z,macro,2026-09-03T22:48:32Z,,entry,True,False
KXJOBLESSCLAIMS-26SEP10-205000,,,238.38,2026-09-08T00:00:00Z,macro,2026-09-03T22:48:32Z,,entry,True,False
KXJOBLESSCLAIMS-26SEP10-210000,,,374.3,2026-09-07T22:00:00Z,macro,2026-09-03T22:48:32Z,,entry,True,False
KXJOBLESSCLAIMS-26SEP10-215000,,,1453.23,2026-09-08T00:00:00Z,macro,2026-09-03T22:48:32Z,,entry,True,False
KXJOBLESSCLAIMS-26SEP10-220000,,,824.37,2026-09-08T00:00:00Z,macro,2026-09-03T22:48:32Z,,entry,True,False
KXJOBLESSCLAIMS-26SEP10-225000,,,316.18,2026-09-07T13:00:00Z,macro,2026-09-03T22:48:32Z,,entry,True,False
KXJOBLESSCLAIMS-26SEP10-230000,,,10.0,2026-09-07T13:00:00Z,macro,2026-09-03T22:48:32Z,,entry,True,False
KXJOBLESSCLAIMS-26SEP10-235000,,,50.0,2026-09-06T19:00:00Z,macro,2026-09-03T22:48:32Z,,entry,True,False
KXJOLTSOPEN-26SEP01-T7.20,0.0,2026-08-25T00:00:00Z,,,macro,2026-08-24T17:40:48Z,2026-09-01T14:50:41Z,exit,False,True
KXJOLTSOPEN-26SEP01-T7.25,0.0,2026-08-25T00:00:00Z,,,macro,2026-08-24T17:40:48Z,2026-09-01T14:50:41Z,exit,False,True
KXJOLTSOPEN-26SEP01-T7.30,0.0,2026-08-25T00:00:00Z,,,macro,2026-08-24T17:40:48Z,2026-09-01T14:50:41Z,exit,False,True
KXJOLTSOPEN-26SEP01-T7.35,0.0,2026-08-25T00:00:00Z,,,macro,2026-08-24T17:40:48Z,2026-09-01T14:50:41Z,exit,False,True
KXJOLTSOPEN-26SEP01-T7.40,0.0,2026-08-25T00:00:00Z,,,macro,2026-08-24T17:40:48Z,2026-09-01T14:50:41Z,exit,False,True
KXJOLTSOPEN-26SEP01-T7.45,0.0,2026-08-25T00:00:00Z,,,macro,2026-08-24T17:40:48Z,2026-09-01T14:50:41Z,exit,False,True
KXJOLTSOPEN-26SEP01-T7.50,0.0,2026-08-25T00:00:00Z,,,macro,2026-08-24T17:40:48Z,2026-09-01T14:50:41Z,exit,False,True
KXJOLTSOPEN-26SEP29-T7.10,,,0.0,2026-09-07T20:00:00Z,macro,2026-09-01T18:40:00Z,,entry,True,False
KXJOLTSOPEN-26SEP29-T7.15,,,0.0,2026-09-06T05:00:00Z,macro,2026-09-01T18:40:00Z,,entry,True,False
KXJOLTSOPEN-26SEP29-T7.20,,,0.0,2026-09-06T05:00:00Z,macro,2026-09-01T18:40:00Z,,entry,True,False
KXJOLTSOPEN-26SEP29-T7.25,,,0.0,2026-09-06T05:00:00Z,macro,2026-09-01T18:40:00Z,,entry,True,False
KXJOLTSOPEN-26SEP29-T7.30,,,0.0,2026-09-06T05:00:00Z,macro,2026-09-01T18:40:00Z,,entry,True,False
KXJOLTSOPEN-26SEP29-T7.35,,,0.0,2026-09-06T05:00:00Z,macro,2026-09-01T18:40:00Z,,entry,True,False
KXJOLTSOPEN-26SEP29-T7.40,,,0.0,2026-09-07T20:00:00Z,macro,2026-09-01T18:40:00Z,,entry,True,False
KXLEAVELISACOOK-26JAN-27JAN01,13901.51,2026-08-24T17:00:00Z,,,policy,2025-12-08T17:42:51Z,,exit,False,False
KXLEAVELISACOOK-26SEP01,6249.11,2026-08-23T17:00:00Z,,,policy,2026-05-11T18:28:03Z,2026-09-01T13:32:21Z,exit,False,True
KXLEAVEOPEC-27,6345.35,2026-08-25T00:00:00Z,4264.85,2026-09-07T23:00:00Z,policy,2026-04-28T14:33:03Z,,continuing,False,False
KXLEAVEOPEC-28JAN01-27JAN01,,,0.0,2026-09-06T05:00:00Z,policy,2026-09-03T21:45:07Z,,entry,True,False
KXLEAVEOPEC-28JAN01-27JUL01,,,0.0,2026-09-06T05:00:00Z,policy,2026-09-03T21:45:07Z,,entry,True,False
KXLEAVEOPEC-28JAN01-28JAN01,,,0.0,2026-09-06T05:00:00Z,policy,2026-09-03T21:45:07Z,,entry,True,False
KXLEAVEPOWELLGOV-26AUG01-27,57059.96,2026-08-24T18:00:00Z,55427.06,2026-09-08T00:00:00Z,policy,2026-02-10T20:51:37Z,,continuing,False,False
KXLEAVEPOWELLGOV-26DEC01,9615.64,2026-08-24T17:00:00Z,9432.79,2026-09-07T17:00:00Z,policy,2026-04-30T20:09:15Z,,continuing,False,False
KXLEAVEPOWELLGOV-26NOV01,3340.28,2026-08-24T17:00:00Z,3325.28,2026-09-06T14:00:00Z,policy,2026-04-30T20:09:00Z,,continuing,False,False
KXLEAVEPOWELLGOV-26OCT01,6959.13,2026-08-24T20:00:00Z,6959.13,2026-09-06T01:00:00Z,policy,2026-04-30T20:08:33Z,,continuing,False,False
KXLEAVEPOWELLGOV-26SEP01,11036.44,2026-08-24T19:00:00Z,,,policy,2026-04-30T20:08:07Z,2026-09-01T13:31:31Z,exit,False,True
KXLEAVEPOWELLGOV-27JUN01,,,14400.8,2026-09-06T14:00:00Z,policy,2026-04-30T20:10:06Z,,entry,False,False
KXLEAVEPOWELLGOV-28JAN31,4890.06,2026-08-24T21:00:00Z,5711.93,2026-09-07T15:00:00Z,policy,2026-04-30T20:11:01Z,,continuing,False,False
KXLEGISLATIVECOMBO-27JAN-ALLAW,2016.3,2026-08-24T20:00:00Z,2122.59,2026-09-07T10:00:00Z,policy,2026-05-04T17:23:50Z,,continuing,False,False
KXLEGISLATIVECOMBO-27JAN-NONELAW,,,21004.23,2026-09-07T13:00:00Z,policy,2026-05-04T17:23:50Z,,entry,False,False
KXLOCALLAW-ALSNAP-27JUL01,0.0,2026-08-25T00:00:00Z,5149.13,2026-09-07T22:00:00Z,policy,2026-08-17T17:55:58Z,,continuing,False,False
KXLOCALLAW-COSB26189-27FEB01,0.0,2026-08-25T00:00:00Z,0.0,2026-09-08T00:00:00Z,policy,2026-08-17T18:07:27Z,,continuing,False,False
KXLOCALLAW-DELCCH5-27SEP01,0.0,2026-08-25T00:00:00Z,2432.0,2026-09-08T00:00:00Z,policy,2026-08-17T18:08:29Z,,continuing,False,False
KXLOCALLAW-ILPOWER-27MAY01,0.0,2026-08-25T00:00:00Z,2.72,2026-09-08T00:00:00Z,policy,2026-08-17T18:29:23Z,,continuing,False,False
KXLOCALLAW-MEDATA-28JAN01,2712.99,2026-08-25T00:00:00Z,2716.99,2026-09-07T21:00:00Z,policy,2026-08-17T18:37:18Z,,continuing,False,False
KXLOCALLAW-NE250-27OCT01,0.0,2026-08-25T00:00:00Z,0.0,2026-09-08T00:00:00Z,policy,2026-08-17T19:07:13Z,,continuing,False,False
KXLOCALLAW-TBBROADWAY-27JUN01,0.0,2026-08-25T00:00:00Z,0.0,2026-09-08T00:00:00Z,policy,2026-08-17T19:50:01Z,,continuing,False,False
KXLOCALLAW-TNAIWATER-27AUG01,824.03,2026-08-25T00:00:00Z,1272.31,2026-09-07T19:00:00Z,policy,2026-08-17T19:53:49Z,,continuing,False,False
KXLOCALLAW-VADATA-27AUG01,0.0,2026-08-25T00:00:00Z,2375.0,2026-09-07T19:00:00Z,policy,2026-08-17T20:00:27Z,,continuing,False,False
KXMAMDANIMENTION-26AUG14-AFFO,4300.26,2026-08-24T15:00:00Z,,,mention,2026-08-14T00:10:47Z,2026-08-24T15:51:17Z,exit,False,False
KXMAMDANIMENTION-26AUG14-AI,2095.61,2026-08-24T15:00:00Z,,,mention,2026-08-14T00:10:47Z,2026-08-24T15:51:17Z,exit,False,False
KXMAMDANIMENTION-26AUG14-GROC,2685.19,2026-08-24T15:00:00Z,,,mention,2026-08-14T00:10:47Z,2026-08-24T15:51:17Z,exit,False,False
KXMAMDANIMENTION-26AUG24-AFFO,1722.22,2026-08-25T00:00:00Z,,,mention,2026-08-24T19:58:23Z,2026-08-25T17:32:27Z,exit,False,True
KXMAMDANIMENTION-26AUG24-AI,6.62,2026-08-25T00:00:00Z,,,mention,2026-08-24T19:58:23Z,2026-08-25T17:32:37Z,exit,False,True
KXMAMDANIMENTION-26AUG24-GROC,30.0,2026-08-25T00:00:00Z,,,mention,2026-08-24T19:58:23Z,2026-08-25T17:32:27Z,exit,False,True
KXMAMDANIMENTION-26SEP04-AFFO,,,480.86,2026-09-08T00:00:00Z,mention,2026-09-04T19:51:23Z,,entry,True,False
KXMAMDANIMENTION-26SEP04-AI,,,591.88,2026-09-08T00:00:00Z,mention,2026-09-04T19:51:23Z,,entry,True,False
KXMAMDANIMENTION-26SEP04-GROC,,,1.74,2026-09-08T00:00:00Z,mention,2026-09-04T19:51:23Z,,entry,True,False
KXMARIJUANA280E-26MAY-27JAN01,3420.73,2026-08-24T17:00:00Z,3458.73,2026-09-07T04:00:00Z,policy,2026-05-04T15:54:41Z,,continuing,False,False
KXMAXSHIPSHORMUZ-26AUG31-AL30,11932.07,2026-08-25T00:00:00Z,,,policy,2026-08-03T17:41:49Z,2026-09-01T13:40:21Z,exit,False,True
KXMAXSHIPSHORMUZ-26AUG31-AL40,8250.08,2026-08-25T00:00:00Z,,,policy,2026-08-03T17:41:49Z,2026-09-01T13:40:21Z,exit,False,True
KXMAXSHIPSHORMUZ-26AUG31-AL50,6427.31,2026-08-24T23:00:00Z,,,policy,2026-08-03T17:41:49Z,2026-09-01T13:40:21Z,exit,False,True
KXMAXSHIPSHORMUZ-26AUG31-AL60,1087.75,2026-08-24T13:00:00Z,,,policy,2026-08-03T17:41:49Z,2026-09-01T13:40:21Z,exit,False,True
KXMAXSHIPSHORMUZ-26AUG31-AL70,201.0,2026-08-24T23:00:00Z,,,policy,2026-08-03T17:41:49Z,2026-09-01T13:40:21Z,exit,False,True
KXMAXSHIPSHORMUZ-26AUG31-AL90,98.0,2026-08-24T17:00:00Z,,,policy,2026-08-03T17:41:49Z,2026-09-01T13:40:21Z,exit,False,True
KXMAXSHIPSHORMUZ-26SEP01-AL10,,,791.27,2026-09-08T00:00:00Z,policy,2026-08-28T15:08:24Z,,entry,True,False
KXMAXSHIPSHORMUZ-26SEP01-AL15,,,696.0,2026-09-07T19:00:00Z,policy,2026-08-28T15:08:24Z,,entry,True,False
KXMAXSHIPSHORMUZ-26SEP01-AL20,,,1495.41,2026-09-08T00:00:00Z,policy,2026-08-28T15:08:24Z,,entry,True,False
KXMAXSHIPSHORMUZ-26SEP01-AL25,,,794.64,2026-09-07T19:00:00Z,policy,2026-08-28T15:08:24Z,,entry,True,False
KXMAXSHIPSHORMUZ-26SEP01-AL30,,,1689.63,2026-09-07T23:00:00Z,policy,2026-08-28T15:08:24Z,,entry,True,False
KXMAXSHIPSHORMUZ-26SEP01-AL40,,,751.0,2026-09-07T08:00:00Z,policy,2026-08-28T15:08:24Z,,entry,True,False
KXMAXSHIPSHORMUZ-26SEP01-AL50,,,200.0,2026-09-06T07:00:00Z,policy,2026-08-28T15:08:24Z,,entry,True,False
KXMDSD2-26-EBUR,5786.0,2026-08-24T17:00:00Z,5686.0,2026-09-07T10:00:00Z,election,2026-08-12T15:32:19Z,,continuing,False,False
KXMDSD2-26-PCOR,9895.0,2026-08-24T17:00:00Z,9895.0,2026-09-07T10:00:00Z,election,2026-08-12T15:32:19Z,,continuing,False,False
KXMORATORIUMCOUNT-26DEC31-AL2,4141.36,2026-08-24T23:00:00Z,,,policy,2026-07-21T18:37:10Z,2026-08-28T16:42:55Z,exit,False,True
KXMORATORIUMCOUNT-26DEC31-AL3,4725.81,2026-08-24T22:00:00Z,5759.04,2026-09-07T23:00:00Z,policy,2026-07-21T18:37:10Z,,continuing,False,False
KXMORATORIUMCOUNT-26DEC31-AL4,845.26,2026-08-24T22:00:00Z,2880.93,2026-09-07T23:00:00Z,policy,2026-07-21T18:37:10Z,,continuing,False,False
KXMORATORIUMCOUNT-26DEC31-AL5,560.9,2026-08-24T22:00:00Z,4244.92,2026-09-07T23:00:00Z,policy,2026-07-21T18:37:10Z,,continuing,False,False
KXMORTGAGERATE-26DEC-T6.7,1754.01,2026-08-24T17:00:00Z,,,macro,2026-04-02T00:08:47Z,,exit,False,False
KXMORTGAGERATE-26DEC-T6.8,3366.34,2026-08-24T17:00:00Z,3344.26,2026-09-06T20:00:00Z,macro,2026-04-03T13:36:34Z,,continuing,False,False
KXMORTGAGERATE-26DEC-T6.9,3278.23,2026-08-24T17:00:00Z,3815.45,2026-09-07T14:00:00Z,macro,2026-04-03T13:39:56Z,,continuing,False,False
KXMORTGAGERATE-26DEC-T7.0,5855.53,2026-08-24T06:00:00Z,5988.42,2026-09-06T18:00:00Z,macro,2026-04-03T13:42:19Z,,continuing,False,False
KXMOSD8-26-JPAT,0.0,2026-08-25T00:00:00Z,1177.98,2026-09-07T10:00:00Z,election,2026-08-23T21:33:26Z,,continuing,False,False
KXMOSD8-26-KING,0.0,2026-08-25T00:00:00Z,1731.31,2026-09-07T10:00:00Z,election,2026-08-23T21:33:26Z,,continuing,False,False
KXMTSB542-SB54227,0.0,2026-08-25T00:00:00Z,0.0,2026-09-08T00:00:00Z,policy,2026-08-17T19:00:26Z,,continuing,False,False
KXNBERRECESSQ-Q1-2025,34534.54,2026-08-25T00:00:00Z,34534.54,2026-09-06T20:00:00Z,macro,2025-03-19T01:58:54Z,,continuing,False,False
KXNBERRECESSQ-Q1-2026,34450.08,2026-08-25T00:00:00Z,34364.08,2026-09-07T21:00:00Z,macro,2025-08-16T17:19:04Z,,continuing,False,False
KXNBERRECESSQ-Q2-2025,32913.72,2026-08-25T00:00:00Z,32913.72,2026-09-06T21:00:00Z,macro,2025-03-19T01:58:54Z,,continuing,False,False
KXNBERRECESSQ-Q3-2025,25869.71,2026-08-25T00:00:00Z,25908.08,2026-09-06T21:00:00Z,macro,2025-03-19T01:58:54Z,,continuing,False,False
KXNBERRECESSQ-Q4-2024,20161.44,2026-08-25T00:00:00Z,20161.44,2026-09-08T00:00:00Z,macro,2025-03-19T01:58:54Z,,continuing,False,False
KXNBERRECESSQ-Q4-2025,31525.1,2026-08-25T00:00:00Z,31462.1,2026-09-06T21:00:00Z,macro,2025-08-16T17:18:40Z,,continuing,False,False
KXNDAA-26JUL-26DEC01,752.62,2026-08-24T17:00:00Z,752.62,2026-09-07T10:00:00Z,policy,2026-07-09T15:33:16Z,,continuing,False,False
KXNDAA-26JUL-26DEC15,736.24,2026-08-24T09:00:00Z,736.24,2026-09-07T10:00:00Z,policy,2026-07-09T15:33:16Z,,continuing,False,False
KXNDAA-26JUL-26DEC25,1.99,2026-08-24T16:00:00Z,1.99,2026-09-06T18:00:00Z,policy,2026-07-09T15:33:16Z,,continuing,False,False
KXNDAA-26JUL-26NOV01,1346.23,2026-08-24T17:00:00Z,1346.23,2026-09-07T10:00:00Z,policy,2026-07-09T15:33:16Z,,continuing,False,False
KXNDAA-26JUL-26OCT01,1.0,2026-08-24T17:00:00Z,1.0,2026-09-06T19:00:00Z,policy,2026-07-09T15:33:16Z,,continuing,False,False
KXNDAA-26JUL-27FEB01,0.01,2026-08-24T17:00:00Z,0.01,2026-09-06T18:00:00Z,policy,2026-07-09T15:33:16Z,,continuing,False,False
KXNDAA-26JUL-27JAN01,177.0,2026-08-24T17:00:00Z,177.0,2026-09-06T18:00:00Z,policy,2026-07-09T15:33:16Z,,continuing,False,False
KXNETANYAHUMENTION-26SEP24-AI,,,205.0,2026-09-07T20:00:00Z,mention,2026-09-03T18:31:42Z,,entry,True,False
KXNETANYAHUMENTION-26SEP24-HORM,,,205.0,2026-09-08T00:00:00Z,mention,2026-09-03T18:31:42Z,,entry,True,False
KXNETANYAHUMENTION-26SEP24-IRAN,,,185.37,2026-09-08T00:00:00Z,mention,2026-09-03T18:31:42Z,,entry,True,False
KXNEWDEAL-OCT01,,,100.0,2026-09-07T04:00:00Z,policy,2026-08-28T14:47:56Z,,entry,True,False
KXNEWDEAL-SEP01,1611.87,2026-08-24T22:00:00Z,,,policy,2026-07-31T17:09:18Z,2026-08-26T21:37:27Z,exit,False,True
KXNEWTARIFFS-26SEP-OCT01,,,787.63,2026-09-08T00:00:00Z,policy,2026-08-28T14:47:47Z,,entry,True,False
KXNFPROD-27MAR04-T3,5015.99,2026-08-24T19:00:00Z,5015.13,2026-09-07T10:00:00Z,macro,2026-03-11T15:36:36Z,,continuing,False,False
KXNHSALES-26AUG25-T560000,389.71,2026-08-25T00:00:00Z,,,macro,2026-07-24T20:38:45Z,2026-08-25T14:39:07Z,exit,False,True
KXNHSALES-26AUG25-T580000,303.47,2026-08-25T00:00:00Z,,,macro,2026-07-24T20:38:45Z,2026-08-25T14:39:07Z,exit,False,True
KXNHSALES-26AUG25-T600000,192.61,2026-08-25T00:00:00Z,,,macro,2026-07-24T20:38:45Z,2026-08-25T14:39:07Z,exit,False,True
KXNHSALES-26AUG25-T620000,1266.84,2026-08-25T00:00:00Z,,,macro,2026-07-24T20:38:45Z,2026-08-25T14:39:07Z,exit,False,True
KXNHSALES-26AUG25-T640000,205.3,2026-08-25T00:00:00Z,,,macro,2026-07-24T20:38:45Z,2026-08-25T14:39:07Z,exit,False,True
KXNHSALES-26AUG25-T660000,409.15,2026-08-25T00:00:00Z,,,macro,2026-07-24T20:38:45Z,2026-08-25T14:39:07Z,exit,False,True
KXNHSALES-26AUG25-T680000,237.29,2026-08-25T00:00:00Z,,,macro,2026-07-24T20:38:45Z,2026-08-25T14:39:07Z,exit,False,True
KXNHSALES-26AUG25-T700000,270.0,2026-08-25T00:00:00Z,,,macro,2026-07-24T20:38:45Z,2026-08-25T14:39:07Z,exit,False,True
KXNHSALES-26SEP24-T540000,,,20.0,2026-09-07T10:00:00Z,macro,2026-08-25T16:26:45Z,,entry,True,False
KXNHSALES-26SEP24-T560000,,,0.0,2026-09-07T00:00:00Z,macro,2026-08-25T16:26:45Z,,entry,True,False
KXNHSALES-26SEP24-T580000,,,0.0,2026-09-07T00:00:00Z,macro,2026-08-25T16:26:45Z,,entry,True,False
KXNHSALES-26SEP24-T600000,,,0.0,2026-09-07T00:00:00Z,macro,2026-08-25T16:26:45Z,,entry,True,False
KXNHSALES-26SEP24-T620000,,,0.0,2026-09-07T08:00:00Z,macro,2026-08-25T16:26:45Z,,entry,True,False
KXNOMGDPGROWTH-27JAN28-T0.0,0.0,2026-08-24T19:00:00Z,,,macro,2026-08-06T18:57:08Z,,exit,False,False
KXNOMGDPGROWTH-27JAN28-T0.5,0.0,2026-08-24T19:00:00Z,,,macro,2026-08-06T18:57:08Z,,exit,False,False
KXNOMGDPGROWTH-27JAN28-T1.0,0.0,2026-08-24T19:00:00Z,,,macro,2026-08-06T18:57:08Z,,exit,False,False
KXNOMGDPGROWTH-27JAN28-T1.5,0.0,2026-08-24T19:00:00Z,,,macro,2026-08-06T18:57:08Z,,exit,False,False
KXNOMGDPGROWTH-27JAN28-T2.0,0.0,2026-08-24T19:00:00Z,,,macro,2026-08-06T18:57:08Z,,exit,False,False
KXNOMGDPGROWTH-27JAN28-T2.5,0.0,2026-08-24T19:00:00Z,,,macro,2026-08-06T18:57:08Z,,exit,False,False
KXNOMGDPGROWTH-27JAN28-T3.0,0.0,2026-08-24T19:00:00Z,,,macro,2026-08-06T18:57:08Z,,exit,False,False
KXNOMGDPGROWTH-27JAN28-T3.5,0.0,2026-08-24T19:00:00Z,,,macro,2026-08-06T18:57:08Z,,exit,False,False
KXNOMGDPGROWTH-27JAN28-T4.0,0.0,2026-08-24T19:00:00Z,,,macro,2026-08-06T18:57:08Z,,exit,False,False
KXNOMGDPGROWTH-27JAN28-T4.5,490.03,2026-08-24T17:00:00Z,490.03,2026-09-07T10:00:00Z,macro,2026-08-06T18:57:08Z,,continuing,False,False
KXNOMGDPGROWTH-27JAN28-T5.0,35.0,2026-08-24T19:00:00Z,,,macro,2026-08-06T18:57:08Z,,exit,False,False
KXNOMGDPGROWTH-27JAN28-T5.5,118.0,2026-08-24T10:00:00Z,112.0,2026-09-07T10:00:00Z,macro,2026-08-06T18:57:08Z,,continuing,False,False
KXNOMGDPGROWTH-28JAN28-T0.0,0.0,2026-08-24T19:00:00Z,,,macro,2026-08-06T19:15:16Z,,exit,False,False
KXNOMGDPGROWTH-28JAN28-T0.5,0.13,2026-08-24T19:00:00Z,,,macro,2026-08-06T19:15:16Z,,exit,False,False
KXNOMGDPGROWTH-28JAN28-T3.5,0.05,2026-08-24T10:00:00Z,,,macro,2026-08-06T19:15:16Z,,exit,False,False
KXNOMGDPGROWTH-28JAN28-T4.0,0.01,2026-08-23T15:00:00Z,,,macro,2026-08-06T19:15:16Z,,exit,False,False
KXNOMGDPGROWTH-29JAN28-T0.0,0.07,2026-08-24T19:00:00Z,,,macro,2026-08-06T19:25:37Z,,exit,False,False
KXNOMGDPGROWTH-29JAN28-T0.5,0.07,2026-08-24T19:00:00Z,,,macro,2026-08-06T19:25:37Z,,exit,False,False
KXNUMAPPROP-26OCT01-AL1,1946.35,2026-08-24T10:00:00Z,3116.35,2026-09-07T10:00:00Z,policy,2026-07-13T20:04:26Z,,continuing,False,False
KXNUMAPPROP-26OCT01-AL3,818.18,2026-08-24T17:00:00Z,939.18,2026-09-07T10:00:00Z,policy,2026-07-13T20:04:26Z,,continuing,False,False
KXNUMAPPROP-26OCT01-AL5,1579.0,2026-08-24T09:00:00Z,1579.0,2026-09-07T10:00:00Z,policy,2026-07-13T20:04:26Z,,continuing,False,False
KXNUMCR-27OCT01-AL2,0.0,2026-08-24T16:00:00Z,0.0,2026-09-07T00:00:00Z,policy,2026-08-19T18:38:14Z,,continuing,False,False
KXNUMCR-27OCT01-AL3,0.0,2026-08-24T16:00:00Z,,,policy,2026-08-19T18:38:14Z,,exit,False,False
KXNUMCR-27OCT01-AL4,0.0,2026-08-24T16:00:00Z,,,policy,2026-08-19T18:38:14Z,,exit,False,False
KXNUMCR-27OCT01-AL5,0.0,2026-08-24T16:00:00Z,,,policy,2026-08-19T18:38:14Z,,exit,False,False
KXNUMCR-27OCT01-AL6,0.0,2026-08-24T16:00:00Z,,,policy,2026-08-19T18:38:14Z,,exit,False,False
KXNUMCR-27OCT01-AL8,0.0,2026-08-24T16:00:00Z,,,policy,2026-08-19T18:38:14Z,,exit,False,False
KXNUMSHUTDOWNS-27JAN01-T2,5370.77,2026-08-24T10:00:00Z,5397.64,2026-09-07T13:00:00Z,policy,2026-02-12T23:51:04Z,,continuing,False,False
KXNUMSHUTDOWNS-27JAN01-T3,2851.81,2026-08-24T10:00:00Z,4603.04,2026-09-07T10:00:00Z,policy,2026-02-12T23:51:04Z,,continuing,False,False
KXNUMSHUTDOWNS-27JAN01-T4,1469.66,2026-08-24T17:00:00Z,,,policy,2026-02-12T23:51:04Z,,exit,False,False
KXNUMSHUTDOWNS-27JAN01-T5,268.99,2026-08-24T17:00:00Z,572.99,2026-09-07T11:00:00Z,policy,2026-02-12T23:51:04Z,,continuing,False,False
KXNYAIBILL-27JAN01,5784.77,2026-08-24T17:00:00Z,5790.54,2026-09-07T10:00:00Z,policy,2026-03-12T15:34:25Z,,continuing,False,False
KXNYCAFFORDABLE-27JUN30-A15000,6.6,2026-08-24T16:00:00Z,6.6,2026-09-06T21:00:00Z,policy,2026-07-28T21:30:49Z,,continuing,False,False
KXNYCAFFORDABLE-27JUN30-A20000,0.0,2026-08-24T16:00:00Z,0.0,2026-09-06T21:00:00Z,policy,2026-07-28T21:30:49Z,,continuing,False,False
KXNYCAFFORDABLE-27JUN30-A25000,0.0,2026-08-24T16:00:00Z,0.0,2026-09-06T21:00:00Z,policy,2026-07-28T21:30:49Z,,continuing,False,False
KXNYCAFFORDABLE-27JUN30-A30000,0.0,2026-08-24T16:00:00Z,0.0,2026-09-06T21:00:00Z,policy,2026-07-28T21:30:49Z,,continuing,False,False
KXNYCAFFORDABLE-27JUN30-A35000,0.0,2026-08-24T16:00:00Z,0.0,2026-09-06T21:00:00Z,policy,2026-07-28T21:30:49Z,,continuing,False,False
KXNYCCORPORATETAX-27JAN01,27881.38,2026-08-24T20:00:00Z,26550.83,2026-09-07T10:00:00Z,policy,2025-11-05T18:08:47Z,,continuing,False,False
KXNYCCORPORATETAX-27JAN01-28,85.01,2026-08-24T16:00:00Z,,,policy,2026-07-28T20:03:00Z,,exit,False,False
KXNYCCORPORATETAX-27JAN01-29,58.35,2026-08-24T16:00:00Z,58.35,2026-09-07T18:00:00Z,policy,2026-07-28T20:03:56Z,,continuing,False,False
KXNYCCORPORATETAX-27JAN01-30,37.46,2026-08-24T16:00:00Z,84.71,2026-09-06T20:00:00Z,policy,2026-07-28T20:04:31Z,,continuing,False,False
KXNYCGROCERY-28-JAN01,7236.35,2026-08-24T23:00:00Z,7194.65,2026-09-07T02:00:00Z,policy,2025-10-09T13:38:26Z,,continuing,False,False
KXNYCGROCERYCASE-GROCERY27-0101,,,821.46,2026-09-08T00:00:00Z,policy,2026-09-01T01:55:31Z,,entry,True,False
KXNYCGROCERYCASE-GROCERY27-0701,,,258.57,2026-09-08T00:00:00Z,policy,2026-09-01T01:55:31Z,,entry,True,False
KXNYCGROCERYCASE-GROCERY27-1201,,,1944.53,2026-09-08T00:00:00Z,policy,2026-09-01T01:55:31Z,,entry,True,False
KXNYCPROPERTYTAX-27JAN01,6700.44,2026-08-25T00:00:00Z,6890.0,2026-09-07T04:00:00Z,policy,2026-02-19T22:33:10Z,,continuing,False,False
KXNYCSAVINGS-27MAY01-A1000000000,7.05,2026-08-24T16:00:00Z,,,policy,2026-05-28T16:03:31Z,,exit,False,False
KXNYCSAVINGS-27MAY01-A1200000000,11.16,2026-08-24T16:00:00Z,,,policy,2026-05-28T16:03:31Z,,exit,False,False
KXNYCSAVINGS-27MAY01-A400000000,11.24,2026-08-24T16:00:00Z,11.24,2026-09-06T12:00:00Z,policy,2026-05-28T16:03:31Z,,continuing,False,False
KXNYCSAVINGS-27MAY01-A600000000,5.0,2026-08-24T16:00:00Z,5.0,2026-09-06T12:00:00Z,policy,2026-05-28T16:03:31Z,,continuing,False,False
KXNYCSAVINGS-27MAY01-A800000000,213.89,2026-08-24T16:00:00Z,,,policy,2026-05-28T16:03:31Z,,exit,False,False
KXNYCSTAT-HOME27-A275,0.0,2026-08-24T19:00:00Z,0.0,2026-09-06T23:00:00Z,policy,2026-08-07T16:25:49Z,,continuing,False,False
KXNYCSTAT-HOME27-A300,0.0,2026-08-24T16:00:00Z,0.0,2026-09-06T23:00:00Z,policy,2026-08-07T16:25:49Z,,continuing,False,False
KXNYCSTAT-HOME27-A325,0.0,2026-08-24T16:00:00Z,0.0,2026-09-06T23:00:00Z,policy,2026-08-07T16:25:49Z,,continuing,False,False
KXNYCSTAT-HOME27-A350,205.0,2026-08-24T16:00:00Z,205.0,2026-09-06T23:00:00Z,policy,2026-08-07T16:25:49Z,,continuing,False,False
KXNYCSTAT-HOME27-A375,0.0,2026-08-24T16:00:00Z,,,policy,2026-08-07T16:25:49Z,,exit,False,False
KXNYCSTAT-HOME27-A400,0.0,2026-08-24T16:00:00Z,,,policy,2026-08-07T16:25:49Z,,exit,False,False
KXNYCSTAT-HOME27-A425,0.0,2026-08-24T16:00:00Z,,,policy,2026-08-07T16:25:49Z,,exit,False,False
KXNYCSTAT-HOME27-A450,0.0,2026-08-24T16:00:00Z,,,policy,2026-08-07T16:25:49Z,,exit,False,False
KXNYCSTAT-NYPD26-A34250,205.0,2026-08-24T16:00:00Z,205.0,2026-09-07T05:00:00Z,policy,2026-08-07T16:35:26Z,,continuing,False,False
KXNYCSTAT-NYPD26-A34500,0.0,2026-08-24T16:00:00Z,0.0,2026-09-07T05:00:00Z,policy,2026-08-07T16:35:26Z,,continuing,False,False
KXNYCSTAT-NYPD26-A34750,0.0,2026-08-24T16:00:00Z,0.0,2026-09-07T05:00:00Z,policy,2026-08-07T16:35:26Z,,continuing,False,False
KXNYCSTAT-NYPD26-A35000,0.0,2026-08-24T16:00:00Z,205.0,2026-09-07T06:00:00Z,policy,2026-08-07T16:35:26Z,,continuing,False,False
KXNYCSTAT-NYPD26-A35250,0.0,2026-08-24T16:00:00Z,0.0,2026-09-07T05:00:00Z,policy,2026-08-07T16:35:26Z,,continuing,False,False
KXNYCSTAT-NYPD26-A35500,0.0,2026-08-24T16:00:00Z,0.0,2026-09-07T05:00:00Z,policy,2026-08-07T16:35:26Z,,continuing,False,False
KXNYCSTAT-NYPD26-A35750,0.0,2026-08-24T16:00:00Z,0.0,2026-09-07T05:00:00Z,policy,2026-08-07T16:35:26Z,,continuing,False,False
KXNYCSTAT-PERM26-A23000,0.0,2026-08-24T16:00:00Z,0.0,2026-09-06T23:00:00Z,policy,2026-08-07T16:29:05Z,,continuing,False,False
KXNYCSTAT-PERM26-A26000,16.74,2026-08-24T16:00:00Z,25.11,2026-09-06T23:00:00Z,policy,2026-08-07T16:29:05Z,,continuing,False,False
KXNYCSTAT-PERM26-A29000,0.0,2026-08-24T16:00:00Z,,,policy,2026-08-07T16:29:05Z,,exit,False,False
KXNYCSTAT-PERM26-A32000,0.0,2026-08-24T01:00:00Z,,,policy,2026-08-07T16:29:05Z,,exit,False,False
KXNYCTAXBILLIONS-27JAN01,27682.18,2026-08-25T00:00:00Z,29304.87,2026-09-08T00:00:00Z,policy,2025-11-05T18:08:50Z,,continuing,False,False
KXNYCTAXMILLIONS-27JAN01,15985.15,2026-08-25T00:00:00Z,16487.3,2026-09-07T22:00:00Z,policy,2025-11-11T14:36:44Z,,continuing,False,False
KXNYQSBS-27JAN01,1305.0,2026-08-25T00:00:00Z,1304.74,2026-09-06T03:00:00Z,policy,2026-03-24T19:25:05Z,,continuing,False,False
KXPAHD12-26-BDUK,514.0,2026-08-24T17:00:00Z,539.23,2026-09-07T09:00:00Z,election,2026-08-20T17:36:44Z,,continuing,False,False
KXPAHD12-26-STIM,113.0,2026-08-25T00:00:00Z,115.03,2026-09-07T03:00:00Z,election,2026-08-20T17:36:44Z,,continuing,False,False
KXPAHLAVIVISITA-27JAN01,550771.14,2026-08-25T00:00:00Z,556916.56,2026-09-08T00:00:00Z,policy,2026-01-08T15:11:55Z,,continuing,False,False
KXPAHOUSE-262-DEM,1048.34,2026-08-24T17:00:00Z,,,election,2026-02-19T18:20:19Z,,exit,False,False
KXPAHOUSE-262-GOP,496.61,2026-08-24T17:00:00Z,,,election,2026-02-19T18:20:19Z,,exit,False,False
KXPAPJM-27-27JAN01,3.78,2026-08-24T17:00:00Z,,,policy,2026-07-23T16:01:01Z,,exit,False,False
KXPARLIAMENTARIAN-27,517.0,2026-08-24T17:00:00Z,517.0,2026-09-06T19:00:00Z,policy,2026-04-10T18:08:25Z,,continuing,False,False
KXPASEN-262-D,220.12,2026-08-24T19:00:00Z,229.97,2026-09-06T17:00:00Z,election,2026-02-19T17:50:52Z,,continuing,False,False
KXPATIENTSMONOPOLIES-27-JAN04,1022.1,2026-08-24T17:00:00Z,1032.86,2026-09-07T06:00:00Z,policy,2025-03-14T13:29:23Z,,continuing,False,False
KXPAYROLLS-26AUG-T-25000,6695.57,2026-08-25T00:00:00Z,,,macro,2025-10-09T15:57:49Z,2026-09-04T13:04:40Z,exit,False,True
KXPAYROLLS-26AUG-T0,1367.45,2026-08-25T00:00:00Z,,,macro,2025-10-09T15:57:49Z,2026-09-04T13:04:40Z,exit,False,True
KXPAYROLLS-26AUG-T10000,94.01,2026-08-25T00:00:00Z,,,macro,2025-10-09T15:57:49Z,2026-09-04T13:04:40Z,exit,False,True
KXPAYROLLS-26AUG-T100000,4585.62,2026-08-24T23:00:00Z,,,macro,2025-10-09T15:57:49Z,2026-09-04T13:04:40Z,exit,False,True
KXPAYROLLS-26AUG-T125000,5782.72,2026-08-24T20:00:00Z,,,macro,2025-10-09T15:57:49Z,2026-09-04T13:04:40Z,exit,False,True
KXPAYROLLS-26AUG-T20000,113.34,2026-08-25T00:00:00Z,,,macro,2025-10-09T15:57:49Z,2026-09-04T13:04:40Z,exit,False,True
KXPAYROLLS-26AUG-T30000,1615.76,2026-08-25T00:00:00Z,,,macro,2025-10-09T15:57:49Z,2026-09-04T13:04:40Z,exit,False,True
KXPAYROLLS-26AUG-T40000,679.08,2026-08-25T00:00:00Z,,,macro,2025-10-09T15:57:49Z,2026-09-04T13:04:40Z,exit,False,True
KXPAYROLLS-26AUG-T50000,2239.16,2026-08-25T00:00:00Z,,,macro,2025-10-09T15:57:49Z,2026-09-04T13:04:40Z,exit,False,True
KXPAYROLLS-26AUG-T60000,1467.2,2026-08-25T00:00:00Z,,,macro,2025-10-09T15:57:49Z,2026-09-04T13:04:40Z,exit,False,True
KXPAYROLLS-26AUG-T70000,843.49,2026-08-25T00:00:00Z,,,macro,2025-10-09T15:57:49Z,2026-09-04T13:04:40Z,exit,False,True
KXPAYROLLS-26AUG-T80000,818.38,2026-08-25T00:00:00Z,,,macro,2025-10-09T15:57:49Z,2026-09-04T13:04:40Z,exit,False,True
KXPAYROLLS-26AUG-T90000,3576.53,2026-08-24T23:00:00Z,,,macro,2025-10-09T15:57:49Z,2026-09-04T13:04:40Z,exit,False,True
KXPAYROLLS-26NOV-T-25000,56.0,2026-08-23T14:00:00Z,69.07,2026-09-08T00:00:00Z,macro,2025-10-09T15:58:01Z,,continuing,False,False
KXPAYROLLS-26NOV-T0,,,251.44,2026-09-08T00:00:00Z,macro,2025-10-09T15:58:01Z,,entry,False,False
KXPAYROLLS-26NOV-T10000,87.64,2026-08-23T14:00:00Z,88.78,2026-09-08T00:00:00Z,macro,2025-10-09T15:58:01Z,,continuing,False,False
KXPAYROLLS-26NOV-T100000,,,12.0,2026-09-07T22:00:00Z,macro,2025-10-09T15:58:01Z,,entry,False,False
KXPAYROLLS-26NOV-T125000,177.0,2026-08-23T14:00:00Z,177.0,2026-09-08T00:00:00Z,macro,2025-10-09T15:58:01Z,,continuing,False,False
KXPAYROLLS-26NOV-T20000,91.0,2026-08-23T14:00:00Z,91.0,2026-09-07T22:00:00Z,macro,2025-10-09T15:58:01Z,,continuing,False,False
KXPAYROLLS-26NOV-T30000,,,133.88,2026-09-07T22:00:00Z,macro,2025-10-09T15:58:01Z,,entry,False,False
KXPAYROLLS-26NOV-T40000,,,7.45,2026-09-07T22:00:00Z,macro,2025-10-09T15:58:01Z,,entry,False,False
KXPAYROLLS-26NOV-T50000,99.06,2026-08-23T14:00:00Z,99.06,2026-09-07T22:00:00Z,macro,2025-10-09T15:58:01Z,,continuing,False,False
KXPAYROLLS-26NOV-T60000,,,138.68,2026-09-07T22:00:00Z,macro,2025-10-09T15:58:01Z,,entry,False,False
KXPAYROLLS-26NOV-T70000,,,42.0,2026-09-07T22:00:00Z,macro,2025-10-09T15:58:01Z,,entry,False,False
KXPAYROLLS-26NOV-T80000,10.0,2026-08-23T14:00:00Z,117.0,2026-09-07T23:00:00Z,macro,2025-10-09T15:58:01Z,,continuing,False,False
KXPAYROLLS-26NOV-T90000,95.1,2026-08-23T16:00:00Z,106.1,2026-09-07T22:00:00Z,macro,2025-10-09T15:58:01Z,,continuing,False,False
KXPAYROLLS-26OCT-T-25000,386.0,2026-08-24T22:00:00Z,387.03,2026-09-07T22:00:00Z,macro,2025-10-09T15:57:57Z,,continuing,False,False
KXPAYROLLS-26OCT-T0,,,451.76,2026-09-07T22:00:00Z,macro,2025-10-09T15:57:57Z,,entry,False,False
KXPAYROLLS-26OCT-T10000,,,50.0,2026-09-07T22:00:00Z,macro,2025-10-09T15:57:57Z,,entry,False,False
KXPAYROLLS-26OCT-T100000,,,10.18,2026-09-07T22:00:00Z,macro,2025-10-09T15:57:57Z,,entry,False,False
KXPAYROLLS-26OCT-T125000,,,209.0,2026-09-07T22:00:00Z,macro,2025-10-09T15:57:57Z,,entry,False,False
KXPAYROLLS-26OCT-T20000,,,50.0,2026-09-07T22:00:00Z,macro,2025-10-09T15:57:57Z,,entry,False,False
KXPAYROLLS-26OCT-T30000,,,50.0,2026-09-07T22:00:00Z,macro,2025-10-09T15:57:57Z,,entry,False,False
KXPAYROLLS-26OCT-T40000,,,110.0,2026-09-07T22:00:00Z,macro,2025-10-09T15:57:57Z,,entry,False,False
KXPAYROLLS-26OCT-T50000,,,41.0,2026-09-07T22:00:00Z,macro,2025-10-09T15:57:57Z,,entry,False,False
KXPAYROLLS-26OCT-T60000,,,22.0,2026-09-07T22:00:00Z,macro,2025-10-09T15:57:57Z,,entry,False,False
KXPAYROLLS-26OCT-T70000,,,4.0,2026-09-07T22:00:00Z,macro,2025-10-09T15:57:57Z,,entry,False,False
KXPAYROLLS-26OCT-T80000,,,1.0,2026-09-07T22:00:00Z,macro,2025-10-09T15:57:57Z,,entry,False,False
KXPAYROLLS-26OCT-T90000,,,75.0,2026-09-07T22:00:00Z,macro,2025-10-09T15:57:57Z,,entry,False,False
KXPAYROLLS-26SEP-T-25000,346.06,2026-08-24T22:00:00Z,394.9,2026-09-07T17:00:00Z,macro,2025-10-09T15:57:53Z,,continuing,False,False
KXPAYROLLS-26SEP-T0,,,845.29,2026-09-07T17:00:00Z,macro,2025-10-09T15:57:53Z,,entry,False,False
KXPAYROLLS-26SEP-T10000,,,410.79,2026-09-07T17:00:00Z,macro,2025-10-09T15:57:53Z,,entry,False,False
KXPAYROLLS-26SEP-T100000,,,2782.91,2026-09-07T17:00:00Z,macro,2025-10-09T15:57:53Z,,entry,False,False
KXPAYROLLS-26SEP-T125000,1730.08,2026-08-24T22:00:00Z,2533.49,2026-09-07T19:00:00Z,macro,2025-10-09T15:57:53Z,,continuing,False,False
KXPAYROLLS-26SEP-T20000,,,269.3,2026-09-07T17:00:00Z,macro,2025-10-09T15:57:53Z,,entry,False,False
KXPAYROLLS-26SEP-T30000,,,426.56,2026-09-07T22:00:00Z,macro,2025-10-09T15:57:53Z,,entry,False,False
KXPAYROLLS-26SEP-T40000,,,424.31,2026-09-07T22:00:00Z,macro,2025-10-09T15:57:53Z,,entry,False,False
KXPAYROLLS-26SEP-T50000,,,274.84,2026-09-08T00:00:00Z,macro,2025-10-09T15:57:53Z,,entry,False,False
KXPAYROLLS-26SEP-T60000,,,1004.54,2026-09-07T17:00:00Z,macro,2025-10-09T15:57:53Z,,entry,False,False
KXPAYROLLS-26SEP-T70000,,,492.9,2026-09-07T23:00:00Z,macro,2025-10-09T15:57:53Z,,entry,False,False
KXPAYROLLS-26SEP-T80000,,,165.66,2026-09-07T23:00:00Z,macro,2025-10-09T15:57:53Z,,entry,False,False
KXPAYROLLS-26SEP-T90000,,,361.65,2026-09-08T00:00:00Z,macro,2025-10-09T15:57:53Z,,entry,False,False
KXPCECORE-26AUG-T0.0,5.0,2026-08-24T18:00:00Z,,,macro,2025-11-05T19:30:25Z,,exit,False,False
KXPCECORE-26AUG-T0.1,16.66,2026-08-24T17:00:00Z,81.66,2026-09-07T23:00:00Z,macro,2025-11-05T19:30:25Z,,continuing,False,False
KXPCECORE-26AUG-T0.2,402.0,2026-08-24T23:00:00Z,512.69,2026-09-07T22:00:00Z,macro,2025-11-05T19:30:25Z,,continuing,False,False
KXPCECORE-26AUG-T0.3,504.02,2026-08-24T17:00:00Z,531.02,2026-09-07T18:00:00Z,macro,2025-11-05T19:30:25Z,,continuing,False,False
KXPCECORE-26AUG-T0.4,100.0,2026-08-24T18:00:00Z,,,macro,2025-11-05T19:30:25Z,,exit,False,False
KXPCECORE-26AUG-T0.5,50.0,2026-08-24T18:00:00Z,,,macro,2026-07-26T17:54:07Z,,exit,False,False
KXPCECORE-26AUG-T0.6,50.0,2026-08-24T18:00:00Z,,,macro,2026-07-26T17:54:42Z,,exit,False,False
KXPCECORE-26AUG-T0.7,51.0,2026-08-24T18:00:00Z,,,macro,2026-07-26T17:55:50Z,,exit,False,False
KXPCECORE-26JUL-T0.0,7.0,2026-08-24T18:00:00Z,,,macro,2025-11-05T19:30:20Z,2026-08-26T13:44:27Z,exit,False,True
KXPCECORE-26JUL-T0.1,10577.28,2026-08-24T23:00:00Z,,,macro,2025-11-05T19:30:20Z,2026-08-26T13:44:27Z,exit,False,True
KXPCECORE-26JUL-T0.2,7674.72,2026-08-25T00:00:00Z,,,macro,2025-11-05T19:30:20Z,2026-08-26T13:44:27Z,exit,False,True
KXPCECORE-26JUL-T0.3,3366.57,2026-08-25T00:00:00Z,,,macro,2025-11-05T19:30:20Z,2026-08-26T13:44:27Z,exit,False,True
KXPCECORE-26JUL-T0.4,580.0,2026-08-24T21:00:00Z,,,macro,2025-11-05T19:30:20Z,2026-08-26T13:44:27Z,exit,False,True
KXPCECORE-26NOV-T0.0,5.0,2026-08-24T17:00:00Z,5.0,2026-09-07T23:00:00Z,macro,2025-11-05T19:31:02Z,,continuing,False,False
KXPCECORE-26NOV-T0.1,203.0,2026-08-24T17:00:00Z,,,macro,2025-11-05T19:31:02Z,,exit,False,False
KXPCECORE-26NOV-T0.2,,,98.01,2026-09-07T13:00:00Z,macro,2025-11-05T19:31:02Z,,entry,False,False
KXPCECORE-26NOV-T0.3,,,319.16,2026-09-07T13:00:00Z,macro,2025-11-05T19:31:02Z,,entry,False,False
KXPCECORE-26NOV-T0.4,87.0,2026-08-24T17:00:00Z,,,macro,2025-11-05T19:31:02Z,,exit,False,False
KXPCECORE-26OCT-T0.0,4.0,2026-08-24T17:00:00Z,4.0,2026-09-07T23:00:00Z,macro,2025-11-05T19:30:56Z,,continuing,False,False
KXPCECORE-26OCT-T0.1,7.0,2026-08-24T12:00:00Z,2.0,2026-09-07T23:00:00Z,macro,2025-11-05T19:30:56Z,,continuing,False,False
KXPCECORE-26OCT-T0.2,,,56.0,2026-09-07T13:00:00Z,macro,2025-11-05T19:30:56Z,,entry,False,False
KXPCECORE-26OCT-T0.3,84.0,2026-08-24T17:00:00Z,84.0,2026-09-07T11:00:00Z,macro,2025-11-05T19:30:56Z,,continuing,False,False
KXPCECORE-26OCT-T0.4,94.0,2026-08-24T17:00:00Z,,,macro,2025-11-05T19:30:56Z,,exit,False,False
KXPCECORE-26SEP-T0.0,5.0,2026-08-24T17:00:00Z,,,macro,2025-11-05T19:30:30Z,,exit,False,False
KXPCECORE-26SEP-T0.1,202.0,2026-08-24T17:00:00Z,,,macro,2025-11-05T19:30:30Z,,exit,False,False
KXPCECORE-26SEP-T0.2,,,254.0,2026-09-07T13:00:00Z,macro,2025-11-05T19:30:30Z,,entry,False,False
KXPCECORE-26SEP-T0.3,,,253.0,2026-09-07T13:00:00Z,macro,2025-11-05T19:30:30Z,,entry,False,False
KXPCEHEAD-26SEP30-T0.0,,,0.0,2026-09-06T20:00:00Z,macro,2026-08-28T15:58:24Z,,entry,True,False
KXPCEHEAD-26SEP30-T0.1,,,0.0,2026-09-06T20:00:00Z,macro,2026-08-28T15:58:24Z,,entry,True,False
KXPCEHEAD-26SEP30-T0.2,,,0.0,2026-09-06T20:00:00Z,macro,2026-08-28T15:58:24Z,,entry,True,False
KXPCEHEAD-26SEP30-T0.3,,,0.0,2026-09-06T20:00:00Z,macro,2026-08-28T15:58:24Z,,entry,True,False
KXPCEHEAD-26SEP30-T0.4,,,0.0,2026-09-07T23:00:00Z,macro,2026-08-28T15:58:24Z,,entry,True,False
KXPCEHEAD-26SEP30-T0.5,,,0.0,2026-09-06T20:00:00Z,macro,2026-08-28T15:58:24Z,,entry,True,False
KXPCEHEAD-26SEP30-T0.6,,,0.0,2026-09-06T20:00:00Z,macro,2026-08-28T15:58:24Z,,entry,True,False
KXPIEDATERRECASE-27,2351.0,2026-08-24T14:00:00Z,2591.24,2026-09-07T19:00:00Z,policy,2026-08-19T00:48:34Z,,continuing,False,False
KXPOWERKWH-26SEP11-T19.2,7967.76,2026-08-24T06:00:00Z,6944.76,2026-09-07T10:00:00Z,macro,2026-08-16T19:25:09Z,,continuing,False,False
KXPOWERKWH-26SEP11-T19.4,1675.26,2026-08-24T17:00:00Z,1597.68,2026-09-07T23:00:00Z,macro,2026-08-16T19:25:09Z,,continuing,False,False
KXPOWERKWH-26SEP11-T19.6,1949.5,2026-08-24T17:00:00Z,1964.25,2026-09-07T08:00:00Z,macro,2026-08-16T19:25:09Z,,continuing,False,False
KXPOWERKWH-26SEP11-T19.8,2666.92,2026-08-24T17:00:00Z,3186.87,2026-09-08T00:00:00Z,macro,2026-08-16T19:25:09Z,,continuing,False,False
KXPOWERKWH-26SEP11-T20.0,500.0,2026-08-23T13:00:00Z,500.0,2026-09-07T03:00:00Z,macro,2026-08-16T19:25:09Z,,continuing,False,False
KXPOWERKWH-26SEP11-T20.2,500.0,2026-08-23T10:00:00Z,,,macro,2026-08-16T19:25:09Z,,exit,False,False
KXPOWERKWH-26SEP11-T20.4,5781.0,2026-08-24T06:00:00Z,5781.0,2026-09-07T01:00:00Z,macro,2026-08-16T19:25:09Z,,continuing,False,False
KXRATECUT-26DEC31,505110.84,2026-08-25T00:00:00Z,538934.7,2026-09-08T00:00:00Z,macro,2026-02-25T19:05:58Z,,continuing,False,False
KXRATECUTCOUNT-26DEC31-T0,1004753.62,2026-08-25T00:00:00Z,1053437.82,2026-09-08T00:00:00Z,macro,2025-09-26T15:07:03Z,,continuing,False,False
KXRATECUTCOUNT-26DEC31-T1,320704.71,2026-08-25T00:00:00Z,381272.41,2026-09-08T00:00:00Z,macro,2025-09-26T15:07:03Z,,continuing,False,False
KXRATECUTCOUNT-26DEC31-T10,257614.47,2026-08-25T00:00:00Z,,,macro,2025-09-26T15:07:03Z,,exit,False,False
KXRATECUTCOUNT-26DEC31-T11,204227.75,2026-08-25T00:00:00Z,,,macro,2025-09-26T15:07:03Z,,exit,False,False
KXRATECUTCOUNT-26DEC31-T12,218409.51,2026-08-25T00:00:00Z,,,macro,2025-09-26T15:07:03Z,,exit,False,False
KXRATECUTCOUNT-26DEC31-T13,179384.4,2026-08-25T00:00:00Z,,,macro,2025-09-26T15:07:03Z,,exit,False,False
KXRATECUTCOUNT-26DEC31-T14,316466.76,2026-08-25T00:00:00Z,,,macro,2025-09-26T15:07:03Z,,exit,False,False
KXRATECUTCOUNT-26DEC31-T15,250122.51,2026-08-25T00:00:00Z,,,macro,2025-09-26T15:07:03Z,,exit,False,False
KXRATECUTCOUNT-26DEC31-T16,2989.0,2026-08-25T00:00:00Z,,,macro,2025-09-26T15:07:03Z,,exit,False,False
KXRATECUTCOUNT-26DEC31-T17,2372.4,2026-08-25T00:00:00Z,307420.7,2026-09-08T00:00:00Z,macro,2025-09-26T15:07:03Z,,continuing,False,False
KXRATECUTCOUNT-26DEC31-T18,1542.0,2026-08-25T00:00:00Z,,,macro,2025-09-26T15:07:03Z,,exit,False,False
KXRATECUTCOUNT-26DEC31-T19,2406.0,2026-08-25T00:00:00Z,,,macro,2025-09-26T15:07:03Z,,exit,False,False
KXRATECUTCOUNT-26DEC31-T2,393933.07,2026-08-25T00:00:00Z,434035.3,2026-09-08T00:00:00Z,macro,2025-09-26T15:07:03Z,,continuing,False,False
KXRATECUTCOUNT-26DEC31-T20,3824.7,2026-08-25T00:00:00Z,,,macro,2025-09-26T15:07:03Z,,exit,False,False
KXRATECUTCOUNT-26DEC31-T3,301434.96,2026-08-25T00:00:00Z,330252.05,2026-09-08T00:00:00Z,macro,2025-09-26T15:07:03Z,,continuing,False,False
KXRATECUTCOUNT-26DEC31-T4,315918.23,2026-08-25T00:00:00Z,347101.45,2026-09-07T21:00:00Z,macro,2025-09-26T15:07:03Z,,continuing,False,False
KXRATECUTCOUNT-26DEC31-T5,268693.11,2026-08-25T00:00:00Z,288494.05,2026-09-07T15:00:00Z,macro,2025-09-26T15:07:03Z,,continuing,False,False
KXRATECUTCOUNT-26DEC31-T6,270866.05,2026-08-25T00:00:00Z,291261.19,2026-09-06T22:00:00Z,macro,2025-09-26T15:07:03Z,,continuing,False,False
KXRATECUTCOUNT-26DEC31-T7,274280.18,2026-08-25T00:00:00Z,,,macro,2025-09-26T15:07:03Z,,exit,False,False
KXRATECUTCOUNT-26DEC31-T8,233430.1,2026-08-25T00:00:00Z,,,macro,2025-09-26T15:07:03Z,,exit,False,False
KXRATECUTCOUNT-26DEC31-T9,254898.43,2026-08-25T00:00:00Z,,,macro,2025-09-26T15:07:03Z,,exit,False,False
KXRECCOUNT-27-1,19013.68,2026-08-25T00:00:00Z,19013.68,2026-09-06T20:00:00Z,policy,2025-11-25T20:14:35Z,,continuing,False,False
KXRECCOUNT-27-2,19252.3,2026-08-24T19:00:00Z,19262.3,2026-09-06T20:00:00Z,policy,2025-11-25T20:14:35Z,,continuing,False,False
KXRECNCBILL-26JUL-26OCT01,1.0,2026-08-24T16:00:00Z,,,policy,2026-07-22T19:12:53Z,,exit,False,False
KXRECNCBILL-26JUL-27JAN01,0.0,2026-08-24T16:00:00Z,,,policy,2026-07-22T19:12:53Z,,exit,False,False
KXRECNCBILL-26JUL-27JUL01,0.14,2026-08-24T16:00:00Z,,,policy,2026-07-22T19:12:53Z,,exit,False,False
KXRECNCBILL-26JUL-28JAN01,0.14,2026-08-24T16:00:00Z,,,policy,2026-07-22T19:12:53Z,,exit,False,False
KXRECNCBILL-26JUL-28JUL01,30.14,2026-08-24T16:00:00Z,,,policy,2026-07-22T19:12:53Z,,exit,False,False
KXRECNCH-27-DEC01,418.51,2026-08-24T17:00:00Z,762.41,2026-09-06T15:00:00Z,policy,2026-06-24T18:22:09Z,,continuing,False,False
KXRECNCH-27-JAN01,1065.29,2026-08-24T17:00:00Z,1489.32,2026-09-07T04:00:00Z,policy,2026-06-24T18:22:09Z,,continuing,False,False
KXRECNCH-27-NOV01,967.23,2026-08-24T17:00:00Z,,,policy,2026-06-24T18:22:09Z,,exit,False,False
KXRECNCH-27-OCT01,2345.01,2026-08-25T00:00:00Z,,,policy,2026-06-24T18:22:09Z,,exit,False,False
KXRECOGPERSONIRAN-26,208408.38,2026-08-24T21:00:00Z,208156.42,2026-09-07T21:00:00Z,policy,2026-01-08T13:44:21Z,,continuing,False,False
KXRECSSNBER-26,889822.59,2026-08-25T00:00:00Z,891888.92,2026-09-07T23:00:00Z,macro,2025-07-09T20:54:10Z,,continuing,False,False
KXRECSSNBER-27,122856.39,2026-08-24T23:00:00Z,181991.02,2026-09-08T00:00:00Z,macro,2026-04-24T18:45:45Z,,continuing,False,False
KXRENTFREEZEEFFECT-26,2635.69,2026-08-24T17:00:00Z,14752.53,2026-09-08T00:00:00Z,policy,2026-07-28T21:18:34Z,,continuing,False,False
KXRESTOREDEFERRAL-26JUL-27JAN01,160.27,2026-08-24T16:00:00Z,160.27,2026-09-06T20:00:00Z,policy,2026-07-22T14:56:58Z,,continuing,False,False
KXSANCTIONRUSSIA-26JUL,3981.93,2026-08-24T19:00:00Z,,,policy,2026-07-21T23:15:12Z,2026-09-01T13:57:11Z,exit,False,True
KXSANCTIONRUSSIA-26JUL-NOV,2334.34,2026-08-24T16:00:00Z,2197.09,2026-09-06T19:00:00Z,policy,2026-07-21T23:16:22Z,,continuing,False,False
KXSBUDGETRES-26JUN-26OCT01,1065.42,2026-08-24T17:00:00Z,1065.42,2026-09-07T20:00:00Z,policy,2026-06-10T23:56:48Z,,continuing,False,False
KXSBUDGETRES-26JUN-27JAN01,588.48,2026-08-24T16:00:00Z,588.48,2026-09-06T13:00:00Z,policy,2026-06-10T23:56:48Z,,continuing,False,False
KXSCOTUSAICOPYRIGHT-27JAN-AICOPYRIGHT,4035.32,2026-08-24T16:00:00Z,4044.08,2026-09-06T18:00:00Z,policy,2025-03-27T13:22:10Z,,continuing,False,False
KXSECPRESSMENTION-26SEP15-AFFO,1142.29,2026-08-24T21:00:00Z,2480.72,2026-09-08T00:00:00Z,mention,2026-08-06T13:50:29Z,,continuing,False,False
KXSECPRESSMENTION-26SEP15-AI,2348.74,2026-08-24T15:00:00Z,2727.33,2026-09-08T00:00:00Z,mention,2026-08-06T13:50:29Z,,continuing,False,False
KXSECPRESSMENTION-26SEP15-ICE,1243.41,2026-08-24T23:00:00Z,2112.21,2026-09-08T00:00:00Z,mention,2026-08-06T13:50:29Z,,continuing,False,False
KXSECPRESSMENTION-26SEP15-IRAN,1155.62,2026-08-24T21:00:00Z,5503.11,2026-09-07T23:00:00Z,mention,2026-08-06T13:50:29Z,,continuing,False,False
KXSECPRESSMENTION-26SEP15-OIL,442.08,2026-08-24T21:00:00Z,9411.63,2026-09-08T00:00:00Z,mention,2026-08-06T13:50:29Z,,continuing,False,False
KXSECPRESSMENTION-26SEP15-TARI,1030.59,2026-08-24T23:00:00Z,4002.57,2026-09-07T23:00:00Z,mention,2026-08-06T13:50:29Z,,continuing,False,False
KXSENATEREC-26JUN-26DEC01,724.64,2026-08-24T17:00:00Z,734.64,2026-09-06T15:00:00Z,policy,2026-06-24T18:21:42Z,,continuing,False,False
KXSENATEREC-26JUN-26NOV01,829.97,2026-08-24T09:00:00Z,1039.97,2026-09-06T15:00:00Z,policy,2026-06-24T18:21:42Z,,continuing,False,False
KXSENATEREC-26JUN-26OCT01,507.01,2026-08-24T17:00:00Z,,,policy,2026-06-24T18:21:42Z,,exit,False,False
KXSENATEREC-26JUN-26SEP01,350.0,2026-08-24T08:00:00Z,,,policy,2026-06-24T18:21:42Z,2026-09-01T13:53:41Z,exit,False,True
KXSENATEREC-26JUN-27JAN01,1128.56,2026-08-24T16:00:00Z,1045.56,2026-09-06T15:00:00Z,policy,2026-06-24T18:21:42Z,,continuing,False,False
KXSHELTERCPI-26SEP11-T429.4,1479.77,2026-08-24T10:00:00Z,1479.77,2026-09-07T17:00:00Z,macro,2026-08-16T19:40:09Z,,continuing,False,False
KXSHELTERCPI-26SEP11-T429.5,453.23,2026-08-24T20:00:00Z,453.23,2026-09-07T10:00:00Z,macro,2026-08-16T19:40:09Z,,continuing,False,False
KXSHELTERCPI-26SEP11-T429.6,3546.0,2026-08-24T09:00:00Z,3546.0,2026-09-07T10:00:00Z,macro,2026-08-16T19:40:09Z,,continuing,False,False
KXSHELTERCPI-26SEP11-T429.7,4106.0,2026-08-24T23:00:00Z,4136.0,2026-09-07T10:00:00Z,macro,2026-08-16T19:40:09Z,,continuing,False,False
KXSHELTERCPI-26SEP11-T429.8,2189.42,2026-08-24T23:00:00Z,2473.25,2026-09-06T03:00:00Z,macro,2026-08-16T19:40:09Z,,continuing,False,False
KXSHELTERCPI-26SEP11-T429.9,1535.01,2026-08-24T23:00:00Z,1535.01,2026-09-07T22:00:00Z,macro,2026-08-16T19:40:09Z,,continuing,False,False
KXSHELTERCPI-26SEP11-T430.0,1884.76,2026-08-24T10:00:00Z,2031.13,2026-09-07T23:00:00Z,macro,2026-08-16T19:40:09Z,,continuing,False,False
KXSHELTERCPI-26SEP11-T430.1,1816.89,2026-08-24T21:00:00Z,2752.97,2026-09-06T14:00:00Z,macro,2026-08-16T19:40:09Z,,continuing,False,False
KXSHELTERCPI-26SEP11-T430.2,101.0,2026-08-24T15:00:00Z,101.0,2026-09-07T17:00:00Z,macro,2026-08-16T19:40:09Z,,continuing,False,False
KXSHELTERCPI-26SEP11-T430.3,1500.0,2026-08-25T00:00:00Z,1544.0,2026-09-07T17:00:00Z,macro,2026-08-16T19:40:09Z,,continuing,False,False
KXSHELTERCPI-26SEP11-T430.4,500.0,2026-08-24T17:00:00Z,500.0,2026-09-08T00:00:00Z,macro,2026-08-16T19:40:09Z,,continuing,False,False
KXSHELTERCPI-26SEP11-T430.5,1953.0,2026-08-24T09:00:00Z,1953.0,2026-09-08T00:00:00Z,macro,2026-08-16T19:40:09Z,,continuing,False,False
KXSHELTERCPI-26SEP11-T430.6,25.0,2026-08-24T17:00:00Z,25.0,2026-09-07T17:00:00Z,macro,2026-08-16T19:40:09Z,,continuing,False,False
KXSHELTERCPI-26SEP11-T430.7,4177.0,2026-08-24T00:00:00Z,4177.0,2026-09-07T21:00:00Z,macro,2026-08-16T19:40:09Z,,continuing,False,False
KXSTATELAW-27-AIAD,200.0,2026-08-24T16:00:00Z,,,policy,2026-05-08T20:02:36Z,,exit,False,False
KXSTATELAW-27-CEAR,205.0,2026-08-24T16:00:00Z,205.0,2026-09-06T11:00:00Z,policy,2026-05-08T20:02:36Z,,continuing,False,False
KXSTATELAW-27-COMP,400.0,2026-08-24T17:00:00Z,400.0,2026-09-06T20:00:00Z,policy,2026-05-08T20:02:36Z,,continuing,False,False
KXSTATELEG-AKHOUSE26-D,99.83,2026-08-24T17:00:00Z,,,election,2026-04-15T20:23:48Z,,exit,False,False
KXSTATELEG-AKHOUSE26-R,2.27,2026-08-24T17:00:00Z,,,election,2026-04-15T20:23:48Z,,exit,False,False
KXSTATELEG-AKSEN26-D,28.0,2026-08-24T17:00:00Z,,,election,2026-04-15T20:25:57Z,,exit,False,False
KXSTATELEG-AKSEN26-R,125.23,2026-08-24T17:00:00Z,,,election,2026-04-15T20:25:57Z,,exit,False,False
KXSTATELEG-AZHOUSE26-D,32.4,2026-08-24T10:00:00Z,,,election,2026-04-15T20:29:12Z,,exit,False,False
KXSTATELEG-AZHOUSE26-R,194.28,2026-08-24T10:00:00Z,194.28,2026-09-07T10:00:00Z,election,2026-04-15T20:29:12Z,,continuing,False,False
KXSTATELEG-AZSEN26-D,889.71,2026-08-24T17:00:00Z,889.71,2026-09-07T10:00:00Z,election,2026-04-14T21:01:07Z,,continuing,False,False
KXSTATELEG-AZSEN26-R,707.54,2026-08-24T17:00:00Z,,,election,2026-04-14T21:01:07Z,,exit,False,False
KXSTATELEG-FLHOUS26-D,731.0,2026-08-24T17:00:00Z,731.0,2026-09-07T10:00:00Z,election,2026-06-22T18:36:58Z,,continuing,False,False
KXSTATELEG-FLHOUS26-R,574.11,2026-08-24T17:00:00Z,,,election,2026-06-22T18:36:58Z,,exit,False,False
KXSTATELEG-FLSENA26-D,337.0,2026-08-24T17:00:00Z,337.0,2026-09-06T20:00:00Z,election,2026-06-22T18:38:24Z,,continuing,False,False
KXSTATELEG-FLSENA26-R,2.0,2026-08-24T17:00:00Z,2.0,2026-09-06T20:00:00Z,election,2026-06-22T18:38:24Z,,continuing,False,False
KXSTATELEG-GAHOUSE26-D,508.03,2026-08-25T00:00:00Z,533.92,2026-09-07T23:00:00Z,election,2026-04-22T22:29:11Z,,continuing,False,False
KXSTATELEG-GAHOUSE26-R,53.71,2026-08-24T16:00:00Z,,,election,2026-04-22T22:29:11Z,,exit,False,False
KXSTATELEG-GASEN26-D,301.0,2026-08-24T17:00:00Z,,,election,2026-04-22T22:30:45Z,,exit,False,False
KXSTATELEG-GASEN26-R,39.97,2026-08-24T17:00:00Z,,,election,2026-04-22T22:30:45Z,,exit,False,False
KXSTATELEG-IAHOUSE26-D,164.32,2026-08-24T17:00:00Z,189.59,2026-09-07T10:00:00Z,election,2026-04-15T20:29:16Z,,continuing,False,False
KXSTATELEG-IAHOUSE26-R,153.0,2026-08-24T17:00:00Z,154.0,2026-09-06T20:00:00Z,election,2026-04-15T20:29:16Z,,continuing,False,False
KXSTATELEG-IASEN26-D,283.22,2026-08-24T17:00:00Z,283.22,2026-09-07T10:00:00Z,election,2026-04-15T20:29:21Z,,continuing,False,False
KXSTATELEG-IASEN26-R,108.0,2026-08-24T17:00:00Z,,,election,2026-04-15T20:29:21Z,,exit,False,False
KXSTATELEG-MEHOUSE26-D,11.11,2026-08-24T17:00:00Z,11.11,2026-09-07T10:00:00Z,election,2026-04-15T20:29:25Z,,continuing,False,False
KXSTATELEG-MEHOUSE26-R,151.67,2026-08-25T00:00:00Z,151.67,2026-09-07T10:00:00Z,election,2026-04-15T20:29:25Z,,continuing,False,False
KXSTATELEG-MESEN26-D,877.9,2026-08-24T17:00:00Z,877.9,2026-09-07T10:00:00Z,election,2026-04-15T20:29:29Z,,continuing,False,False
KXSTATELEG-MESEN26-R,1866.75,2026-08-24T19:00:00Z,1866.75,2026-09-07T10:00:00Z,election,2026-04-15T20:29:29Z,,continuing,False,False
KXSTATELEG-MIHOUSE26-D,676.53,2026-08-24T14:00:00Z,677.53,2026-09-07T10:00:00Z,election,2026-04-15T20:31:55Z,,continuing,False,False
KXSTATELEG-MIHOUSE26-R,363.0,2026-08-25T00:00:00Z,363.0,2026-09-07T10:00:00Z,election,2026-04-15T20:31:55Z,,continuing,False,False
KXSTATELEG-MISEN26-D,639.58,2026-08-25T00:00:00Z,639.58,2026-09-07T10:00:00Z,election,2026-04-15T20:31:58Z,,continuing,False,False
KXSTATELEG-MISEN26-R,872.53,2026-08-25T00:00:00Z,872.53,2026-09-07T23:00:00Z,election,2026-04-15T20:31:58Z,,continuing,False,False
KXSTATELEG-MNHOUSE26-D,1528.25,2026-08-25T00:00:00Z,1562.25,2026-09-07T10:00:00Z,election,2026-04-15T20:32:03Z,,continuing,False,False
KXSTATELEG-MNHOUSE26-R,2694.45,2026-08-24T17:00:00Z,2801.45,2026-09-07T10:00:00Z,election,2026-04-15T20:32:03Z,,continuing,False,False
KXSTATELEG-MNSEN26-D,546.43,2026-08-24T17:00:00Z,608.91,2026-09-07T04:00:00Z,election,2026-04-15T20:32:32Z,,continuing,False,False
KXSTATELEG-MNSEN26-R,690.43,2026-08-24T17:00:00Z,687.43,2026-09-07T22:00:00Z,election,2026-04-15T20:32:32Z,,continuing,False,False
KXSTATELEG-NCHOUSE26-D,25.0,2026-08-24T10:00:00Z,25.0,2026-09-07T10:00:00Z,election,2026-04-15T20:51:09Z,,continuing,False,False
KXSTATELEG-NCHOUSE26-R,,,102.35,2026-09-06T20:00:00Z,election,2026-04-15T20:51:09Z,,entry,False,False
KXSTATELEG-NCSEN26-D,133.85,2026-08-24T17:00:00Z,126.12,2026-09-07T23:00:00Z,election,2026-04-15T20:54:12Z,,continuing,False,False
KXSTATELEG-NCSEN26-R,1164.04,2026-08-24T17:00:00Z,1164.04,2026-09-07T23:00:00Z,election,2026-04-15T20:54:12Z,,continuing,False,False
KXSTATELEG-NHHOUSE26-D,156.61,2026-08-24T17:00:00Z,211.43,2026-09-06T20:00:00Z,election,2026-04-15T20:49:14Z,,continuing,False,False
KXSTATELEG-NHHOUSE26-R,5.0,2026-08-24T17:00:00Z,5.0,2026-09-06T20:00:00Z,election,2026-04-15T20:49:14Z,,continuing,False,False
KXSTATELEG-NHSEN26-D,5.0,2026-08-24T10:00:00Z,235.06,2026-09-06T20:00:00Z,election,2026-04-15T20:49:18Z,,continuing,False,False
KXSTATELEG-NHSEN26-R,183.66,2026-08-24T10:00:00Z,183.66,2026-09-07T10:00:00Z,election,2026-04-15T20:49:18Z,,continuing,False,False
KXSTATELEG-NVASSE26-D,100.0,2026-08-24T17:00:00Z,,,election,2026-06-22T18:39:33Z,,exit,False,False
KXSTATELEG-NVSENA26-R,935.94,2026-08-24T17:00:00Z,935.94,2026-09-07T11:00:00Z,election,2026-06-22T18:40:29Z,,continuing,False,False
KXSTATELEG-OHHOUSE26-D,807.62,2026-08-25T00:00:00Z,807.62,2026-09-07T10:00:00Z,election,2026-04-15T20:54:19Z,,continuing,False,False
KXSTATELEG-OHHOUSE26-R,1769.11,2026-08-24T17:00:00Z,1769.11,2026-09-07T10:00:00Z,election,2026-04-15T20:54:19Z,,continuing,False,False
KXSTATELEG-OHSEN26-D,,,404.0,2026-09-07T10:00:00Z,election,2026-04-15T20:54:24Z,,entry,False,False
KXSTATELEG-TXHOUS26-D,212.0,2026-08-24T21:00:00Z,212.0,2026-09-08T00:00:00Z,election,2026-06-22T18:40:56Z,,continuing,False,False
KXSTATELEG-TXHOUS26-R,1.0,2026-08-24T17:00:00Z,,,election,2026-06-22T18:40:56Z,,exit,False,False
KXSTATELEG-TXSENA26-D,1787.14,2026-08-24T17:00:00Z,1787.14,2026-09-07T10:00:00Z,election,2026-06-22T18:42:03Z,,continuing,False,False
KXSTATELEG-TXSENA26-R,1301.77,2026-08-24T17:00:00Z,1301.77,2026-09-07T10:00:00Z,election,2026-06-22T18:42:03Z,,continuing,False,False
KXSTATELEG-WIASSEMBLY26-D,216.38,2026-08-24T10:00:00Z,216.38,2026-09-07T10:00:00Z,election,2026-04-15T20:54:28Z,,continuing,False,False
KXSTATELEG-WIASSEMBLY26-R,369.11,2026-08-24T16:00:00Z,369.11,2026-09-07T10:00:00Z,election,2026-04-15T20:54:28Z,,continuing,False,False
KXSTATELEG-WISEN26-D,272.86,2026-08-24T23:00:00Z,275.38,2026-09-07T20:00:00Z,election,2026-04-15T20:54:31Z,,continuing,False,False
KXSTATELEG-WISEN26-R,180.0,2026-08-25T00:00:00Z,,,election,2026-04-15T20:54:31Z,,exit,False,False
KXSTUDENTLOANCAP-26AUG-26DEC12,0.0,2026-08-24T17:00:00Z,,,policy,2026-08-19T06:13:44Z,,exit,False,False
KXSTUDENTLOANCAP-26AUG-26OCT02,0.0,2026-08-24T17:00:00Z,,,policy,2026-08-19T06:13:44Z,,exit,False,False
KXSTUDENTLOANCAP-26AUG-27JAN03,0.0,2026-08-24T17:00:00Z,,,policy,2026-08-19T06:13:44Z,,exit,False,False
KXSUSPENDGASTAX-26MAY-JAN01,83317.81,2026-08-25T00:00:00Z,137321.23,2026-09-08T00:00:00Z,policy,2026-05-10T21:44:32Z,,continuing,False,False
KXTARIFFAGREE-27-26DEC01,,,604.0,2026-09-06T09:00:00Z,policy,2026-08-11T00:42:15Z,,entry,False,False
KXTARIFFAGREE-27-26NOV01,510.17,2026-08-24T16:00:00Z,715.42,2026-09-07T00:00:00Z,policy,2026-08-11T00:42:15Z,,continuing,False,False
KXTARIFFAGREE-27-26OCT01,200.0,2026-08-24T16:00:00Z,446.0,2026-09-07T00:00:00Z,policy,2026-08-11T00:42:15Z,,continuing,False,False
KXTARIFFAGREE-27-27JAN01,122.0,2026-08-24T16:00:00Z,1961.2,2026-09-07T00:00:00Z,policy,2026-08-11T00:42:15Z,,continuing,False,False
KXTARIFFBILL-26JUL-26NOV01,3999.55,2026-08-25T00:00:00Z,3569.93,2026-09-07T18:00:00Z,policy,2026-07-21T23:20:23Z,,continuing,False,False
KXTARIFFBILL-27JAN01,4972.97,2026-08-24T22:00:00Z,4168.57,2026-09-07T10:00:00Z,policy,2026-02-20T16:22:54Z,,continuing,False,False
KXTARIFFCHECKS-26-27,419807.09,2026-08-25T00:00:00Z,426888.75,2026-09-08T00:00:00Z,policy,2025-12-11T20:53:11Z,,continuing,False,False
KXTARIFFRATEBR-27JAN01-10,0.0,2026-08-24T16:00:00Z,,,policy,2026-07-23T15:50:01Z,,exit,False,False
KXTARIFFRATEBR-27JAN01-15,22.52,2026-08-24T17:00:00Z,,,policy,2026-07-23T15:50:01Z,,exit,False,False
KXTARIFFRATEBR-27JAN01-20,0.0,2026-08-24T17:00:00Z,,,policy,2026-07-23T15:50:01Z,,exit,False,False
KXTARIFFRATEBR-27JAN01-25,0.0,2026-08-24T17:00:00Z,,,policy,2026-07-23T15:50:01Z,,exit,False,False
KXTARIFFRATEBR-27JAN01-5,1.0,2026-08-24T17:00:00Z,1.0,2026-09-06T20:00:00Z,policy,2026-07-23T15:50:01Z,,continuing,False,False
KXTARIFFRATECAN-27JAN01-10,400.0,2026-08-24T14:00:00Z,,,policy,2026-07-23T15:51:02Z,,exit,False,False
KXTARIFFRATECAN-27JAN01-15,748.77,2026-08-24T16:00:00Z,,,policy,2026-07-23T15:51:02Z,,exit,False,False
KXTARIFFRATECAN-27JAN01-5,27.22,2026-08-25T00:00:00Z,27.22,2026-09-06T20:00:00Z,policy,2026-07-23T15:51:02Z,,continuing,False,False
KXTARIFFRATEEU-27JAN01-10,0.0,2026-08-24T16:00:00Z,0.0,2026-09-06T20:00:00Z,policy,2026-07-23T15:54:53Z,,continuing,False,False
KXTARIFFRATEEU-27JAN01-15,3.38,2026-08-24T17:00:00Z,,,policy,2026-07-23T15:54:53Z,,exit,False,False
KXTARIFFRATEEU-27JAN01-5,1.0,2026-08-24T16:00:00Z,1.0,2026-09-06T20:00:00Z,policy,2026-07-23T15:54:53Z,,continuing,False,False
KXTARIFFRATEINDIA-27JAN01-10,0.0,2026-08-24T16:00:00Z,,,policy,2026-07-23T15:48:26Z,,exit,False,False
KXTARIFFRATEINDIA-27JAN01-15,24.89,2026-08-24T17:00:00Z,,,policy,2026-07-23T15:48:26Z,,exit,False,False
KXTARIFFRATEINDIA-27JAN01-25,1.0,2026-08-24T17:00:00Z,,,policy,2026-07-23T15:48:26Z,,exit,False,False
KXTARIFFRATEINDIA-27JAN01-5,0.0,2026-08-24T17:00:00Z,,,policy,2026-07-23T15:48:26Z,,exit,False,False
KXTARIFFRATEMEX-27JAN01-10,28.08,2026-08-24T16:00:00Z,,,policy,2026-07-23T15:58:42Z,,exit,False,False
KXTARIFFRATEMEX-27JAN01-15,5.94,2026-08-24T17:00:00Z,,,policy,2026-07-23T15:58:42Z,,exit,False,False
KXTARIFFRATEMEX-27JAN01-5,1.0,2026-08-24T17:00:00Z,1.0,2026-09-06T20:00:00Z,policy,2026-07-23T15:58:42Z,,continuing,False,False
KXTARIFFRATEPRC-27JAN01-10,199.0,2026-08-24T23:00:00Z,199.0,2026-09-06T20:00:00Z,policy,2026-07-23T15:47:07Z,,continuing,False,False
KXTARIFFRATEPRC-27JAN01-15,0.0,2026-08-24T23:00:00Z,,,policy,2026-07-23T15:47:07Z,,exit,False,False
KXTARIFFRATEPRC-27JAN01-25,1.28,2026-08-24T23:00:00Z,1.28,2026-09-07T09:00:00Z,policy,2026-07-23T15:47:07Z,,continuing,False,False
KXTARIFFRATEPRC-27JAN01-5,0.0,2026-08-24T23:00:00Z,0.0,2026-09-06T20:00:00Z,policy,2026-07-23T15:47:07Z,,continuing,False,False
KXTARIFFRATEPRC-27JAN01-50,1.0,2026-08-24T23:00:00Z,,,policy,2026-07-23T15:47:07Z,,exit,False,False
KXTARIFFREVENUE-26DEC31-T150,,,1516.92,2026-09-08T00:00:00Z,policy,2026-02-13T06:48:09Z,,entry,False,False
KXTARIFFSECTOR-27JAN01-CAN,1293.16,2026-08-24T17:00:00Z,1193.16,2026-09-08T00:00:00Z,policy,2026-02-04T03:01:43Z,,continuing,False,False
KXTARIFFSECTOR-27JAN01-FILM,79.44,2026-08-24T17:00:00Z,79.44,2026-09-08T00:00:00Z,policy,2026-02-04T03:01:43Z,,continuing,False,False
KXTARIFFSECTOR-27JAN01-MINE,3263.59,2026-08-24T10:00:00Z,2953.34,2026-09-08T00:00:00Z,policy,2026-02-04T03:01:43Z,,continuing,False,False
KXTARIFFSECTOR-27JAN01-WIND,3038.0,2026-08-24T10:00:00Z,3023.95,2026-09-08T00:00:00Z,policy,2026-02-04T03:01:43Z,,continuing,False,False
KXTAXWAIVE-26-27,34658.78,2026-08-25T00:00:00Z,34635.78,2026-09-07T04:00:00Z,policy,2025-12-02T18:32:57Z,,continuing,False,False
KXTRADEDEALCUBA-27-B270101,24663.78,2026-08-24T19:00:00Z,25603.7,2026-09-08T00:00:00Z,policy,2026-03-16T18:05:09Z,,continuing,False,False
KXTRADEDEFICIT-27FEB28-B49.95,900.0,2026-08-24T21:00:00Z,900.0,2026-09-07T21:00:00Z,macro,2026-02-24T01:25:02Z,,continuing,False,False
KXTRADEDEFICIT-27FEB28-T170,2330.83,2026-08-24T19:00:00Z,2324.91,2026-09-08T00:00:00Z,macro,2026-02-24T01:25:02Z,,continuing,False,False
KXTRAVELDOWNGRADE-27JAN01-IRA,9554.62,2026-08-24T23:00:00Z,9554.62,2026-09-06T18:00:00Z,policy,2026-01-05T22:26:32Z,,continuing,False,False
KXTRUMPADMINLEAVE-26DEC31-STUR,3140.12,2026-08-24T20:00:00Z,3256.21,2026-09-07T22:00:00Z,policy,2025-12-18T23:00:43Z,,continuing,False,False
KXTRUMPADMINLEAVE-26DEC31-THOM,10159.34,2026-08-25T00:00:00Z,10355.7,2026-09-07T09:00:00Z,policy,2025-12-12T20:06:44Z,,continuing,False,False
KXTRUMPIRAN-27JAN01,130337.32,2026-08-25T00:00:00Z,135982.95,2026-09-08T00:00:00Z,policy,2026-03-01T01:17:19Z,,continuing,False,False
KXTRUMPMENTION-26AUG24-AFFO,9303.35,2026-08-24T19:00:00Z,,,mention,2026-08-24T12:13:10Z,2026-08-24T19:56:47Z,exit,False,False
KXTRUMPMENTION-26AUG24-AI,8222.51,2026-08-24T19:00:00Z,,,mention,2026-08-24T12:13:10Z,2026-08-24T19:56:47Z,exit,False,False
KXTRUMPMENTION-26AUG24-HORM,5872.98,2026-08-24T19:00:00Z,,,mention,2026-08-24T12:13:10Z,2026-08-24T19:56:47Z,exit,False,False
KXTRUMPMENTION-26AUG24-IRAN3,13642.18,2026-08-24T19:00:00Z,,,mention,2026-08-24T12:13:10Z,2026-08-24T19:56:57Z,exit,False,False
KXTRUMPMENTION-26AUG24-OIL,4065.4,2026-08-24T19:00:00Z,,,mention,2026-08-24T12:13:10Z,2026-08-24T19:56:47Z,exit,False,False
KXTRUMPMENTION-26AUG24-TARI,5302.42,2026-08-24T19:00:00Z,,,mention,2026-08-24T12:13:10Z,2026-08-24T19:56:47Z,exit,False,False
KXTRUMPMENTION-26AUG24-TAXC,4359.78,2026-08-24T19:00:00Z,,,mention,2026-08-24T12:13:10Z,2026-08-24T19:56:47Z,exit,False,False
KXTRUMPMENTION-26AUG24B-AFFO,9853.45,2026-08-25T00:00:00Z,,,mention,2026-08-24T13:45:03Z,2026-08-25T13:45:47Z,exit,False,True
KXTRUMPMENTION-26AUG24B-AI,37366.33,2026-08-25T00:00:00Z,,,mention,2026-08-24T13:45:03Z,2026-08-25T13:45:47Z,exit,False,True
KXTRUMPMENTION-26AUG24B-IRAN,5670.43,2026-08-25T00:00:00Z,,,mention,2026-08-24T13:45:03Z,2026-08-25T13:45:47Z,exit,False,True
KXTRUMPMENTION-26AUG24B-OIL,4500.9,2026-08-25T00:00:00Z,,,mention,2026-08-24T13:45:03Z,2026-08-25T13:45:47Z,exit,False,True
KXTRUMPMENTION-26AUG24B-TARI,7009.4,2026-08-25T00:00:00Z,,,mention,2026-08-24T13:45:03Z,2026-08-25T13:45:47Z,exit,False,True
KXTRUMPMENTION-26AUG28-AFFO,166.35,2026-08-25T00:00:00Z,,,mention,2026-08-21T16:33:31Z,2026-08-28T18:28:15Z,exit,False,True
KXTRUMPMENTION-26AUG28-DATA,3426.0,2026-08-25T00:00:00Z,,,mention,2026-08-21T16:33:31Z,2026-08-28T18:21:35Z,exit,False,True
KXTRUMPMENTION-26AUG28-IRAN,2414.68,2026-08-25T00:00:00Z,,,mention,2026-08-21T16:33:31Z,2026-08-28T18:21:35Z,exit,False,True
KXTRUMPMENTION-26AUG28-OIL,763.11,2026-08-25T00:00:00Z,,,mention,2026-08-21T16:33:31Z,2026-08-28T18:21:35Z,exit,False,True
KXTRUMPMENTION-26SEP08-AFFO,,,4497.92,2026-09-08T00:00:00Z,mention,2026-09-02T16:05:24Z,,entry,True,False
KXTRUMPMENTION-26SEP08-AI,,,11477.78,2026-09-08T00:00:00Z,mention,2026-09-02T16:05:24Z,,entry,True,False
KXTRUMPMENTION-26SEP08-INFL,,,6476.31,2026-09-08T00:00:00Z,mention,2026-09-02T16:05:24Z,,entry,True,False
KXTRUMPMENTION-26SEP08-IRAN,,,6038.22,2026-09-08T00:00:00Z,mention,2026-09-02T16:05:24Z,,entry,True,False
KXTRUMPMENTION-26SEP08-OIL,,,4640.12,2026-09-08T00:00:00Z,mention,2026-09-02T16:05:24Z,,entry,True,False
KXTRUMPMENTION-26SEP08-TARI,,,16912.98,2026-09-08T00:00:00Z,mention,2026-09-02T16:05:24Z,,entry,True,False
KXTRUMPMENTION-26SEP10-AFFO,,,1467.99,2026-09-08T00:00:00Z,mention,2026-08-27T17:39:34Z,,entry,True,False
KXTRUMPMENTION-26SEP10-AI,,,3160.38,2026-09-08T00:00:00Z,mention,2026-08-27T17:39:34Z,,entry,True,False
KXTRUMPMENTION-26SEP10-OIL,,,3131.83,2026-09-08T00:00:00Z,mention,2026-08-27T17:39:34Z,,entry,True,False
KXTRUMPMENTION-26SEP22-AI,,,1.12,2026-09-08T00:00:00Z,mention,2026-09-03T18:32:36Z,,entry,True,False
KXTRUMPMENTION-26SEP22-IMMI,,,1.36,2026-09-07T13:00:00Z,mention,2026-09-03T18:32:36Z,,entry,True,False
KXTRUMPMENTION-26SEP22-IRAN,,,1064.26,2026-09-08T00:00:00Z,mention,2026-09-03T18:32:36Z,,entry,True,False
KXTRUMPMENTION-26SEP22-OIL,,,422.26,2026-09-08T00:00:00Z,mention,2026-09-03T18:32:36Z,,entry,True,False
KXTRUMPMENTION-26SEP22-TARI,,,85.26,2026-09-08T00:00:00Z,mention,2026-09-03T18:32:36Z,,entry,True,False
KXTRUMPMENTIONB-26AUG24-AFFO,23633.81,2026-08-25T00:00:00Z,,,mention,2026-08-24T13:33:01Z,2026-08-25T13:46:07Z,exit,False,True
KXTRUMPMENTIONB-26AUG24-AI,10297.98,2026-08-25T00:00:00Z,,,mention,2026-08-24T13:33:01Z,2026-08-25T13:46:07Z,exit,False,True
KXTRUMPMENTIONB-26AUG24-IMMI,6685.29,2026-08-25T00:00:00Z,,,mention,2026-08-24T13:33:01Z,2026-08-25T13:46:07Z,exit,False,True
KXTRUMPMENTIONB-26AUG24-IRAN,4228.0,2026-08-25T00:00:00Z,,,mention,2026-08-24T13:33:01Z,2026-08-25T13:46:07Z,exit,False,True
KXTRUMPMENTIONB-26AUG24-OIL,18432.52,2026-08-25T00:00:00Z,,,mention,2026-08-24T13:33:01Z,2026-08-25T13:46:07Z,exit,False,True
KXTRUMPMENTIONB-26AUG24-TARI,6196.31,2026-08-25T00:00:00Z,,,mention,2026-08-24T13:33:01Z,2026-08-25T13:46:07Z,exit,False,True
KXTRUMPSAY-26SEP07-MAKE,,,23068.05,2026-09-07T15:00:00Z,mention,2026-08-31T12:05:22Z,2026-09-07T23:50:45Z,entry,True,False
KXTRUMPSAYCOMPANY-26OCT01-ANTH,,,739.33,2026-09-08T00:00:00Z,mention,2026-09-01T00:55:28Z,,entry,True,False
KXTRUMPSAYCOMPANY-26OCT01-CHAT,,,441.89,2026-09-08T00:00:00Z,mention,2026-09-01T00:55:28Z,,entry,True,False
KXTRUMPSAYCOMPANY-26SEP01-ANTH,1976.26,2026-08-25T00:00:00Z,,,mention,2026-07-30T19:11:19Z,2026-09-01T15:50:41Z,exit,False,True
KXTRUMPSAYCOMPANY-26SEP01-CHAT,3237.18,2026-08-25T00:00:00Z,,,mention,2026-07-30T19:11:19Z,2026-09-01T15:50:41Z,exit,False,True
KXTRUMPSAYMONTH-26OCT01-MAKE,,,2047.28,2026-09-08T00:00:00Z,mention,2026-09-01T00:54:08Z,,entry,True,False
KXTRUMPSAYMONTH-26SEP01-MAKE,15016.67,2026-08-25T00:00:00Z,,,mention,2026-07-30T18:48:57Z,2026-09-01T15:50:21Z,exit,False,True
KXTRUMPSAYNICKNAME-26OCT01-CON,2068.77,2026-08-25T00:00:00Z,6702.57,2026-09-08T00:00:00Z,mention,2026-06-30T22:42:42Z,2026-09-08T15:44:55Z,continuing,False,False
KXTRUMPSAYNICKNAME-26OCT01-WHAC,1881.31,2026-08-24T23:00:00Z,2730.02,2026-09-08T00:00:00Z,mention,2026-06-30T22:42:42Z,,continuing,False,False
KXTRUMPSTRAIT-26SEP-OCT01,,,9905.02,2026-09-07T20:00:00Z,policy,2026-09-02T15:59:44Z,,entry,True,False
KXTRUMPSTRAIT-26SEP-SEP15,,,4979.75,2026-09-07T15:00:00Z,policy,2026-09-02T15:59:44Z,,entry,True,False
KXTRUMPSUPREMELEADER-27JAN01-JAN01,9158.47,2026-08-24T17:00:00Z,9190.77,2026-09-07T16:00:00Z,policy,2026-06-03T16:05:38Z,,continuing,False,False
KXTRUMPSUPREMELEADER-27JAN01-SEP01,11015.16,2026-08-24T06:00:00Z,,,policy,2026-06-03T16:05:38Z,2026-09-01T13:40:31Z,exit,False,True
KXTRUMPTARIFFHEAR-27JAN-X,7402.16,2026-08-24T23:00:00Z,7805.47,2026-09-07T21:00:00Z,policy,2026-02-23T16:48:11Z,,continuing,False,False
KXTRYFIRECOOK-27JAN01-26OCT01,1712.65,2026-08-25T00:00:00Z,1565.13,2026-09-07T03:00:00Z,policy,2026-07-07T22:41:38Z,,continuing,False,False
KXTRYFIRECOOK-27JAN01-26SEP01,3122.44,2026-08-25T00:00:00Z,,,policy,2026-08-07T19:21:52Z,2026-09-01T13:53:41Z,exit,False,True
KXTRYFIRECOOK-27JAN01-27JAN01,964.79,2026-08-24T17:00:00Z,964.79,2026-09-06T18:00:00Z,policy,2026-07-07T22:41:38Z,,continuing,False,False
KXTRYFIREPOWELL-26MAY12-GOV2,23703.1,2026-08-25T00:00:00Z,22778.19,2026-09-08T00:00:00Z,policy,2026-01-12T01:27:45Z,,continuing,False,False
KXTRYFIREWARSH-27JAN01-27JAN01,,,2500.75,2026-09-07T23:00:00Z,policy,2026-07-22T15:07:41Z,,entry,False,False
KXTRYFIREWARSH-27JAN01-27JUL01,,,8826.39,2026-09-07T10:00:00Z,policy,2026-07-22T15:07:41Z,,entry,False,False
KXTRYFIREWARSH-27JAN01-28JAN01,6788.53,2026-08-24T17:00:00Z,6791.37,2026-09-07T10:00:00Z,policy,2026-07-22T15:07:41Z,,continuing,False,False
KXTXERCOTPEAK-27JAN01-T91500,7063.6,2026-08-25T00:00:00Z,43026.8,2026-09-08T00:00:00Z,macro,2026-08-19T18:58:45Z,,continuing,False,False
KXTXERCOTPEAK-27JAN01-T92000,5530.08,2026-08-25T00:00:00Z,21443.78,2026-09-08T00:00:00Z,macro,2026-08-18T00:38:51Z,,continuing,False,False
KXTXERCOTPEAK-27JAN01-T92500,3977.6,2026-08-25T00:00:00Z,18813.74,2026-09-08T00:00:00Z,macro,2026-08-19T19:00:46Z,,continuing,False,False
KXTXERCOTPEAK-27JAN01-T93000,4172.0,2026-08-25T00:00:00Z,14209.71,2026-09-07T23:00:00Z,macro,2026-08-19T19:02:13Z,,continuing,False,False
KXTXERCOTPEAK-27JAN01-T94000,6665.0,2026-08-25T00:00:00Z,37107.01,2026-09-08T00:00:00Z,macro,2026-08-18T00:38:51Z,,continuing,False,False
KXTXERCOTPEAK-27JAN01-T96000,2140.5,2026-08-25T00:00:00Z,19540.52,2026-09-08T00:00:00Z,macro,2026-08-18T00:38:51Z,,continuing,False,False
KXTXERCOTPEAK-27JAN01-T98000,2980.0,2026-08-25T00:00:00Z,9744.21,2026-09-08T00:00:00Z,macro,2026-08-18T00:38:51Z,,continuing,False,False
KXU3-26AUG-T3.7,323.82,2026-08-24T14:00:00Z,,,macro,2026-06-06T17:35:04Z,2026-09-04T13:04:40Z,exit,False,True
KXU3-26AUG-T3.9,5329.86,2026-08-25T00:00:00Z,,,macro,2026-06-06T17:35:04Z,2026-09-04T13:04:40Z,exit,False,True
KXU3-26AUG-T4.0,48114.78,2026-08-24T23:00:00Z,,,macro,2026-06-06T17:35:04Z,2026-09-04T13:04:40Z,exit,False,True
KXU3-26AUG-T4.1,9867.99,2026-08-25T00:00:00Z,,,macro,2026-06-06T17:35:04Z,2026-09-04T13:04:40Z,exit,False,True
KXU3-26AUG-T4.2,118045.14,2026-08-25T00:00:00Z,,,macro,2026-06-06T17:35:04Z,2026-09-04T13:04:40Z,exit,False,True
KXU3-26AUG-T4.3,16697.52,2026-08-24T23:00:00Z,,,macro,2026-06-06T17:35:04Z,2026-09-04T13:04:40Z,exit,False,True
KXU3-26AUG-T4.4,9610.35,2026-08-24T22:00:00Z,,,macro,2026-06-06T17:35:04Z,2026-09-04T13:04:40Z,exit,False,True
KXU3-26AUG-T4.5,1255.36,2026-08-24T19:00:00Z,,,macro,2026-06-06T17:35:04Z,2026-09-04T13:04:40Z,exit,False,True
KXU3-26AUG-T4.6,50.28,2026-08-24T19:00:00Z,,,macro,2026-06-06T17:35:04Z,2026-09-04T13:04:40Z,exit,False,True
KXU3-26AUG-T4.7,265.28,2026-08-24T19:00:00Z,,,macro,2026-06-06T17:35:04Z,2026-09-04T13:04:40Z,exit,False,True
KXU3-26AUG-T4.8,7.67,2026-08-24T19:00:00Z,,,macro,2026-06-06T17:35:04Z,2026-09-04T13:04:40Z,exit,False,True
KXU3-26AUG-T4.9,72.0,2026-08-24T19:00:00Z,,,macro,2026-06-06T17:35:04Z,2026-09-04T13:04:40Z,exit,False,True
KXU3-26AUG-T5.0,215.33,2026-08-24T19:00:00Z,,,macro,2026-06-06T17:35:04Z,2026-09-04T13:04:40Z,exit,False,True
KXU3-26NOV-T3.7,60.0,2026-08-24T17:00:00Z,60.0,2026-09-07T22:00:00Z,macro,2026-06-11T00:03:30Z,,continuing,False,False
KXU3-26NOV-T3.8,11.01,2026-08-24T23:00:00Z,17.01,2026-09-07T22:00:00Z,macro,2026-06-11T00:03:30Z,,continuing,False,False
KXU3-26NOV-T3.9,50.01,2026-08-24T21:00:00Z,50.01,2026-09-06T13:00:00Z,macro,2026-06-11T00:03:30Z,,continuing,False,False
KXU3-26NOV-T4.0,352.01,2026-08-24T21:00:00Z,602.01,2026-09-06T13:00:00Z,macro,2026-06-11T00:03:30Z,,continuing,False,False
KXU3-26NOV-T4.1,638.41,2026-08-24T23:00:00Z,1281.41,2026-09-07T23:00:00Z,macro,2026-06-11T00:03:30Z,,continuing,False,False
KXU3-26NOV-T4.2,105.63,2026-08-24T15:00:00Z,230.63,2026-09-06T13:00:00Z,macro,2026-06-11T00:03:30Z,,continuing,False,False
KXU3-26NOV-T4.3,85.0,2026-08-24T16:00:00Z,412.0,2026-09-06T13:00:00Z,macro,2026-06-11T00:03:30Z,,continuing,False,False
KXU3-26NOV-T4.4,112.0,2026-08-24T22:00:00Z,,,macro,2026-06-11T00:03:30Z,,exit,False,False
KXU3-26NOV-T4.5,264.26,2026-08-24T21:00:00Z,383.26,2026-09-06T13:00:00Z,macro,2026-06-11T00:03:30Z,,continuing,False,False
KXU3-26NOV-T4.6,78.0,2026-08-24T17:00:00Z,79.0,2026-09-07T22:00:00Z,macro,2026-06-11T00:03:30Z,,continuing,False,False
KXU3-26NOV-T4.7,18.0,2026-08-24T23:00:00Z,,,macro,2026-06-11T00:03:30Z,,exit,False,False
KXU3-26NOV-T4.8,10.01,2026-08-24T17:00:00Z,,,macro,2026-06-11T00:03:30Z,,exit,False,False
KXU3-26NOV-T4.9,7.01,2026-08-24T17:00:00Z,,,macro,2026-06-11T00:03:30Z,,exit,False,False
KXU3-26NOV-T5.0,24.0,2026-08-23T13:00:00Z,,,macro,2026-06-11T00:03:30Z,,exit,False,False
KXU3-26OCT-T3.7,1278.01,2026-08-24T21:00:00Z,1512.01,2026-09-07T22:00:00Z,macro,2026-06-09T18:35:30Z,,continuing,False,False
KXU3-26OCT-T3.8,526.0,2026-08-25T00:00:00Z,600.0,2026-09-07T22:00:00Z,macro,2026-06-09T18:35:30Z,,continuing,False,False
KXU3-26OCT-T3.9,1118.0,2026-08-24T21:00:00Z,1139.0,2026-09-07T22:00:00Z,macro,2026-06-09T18:35:30Z,,continuing,False,False
KXU3-26OCT-T4.0,950.0,2026-08-24T21:00:00Z,964.0,2026-09-07T22:00:00Z,macro,2026-06-09T18:35:30Z,,continuing,False,False
KXU3-26OCT-T4.1,364.84,2026-08-24T21:00:00Z,1368.84,2026-09-07T23:00:00Z,macro,2026-06-09T18:35:30Z,,continuing,False,False
KXU3-26OCT-T4.2,345.45,2026-08-25T00:00:00Z,592.45,2026-09-07T23:00:00Z,macro,2026-06-09T18:35:30Z,,continuing,False,False
KXU3-26OCT-T4.3,268.06,2026-08-24T22:00:00Z,808.06,2026-09-07T23:00:00Z,macro,2026-06-09T18:35:30Z,,continuing,False,False
KXU3-26OCT-T4.4,198.0,2026-08-25T00:00:00Z,917.0,2026-09-07T23:00:00Z,macro,2026-06-09T18:35:30Z,,continuing,False,False
KXU3-26OCT-T4.5,585.0,2026-08-24T23:00:00Z,956.0,2026-09-08T00:00:00Z,macro,2026-06-09T18:35:30Z,,continuing,False,False
KXU3-26OCT-T4.6,140.0,2026-08-25T00:00:00Z,150.01,2026-09-07T22:00:00Z,macro,2026-06-09T18:35:30Z,,continuing,False,False
KXU3-26OCT-T4.7,61.0,2026-08-24T23:00:00Z,61.0,2026-09-07T22:00:00Z,macro,2026-06-09T18:35:30Z,,continuing,False,False
KXU3-26OCT-T4.8,320.0,2026-08-24T21:00:00Z,434.0,2026-09-07T17:00:00Z,macro,2026-06-09T18:35:30Z,,continuing,False,False
KXU3-26OCT-T4.9,162.01,2026-08-24T22:00:00Z,162.01,2026-09-07T13:00:00Z,macro,2026-06-09T18:35:30Z,,continuing,False,False
KXU3-26OCT-T5.0,172.0,2026-08-24T21:00:00Z,172.0,2026-09-07T13:00:00Z,macro,2026-06-09T18:35:30Z,,continuing,False,False
KXU3-26SEP-T3.7,304.0,2026-08-24T16:00:00Z,306.0,2026-09-08T00:00:00Z,macro,2026-06-06T17:50:28Z,,continuing,False,False
KXU3-26SEP-T3.8,545.0,2026-08-25T00:00:00Z,854.39,2026-09-08T00:00:00Z,macro,2026-06-06T17:50:28Z,,continuing,False,False
KXU3-26SEP-T3.9,415.0,2026-08-25T00:00:00Z,680.28,2026-09-08T00:00:00Z,macro,2026-06-06T17:50:28Z,,continuing,False,False
KXU3-26SEP-T4.0,2737.44,2026-08-24T21:00:00Z,3331.05,2026-09-07T23:00:00Z,macro,2026-06-06T17:50:28Z,,continuing,False,False
KXU3-26SEP-T4.1,292.38,2026-08-24T16:00:00Z,1512.16,2026-09-08T00:00:00Z,macro,2026-06-06T17:50:28Z,,continuing,False,False
KXU3-26SEP-T4.2,5755.12,2026-08-24T23:00:00Z,7478.55,2026-09-07T23:00:00Z,macro,2026-06-06T17:50:28Z,,continuing,False,False
KXU3-26SEP-T4.3,500.0,2026-08-24T23:00:00Z,2300.63,2026-09-08T00:00:00Z,macro,2026-06-06T17:50:28Z,,continuing,False,False
KXU3-26SEP-T4.4,3491.0,2026-08-24T16:00:00Z,3562.42,2026-09-07T22:00:00Z,macro,2026-06-06T17:50:28Z,,continuing,False,False
KXU3-26SEP-T4.5,225.0,2026-08-24T17:00:00Z,235.0,2026-09-07T21:00:00Z,macro,2026-06-06T17:50:28Z,,continuing,False,False
KXU3-26SEP-T4.6,10.0,2026-08-24T17:00:00Z,10.0,2026-09-07T21:00:00Z,macro,2026-06-06T17:50:28Z,,continuing,False,False
KXU3-26SEP-T4.7,20.0,2026-08-24T17:00:00Z,20.0,2026-09-07T20:00:00Z,macro,2026-06-06T17:50:28Z,,continuing,False,False
KXU3-26SEP-T4.8,101.0,2026-08-24T01:00:00Z,101.0,2026-09-07T20:00:00Z,macro,2026-06-06T17:50:28Z,,continuing,False,False
KXU3-26SEP-T4.9,1.0,2026-08-24T01:00:00Z,1.0,2026-09-07T20:00:00Z,macro,2026-06-06T17:50:28Z,,continuing,False,False
KXU3-26SEP-T5.0,11.0,2026-08-24T01:00:00Z,111.0,2026-09-07T20:00:00Z,macro,2026-06-06T17:50:28Z,,continuing,False,False
KXU3EOY-27JAN08-T10.0,,,0.0,2026-09-07T10:00:00Z,macro,2026-09-03T00:16:39Z,,entry,True,False
KXU3EOY-27JAN08-T3.0,,,0.0,2026-09-07T10:00:00Z,macro,2026-09-03T00:16:39Z,,entry,True,False
KXU3EOY-27JAN08-T3.5,,,0.0,2026-09-07T10:00:00Z,macro,2026-09-03T00:16:39Z,,entry,True,False
KXU3EOY-27JAN08-T4.0,,,2.18,2026-09-07T10:00:00Z,macro,2026-09-03T00:16:39Z,,entry,True,False
KXU3EOY-27JAN08-T4.5,,,2729.49,2026-09-07T10:00:00Z,macro,2026-09-03T00:16:39Z,,entry,True,False
KXU3EOY-27JAN08-T5.0,,,1619.43,2026-09-08T00:00:00Z,macro,2026-09-03T00:16:39Z,,entry,True,False
KXU3EOY-27JAN08-T5.5,,,1062.23,2026-09-08T00:00:00Z,macro,2026-09-03T00:16:39Z,,entry,True,False
KXU3EOY-27JAN08-T6.0,,,0.0,2026-09-07T10:00:00Z,macro,2026-09-03T00:16:39Z,,entry,True,False
KXU3EOY-27JAN08-T6.5,,,0.0,2026-09-07T10:00:00Z,macro,2026-09-03T00:16:39Z,,entry,True,False
KXU3EOY-27JAN08-T7.0,,,0.0,2026-09-07T10:00:00Z,macro,2026-09-03T00:16:39Z,,entry,True,False
KXU3EOY-27JAN08-T7.5,,,0.0,2026-09-07T10:00:00Z,macro,2026-09-03T00:16:39Z,,entry,True,False
KXU3EOY-27JAN08-T8.0,,,0.0,2026-09-07T10:00:00Z,macro,2026-09-03T00:16:39Z,,entry,True,False
KXU3EOY-27JAN08-T8.5,,,0.0,2026-09-07T10:00:00Z,macro,2026-09-03T00:16:39Z,,entry,True,False
KXU3EOY-27JAN08-T9.0,,,0.0,2026-09-07T10:00:00Z,macro,2026-09-03T00:16:39Z,,entry,True,False
KXU3EOY-27JAN08-T9.5,,,0.0,2026-09-07T10:00:00Z,macro,2026-09-03T00:16:39Z,,entry,True,False
KXU3EOY-28JAN07-T10.0,,,0.0,2026-09-06T14:00:00Z,macro,2026-09-03T00:22:40Z,,entry,True,False
KXU3EOY-28JAN07-T3.0,,,0.0,2026-09-06T14:00:00Z,macro,2026-09-03T00:22:40Z,,entry,True,False
KXU3EOY-28JAN07-T3.5,,,0.0,2026-09-06T14:00:00Z,macro,2026-09-03T00:22:40Z,,entry,True,False
KXU3EOY-28JAN07-T4.0,,,0.0,2026-09-07T12:00:00Z,macro,2026-09-03T00:22:40Z,,entry,True,False
KXU3EOY-28JAN07-T4.5,,,0.0,2026-09-06T13:00:00Z,macro,2026-09-03T00:22:40Z,,entry,True,False
KXU3EOY-28JAN07-T5.0,,,0.0,2026-09-06T05:00:00Z,macro,2026-09-03T00:22:40Z,,entry,True,False
KXU3EOY-28JAN07-T5.5,,,0.0,2026-09-07T12:00:00Z,macro,2026-09-03T00:22:40Z,,entry,True,False
KXU3EOY-28JAN07-T6.0,,,15.0,2026-09-07T11:00:00Z,macro,2026-09-03T00:22:40Z,,entry,True,False
KXU3EOY-28JAN07-T6.5,,,0.0,2026-09-07T09:00:00Z,macro,2026-09-03T00:22:40Z,,entry,True,False
KXU3EOY-28JAN07-T7.0,,,0.0,2026-09-06T13:00:00Z,macro,2026-09-03T00:22:40Z,,entry,True,False
KXU3EOY-28JAN07-T7.5,,,0.0,2026-09-06T05:00:00Z,macro,2026-09-03T00:22:40Z,,entry,True,False
KXU3EOY-28JAN07-T8.0,,,700.0,2026-09-07T22:00:00Z,macro,2026-09-03T00:22:40Z,,entry,True,False
KXU3EOY-28JAN07-T8.5,,,500.0,2026-09-07T22:00:00Z,macro,2026-09-03T00:22:40Z,,entry,True,False
KXU3EOY-28JAN07-T9.0,,,800.0,2026-09-07T10:00:00Z,macro,2026-09-03T00:22:40Z,,entry,True,False
KXU3EOY-28JAN07-T9.5,,,500.0,2026-09-07T10:00:00Z,macro,2026-09-03T00:22:40Z,,entry,True,False
KXU3EOY-29JAN05-T10.0,,,500.0,2026-09-06T10:00:00Z,macro,2026-09-03T00:27:23Z,,entry,True,False
KXU3EOY-29JAN05-T3.0,,,0.0,2026-09-06T05:00:00Z,macro,2026-09-03T00:27:23Z,,entry,True,False
KXU3EOY-29JAN05-T3.5,,,0.0,2026-09-06T05:00:00Z,macro,2026-09-03T00:27:23Z,,entry,True,False
KXU3EOY-29JAN05-T4.0,,,0.0,2026-09-06T05:00:00Z,macro,2026-09-03T00:27:23Z,,entry,True,False
KXU3EOY-29JAN05-T4.5,,,0.0,2026-09-06T05:00:00Z,macro,2026-09-03T00:27:23Z,,entry,True,False
KXU3EOY-29JAN05-T5.0,,,0.0,2026-09-06T05:00:00Z,macro,2026-09-03T00:27:23Z,,entry,True,False
KXU3EOY-29JAN05-T5.5,,,0.0,2026-09-06T05:00:00Z,macro,2026-09-03T00:27:23Z,,entry,True,False
KXU3EOY-29JAN05-T6.0,,,0.0,2026-09-06T05:00:00Z,macro,2026-09-03T00:27:23Z,,entry,True,False
KXU3EOY-29JAN05-T6.5,,,0.0,2026-09-06T05:00:00Z,macro,2026-09-03T00:27:23Z,,entry,True,False
KXU3EOY-29JAN05-T7.0,,,0.0,2026-09-06T05:00:00Z,macro,2026-09-03T00:27:23Z,,entry,True,False
KXU3EOY-29JAN05-T7.5,,,0.0,2026-09-06T05:00:00Z,macro,2026-09-03T00:27:23Z,,entry,True,False
KXU3EOY-29JAN05-T8.0,,,0.0,2026-09-06T05:00:00Z,macro,2026-09-03T00:27:23Z,,entry,True,False
KXU3EOY-29JAN05-T8.5,,,0.0,2026-09-06T05:00:00Z,macro,2026-09-03T00:27:23Z,,entry,True,False
KXU3EOY-29JAN05-T9.0,,,900.0,2026-09-06T05:00:00Z,macro,2026-09-03T00:27:23Z,,entry,True,False
KXU3EOY-29JAN05-T9.5,,,700.0,2026-09-06T05:00:00Z,macro,2026-09-03T00:27:23Z,,entry,True,False
KXUSACOMPANYSTAKE-27JAN01-ANTH,23152.54,2026-08-25T00:00:00Z,22666.03,2026-09-07T21:00:00Z,policy,2025-12-10T04:12:26Z,,continuing,False,False
KXUSACOMPANYSTAKE-27JAN01-OAI,28096.11,2026-08-25T00:00:00Z,28294.04,2026-09-07T19:00:00Z,policy,2025-12-10T04:12:26Z,,continuing,False,False
KXUSAIRANAGREEMENT-27,472942.54,2026-08-24T23:00:00Z,470900.17,2026-09-08T00:00:00Z,policy,2026-01-08T13:55:16Z,,continuing,False,False
KXUSAIRANAGREEMENT-27-26DEC,64198.73,2026-08-25T00:00:00Z,71712.72,2026-09-07T23:00:00Z,policy,2026-05-21T14:17:53Z,,continuing,False,False
KXUSAIRANAGREEMENT-27-26NOV,105677.95,2026-08-25T00:00:00Z,155818.44,2026-09-07T23:00:00Z,policy,2026-05-21T14:17:05Z,,continuing,False,False
KXUSAIRANAGREEMENT-27-26OCT,230241.41,2026-08-25T00:00:00Z,342287.52,2026-09-08T00:00:00Z,policy,2026-05-21T14:16:12Z,,continuing,False,False
KXUSAIRANAGREEMENT-27-26SEP,1038928.28,2026-08-25T00:00:00Z,,,policy,2026-04-08T23:02:50Z,2026-09-01T13:50:11Z,exit,False,True
KXUSAIRANAGREEMENT-27-27FEB,7925.12,2026-08-25T00:00:00Z,8204.74,2026-09-08T00:00:00Z,policy,2026-07-20T23:03:23Z,,continuing,False,False
KXUSAIRANAGREEMENT-27-27MAR,22636.5,2026-08-25T00:00:00Z,23589.5,2026-09-08T00:00:00Z,policy,2026-07-20T23:03:52Z,,continuing,False,False
KXUSAIRANAGREEMENT-27-28,28462.12,2026-08-25T00:00:00Z,33367.8,2026-09-08T00:00:00Z,policy,2026-04-14T00:37:34Z,,continuing,False,False
KXUSAIRANAGREEMENT-27-29JAN20,28483.57,2026-08-25T00:00:00Z,33179.33,2026-09-08T00:00:00Z,policy,2026-04-14T00:37:54Z,,continuing,False,False
KXUSAIREGULATOR-28JAN01-27JAN01,,,1088.0,2026-09-07T12:00:00Z,policy,2026-09-04T15:21:27Z,,entry,True,False
KXUSAIREGULATOR-28JAN01-27JUL01,,,0.0,2026-09-07T21:00:00Z,policy,2026-09-04T15:21:27Z,,entry,True,False
KXUSAIREGULATOR-28JAN01-28JAN01,,,0.0,2026-09-07T21:00:00Z,policy,2026-09-04T15:21:27Z,,entry,True,False
KXUSCPIYEAR-28FEB01-T0.0,41.0,2026-08-25T00:00:00Z,2041.0,2026-09-07T10:00:00Z,macro,2026-07-29T21:50:05Z,,continuing,False,False
KXUSCPIYEAR-28FEB01-T0.5,19.0,2026-08-25T00:00:00Z,19.0,2026-09-07T09:00:00Z,macro,2026-07-29T21:50:05Z,,continuing,False,False
KXUSCPIYEAR-28FEB01-T1.0,49.1,2026-08-25T00:00:00Z,47.1,2026-09-07T09:00:00Z,macro,2026-07-29T21:50:05Z,,continuing,False,False
KXUSCPIYEAR-28FEB01-T1.5,73.03,2026-08-25T00:00:00Z,148.03,2026-09-07T10:00:00Z,macro,2026-07-29T21:50:05Z,,continuing,False,False
KXUSCPIYEAR-28FEB01-T2.0,565.64,2026-08-25T00:00:00Z,1075.32,2026-09-07T09:00:00Z,macro,2026-07-29T21:50:05Z,,continuing,False,False
KXUSCPIYEAR-28FEB01-T2.5,480.52,2026-08-25T00:00:00Z,1747.43,2026-09-08T00:00:00Z,macro,2026-07-29T21:50:05Z,,continuing,False,False
KXUSCPIYEAR-28FEB01-T3.0,102.35,2026-08-25T00:00:00Z,228.35,2026-09-07T22:00:00Z,macro,2026-07-29T21:50:05Z,,continuing,False,False
KXUSCPIYEAR-28FEB01-T3.5,70.31,2026-08-25T00:00:00Z,141.06,2026-09-07T21:00:00Z,macro,2026-07-29T21:50:05Z,,continuing,False,False
KXUSCPIYEAR-28FEB01-T4.0,13.0,2026-08-25T00:00:00Z,18.25,2026-09-07T09:00:00Z,macro,2026-07-29T21:50:05Z,,continuing,False,False
KXUSCPIYEAR-28FEB01-T4.5,109.01,2026-08-25T00:00:00Z,109.01,2026-09-07T09:00:00Z,macro,2026-07-29T21:50:05Z,,continuing,False,False
KXUSCPIYEAR-28FEB01-T5.0,17.0,2026-08-25T00:00:00Z,107.0,2026-09-07T10:00:00Z,macro,2026-07-29T21:50:05Z,,continuing,False,False
KXUSCPIYEAR-28FEB01-T5.5,48.0,2026-08-25T00:00:00Z,48.0,2026-09-07T23:00:00Z,macro,2026-07-29T21:50:05Z,,continuing,False,False
KXUSCPIYEAR-28FEB01-T6.0,31.0,2026-08-25T00:00:00Z,147.0,2026-09-07T10:00:00Z,macro,2026-07-29T21:50:05Z,,continuing,False,False
KXUSCPIYEAR-29FEB01-T0.0,12.01,2026-08-25T00:00:00Z,,,macro,2026-07-29T21:57:41Z,,exit,False,False
KXUSCPIYEAR-29FEB01-T0.5,5.0,2026-08-25T00:00:00Z,5.0,2026-09-07T09:00:00Z,macro,2026-07-29T21:57:41Z,,continuing,False,False
KXUSCPIYEAR-29FEB01-T1.0,486.01,2026-08-25T00:00:00Z,486.01,2026-09-08T00:00:00Z,macro,2026-07-29T21:57:41Z,,continuing,False,False
KXUSCPIYEAR-29FEB01-T1.5,221.01,2026-08-25T00:00:00Z,226.16,2026-09-07T21:00:00Z,macro,2026-07-29T21:57:41Z,,continuing,False,False
KXUSCPIYEAR-29FEB01-T2.0,202.01,2026-08-25T00:00:00Z,202.01,2026-09-08T00:00:00Z,macro,2026-07-29T21:57:41Z,,continuing,False,False
KXUSCPIYEAR-29FEB01-T2.5,0.01,2026-08-25T00:00:00Z,0.01,2026-09-07T18:00:00Z,macro,2026-07-29T21:57:41Z,,continuing,False,False
KXUSCPIYEAR-29FEB01-T3.0,0.01,2026-08-25T00:00:00Z,0.01,2026-09-07T18:00:00Z,macro,2026-07-29T21:57:41Z,,continuing,False,False
KXUSCPIYEAR-29FEB01-T3.5,423.01,2026-08-25T00:00:00Z,423.01,2026-09-07T10:00:00Z,macro,2026-07-29T21:57:41Z,,continuing,False,False
KXUSCPIYEAR-29FEB01-T4.0,326.99,2026-08-25T00:00:00Z,329.64,2026-09-07T09:00:00Z,macro,2026-07-29T21:57:41Z,,continuing,False,False
KXUSCPIYEAR-29FEB01-T4.5,26.0,2026-08-25T00:00:00Z,26.0,2026-09-07T09:00:00Z,macro,2026-07-29T21:57:41Z,,continuing,False,False
KXUSCPIYEAR-29FEB01-T5.0,20.03,2026-08-25T00:00:00Z,25.03,2026-09-07T07:00:00Z,macro,2026-07-29T21:57:41Z,,continuing,False,False
KXUSCPIYEAR-29FEB01-T5.5,4.0,2026-08-25T00:00:00Z,,,macro,2026-07-29T21:57:41Z,,exit,False,False
KXUSCPIYEAR-29FEB01-T6.0,3.01,2026-08-25T00:00:00Z,,,macro,2026-07-29T21:57:41Z,,exit,False,False
KXUSDCCAPACITY-27MAR05-T45.0,37.37,2026-08-24T17:00:00Z,37.37,2026-09-06T15:00:00Z,macro,2026-06-27T18:42:35Z,,continuing,False,False
KXUSDCCAPACITY-27MAR05-T47.5,0.0,2026-08-24T17:00:00Z,0.0,2026-09-06T15:00:00Z,macro,2026-06-27T18:42:35Z,,continuing,False,False
KXUSDCCAPACITY-27MAR05-T50.0,200.0,2026-08-24T17:00:00Z,200.0,2026-09-06T15:00:00Z,macro,2026-06-27T18:42:35Z,,continuing,False,False
KXUSDCCAPACITY-27MAR05-T52.5,200.0,2026-08-24T17:00:00Z,200.0,2026-09-06T15:00:00Z,macro,2026-06-27T18:42:35Z,,continuing,False,False
KXUSDCCAPACITY-27MAR05-T55.0,5.0,2026-08-24T16:00:00Z,5.0,2026-09-06T15:00:00Z,macro,2026-06-27T18:42:35Z,,continuing,False,False
KXUSDCCAPACITY-27MAR05-T57.5,255.0,2026-08-24T16:00:00Z,255.0,2026-09-06T15:00:00Z,macro,2026-06-27T18:42:35Z,,continuing,False,False
KXUSDCCAPACITY-27MAR05-T60.0,338.0,2026-08-24T16:00:00Z,,,macro,2026-06-27T18:42:35Z,,exit,False,False
KXUSDCCAPACITY-27MAR05-T62.5,166.0,2026-08-24T16:00:00Z,,,macro,2026-06-27T18:42:35Z,,exit,False,False
KXUSDCCAPACITY-27MAR05-T65.0,5.0,2026-08-24T16:00:00Z,,,macro,2026-06-27T18:42:35Z,,exit,False,False
KXUSGASCPI-26SEP11-T300,10052.1,2026-08-24T10:00:00Z,10252.1,2026-09-07T17:00:00Z,macro,2026-07-16T15:44:29Z,,continuing,False,False
KXUSGASCPI-26SEP11-T310,5002.01,2026-08-24T10:00:00Z,5002.01,2026-09-07T18:00:00Z,macro,2026-07-16T15:44:29Z,,continuing,False,False
KXUSGASCPI-26SEP11-T320,5000.0,2026-08-23T13:00:00Z,5000.0,2026-09-07T18:00:00Z,macro,2026-07-16T15:44:29Z,,continuing,False,False
KXUSGASCPI-26SEP11-T330,87.42,2026-08-23T13:00:00Z,87.42,2026-09-07T17:00:00Z,macro,2026-07-16T15:44:29Z,,continuing,False,False
KXUSGASCPI-26SEP11-T340,646.17,2026-08-24T17:00:00Z,646.17,2026-09-07T17:00:00Z,macro,2026-07-16T15:44:29Z,,continuing,False,False
KXUSGASCPI-26SEP11-T341,25.0,2026-08-24T22:00:00Z,25.0,2026-09-07T17:00:00Z,macro,2026-08-16T18:37:28Z,,continuing,False,False
KXUSGASCPI-26SEP11-T342,126.0,2026-08-24T16:00:00Z,126.0,2026-09-07T17:00:00Z,macro,2026-08-16T18:38:13Z,,continuing,False,False
KXUSGASCPI-26SEP11-T343,545.0,2026-08-24T17:00:00Z,545.0,2026-09-07T17:00:00Z,macro,2026-08-16T18:38:49Z,,continuing,False,False
KXUSGASCPI-26SEP11-T344,912.24,2026-08-24T22:00:00Z,912.24,2026-09-07T17:00:00Z,macro,2026-08-16T18:39:22Z,,continuing,False,False
KXUSGASCPI-26SEP11-T345,549.64,2026-08-24T23:00:00Z,789.86,2026-09-06T11:00:00Z,macro,2026-08-16T18:39:51Z,,continuing,False,False
KXUSGASCPI-26SEP11-T346,228.91,2026-08-24T23:00:00Z,6464.99,2026-09-08T00:00:00Z,macro,2026-08-16T18:40:50Z,,continuing,False,False
KXUSGASCPI-26SEP11-T347,446.0,2026-08-24T23:00:00Z,6446.74,2026-09-07T17:00:00Z,macro,2026-08-16T18:41:17Z,,continuing,False,False
KXUSGASCPI-26SEP11-T348,5.22,2026-08-25T00:00:00Z,583.13,2026-09-07T17:00:00Z,macro,2026-08-16T18:41:43Z,,continuing,False,False
KXUSGASCPI-26SEP11-T349,1.0,2026-08-25T00:00:00Z,2190.76,2026-09-07T17:00:00Z,macro,2026-08-16T18:42:11Z,,continuing,False,False
KXUSGASCPI-26SEP11-T350,480.86,2026-08-25T00:00:00Z,432.86,2026-09-07T17:00:00Z,macro,2026-07-16T15:44:29Z,,continuing,False,False
KXUSGASCPI-26SEP11-T351,1.0,2026-08-24T15:00:00Z,397.49,2026-09-07T17:00:00Z,macro,2026-08-16T18:42:45Z,,continuing,False,False
KXUSGASCPI-26SEP11-T352,100.0,2026-08-23T18:00:00Z,430.08,2026-09-07T17:00:00Z,macro,2026-08-16T18:43:11Z,,continuing,False,False
KXUSGASCPI-26SEP11-T353,0.0,2026-08-23T19:00:00Z,0.0,2026-09-07T17:00:00Z,macro,2026-08-16T18:43:42Z,,continuing,False,False
KXUSGASCPI-26SEP11-T354,0.0,2026-08-23T18:00:00Z,0.0,2026-09-07T18:00:00Z,macro,2026-08-16T18:44:16Z,,continuing,False,False
KXUSGASCPI-26SEP11-T355,0.0,2026-08-23T13:00:00Z,0.0,2026-09-07T17:00:00Z,macro,2026-08-16T18:44:46Z,,continuing,False,False
KXUSGASCPI-26SEP11-T360,62.42,2026-08-23T13:00:00Z,526.87,2026-09-07T17:00:00Z,macro,2026-07-16T15:44:29Z,,continuing,False,False
KXUSGASCPI-26SEP11-T370,33.0,2026-08-24T10:00:00Z,235.55,2026-09-07T17:00:00Z,macro,2026-07-16T15:44:29Z,,continuing,False,False
KXUSGASCPI-26SEP11-T380,12.0,2026-08-24T10:00:00Z,106.07,2026-09-07T17:00:00Z,macro,2026-07-16T15:44:29Z,,continuing,False,False
KXUSGASCPI-26SEP11-T390,12.0,2026-08-24T10:00:00Z,106.07,2026-09-07T17:00:00Z,macro,2026-07-16T15:44:29Z,,continuing,False,False
KXUSGASCPI-26SEP11-T400,14.0,2026-08-24T10:00:00Z,223.21,2026-09-07T17:00:00Z,macro,2026-07-16T15:44:29Z,,continuing,False,False
KXUSMCAOUTCOMES-27-TRI,206.0,2026-08-24T19:00:00Z,633.12,2026-09-06T20:00:00Z,policy,2026-07-23T15:36:31Z,,continuing,False,False
KXUSMCAOUTCOMES-27-USCAN,200.0,2026-08-24T18:00:00Z,200.0,2026-09-06T20:00:00Z,policy,2026-07-23T15:36:31Z,,continuing,False,False
KXUSMCAOUTCOMES-27-USMEX,416.87,2026-08-24T18:00:00Z,429.16,2026-09-07T18:00:00Z,policy,2026-07-23T15:36:31Z,,continuing,False,False
KXUSOPENAIANTH-29JAN29-27JAN01,262.0,2026-08-24T16:00:00Z,267.75,2026-09-06T18:00:00Z,policy,2026-07-08T22:29:36Z,,continuing,False,False
KXUSOPENAIANTH-29JAN29-28JAN01,125.33,2026-08-24T16:00:00Z,,,policy,2026-07-08T22:29:36Z,,exit,False,False
KXVADOMNEX-26AUG-27FEB01,0.0,2026-08-25T00:00:00Z,0.0,2026-09-08T00:00:00Z,policy,2026-08-17T20:07:53Z,,continuing,False,False
KXVANCEMENTION-26AUG24-AFFO,3933.09,2026-08-24T17:00:00Z,,,mention,2026-08-21T16:08:25Z,2026-08-24T17:33:07Z,exit,False,False
KXVANCEMENTION-26AUG24-BORD,3688.15,2026-08-24T17:00:00Z,,,mention,2026-08-21T16:08:25Z,2026-08-24T17:33:07Z,exit,False,False
KXVANCEMENTION-26AUG24-HEAL,4882.63,2026-08-24T17:00:00Z,,,mention,2026-08-21T16:08:25Z,2026-08-24T17:33:07Z,exit,False,False
KXVANCEMENTION-26AUG24-INFL,6295.82,2026-08-24T17:00:00Z,,,mention,2026-08-21T16:08:25Z,2026-08-24T17:33:07Z,exit,False,False
KXVANCEMENTION-26AUG24-IRAN,13032.13,2026-08-24T17:00:00Z,,,mention,2026-08-21T16:08:25Z,2026-08-24T17:33:07Z,exit,False,False
KXVANCEMENTION-26AUG24-OIL,5521.3,2026-08-24T17:00:00Z,,,mention,2026-08-21T16:08:25Z,2026-08-24T17:33:07Z,exit,False,False
KXVANCEMENTION-26AUG24-TARI,3286.23,2026-08-24T17:00:00Z,,,mention,2026-08-21T16:08:25Z,2026-08-24T17:33:07Z,exit,False,False
KXVANCEMENTION-26AUG24-TAX,8059.36,2026-08-24T17:00:00Z,,,mention,2026-08-21T16:08:25Z,2026-08-24T17:33:07Z,exit,False,False
KXVANCEMENTION-26SEP09-AFFO,,,59.98,2026-09-08T00:00:00Z,mention,2026-08-27T17:33:25Z,,entry,True,False
KXVANCEMENTION-26SEP09-AI,,,1367.68,2026-09-08T00:00:00Z,mention,2026-08-27T17:33:25Z,,entry,True,False
KXVANCEMENTION-26SEP09-OIL,,,1350.02,2026-09-08T00:00:00Z,mention,2026-08-27T17:33:25Z,,entry,True,False
KXVANCEMENTION-26SEP09-TARI,,,50.37,2026-09-08T00:00:00Z,mention,2026-08-27T17:33:25Z,,entry,True,False
KXVANCEMENTION-26SEP09-TAX,,,142.55,2026-09-08T00:00:00Z,mention,2026-08-27T17:33:25Z,,entry,True,False
KXVENEZOILCOS-27JAN01-CONO,,,9.96,2026-09-07T01:00:00Z,policy,2026-09-03T23:26:57Z,,entry,True,False
KXVENEZOILCOS-27JAN01-EXXO,,,86.42,2026-09-07T10:00:00Z,policy,2026-09-03T23:26:57Z,,entry,True,False
KXVENEZOILCOS-27JAN01-SHEL,,,1299.99,2026-09-07T01:00:00Z,policy,2026-09-03T23:26:57Z,,entry,True,False
KXWEALTHTAXEFFECT-27-JAN01,,,4511.37,2026-09-07T04:00:00Z,policy,2026-05-16T19:43:06Z,,entry,False,False
KXWTIMAX-26AUG31-T87.50,0.0,2026-08-24T17:00:00Z,,,macro,2026-08-04T20:46:29Z,2026-09-01T16:01:31Z,exit,False,True
KXWTIMAX-26AUG31-T88.00,0.0,2026-08-24T17:00:00Z,,,macro,2026-08-04T20:46:29Z,2026-09-01T16:01:31Z,exit,False,True
KXWTIMAX-26AUG31-T88.50,0.0,2026-08-24T17:00:00Z,,,macro,2026-08-04T20:46:29Z,2026-09-01T16:01:31Z,exit,False,True
KXWTIMAX-26AUG31-T89.00,0.0,2026-08-24T17:00:00Z,,,macro,2026-08-04T20:46:29Z,2026-09-01T16:01:31Z,exit,False,True
KXWTIMAX-26AUG31-T89.50,0.0,2026-08-24T17:00:00Z,,,macro,2026-08-04T20:46:29Z,2026-09-01T16:01:31Z,exit,False,True
KXWTIMAX-26AUG31-T90.00,0.0,2026-08-24T17:00:00Z,,,macro,2026-08-04T20:46:29Z,2026-09-01T16:01:31Z,exit,False,True
KXWTIMAX-26AUG31-T90.50,6.0,2026-08-24T17:00:00Z,,,macro,2026-08-04T20:46:29Z,2026-09-01T16:01:31Z,exit,False,True
KXWTIMAX-26AUG31-T91.00,256.53,2026-08-24T20:00:00Z,,,macro,2026-08-04T20:46:29Z,2026-09-01T16:01:31Z,exit,False,True
KXWTIMAX-26AUG31-T91.50,1226.68,2026-08-24T18:00:00Z,,,macro,2026-08-04T20:46:29Z,2026-09-01T16:01:31Z,exit,False,True
KXWTIMAX-26AUG31-T92.00,2567.31,2026-08-24T19:00:00Z,,,macro,2026-08-04T20:46:29Z,2026-09-01T16:01:31Z,exit,False,True
KXWTIMAX-26AUG31-T92.50,106.39,2026-08-24T17:00:00Z,,,macro,2026-08-04T20:46:29Z,2026-09-01T16:01:31Z,exit,False,True
KXWTIMAX-26AUG31-T93.00,642.38,2026-08-24T17:00:00Z,,,macro,2026-08-04T20:46:29Z,2026-09-01T16:01:31Z,exit,False,True
KXWTIMAX-26AUG31-T93.50,79.64,2026-08-24T19:00:00Z,,,macro,2026-08-04T20:46:29Z,2026-09-01T16:01:31Z,exit,False,True
KXWTIMAX-26AUG31-T94.00,71.77,2026-08-24T17:00:00Z,,,macro,2026-08-04T20:46:29Z,2026-09-01T16:01:31Z,exit,False,True
KXWTIMAX-26AUG31-T94.50,0.0,2026-08-24T17:00:00Z,,,macro,2026-08-04T20:46:29Z,2026-09-01T16:01:31Z,exit,False,True
KXWTIMAX-26AUG31-T95.00,3217.31,2026-08-25T00:00:00Z,,,macro,2026-08-04T20:46:29Z,2026-09-01T16:01:31Z,exit,False,True
KXWTIMAX-26DEC31-T115,525828.68,2026-08-25T00:00:00Z,568342.9,2026-09-08T00:00:00Z,macro,2026-03-03T22:50:56Z,,continuing,False,False
KXWTIMAX-26DEC31-T120,315191.19,2026-08-25T00:00:00Z,325792.69,2026-09-08T00:00:00Z,macro,2026-03-03T22:50:56Z,,continuing,False,False
KXWTIMAX-26DEC31-T125,253730.56,2026-08-25T00:00:00Z,261609.18,2026-09-08T00:00:00Z,macro,2026-03-03T22:50:56Z,,continuing,False,False
KXWTIMAX-26DEC31-T130,272243.88,2026-08-25T00:00:00Z,284148.46,2026-09-08T00:00:00Z,macro,2026-03-03T22:50:56Z,,continuing,False,False
KXWTIMAX-26DEC31-T135,183829.0,2026-08-25T00:00:00Z,185690.69,2026-09-08T00:00:00Z,macro,2026-03-03T22:50:56Z,,continuing,False,False
KXWTIMAX-26DEC31-T140,277386.62,2026-08-24T23:00:00Z,280200.54,2026-09-08T00:00:00Z,macro,2026-03-03T22:50:56Z,,continuing,False,False
KXWTIMAX-26DEC31-T150,369569.28,2026-08-24T23:00:00Z,407944.06,2026-09-08T00:00:00Z,macro,2026-03-03T22:50:56Z,,continuing,False,False
KXWTIMAX-26DEC31-T160,222625.8,2026-08-24T22:00:00Z,233120.25,2026-09-07T23:00:00Z,macro,2026-03-03T22:50:56Z,,continuing,False,False
KXWTIMAX-26DEC31-T180,296833.48,2026-08-25T00:00:00Z,300721.56,2026-09-07T22:00:00Z,macro,2026-03-03T22:50:56Z,,continuing,False,False
KXWTIMAX-26DEC31-T200,285180.79,2026-08-25T00:00:00Z,310405.3,2026-09-08T00:00:00Z,macro,2026-03-22T16:42:15Z,,continuing,False,False
KXWTIMAX-26SEP30-T100.00,,,2728.58,2026-09-08T00:00:00Z,macro,2026-09-01T04:00:32Z,,entry,True,False
KXWTIMAX-26SEP30-T100.50,,,8562.38,2026-09-08T00:00:00Z,macro,2026-09-01T04:00:32Z,,entry,True,False
KXWTIMAX-26SEP30-T91.50,,,3981.98,2026-09-07T19:00:00Z,macro,2026-09-01T04:00:32Z,2026-09-08T15:01:15Z,entry,True,False
KXWTIMAX-26SEP30-T92.00,,,1229.02,2026-09-07T23:00:00Z,macro,2026-09-01T04:00:32Z,2026-09-08T15:01:15Z,entry,True,False
KXWTIMAX-26SEP30-T92.50,,,2880.04,2026-09-07T19:00:00Z,macro,2026-09-01T04:00:32Z,,entry,True,False
KXWTIMAX-26SEP30-T93.00,,,34.0,2026-09-08T00:00:00Z,macro,2026-09-01T04:00:32Z,,entry,True,False
KXWTIMAX-26SEP30-T93.50,,,303.03,2026-09-08T00:00:00Z,macro,2026-09-01T04:00:32Z,,entry,True,False
KXWTIMAX-26SEP30-T94.00,,,833.48,2026-09-08T00:00:00Z,macro,2026-09-01T04:00:32Z,,entry,True,False
KXWTIMAX-26SEP30-T94.50,,,51.46,2026-09-08T00:00:00Z,macro,2026-09-01T04:00:32Z,,entry,True,False
KXWTIMAX-26SEP30-T95.00,,,810.72,2026-09-08T00:00:00Z,macro,2026-09-01T04:00:32Z,,entry,True,False
KXWTIMAX-26SEP30-T95.50,,,503.04,2026-09-08T00:00:00Z,macro,2026-09-01T04:00:32Z,,entry,True,False
KXWTIMAX-26SEP30-T96.00,,,768.52,2026-09-08T00:00:00Z,macro,2026-09-01T04:00:32Z,,entry,True,False
KXWTIMAX-26SEP30-T96.50,,,830.5,2026-09-08T00:00:00Z,macro,2026-09-01T04:00:32Z,,entry,True,False
KXWTIMAX-26SEP30-T97.00,,,479.18,2026-09-07T23:00:00Z,macro,2026-09-01T04:00:32Z,,entry,True,False
KXWTIMAX-26SEP30-T97.50,,,421.23,2026-09-08T00:00:00Z,macro,2026-09-01T04:00:32Z,,entry,True,False
KXWTIMAX-26SEP30-T98.00,,,379.67,2026-09-08T00:00:00Z,macro,2026-09-01T04:00:32Z,,entry,True,False
KXWTIMAX-26SEP30-T98.50,,,711.93,2026-09-08T00:00:00Z,macro,2026-09-01T04:00:32Z,,entry,True,False
KXWTIMAX-26SEP30-T99.00,,,810.91,2026-09-08T00:00:00Z,macro,2026-09-01T04:00:32Z,,entry,True,False
KXWTIMAX-26SEP30-T99.50,,,2002.0,2026-09-08T00:00:00Z,macro,2026-09-01T04:00:32Z,,entry,True,False
KXWTIMIN-26AUG31-T66.00,1187.4,2026-08-24T19:00:00Z,,,macro,2026-08-04T20:46:29Z,2026-09-01T16:01:31Z,exit,False,True
KXWTIMIN-26AUG31-T67.50,341.65,2026-08-24T23:00:00Z,,,macro,2026-08-04T20:46:29Z,2026-09-01T16:01:31Z,exit,False,True
KXWTIMIN-26AUG31-T69.00,125.01,2026-08-24T10:00:00Z,,,macro,2026-08-04T20:46:29Z,2026-09-01T16:01:31Z,exit,False,True
KXWTIMIN-26AUG31-T69.50,591.4,2026-08-23T09:00:00Z,,,macro,2026-08-04T20:46:29Z,2026-09-01T16:01:31Z,exit,False,True
KXWTIMIN-26AUG31-T70.00,765.25,2026-08-24T17:00:00Z,,,macro,2026-08-04T20:46:29Z,2026-09-01T16:01:31Z,exit,False,True
KXWTIMIN-26AUG31-T70.50,396.7,2026-08-24T17:00:00Z,,,macro,2026-08-04T20:46:29Z,2026-09-01T16:01:31Z,exit,False,True
KXWTIMIN-26AUG31-T71.00,25.35,2026-08-24T10:00:00Z,,,macro,2026-08-04T20:46:29Z,2026-09-01T16:01:31Z,exit,False,True
KXWTIMIN-26AUG31-T71.50,152.0,2026-08-24T10:00:00Z,,,macro,2026-08-04T20:46:29Z,2026-09-01T16:01:31Z,exit,False,True
KXWTIMIN-26AUG31-T72.00,200.24,2026-08-24T17:00:00Z,,,macro,2026-08-04T20:46:29Z,2026-09-01T16:01:31Z,exit,False,True
KXWTIMIN-26AUG31-T72.50,1482.28,2026-08-24T10:00:00Z,,,macro,2026-08-04T20:46:29Z,2026-09-01T16:01:31Z,exit,False,True
KXWTIMIN-26AUG31-T73.00,357.0,2026-08-24T10:00:00Z,,,macro,2026-08-04T20:46:29Z,2026-09-01T16:01:31Z,exit,False,True
KXWTIMIN-26AUG31-T73.50,118.0,2026-08-24T22:00:00Z,,,macro,2026-08-04T20:46:29Z,2026-09-01T16:01:31Z,exit,False,True
KXWTIMIN-26AUG31-T74.00,1031.0,2026-08-24T10:00:00Z,,,macro,2026-08-04T20:46:29Z,2026-09-01T16:01:31Z,exit,False,True
KXWTIMIN-26AUG31-T74.50,1660.95,2026-08-24T23:00:00Z,,,macro,2026-08-04T20:46:29Z,2026-09-01T16:01:31Z,exit,False,True
KXWTIMIN-26AUG31-T75.00,1648.7,2026-08-25T00:00:00Z,,,macro,2026-08-04T20:46:29Z,2026-09-01T16:01:31Z,exit,False,True
KXWTIMIN-26DEC31-T50,20417.48,2026-08-24T19:00:00Z,18087.0,2026-09-08T00:00:00Z,macro,2026-04-08T01:55:41Z,,continuing,False,False
KXWTIMIN-26DEC31-T55,16598.79,2026-08-24T23:00:00Z,17238.81,2026-09-07T23:00:00Z,macro,2026-04-08T01:55:41Z,,continuing,False,False
KXWTIMIN-26DEC31-T56,904.98,2026-08-24T17:00:00Z,908.85,2026-09-07T02:00:00Z,macro,2026-07-06T21:08:54Z,,continuing,False,False
KXWTIMIN-26DEC31-T57,773.75,2026-08-24T13:00:00Z,1098.75,2026-09-07T23:00:00Z,macro,2026-07-06T21:08:43Z,,continuing,False,False
KXWTIMIN-26DEC31-T58,889.78,2026-08-24T17:00:00Z,896.62,2026-09-07T23:00:00Z,macro,2026-07-06T21:08:33Z,,continuing,False,False
KXWTIMIN-26DEC31-T59,1151.29,2026-08-24T17:00:00Z,1251.29,2026-09-07T23:00:00Z,macro,2026-07-06T21:08:23Z,,continuing,False,False
KXWTIMIN-26DEC31-T60,22754.75,2026-08-24T23:00:00Z,25440.24,2026-09-07T18:00:00Z,macro,2026-04-08T01:55:41Z,,continuing,False,False
KXWTIMIN-26DEC31-T61,1432.79,2026-08-24T17:00:00Z,1932.74,2026-09-07T23:00:00Z,macro,2026-07-06T21:08:05Z,,continuing,False,False
KXWTIMIN-26DEC31-T62,1810.4,2026-08-25T00:00:00Z,2024.95,2026-09-08T00:00:00Z,macro,2026-07-06T21:07:56Z,,continuing,False,False
KXWTIMIN-26DEC31-T63,1616.63,2026-08-24T22:00:00Z,1837.24,2026-09-08T00:00:00Z,macro,2026-07-06T21:07:42Z,,continuing,False,False
KXWTIMIN-26DEC31-T64,1482.49,2026-08-25T00:00:00Z,1633.34,2026-09-07T23:00:00Z,macro,2026-07-06T21:07:31Z,,continuing,False,False
KXWTIMIN-26DEC31-T65,21963.53,2026-08-25T00:00:00Z,23020.39,2026-09-07T18:00:00Z,macro,2026-04-08T01:55:41Z,,continuing,False,False
KXWTIMIN-26SEP30-T71.50,,,1855.0,2026-09-07T20:00:00Z,macro,2026-09-01T04:00:32Z,,entry,True,False
KXWTIMIN-26SEP30-T72.00,,,1217.0,2026-09-07T20:00:00Z,macro,2026-09-01T04:00:32Z,,entry,True,False
KXWTIMIN-26SEP30-T72.50,,,1374.0,2026-09-07T14:00:00Z,macro,2026-09-01T04:00:32Z,,entry,True,False
KXWTIMIN-26SEP30-T73.00,,,1421.0,2026-09-07T17:00:00Z,macro,2026-09-01T04:00:32Z,,entry,True,False
KXWTIMIN-26SEP30-T73.50,,,414.28,2026-09-07T14:00:00Z,macro,2026-09-01T04:00:32Z,,entry,True,False
KXWTIMIN-26SEP30-T74.00,,,95.0,2026-09-07T23:00:00Z,macro,2026-09-01T04:00:32Z,,entry,True,False
KXWTIMIN-26SEP30-T74.50,,,1590.01,2026-09-07T23:00:00Z,macro,2026-09-01T04:00:32Z,,entry,True,False
KXWTIMIN-26SEP30-T75.00,,,161.08,2026-09-07T23:00:00Z,macro,2026-09-01T04:00:32Z,,entry,True,False
KXWTIMIN-26SEP30-T75.50,,,105.0,2026-09-07T17:00:00Z,macro,2026-09-01T04:00:32Z,,entry,True,False
KXWTIMIN-26SEP30-T76.00,,,184.0,2026-09-07T23:00:00Z,macro,2026-09-01T04:00:32Z,,entry,True,False
KXWTIMIN-26SEP30-T76.50,,,1580.0,2026-09-07T23:00:00Z,macro,2026-09-01T04:00:32Z,,entry,True,False
KXWTIMIN-26SEP30-T77.00,,,734.58,2026-09-07T23:00:00Z,macro,2026-09-01T04:00:32Z,,entry,True,False
KXWTIMIN-26SEP30-T77.50,,,1343.37,2026-09-07T23:00:00Z,macro,2026-09-01T04:00:32Z,,entry,True,False
KXWTIMIN-26SEP30-T78.00,,,120.0,2026-09-07T23:00:00Z,macro,2026-09-01T04:00:32Z,,entry,True,False
KXWTIMIN-26SEP30-T78.50,,,167.0,2026-09-07T23:00:00Z,macro,2026-09-01T04:00:32Z,,entry,True,False
KXWTIMIN-26SEP30-T79.00,,,136.0,2026-09-08T00:00:00Z,macro,2026-09-01T04:00:32Z,,entry,True,False
KXWTIMIN-26SEP30-T79.50,,,57.17,2026-09-08T00:00:00Z,macro,2026-09-01T04:00:32Z,,entry,True,False
KXWTIMIN-26SEP30-T80.00,,,3584.06,2026-09-08T00:00:00Z,macro,2026-09-01T04:00:32Z,,entry,True,False
KXWTIMIN-26SEP30-T80.50,,,1635.28,2026-09-07T23:00:00Z,macro,2026-09-01T04:00:32Z,,entry,True,False
KXWTIMIN-26SEP30-T81.00,,,2085.61,2026-09-07T23:00:00Z,macro,2026-09-01T04:00:32Z,,entry,True,False
SENATEAK-26-D,204946.51,2026-08-25T00:00:00Z,224069.28,2026-09-07T23:00:00Z,election,2024-12-03T05:23:06Z,,continuing,False,False
SENATEAK-26-R,240312.19,2026-08-25T00:00:00Z,242564.24,2026-09-07T23:00:00Z,election,2024-12-03T05:23:06Z,,continuing,False,False
SENATEAL-26-D,4163.94,2026-08-24T01:00:00Z,4398.42,2026-09-07T22:00:00Z,election,2024-12-03T05:23:12Z,,continuing,False,False
SENATEAL-26-R,1607.46,2026-08-24T17:00:00Z,1610.56,2026-09-07T19:00:00Z,election,2024-12-03T05:23:12Z,,continuing,False,False
SENATEAR-26-D,28638.62,2026-08-25T00:00:00Z,46765.55,2026-09-07T21:00:00Z,election,2024-12-03T05:23:02Z,,continuing,False,False
SENATEAR-26-R,7288.75,2026-08-25T00:00:00Z,9723.55,2026-09-07T23:00:00Z,election,2024-12-03T05:23:02Z,,continuing,False,False
SENATECO-26-D,634.65,2026-08-25T00:00:00Z,1089.22,2026-09-07T23:00:00Z,election,2024-12-03T05:22:58Z,,continuing,False,False
SENATECO-26-R,10036.98,2026-08-23T22:00:00Z,10433.22,2026-09-07T19:00:00Z,election,2024-12-03T05:22:58Z,,continuing,False,False
SENATEDE-26-D,2092.19,2026-08-24T17:00:00Z,2194.21,2026-09-07T23:00:00Z,election,2024-12-03T05:22:52Z,,continuing,False,False
SENATEDE-26-R,5471.64,2026-08-24T10:00:00Z,5471.64,2026-09-07T23:00:00Z,election,2024-12-03T05:22:52Z,,continuing,False,False
SENATEFLS-26-D,148630.24,2026-08-25T00:00:00Z,254156.36,2026-09-08T00:00:00Z,election,2024-12-04T08:24:40Z,,continuing,False,False
SENATEFLS-26-R,90585.83,2026-08-25T00:00:00Z,145277.38,2026-09-08T00:00:00Z,election,2024-12-04T08:24:40Z,,continuing,False,False
SENATEGA-26-D,199998.62,2026-08-25T00:00:00Z,207152.66,2026-09-07T23:00:00Z,election,2024-12-03T05:22:44Z,,continuing,False,False
SENATEGA-26-R,594537.53,2026-08-25T00:00:00Z,616223.84,2026-09-08T00:00:00Z,election,2024-12-03T05:22:44Z,,continuing,False,False
SENATEIA-26-D,213982.7,2026-08-25T00:00:00Z,421339.75,2026-09-08T00:00:00Z,election,2024-12-03T05:21:23Z,,continuing,False,False
SENATEIA-26-R,566886.28,2026-08-25T00:00:00Z,647338.26,2026-09-08T00:00:00Z,election,2024-12-03T05:21:23Z,,continuing,False,False
SENATEID-26-D,23663.81,2026-08-24T13:00:00Z,,,election,2024-12-03T05:22:34Z,,exit,False,False
SENATEID-26-R,19840.28,2026-08-25T00:00:00Z,20254.15,2026-09-07T22:00:00Z,election,2024-12-03T05:22:34Z,,continuing,False,False
SENATEID-26-TACH,5894.77,2026-08-24T16:00:00Z,10125.07,2026-09-07T22:00:00Z,election,2026-07-29T14:44:20Z,,continuing,False,False
SENATEIL-26-D,1509.59,2026-08-24T17:00:00Z,2130.56,2026-09-07T22:00:00Z,election,2024-12-03T05:21:30Z,,continuing,False,False
SENATEIL-26-R,6029.16,2026-08-24T22:00:00Z,6066.6,2026-09-07T22:00:00Z,election,2024-12-03T05:21:30Z,,continuing,False,False
SENATEKS-26-D,147959.96,2026-08-25T00:00:00Z,314139.16,2026-09-08T00:00:00Z,election,2024-12-03T05:27:27Z,,continuing,False,False
SENATEKS-26-R,87553.82,2026-08-25T00:00:00Z,150766.56,2026-09-08T00:00:00Z,election,2024-12-03T05:27:27Z,,continuing,False,False
SENATELA-26-D,19094.44,2026-08-25T00:00:00Z,24755.26,2026-09-08T00:00:00Z,election,2024-12-03T05:21:10Z,,continuing,False,False
SENATELA-26-R,29807.48,2026-08-24T23:00:00Z,31461.29,2026-09-08T00:00:00Z,election,2024-12-03T05:21:10Z,,continuing,False,False
SENATEMA-26-D,2635.51,2026-08-23T23:00:00Z,4638.07,2026-09-07T22:00:00Z,election,2024-12-03T05:21:02Z,,continuing,False,False
SENATEMA-26-R,2059.11,2026-08-24T17:00:00Z,3633.86,2026-09-07T22:00:00Z,election,2024-12-03T05:21:02Z,,continuing,False,False
SENATEME-26-D,852355.38,2026-08-25T00:00:00Z,875578.69,2026-09-08T00:00:00Z,election,2024-12-03T05:21:06Z,,continuing,False,False
SENATEME-26-R,1297574.56,2026-08-25T00:00:00Z,1634462.84,2026-09-08T00:00:00Z,election,2024-12-03T05:21:06Z,,continuing,False,False
SENATEMI-26-D,729089.96,2026-08-25T00:00:00Z,895320.69,2026-09-08T00:00:00Z,election,2024-12-03T04:41:10Z,,continuing,False,False
SENATEMI-26-R,999875.34,2026-08-25T00:00:00Z,1303116.5,2026-09-08T00:00:00Z,election,2024-12-03T04:41:10Z,,continuing,False,False
SENATEMN-26-D,52081.32,2026-08-25T00:00:00Z,118622.99,2026-09-08T00:00:00Z,election,2024-12-04T01:17:28Z,,continuing,False,False
SENATEMN-26-R,204846.56,2026-08-25T00:00:00Z,240196.97,2026-09-08T00:00:00Z,election,2024-12-04T01:17:28Z,,continuing,False,False
SENATEMS-26-D,53079.6,2026-08-25T00:00:00Z,68608.22,2026-09-07T23:00:00Z,election,2024-12-03T04:42:54Z,,continuing,False,False
SENATEMS-26-R,22723.21,2026-08-24T21:00:00Z,27796.77,2026-09-07T22:00:00Z,election,2024-12-03T04:42:54Z,,continuing,False,False
SENATEMT-26-D,52148.77,2026-08-24T19:00:00Z,55832.91,2026-09-07T17:00:00Z,election,2024-12-03T05:20:46Z,,continuing,False,False
SENATEMT-26-IND,114308.52,2026-08-25T00:00:00Z,123781.81,2026-09-07T09:00:00Z,election,2026-01-16T06:31:16Z,,continuing,False,False
SENATEMT-26-R,110943.94,2026-08-24T20:00:00Z,119842.36,2026-09-07T23:00:00Z,election,2024-12-03T05:20:46Z,,continuing,False,False
SENATENC-26-D,1139029.48,2026-08-25T00:00:00Z,1176554.4,2026-09-07T23:00:00Z,election,2024-12-03T05:18:44Z,,continuing,False,False
SENATENC-26-R,278777.14,2026-08-25T00:00:00Z,573593.64,2026-09-07T19:00:00Z,election,2024-12-03T05:18:44Z,,continuing,False,False
SENATENE-26-D,24888.72,2026-08-25T00:00:00Z,26299.88,2026-09-06T20:00:00Z,election,2024-12-03T04:45:28Z,,continuing,False,False
SENATENE-26-DOSB,264763.38,2026-08-25T00:00:00Z,276014.59,2026-09-07T23:00:00Z,election,2025-09-09T14:44:17Z,,continuing,False,False
SENATENE-26-R,163527.91,2026-08-24T23:00:00Z,198045.65,2026-09-07T19:00:00Z,election,2024-12-03T04:45:28Z,,continuing,False,False
SENATENH-26-D,45616.21,2026-08-24T18:00:00Z,78739.87,2026-09-08T00:00:00Z,election,2024-12-03T05:20:37Z,,continuing,False,False
SENATENH-26-R,74590.75,2026-08-25T00:00:00Z,180666.72,2026-09-08T00:00:00Z,election,2024-12-03T05:20:37Z,,continuing,False,False
SENATENJ-26-D,3316.08,2026-08-23T19:00:00Z,3342.26,2026-09-07T23:00:00Z,election,2024-12-03T05:20:06Z,,continuing,False,False
SENATENJ-26-R,9924.68,2026-08-24T21:00:00Z,13407.67,2026-09-06T23:00:00Z,election,2024-12-03T05:20:06Z,,continuing,False,False
SENATENM-26-D,8306.09,2026-08-24T17:00:00Z,8322.09,2026-09-07T23:00:00Z,election,2024-12-03T05:18:49Z,,continuing,False,False
SENATENM-26-R,3189.03,2026-08-25T00:00:00Z,3236.03,2026-09-06T19:00:00Z,election,2024-12-03T05:18:49Z,,continuing,False,False
SENATEOHS-26-D,664647.27,2026-08-25T00:00:00Z,789186.89,2026-09-08T00:00:00Z,election,2024-12-04T08:24:34Z,,continuing,False,False
SENATEOHS-26-R,934721.72,2026-08-25T00:00:00Z,1029844.62,2026-09-08T00:00:00Z,election,2024-12-04T08:24:34Z,,continuing,False,False
SENATEOK-26-D,2793.13,2026-08-25T00:00:00Z,9510.66,2026-09-08T00:00:00Z,election,2024-12-03T05:18:40Z,,continuing,False,False
SENATEOK-26-R,4172.96,2026-08-24T20:00:00Z,14597.53,2026-09-08T00:00:00Z,election,2024-12-03T05:18:40Z,,continuing,False,False
SENATEOR-26-D,2804.17,2026-08-24T00:00:00Z,2812.22,2026-09-07T10:00:00Z,election,2024-12-03T05:18:35Z,,continuing,False,False
SENATEOR-26-R,2507.29,2026-08-24T01:00:00Z,2655.7,2026-09-07T19:00:00Z,election,2024-12-03T05:18:35Z,,continuing,False,False
SENATERI-26-D,3834.21,2026-08-24T17:00:00Z,4417.24,2026-09-07T15:00:00Z,election,2024-12-03T05:18:31Z,,continuing,False,False
SENATERI-26-R,,,2218.99,2026-09-07T18:00:00Z,election,2024-12-03T05:18:31Z,,entry,False,False
SENATESC-26-D,234589.12,2026-08-25T00:00:00Z,536990.36,2026-09-08T00:00:00Z,election,2024-12-03T05:18:26Z,,continuing,False,False
SENATESC-26-R,221602.73,2026-08-25T00:00:00Z,290535.2,2026-09-08T00:00:00Z,election,2024-12-03T05:18:26Z,,continuing,False,False
SENATESD-26-BBEN,5093.7,2026-08-24T23:00:00Z,11136.59,2026-09-07T22:00:00Z,election,2026-08-05T16:18:22Z,,continuing,False,False
SENATESD-26-D,9178.72,2026-08-24T17:00:00Z,11500.72,2026-09-06T18:00:00Z,election,2024-12-03T05:18:21Z,,continuing,False,False
SENATESD-26-R,10997.38,2026-08-24T20:00:00Z,16865.91,2026-09-07T22:00:00Z,election,2024-12-03T05:18:21Z,,continuing,False,False
SENATETN-26-D,11784.57,2026-08-25T00:00:00Z,12220.43,2026-09-07T23:00:00Z,election,2024-12-03T04:52:14Z,,continuing,False,False
SENATETN-26-R,,,4271.43,2026-09-07T01:00:00Z,election,2024-12-03T04:52:14Z,,entry,False,False
SENATETX-26-D,2667187.41,2026-08-25T00:00:00Z,2936954.87,2026-09-08T00:00:00Z,election,2024-12-03T04:52:30Z,,continuing,False,False
SENATETX-26-R,3739962.13,2026-08-25T00:00:00Z,4178675.65,2026-09-08T00:00:00Z,election,2024-12-03T04:52:30Z,,continuing,False,False
SENATEVA-26-D,5658.57,2026-08-24T19:00:00Z,5938.91,2026-09-07T19:00:00Z,election,2024-12-03T05:18:10Z,,continuing,False,False
SENATEVA-26-R,5264.51,2026-08-24T17:00:00Z,5622.3,2026-09-07T23:00:00Z,election,2024-12-03T05:18:10Z,,continuing,False,False
SENATEWV-26-D,8062.92,2026-08-24T07:00:00Z,8491.94,2026-09-07T23:00:00Z,election,2024-12-03T05:18:04Z,,continuing,False,False
SENATEWV-26-R,6064.74,2026-08-24T17:00:00Z,6191.74,2026-09-07T23:00:00Z,election,2024-12-03T05:18:04Z,,continuing,False,False
SENATEWY-26-D,3283.49,2026-08-24T11:00:00Z,7853.25,2026-09-07T23:00:00Z,election,2024-12-03T04:53:51Z,,continuing,False,False
SENATEWY-26-R,8293.11,2026-08-23T09:00:00Z,8303.91,2026-09-07T19:00:00Z,election,2024-12-03T04:53:51Z,,continuing,False,False
