issue_id,channel,utc_date,observed_markets,observed_events,quoted_events,observed_hourly_rows,usable_quote_hours,event_equal_weight_mid_diagnostic,volume_observed_contracts,oi_sum_latest_observed_per_contract,oi_contracts_observed,partial_boundary_rows,newly_listed_events,interpretation
affordability_inflation,macro,2026-07-08,232,27,22,1066,858,0.45473111871110883,85771.1,1340621.99,232,111,0,changing_coverage_not_matched_salience_or_probability_index; OI_not_positions
affordability_inflation,macro,2026-07-09,275,31,28,2634,2126,0.33981627543208426,123057.92,1457575.18,275,0,0,changing_coverage_not_matched_salience_or_probability_index; OI_not_positions
affordability_inflation,macro,2026-07-10,366,31,30,2706,2063,0.34844993228019544,172649.6,1585827.23,366,0,0,changing_coverage_not_matched_salience_or_probability_index; OI_not_positions
affordability_inflation,macro,2026-07-11,242,25,22,3243,2264,0.34546856124771147,112642.55,1646977.45,242,0,0,changing_coverage_not_matched_salience_or_probability_index; OI_not_positions
affordability_inflation,macro,2026-07-12,259,29,27,3237,2210,0.35659933298942964,93759.16,1723104.97,259,0,0,changing_coverage_not_matched_salience_or_probability_index; OI_not_positions
affordability_inflation,macro,2026-07-13,356,31,28,3353,2101,0.3244518978045764,295507.83,1895187.23,356,0,0,changing_coverage_not_matched_salience_or_probability_index; OI_not_positions
affordability_inflation,macro,2026-07-14,366,31,29,2813,1577,0.31870422824302136,265419.81,2094055.01,366,0,0,changing_coverage_not_matched_salience_or_probability_index; OI_not_positions
affordability_inflation,macro,2026-07-15,292,26,22,1766,1122,0.26532503607503605,96317.11,313418.81,292,0,1,changing_coverage_not_matched_salience_or_probability_index; OI_not_positions
affordability_inflation,macro,2026-07-16,303,27,22,2804,1483,0.2864810606060606,138842.02,414073.06,303,0,1,changing_coverage_not_matched_salience_or_probability_index; OI_not_positions
affordability_inflation,macro,2026-07-17,288,27,23,2743,1856,0.3138025911286781,87385.83,474352.74,288,0,0,changing_coverage_not_matched_salience_or_probability_index; OI_not_positions
affordability_inflation,macro,2026-07-18,191,26,20,1961,1476,0.32627344877344877,32848.31,477410.67,191,0,0,changing_coverage_not_matched_salience_or_probability_index; OI_not_positions
affordability_inflation,macro,2026-07-19,162,24,16,1819,1149,0.4227222447691198,14735.58,469842.2,162,0,0,changing_coverage_not_matched_salience_or_probability_index; OI_not_positions
affordability_inflation,macro,2026-07-20,284,26,20,2650,1475,0.2999119505494506,75441.91,544272.8,284,9,0,changing_coverage_not_matched_salience_or_probability_index; OI_not_positions
affordability_inflation,macro,2026-07-21,287,27,21,2508,1540,0.3597154195011338,72304.78,595001.9,287,0,0,changing_coverage_not_matched_salience_or_probability_index; OI_not_positions
affordability_inflation,macro,2026-07-22,183,23,17,2043,1429,0.4201531141868512,43087.05,580240.28,183,0,0,changing_coverage_not_matched_salience_or_probability_index; OI_not_positions
affordability_inflation,macro,2026-07-23,315,27,23,3585,2122,0.3145449695867316,108061.81,682928.06,315,0,0,changing_coverage_not_matched_salience_or_probability_index; OI_not_positions
affordability_inflation,macro,2026-07-24,301,27,21,2333,1448,0.3224001399602903,87914.95,690259.86,301,0,0,changing_coverage_not_matched_salience_or_probability_index; OI_not_positions
affordability_inflation,macro,2026-07-25,150,22,14,1753,1244,0.47759332284778716,43297.45,718623.49,150,0,0,changing_coverage_not_matched_salience_or_probability_index; OI_not_positions
affordability_inflation,macro,2026-07-26,111,18,11,1462,1030,0.4065052308802309,25644.5,703198.3099999999,111,3,0,changing_coverage_not_matched_salience_or_probability_index; OI_not_positions
affordability_inflation,macro,2026-07-27,190,25,15,1726,1131,0.4621730838534244,43514.99,742706.45,190,0,0,changing_coverage_not_matched_salience_or_probability_index; OI_not_positions
affordability_inflation,macro,2026-07-28,305,26,24,2195,1222,0.3472462245383441,51815.7,819061.55,305,0,0,changing_coverage_not_matched_salience_or_probability_index; OI_not_positions
affordability_inflation,macro,2026-07-29,333,28,27,2858,1764,0.34981964041767966,35775.19,880163.91,333,0,2,changing_coverage_not_matched_salience_or_probability_index; OI_not_positions
affordability_inflation,macro,2026-07-30,336,28,27,3329,2151,0.3663796305546306,128935.06,991526.12,336,0,0,changing_coverage_not_matched_salience_or_probability_index; OI_not_positions
affordability_inflation,macro,2026-07-31,307,27,26,2984,2071,0.3740635422270038,64395.44,891658.23,307,0,0,changing_coverage_not_matched_salience_or_probability_index; OI_not_positions
affordability_inflation,macro,2026-08-01,177,25,21,2143,1546,0.4921667714482841,18750.88,767109.51,177,0,0,changing_coverage_not_matched_salience_or_probability_index; OI_not_positions
affordability_inflation,macro,2026-08-02,197,25,19,2038,1287,0.36651808279439857,56225.1,922958.58,197,0,0,changing_coverage_not_matched_salience_or_probability_index; OI_not_positions
affordability_inflation,macro,2026-08-03,256,27,24,2291,1420,0.4132825562169312,72796.44,979701.07,256,0,0,changing_coverage_not_matched_salience_or_probability_index; OI_not_positions
affordability_inflation,macro,2026-08-04,288,28,22,2273,1422,0.42629421921661226,108912.49,990396.66,288,0,0,changing_coverage_not_matched_salience_or_probability_index; OI_not_positions
affordability_inflation,macro,2026-08-05,284,27,23,2549,1466,0.4433638146806305,60658.46,952847.83,284,0,0,changing_coverage_not_matched_salience_or_probability_index; OI_not_positions
affordability_inflation,macro,2026-08-06,311,28,23,2842,1722,0.4230388826149696,59767.28,1115284.71,311,0,0,changing_coverage_not_matched_salience_or_probability_index; OI_not_positions
affordability_inflation,macro,2026-08-07,308,28,25,2734,1763,0.37855392857142856,125188.87,1185675.15,308,0,0,changing_coverage_not_matched_salience_or_probability_index; OI_not_positions
affordability_inflation,macro,2026-08-08,184,22,17,1882,1409,0.4368333333333333,43626.14,1166291.06,184,0,0,changing_coverage_not_matched_salience_or_probability_index; OI_not_positions
affordability_inflation,macro,2026-08-09,143,22,14,1764,1315,0.4498332840926826,45423.090000000004,1156444.86,143,0,0,changing_coverage_not_matched_salience_or_probability_index; OI_not_positions
affordability_inflation,macro,2026-08-10,300,27,21,2663,1780,0.38958784205212776,183793.79,1386942.55,300,0,0,changing_coverage_not_matched_salience_or_probability_index; OI_not_positions
affordability_inflation,macro,2026-08-11,297,27,21,3147,1933,0.3339796463457178,587601.52,1757421.81,297,0,0,changing_coverage_not_matched_salience_or_probability_index; OI_not_positions
affordability_inflation,macro,2026-08-12,321,28,23,3684,1611,0.4024312408605887,273862.74,1917364.43,321,0,0,changing_coverage_not_matched_salience_or_probability_index; OI_not_positions
affordability_inflation,macro,2026-08-13,237,22,17,2253,1186,0.3921297338282632,66152.72,115055.93,237,0,0,changing_coverage_not_matched_salience_or_probability_index; OI_not_positions
affordability_inflation,macro,2026-08-14,235,22,18,2968,1422,0.40164060332448015,30346.66,142556.75,235,0,0,changing_coverage_not_matched_salience_or_probability_index; OI_not_positions
affordability_inflation,macro,2026-08-15,160,21,18,1233,728,0.36973435669269,15715.24,129009.36,160,0,0,changing_coverage_not_matched_salience_or_probability_index; OI_not_positions
affordability_inflation,macro,2026-08-16,151,21,17,1046,692,0.41567468479233183,5078.99,124994.62,151,14,1,changing_coverage_not_matched_salience_or_probability_index; OI_not_positions
affordability_inflation,macro,2026-08-17,194,23,17,1626,1228,0.396694337418762,104059.94,183463.54,194,0,0,changing_coverage_not_matched_salience_or_probability_index; OI_not_positions
affordability_inflation,macro,2026-08-18,252,23,18,1754,1287,0.42369590286256953,30269.48,225372.5,252,0,0,changing_coverage_not_matched_salience_or_probability_index; OI_not_positions
affordability_inflation,macro,2026-08-19,249,23,17,2227,1460,0.388510217723453,41084.21,248874.49,249,0,0,changing_coverage_not_matched_salience_or_probability_index; OI_not_positions
affordability_inflation,macro,2026-08-20,264,23,20,2035,1319,0.39768874542124544,29630.05,249616.43,264,0,0,changing_coverage_not_matched_salience_or_probability_index; OI_not_positions
affordability_inflation,macro,2026-08-21,268,23,19,2347,1558,0.42035435439211183,19173.96,264724.27,268,0,0,changing_coverage_not_matched_salience_or_probability_index; OI_not_positions
affordability_inflation,macro,2026-08-22,198,19,17,1705,1241,0.3996829436902966,17652.09,261897.79,198,0,0,changing_coverage_not_matched_salience_or_probability_index; OI_not_positions
affordability_inflation,macro,2026-08-23,173,19,17,1617,1194,0.4862402460284813,3042.58,251352.15,173,0,0,changing_coverage_not_matched_salience_or_probability_index; OI_not_positions
affordability_inflation,macro,2026-08-24,201,23,20,1692,1216,0.5158381382506383,17303.11,262235.2,201,0,0,changing_coverage_not_matched_salience_or_probability_index; OI_not_positions
affordability_inflation,macro,2026-08-25,199,21,17,1715,1220,0.5321178804855276,35086.77,277402.59,199,0,0,changing_coverage_not_matched_salience_or_probability_index; OI_not_positions
affordability_inflation,macro,2026-08-26,260,23,19,2074,1353,0.5282938504477979,22588.08,298542.36,260,0,0,changing_coverage_not_matched_salience_or_probability_index; OI_not_positions
affordability_inflation,macro,2026-08-27,262,22,20,2821,1596,0.5250146212121212,145083.42,348756.9,262,0,0,changing_coverage_not_matched_salience_or_probability_index; OI_not_positions
affordability_inflation,macro,2026-08-28,228,21,19,1438,934,0.36972290409819014,69816.12,357479.12,228,0,1,changing_coverage_not_matched_salience_or_probability_index; OI_not_positions
affordability_inflation,macro,2026-08-29,186,21,18,1411,883,0.4134677706552707,12559.93,321870.72000000003,186,0,0,changing_coverage_not_matched_salience_or_probability_index; OI_not_positions
affordability_inflation,macro,2026-08-30,222,23,21,1912,1287,0.43683816114983187,9207.08,325635.01,222,0,0,changing_coverage_not_matched_salience_or_probability_index; OI_not_positions
affordability_inflation,macro,2026-08-31,254,23,22,2142,1428,0.478992401649153,167003.83,481372.41000000003,254,0,0,changing_coverage_not_matched_salience_or_probability_index; OI_not_positions
affordability_inflation,macro,2026-09-01,254,23,22,2301,1590,0.4740523579955398,36433.14,509898.81,254,0,0,changing_coverage_not_matched_salience_or_probability_index; OI_not_positions
affordability_inflation,macro,2026-09-02,252,23,21,2217,1403,0.4828451627737342,34212.81,517917.55,252,0,0,changing_coverage_not_matched_salience_or_probability_index; OI_not_positions
affordability_inflation,macro,2026-09-03,258,23,21,2138,1290,0.4814802208143823,82709.68,600682.6,258,0,0,changing_coverage_not_matched_salience_or_probability_index; OI_not_positions
affordability_inflation,macro,2026-09-04,246,23,20,1730,1099,0.5039501445776445,60467.61,624275.23,246,0,0,changing_coverage_not_matched_salience_or_probability_index; OI_not_positions
affordability_inflation,macro,2026-09-05,157,20,18,1380,933,0.5227889504286563,27935.18,625261.45,157,0,0,changing_coverage_not_matched_salience_or_probability_index; OI_not_positions
affordability_inflation,macro,2026-09-06,180,20,17,1224,716,0.48604709727028067,56490.3,686380.75,180,0,0,changing_coverage_not_matched_salience_or_probability_index; OI_not_positions
affordability_inflation,macro,2026-09-07,179,21,19,1391,885,0.5007703064479381,85136.61,741119.82,179,0,0,changing_coverage_not_matched_salience_or_probability_index; OI_not_positions
affordability_inflation,mention,2026-07-08,10,10,9,67,59,0.6216666666666667,19650.47,22137.72,10,9,4,changing_coverage_not_matched_salience_or_probability_index; OI_not_positions
affordability_inflation,mention,2026-07-09,11,11,9,180,135,0.5672222222222222,712.65,5815.12,11,0,0,changing_coverage_not_matched_salience_or_probability_index; OI_not_positions
affordability_inflation,mention,2026-07-10,12,12,10,217,167,0.5915,1089.32,6544.04,12,0,1,changing_coverage_not_matched_salience_or_probability_index; OI_not_positions
affordability_inflation,mention,2026-07-11,11,11,10,200,157,0.5525,239.55,6341.84,11,0,0,changing_coverage_not_matched_salience_or_probability_index; OI_not_positions
affordability_inflation,mention,2026-07-12,11,11,11,208,186,0.6068181818181818,585.46,6716.8,11,0,0,changing_coverage_not_matched_salience_or_probability_index; OI_not_positions
affordability_inflation,mention,2026-07-13,17,16,16,257,232,0.5534375,28504.5,33917.6,17,6,5,changing_coverage_not_matched_salience_or_probability_index; OI_not_positions
affordability_inflation,mention,2026-07-14,19,18,18,301,282,0.5422222222222223,46222.04,49251.55,19,4,4,changing_coverage_not_matched_salience_or_probability_index; OI_not_positions
affordability_inflation,mention,2026-07-15,10,10,8,146,133,0.41125,19126.1,21044.57,10,3,3,changing_coverage_not_matched_salience_or_probability_index; OI_not_positions
affordability_inflation,mention,2026-07-16,11,11,11,149,139,0.40545454545454546,22737.73,28890.95,11,2,3,changing_coverage_not_matched_salience_or_probability_index; OI_not_positions
affordability_inflation,mention,2026-07-17,10,10,9,148,121,0.44,34671.7,34694.8,10,2,2,changing_coverage_not_matched_salience_or_probability_index; OI_not_positions
affordability_inflation,mention,2026-07-18,8,8,8,137,124,0.546875,1622.97,9105.73,8,0,0,changing_coverage_not_matched_salience_or_probability_index; OI_not_positions
affordability_inflation,mention,2026-07-19,8,8,8,147,121,0.49,2815.17,10879.09,8,0,0,changing_coverage_not_matched_salience_or_probability_index; OI_not_positions
affordability_inflation,mention,2026-07-20,14,14,12,187,153,0.49583333333333335,9926.52,16810.96,14,6,8,changing_coverage_not_matched_salience_or_probability_index; OI_not_positions
affordability_inflation,mention,2026-07-21,17,17,14,285,240,0.5703571428571429,73928.43,71934.48999999999,17,3,5,changing_coverage_not_matched_salience_or_probability_index; OI_not_positions
affordability_inflation,mention,2026-07-22,16,16,15,283,235,0.541,59606.77,60295.45,16,3,2,changing_coverage_not_matched_salience_or_probability_index; OI_not_positions
affordability_inflation,mention,2026-07-23,19,19,13,256,211,0.39192307692307693,80570.75,79859.6,19,9,9,changing_coverage_not_matched_salience_or_probability_index; OI_not_positions
affordability_inflation,mention,2026-07-24,16,16,15,306,178,0.6063333333333334,36752.409999999996,43566.26,16,2,2,changing_coverage_not_matched_salience_or_probability_index; OI_not_positions
affordability_inflation,mention,2026-07-25,14,14,14,201,168,0.5178571428571429,79486.55,100610.93000000001,14,0,0,changing_coverage_not_matched_salience_or_probability_index; OI_not_positions
affordability_inflation,mention,2026-07-26,14,14,14,155,130,0.5767857142857142,5882.37,11696.41,14,1,1,changing_coverage_not_matched_salience_or_probability_index; OI_not_positions
affordability_inflation,mention,2026-07-27,17,17,14,189,142,0.6082142857142857,56258.29,48464.56,17,1,3,changing_coverage_not_matched_salience_or_probability_index; OI_not_positions
affordability_inflation,mention,2026-07-28,19,19,18,240,170,0.43472222222222223,106207.35,106478.68,19,4,4,changing_coverage_not_matched_salience_or_probability_index; OI_not_positions
affordability_inflation,mention,2026-07-29,20,19,17,222,150,0.49220588235294116,97238.97,107714.15,20,3,4,changing_coverage_not_matched_salience_or_probability_index; OI_not_positions
affordability_inflation,mention,2026-07-30,20,19,18,237,141,0.38555555555555554,34800.69,66215.2,20,4,5,changing_coverage_not_matched_salience_or_probability_index; OI_not_positions
affordability_inflation,mention,2026-07-31,18,17,16,185,135,0.430625,45512.42,48006.4,18,2,1,changing_coverage_not_matched_salience_or_probability_index; OI_not_positions
affordability_inflation,mention,2026-08-01,15,14,13,195,175,0.48903846153846153,4212.41,10812.32,15,0,0,changing_coverage_not_matched_salience_or_probability_index; OI_not_positions
affordability_inflation,mention,2026-08-02,14,13,13,193,167,0.4923076923076923,4108.92,14383.19,14,0,0,changing_coverage_not_matched_salience_or_probability_index; OI_not_positions
affordability_inflation,mention,2026-08-03,21,19,19,253,241,0.5109210526315789,52453.62,56940.86,21,3,4,changing_coverage_not_matched_salience_or_probability_index; OI_not_positions
affordability_inflation,mention,2026-08-04,23,20,20,223,217,0.519375,35971.67,31701.25,23,2,3,changing_coverage_not_matched_salience_or_probability_index; OI_not_positions
affordability_inflation,mention,2026-08-05,21,18,18,239,231,0.46472222222222226,128410.26,118410.93000000001,21,1,2,changing_coverage_not_matched_salience_or_probability_index; OI_not_positions
affordability_inflation,mention,2026-08-06,18,17,17,176,171,0.39544117647058824,41276.729999999996,37756.32,18,5,6,changing_coverage_not_matched_salience_or_probability_index; OI_not_positions
affordability_inflation,mention,2026-08-07,19,17,17,195,188,0.4086764705882353,34254.12,31790.16,19,3,3,changing_coverage_not_matched_salience_or_probability_index; OI_not_positions
affordability_inflation,mention,2026-08-08,14,13,12,147,142,0.435625,14850.33,18424.15,14,0,0,changing_coverage_not_matched_salience_or_probability_index; OI_not_positions
affordability_inflation,mention,2026-08-09,11,10,9,127,115,0.4202777777777778,5719.07,17393.92,11,0,0,changing_coverage_not_matched_salience_or_probability_index; OI_not_positions
affordability_inflation,mention,2026-08-10,19,16,16,203,188,0.39109375,110783.61,113359.54000000001,19,3,4,changing_coverage_not_matched_salience_or_probability_index; OI_not_positions
affordability_inflation,mention,2026-08-11,17,15,14,209,176,0.4183928571428571,54148.840000000004,87726.48,17,2,2,changing_coverage_not_matched_salience_or_probability_index; OI_not_positions
affordability_inflation,mention,2026-08-12,17,15,15,239,210,0.43766666666666665,24213.14,31742.42,17,3,2,changing_coverage_not_matched_salience_or_probability_index; OI_not_positions
affordability_inflation,mention,2026-08-13,17,16,16,200,158,0.444375,29101.1,33904.270000000004,17,3,4,changing_coverage_not_matched_salience_or_probability_index; OI_not_positions
affordability_inflation,mention,2026-08-14,13,12,12,233,208,0.479375,20027.36,22227.61,13,2,1,changing_coverage_not_matched_salience_or_probability_index; OI_not_positions
affordability_inflation,mention,2026-08-15,10,9,9,156,148,0.42,1674.58,6138.5599999999995,10,0,0,changing_coverage_not_matched_salience_or_probability_index; OI_not_positions
affordability_inflation,mention,2026-08-16,11,10,10,153,151,0.394,2070.96,7398.99,11,0,0,changing_coverage_not_matched_salience_or_probability_index; OI_not_positions
affordability_inflation,mention,2026-08-17,13,12,12,191,171,0.40041666666666664,14443.24,20327.32,13,1,1,changing_coverage_not_matched_salience_or_probability_index; OI_not_positions
affordability_inflation,mention,2026-08-18,18,15,15,165,142,0.4265,32838.14,38404.81,18,6,4,changing_coverage_not_matched_salience_or_probability_index; OI_not_positions
affordability_inflation,mention,2026-08-19,15,12,12,194,189,0.4189583333333333,26370.15,34485.1,15,0,1,changing_coverage_not_matched_salience_or_probability_index; OI_not_positions
affordability_inflation,mention,2026-08-20,14,12,12,161,158,0.46499999999999997,21536.579999999998,31167.0,14,1,2,changing_coverage_not_matched_salience_or_probability_index; OI_not_positions
affordability_inflation,mention,2026-08-21,16,13,12,168,156,0.579375,41706.75,43986.13,16,4,3,changing_coverage_not_matched_salience_or_probability_index; OI_not_positions
affordability_inflation,mention,2026-08-22,13,11,11,164,152,0.4772727272727273,5510.2300000000005,36505.75,13,0,0,changing_coverage_not_matched_salience_or_probability_index; OI_not_positions
affordability_inflation,mention,2026-08-23,12,10,10,167,167,0.40175,2896.1,9121.880000000001,12,0,0,changing_coverage_not_matched_salience_or_probability_index; OI_not_positions
affordability_inflation,mention,2026-08-24,17,14,14,163,155,0.4060714285714286,75237.02,72788.53,17,6,5,changing_coverage_not_matched_salience_or_probability_index; OI_not_positions
affordability_inflation,mention,2026-08-25,17,15,15,125,111,0.5063333333333333,16462.65,52946.94,17,3,4,changing_coverage_not_matched_salience_or_probability_index; OI_not_positions
affordability_inflation,mention,2026-08-26,16,14,13,152,141,0.2742307692307692,19913.76,23486.43,16,4,3,changing_coverage_not_matched_salience_or_probability_index; OI_not_positions
affordability_inflation,mention,2026-08-27,18,17,17,183,147,0.39588235294117646,26443.62,31993.91,18,5,6,changing_coverage_not_matched_salience_or_probability_index; OI_not_positions
affordability_inflation,mention,2026-08-28,17,15,15,154,145,0.45916666666666667,13606.61,29967.649999999998,17,2,2,changing_coverage_not_matched_salience_or_probability_index; OI_not_positions
affordability_inflation,mention,2026-08-29,14,12,12,137,119,0.44895833333333335,4260.02,9407.68,14,0,0,changing_coverage_not_matched_salience_or_probability_index; OI_not_positions
affordability_inflation,mention,2026-08-30,13,11,11,212,210,0.4702272727272727,6579.83,14603.92,13,0,0,changing_coverage_not_matched_salience_or_probability_index; OI_not_positions
affordability_inflation,mention,2026-08-31,17,14,13,185,175,0.46961538461538466,54080.35,64653.95,17,4,3,changing_coverage_not_matched_salience_or_probability_index; OI_not_positions
affordability_inflation,mention,2026-09-01,12,10,9,130,106,0.5494444444444444,10357.92,11893.16,12,2,1,changing_coverage_not_matched_salience_or_probability_index; OI_not_positions
affordability_inflation,mention,2026-09-02,15,12,12,151,126,0.5170833333333333,5893.02,16567.059999999998,15,4,4,changing_coverage_not_matched_salience_or_probability_index; OI_not_positions
affordability_inflation,mention,2026-09-03,14,11,11,211,170,0.4409090909090909,23502.75,24117.77,14,0,0,changing_coverage_not_matched_salience_or_probability_index; OI_not_positions
affordability_inflation,mention,2026-09-04,13,10,9,148,113,0.43694444444444447,2571.12,8746.92,13,0,1,changing_coverage_not_matched_salience_or_probability_index; OI_not_positions
affordability_inflation,mention,2026-09-05,10,8,8,145,126,0.4384375,1263.82,6118.55,10,0,0,changing_coverage_not_matched_salience_or_probability_index; OI_not_positions
affordability_inflation,mention,2026-09-06,9,7,7,144,132,0.42678571428571427,3082.25,8431.6,9,0,0,changing_coverage_not_matched_salience_or_probability_index; OI_not_positions
affordability_inflation,mention,2026-09-07,9,7,7,175,174,0.4257142857142857,9446.16,15918.01,9,0,0,changing_coverage_not_matched_salience_or_probability_index; OI_not_positions
affordability_inflation,policy,2026-07-08,2,2,2,18,18,0.89675,9420.27,91883.27,2,2,0,changing_coverage_not_matched_salience_or_probability_index; OI_not_positions
affordability_inflation,policy,2026-07-09,3,3,3,49,49,0.8113333333333334,201.76,92120.76,3,0,0,changing_coverage_not_matched_salience_or_probability_index; OI_not_positions
affordability_inflation,policy,2026-07-10,3,3,3,44,44,0.8116666666666666,15715.82,91749.54,3,0,0,changing_coverage_not_matched_salience_or_probability_index; OI_not_positions
affordability_inflation,policy,2026-07-11,3,3,3,38,38,0.8140000000000001,3951.12,95700.66,3,0,0,changing_coverage_not_matched_salience_or_probability_index; OI_not_positions
affordability_inflation,policy,2026-07-12,3,3,3,30,30,0.8175,41.830000000000005,95730.73000000001,3,0,0,changing_coverage_not_matched_salience_or_probability_index; OI_not_positions
affordability_inflation,policy,2026-07-13,3,3,3,28,28,0.8195,0.0,95730.73000000001,3,0,0,changing_coverage_not_matched_salience_or_probability_index; OI_not_positions
affordability_inflation,policy,2026-07-14,1,1,1,24,24,0.8,0.0,7138.43,1,0,0,changing_coverage_not_matched_salience_or_probability_index; OI_not_positions
affordability_inflation,policy,2026-07-15,2,2,2,25,25,0.7225,35.95,7357.820000000001,2,0,0,changing_coverage_not_matched_salience_or_probability_index; OI_not_positions
affordability_inflation,policy,2026-07-16,2,2,2,27,27,0.7225,6.02,7363.84,2,0,0,changing_coverage_not_matched_salience_or_probability_index; OI_not_positions
affordability_inflation,policy,2026-07-17,2,2,2,26,26,0.725,0.0,7363.84,2,0,0,changing_coverage_not_matched_salience_or_probability_index; OI_not_positions
affordability_inflation,policy,2026-07-18,2,2,2,23,23,0.7175,224.76000000000002,7363.84,2,0,0,changing_coverage_not_matched_salience_or_probability_index; OI_not_positions
affordability_inflation,policy,2026-07-19,1,1,1,18,18,0.8,81.14999999999999,7225.6,1,0,0,changing_coverage_not_matched_salience_or_probability_index; OI_not_positions
affordability_inflation,policy,2026-07-20,1,1,1,24,24,0.8,1.0,7225.6,1,0,0,changing_coverage_not_matched_salience_or_probability_index; OI_not_positions
affordability_inflation,policy,2026-07-21,2,2,2,30,30,0.7225,0.0,7444.990000000001,2,0,0,changing_coverage_not_matched_salience_or_probability_index; OI_not_positions
affordability_inflation,policy,2026-07-22,2,2,2,34,34,0.7225,14.39,7430.6,2,0,0,changing_coverage_not_matched_salience_or_probability_index; OI_not_positions
affordability_inflation,policy,2026-07-23,2,2,2,28,28,0.72,0.0,7430.6,2,0,0,changing_coverage_not_matched_salience_or_probability_index; OI_not_positions
affordability_inflation,policy,2026-07-24,2,2,2,29,29,0.72,0.0,7430.6,2,0,0,changing_coverage_not_matched_salience_or_probability_index; OI_not_positions
affordability_inflation,policy,2026-07-25,2,2,2,30,30,0.7225,0.0,7430.6,2,0,0,changing_coverage_not_matched_salience_or_probability_index; OI_not_positions
affordability_inflation,policy,2026-07-26,2,2,2,26,26,0.7225,0.0,7430.6,2,0,0,changing_coverage_not_matched_salience_or_probability_index; OI_not_positions
affordability_inflation,policy,2026-07-27,1,1,1,24,24,0.8,40.0,7265.6,1,0,0,changing_coverage_not_matched_salience_or_probability_index; OI_not_positions
affordability_inflation,policy,2026-07-28,7,3,3,38,38,0.717,199.69,7518.41,7,5,1,changing_coverage_not_matched_salience_or_probability_index; OI_not_positions
affordability_inflation,policy,2026-07-29,7,3,3,138,138,0.7156666666666667,6.09,7524.5,7,0,0,changing_coverage_not_matched_salience_or_probability_index; OI_not_positions
affordability_inflation,policy,2026-07-30,7,3,3,147,147,0.71,242.49,7523.54,7,0,0,changing_coverage_not_matched_salience_or_probability_index; OI_not_positions
affordability_inflation,policy,2026-07-31,7,3,3,146,146,0.711,160.83,7594.49,7,0,0,changing_coverage_not_matched_salience_or_probability_index; OI_not_positions
affordability_inflation,policy,2026-08-01,7,3,3,131,131,0.712,0.0,7594.49,7,0,0,changing_coverage_not_matched_salience_or_probability_index; OI_not_positions
affordability_inflation,policy,2026-08-02,6,2,2,38,38,0.7475,0.0,7389.49,6,0,0,changing_coverage_not_matched_salience_or_probability_index; OI_not_positions
affordability_inflation,policy,2026-08-03,7,3,3,10,10,0.71,3.61,7598.1,7,0,0,changing_coverage_not_matched_salience_or_probability_index; OI_not_positions
affordability_inflation,policy,2026-08-04,7,3,3,52,52,0.7066666666666667,166.85000000000002,7646.27,7,0,0,changing_coverage_not_matched_salience_or_probability_index; OI_not_positions
affordability_inflation,policy,2026-08-05,7,3,3,48,48,0.7096666666666667,424.06,7230.68,7,0,0,changing_coverage_not_matched_salience_or_probability_index; OI_not_positions
affordability_inflation,policy,2026-08-06,7,3,3,43,43,0.7096666666666667,1.0,7231.68,7,0,0,changing_coverage_not_matched_salience_or_probability_index; OI_not_positions
affordability_inflation,policy,2026-08-07,7,3,3,73,73,0.7106666666666667,105.68,7237.77,7,0,0,changing_coverage_not_matched_salience_or_probability_index; OI_not_positions
affordability_inflation,policy,2026-08-08,6,2,2,25,25,0.671,0.0,205.0,6,0,0,changing_coverage_not_matched_salience_or_probability_index; OI_not_positions
affordability_inflation,policy,2026-08-09,7,3,3,22,22,0.714,1.21,7238.98,7,0,0,changing_coverage_not_matched_salience_or_probability_index; OI_not_positions
affordability_inflation,policy,2026-08-10,2,2,1,25,24,0.8049999999999999,537.5500000000001,7238.98,2,0,0,changing_coverage_not_matched_salience_or_probability_index; OI_not_positions
affordability_inflation,policy,2026-08-11,7,3,3,25,19,0.7146666666666667,0.0,7238.98,7,0,0,changing_coverage_not_matched_salience_or_probability_index; OI_not_positions
affordability_inflation,policy,2026-08-12,7,3,3,81,44,0.6866666666666666,300.6,6939.58,7,0,0,changing_coverage_not_matched_salience_or_probability_index; OI_not_positions
affordability_inflation,policy,2026-08-13,7,3,3,46,42,0.705,1.0,6940.58,7,0,0,changing_coverage_not_matched_salience_or_probability_index; OI_not_positions
affordability_inflation,policy,2026-08-14,7,3,3,48,43,0.7066666666666667,62.15,6955.7300000000005,7,0,0,changing_coverage_not_matched_salience_or_probability_index; OI_not_positions
affordability_inflation,policy,2026-08-15,7,3,3,26,26,0.7016666666666667,7.31,6955.7300000000005,7,0,0,changing_coverage_not_matched_salience_or_probability_index; OI_not_positions
affordability_inflation,policy,2026-08-16,7,3,3,10,10,0.705,404.2,7341.25,7,0,0,changing_coverage_not_matched_salience_or_probability_index; OI_not_positions
affordability_inflation,policy,2026-08-17,8,4,4,66,65,0.58875,1.26,7342.51,8,0,1,changing_coverage_not_matched_salience_or_probability_index; OI_not_positions
affordability_inflation,policy,2026-08-18,8,4,4,58,58,0.58875,0.0,7342.51,8,0,0,changing_coverage_not_matched_salience_or_probability_index; OI_not_positions
affordability_inflation,policy,2026-08-19,8,4,4,98,89,0.59125,4.98,7347.490000000001,8,0,0,changing_coverage_not_matched_salience_or_probability_index; OI_not_positions
affordability_inflation,policy,2026-08-20,8,4,4,76,70,0.59125,0.0,7347.490000000001,8,0,0,changing_coverage_not_matched_salience_or_probability_index; OI_not_positions
affordability_inflation,policy,2026-08-21,8,4,4,91,91,0.5935,37.59,7385.08,8,0,0,changing_coverage_not_matched_salience_or_probability_index; OI_not_positions
affordability_inflation,policy,2026-08-22,8,4,4,70,70,0.591,19.31,7378.77,8,0,0,changing_coverage_not_matched_salience_or_probability_index; OI_not_positions
affordability_inflation,policy,2026-08-23,8,4,4,53,53,0.596,211.44,7447.950000000001,8,0,0,changing_coverage_not_matched_salience_or_probability_index; OI_not_positions
affordability_inflation,policy,2026-08-24,8,4,4,27,27,0.5935,0.0,7447.950000000001,8,0,0,changing_coverage_not_matched_salience_or_probability_index; OI_not_positions
affordability_inflation,policy,2026-08-25,8,4,4,37,37,0.5935,1.17,7447.950000000001,8,0,0,changing_coverage_not_matched_salience_or_probability_index; OI_not_positions
affordability_inflation,policy,2026-08-26,8,4,4,83,51,0.59325,0.0,7447.950000000001,8,0,0,changing_coverage_not_matched_salience_or_probability_index; OI_not_positions
affordability_inflation,policy,2026-08-27,8,4,4,126,80,0.597,159.36,7423.75,8,0,0,changing_coverage_not_matched_salience_or_probability_index; OI_not_positions
affordability_inflation,policy,2026-08-28,8,4,4,53,53,0.5994999999999999,6.09,7423.75,8,0,0,changing_coverage_not_matched_salience_or_probability_index; OI_not_positions
affordability_inflation,policy,2026-08-29,8,4,4,63,62,0.5994999999999999,0.0,7423.75,8,0,0,changing_coverage_not_matched_salience_or_probability_index; OI_not_positions
affordability_inflation,policy,2026-08-30,8,4,4,68,68,0.59975,1.21,7424.96,8,0,0,changing_coverage_not_matched_salience_or_probability_index; OI_not_positions
affordability_inflation,policy,2026-08-31,8,4,4,74,61,0.6007499999999999,0.0,7424.96,8,0,0,changing_coverage_not_matched_salience_or_probability_index; OI_not_positions
affordability_inflation,policy,2026-09-01,11,5,5,138,96,0.5892666666666667,1106.57,8484.75,11,0,1,changing_coverage_not_matched_salience_or_probability_index; OI_not_positions
affordability_inflation,policy,2026-09-02,12,6,5,137,134,0.5199333333333334,6997.94,11913.69,12,0,1,changing_coverage_not_matched_salience_or_probability_index; OI_not_positions
affordability_inflation,policy,2026-09-03,12,6,6,159,142,0.45494444444444443,2152.2,12417.89,12,0,0,changing_coverage_not_matched_salience_or_probability_index; OI_not_positions
affordability_inflation,policy,2026-09-04,12,6,6,138,138,0.45299999999999996,199.15,12400.39,12,0,0,changing_coverage_not_matched_salience_or_probability_index; OI_not_positions
affordability_inflation,policy,2026-09-05,6,4,4,111,111,0.34208333333333335,3712.23,11657.21,6,0,0,changing_coverage_not_matched_salience_or_probability_index; OI_not_positions
affordability_inflation,policy,2026-09-06,12,6,6,66,58,0.4966111111111111,3249.0,14417.81,12,0,0,changing_coverage_not_matched_salience_or_probability_index; OI_not_positions
affordability_inflation,policy,2026-09-07,6,4,4,44,44,0.3816666666666667,4052.63,16556.34,6,0,0,changing_coverage_not_matched_salience_or_probability_index; OI_not_positions
ai_jobs_regulation,mention,2026-07-08,13,12,12,86,84,0.5520833333333334,89588.49,96899.14,13,12,3,changing_coverage_not_matched_salience_or_probability_index; OI_not_positions
ai_jobs_regulation,mention,2026-07-09,12,11,11,232,219,0.5197727272727273,9728.08,14300.25,12,2,1,changing_coverage_not_matched_salience_or_probability_index; OI_not_positions
ai_jobs_regulation,mention,2026-07-10,13,12,12,221,220,0.4716666666666667,5043.91,16747.78,13,1,1,changing_coverage_not_matched_salience_or_probability_index; OI_not_positions
ai_jobs_regulation,mention,2026-07-11,12,11,11,221,221,0.48409090909090907,863.92,8926.61,12,0,0,changing_coverage_not_matched_salience_or_probability_index; OI_not_positions
ai_jobs_regulation,mention,2026-07-12,12,11,11,211,211,0.46795454545454546,28548.75,36921.01,12,0,0,changing_coverage_not_matched_salience_or_probability_index; OI_not_positions
ai_jobs_regulation,mention,2026-07-13,23,22,21,332,319,0.4063095238095238,110933.8,141014.48,23,11,11,changing_coverage_not_matched_salience_or_probability_index; OI_not_positions
ai_jobs_regulation,mention,2026-07-14,22,21,21,356,333,0.4645238095238095,38446.840000000004,44285.52,22,4,4,changing_coverage_not_matched_salience_or_probability_index; OI_not_positions
ai_jobs_regulation,mention,2026-07-15,16,15,13,247,229,0.5361538461538462,31386.260000000002,37541.4,16,4,4,changing_coverage_not_matched_salience_or_probability_index; OI_not_positions
ai_jobs_regulation,mention,2026-07-16,16,15,13,190,174,0.4238461538461538,63289.25,75983.51,16,3,6,changing_coverage_not_matched_salience_or_probability_index; OI_not_positions
ai_jobs_regulation,mention,2026-07-17,14,13,11,187,145,0.39340909090909093,50953.28,95116.34,14,3,2,changing_coverage_not_matched_salience_or_probability_index; OI_not_positions
ai_jobs_regulation,mention,2026-07-18,14,13,9,214,148,0.41027777777777774,1941.95,11745.08,14,4,4,changing_coverage_not_matched_salience_or_probability_index; OI_not_positions
ai_jobs_regulation,mention,2026-07-19,14,13,13,260,213,0.3726923076923077,4591.900000000001,14486.68,14,0,0,changing_coverage_not_matched_salience_or_probability_index; OI_not_positions
ai_jobs_regulation,mention,2026-07-20,28,24,21,338,272,0.430952380952381,23685.55,34584.88,28,13,12,changing_coverage_not_matched_salience_or_probability_index; OI_not_positions
ai_jobs_regulation,mention,2026-07-21,43,32,27,617,539,0.5035493827160494,67001.93,61033.99,43,5,12,changing_coverage_not_matched_salience_or_probability_index; OI_not_positions
ai_jobs_regulation,mention,2026-07-22,42,31,31,809,633,0.49798387096774194,59227.13,64801.57,42,2,1,changing_coverage_not_matched_salience_or_probability_index; OI_not_positions
ai_jobs_regulation,mention,2026-07-23,56,39,33,878,734,0.4808585858585859,57282.26,65326.32,56,17,14,changing_coverage_not_matched_salience_or_probability_index; OI_not_positions
ai_jobs_regulation,mention,2026-07-24,58,41,38,988,718,0.5055482456140351,53577.52,74228.02,58,4,4,changing_coverage_not_matched_salience_or_probability_index; OI_not_positions
ai_jobs_regulation,mention,2026-07-25,53,38,38,877,726,0.5213377192982456,364836.26,247876.00999999998,53,0,0,changing_coverage_not_matched_salience_or_probability_index; OI_not_positions
ai_jobs_regulation,mention,2026-07-26,51,38,38,620,500,0.5070833333333333,17827.05,46822.86,51,1,1,changing_coverage_not_matched_salience_or_probability_index; OI_not_positions
ai_jobs_regulation,mention,2026-07-27,53,38,36,770,633,0.5030092592592593,60980.72,67690.0,53,2,4,changing_coverage_not_matched_salience_or_probability_index; OI_not_positions
ai_jobs_regulation,mention,2026-07-28,59,44,44,811,726,0.41373106060606063,99568.45,120473.1,59,7,6,changing_coverage_not_matched_salience_or_probability_index; OI_not_positions
ai_jobs_regulation,mention,2026-07-29,56,41,40,799,693,0.4958958333333333,142629.51,158723.18,56,3,4,changing_coverage_not_matched_salience_or_probability_index; OI_not_positions
ai_jobs_regulation,mention,2026-07-30,49,35,34,677,578,0.41818627450980395,81119.68,124173.95999999999,49,4,6,changing_coverage_not_matched_salience_or_probability_index; OI_not_positions
ai_jobs_regulation,mention,2026-07-31,45,31,31,525,465,0.48473118279569893,136846.93,151344.74,45,3,1,changing_coverage_not_matched_salience_or_probability_index; OI_not_positions
ai_jobs_regulation,mention,2026-08-01,42,29,29,560,557,0.49873563218390804,51067.97,141993.47,42,0,0,changing_coverage_not_matched_salience_or_probability_index; OI_not_positions
ai_jobs_regulation,mention,2026-08-02,38,27,27,662,661,0.4975925925925926,25618.719999999998,42204.3,38,0,0,changing_coverage_not_matched_salience_or_probability_index; OI_not_positions
ai_jobs_regulation,mention,2026-08-03,42,29,29,719,715,0.5301436781609196,71030.9,77992.76000000001,42,4,4,changing_coverage_not_matched_salience_or_probability_index; OI_not_positions
ai_jobs_regulation,mention,2026-08-04,45,32,31,699,691,0.576505376344086,62383.26,65137.8,45,1,5,changing_coverage_not_matched_salience_or_probability_index; OI_not_positions
ai_jobs_regulation,mention,2026-08-05,38,28,28,501,471,0.4847916666666667,86855.29,82423.05,38,1,2,changing_coverage_not_matched_salience_or_probability_index; OI_not_positions
ai_jobs_regulation,mention,2026-08-06,28,23,23,232,226,0.43956521739130433,39469.93,51867.25,28,5,6,changing_coverage_not_matched_salience_or_probability_index; OI_not_positions
ai_jobs_regulation,mention,2026-08-07,26,22,22,225,219,0.49477272727272725,24360.4,29337.74,26,3,4,changing_coverage_not_matched_salience_or_probability_index; OI_not_positions
ai_jobs_regulation,mention,2026-08-08,18,16,16,181,180,0.5059375,39940.17,50403.409999999996,18,0,0,changing_coverage_not_matched_salience_or_probability_index; OI_not_positions
ai_jobs_regulation,mention,2026-08-09,20,16,16,179,179,0.57484375,11048.32,26914.41,20,0,0,changing_coverage_not_matched_salience_or_probability_index; OI_not_positions
ai_jobs_regulation,mention,2026-08-10,26,22,22,231,223,0.45234848484848483,64142.64,79970.11,26,3,5,changing_coverage_not_matched_salience_or_probability_index; OI_not_positions
ai_jobs_regulation,mention,2026-08-11,29,23,23,457,386,0.48333333333333334,53540.87,82699.14,29,5,4,changing_coverage_not_matched_salience_or_probability_index; OI_not_positions
ai_jobs_regulation,mention,2026-08-12,29,23,23,404,379,0.47880434782608694,7497.4,36639.04,29,2,2,changing_coverage_not_matched_salience_or_probability_index; OI_not_positions
ai_jobs_regulation,mention,2026-08-13,28,23,23,316,298,0.43076086956521736,29425.149999999998,49018.19,28,3,4,changing_coverage_not_matched_salience_or_probability_index; OI_not_positions
ai_jobs_regulation,mention,2026-08-14,22,18,18,291,285,0.4777777777777778,41022.03,50538.11,22,2,2,changing_coverage_not_matched_salience_or_probability_index; OI_not_positions
ai_jobs_regulation,mention,2026-08-15,19,15,15,220,218,0.4701666666666667,13603.61,28837.71,19,0,0,changing_coverage_not_matched_salience_or_probability_index; OI_not_positions
ai_jobs_regulation,mention,2026-08-16,18,15,15,173,173,0.5218333333333334,1159.79,16964.02,18,0,0,changing_coverage_not_matched_salience_or_probability_index; OI_not_positions
ai_jobs_regulation,mention,2026-08-17,22,17,17,232,222,0.4930392156862745,7275.74,24039.41,22,1,1,changing_coverage_not_matched_salience_or_probability_index; OI_not_positions
ai_jobs_regulation,mention,2026-08-18,25,20,19,225,217,0.4708771929824561,33948.76,48435.92,25,4,5,changing_coverage_not_matched_salience_or_probability_index; OI_not_positions
ai_jobs_regulation,mention,2026-08-19,25,19,19,354,317,0.5049561403508772,12583.93,33061.46,25,3,1,changing_coverage_not_matched_salience_or_probability_index; OI_not_positions
ai_jobs_regulation,mention,2026-08-20,24,20,20,291,282,0.503,35305.23,52063.64,24,2,3,changing_coverage_not_matched_salience_or_probability_index; OI_not_positions
ai_jobs_regulation,mention,2026-08-21,22,18,18,223,221,0.48671296296296296,55045.06,60706.8,22,2,3,changing_coverage_not_matched_salience_or_probability_index; OI_not_positions
ai_jobs_regulation,mention,2026-08-22,19,15,15,169,167,0.44283333333333336,28326.899999999998,69590.97,19,0,0,changing_coverage_not_matched_salience_or_probability_index; OI_not_positions
ai_jobs_regulation,mention,2026-08-23,18,13,13,198,198,0.5057051282051283,5061.78,20615.38,18,0,0,changing_coverage_not_matched_salience_or_probability_index; OI_not_positions
ai_jobs_regulation,mention,2026-08-24,23,18,17,292,284,0.4686764705882353,65971.52,81149.24,23,4,4,changing_coverage_not_matched_salience_or_probability_index; OI_not_positions
ai_jobs_regulation,mention,2026-08-25,22,17,16,265,249,0.3496875,28458.27,81077.48,22,2,3,changing_coverage_not_matched_salience_or_probability_index; OI_not_positions
ai_jobs_regulation,mention,2026-08-26,39,28,24,360,285,0.3909375,31104.35,53168.56,39,9,14,changing_coverage_not_matched_salience_or_probability_index; OI_not_positions
ai_jobs_regulation,mention,2026-08-27,37,28,26,479,332,0.5176602564102564,11276.28,27354.649999999998,37,3,4,changing_coverage_not_matched_salience_or_probability_index; OI_not_positions
ai_jobs_regulation,mention,2026-08-28,34,25,24,320,291,0.4679861111111111,20118.0,37043.85,34,1,1,changing_coverage_not_matched_salience_or_probability_index; OI_not_positions
ai_jobs_regulation,mention,2026-08-29,31,22,21,255,236,0.468015873015873,4414.37,19129.01,31,0,0,changing_coverage_not_matched_salience_or_probability_index; OI_not_positions
ai_jobs_regulation,mention,2026-08-30,31,22,22,311,305,0.47719696969696973,4409.84,23158.18,31,0,0,changing_coverage_not_matched_salience_or_probability_index; OI_not_positions
ai_jobs_regulation,mention,2026-08-31,33,24,23,372,356,0.4371014492753623,40124.86,57877.86,33,2,2,changing_coverage_not_matched_salience_or_probability_index; OI_not_positions
ai_jobs_regulation,mention,2026-09-01,33,23,22,445,400,0.5049621212121213,21089.82,48583.340000000004,33,1,2,changing_coverage_not_matched_salience_or_probability_index; OI_not_positions
ai_jobs_regulation,mention,2026-09-02,31,22,21,456,423,0.5928571428571429,45755.21,61440.88,31,2,3,changing_coverage_not_matched_salience_or_probability_index; OI_not_positions
ai_jobs_regulation,mention,2026-09-03,31,23,22,379,306,0.5745075757575757,18264.8,44113.58,31,0,2,changing_coverage_not_matched_salience_or_probability_index; OI_not_positions
ai_jobs_regulation,mention,2026-09-04,23,18,16,330,270,0.5008854166666666,3261.92,16915.61,23,0,1,changing_coverage_not_matched_salience_or_probability_index; OI_not_positions
ai_jobs_regulation,mention,2026-09-05,22,17,17,298,255,0.48730392156862745,3334.04,19209.61,22,0,0,changing_coverage_not_matched_salience_or_probability_index; OI_not_positions
ai_jobs_regulation,mention,2026-09-06,21,16,16,252,219,0.4861979166666667,6896.95,24138.899999999998,21,0,0,changing_coverage_not_matched_salience_or_probability_index; OI_not_positions
ai_jobs_regulation,mention,2026-09-07,22,17,17,313,280,0.5187745098039216,6973.37,30982.58,22,0,0,changing_coverage_not_matched_salience_or_probability_index; OI_not_positions
ai_jobs_regulation,policy,2026-07-08,10,5,5,55,55,0.25816666666666666,121.03,75656.93000000001,10,6,1,changing_coverage_not_matched_salience_or_probability_index; OI_not_positions
ai_jobs_regulation,policy,2026-07-09,16,10,10,158,157,0.24478333333333332,1272.97,94980.88,16,0,0,changing_coverage_not_matched_salience_or_probability_index; OI_not_positions
ai_jobs_regulation,policy,2026-07-10,16,11,11,160,160,0.24195454545454545,187.31,89928.42,16,0,0,changing_coverage_not_matched_salience_or_probability_index; OI_not_positions
ai_jobs_regulation,policy,2026-07-11,16,10,10,129,129,0.26456666666666667,506.89,91413.75,16,0,0,changing_coverage_not_matched_salience_or_probability_index; OI_not_positions
ai_jobs_regulation,policy,2026-07-12,12,9,9,63,63,0.24322222222222223,414.11,88336.42,12,0,0,changing_coverage_not_matched_salience_or_probability_index; OI_not_positions
ai_jobs_regulation,policy,2026-07-13,13,8,8,59,59,0.269875,254.23999999999998,76466.15,13,0,0,changing_coverage_not_matched_salience_or_probability_index; OI_not_positions
ai_jobs_regulation,policy,2026-07-14,10,7,7,47,47,0.24735714285714286,724.66,88908.56,10,0,0,changing_coverage_not_matched_salience_or_probability_index; OI_not_positions
ai_jobs_regulation,policy,2026-07-15,14,9,9,65,65,0.26685185185185184,716.13,90001.53,14,0,0,changing_coverage_not_matched_salience_or_probability_index; OI_not_positions
ai_jobs_regulation,policy,2026-07-16,15,10,10,83,83,0.22036666666666666,733.67,95405.67,15,0,0,changing_coverage_not_matched_salience_or_probability_index; OI_not_positions
ai_jobs_regulation,policy,2026-07-17,14,9,9,65,65,0.2569814814814815,1000.58,91819.79000000001,14,0,0,changing_coverage_not_matched_salience_or_probability_index; OI_not_positions
ai_jobs_regulation,policy,2026-07-18,15,10,10,75,75,0.24795,683.09,76386.51,15,0,0,changing_coverage_not_matched_salience_or_probability_index; OI_not_positions
ai_jobs_regulation,policy,2026-07-19,13,10,10,78,78,0.2248,1004.37,90894.51,13,0,0,changing_coverage_not_matched_salience_or_probability_index; OI_not_positions
ai_jobs_regulation,policy,2026-07-20,15,10,10,92,92,0.21593333333333334,329.16,94633.03,15,0,0,changing_coverage_not_matched_salience_or_probability_index; OI_not_positions
ai_jobs_regulation,policy,2026-07-21,15,10,10,107,107,0.24665,205.17,92422.95,15,0,0,changing_coverage_not_matched_salience_or_probability_index; OI_not_positions
ai_jobs_regulation,policy,2026-07-22,17,11,11,110,110,0.22354545454545455,2045.6299999999999,95573.21,17,0,0,changing_coverage_not_matched_salience_or_probability_index; OI_not_positions
ai_jobs_regulation,policy,2026-07-23,18,11,11,124,124,0.22174242424242424,2350.13,96276.19,18,0,0,changing_coverage_not_matched_salience_or_probability_index; OI_not_positions
ai_jobs_regulation,policy,2026-07-24,18,11,11,147,147,0.22383333333333333,2311.66,97484.99,18,0,0,changing_coverage_not_matched_salience_or_probability_index; OI_not_positions
ai_jobs_regulation,policy,2026-07-25,15,11,11,138,138,0.23995454545454548,1734.66,95835.62,15,0,0,changing_coverage_not_matched_salience_or_probability_index; OI_not_positions
ai_jobs_regulation,policy,2026-07-26,16,11,11,154,154,0.2355151515151515,291.97,96718.65000000001,16,0,0,changing_coverage_not_matched_salience_or_probability_index; OI_not_positions
ai_jobs_regulation,policy,2026-07-27,15,10,10,149,149,0.19081666666666666,3800.26,97680.55,15,0,0,changing_coverage_not_matched_salience_or_probability_index; OI_not_positions
ai_jobs_regulation,policy,2026-07-28,18,12,12,178,178,0.22529166666666667,775.17,98499.56,18,0,1,changing_coverage_not_matched_salience_or_probability_index; OI_not_positions
ai_jobs_regulation,policy,2026-07-29,17,12,12,143,143,0.22979166666666667,1082.71,98499.19,17,0,0,changing_coverage_not_matched_salience_or_probability_index; OI_not_positions
ai_jobs_regulation,policy,2026-07-30,18,12,12,153,153,0.22447222222222224,198.89,99333.15000000001,18,0,0,changing_coverage_not_matched_salience_or_probability_index; OI_not_positions
ai_jobs_regulation,policy,2026-07-31,14,11,11,138,138,0.23763636363636362,536.84,96430.48,14,0,0,changing_coverage_not_matched_salience_or_probability_index; OI_not_positions
ai_jobs_regulation,policy,2026-08-01,17,11,11,143,143,0.21445454545454545,3926.7599999999998,99745.41,17,0,0,changing_coverage_not_matched_salience_or_probability_index; OI_not_positions
ai_jobs_regulation,policy,2026-08-02,12,9,9,114,114,0.21416666666666667,1714.78,98195.77,12,0,0,changing_coverage_not_matched_salience_or_probability_index; OI_not_positions
ai_jobs_regulation,policy,2026-08-03,15,12,12,111,111,0.26579166666666665,1912.38,99263.66,15,0,0,changing_coverage_not_matched_salience_or_probability_index; OI_not_positions
ai_jobs_regulation,policy,2026-08-04,16,12,12,137,137,0.2572083333333333,1488.84,100088.79000000001,16,0,0,changing_coverage_not_matched_salience_or_probability_index; OI_not_positions
ai_jobs_regulation,policy,2026-08-05,15,10,10,134,134,0.28281666666666666,2848.46,95498.2,15,0,0,changing_coverage_not_matched_salience_or_probability_index; OI_not_positions
ai_jobs_regulation,policy,2026-08-06,17,12,12,150,150,0.25213888888888886,3399.33,102922.05,17,0,0,changing_coverage_not_matched_salience_or_probability_index; OI_not_positions
ai_jobs_regulation,policy,2026-08-07,17,12,12,144,143,0.2494861111111111,2871.21,104479.6,17,0,0,changing_coverage_not_matched_salience_or_probability_index; OI_not_positions
ai_jobs_regulation,policy,2026-08-08,16,11,11,120,120,0.2621060606060606,1322.5700000000002,98666.66,16,0,0,changing_coverage_not_matched_salience_or_probability_index; OI_not_positions
ai_jobs_regulation,policy,2026-08-09,15,11,11,125,125,0.26945454545454545,160.69,98088.19,15,0,0,changing_coverage_not_matched_salience_or_probability_index; OI_not_positions
ai_jobs_regulation,policy,2026-08-10,17,11,11,126,122,0.24596969696969698,198.88,104838.08,17,0,0,changing_coverage_not_matched_salience_or_probability_index; OI_not_positions
ai_jobs_regulation,policy,2026-08-11,17,11,9,159,150,0.24503703703703705,530.53,104990.87,17,0,0,changing_coverage_not_matched_salience_or_probability_index; OI_not_positions
ai_jobs_regulation,policy,2026-08-12,18,12,12,252,213,0.23116666666666666,381.24,104972.04000000001,18,0,0,changing_coverage_not_matched_salience_or_probability_index; OI_not_positions
ai_jobs_regulation,policy,2026-08-13,18,12,12,204,197,0.23808333333333334,143.81,104993.04000000001,18,0,0,changing_coverage_not_matched_salience_or_probability_index; OI_not_positions
ai_jobs_regulation,policy,2026-08-14,16,12,12,215,210,0.25454166666666667,2018.47,104113.67,16,0,0,changing_coverage_not_matched_salience_or_probability_index; OI_not_positions
ai_jobs_regulation,policy,2026-08-15,16,11,11,141,140,0.2601363636363636,276.47,99371.17,16,0,0,changing_coverage_not_matched_salience_or_probability_index; OI_not_positions
ai_jobs_regulation,policy,2026-08-16,15,12,12,129,129,0.2579166666666667,272.0,103583.72,15,0,0,changing_coverage_not_matched_salience_or_probability_index; OI_not_positions
ai_jobs_regulation,policy,2026-08-17,18,13,13,179,176,0.2934871794871795,528.34,105193.94,18,1,1,changing_coverage_not_matched_salience_or_probability_index; OI_not_positions
ai_jobs_regulation,policy,2026-08-18,18,13,13,165,165,0.2938717948717949,293.14,105198.94,18,0,0,changing_coverage_not_matched_salience_or_probability_index; OI_not_positions
ai_jobs_regulation,policy,2026-08-19,19,13,13,190,187,0.28942307692307695,91.32,105510.94,19,0,0,changing_coverage_not_matched_salience_or_probability_index; OI_not_positions
ai_jobs_regulation,policy,2026-08-20,19,13,13,180,172,0.29006410256410253,74.09,105510.94,19,0,0,changing_coverage_not_matched_salience_or_probability_index; OI_not_positions
ai_jobs_regulation,policy,2026-08-21,19,13,13,182,182,0.28955128205128206,55.72,105517.24,19,0,0,changing_coverage_not_matched_salience_or_probability_index; OI_not_positions
ai_jobs_regulation,policy,2026-08-22,18,13,13,166,166,0.28957692307692307,305.29,104788.67,18,0,0,changing_coverage_not_matched_salience_or_probability_index; OI_not_positions
ai_jobs_regulation,policy,2026-08-23,19,13,13,166,166,0.28592307692307695,1195.32,106141.69,19,0,0,changing_coverage_not_matched_salience_or_probability_index; OI_not_positions
ai_jobs_regulation,policy,2026-08-24,19,14,14,129,129,0.2932142857142857,441.04,105663.06,19,0,1,changing_coverage_not_matched_salience_or_probability_index; OI_not_positions
ai_jobs_regulation,policy,2026-08-25,18,14,14,168,168,0.29696428571428574,196.39000000000001,103590.98,18,0,0,changing_coverage_not_matched_salience_or_probability_index; OI_not_positions
ai_jobs_regulation,policy,2026-08-26,19,14,14,195,187,0.30226190476190473,5448.66,106110.15000000001,19,0,0,changing_coverage_not_matched_salience_or_probability_index; OI_not_positions
ai_jobs_regulation,policy,2026-08-27,19,14,14,270,251,0.29678571428571426,3096.72,106601.54000000001,19,0,0,changing_coverage_not_matched_salience_or_probability_index; OI_not_positions
ai_jobs_regulation,policy,2026-08-28,19,13,13,217,217,0.26493589743589746,1363.75,102699.0,19,0,0,changing_coverage_not_matched_salience_or_probability_index; OI_not_positions
ai_jobs_regulation,policy,2026-08-29,18,13,13,198,196,0.26415384615384613,174.27,100824.96,18,0,0,changing_coverage_not_matched_salience_or_probability_index; OI_not_positions
ai_jobs_regulation,policy,2026-08-30,18,13,13,172,172,0.27387179487179486,779.13,102079.78,18,0,0,changing_coverage_not_matched_salience_or_probability_index; OI_not_positions
ai_jobs_regulation,policy,2026-08-31,18,13,13,194,189,0.2628846153846154,750.39,100599.32,18,0,0,changing_coverage_not_matched_salience_or_probability_index; OI_not_positions
ai_jobs_regulation,policy,2026-09-01,17,13,13,186,186,0.275,573.69,99796.43000000001,17,0,0,changing_coverage_not_matched_salience_or_probability_index; OI_not_positions
ai_jobs_regulation,policy,2026-09-02,18,14,14,202,188,0.29482142857142857,2096.82,100587.67,18,0,1,changing_coverage_not_matched_salience_or_probability_index; OI_not_positions
ai_jobs_regulation,policy,2026-09-03,19,14,14,213,206,0.27685714285714286,1994.87,102082.5,19,0,0,changing_coverage_not_matched_salience_or_probability_index; OI_not_positions
ai_jobs_regulation,policy,2026-09-04,22,15,15,182,179,0.3019888888888889,992.34,102990.48,22,0,1,changing_coverage_not_matched_salience_or_probability_index; OI_not_positions
ai_jobs_regulation,policy,2026-09-05,15,11,11,199,152,0.3129848484848485,1203.02,76013.97,15,0,0,changing_coverage_not_matched_salience_or_probability_index; OI_not_positions
ai_jobs_regulation,policy,2026-09-06,18,14,14,198,155,0.26344047619047617,177.95,80825.6,18,0,0,changing_coverage_not_matched_salience_or_probability_index; OI_not_positions
ai_jobs_regulation,policy,2026-09-07,16,11,10,129,123,0.30396666666666666,686.48,99030.46,16,0,0,changing_coverage_not_matched_salience_or_probability_index; OI_not_positions
electricity_datacenters,macro,2026-07-08,12,2,2,101,46,0.7522222222222221,818.48,4987.88,12,12,0,changing_coverage_not_matched_salience_or_probability_index; OI_not_positions
electricity_datacenters,macro,2026-07-09,19,2,2,290,198,0.6833522727272727,220.21,4958.62,19,0,0,changing_coverage_not_matched_salience_or_probability_index; OI_not_positions
electricity_datacenters,macro,2026-07-10,20,2,2,250,250,0.6424747474747474,2817.6400000000003,5318.96,20,0,0,changing_coverage_not_matched_salience_or_probability_index; OI_not_positions
electricity_datacenters,macro,2026-07-11,20,2,2,269,213,0.6390656565656565,1923.22,4944.46,20,0,0,changing_coverage_not_matched_salience_or_probability_index; OI_not_positions
electricity_datacenters,macro,2026-07-12,19,2,2,251,110,0.8473125,103.88,4969.75,19,0,0,changing_coverage_not_matched_salience_or_probability_index; OI_not_positions
electricity_datacenters,macro,2026-07-13,12,2,2,267,241,0.7147727272727272,10312.65,9057.16,12,0,0,changing_coverage_not_matched_salience_or_probability_index; OI_not_positions
electricity_datacenters,macro,2026-07-14,12,2,2,117,91,0.7270454545454546,2795.2400000000002,11044.24,12,0,0,changing_coverage_not_matched_salience_or_probability_index; OI_not_positions
electricity_datacenters,macro,2026-07-15,9,2,1,22,8,0.9624999999999999,0.0,37.37,9,0,1,changing_coverage_not_matched_salience_or_probability_index; OI_not_positions
electricity_datacenters,macro,2026-07-16,13,2,2,119,114,0.6613690476190476,114.05,113.42,13,0,0,changing_coverage_not_matched_salience_or_probability_index; OI_not_positions
electricity_datacenters,macro,2026-07-17,15,2,2,184,184,0.6070982142857143,1310.72,1368.89,15,0,0,changing_coverage_not_matched_salience_or_probability_index; OI_not_positions
electricity_datacenters,macro,2026-07-18,16,2,2,197,197,0.589126984126984,2825.75,2458.89,16,0,0,changing_coverage_not_matched_salience_or_probability_index; OI_not_positions
electricity_datacenters,macro,2026-07-19,8,2,2,138,100,0.71,666.24,2645.9900000000002,8,0,0,changing_coverage_not_matched_salience_or_probability_index; OI_not_positions
electricity_datacenters,macro,2026-07-20,8,2,2,72,42,0.7275,0.0,2645.9900000000002,8,0,0,changing_coverage_not_matched_salience_or_probability_index; OI_not_positions
electricity_datacenters,macro,2026-07-21,15,2,2,82,67,0.6955555555555555,5.69,2445.23,15,0,0,changing_coverage_not_matched_salience_or_probability_index; OI_not_positions
electricity_datacenters,macro,2026-07-22,15,2,2,94,66,0.5909027777777778,497.59,1865.11,15,0,0,changing_coverage_not_matched_salience_or_probability_index; OI_not_positions
electricity_datacenters,macro,2026-07-23,14,2,2,96,64,0.6822222222222223,0.0,2305.81,14,0,0,changing_coverage_not_matched_salience_or_probability_index; OI_not_positions
electricity_datacenters,macro,2026-07-24,14,2,2,91,62,0.6036111111111111,1.99,1411.82,14,0,0,changing_coverage_not_matched_salience_or_probability_index; OI_not_positions
electricity_datacenters,macro,2026-07-25,13,2,2,68,60,0.7977777777777778,0.0,1045.82,13,0,0,changing_coverage_not_matched_salience_or_probability_index; OI_not_positions
electricity_datacenters,macro,2026-07-26,11,2,2,28,27,0.7977777777777778,4.03,674.6800000000001,11,0,0,changing_coverage_not_matched_salience_or_probability_index; OI_not_positions
electricity_datacenters,macro,2026-07-27,5,2,2,19,10,0.935,0.13,1923.82,5,0,0,changing_coverage_not_matched_salience_or_probability_index; OI_not_positions
electricity_datacenters,macro,2026-07-28,13,2,2,74,60,0.7877777777777778,232.84,1278.79,13,0,0,changing_coverage_not_matched_salience_or_probability_index; OI_not_positions
electricity_datacenters,macro,2026-07-29,16,2,2,90,63,0.6437777777777778,260.0,3253.25,16,0,0,changing_coverage_not_matched_salience_or_probability_index; OI_not_positions
electricity_datacenters,macro,2026-07-30,16,2,2,122,81,0.7033333333333334,0.22,3253.14,16,0,0,changing_coverage_not_matched_salience_or_probability_index; OI_not_positions
electricity_datacenters,macro,2026-07-31,14,2,2,102,34,0.6561111111111111,60.0,2565.37,14,0,0,changing_coverage_not_matched_salience_or_probability_index; OI_not_positions
electricity_datacenters,macro,2026-08-01,14,2,2,52,25,0.7752777777777777,159.13,2627.31,14,0,0,changing_coverage_not_matched_salience_or_probability_index; OI_not_positions
electricity_datacenters,macro,2026-08-02,8,2,2,84,49,0.7969999999999999,7.619999999999999,3317.5,8,0,0,changing_coverage_not_matched_salience_or_probability_index; OI_not_positions
electricity_datacenters,macro,2026-08-03,14,2,2,57,30,0.8172222222222223,2.0,2630.73,14,0,0,changing_coverage_not_matched_salience_or_probability_index; OI_not_positions
electricity_datacenters,macro,2026-08-04,13,2,2,87,75,0.8208333333333333,0.0,2490.77,13,0,0,changing_coverage_not_matched_salience_or_probability_index; OI_not_positions
electricity_datacenters,macro,2026-08-05,15,2,2,117,76,0.7890277777777778,0.0,2193.27,15,0,0,changing_coverage_not_matched_salience_or_probability_index; OI_not_positions
electricity_datacenters,macro,2026-08-06,16,2,2,173,68,0.8380555555555556,25.72,3329.5,16,0,0,changing_coverage_not_matched_salience_or_probability_index; OI_not_positions
electricity_datacenters,macro,2026-08-07,16,2,2,198,92,0.7138888888888888,0.0,3329.5,16,0,0,changing_coverage_not_matched_salience_or_probability_index; OI_not_positions
electricity_datacenters,macro,2026-08-08,15,2,2,181,42,0.5875,774.0,2973.27,15,0,0,changing_coverage_not_matched_salience_or_probability_index; OI_not_positions
electricity_datacenters,macro,2026-08-09,15,2,2,151,86,0.5338194444444445,7.0,2973.27,15,0,0,changing_coverage_not_matched_salience_or_probability_index; OI_not_positions
electricity_datacenters,macro,2026-08-10,11,2,2,119,56,0.721625,1.28,3330.78,11,0,0,changing_coverage_not_matched_salience_or_probability_index; OI_not_positions
electricity_datacenters,macro,2026-08-11,15,2,2,108,33,0.5086111111111111,15.65,3640.71,15,0,0,changing_coverage_not_matched_salience_or_probability_index; OI_not_positions
electricity_datacenters,macro,2026-08-12,16,2,2,149,88,0.6408333333333334,401.0,4509.43,16,0,0,changing_coverage_not_matched_salience_or_probability_index; OI_not_positions
electricity_datacenters,macro,2026-08-13,9,1,1,39,39,0.6194444444444445,0.0,1206.37,9,0,0,changing_coverage_not_matched_salience_or_probability_index; OI_not_positions
electricity_datacenters,macro,2026-08-14,16,2,2,139,124,0.5719444444444445,0.0,1206.37,16,0,1,changing_coverage_not_matched_salience_or_probability_index; OI_not_positions
electricity_datacenters,macro,2026-08-15,16,2,2,167,164,0.4982936507936508,8926.65,9132.87,16,0,0,changing_coverage_not_matched_salience_or_probability_index; OI_not_positions
electricity_datacenters,macro,2026-08-16,23,3,3,77,77,0.4933862433862434,252.41,9385.28,23,0,1,changing_coverage_not_matched_salience_or_probability_index; OI_not_positions
electricity_datacenters,macro,2026-08-17,19,3,3,217,217,0.4364021164021164,8536.76,12399.18,19,0,0,changing_coverage_not_matched_salience_or_probability_index; OI_not_positions
electricity_datacenters,macro,2026-08-18,26,4,4,291,253,0.4036259920634921,7165.65,18161.03,26,0,1,changing_coverage_not_matched_salience_or_probability_index; OI_not_positions
electricity_datacenters,macro,2026-08-19,29,4,4,359,329,0.423968253968254,12722.39,27804.5,29,3,0,changing_coverage_not_matched_salience_or_probability_index; OI_not_positions
electricity_datacenters,macro,2026-08-20,29,4,4,397,356,0.4378373015873016,8987.27,29990.2,29,0,0,changing_coverage_not_matched_salience_or_probability_index; OI_not_positions
electricity_datacenters,macro,2026-08-21,29,4,4,387,387,0.42991071428571426,3976.68,31966.69,29,0,0,changing_coverage_not_matched_salience_or_probability_index; OI_not_positions
electricity_datacenters,macro,2026-08-22,29,4,4,352,352,0.4353670634920635,21407.85,41501.05,29,0,0,changing_coverage_not_matched_salience_or_probability_index; OI_not_positions
electricity_datacenters,macro,2026-08-23,27,4,4,244,244,0.4621378968253968,15729.73,50516.4,27,0,0,changing_coverage_not_matched_salience_or_probability_index; OI_not_positions
electricity_datacenters,macro,2026-08-24,28,4,4,240,240,0.4144325396825397,25736.51,61004.41,28,0,0,changing_coverage_not_matched_salience_or_probability_index; OI_not_positions
electricity_datacenters,macro,2026-08-25,27,4,4,238,238,0.37,35435.31,65061.69,27,0,0,changing_coverage_not_matched_salience_or_probability_index; OI_not_positions
electricity_datacenters,macro,2026-08-26,26,4,4,269,253,0.3823883928571429,10512.48,71940.02,26,0,0,changing_coverage_not_matched_salience_or_probability_index; OI_not_positions
electricity_datacenters,macro,2026-08-27,27,4,4,346,332,0.3758035714285714,2121.71,70788.44,27,0,0,changing_coverage_not_matched_salience_or_probability_index; OI_not_positions
electricity_datacenters,macro,2026-08-28,27,4,4,259,259,0.37928075396825395,2126.82,70330.95,27,0,0,changing_coverage_not_matched_salience_or_probability_index; OI_not_positions
electricity_datacenters,macro,2026-08-29,25,4,4,270,234,0.41152777777777777,1690.28,63970.24,25,0,0,changing_coverage_not_matched_salience_or_probability_index; OI_not_positions
electricity_datacenters,macro,2026-08-30,23,4,4,261,233,0.40375,1.0,62007.979999999996,23,0,0,changing_coverage_not_matched_salience_or_probability_index; OI_not_positions
electricity_datacenters,macro,2026-08-31,26,4,4,278,278,0.38256944444444446,1147.67,67399.82,26,0,0,changing_coverage_not_matched_salience_or_probability_index; OI_not_positions
electricity_datacenters,macro,2026-09-01,36,5,4,363,319,0.34114087301587304,26700.55,83680.18,36,7,1,changing_coverage_not_matched_salience_or_probability_index; OI_not_positions
electricity_datacenters,macro,2026-09-02,27,4,4,396,262,0.4191468253968254,48982.25,105289.66,27,0,0,changing_coverage_not_matched_salience_or_probability_index; OI_not_positions
electricity_datacenters,macro,2026-09-03,27,4,4,398,382,0.4333878968253968,21799.61,100973.37,27,0,0,changing_coverage_not_matched_salience_or_probability_index; OI_not_positions
electricity_datacenters,macro,2026-09-04,29,4,4,376,376,0.4378968253968254,18602.07,104823.79,29,0,0,changing_coverage_not_matched_salience_or_probability_index; OI_not_positions
electricity_datacenters,macro,2026-09-05,20,3,3,289,289,0.3794047619047619,25792.39,112315.73,20,0,0,changing_coverage_not_matched_salience_or_probability_index; OI_not_positions
electricity_datacenters,macro,2026-09-06,26,4,4,259,236,0.4841964285714286,54999.729999999996,154133.19,26,0,0,changing_coverage_not_matched_salience_or_probability_index; OI_not_positions
electricity_datacenters,macro,2026-09-07,18,3,3,211,203,0.35854761904761906,46160.45,186194.44,18,0,0,changing_coverage_not_matched_salience_or_probability_index; OI_not_positions
electricity_datacenters,mention,2026-07-08,2,1,1,18,17,0.815,25.8,864.99,2,2,1,changing_coverage_not_matched_salience_or_probability_index; OI_not_positions
electricity_datacenters,mention,2026-07-09,3,2,2,55,50,0.41250000000000003,21053.47,21734.48,3,1,0,changing_coverage_not_matched_salience_or_probability_index; OI_not_positions
electricity_datacenters,mention,2026-07-10,3,2,2,31,31,0.44999999999999996,212.35,21937.38,3,0,0,changing_coverage_not_matched_salience_or_probability_index; OI_not_positions
electricity_datacenters,mention,2026-07-11,2,1,1,43,38,0.8975,15.0,1057.5700000000002,2,0,0,changing_coverage_not_matched_salience_or_probability_index; OI_not_positions
electricity_datacenters,mention,2026-07-12,2,1,1,48,48,0.915,8.65,1066.22,2,0,0,changing_coverage_not_matched_salience_or_probability_index; OI_not_positions
electricity_datacenters,mention,2026-07-13,4,3,3,63,63,0.5449999999999999,126.26,1192.48,4,2,2,changing_coverage_not_matched_salience_or_probability_index; OI_not_positions
electricity_datacenters,mention,2026-07-14,4,3,3,87,87,0.665,647.22,1685.48,4,0,0,changing_coverage_not_matched_salience_or_probability_index; OI_not_positions
electricity_datacenters,mention,2026-07-15,3,2,2,63,63,0.9299999999999999,2614.44,3224.47,3,0,0,changing_coverage_not_matched_salience_or_probability_index; OI_not_positions
electricity_datacenters,mention,2026-07-16,2,1,1,39,38,0.87,0.0,1152.04,2,0,0,changing_coverage_not_matched_salience_or_probability_index; OI_not_positions
electricity_datacenters,mention,2026-07-17,2,1,1,47,46,0.865,45.15,1121.8899999999999,2,0,0,changing_coverage_not_matched_salience_or_probability_index; OI_not_positions
electricity_datacenters,mention,2026-07-18,3,2,1,37,32,0.8775,200.0,1321.8899999999999,3,1,1,changing_coverage_not_matched_salience_or_probability_index; OI_not_positions
electricity_datacenters,mention,2026-07-19,3,2,2,66,58,0.60875,955.63,1822.6100000000001,3,0,0,changing_coverage_not_matched_salience_or_probability_index; OI_not_positions
electricity_datacenters,mention,2026-07-20,4,3,3,77,73,0.5916666666666667,107.97,1908.31,4,1,1,changing_coverage_not_matched_salience_or_probability_index; OI_not_positions
electricity_datacenters,mention,2026-07-21,6,5,5,97,95,0.74,8610.81,7861.280000000001,6,1,2,changing_coverage_not_matched_salience_or_probability_index; OI_not_positions
electricity_datacenters,mention,2026-07-22,5,4,4,81,81,0.765,10193.97,12609.02,5,0,0,changing_coverage_not_matched_salience_or_probability_index; OI_not_positions
electricity_datacenters,mention,2026-07-23,6,5,4,100,90,0.815,31492.969999999998,29382.1,6,3,2,changing_coverage_not_matched_salience_or_probability_index; OI_not_positions
electricity_datacenters,mention,2026-07-24,6,5,5,95,89,0.561,38144.67,28163.76,6,2,1,changing_coverage_not_matched_salience_or_probability_index; OI_not_positions
electricity_datacenters,mention,2026-07-25,3,3,3,30,30,0.9133333333333333,1492.74,1911.4700000000003,3,0,0,changing_coverage_not_matched_salience_or_probability_index; OI_not_positions
electricity_datacenters,mention,2026-07-26,4,4,4,28,27,0.88875,830.36,2655.52,4,1,1,changing_coverage_not_matched_salience_or_probability_index; OI_not_positions
electricity_datacenters,mention,2026-07-27,5,5,5,57,57,0.953,16059.76,14010.77,5,1,1,changing_coverage_not_matched_salience_or_probability_index; OI_not_positions
electricity_datacenters,mention,2026-07-28,6,6,5,55,52,0.945,7868.22,13115.23,6,2,2,changing_coverage_not_matched_salience_or_probability_index; OI_not_positions
electricity_datacenters,mention,2026-07-29,5,5,5,56,55,0.857,2363.0299999999997,4816.76,5,1,1,changing_coverage_not_matched_salience_or_probability_index; OI_not_positions
electricity_datacenters,mention,2026-07-30,6,6,6,79,73,0.7333333333333333,5060.47,6341.61,6,2,3,changing_coverage_not_matched_salience_or_probability_index; OI_not_positions
electricity_datacenters,mention,2026-07-31,6,6,6,97,94,0.7008333333333333,415.15000000000003,4642.91,6,1,0,changing_coverage_not_matched_salience_or_probability_index; OI_not_positions
electricity_datacenters,mention,2026-08-01,5,5,5,85,85,0.598,1405.99,2139.85,5,0,0,changing_coverage_not_matched_salience_or_probability_index; OI_not_positions
electricity_datacenters,mention,2026-08-02,5,5,5,92,92,0.613,1919.42,3605.0,5,0,0,changing_coverage_not_matched_salience_or_probability_index; OI_not_positions
electricity_datacenters,mention,2026-08-03,5,5,5,102,102,0.616,5134.38,8119.8099999999995,5,0,1,changing_coverage_not_matched_salience_or_probability_index; OI_not_positions
electricity_datacenters,mention,2026-08-04,5,5,5,70,70,0.67,43223.840000000004,32164.77,5,0,0,changing_coverage_not_matched_salience_or_probability_index; OI_not_positions
electricity_datacenters,mention,2026-08-05,3,3,3,36,36,0.5166666666666667,32838.909999999996,26848.91,3,1,0,changing_coverage_not_matched_salience_or_probability_index; OI_not_positions
electricity_datacenters,mention,2026-08-06,3,3,3,20,20,0.8483333333333334,7320.610000000001,8866.69,3,1,1,changing_coverage_not_matched_salience_or_probability_index; OI_not_positions
electricity_datacenters,mention,2026-08-07,2,2,2,9,9,0.3875,3824.38,3440.08,2,0,0,changing_coverage_not_matched_salience_or_probability_index; OI_not_positions
electricity_datacenters,mention,2026-08-08,1,1,1,6,6,0.785,0.0,409.15,1,0,0,changing_coverage_not_matched_salience_or_probability_index; OI_not_positions
electricity_datacenters,mention,2026-08-09,1,1,1,2,2,0.775,0.0,409.15,1,0,0,changing_coverage_not_matched_salience_or_probability_index; OI_not_positions
electricity_datacenters,mention,2026-08-10,1,1,1,5,5,0.78,1.21,409.36,1,0,0,changing_coverage_not_matched_salience_or_probability_index; OI_not_positions
electricity_datacenters,mention,2026-08-11,1,1,1,7,7,0.775,0.0,409.36,1,0,0,changing_coverage_not_matched_salience_or_probability_index; OI_not_positions
electricity_datacenters,mention,2026-08-12,1,1,1,15,15,0.8,2.0,411.36,1,0,0,changing_coverage_not_matched_salience_or_probability_index; OI_not_positions
electricity_datacenters,mention,2026-08-13,1,1,1,15,15,0.79,400.0,811.36,1,0,0,changing_coverage_not_matched_salience_or_probability_index; OI_not_positions
electricity_datacenters,mention,2026-08-14,1,1,1,20,20,0.78,562.0,1373.36,1,0,0,changing_coverage_not_matched_salience_or_probability_index; OI_not_positions
electricity_datacenters,mention,2026-08-15,1,1,1,19,19,0.835,200.0,1573.36,1,0,0,changing_coverage_not_matched_salience_or_probability_index; OI_not_positions
electricity_datacenters,mention,2026-08-16,1,1,1,1,1,0.845,0.0,1573.36,1,0,0,changing_coverage_not_matched_salience_or_probability_index; OI_not_positions
electricity_datacenters,mention,2026-08-17,1,1,1,2,2,0.835,0.0,1573.36,1,0,0,changing_coverage_not_matched_salience_or_probability_index; OI_not_positions
electricity_datacenters,mention,2026-08-18,2,2,2,11,11,0.9099999999999999,5604.32,5206.95,2,1,1,changing_coverage_not_matched_salience_or_probability_index; OI_not_positions
electricity_datacenters,mention,2026-08-19,1,1,1,9,9,0.86,0.0,1773.36,1,0,0,changing_coverage_not_matched_salience_or_probability_index; OI_not_positions
electricity_datacenters,mention,2026-08-20,1,1,1,1,1,0.865,0.0,1773.36,1,0,0,changing_coverage_not_matched_salience_or_probability_index; OI_not_positions
electricity_datacenters,mention,2026-08-21,2,2,2,7,4,0.5025,1764.56,3537.92,2,1,1,changing_coverage_not_matched_salience_or_probability_index; OI_not_positions
electricity_datacenters,mention,2026-08-22,1,1,1,20,20,0.1,648.97,2302.2,1,0,0,changing_coverage_not_matched_salience_or_probability_index; OI_not_positions
electricity_datacenters,mention,2026-08-23,1,1,1,24,24,0.13,972.77,3256.08,1,0,0,changing_coverage_not_matched_salience_or_probability_index; OI_not_positions
electricity_datacenters,mention,2026-08-24,3,3,3,38,38,0.415,521.93,5459.9400000000005,3,1,1,changing_coverage_not_matched_salience_or_probability_index; OI_not_positions
electricity_datacenters,mention,2026-08-25,2,2,2,24,24,0.07750000000000001,3983.62,7530.32,2,0,0,changing_coverage_not_matched_salience_or_probability_index; OI_not_positions
electricity_datacenters,mention,2026-08-26,2,2,2,26,26,0.47500000000000003,5546.88,10788.09,2,0,0,changing_coverage_not_matched_salience_or_probability_index; OI_not_positions
electricity_datacenters,mention,2026-08-27,2,2,2,34,34,0.515,5920.61,14573.61,2,0,0,changing_coverage_not_matched_salience_or_probability_index; OI_not_positions
electricity_datacenters,mention,2026-08-28,3,3,3,24,24,0.39499999999999996,14685.32,28769.14,3,0,1,changing_coverage_not_matched_salience_or_probability_index; OI_not_positions
electricity_datacenters,mention,2026-08-29,2,2,2,14,14,0.5449999999999999,41.949999999999996,1816.4099999999999,2,0,0,changing_coverage_not_matched_salience_or_probability_index; OI_not_positions
electricity_datacenters,mention,2026-08-30,2,2,2,30,30,0.4725,1704.64,3486.42,2,0,0,changing_coverage_not_matched_salience_or_probability_index; OI_not_positions
electricity_datacenters,mention,2026-08-31,2,2,2,42,42,0.465,2326.2200000000003,5692.45,2,0,0,changing_coverage_not_matched_salience_or_probability_index; OI_not_positions
electricity_datacenters,mention,2026-09-01,1,1,1,21,21,0.995,3139.98,4611.51,1,0,0,changing_coverage_not_matched_salience_or_probability_index; OI_not_positions
electricity_datacenters,mention,2026-09-02,1,1,1,4,4,0.995,0.0,4611.51,1,0,0,changing_coverage_not_matched_salience_or_probability_index; OI_not_positions
electricity_datacenters,policy,2026-07-08,3,2,2,16,16,0.315,0.0,11621.310000000001,3,2,0,changing_coverage_not_matched_salience_or_probability_index; OI_not_positions
electricity_datacenters,policy,2026-07-09,3,2,2,32,32,0.303875,1382.0,12981.310000000001,3,0,0,changing_coverage_not_matched_salience_or_probability_index; OI_not_positions
electricity_datacenters,policy,2026-07-10,3,2,2,15,13,0.18762500000000001,1128.1200000000001,11912.41,3,0,0,changing_coverage_not_matched_salience_or_probability_index; OI_not_positions
electricity_datacenters,policy,2026-07-11,3,2,2,13,13,0.183875,32.449999999999996,11922.86,3,0,0,changing_coverage_not_matched_salience_or_probability_index; OI_not_positions
electricity_datacenters,policy,2026-07-12,3,2,2,22,22,0.19387500000000002,74.77,11927.64,3,0,0,changing_coverage_not_matched_salience_or_probability_index; OI_not_positions
electricity_datacenters,policy,2026-07-13,3,2,2,21,21,0.19637500000000002,47.91,11921.23,3,0,0,changing_coverage_not_matched_salience_or_probability_index; OI_not_positions
electricity_datacenters,policy,2026-07-14,4,3,3,18,15,0.6109166666666667,4060.4399999999996,15846.57,4,0,1,changing_coverage_not_matched_salience_or_probability_index; OI_not_positions
electricity_datacenters,policy,2026-07-15,3,2,2,16,16,0.314875,3104.94,11730.54,3,0,0,changing_coverage_not_matched_salience_or_probability_index; OI_not_positions
electricity_datacenters,policy,2026-07-16,3,2,2,37,37,0.319875,116.67999999999999,11814.59,3,0,0,changing_coverage_not_matched_salience_or_probability_index; OI_not_positions
electricity_datacenters,policy,2026-07-17,3,2,2,31,31,0.32,64.27,11853.59,3,0,0,changing_coverage_not_matched_salience_or_probability_index; OI_not_positions
electricity_datacenters,policy,2026-07-18,3,2,2,24,24,0.319875,1.76,11855.35,3,0,0,changing_coverage_not_matched_salience_or_probability_index; OI_not_positions
electricity_datacenters,policy,2026-07-19,3,2,2,19,19,0.319875,116.53,11803.3,3,0,0,changing_coverage_not_matched_salience_or_probability_index; OI_not_positions
electricity_datacenters,policy,2026-07-20,3,2,2,16,16,0.3275,1824.32,10460.220000000001,3,0,0,changing_coverage_not_matched_salience_or_probability_index; OI_not_positions
electricity_datacenters,policy,2026-07-21,7,3,3,36,36,0.2866666666666667,1426.1299999999999,11732.99,7,4,1,changing_coverage_not_matched_salience_or_probability_index; OI_not_positions
electricity_datacenters,policy,2026-07-22,6,3,3,114,114,0.28500000000000003,842.24,7473.95,6,0,0,changing_coverage_not_matched_salience_or_probability_index; OI_not_positions
electricity_datacenters,policy,2026-07-23,8,4,4,113,113,0.275,5.0,12099.130000000001,8,0,1,changing_coverage_not_matched_salience_or_probability_index; OI_not_positions
electricity_datacenters,policy,2026-07-24,7,3,3,118,118,0.27416666666666667,8104.9,17061.93,7,0,0,changing_coverage_not_matched_salience_or_probability_index; OI_not_positions
electricity_datacenters,policy,2026-07-25,7,4,4,118,118,0.265625,3719.06,12851.56,7,0,0,changing_coverage_not_matched_salience_or_probability_index; OI_not_positions
electricity_datacenters,policy,2026-07-26,8,4,4,81,81,0.27618750000000003,3263.08,17409.55,8,0,0,changing_coverage_not_matched_salience_or_probability_index; OI_not_positions
electricity_datacenters,policy,2026-07-27,7,3,3,61,61,0.29225,1133.7,17798.54,7,0,0,changing_coverage_not_matched_salience_or_probability_index; OI_not_positions
electricity_datacenters,policy,2026-07-28,8,4,4,109,102,0.3271875,1792.47,17794.12,8,0,0,changing_coverage_not_matched_salience_or_probability_index; OI_not_positions
electricity_datacenters,policy,2026-07-29,6,3,3,71,71,0.3304166666666667,1061.16,13056.27,6,0,0,changing_coverage_not_matched_salience_or_probability_index; OI_not_positions
electricity_datacenters,policy,2026-07-30,8,4,4,91,91,0.30125,603.77,17602.39,8,0,0,changing_coverage_not_matched_salience_or_probability_index; OI_not_positions
electricity_datacenters,policy,2026-07-31,7,4,4,79,79,0.306875,11.0,15958.78,7,0,0,changing_coverage_not_matched_salience_or_probability_index; OI_not_positions
electricity_datacenters,policy,2026-08-01,8,4,4,67,67,0.30125,0.0,17613.39,8,0,0,changing_coverage_not_matched_salience_or_probability_index; OI_not_positions
electricity_datacenters,policy,2026-08-02,6,2,2,62,62,0.231875,619.0699999999999,14868.8,6,0,0,changing_coverage_not_matched_salience_or_probability_index; OI_not_positions
electricity_datacenters,policy,2026-08-03,5,2,2,62,62,0.46062500000000006,894.15,10659.119999999999,5,0,0,changing_coverage_not_matched_salience_or_probability_index; OI_not_positions
electricity_datacenters,policy,2026-08-04,7,4,4,57,56,0.465,319.11,10585.529999999999,7,1,1,changing_coverage_not_matched_salience_or_probability_index; OI_not_positions
electricity_datacenters,policy,2026-08-05,8,4,4,62,62,0.431875,181.35,16907.26,8,0,0,changing_coverage_not_matched_salience_or_probability_index; OI_not_positions
electricity_datacenters,policy,2026-08-06,8,5,5,75,75,0.415,32.91,16284.2,8,0,0,changing_coverage_not_matched_salience_or_probability_index; OI_not_positions
electricity_datacenters,policy,2026-08-07,9,5,5,78,78,0.41100000000000003,932.47,16367.36,9,0,0,changing_coverage_not_matched_salience_or_probability_index; OI_not_positions
electricity_datacenters,policy,2026-08-08,8,5,5,62,62,0.42183333333333334,32.56,15745.300000000001,8,0,0,changing_coverage_not_matched_salience_or_probability_index; OI_not_positions
electricity_datacenters,policy,2026-08-09,7,5,5,51,51,0.41100000000000003,127.11,14131.75,7,0,0,changing_coverage_not_matched_salience_or_probability_index; OI_not_positions
electricity_datacenters,policy,2026-08-10,9,5,5,50,49,0.39175000000000004,140.37,16408.420000000002,9,0,0,changing_coverage_not_matched_salience_or_probability_index; OI_not_positions
electricity_datacenters,policy,2026-08-11,7,5,5,46,32,0.423,0.0,14131.75,7,0,0,changing_coverage_not_matched_salience_or_probability_index; OI_not_positions
electricity_datacenters,policy,2026-08-12,8,5,5,104,88,0.41505,10.0,14753.810000000001,8,0,0,changing_coverage_not_matched_salience_or_probability_index; OI_not_positions
electricity_datacenters,policy,2026-08-13,8,5,5,79,77,0.40225,7.62,14748.810000000001,8,0,0,changing_coverage_not_matched_salience_or_probability_index; OI_not_positions
electricity_datacenters,policy,2026-08-14,8,5,5,95,91,0.40049999999999997,123.43,14761.310000000001,8,0,0,changing_coverage_not_matched_salience_or_probability_index; OI_not_positions
electricity_datacenters,policy,2026-08-15,7,5,5,39,39,0.4086666666666667,39.7,14099.75,7,0,0,changing_coverage_not_matched_salience_or_probability_index; OI_not_positions
electricity_datacenters,policy,2026-08-16,6,4,4,21,21,0.48583333333333334,1.47,9508.04,6,0,0,changing_coverage_not_matched_salience_or_probability_index; OI_not_positions
electricity_datacenters,policy,2026-08-17,13,10,10,64,61,0.5011249999999999,124.65,14608.630000000001,13,5,5,changing_coverage_not_matched_salience_or_probability_index; OI_not_positions
electricity_datacenters,policy,2026-08-18,13,10,10,148,148,0.50975,4061.75,17820.07,13,0,0,changing_coverage_not_matched_salience_or_probability_index; OI_not_positions
electricity_datacenters,policy,2026-08-19,13,10,10,168,166,0.5115,608.6,17995.16,13,0,0,changing_coverage_not_matched_salience_or_probability_index; OI_not_positions
electricity_datacenters,policy,2026-08-20,13,10,10,172,166,0.507875,1753.65,18506.16,13,0,0,changing_coverage_not_matched_salience_or_probability_index; OI_not_positions
electricity_datacenters,policy,2026-08-21,13,10,10,194,193,0.538375,4299.96,20930.5,13,0,0,changing_coverage_not_matched_salience_or_probability_index; OI_not_positions
electricity_datacenters,policy,2026-08-22,12,9,9,155,155,0.5025000000000001,3071.39,17658.600000000002,12,0,0,changing_coverage_not_matched_salience_or_probability_index; OI_not_positions
electricity_datacenters,policy,2026-08-23,12,9,9,128,128,0.49819444444444444,67.41,17674.03,12,0,0,changing_coverage_not_matched_salience_or_probability_index; OI_not_positions
electricity_datacenters,policy,2026-08-24,12,9,9,128,128,0.5540277777777778,1509.73,15988.3,12,0,0,changing_coverage_not_matched_salience_or_probability_index; OI_not_positions
electricity_datacenters,policy,2026-08-25,11,8,8,103,103,0.5484375,229.73,13816.85,11,0,0,changing_coverage_not_matched_salience_or_probability_index; OI_not_positions
electricity_datacenters,policy,2026-08-26,14,10,10,116,115,0.513925,1777.57,23068.61,14,0,0,changing_coverage_not_matched_salience_or_probability_index; OI_not_positions
electricity_datacenters,policy,2026-08-27,14,10,10,186,181,0.521025,803.73,23515.24,14,0,0,changing_coverage_not_matched_salience_or_probability_index; OI_not_positions
electricity_datacenters,policy,2026-08-28,14,10,10,160,152,0.534325,3141.85,22433.03,14,0,0,changing_coverage_not_matched_salience_or_probability_index; OI_not_positions
electricity_datacenters,policy,2026-08-29,12,10,10,161,132,0.55815,671.22,16093.130000000001,12,0,0,changing_coverage_not_matched_salience_or_probability_index; OI_not_positions
electricity_datacenters,policy,2026-08-30,12,10,10,177,170,0.5448999999999999,3294.89,18915.65,12,0,0,changing_coverage_not_matched_salience_or_probability_index; OI_not_positions
electricity_datacenters,policy,2026-08-31,12,10,10,149,135,0.5374833333333333,2727.31,21257.09,12,0,0,changing_coverage_not_matched_salience_or_probability_index; OI_not_positions
electricity_datacenters,policy,2026-09-01,12,10,10,141,141,0.5354166666666667,721.11,21912.19,12,0,0,changing_coverage_not_matched_salience_or_probability_index; OI_not_positions
electricity_datacenters,policy,2026-09-02,12,10,10,126,126,0.5355833333333333,645.9399999999999,21911.19,12,0,0,changing_coverage_not_matched_salience_or_probability_index; OI_not_positions
electricity_datacenters,policy,2026-09-03,13,10,10,156,151,0.5341083333333333,93.7,23589.19,13,0,0,changing_coverage_not_matched_salience_or_probability_index; OI_not_positions
electricity_datacenters,policy,2026-09-04,13,10,10,131,131,0.5348416666666667,40.15,23627.95,13,0,0,changing_coverage_not_matched_salience_or_probability_index; OI_not_positions
electricity_datacenters,policy,2026-09-05,11,8,8,109,94,0.57740625,2749.2599999999998,24986.41,11,0,0,changing_coverage_not_matched_salience_or_probability_index; OI_not_positions
electricity_datacenters,policy,2026-09-06,11,8,8,109,102,0.52840625,735.2099999999999,25503.399999999998,11,0,0,changing_coverage_not_matched_salience_or_probability_index; OI_not_positions
electricity_datacenters,policy,2026-09-07,10,7,7,110,108,0.49979761904761905,10.0,25499.239999999998,10,0,0,changing_coverage_not_matched_salience_or_probability_index; OI_not_positions
energy_iran,macro,2026-07-08,170,10,10,1200,1061,0.40455756830729656,55244.35,2369909.48,170,139,0,changing_coverage_not_matched_salience_or_probability_index; OI_not_positions
energy_iran,macro,2026-07-09,168,10,10,2707,2349,0.38290375721500725,75801.5,2409912.5,168,0,0,changing_coverage_not_matched_salience_or_probability_index; OI_not_positions
energy_iran,macro,2026-07-10,162,10,10,2441,2202,0.3678304761904762,47153.75,2428913.12,162,0,0,changing_coverage_not_matched_salience_or_probability_index; OI_not_positions
energy_iran,macro,2026-07-11,145,9,9,2439,2392,0.43732990144443235,42816.92,2447034.49,145,0,0,changing_coverage_not_matched_salience_or_probability_index; OI_not_positions
energy_iran,macro,2026-07-12,147,10,10,2397,2251,0.3729323118377786,60333.38,2490003.15,147,0,0,changing_coverage_not_matched_salience_or_probability_index; OI_not_positions
energy_iran,macro,2026-07-13,150,10,10,2299,2163,0.47360272869674186,110483.18000000001,2540770.38,150,0,0,changing_coverage_not_matched_salience_or_probability_index; OI_not_positions
energy_iran,macro,2026-07-14,164,10,10,2338,2165,0.4670764898989899,88010.53,2596623.25,164,0,0,changing_coverage_not_matched_salience_or_probability_index; OI_not_positions
energy_iran,macro,2026-07-15,139,9,9,2324,2269,0.5107333493666827,82178.73,2586931.64,139,0,0,changing_coverage_not_matched_salience_or_probability_index; OI_not_positions
energy_iran,macro,2026-07-16,141,10,9,2152,2059,0.4923164902998236,155582.23,2682788.41,141,0,1,changing_coverage_not_matched_salience_or_probability_index; OI_not_positions
energy_iran,macro,2026-07-17,143,10,10,2200,2169,0.5091272843822844,176483.45,2795577.53,143,0,0,changing_coverage_not_matched_salience_or_probability_index; OI_not_positions
energy_iran,macro,2026-07-18,131,10,10,2069,2056,0.527470468975469,135464.79,2816038.98,131,0,0,changing_coverage_not_matched_salience_or_probability_index; OI_not_positions
energy_iran,macro,2026-07-19,146,10,10,2050,2021,0.5055269769119769,87886.73,2877156.92,146,12,0,changing_coverage_not_matched_salience_or_probability_index; OI_not_positions
energy_iran,macro,2026-07-20,158,9,9,2575,2502,0.5215194028194028,119713.07,2956085.85,158,15,0,changing_coverage_not_matched_salience_or_probability_index; OI_not_positions
energy_iran,macro,2026-07-21,153,10,9,2710,2543,0.5194205146705146,92182.43,2981390.16,153,0,0,changing_coverage_not_matched_salience_or_probability_index; OI_not_positions
energy_iran,macro,2026-07-22,175,9,9,2841,2487,0.5098275761275761,116536.86,2956307.97,175,30,0,changing_coverage_not_matched_salience_or_probability_index; OI_not_positions
energy_iran,macro,2026-07-23,191,10,10,2913,2680,0.46622025215525215,186673.39,3062164.71,191,0,0,changing_coverage_not_matched_salience_or_probability_index; OI_not_positions
energy_iran,macro,2026-07-24,164,10,9,2639,2484,0.4984178691678691,235174.91,3156562.48,164,0,0,changing_coverage_not_matched_salience_or_probability_index; OI_not_positions
energy_iran,macro,2026-07-25,156,9,9,2360,2211,0.45884069680319683,119046.33,3194497.59,156,0,0,changing_coverage_not_matched_salience_or_probability_index; OI_not_positions
energy_iran,macro,2026-07-26,154,9,9,2482,2268,0.44902825877825875,317949.34,3353969.0,154,0,0,changing_coverage_not_matched_salience_or_probability_index; OI_not_positions
energy_iran,macro,2026-07-27,172,10,9,2387,2176,0.4460918864691243,156120.64,3426425.89,172,0,0,changing_coverage_not_matched_salience_or_probability_index; OI_not_positions
energy_iran,macro,2026-07-28,162,9,9,2328,2150,0.3363193913775435,299628.7,3469132.42,162,0,0,changing_coverage_not_matched_salience_or_probability_index; OI_not_positions
energy_iran,macro,2026-07-29,161,9,9,2555,2457,0.3612968176159353,254476.0,3511343.77,161,3,0,changing_coverage_not_matched_salience_or_probability_index; OI_not_positions
energy_iran,macro,2026-07-30,170,9,9,2854,2796,0.3434736572069905,232480.63999999998,3641895.16,170,0,0,changing_coverage_not_matched_salience_or_probability_index; OI_not_positions
energy_iran,macro,2026-07-31,147,9,9,1734,1718,0.3409949161949162,164722.56,3523209.42,147,0,0,changing_coverage_not_matched_salience_or_probability_index; OI_not_positions
energy_iran,macro,2026-08-01,96,6,6,1291,1203,0.36895353763883176,92854.88,2730344.23,96,0,1,changing_coverage_not_matched_salience_or_probability_index; OI_not_positions
energy_iran,macro,2026-08-02,91,6,6,1411,1226,0.3957961926961927,56286.94,2769055.66,91,0,0,changing_coverage_not_matched_salience_or_probability_index; OI_not_positions
energy_iran,macro,2026-08-03,98,6,6,1519,1508,0.34915959595959595,97014.97,2832585.1999999997,98,0,0,changing_coverage_not_matched_salience_or_probability_index; OI_not_positions
energy_iran,macro,2026-08-04,143,9,7,1690,1589,0.34975124875124874,117426.95,2865928.41,143,19,2,changing_coverage_not_matched_salience_or_probability_index; OI_not_positions
energy_iran,macro,2026-08-05,129,8,8,2284,1933,0.3314208626512806,68305.64,2857702.8,129,0,0,changing_coverage_not_matched_salience_or_probability_index; OI_not_positions
energy_iran,macro,2026-08-06,139,9,8,2183,2076,0.35608459595959596,71525.99,2918687.53,139,0,0,changing_coverage_not_matched_salience_or_probability_index; OI_not_positions
energy_iran,macro,2026-08-07,124,9,8,2029,1926,0.33815105940402473,59983.36,2888682.44,124,0,0,changing_coverage_not_matched_salience_or_probability_index; OI_not_positions
energy_iran,macro,2026-08-08,115,8,8,1890,1830,0.3418913979188167,116658.25,2965060.83,115,0,0,changing_coverage_not_matched_salience_or_probability_index; OI_not_positions
energy_iran,macro,2026-08-09,114,8,8,1695,1384,0.33541483585858584,133696.25,3078563.4899999998,114,0,0,changing_coverage_not_matched_salience_or_probability_index; OI_not_positions
energy_iran,macro,2026-08-10,142,9,8,1924,1643,0.3432928481240981,137479.76,3185236.86,142,0,0,changing_coverage_not_matched_salience_or_probability_index; OI_not_positions
energy_iran,macro,2026-08-11,128,8,8,1859,1467,0.3629148200757576,141488.07,3246512.26,128,0,0,changing_coverage_not_matched_salience_or_probability_index; OI_not_positions
energy_iran,macro,2026-08-12,139,9,9,1931,1678,0.33879193522526857,71236.88,3279648.0500000003,139,0,0,changing_coverage_not_matched_salience_or_probability_index; OI_not_positions
energy_iran,macro,2026-08-13,127,8,8,1797,1421,0.38423172348484846,87978.95,3279388.04,127,0,0,changing_coverage_not_matched_salience_or_probability_index; OI_not_positions
energy_iran,macro,2026-08-14,116,8,8,1945,1510,0.31793982843137253,66803.04,3273023.2199999997,116,0,0,changing_coverage_not_matched_salience_or_probability_index; OI_not_positions
energy_iran,macro,2026-08-15,100,8,8,1198,822,0.3149246279761905,27406.94,3286905.95,100,0,0,changing_coverage_not_matched_salience_or_probability_index; OI_not_positions
energy_iran,macro,2026-08-16,110,8,8,1130,881,0.3284546268607124,44454.96,3303494.14,110,0,0,changing_coverage_not_matched_salience_or_probability_index; OI_not_positions
energy_iran,macro,2026-08-17,124,8,8,1352,1200,0.3386359441602728,84699.81,3372656.2,124,0,0,changing_coverage_not_matched_salience_or_probability_index; OI_not_positions
energy_iran,macro,2026-08-18,132,8,8,1573,1335,0.3829070346320346,74558.54,3444924.86,132,0,0,changing_coverage_not_matched_salience_or_probability_index; OI_not_positions
energy_iran,macro,2026-08-19,124,8,8,1656,1318,0.3355372159090909,95978.83,3431034.39,124,0,0,changing_coverage_not_matched_salience_or_probability_index; OI_not_positions
energy_iran,macro,2026-08-20,132,8,8,1526,1239,0.36522447916666667,110625.83,3502164.66,132,0,0,changing_coverage_not_matched_salience_or_probability_index; OI_not_positions
energy_iran,macro,2026-08-21,133,8,8,1506,1318,0.3795195353470769,60483.35,3561216.0,133,0,0,changing_coverage_not_matched_salience_or_probability_index; OI_not_positions
energy_iran,macro,2026-08-22,114,8,8,1079,973,0.3239760048613667,59226.42,3534847.25,114,0,0,changing_coverage_not_matched_salience_or_probability_index; OI_not_positions
energy_iran,macro,2026-08-23,119,8,8,1089,979,0.3494638888888889,37285.76,3524097.7199999997,119,9,0,changing_coverage_not_matched_salience_or_probability_index; OI_not_positions
energy_iran,macro,2026-08-24,124,8,8,1454,1266,0.33906498015873016,71017.85,3634773.46,124,0,0,changing_coverage_not_matched_salience_or_probability_index; OI_not_positions
energy_iran,macro,2026-08-25,126,8,8,1355,1302,0.26530128205128206,82581.98,3685428.14,126,0,0,changing_coverage_not_matched_salience_or_probability_index; OI_not_positions
energy_iran,macro,2026-08-26,120,8,8,1188,1158,0.27588323863636366,145463.93,3741498.65,120,0,0,changing_coverage_not_matched_salience_or_probability_index; OI_not_positions
energy_iran,macro,2026-08-27,126,8,8,1368,1254,0.27363885732323234,105055.21,3742953.88,126,9,0,changing_coverage_not_matched_salience_or_probability_index; OI_not_positions
energy_iran,macro,2026-08-28,138,8,8,1226,1130,0.30294991484613576,193694.48,3944865.45,138,0,0,changing_coverage_not_matched_salience_or_probability_index; OI_not_positions
energy_iran,macro,2026-08-29,145,8,8,1193,1115,0.32001255199049317,127843.32,4040212.03,145,0,0,changing_coverage_not_matched_salience_or_probability_index; OI_not_positions
energy_iran,macro,2026-08-30,134,8,8,1305,1174,0.2959922283496732,76996.53,4069786.21,134,0,0,changing_coverage_not_matched_salience_or_probability_index; OI_not_positions
energy_iran,macro,2026-08-31,140,9,9,1141,1097,0.33724554519554517,83967.62,3819888.24,140,0,0,changing_coverage_not_matched_salience_or_probability_index; OI_not_positions
energy_iran,macro,2026-09-01,139,8,8,1826,1589,0.39414530885780885,53581.18,3392967.92,139,40,3,changing_coverage_not_matched_salience_or_probability_index; OI_not_positions
energy_iran,macro,2026-09-02,129,8,8,1909,1899,0.4023048076923077,53081.89,3412986.25,129,0,0,changing_coverage_not_matched_salience_or_probability_index; OI_not_positions
energy_iran,macro,2026-09-03,142,8,8,2076,1980,0.4189960227272727,90767.31,3451927.1399999997,142,0,0,changing_coverage_not_matched_salience_or_probability_index; OI_not_positions
energy_iran,macro,2026-09-04,143,8,8,2096,2038,0.3994946463624095,48154.14,3468729.34,143,0,0,changing_coverage_not_matched_salience_or_probability_index; OI_not_positions
energy_iran,macro,2026-09-05,128,8,8,1608,1579,0.4019323403570114,24119.56,3470354.35,128,0,0,changing_coverage_not_matched_salience_or_probability_index; OI_not_positions
energy_iran,macro,2026-09-06,145,8,8,1411,1328,0.41479431792622584,51883.49,3498680.56,145,10,0,changing_coverage_not_matched_salience_or_probability_index; OI_not_positions
energy_iran,macro,2026-09-07,151,8,8,1396,1342,0.414305158492823,46301.94,3518848.77,151,0,0,changing_coverage_not_matched_salience_or_probability_index; OI_not_positions
energy_iran,mention,2026-07-08,28,15,15,181,164,0.4330555555555556,113777.37000000001,103790.81999999999,28,27,1,changing_coverage_not_matched_salience_or_probability_index; OI_not_positions
energy_iran,mention,2026-07-09,27,14,13,505,442,0.381025641025641,10820.39,23473.96,27,4,1,changing_coverage_not_matched_salience_or_probability_index; OI_not_positions
energy_iran,mention,2026-07-10,27,14,13,532,472,0.3289423076923077,48554.59,59696.07,27,0,0,changing_coverage_not_matched_salience_or_probability_index; OI_not_positions
energy_iran,mention,2026-07-11,25,13,12,450,405,0.37118055555555557,12841.7,33064.340000000004,25,0,0,changing_coverage_not_matched_salience_or_probability_index; OI_not_positions
energy_iran,mention,2026-07-12,25,13,12,405,372,0.3575347222222222,4716.96,33175.69,25,0,0,changing_coverage_not_matched_salience_or_probability_index; OI_not_positions
energy_iran,mention,2026-07-13,43,22,21,586,539,0.34101190476190474,274458.08,270963.75,43,19,9,changing_coverage_not_matched_salience_or_probability_index; OI_not_positions
energy_iran,mention,2026-07-14,41,22,22,599,567,0.35178030303030305,147512.16,139531.21,41,9,4,changing_coverage_not_matched_salience_or_probability_index; OI_not_positions
energy_iran,mention,2026-07-15,23,14,13,339,328,0.3346794871794872,51684.11,64450.88,23,3,2,changing_coverage_not_matched_salience_or_probability_index; OI_not_positions
energy_iran,mention,2026-07-16,23,14,12,287,271,0.36694444444444446,284446.6,268667.96,23,5,4,changing_coverage_not_matched_salience_or_probability_index; OI_not_positions
energy_iran,mention,2026-07-17,21,12,10,249,196,0.22258333333333333,580841.48,751049.38,21,4,2,changing_coverage_not_matched_salience_or_probability_index; OI_not_positions
energy_iran,mention,2026-07-18,18,12,9,259,211,0.33722222222222226,2406.32,21925.33,18,4,3,changing_coverage_not_matched_salience_or_probability_index; OI_not_positions
energy_iran,mention,2026-07-19,18,12,12,327,271,0.2776388888888889,12224.91,31976.88,18,0,0,changing_coverage_not_matched_salience_or_probability_index; OI_not_positions
energy_iran,mention,2026-07-20,31,20,19,428,377,0.380219298245614,19923.91,41765.83,31,11,10,changing_coverage_not_matched_salience_or_probability_index; OI_not_positions
energy_iran,mention,2026-07-21,39,26,24,641,596,0.4462152777777778,112123.91,114227.51,39,5,7,changing_coverage_not_matched_salience_or_probability_index; OI_not_positions
energy_iran,mention,2026-07-22,35,23,21,553,500,0.34015873015873016,120791.82,149488.48,35,5,3,changing_coverage_not_matched_salience_or_probability_index; OI_not_positions
energy_iran,mention,2026-07-23,38,24,20,549,455,0.34591666666666665,133389.6,146551.69,38,14,9,changing_coverage_not_matched_salience_or_probability_index; OI_not_positions
energy_iran,mention,2026-07-24,34,23,20,638,461,0.348875,206265.54,219090.01,34,8,5,changing_coverage_not_matched_salience_or_probability_index; OI_not_positions
energy_iran,mention,2026-07-25,30,22,22,456,383,0.4135606060606061,170329.97,264516.67,30,0,0,changing_coverage_not_matched_salience_or_probability_index; OI_not_positions
energy_iran,mention,2026-07-26,29,22,22,380,344,0.3741666666666667,37140.6,60453.03,29,3,1,changing_coverage_not_matched_salience_or_probability_index; OI_not_positions
energy_iran,mention,2026-07-27,33,24,22,483,443,0.43556818181818185,141787.34,117643.09000000001,33,3,4,changing_coverage_not_matched_salience_or_probability_index; OI_not_positions
energy_iran,mention,2026-07-28,43,29,29,502,460,0.38557471264367815,184298.3,183281.28,43,14,6,changing_coverage_not_matched_salience_or_probability_index; OI_not_positions
energy_iran,mention,2026-07-29,34,24,24,402,387,0.33770833333333333,230882.62,212092.04,34,7,3,changing_coverage_not_matched_salience_or_probability_index; OI_not_positions
energy_iran,mention,2026-07-30,32,22,22,301,247,0.3946590909090909,112304.43,175438.31,32,12,6,changing_coverage_not_matched_salience_or_probability_index; OI_not_positions
energy_iran,mention,2026-07-31,26,18,18,260,253,0.485787037037037,85279.6,104136.3,26,2,1,changing_coverage_not_matched_salience_or_probability_index; OI_not_positions
energy_iran,mention,2026-08-01,21,17,17,264,263,0.41171568627450983,13301.380000000001,78499.33,21,0,0,changing_coverage_not_matched_salience_or_probability_index; OI_not_positions
energy_iran,mention,2026-08-02,20,14,14,311,311,0.38845238095238094,27191.99,37609.11,20,0,0,changing_coverage_not_matched_salience_or_probability_index; OI_not_positions
energy_iran,mention,2026-08-03,27,18,18,362,362,0.4565740740740741,54880.33,50593.17,27,7,3,changing_coverage_not_matched_salience_or_probability_index; OI_not_positions
energy_iran,mention,2026-08-04,30,18,18,349,347,0.4287037037037037,67631.28,60871.05,30,3,2,changing_coverage_not_matched_salience_or_probability_index; OI_not_positions
energy_iran,mention,2026-08-05,29,16,16,386,380,0.440625,177049.71,161497.85,29,4,2,changing_coverage_not_matched_salience_or_probability_index; OI_not_positions
energy_iran,mention,2026-08-06,24,15,15,253,243,0.4855555555555556,61122.659999999996,61268.51,24,7,4,changing_coverage_not_matched_salience_or_probability_index; OI_not_positions
energy_iran,mention,2026-08-07,24,14,14,213,209,0.49523809523809526,39735.57,32459.690000000002,24,7,4,changing_coverage_not_matched_salience_or_probability_index; OI_not_positions
energy_iran,mention,2026-08-08,17,10,10,253,253,0.53025,31652.39,32246.64,17,0,0,changing_coverage_not_matched_salience_or_probability_index; OI_not_positions
energy_iran,mention,2026-08-09,15,11,11,200,200,0.5111363636363636,15126.31,28268.72,15,0,0,changing_coverage_not_matched_salience_or_probability_index; OI_not_positions
energy_iran,mention,2026-08-10,24,14,14,258,257,0.4631547619047619,146121.49,146253.61,24,4,3,changing_coverage_not_matched_salience_or_probability_index; OI_not_positions
energy_iran,mention,2026-08-11,25,16,14,320,273,0.5051190476190476,33809.46,101434.20999999999,25,6,5,changing_coverage_not_matched_salience_or_probability_index; OI_not_positions
energy_iran,mention,2026-08-12,23,15,15,357,297,0.36777777777777776,21043.58,27074.76,23,2,1,changing_coverage_not_matched_salience_or_probability_index; OI_not_positions
energy_iran,mention,2026-08-13,27,16,16,351,314,0.5004166666666666,36836.0,43725.4,27,4,3,changing_coverage_not_matched_salience_or_probability_index; OI_not_positions
energy_iran,mention,2026-08-14,23,13,13,329,315,0.5516025641025641,64425.58,62268.28,23,2,1,changing_coverage_not_matched_salience_or_probability_index; OI_not_positions
energy_iran,mention,2026-08-15,19,11,11,228,228,0.5218939393939394,28369.14,31144.2,19,0,0,changing_coverage_not_matched_salience_or_probability_index; OI_not_positions
energy_iran,mention,2026-08-16,16,9,9,211,211,0.47638888888888886,3313.88,16742.760000000002,16,0,0,changing_coverage_not_matched_salience_or_probability_index; OI_not_positions
energy_iran,mention,2026-08-17,20,12,12,258,252,0.47791666666666666,43378.05,49190.51,20,2,1,changing_coverage_not_matched_salience_or_probability_index; OI_not_positions
energy_iran,mention,2026-08-18,23,15,14,243,231,0.42428571428571427,42475.81,55666.51,23,6,4,changing_coverage_not_matched_salience_or_probability_index; OI_not_positions
energy_iran,mention,2026-08-19,19,13,13,266,259,0.5638461538461539,10237.0,22326.11,19,0,1,changing_coverage_not_matched_salience_or_probability_index; OI_not_positions
energy_iran,mention,2026-08-20,24,15,15,258,252,0.515,29301.36,45077.62,24,2,2,changing_coverage_not_matched_salience_or_probability_index; OI_not_positions
energy_iran,mention,2026-08-21,24,14,14,274,237,0.4800595238095238,95259.29000000001,100649.44,24,6,3,changing_coverage_not_matched_salience_or_probability_index; OI_not_positions
energy_iran,mention,2026-08-22,19,11,11,230,177,0.46780303030303033,1655.99,65927.6,19,0,0,changing_coverage_not_matched_salience_or_probability_index; OI_not_positions
energy_iran,mention,2026-08-23,17,10,10,260,260,0.3899166666666667,16144.07,22237.64,17,0,0,changing_coverage_not_matched_salience_or_probability_index; OI_not_positions
energy_iran,mention,2026-08-24,25,13,13,247,239,0.38301282051282054,116688.91,107857.25,25,9,4,changing_coverage_not_matched_salience_or_probability_index; OI_not_positions
energy_iran,mention,2026-08-25,24,13,13,225,219,0.46724358974358976,13340.84,66862.97,24,3,2,changing_coverage_not_matched_salience_or_probability_index; OI_not_positions
energy_iran,mention,2026-08-26,22,14,12,271,235,0.33708333333333335,14305.02,37507.95,22,2,4,changing_coverage_not_matched_salience_or_probability_index; OI_not_positions
energy_iran,mention,2026-08-27,26,18,17,356,293,0.4559313725490196,13641.97,41279.43,26,5,5,changing_coverage_not_matched_salience_or_probability_index; OI_not_positions
energy_iran,mention,2026-08-28,23,16,16,293,280,0.36520833333333336,21203.49,52068.0,23,0,1,changing_coverage_not_matched_salience_or_probability_index; OI_not_positions
energy_iran,mention,2026-08-29,19,13,12,227,213,0.3938888888888889,7145.28,32409.07,19,0,0,changing_coverage_not_matched_salience_or_probability_index; OI_not_positions
energy_iran,mention,2026-08-30,19,13,13,276,261,0.3939102564102564,18647.86,47427.81,19,0,0,changing_coverage_not_matched_salience_or_probability_index; OI_not_positions
energy_iran,mention,2026-08-31,22,15,15,322,302,0.4608888888888889,85823.82,107796.89,22,3,2,changing_coverage_not_matched_salience_or_probability_index; OI_not_positions
energy_iran,mention,2026-09-01,17,13,13,262,247,0.3581410256410256,15612.699999999999,51184.31,17,0,1,changing_coverage_not_matched_salience_or_probability_index; OI_not_positions
energy_iran,mention,2026-09-02,20,14,14,293,275,0.41273809523809524,12823.99,28601.08,20,4,2,changing_coverage_not_matched_salience_or_probability_index; OI_not_positions
energy_iran,mention,2026-09-03,26,17,17,348,332,0.4862254901960784,45494.299999999996,56958.55,26,2,3,changing_coverage_not_matched_salience_or_probability_index; OI_not_positions
energy_iran,mention,2026-09-04,23,15,15,311,290,0.45994444444444443,9225.49,46944.1,23,0,0,changing_coverage_not_matched_salience_or_probability_index; OI_not_positions
energy_iran,mention,2026-09-05,19,12,12,313,293,0.4302777777777778,12632.51,44865.9,19,0,0,changing_coverage_not_matched_salience_or_probability_index; OI_not_positions
energy_iran,mention,2026-09-06,20,13,13,347,330,0.4219871794871795,13237.85,53988.49,20,0,0,changing_coverage_not_matched_salience_or_probability_index; OI_not_positions
energy_iran,mention,2026-09-07,19,13,13,340,319,0.4312179487179487,10382.52,61718.7,19,0,1,changing_coverage_not_matched_salience_or_probability_index; OI_not_positions
energy_iran,policy,2026-07-08,67,17,17,470,470,0.12798377684407097,234953.55,7356406.1,67,53,1,changing_coverage_not_matched_salience_or_probability_index; OI_not_positions
energy_iran,policy,2026-07-09,75,19,19,1220,1212,0.14782090643274853,371483.82,7553089.03,75,0,2,changing_coverage_not_matched_salience_or_probability_index; OI_not_positions
energy_iran,policy,2026-07-10,89,20,20,1424,1413,0.1569937003968254,482457.16,7688586.54,89,0,0,changing_coverage_not_matched_salience_or_probability_index; OI_not_positions
energy_iran,policy,2026-07-11,89,19,19,1551,1545,0.15289969715956558,366615.87,7820737.6,89,0,0,changing_coverage_not_matched_salience_or_probability_index; OI_not_positions
energy_iran,policy,2026-07-12,90,20,20,1283,1205,0.14520907738095237,483526.29,7977693.73,90,0,0,changing_coverage_not_matched_salience_or_probability_index; OI_not_positions
energy_iran,policy,2026-07-13,96,21,21,1270,1269,0.15036125283446714,429174.88,8151939.2700000005,96,0,1,changing_coverage_not_matched_salience_or_probability_index; OI_not_positions
energy_iran,policy,2026-07-14,104,22,22,1421,1366,0.1432984471336744,287054.39,8232136.2700000005,104,0,0,changing_coverage_not_matched_salience_or_probability_index; OI_not_positions
energy_iran,policy,2026-07-15,89,20,20,1368,1330,0.136121481990232,363918.32,8162209.19,89,0,0,changing_coverage_not_matched_salience_or_probability_index; OI_not_positions
energy_iran,policy,2026-07-16,89,20,20,1332,1307,0.141967239010989,214047.79,8191188.109999999,89,0,0,changing_coverage_not_matched_salience_or_probability_index; OI_not_positions
energy_iran,policy,2026-07-17,111,23,23,1504,1428,0.15750861004937092,226624.7,8205115.5,111,0,3,changing_coverage_not_matched_salience_or_probability_index; OI_not_positions
energy_iran,policy,2026-07-18,106,23,23,1638,1634,0.15422368875086268,326920.74,8217742.5,106,0,0,changing_coverage_not_matched_salience_or_probability_index; OI_not_positions
energy_iran,policy,2026-07-19,106,23,23,1352,1345,0.14432185990338164,221749.3,8311903.01,106,0,0,changing_coverage_not_matched_salience_or_probability_index; OI_not_positions
energy_iran,policy,2026-07-20,104,23,23,1403,1397,0.14306262939958592,184166.35,8407119.88,104,0,0,changing_coverage_not_matched_salience_or_probability_index; OI_not_positions
energy_iran,policy,2026-07-21,107,22,22,1344,1313,0.1605652000777001,303332.99,8512196.3,107,0,0,changing_coverage_not_matched_salience_or_probability_index; OI_not_positions
energy_iran,policy,2026-07-22,84,20,20,1161,1155,0.13518099206349207,385161.65,7924276.54,84,0,0,changing_coverage_not_matched_salience_or_probability_index; OI_not_positions
energy_iran,policy,2026-07-23,84,20,20,1132,1127,0.12923056547619047,241063.03,8027244.47,84,0,0,changing_coverage_not_matched_salience_or_probability_index; OI_not_positions
energy_iran,policy,2026-07-24,108,23,20,1292,1082,0.1303435119047619,269628.45,7951296.9,108,0,3,changing_coverage_not_matched_salience_or_probability_index; OI_not_positions
energy_iran,policy,2026-07-25,106,23,23,1546,1133,0.1564941252587992,363748.11,8239055.16,106,0,0,changing_coverage_not_matched_salience_or_probability_index; OI_not_positions
energy_iran,policy,2026-07-26,106,23,23,1579,1377,0.1498904330572809,324501.01,8352624.36,106,0,0,changing_coverage_not_matched_salience_or_probability_index; OI_not_positions
energy_iran,policy,2026-07-27,103,21,21,1590,1490,0.15139469954648527,198817.23,8449606.87,103,0,0,changing_coverage_not_matched_salience_or_probability_index; OI_not_positions
energy_iran,policy,2026-07-28,106,23,23,1517,1369,0.1693895100069013,528777.71,8694805.2,106,0,0,changing_coverage_not_matched_salience_or_probability_index; OI_not_positions
energy_iran,policy,2026-07-29,107,23,22,1583,1212,0.20237758838383837,183043.34,8751798.49,107,0,0,changing_coverage_not_matched_salience_or_probability_index; OI_not_positions
energy_iran,policy,2026-07-30,105,23,23,1787,1375,0.1730903640441684,113624.73,8749859.38,105,0,0,changing_coverage_not_matched_salience_or_probability_index; OI_not_positions
energy_iran,policy,2026-07-31,132,26,26,1588,1403,0.2063331578144078,347763.14,8807466.15,132,0,3,changing_coverage_not_matched_salience_or_probability_index; OI_not_positions
energy_iran,policy,2026-08-01,131,26,26,1588,1558,0.21319566544566543,176086.53,7904261.89,131,0,0,changing_coverage_not_matched_salience_or_probability_index; OI_not_positions
energy_iran,policy,2026-08-02,128,25,25,1821,1643,0.22653500000000001,837138.52,8258182.88,128,0,0,changing_coverage_not_matched_salience_or_probability_index; OI_not_positions
energy_iran,policy,2026-08-03,140,26,26,1880,1816,0.22552468711843712,411035.54,8530410.83,140,0,1,changing_coverage_not_matched_salience_or_probability_index; OI_not_positions
energy_iran,policy,2026-08-04,138,27,27,1670,1594,0.20390590094062316,614382.01,8829762.44,138,0,0,changing_coverage_not_matched_salience_or_probability_index; OI_not_positions
energy_iran,policy,2026-08-05,86,20,20,1327,1312,0.15001016865079367,413976.55,7732442.32,86,0,0,changing_coverage_not_matched_salience_or_probability_index; OI_not_positions
energy_iran,policy,2026-08-06,85,20,20,1252,1251,0.14594623015873015,312918.4,7905601.33,85,0,0,changing_coverage_not_matched_salience_or_probability_index; OI_not_positions
energy_iran,policy,2026-08-07,112,23,23,1377,1352,0.14689164941338853,392108.95,8160340.3,112,0,3,changing_coverage_not_matched_salience_or_probability_index; OI_not_positions
energy_iran,policy,2026-08-08,100,21,21,1250,1250,0.1462013416477702,349367.58,8287207.67,100,0,0,changing_coverage_not_matched_salience_or_probability_index; OI_not_positions
energy_iran,policy,2026-08-09,103,22,22,1284,1275,0.12694282106782107,336075.93,8355494.64,103,0,0,changing_coverage_not_matched_salience_or_probability_index; OI_not_positions
energy_iran,policy,2026-08-10,111,23,23,1393,1393,0.12257569875776397,238284.99,8358613.35,111,0,0,changing_coverage_not_matched_salience_or_probability_index; OI_not_positions
energy_iran,policy,2026-08-11,110,22,22,1365,1312,0.13402750721500722,367016.71,8457521.34,110,0,0,changing_coverage_not_matched_salience_or_probability_index; OI_not_positions
energy_iran,policy,2026-08-12,82,19,19,1160,1110,0.11531933052327789,312114.59,8361343.43,82,0,0,changing_coverage_not_matched_salience_or_probability_index; OI_not_positions
energy_iran,policy,2026-08-13,83,20,20,1071,1028,0.09963566468253968,233984.72,8442795.72,83,0,0,changing_coverage_not_matched_salience_or_probability_index; OI_not_positions
energy_iran,policy,2026-08-14,106,23,23,1252,1146,0.11945535714285714,274221.98,8429936.790000001,106,0,3,changing_coverage_not_matched_salience_or_probability_index; OI_not_positions
energy_iran,policy,2026-08-15,103,23,23,1083,978,0.12573884418721376,151517.26,8443916.540000001,103,0,0,changing_coverage_not_matched_salience_or_probability_index; OI_not_positions
energy_iran,policy,2026-08-16,95,22,22,1125,1054,0.12387421700773973,237319.06,8417005.84,95,0,0,changing_coverage_not_matched_salience_or_probability_index; OI_not_positions
energy_iran,policy,2026-08-17,95,21,21,1202,1170,0.11193636621315192,168818.25,8429656.79,95,0,0,changing_coverage_not_matched_salience_or_probability_index; OI_not_positions
energy_iran,policy,2026-08-18,98,22,22,1027,983,0.1152783189033189,172912.07,8528457.17,98,0,0,changing_coverage_not_matched_salience_or_probability_index; OI_not_positions
energy_iran,policy,2026-08-19,74,19,19,947,893,0.09866592617908407,143336.32,7868122.38,74,0,0,changing_coverage_not_matched_salience_or_probability_index; OI_not_positions
energy_iran,policy,2026-08-20,72,19,19,957,896,0.09886754765702134,52770.9,7883607.62,72,0,0,changing_coverage_not_matched_salience_or_probability_index; OI_not_positions
energy_iran,policy,2026-08-21,95,22,22,1006,880,0.1203968499934409,472187.08,7867243.03,95,0,3,changing_coverage_not_matched_salience_or_probability_index; OI_not_positions
energy_iran,policy,2026-08-22,91,21,21,1039,999,0.1338951590737305,86517.28,7896169.47,91,0,0,changing_coverage_not_matched_salience_or_probability_index; OI_not_positions
energy_iran,policy,2026-08-23,90,22,22,1016,846,0.14091601075691984,173343.48,7995695.76,90,0,0,changing_coverage_not_matched_salience_or_probability_index; OI_not_positions
energy_iran,policy,2026-08-24,99,22,22,1153,1045,0.13552250590318773,133312.58,8036789.67,99,0,0,changing_coverage_not_matched_salience_or_probability_index; OI_not_positions
energy_iran,policy,2026-08-25,97,22,22,1042,931,0.1378425816607635,399286.52,8246041.7,97,0,0,changing_coverage_not_matched_salience_or_probability_index; OI_not_positions
energy_iran,policy,2026-08-26,81,20,20,1009,971,0.1105519164862915,535961.16,8380896.33,81,0,0,changing_coverage_not_matched_salience_or_probability_index; OI_not_positions
energy_iran,policy,2026-08-27,76,19,19,999,955,0.1177107494114073,147108.54,8399169.61,76,0,0,changing_coverage_not_matched_salience_or_probability_index; OI_not_positions
energy_iran,policy,2026-08-28,101,24,23,906,819,0.15662926626513582,196959.85,8429921.24,101,2,5,changing_coverage_not_matched_salience_or_probability_index; OI_not_positions
energy_iran,policy,2026-08-29,91,22,22,899,805,0.20811917060212515,68673.26,8411772.22,91,0,0,changing_coverage_not_matched_salience_or_probability_index; OI_not_positions
energy_iran,policy,2026-08-30,93,23,23,913,827,0.17389641759206975,105412.28,8437147.84,93,0,0,changing_coverage_not_matched_salience_or_probability_index; OI_not_positions
energy_iran,policy,2026-08-31,102,23,23,1096,1039,0.1398730707698099,197530.07,8450833.68,102,0,0,changing_coverage_not_matched_salience_or_probability_index; OI_not_positions
energy_iran,policy,2026-09-01,108,24,24,971,870,0.14085703763828764,179274.59,7462272.95,108,0,0,changing_coverage_not_matched_salience_or_probability_index; OI_not_positions
energy_iran,policy,2026-09-02,82,20,20,960,862,0.13092397186147187,165516.98,6261663.87,82,4,2,changing_coverage_not_matched_salience_or_probability_index; OI_not_positions
energy_iran,policy,2026-09-03,91,24,22,1151,1083,0.11568688508461236,99721.75,6296305.06,91,3,2,changing_coverage_not_matched_salience_or_probability_index; OI_not_positions
energy_iran,policy,2026-09-04,114,27,27,1237,1072,0.13923624138207472,116959.84,6340116.37,114,18,3,changing_coverage_not_matched_salience_or_probability_index; OI_not_positions
energy_iran,policy,2026-09-05,114,26,26,1231,1138,0.14448013791763792,67079.39,6365084.21,114,0,0,changing_coverage_not_matched_salience_or_probability_index; OI_not_positions
energy_iran,policy,2026-09-06,109,26,26,1069,867,0.14518102383727383,108666.79,6337608.24,109,0,0,changing_coverage_not_matched_salience_or_probability_index; OI_not_positions
energy_iran,policy,2026-09-07,96,25,25,1041,882,0.1457190476190476,154672.95,6344518.61,96,0,0,changing_coverage_not_matched_salience_or_probability_index; OI_not_positions
fed_rates,macro,2026-07-08,178,27,25,916,829,0.3794218565911213,1776260.9000000001,15394308.86,178,100,0,changing_coverage_not_matched_salience_or_probability_index; OI_not_positions
fed_rates,macro,2026-07-09,200,27,27,2503,2130,0.3253256536340687,673036.61,15920268.01,200,0,0,changing_coverage_not_matched_salience_or_probability_index; OI_not_positions
fed_rates,macro,2026-07-10,199,27,27,2583,1955,0.3425913523658622,695807.01,16512851.99,199,0,0,changing_coverage_not_matched_salience_or_probability_index; OI_not_positions
fed_rates,macro,2026-07-11,194,27,27,2191,1800,0.3592222021805355,268196.0,16616171.870000001,194,0,0,changing_coverage_not_matched_salience_or_probability_index; OI_not_positions
fed_rates,macro,2026-07-12,194,27,26,2165,1755,0.35857422479481305,422525.88,17016047.23,194,0,0,changing_coverage_not_matched_salience_or_probability_index; OI_not_positions
fed_rates,macro,2026-07-13,189,27,26,1757,1329,0.3594758991008991,2316880.83,18787981.56,189,0,0,changing_coverage_not_matched_salience_or_probability_index; OI_not_positions
fed_rates,macro,2026-07-14,210,27,27,2576,2037,0.30866793990323405,2512694.87,19992870.78,210,0,0,changing_coverage_not_matched_salience_or_probability_index; OI_not_positions
fed_rates,macro,2026-07-15,212,27,27,3507,3055,0.31907121582121584,2301581.24,21514946.55,212,0,0,changing_coverage_not_matched_salience_or_probability_index; OI_not_positions
fed_rates,macro,2026-07-16,212,27,27,3620,3055,0.328388695152584,1342391.6400000001,22705509.67,212,0,0,changing_coverage_not_matched_salience_or_probability_index; OI_not_positions
fed_rates,macro,2026-07-17,212,27,27,3305,2962,0.31704555043117133,2647173.7,25280420.6,212,0,0,changing_coverage_not_matched_salience_or_probability_index; OI_not_positions
fed_rates,macro,2026-07-18,194,27,27,2975,2776,0.3438935118379563,431898.64,25557482.900000002,194,0,0,changing_coverage_not_matched_salience_or_probability_index; OI_not_positions
fed_rates,macro,2026-07-19,184,27,26,2555,2404,0.3547645202020202,386851.61,24405859.53,184,0,0,changing_coverage_not_matched_salience_or_probability_index; OI_not_positions
fed_rates,macro,2026-07-20,212,27,27,3194,2943,0.32386426826622905,849965.63,26500735.78,212,0,0,changing_coverage_not_matched_salience_or_probability_index; OI_not_positions
fed_rates,macro,2026-07-21,212,27,27,3101,2868,0.32492408209074874,5114352.75,30749379.35,212,0,0,changing_coverage_not_matched_salience_or_probability_index; OI_not_positions
fed_rates,macro,2026-07-22,188,27,27,2785,2644,0.3555782511938558,3570184.97,32133662.02,188,0,0,changing_coverage_not_matched_salience_or_probability_index; OI_not_positions
fed_rates,macro,2026-07-23,207,27,27,3145,2876,0.34377032305627075,1814818.39,34440517.68,207,0,0,changing_coverage_not_matched_salience_or_probability_index; OI_not_positions
fed_rates,macro,2026-07-24,194,27,27,2029,1702,0.3420370303564748,1985108.67,35687155.37,194,0,0,changing_coverage_not_matched_salience_or_probability_index; OI_not_positions
fed_rates,macro,2026-07-25,153,26,26,1447,1167,0.3512582466553055,491812.52,34235600.65,153,0,0,changing_coverage_not_matched_salience_or_probability_index; OI_not_positions
fed_rates,macro,2026-07-26,153,24,23,1361,1123,0.3927385066624197,720676.19,34707101.17,153,0,0,changing_coverage_not_matched_salience_or_probability_index; OI_not_positions
fed_rates,macro,2026-07-27,167,27,26,1513,1202,0.33102621545121547,4026785.6999999997,38542035.03,167,0,0,changing_coverage_not_matched_salience_or_probability_index; OI_not_positions
fed_rates,macro,2026-07-28,213,27,27,2172,1843,0.3267718996689585,7668969.98,43067814.21,213,0,0,changing_coverage_not_matched_salience_or_probability_index; OI_not_positions
fed_rates,macro,2026-07-29,266,31,31,3145,2912,0.33925435227854583,16742312.59,55151993.42,266,0,4,changing_coverage_not_matched_salience_or_probability_index; OI_not_positions
fed_rates,macro,2026-07-30,240,27,27,3959,3815,0.35563272941050716,415964.24,7081346.42,240,0,0,changing_coverage_not_matched_salience_or_probability_index; OI_not_positions
fed_rates,macro,2026-07-31,240,27,27,3587,3514,0.35654180695847365,622045.36,7575520.6,240,0,0,changing_coverage_not_matched_salience_or_probability_index; OI_not_positions
fed_rates,macro,2026-08-01,235,27,27,3395,3270,0.35813352007469657,229461.54,7743074.58,235,0,0,changing_coverage_not_matched_salience_or_probability_index; OI_not_positions
fed_rates,macro,2026-08-02,237,27,27,2735,2503,0.3623684204321459,196725.92,7906257.31,237,0,0,changing_coverage_not_matched_salience_or_probability_index; OI_not_positions
fed_rates,macro,2026-08-03,238,27,27,2699,2373,0.36337029020362355,151988.55,8028104.26,238,0,0,changing_coverage_not_matched_salience_or_probability_index; OI_not_positions
fed_rates,macro,2026-08-04,236,27,27,2945,2703,0.35778889089305754,336061.58,8206213.1,236,0,0,changing_coverage_not_matched_salience_or_probability_index; OI_not_positions
fed_rates,macro,2026-08-05,239,27,27,2996,2743,0.3556534859173748,240360.7,8398848.18,239,0,0,changing_coverage_not_matched_salience_or_probability_index; OI_not_positions
fed_rates,macro,2026-08-06,239,27,27,3122,2746,0.35474867724867726,512800.18,8739214.46,239,0,0,changing_coverage_not_matched_salience_or_probability_index; OI_not_positions
fed_rates,macro,2026-08-07,240,27,27,3239,3080,0.35315080701191814,1496234.46,9764274.16,240,0,0,changing_coverage_not_matched_salience_or_probability_index; OI_not_positions
fed_rates,macro,2026-08-08,203,27,27,2387,2218,0.3640427575631824,272738.69,8498250.21,203,0,0,changing_coverage_not_matched_salience_or_probability_index; OI_not_positions
fed_rates,macro,2026-08-09,164,25,25,1949,1816,0.3760667243867244,154866.17,8118430.87,164,0,0,changing_coverage_not_matched_salience_or_probability_index; OI_not_positions
fed_rates,macro,2026-08-10,218,27,27,2606,2416,0.36036214148959245,635008.4299999999,8537633.67,218,0,0,changing_coverage_not_matched_salience_or_probability_index; OI_not_positions
fed_rates,macro,2026-08-11,233,27,27,3628,3347,0.3596985463096574,1115275.25,11603508.44,233,0,0,changing_coverage_not_matched_salience_or_probability_index; OI_not_positions
fed_rates,macro,2026-08-12,237,27,27,4250,3860,0.35070532426904977,1226264.1,12446699.43,237,0,0,changing_coverage_not_matched_salience_or_probability_index; OI_not_positions
fed_rates,macro,2026-08-13,239,27,27,3012,2730,0.3406414809470365,1226147.77,13213962.51,239,0,0,changing_coverage_not_matched_salience_or_probability_index; OI_not_positions
fed_rates,macro,2026-08-14,239,27,27,3398,3107,0.33905769667575225,1137769.7,14038426.4,239,0,0,changing_coverage_not_matched_salience_or_probability_index; OI_not_positions
fed_rates,macro,2026-08-15,202,27,27,1698,1578,0.36022703222703223,204447.89,14135612.55,202,0,0,changing_coverage_not_matched_salience_or_probability_index; OI_not_positions
fed_rates,macro,2026-08-16,211,27,27,1720,1615,0.3848401325737927,206290.5,14302269.17,211,0,0,changing_coverage_not_matched_salience_or_probability_index; OI_not_positions
fed_rates,macro,2026-08-17,225,27,27,2150,1976,0.3509413793511016,837397.13,14991839.74,225,0,0,changing_coverage_not_matched_salience_or_probability_index; OI_not_positions
fed_rates,macro,2026-08-18,235,27,27,2388,1928,0.3455503128558684,706204.59,15510087.56,235,0,0,changing_coverage_not_matched_salience_or_probability_index; OI_not_positions
fed_rates,macro,2026-08-19,238,27,27,2718,2248,0.3461322350489017,499200.96,15777817.709999999,238,0,0,changing_coverage_not_matched_salience_or_probability_index; OI_not_positions
fed_rates,macro,2026-08-20,239,27,27,2748,2292,0.3396206910373577,495732.5,16153400.07,239,0,0,changing_coverage_not_matched_salience_or_probability_index; OI_not_positions
fed_rates,macro,2026-08-21,238,27,27,2779,2601,0.3386332815695561,871332.24,16755078.64,238,0,0,changing_coverage_not_matched_salience_or_probability_index; OI_not_positions
fed_rates,macro,2026-08-22,188,27,27,2220,2067,0.37240660573993906,291621.23,16372177.71,188,0,0,changing_coverage_not_matched_salience_or_probability_index; OI_not_positions
fed_rates,macro,2026-08-23,192,26,26,1880,1722,0.36699752331002333,208179.61,15866308.47,192,0,0,changing_coverage_not_matched_salience_or_probability_index; OI_not_positions
fed_rates,macro,2026-08-24,213,27,27,2077,1944,0.3752703823953824,921179.74,17745344.29,213,0,0,changing_coverage_not_matched_salience_or_probability_index; OI_not_positions
fed_rates,macro,2026-08-25,202,27,27,2065,1960,0.3815766661322217,1289308.94,18928079.96,202,0,0,changing_coverage_not_matched_salience_or_probability_index; OI_not_positions
fed_rates,macro,2026-08-26,238,27,26,2378,2139,0.35072114850961006,411068.45,19265817.1,238,0,0,changing_coverage_not_matched_salience_or_probability_index; OI_not_positions
fed_rates,macro,2026-08-27,240,27,27,3245,2802,0.35523147839814506,560070.12,19753860.19,240,0,0,changing_coverage_not_matched_salience_or_probability_index; OI_not_positions
fed_rates,macro,2026-08-28,217,27,26,2169,1890,0.3627484321234321,6517020.53,24972339.79,217,0,0,changing_coverage_not_matched_salience_or_probability_index; OI_not_positions
fed_rates,macro,2026-08-29,219,27,27,1833,1594,0.35028038319704985,1472895.83,26127690.7,219,0,0,changing_coverage_not_matched_salience_or_probability_index; OI_not_positions
fed_rates,macro,2026-08-30,209,26,26,2305,1905,0.3858780157750746,722692.8099999999,26679246.45,209,0,0,changing_coverage_not_matched_salience_or_probability_index; OI_not_positions
fed_rates,macro,2026-08-31,237,27,27,2658,2263,0.3554548834123997,2243680.91,28373164.44,237,0,0,changing_coverage_not_matched_salience_or_probability_index; OI_not_positions
fed_rates,macro,2026-09-01,238,27,27,2763,2438,0.35129524862694794,4129205.4,31768803.43,238,0,0,changing_coverage_not_matched_salience_or_probability_index; OI_not_positions
fed_rates,macro,2026-09-02,238,27,27,2558,2284,0.3509219270199662,2220960.32,32897195.85,238,0,0,changing_coverage_not_matched_salience_or_probability_index; OI_not_positions
fed_rates,macro,2026-09-03,238,27,27,2680,2470,0.353055822778045,2995616.02,34399874.0,238,0,0,changing_coverage_not_matched_salience_or_probability_index; OI_not_positions
fed_rates,macro,2026-09-04,228,27,27,2229,2110,0.3503094703650259,2360897.02,34440655.35,228,0,0,changing_coverage_not_matched_salience_or_probability_index; OI_not_positions
fed_rates,macro,2026-09-05,193,27,27,1871,1756,0.3691869688953022,820791.42,36104093.81,193,0,0,changing_coverage_not_matched_salience_or_probability_index; OI_not_positions
fed_rates,macro,2026-09-06,173,27,27,1878,1798,0.376246576211854,1021396.8,34429494.05,173,0,0,changing_coverage_not_matched_salience_or_probability_index; OI_not_positions
fed_rates,macro,2026-09-07,179,27,27,1676,1605,0.3905534979423868,727869.54,34564072.07,179,0,0,changing_coverage_not_matched_salience_or_probability_index; OI_not_positions
fed_rates,mention,2026-07-08,3,3,2,24,10,0.5975,0.0,2628.99,3,3,0,changing_coverage_not_matched_salience_or_probability_index; OI_not_positions
fed_rates,mention,2026-07-09,3,3,3,68,34,0.44833333333333336,52.51,2618.5,3,0,0,changing_coverage_not_matched_salience_or_probability_index; OI_not_positions
fed_rates,mention,2026-07-10,3,3,3,72,35,0.64,14.2,2612.5,3,0,0,changing_coverage_not_matched_salience_or_probability_index; OI_not_positions
fed_rates,mention,2026-07-11,3,3,3,71,45,0.42333333333333334,1.0,2613.5,3,0,0,changing_coverage_not_matched_salience_or_probability_index; OI_not_positions
fed_rates,mention,2026-07-12,3,3,3,68,55,0.6266666666666667,207.35999999999999,2776.86,3,0,0,changing_coverage_not_matched_salience_or_probability_index; OI_not_positions
fed_rates,mention,2026-07-13,4,4,4,72,62,0.57375,657.61,3199.93,4,1,1,changing_coverage_not_matched_salience_or_probability_index; OI_not_positions
fed_rates,mention,2026-07-14,4,4,4,58,54,0.38625,5048.71,6571.7,4,0,0,changing_coverage_not_matched_salience_or_probability_index; OI_not_positions
fed_rates,mention,2026-07-16,1,1,1,8,7,0.4,0.0,0.0,1,1,1,changing_coverage_not_matched_salience_or_probability_index; OI_not_positions
fed_rates,mention,2026-07-17,1,1,1,17,17,0.005,31521.14,30343.38,1,0,0,changing_coverage_not_matched_salience_or_probability_index; OI_not_positions
fed_rates,mention,2026-07-18,1,1,0,4,0,,0.0,0.0,1,1,1,changing_coverage_not_matched_salience_or_probability_index; OI_not_positions
fed_rates,mention,2026-07-19,1,1,1,19,11,0.37,407.56,407.56,1,0,0,changing_coverage_not_matched_salience_or_probability_index; OI_not_positions
fed_rates,mention,2026-07-20,1,1,1,23,23,0.395,624.2,656.2,1,0,0,changing_coverage_not_matched_salience_or_probability_index; OI_not_positions
fed_rates,mention,2026-07-21,1,1,1,14,14,0.005,5624.95,3182.86,1,0,0,changing_coverage_not_matched_salience_or_probability_index; OI_not_positions
fed_rates,mention,2026-07-29,1,1,1,3,2,0.005,4450.45,3290.47,1,1,1,changing_coverage_not_matched_salience_or_probability_index; OI_not_positions
fed_rates,policy,2026-07-08,22,8,8,99,99,0.2363422619047619,1499.69,273703.95,22,12,0,changing_coverage_not_matched_salience_or_probability_index; OI_not_positions
fed_rates,policy,2026-07-09,33,8,8,328,328,0.21552722537878788,11533.14,310877.98,33,0,0,changing_coverage_not_matched_salience_or_probability_index; OI_not_positions
fed_rates,policy,2026-07-10,27,8,8,361,361,0.20823177083333333,4130.07,208758.95,27,0,0,changing_coverage_not_matched_salience_or_probability_index; OI_not_positions
fed_rates,policy,2026-07-11,25,7,7,283,283,0.23774829931972788,2516.13,284788.29,25,0,0,changing_coverage_not_matched_salience_or_probability_index; OI_not_positions
fed_rates,policy,2026-07-12,26,8,8,158,158,0.3310052083333333,924.39,255842.69,26,0,0,changing_coverage_not_matched_salience_or_probability_index; OI_not_positions
fed_rates,policy,2026-07-13,31,9,9,144,144,0.2920259259259259,3330.58,308109.94,31,0,0,changing_coverage_not_matched_salience_or_probability_index; OI_not_positions
fed_rates,policy,2026-07-14,30,8,8,138,138,0.3181868235930736,3079.78,314921.68,30,0,0,changing_coverage_not_matched_salience_or_probability_index; OI_not_positions
fed_rates,policy,2026-07-15,26,8,8,139,139,0.3070234375,7653.4,275016.63,26,0,0,changing_coverage_not_matched_salience_or_probability_index; OI_not_positions
fed_rates,policy,2026-07-16,27,8,8,198,198,0.3193206845238095,4497.49,305114.85,27,0,0,changing_coverage_not_matched_salience_or_probability_index; OI_not_positions
fed_rates,policy,2026-07-17,27,9,9,214,214,0.2852291666666667,520.4,313827.93,27,0,0,changing_coverage_not_matched_salience_or_probability_index; OI_not_positions
fed_rates,policy,2026-07-18,28,9,9,177,177,0.19205324074074073,1373.1,268874.78,28,0,0,changing_coverage_not_matched_salience_or_probability_index; OI_not_positions
fed_rates,policy,2026-07-19,18,6,6,99,99,0.19221428571428573,1874.96,281228.05,18,0,0,changing_coverage_not_matched_salience_or_probability_index; OI_not_positions
fed_rates,policy,2026-07-20,25,7,7,166,165,0.2998399814471243,5061.139999999999,317992.33,25,0,0,changing_coverage_not_matched_salience_or_probability_index; OI_not_positions
fed_rates,policy,2026-07-21,27,8,8,182,182,0.2102951388888889,9530.18,301038.01,27,0,0,changing_coverage_not_matched_salience_or_probability_index; OI_not_positions
fed_rates,policy,2026-07-22,32,9,9,204,204,0.20253086419753086,10779.75,303243.59,32,4,1,changing_coverage_not_matched_salience_or_probability_index; OI_not_positions
fed_rates,policy,2026-07-23,35,10,10,260,254,0.28637083333333335,7995.13,324806.62,35,0,0,changing_coverage_not_matched_salience_or_probability_index; OI_not_positions
fed_rates,policy,2026-07-24,33,10,10,268,268,0.29635,15400.67,255270.96,33,0,0,changing_coverage_not_matched_salience_or_probability_index; OI_not_positions
fed_rates,policy,2026-07-25,31,9,9,237,237,0.31597089947089946,6889.09,324917.99,31,0,0,changing_coverage_not_matched_salience_or_probability_index; OI_not_positions
fed_rates,policy,2026-07-26,30,9,9,208,208,0.3150722222222222,7292.29,244958.31,30,0,0,changing_coverage_not_matched_salience_or_probability_index; OI_not_positions
fed_rates,policy,2026-07-27,31,10,10,226,226,0.23936363636363636,526.88,341760.52999999997,31,0,0,changing_coverage_not_matched_salience_or_probability_index; OI_not_positions
fed_rates,policy,2026-07-28,35,11,11,277,277,0.2654166666666667,1165.37,329541.2,35,0,0,changing_coverage_not_matched_salience_or_probability_index; OI_not_positions
fed_rates,policy,2026-07-29,32,10,10,214,214,0.2800475,2402.1,318008.69,32,0,0,changing_coverage_not_matched_salience_or_probability_index; OI_not_positions
fed_rates,policy,2026-07-30,37,10,10,304,304,0.27099833333333334,3029.27,334631.55,37,0,0,changing_coverage_not_matched_salience_or_probability_index; OI_not_positions
fed_rates,policy,2026-07-31,36,10,10,275,275,0.26933901515151515,470.96,328330.82,36,0,0,changing_coverage_not_matched_salience_or_probability_index; OI_not_positions
fed_rates,policy,2026-08-01,31,9,9,212,212,0.309475,1873.1299999999999,322587.58,31,0,0,changing_coverage_not_matched_salience_or_probability_index; OI_not_positions
fed_rates,policy,2026-08-02,25,10,10,169,169,0.24684722222222222,1970.8799999999999,246563.57,25,0,0,changing_coverage_not_matched_salience_or_probability_index; OI_not_positions
fed_rates,policy,2026-08-03,31,10,10,194,194,0.27196944444444443,1651.24,260583.59,31,0,0,changing_coverage_not_matched_salience_or_probability_index; OI_not_positions
fed_rates,policy,2026-08-04,31,9,9,209,209,0.29926296296296295,3340.7400000000002,251293.65,31,0,0,changing_coverage_not_matched_salience_or_probability_index; OI_not_positions
fed_rates,policy,2026-08-05,26,8,8,186,186,0.3247276785714286,296.13,189443.36,26,0,0,changing_coverage_not_matched_salience_or_probability_index; OI_not_positions
fed_rates,policy,2026-08-06,33,10,10,194,194,0.267394696969697,420.68,257757.08,33,0,0,changing_coverage_not_matched_salience_or_probability_index; OI_not_positions
fed_rates,policy,2026-08-07,34,9,9,237,232,0.33455555555555555,10148.57,260118.61,34,2,0,changing_coverage_not_matched_salience_or_probability_index; OI_not_positions
fed_rates,policy,2026-08-08,32,9,9,245,245,0.3286425925925926,2821.96,247682.66,32,0,0,changing_coverage_not_matched_salience_or_probability_index; OI_not_positions
fed_rates,policy,2026-08-09,32,9,9,221,221,0.31705185185185186,2251.74,247574.8,32,0,0,changing_coverage_not_matched_salience_or_probability_index; OI_not_positions
fed_rates,policy,2026-08-10,37,10,10,287,287,0.3050232142857143,1972.21,278780.98,37,0,0,changing_coverage_not_matched_salience_or_probability_index; OI_not_positions
fed_rates,policy,2026-08-11,38,10,10,375,358,0.3012415584415584,3664.2,286338.69,38,0,0,changing_coverage_not_matched_salience_or_probability_index; OI_not_positions
fed_rates,policy,2026-08-12,39,10,10,450,364,0.2957416666666667,2137.89,288709.81,39,0,0,changing_coverage_not_matched_salience_or_probability_index; OI_not_positions
fed_rates,policy,2026-08-13,38,10,10,366,332,0.29244404761904763,2174.65,280505.41,38,0,0,changing_coverage_not_matched_salience_or_probability_index; OI_not_positions
fed_rates,policy,2026-08-14,36,10,10,332,318,0.30939935064935065,3294.41,268914.52,36,0,0,changing_coverage_not_matched_salience_or_probability_index; OI_not_positions
fed_rates,policy,2026-08-15,24,9,9,121,121,0.3153425925925926,609.16,212486.03999999998,24,0,0,changing_coverage_not_matched_salience_or_probability_index; OI_not_positions
fed_rates,policy,2026-08-16,29,10,10,185,180,0.3099109523809524,3078.72,258271.15,29,0,0,changing_coverage_not_matched_salience_or_probability_index; OI_not_positions
fed_rates,policy,2026-08-17,27,9,9,243,231,0.3331984126984127,1679.31,260203.38999999998,27,0,0,changing_coverage_not_matched_salience_or_probability_index; OI_not_positions
fed_rates,policy,2026-08-18,35,11,11,223,223,0.2843382526564345,428.46,275955.83999999997,35,0,0,changing_coverage_not_matched_salience_or_probability_index; OI_not_positions
fed_rates,policy,2026-08-19,36,10,10,344,335,0.31852597402597405,2272.38,249207.35,36,0,1,changing_coverage_not_matched_salience_or_probability_index; OI_not_positions
fed_rates,policy,2026-08-20,37,11,11,351,329,0.28743683589138136,239.76000000000002,262273.1,37,0,0,changing_coverage_not_matched_salience_or_probability_index; OI_not_positions
fed_rates,policy,2026-08-21,40,12,12,369,369,0.2698867243867244,1324.7,277549.73,40,0,0,changing_coverage_not_matched_salience_or_probability_index; OI_not_positions
fed_rates,policy,2026-08-22,29,12,12,283,283,0.2778,206.71,246091.29,29,0,0,changing_coverage_not_matched_salience_or_probability_index; OI_not_positions
fed_rates,policy,2026-08-23,29,11,11,196,196,0.28875757575757577,1113.25,237877.25,29,0,0,changing_coverage_not_matched_salience_or_probability_index; OI_not_positions
fed_rates,policy,2026-08-24,38,12,12,200,200,0.2680034722222222,249.32,269373.13,38,0,0,changing_coverage_not_matched_salience_or_probability_index; OI_not_positions
fed_rates,policy,2026-08-25,31,11,11,214,214,0.3019816017316017,2133.68,264964.74,31,0,0,changing_coverage_not_matched_salience_or_probability_index; OI_not_positions
fed_rates,policy,2026-08-26,35,10,10,269,268,0.3299316666666667,904.99,251142.01,35,0,0,changing_coverage_not_matched_salience_or_probability_index; OI_not_positions
fed_rates,policy,2026-08-27,40,11,11,414,353,0.2946038961038961,356.82,285372.43,40,0,0,changing_coverage_not_matched_salience_or_probability_index; OI_not_positions
fed_rates,policy,2026-08-28,32,11,11,236,236,0.23175021645021646,6159.2699999999995,266573.84,32,0,0,changing_coverage_not_matched_salience_or_probability_index; OI_not_positions
fed_rates,policy,2026-08-29,29,9,9,181,181,0.32978148148148145,1612.48,232859.22,29,0,0,changing_coverage_not_matched_salience_or_probability_index; OI_not_positions
fed_rates,policy,2026-08-30,32,10,10,219,198,0.20181666666666667,719.95,249350.21,32,0,0,changing_coverage_not_matched_salience_or_probability_index; OI_not_positions
fed_rates,policy,2026-08-31,34,11,11,234,211,0.3033590909090909,4801.74,260418.09,34,0,0,changing_coverage_not_matched_salience_or_probability_index; OI_not_positions
fed_rates,policy,2026-09-01,38,12,12,218,216,0.2779333333333333,2917.26,272136.21,38,0,0,changing_coverage_not_matched_salience_or_probability_index; OI_not_positions
fed_rates,policy,2026-09-02,35,12,12,195,195,0.3047611111111111,8914.35,275433.14,35,0,0,changing_coverage_not_matched_salience_or_probability_index; OI_not_positions
fed_rates,policy,2026-09-03,36,12,12,304,272,0.30164861111111113,1531.46,275184.02,36,0,0,changing_coverage_not_matched_salience_or_probability_index; OI_not_positions
fed_rates,policy,2026-09-04,35,12,12,160,160,0.3023763888888889,576.12,275186.1,35,0,0,changing_coverage_not_matched_salience_or_probability_index; OI_not_positions
fed_rates,policy,2026-09-05,19,8,8,99,99,0.3447875,883.15,244549.36,19,0,0,changing_coverage_not_matched_salience_or_probability_index; OI_not_positions
fed_rates,policy,2026-09-06,24,9,9,89,89,0.38177037037037037,1966.95,250602.72,24,0,0,changing_coverage_not_matched_salience_or_probability_index; OI_not_positions
fed_rates,policy,2026-09-07,14,8,8,49,49,0.353125,349.02,179569.72,14,0,0,changing_coverage_not_matched_salience_or_probability_index; OI_not_positions
healthcare,mention,2026-07-08,2,1,1,8,8,0.995,14442.19,14008.04,2,2,0,changing_coverage_not_matched_salience_or_probability_index; OI_not_positions
healthcare,mention,2026-07-10,1,1,1,8,8,0.305,0.0,0.0,1,1,1,changing_coverage_not_matched_salience_or_probability_index; OI_not_positions
healthcare,mention,2026-07-11,1,1,1,23,23,0.14,122.72,122.7,1,0,0,changing_coverage_not_matched_salience_or_probability_index; OI_not_positions
healthcare,mention,2026-07-12,1,1,1,6,6,0.005,3113.62,3202.17,1,0,0,changing_coverage_not_matched_salience_or_probability_index; OI_not_positions
healthcare,mention,2026-07-13,1,1,1,2,2,0.005,514.3399999999999,3716.51,1,0,0,changing_coverage_not_matched_salience_or_probability_index; OI_not_positions
healthcare,mention,2026-07-14,2,1,1,8,6,0.51,2414.88,2103.77,2,2,1,changing_coverage_not_matched_salience_or_probability_index; OI_not_positions
healthcare,mention,2026-07-15,3,2,2,5,5,0.2775,4707.28,5701.28,3,1,1,changing_coverage_not_matched_salience_or_probability_index; OI_not_positions
healthcare,mention,2026-07-16,4,3,3,28,26,0.07166666666666667,5036.02,4500.08,4,3,2,changing_coverage_not_matched_salience_or_probability_index; OI_not_positions
healthcare,mention,2026-07-17,3,2,1,15,9,0.005,6899.22,5177.65,3,1,1,changing_coverage_not_matched_salience_or_probability_index; OI_not_positions
healthcare,mention,2026-07-18,1,1,0,17,0,,0.0,0.0,1,0,0,changing_coverage_not_matched_salience_or_probability_index; OI_not_positions
healthcare,mention,2026-07-19,1,1,1,24,3,0.26,0.0,0.0,1,0,0,changing_coverage_not_matched_salience_or_probability_index; OI_not_positions
healthcare,mention,2026-07-20,3,3,3,36,25,0.43833333333333335,118.95,118.95,3,2,3,changing_coverage_not_matched_salience_or_probability_index; OI_not_positions
healthcare,mention,2026-07-21,6,6,5,81,64,0.54,3953.65,3276.2,6,1,2,changing_coverage_not_matched_salience_or_probability_index; OI_not_positions
healthcare,mention,2026-07-22,6,6,6,86,78,0.5625,3792.4700000000003,4834.98,6,1,1,changing_coverage_not_matched_salience_or_probability_index; OI_not_positions
healthcare,mention,2026-07-23,6,6,6,80,77,0.40249999999999997,5857.09,7209.9400000000005,6,0,1,changing_coverage_not_matched_salience_or_probability_index; OI_not_positions
healthcare,mention,2026-07-24,4,4,4,67,64,0.635,3989.0299999999997,4593.759999999999,4,0,0,changing_coverage_not_matched_salience_or_probability_index; OI_not_positions
healthcare,mention,2026-07-25,3,3,3,38,38,0.52,175.04,1645.39,3,0,0,changing_coverage_not_matched_salience_or_probability_index; OI_not_positions
healthcare,mention,2026-07-26,3,3,3,29,29,0.515,31.48,1661.8700000000001,3,0,0,changing_coverage_not_matched_salience_or_probability_index; OI_not_positions
healthcare,mention,2026-07-27,3,3,3,35,35,0.46166666666666667,1040.27,2678.81,3,0,0,changing_coverage_not_matched_salience_or_probability_index; OI_not_positions
healthcare,mention,2026-07-28,3,3,3,32,31,0.7566666666666667,51578.82,30717.92,3,0,0,changing_coverage_not_matched_salience_or_probability_index; OI_not_positions
healthcare,mention,2026-07-29,3,3,3,21,21,0.565,698.8000000000001,1106.71,3,1,1,changing_coverage_not_matched_salience_or_probability_index; OI_not_positions
healthcare,mention,2026-07-30,4,4,4,36,34,0.6325,7247.16,6928.56,4,1,1,changing_coverage_not_matched_salience_or_probability_index; OI_not_positions
healthcare,mention,2026-07-31,3,3,3,47,46,0.615,799.83,1101.6000000000001,3,0,0,changing_coverage_not_matched_salience_or_probability_index; OI_not_positions
healthcare,mention,2026-08-01,3,3,3,56,56,0.6216666666666667,298.53,1303.46,3,0,0,changing_coverage_not_matched_salience_or_probability_index; OI_not_positions
healthcare,mention,2026-08-02,3,3,3,72,72,0.6366666666666667,1589.0,2228.94,3,0,0,changing_coverage_not_matched_salience_or_probability_index; OI_not_positions
healthcare,mention,2026-08-03,4,4,4,74,74,0.56375,5844.74,6639.25,4,1,1,changing_coverage_not_matched_salience_or_probability_index; OI_not_positions
healthcare,mention,2026-08-04,3,3,3,27,27,0.5833333333333334,2169.66,4060.5099999999998,3,0,0,changing_coverage_not_matched_salience_or_probability_index; OI_not_positions
healthcare,mention,2026-08-05,1,1,1,14,14,0.995,850.37,1316.9,1,0,0,changing_coverage_not_matched_salience_or_probability_index; OI_not_positions
healthcare,mention,2026-08-06,2,2,1,11,10,0.135,49.08,49.08,2,2,2,changing_coverage_not_matched_salience_or_probability_index; OI_not_positions
healthcare,mention,2026-08-07,4,3,3,31,28,0.125,3462.75,3299.22,4,2,1,changing_coverage_not_matched_salience_or_probability_index; OI_not_positions
healthcare,mention,2026-08-08,2,1,1,30,30,0.005,17409.54,15720.880000000001,2,0,0,changing_coverage_not_matched_salience_or_probability_index; OI_not_positions
healthcare,mention,2026-08-10,1,1,1,7,3,0.67,6.0,6.0,1,1,1,changing_coverage_not_matched_salience_or_probability_index; OI_not_positions
healthcare,mention,2026-08-11,3,3,2,47,42,0.2675,6874.97,4655.96,3,2,2,changing_coverage_not_matched_salience_or_probability_index; OI_not_positions
healthcare,mention,2026-08-12,4,4,4,35,34,0.28375,5851.81,8678.369999999999,4,1,1,changing_coverage_not_matched_salience_or_probability_index; OI_not_positions
healthcare,mention,2026-08-13,4,4,4,49,44,0.37,8350.36,11500.38,4,2,2,changing_coverage_not_matched_salience_or_probability_index; OI_not_positions
healthcare,mention,2026-08-14,2,2,2,45,45,0.62,48435.74,37684.59,2,0,0,changing_coverage_not_matched_salience_or_probability_index; OI_not_positions
healthcare,mention,2026-08-15,1,1,1,23,23,0.245,124.74,213.68,1,0,0,changing_coverage_not_matched_salience_or_probability_index; OI_not_positions
healthcare,mention,2026-08-16,1,1,1,23,23,0.245,252.8,409.53,1,0,0,changing_coverage_not_matched_salience_or_probability_index; OI_not_positions
healthcare,mention,2026-08-17,2,2,2,26,26,0.34,4511.5,4022.53,2,1,1,changing_coverage_not_matched_salience_or_probability_index; OI_not_positions
healthcare,mention,2026-08-18,5,5,4,15,12,0.5625,8718.51,8166.21,5,4,4,changing_coverage_not_matched_salience_or_probability_index; OI_not_positions
healthcare,mention,2026-08-19,4,4,4,60,54,0.4225,12298.19,12113.130000000001,4,0,1,changing_coverage_not_matched_salience_or_probability_index; OI_not_positions
healthcare,mention,2026-08-20,4,4,4,54,54,0.715,7538.74,13606.61,4,0,1,changing_coverage_not_matched_salience_or_probability_index; OI_not_positions
healthcare,mention,2026-08-21,4,4,4,54,53,0.62,32006.45,32577.68,4,1,1,changing_coverage_not_matched_salience_or_probability_index; OI_not_positions
healthcare,mention,2026-08-22,2,2,2,25,24,0.79,20045.68,38966.21,2,0,0,changing_coverage_not_matched_salience_or_probability_index; OI_not_positions
healthcare,mention,2026-08-23,1,1,1,20,20,0.55,432.85,942.83,1,0,0,changing_coverage_not_matched_salience_or_probability_index; OI_not_positions
healthcare,mention,2026-08-24,1,1,1,17,17,0.995,10943.98,4882.63,1,0,0,changing_coverage_not_matched_salience_or_probability_index; OI_not_positions
healthcare,mention,2026-08-25,2,2,2,6,6,0.7,1037.67,1037.67,2,0,2,changing_coverage_not_matched_salience_or_probability_index; OI_not_positions
healthcare,mention,2026-08-26,3,3,3,15,14,0.515,4857.98,5389.94,3,1,1,changing_coverage_not_matched_salience_or_probability_index; OI_not_positions
healthcare,mention,2026-08-27,5,4,4,27,15,0.6525,4061.49,4071.5,5,3,4,changing_coverage_not_matched_salience_or_probability_index; OI_not_positions
healthcare,mention,2026-08-28,5,4,4,49,49,0.90625,8948.0,8049.99,5,0,1,changing_coverage_not_matched_salience_or_probability_index; OI_not_positions
healthcare,mention,2026-08-29,2,2,2,13,13,0.845,325.59,2107.58,2,0,0,changing_coverage_not_matched_salience_or_probability_index; OI_not_positions
healthcare,mention,2026-08-30,1,1,1,23,23,0.7,55.99,819.63,1,0,0,changing_coverage_not_matched_salience_or_probability_index; OI_not_positions
healthcare,mention,2026-08-31,2,2,2,27,25,0.855,6953.65,6558.01,2,1,1,changing_coverage_not_matched_salience_or_probability_index; OI_not_positions
healthcare,mention,2026-09-02,2,2,1,6,5,0.79,73.39,73.39,2,1,2,changing_coverage_not_matched_salience_or_probability_index; OI_not_positions
healthcare,mention,2026-09-03,2,2,2,18,16,0.995,8407.42,5603.44,2,0,0,changing_coverage_not_matched_salience_or_probability_index; OI_not_positions
healthcare,policy,2026-07-08,2,2,2,9,9,0.0565,228.0,46799.26,2,1,0,changing_coverage_not_matched_salience_or_probability_index; OI_not_positions
healthcare,policy,2026-07-09,3,3,3,24,24,0.07816666666666666,80.0,47721.25,3,0,0,changing_coverage_not_matched_salience_or_probability_index; OI_not_positions
healthcare,policy,2026-07-10,3,3,3,23,23,0.07816666666666666,0.0,47721.25,3,0,0,changing_coverage_not_matched_salience_or_probability_index; OI_not_positions
healthcare,policy,2026-07-11,3,3,3,19,19,0.07766666666666666,1.0,47721.25,3,0,0,changing_coverage_not_matched_salience_or_probability_index; OI_not_positions
healthcare,policy,2026-07-12,2,2,2,9,9,0.10225000000000001,0.0,2023.3400000000001,2,0,0,changing_coverage_not_matched_salience_or_probability_index; OI_not_positions
healthcare,policy,2026-07-13,1,1,1,1,1,0.084,0.0,1021.35,1,0,1,changing_coverage_not_matched_salience_or_probability_index; OI_not_positions
healthcare,policy,2026-07-14,9,4,4,142,142,0.189625,156.48000000000002,47737.73,9,0,0,changing_coverage_not_matched_salience_or_probability_index; OI_not_positions
healthcare,policy,2026-07-15,9,4,4,151,151,0.187,178.52,47644.25,9,0,0,changing_coverage_not_matched_salience_or_probability_index; OI_not_positions
healthcare,policy,2026-07-16,8,3,3,155,155,0.19866666666666666,4658.49,42854.83,8,0,0,changing_coverage_not_matched_salience_or_probability_index; OI_not_positions
healthcare,policy,2026-07-17,8,3,3,161,161,0.237,3008.2599999999998,44741.72,8,0,0,changing_coverage_not_matched_salience_or_probability_index; OI_not_positions
healthcare,policy,2026-07-18,7,2,2,166,166,0.30025,205.93,43752.73,7,0,0,changing_coverage_not_matched_salience_or_probability_index; OI_not_positions
healthcare,policy,2026-07-19,8,3,3,99,99,0.23883333333333334,33.01,44744.71,8,0,0,changing_coverage_not_matched_salience_or_probability_index; OI_not_positions
healthcare,policy,2026-07-20,9,4,4,37,37,0.19108333333333333,29.0,45751.56,9,0,0,changing_coverage_not_matched_salience_or_probability_index; OI_not_positions
healthcare,policy,2026-07-21,5,2,2,44,44,0.391125,105.0,43626.770000000004,5,0,0,changing_coverage_not_matched_salience_or_probability_index; OI_not_positions
healthcare,policy,2026-07-22,12,5,5,90,90,0.30726666666666663,327.53000000000003,44891.64,12,4,2,changing_coverage_not_matched_salience_or_probability_index; OI_not_positions
healthcare,policy,2026-07-23,12,5,5,140,140,0.30773333333333336,320.64,45129.46,12,0,0,changing_coverage_not_matched_salience_or_probability_index; OI_not_positions
healthcare,policy,2026-07-24,13,6,6,140,140,0.26075,348.0,46350.81,13,0,0,changing_coverage_not_matched_salience_or_probability_index; OI_not_positions
healthcare,policy,2026-07-25,11,5,5,129,129,0.3183,57.0,45325.020000000004,11,0,0,changing_coverage_not_matched_salience_or_probability_index; OI_not_positions
healthcare,policy,2026-07-26,9,5,5,36,36,0.3435666666666667,1310.0,46255.94,9,0,0,changing_coverage_not_matched_salience_or_probability_index; OI_not_positions
healthcare,policy,2026-07-27,5,4,4,18,18,0.266375,387.88,45882.659999999996,5,0,0,changing_coverage_not_matched_salience_or_probability_index; OI_not_positions
healthcare,policy,2026-07-28,12,5,5,67,67,0.29536666666666667,64.27,46029.34,12,0,0,changing_coverage_not_matched_salience_or_probability_index; OI_not_positions
healthcare,policy,2026-07-29,9,5,5,48,48,0.3451,0.0,46012.89,9,0,0,changing_coverage_not_matched_salience_or_probability_index; OI_not_positions
healthcare,policy,2026-07-30,12,5,5,62,62,0.2840666666666667,42.24,45989.34,12,0,0,changing_coverage_not_matched_salience_or_probability_index; OI_not_positions
healthcare,policy,2026-07-31,9,3,3,41,41,0.43183333333333335,191.39000000000001,2026.88,9,0,0,changing_coverage_not_matched_salience_or_probability_index; OI_not_positions
healthcare,policy,2026-08-01,11,6,6,27,27,0.22416666666666668,31.91,46971.72,11,0,0,changing_coverage_not_matched_salience_or_probability_index; OI_not_positions
healthcare,policy,2026-08-02,4,3,3,17,17,0.3155,306.0,2667.52,4,0,0,changing_coverage_not_matched_salience_or_probability_index; OI_not_positions
healthcare,policy,2026-08-03,7,3,3,29,29,0.3729166666666667,50.0,2242.5099999999998,7,0,0,changing_coverage_not_matched_salience_or_probability_index; OI_not_positions
healthcare,policy,2026-08-04,12,5,5,65,65,0.26033333333333336,464.72,46907.200000000004,12,0,0,changing_coverage_not_matched_salience_or_probability_index; OI_not_positions
healthcare,policy,2026-08-05,8,4,4,60,60,0.2998125,554.1899999999999,45629.990000000005,8,0,0,changing_coverage_not_matched_salience_or_probability_index; OI_not_positions
healthcare,policy,2026-08-06,12,6,6,73,73,0.23274999999999998,0.0,48118.780000000006,12,0,0,changing_coverage_not_matched_salience_or_probability_index; OI_not_positions
healthcare,policy,2026-08-07,12,5,5,64,64,0.2462,20.16,47133.99,12,0,0,changing_coverage_not_matched_salience_or_probability_index; OI_not_positions
healthcare,policy,2026-08-08,11,5,5,48,48,0.268,0.0,47081.99,11,0,0,changing_coverage_not_matched_salience_or_probability_index; OI_not_positions
healthcare,policy,2026-08-09,11,5,5,35,35,0.2693,218.15,47126.86,11,0,0,changing_coverage_not_matched_salience_or_probability_index; OI_not_positions
healthcare,policy,2026-08-10,8,6,6,26,25,0.17916666666666667,69.66,48004.64,8,0,0,changing_coverage_not_matched_salience_or_probability_index; OI_not_positions
healthcare,policy,2026-08-11,13,6,6,54,50,0.18380555555555556,677.89,48364.759999999995,13,0,0,changing_coverage_not_matched_salience_or_probability_index; OI_not_positions
healthcare,policy,2026-08-12,13,6,6,140,105,0.22816666666666668,539.03,48888.479999999996,13,0,0,changing_coverage_not_matched_salience_or_probability_index; OI_not_positions
healthcare,policy,2026-08-13,13,6,6,107,85,0.22002777777777777,1297.3999999999999,49903.10999999999,13,0,0,changing_coverage_not_matched_salience_or_probability_index; OI_not_positions
healthcare,policy,2026-08-14,13,6,6,162,151,0.2216388888888889,31.52,49903.10999999999,13,0,0,changing_coverage_not_matched_salience_or_probability_index; OI_not_positions
healthcare,policy,2026-08-15,11,5,5,60,59,0.27836666666666665,0.0,48829.009999999995,11,0,0,changing_coverage_not_matched_salience_or_probability_index; OI_not_positions
healthcare,policy,2026-08-16,9,4,3,34,33,0.2866666666666667,1395.6499999999999,46689.020000000004,9,0,0,changing_coverage_not_matched_salience_or_probability_index; OI_not_positions
healthcare,policy,2026-08-17,11,5,5,68,68,0.19116666666666668,73.06,49419.23,11,0,0,changing_coverage_not_matched_salience_or_probability_index; OI_not_positions
healthcare,policy,2026-08-18,13,6,6,50,50,0.20783333333333334,17.0,50584.6,13,0,0,changing_coverage_not_matched_salience_or_probability_index; OI_not_positions
healthcare,policy,2026-08-19,12,6,6,94,84,0.26125,8.55,48725.53,12,0,0,changing_coverage_not_matched_salience_or_probability_index; OI_not_positions
healthcare,policy,2026-08-20,13,6,6,82,74,0.20958333333333334,110.0,50576.049999999996,13,0,0,changing_coverage_not_matched_salience_or_probability_index; OI_not_positions
healthcare,policy,2026-08-21,13,6,6,105,105,0.20944444444444446,0.0,50576.049999999996,13,0,0,changing_coverage_not_matched_salience_or_probability_index; OI_not_positions
healthcare,policy,2026-08-22,10,5,5,70,70,0.32863333333333333,113.21,47774.64,10,0,0,changing_coverage_not_matched_salience_or_probability_index; OI_not_positions
healthcare,policy,2026-08-23,10,5,5,53,53,0.33226666666666665,107.60000000000001,47841.37,10,0,0,changing_coverage_not_matched_salience_or_probability_index; OI_not_positions
healthcare,policy,2026-08-24,11,6,6,48,48,0.28161111111111115,5.0,48861.47,11,0,0,changing_coverage_not_matched_salience_or_probability_index; OI_not_positions
healthcare,policy,2026-08-25,11,5,5,40,40,0.26439999999999997,34.0,49645.89,11,0,0,changing_coverage_not_matched_salience_or_probability_index; OI_not_positions
healthcare,policy,2026-08-26,13,6,6,61,58,0.21422222222222223,0.0,50719.99,13,0,0,changing_coverage_not_matched_salience_or_probability_index; OI_not_positions
healthcare,policy,2026-08-27,13,6,6,138,125,0.2086111111111111,0.0,50719.99,13,0,0,changing_coverage_not_matched_salience_or_probability_index; OI_not_positions
healthcare,policy,2026-08-28,12,6,6,83,83,0.22969444444444442,0.0,50667.99,12,0,0,changing_coverage_not_matched_salience_or_probability_index; OI_not_positions
healthcare,policy,2026-08-29,11,6,6,64,64,0.244,147.73,50520.34,11,0,0,changing_coverage_not_matched_salience_or_probability_index; OI_not_positions
healthcare,policy,2026-08-30,11,5,5,55,55,0.25923333333333337,0.0,49504.68,11,0,0,changing_coverage_not_matched_salience_or_probability_index; OI_not_positions
healthcare,policy,2026-08-31,13,6,6,65,65,0.20675,0.0,50578.78,13,0,0,changing_coverage_not_matched_salience_or_probability_index; OI_not_positions
healthcare,policy,2026-09-01,11,6,6,82,82,0.2816111111111111,6.2,48680.06,11,0,0,changing_coverage_not_matched_salience_or_probability_index; OI_not_positions
healthcare,policy,2026-09-02,11,6,6,58,58,0.2827222222222222,0.0,48680.06,11,0,0,changing_coverage_not_matched_salience_or_probability_index; OI_not_positions
healthcare,policy,2026-09-03,11,6,6,118,85,0.2788888888888889,0.0,48680.06,11,0,0,changing_coverage_not_matched_salience_or_probability_index; OI_not_positions
healthcare,policy,2026-09-04,12,7,7,64,64,0.2636428571428571,0.74,48680.8,12,0,1,changing_coverage_not_matched_salience_or_probability_index; OI_not_positions
healthcare,policy,2026-09-05,8,6,6,52,52,0.4067222222222222,1960.68,48994.74,8,0,0,changing_coverage_not_matched_salience_or_probability_index; OI_not_positions
healthcare,policy,2026-09-06,9,6,6,48,48,0.421375,35.22,49040.97,9,0,0,changing_coverage_not_matched_salience_or_probability_index; OI_not_positions
healthcare,policy,2026-09-07,9,6,6,34,34,0.3147083333333333,60.76,49913.56,9,0,0,changing_coverage_not_matched_salience_or_probability_index; OI_not_positions
housing,macro,2026-07-08,13,3,3,61,61,0.5263888888888889,427.16,8437.66,13,11,0,changing_coverage_not_matched_salience_or_probability_index; OI_not_positions
housing,macro,2026-07-09,25,4,4,184,169,0.5655580357142858,1672.6299999999999,10878.619999999999,25,0,1,changing_coverage_not_matched_salience_or_probability_index; OI_not_positions
housing,macro,2026-07-10,21,3,3,251,251,0.4897916666666667,1346.73,18339.62,21,0,0,changing_coverage_not_matched_salience_or_probability_index; OI_not_positions
housing,macro,2026-07-11,19,3,3,256,256,0.508888888888889,219.05,12560.42,19,0,0,changing_coverage_not_matched_salience_or_probability_index; OI_not_positions
housing,macro,2026-07-12,20,3,3,239,239,0.5008333333333334,194.37,15483.63,20,0,0,changing_coverage_not_matched_salience_or_probability_index; OI_not_positions
housing,macro,2026-07-13,13,3,3,170,170,0.5877777777777777,158.57,7256.06,13,0,0,changing_coverage_not_matched_salience_or_probability_index; OI_not_positions
housing,macro,2026-07-14,14,3,3,201,201,0.5033333333333333,425.61,10181.11,14,0,0,changing_coverage_not_matched_salience_or_probability_index; OI_not_positions
housing,macro,2026-07-15,19,3,3,225,216,0.5707407407407408,905.75,8277.32,19,9,1,changing_coverage_not_matched_salience_or_probability_index; OI_not_positions
housing,macro,2026-07-16,30,4,4,357,357,0.5111631944444445,2599.42,21582.06,30,0,0,changing_coverage_not_matched_salience_or_probability_index; OI_not_positions
housing,macro,2026-07-17,28,4,4,431,431,0.48630208333333336,6269.38,18074.43,28,0,0,changing_coverage_not_matched_salience_or_probability_index; OI_not_positions
housing,macro,2026-07-18,27,4,4,400,400,0.5192013888888889,3474.34,20116.57,27,0,0,changing_coverage_not_matched_salience_or_probability_index; OI_not_positions
housing,macro,2026-07-19,26,4,4,322,322,0.49675,2005.04,17981.74,26,0,0,changing_coverage_not_matched_salience_or_probability_index; OI_not_positions
housing,macro,2026-07-20,21,4,4,262,262,0.54765625,1295.31,10624.710000000001,21,0,0,changing_coverage_not_matched_salience_or_probability_index; OI_not_positions
housing,macro,2026-07-21,21,4,4,269,269,0.5543333333333333,1200.18,12905.7,21,0,0,changing_coverage_not_matched_salience_or_probability_index; OI_not_positions
housing,macro,2026-07-22,24,4,4,322,322,0.5629375,2494.61,24073.77,24,0,0,changing_coverage_not_matched_salience_or_probability_index; OI_not_positions
housing,macro,2026-07-23,29,4,4,318,318,0.5555972222222222,2360.99,26587.53,29,0,0,changing_coverage_not_matched_salience_or_probability_index; OI_not_positions
housing,macro,2026-07-24,36,5,4,218,209,0.5721919642857143,7735.98,29987.6,36,8,1,changing_coverage_not_matched_salience_or_probability_index; OI_not_positions
housing,macro,2026-07-25,24,4,4,120,112,0.68265625,474.58,17747.670000000002,24,0,0,changing_coverage_not_matched_salience_or_probability_index; OI_not_positions
housing,macro,2026-07-26,24,4,4,97,97,0.60575,389.58,15545.07,24,0,0,changing_coverage_not_matched_salience_or_probability_index; OI_not_positions
housing,macro,2026-07-27,20,4,4,92,92,0.5220972222222222,415.74,18446.86,20,0,0,changing_coverage_not_matched_salience_or_probability_index; OI_not_positions
housing,macro,2026-07-28,27,4,4,164,164,0.55090625,554.77,18490.65,27,0,0,changing_coverage_not_matched_salience_or_probability_index; OI_not_positions
housing,macro,2026-07-29,23,4,4,172,172,0.59328125,741.19,17886.3,23,0,0,changing_coverage_not_matched_salience_or_probability_index; OI_not_positions
housing,macro,2026-07-30,27,4,4,208,208,0.5707321428571428,937.15,18702.65,27,0,0,changing_coverage_not_matched_salience_or_probability_index; OI_not_positions
housing,macro,2026-07-31,26,4,4,125,125,0.6102430555555556,1293.52,19689.87,26,0,0,changing_coverage_not_matched_salience_or_probability_index; OI_not_positions
housing,macro,2026-08-01,26,4,4,100,100,0.6139449404761905,109.35000000000001,19814.69,26,0,0,changing_coverage_not_matched_salience_or_probability_index; OI_not_positions
housing,macro,2026-08-02,11,4,4,49,49,0.38447916666666665,224.44,11374.87,11,0,0,changing_coverage_not_matched_salience_or_probability_index; OI_not_positions
housing,macro,2026-08-03,21,4,4,78,78,0.6390625,189.77,17752.97,21,0,0,changing_coverage_not_matched_salience_or_probability_index; OI_not_positions
housing,macro,2026-08-04,26,4,4,172,172,0.5947916666666666,366.07,16295.02,26,0,0,changing_coverage_not_matched_salience_or_probability_index; OI_not_positions
housing,macro,2026-08-05,24,4,4,166,166,0.6163541666666666,301.73,18496.05,24,0,0,changing_coverage_not_matched_salience_or_probability_index; OI_not_positions
housing,macro,2026-08-06,26,4,4,206,206,0.5814508928571429,621.96,18575.79,26,0,0,changing_coverage_not_matched_salience_or_probability_index; OI_not_positions
housing,macro,2026-08-07,27,4,4,190,190,0.563139880952381,540.89,19173.45,27,0,0,changing_coverage_not_matched_salience_or_probability_index; OI_not_positions
housing,macro,2026-08-08,24,4,4,133,133,0.5414136904761905,422.35,18545.9,24,0,0,changing_coverage_not_matched_salience_or_probability_index; OI_not_positions
housing,macro,2026-08-09,24,4,4,158,158,0.531547619047619,468.81,18676.34,24,0,0,changing_coverage_not_matched_salience_or_probability_index; OI_not_positions
housing,macro,2026-08-10,20,4,4,151,151,0.4972395833333333,1396.89,9421.31,20,0,0,changing_coverage_not_matched_salience_or_probability_index; OI_not_positions
housing,macro,2026-08-11,46,6,6,251,169,0.4903720238095238,3590.13,23215.8,46,8,2,changing_coverage_not_matched_salience_or_probability_index; OI_not_positions
housing,macro,2026-08-12,29,4,4,532,473,0.5176215277777778,7099.79,21948.06,29,0,0,changing_coverage_not_matched_salience_or_probability_index; OI_not_positions
housing,macro,2026-08-13,29,4,4,471,462,0.5164236111111111,7266.79,25028.3,29,0,0,changing_coverage_not_matched_salience_or_probability_index; OI_not_positions
housing,macro,2026-08-14,29,4,4,541,540,0.5153645833333333,656.74,25263.14,29,0,0,changing_coverage_not_matched_salience_or_probability_index; OI_not_positions
housing,macro,2026-08-15,26,4,4,312,312,0.44401041666666663,1818.4299999999998,18185.3,26,0,0,changing_coverage_not_matched_salience_or_probability_index; OI_not_positions
housing,macro,2026-08-16,24,3,3,123,123,0.4809920634920635,82.7,12382.81,24,0,0,changing_coverage_not_matched_salience_or_probability_index; OI_not_positions
housing,macro,2026-08-17,27,4,4,164,164,0.4943303571428571,2081.15,27457.54,27,0,0,changing_coverage_not_matched_salience_or_probability_index; OI_not_positions
housing,macro,2026-08-18,29,4,4,169,154,0.5061458333333333,915.11,27935.88,29,0,0,changing_coverage_not_matched_salience_or_probability_index; OI_not_positions
housing,macro,2026-08-19,27,4,4,230,207,0.5359151785714286,1100.67,25313.77,27,0,0,changing_coverage_not_matched_salience_or_probability_index; OI_not_positions
housing,macro,2026-08-20,29,4,4,204,189,0.5208506944444444,611.44,28675.27,29,0,0,changing_coverage_not_matched_salience_or_probability_index; OI_not_positions
housing,macro,2026-08-21,29,4,4,222,222,0.5183854166666666,729.51,28995.71,29,0,0,changing_coverage_not_matched_salience_or_probability_index; OI_not_positions
housing,macro,2026-08-22,24,4,4,124,124,0.544985119047619,194.73,24165.1,24,0,0,changing_coverage_not_matched_salience_or_probability_index; OI_not_positions
housing,macro,2026-08-23,21,3,3,115,115,0.492,539.02,12143.28,21,0,0,changing_coverage_not_matched_salience_or_probability_index; OI_not_positions
housing,macro,2026-08-24,41,5,4,212,172,0.5235937500000001,1486.91,29105.85,41,0,1,changing_coverage_not_matched_salience_or_probability_index; OI_not_positions
housing,macro,2026-08-25,48,6,4,191,126,0.4744965277777778,1348.55,26303.579999999998,48,8,1,changing_coverage_not_matched_salience_or_probability_index; OI_not_positions
housing,macro,2026-08-26,42,5,5,513,322,0.5406666666666666,699.8,27863.19,42,0,0,changing_coverage_not_matched_salience_or_probability_index; OI_not_positions
housing,macro,2026-08-27,55,6,5,485,221,0.5249440559440559,1863.04,29595.23,55,13,1,changing_coverage_not_matched_salience_or_probability_index; OI_not_positions
housing,macro,2026-08-28,38,5,4,417,272,0.5662860576923077,236.75,22967.39,38,0,0,changing_coverage_not_matched_salience_or_probability_index; OI_not_positions
housing,macro,2026-08-29,37,5,4,268,91,0.6339599116161616,192.0,15535.22,37,0,0,changing_coverage_not_matched_salience_or_probability_index; OI_not_positions
housing,macro,2026-08-30,41,5,5,208,134,0.5660160256410256,536.83,24832.81,41,0,0,changing_coverage_not_matched_salience_or_probability_index; OI_not_positions
housing,macro,2026-08-31,42,5,5,507,434,0.5410373931623932,1317.77,28598.65,42,0,0,changing_coverage_not_matched_salience_or_probability_index; OI_not_positions
housing,macro,2026-09-01,42,5,5,447,437,0.5699786324786325,1426.46,30001.09,42,0,0,changing_coverage_not_matched_salience_or_probability_index; OI_not_positions
housing,macro,2026-09-02,42,5,5,332,332,0.5860993589743589,1779.2,30109.170000000002,42,0,0,changing_coverage_not_matched_salience_or_probability_index; OI_not_positions
housing,macro,2026-09-03,41,5,5,318,277,0.5790865384615385,978.79,30804.48,41,0,1,changing_coverage_not_matched_salience_or_probability_index; OI_not_positions
housing,macro,2026-09-04,40,5,5,383,379,0.5669711538461538,2115.04,28031.44,40,0,0,changing_coverage_not_matched_salience_or_probability_index; OI_not_positions
housing,macro,2026-09-05,30,5,5,160,153,0.6659939393939394,205.88,23680.38,30,0,0,changing_coverage_not_matched_salience_or_probability_index; OI_not_positions
housing,macro,2026-09-06,35,5,5,152,137,0.6064262626262626,528.33,28367.670000000002,35,0,0,changing_coverage_not_matched_salience_or_probability_index; OI_not_positions
housing,macro,2026-09-07,27,5,5,56,44,0.5861571428571428,45.37,17899.79,27,0,0,changing_coverage_not_matched_salience_or_probability_index; OI_not_positions
housing,mention,2026-07-13,1,1,1,5,2,0.005,3804.9199999999996,3612.43,1,1,1,changing_coverage_not_matched_salience_or_probability_index; OI_not_positions
housing,mention,2026-07-15,1,1,0,1,0,,0.0,0.0,1,1,1,changing_coverage_not_matched_salience_or_probability_index; OI_not_positions
housing,mention,2026-07-16,1,1,1,7,5,0.005,2846.96,2746.78,1,0,0,changing_coverage_not_matched_salience_or_probability_index; OI_not_positions
housing,mention,2026-07-24,1,1,0,2,0,,0.0,0.0,1,1,2,changing_coverage_not_matched_salience_or_probability_index; OI_not_positions
housing,mention,2026-07-25,2,2,2,46,7,0.48750000000000004,130.16,120.16,2,0,0,changing_coverage_not_matched_salience_or_probability_index; OI_not_positions
housing,mention,2026-07-26,2,2,2,13,13,0.49,0.0,120.16,2,0,0,changing_coverage_not_matched_salience_or_probability_index; OI_not_positions
housing,mention,2026-07-27,2,2,2,17,10,0.4625,224.0,342.16,2,0,0,changing_coverage_not_matched_salience_or_probability_index; OI_not_positions
housing,mention,2026-07-28,2,2,2,7,7,0.46,5.0,342.16,2,0,0,changing_coverage_not_matched_salience_or_probability_index; OI_not_positions
housing,mention,2026-07-29,2,2,2,7,7,0.46,0.0,342.16,2,0,0,changing_coverage_not_matched_salience_or_probability_index; OI_not_positions
housing,mention,2026-07-30,2,2,2,6,6,0.46,165.0,342.16,2,0,0,changing_coverage_not_matched_salience_or_probability_index; OI_not_positions
housing,mention,2026-07-31,2,2,2,7,7,0.4575,0.0,342.16,2,0,0,changing_coverage_not_matched_salience_or_probability_index; OI_not_positions
housing,mention,2026-08-01,2,2,2,9,9,0.455,0.0,342.16,2,0,0,changing_coverage_not_matched_salience_or_probability_index; OI_not_positions
housing,mention,2026-08-02,1,1,1,21,21,0.15,0.0,0.0,1,0,0,changing_coverage_not_matched_salience_or_probability_index; OI_not_positions
housing,mention,2026-08-03,2,2,2,16,16,0.455,0.0,342.16,2,0,0,changing_coverage_not_matched_salience_or_probability_index; OI_not_positions
housing,mention,2026-08-04,2,2,2,7,7,0.4675,74.71,416.87,2,0,0,changing_coverage_not_matched_salience_or_probability_index; OI_not_positions
housing,mention,2026-08-05,2,2,2,10,10,0.46,37.63,454.5,2,0,0,changing_coverage_not_matched_salience_or_probability_index; OI_not_positions
housing,mention,2026-08-06,2,2,2,10,10,0.47750000000000004,117.0,571.5,2,0,0,changing_coverage_not_matched_salience_or_probability_index; OI_not_positions
housing,mention,2026-08-07,2,2,2,11,11,0.465,49.8,621.3,2,0,0,changing_coverage_not_matched_salience_or_probability_index; OI_not_positions
housing,mention,2026-08-08,2,2,2,11,11,0.5025000000000001,273.53,894.83,2,0,0,changing_coverage_not_matched_salience_or_probability_index; OI_not_positions
housing,mention,2026-08-09,2,2,2,4,4,0.5225,409.84,1304.67,2,0,0,changing_coverage_not_matched_salience_or_probability_index; OI_not_positions
housing,mention,2026-08-10,2,2,2,29,29,0.505,43.1,1347.77,2,0,0,changing_coverage_not_matched_salience_or_probability_index; OI_not_positions
housing,mention,2026-08-11,2,2,2,31,31,0.5025,472.8,1740.97,2,0,0,changing_coverage_not_matched_salience_or_probability_index; OI_not_positions
housing,mention,2026-08-12,2,2,2,30,30,0.46,70.21000000000001,1811.1799999999998,2,0,0,changing_coverage_not_matched_salience_or_probability_index; OI_not_positions
housing,mention,2026-08-13,2,2,2,32,32,0.47750000000000004,275.87,2087.05,2,0,0,changing_coverage_not_matched_salience_or_probability_index; OI_not_positions
housing,mention,2026-08-14,2,2,2,28,28,0.495,289.11,2376.16,2,0,0,changing_coverage_not_matched_salience_or_probability_index; OI_not_positions
housing,mention,2026-08-15,2,2,2,21,21,0.5075,201.0,2577.16,2,0,0,changing_coverage_not_matched_salience_or_probability_index; OI_not_positions
housing,mention,2026-08-16,2,2,2,26,26,0.5325,223.0,2800.16,2,0,0,changing_coverage_not_matched_salience_or_probability_index; OI_not_positions
housing,mention,2026-08-17,2,2,2,18,18,0.595,454.59,3240.35,2,0,0,changing_coverage_not_matched_salience_or_probability_index; OI_not_positions
housing,mention,2026-08-18,2,2,2,33,33,0.6175,701.97,3759.51,2,0,0,changing_coverage_not_matched_salience_or_probability_index; OI_not_positions
housing,mention,2026-08-19,2,2,2,25,18,0.6699999999999999,1819.3,5449.65,2,0,0,changing_coverage_not_matched_salience_or_probability_index; OI_not_positions
housing,mention,2026-08-20,1,1,1,7,6,0.33999999999999997,0.0,1035.71,1,0,0,changing_coverage_not_matched_salience_or_probability_index; OI_not_positions
housing,mention,2026-08-21,1,1,1,10,10,0.33499999999999996,0.0,1035.71,1,0,0,changing_coverage_not_matched_salience_or_probability_index; OI_not_positions
housing,mention,2026-08-22,1,1,1,24,24,0.33999999999999997,0.0,1035.71,1,0,0,changing_coverage_not_matched_salience_or_probability_index; OI_not_positions
housing,mention,2026-08-23,1,1,1,13,13,0.325,46.44,1077.9,1,0,0,changing_coverage_not_matched_salience_or_probability_index; OI_not_positions
housing,mention,2026-08-24,1,1,1,19,19,0.325,107.8,1173.31,1,0,0,changing_coverage_not_matched_salience_or_probability_index; OI_not_positions
housing,mention,2026-08-25,1,1,1,23,23,0.225,261.95,1412.64,1,0,0,changing_coverage_not_matched_salience_or_probability_index; OI_not_positions
housing,mention,2026-08-26,1,1,1,24,24,0.995,8994.28,6659.34,1,0,0,changing_coverage_not_matched_salience_or_probability_index; OI_not_positions
housing,policy,2026-07-08,9,5,5,57,57,0.37220000000000003,11458.789999999999,123402.4,9,5,0,changing_coverage_not_matched_salience_or_probability_index; OI_not_positions
housing,policy,2026-07-09,10,5,5,152,152,0.3738,10780.24,134841.07,10,0,0,changing_coverage_not_matched_salience_or_probability_index; OI_not_positions
housing,policy,2026-07-10,10,5,5,146,146,0.37775000000000003,93619.97,179795.51,10,0,0,changing_coverage_not_matched_salience_or_probability_index; OI_not_positions
housing,policy,2026-07-11,9,5,5,143,143,0.35235,18059.64,188702.08000000002,9,0,0,changing_coverage_not_matched_salience_or_probability_index; OI_not_positions
housing,policy,2026-07-12,10,5,5,86,86,0.36750000000000005,6885.639999999999,199359.93,10,0,0,changing_coverage_not_matched_salience_or_probability_index; OI_not_positions
housing,policy,2026-07-13,10,5,5,64,64,0.3657,2396.91,199963.54,10,0,0,changing_coverage_not_matched_salience_or_probability_index; OI_not_positions
housing,policy,2026-07-14,8,4,4,42,42,0.22812500000000002,2239.6,96514.35,8,0,0,changing_coverage_not_matched_salience_or_probability_index; OI_not_positions
housing,policy,2026-07-15,3,2,2,33,33,0.18125000000000002,65.6,33782.130000000005,3,0,0,changing_coverage_not_matched_salience_or_probability_index; OI_not_positions
housing,policy,2026-07-16,4,3,3,42,42,0.18075,4253.01,32449.49,4,0,0,changing_coverage_not_matched_salience_or_probability_index; OI_not_positions
housing,policy,2026-07-17,3,2,2,20,20,0.18012499999999998,127.01,28206.2,3,0,0,changing_coverage_not_matched_salience_or_probability_index; OI_not_positions
housing,policy,2026-07-18,4,3,3,18,18,0.17133333333333334,63.58,32506.58,4,0,0,changing_coverage_not_matched_salience_or_probability_index; OI_not_positions
housing,policy,2026-07-19,3,2,2,20,20,0.18275,1143.12,27251.4,3,0,0,changing_coverage_not_matched_salience_or_probability_index; OI_not_positions
housing,policy,2026-07-20,4,3,3,33,33,0.129,0.0,37217.25,4,0,0,changing_coverage_not_matched_salience_or_probability_index; OI_not_positions
housing,policy,2026-07-21,4,3,3,36,36,0.22266666666666665,530.93,26457.059999999998,4,0,0,changing_coverage_not_matched_salience_or_probability_index; OI_not_positions
housing,policy,2026-07-22,5,3,3,36,36,0.144,2600.27,42775.22,5,0,0,changing_coverage_not_matched_salience_or_probability_index; OI_not_positions
housing,policy,2026-07-23,5,3,3,43,43,0.18775,6333.22,48866.729999999996,5,0,0,changing_coverage_not_matched_salience_or_probability_index; OI_not_positions
housing,policy,2026-07-24,4,3,3,49,49,0.22416666666666668,375.77000000000004,37337.85,4,0,0,changing_coverage_not_matched_salience_or_probability_index; OI_not_positions
housing,policy,2026-07-25,5,3,3,39,39,0.188,24.950000000000003,48537.19,5,0,0,changing_coverage_not_matched_salience_or_probability_index; OI_not_positions
housing,policy,2026-07-26,4,3,3,57,57,0.22558333333333333,198.33999999999997,37379.490000000005,4,0,0,changing_coverage_not_matched_salience_or_probability_index; OI_not_positions
housing,policy,2026-07-27,4,3,3,50,50,0.14891666666666667,261.49,44532.020000000004,4,0,0,changing_coverage_not_matched_salience_or_probability_index; OI_not_positions
housing,policy,2026-07-28,10,5,5,75,75,0.3983,284.03999999999996,37779.51,10,5,2,changing_coverage_not_matched_salience_or_probability_index; OI_not_positions
housing,policy,2026-07-29,11,5,5,184,184,0.3961,1100.32,49408.22,11,0,0,changing_coverage_not_matched_salience_or_probability_index; OI_not_positions
housing,policy,2026-07-30,10,5,5,186,186,0.46305,3417.88,39584.89,10,0,0,changing_coverage_not_matched_salience_or_probability_index; OI_not_positions
housing,policy,2026-07-31,10,5,5,186,186,0.46725,290.12,39868.58,10,0,0,changing_coverage_not_matched_salience_or_probability_index; OI_not_positions
housing,policy,2026-08-01,11,5,5,190,190,0.4365,431.82,51269.81,11,0,0,changing_coverage_not_matched_salience_or_probability_index; OI_not_positions
housing,policy,2026-08-02,9,4,4,87,87,0.520375,1006.8299999999999,36288.86,9,0,0,changing_coverage_not_matched_salience_or_probability_index; OI_not_positions
housing,policy,2026-08-03,10,5,5,71,71,0.45865,117.61,40555.0,10,0,0,changing_coverage_not_matched_salience_or_probability_index; OI_not_positions
housing,policy,2026-08-04,11,5,5,103,103,0.4355,23.0,51964.36,11,0,0,changing_coverage_not_matched_salience_or_probability_index; OI_not_positions
housing,policy,2026-08-05,9,4,4,99,99,0.5191250000000001,409.67,36366.65,9,0,0,changing_coverage_not_matched_salience_or_probability_index; OI_not_positions
housing,policy,2026-08-06,11,5,5,86,85,0.4359,218.1,52173.11,11,0,0,changing_coverage_not_matched_salience_or_probability_index; OI_not_positions
housing,policy,2026-08-07,26,7,7,154,154,0.41544160997732427,2751.52,38423.61,26,16,2,changing_coverage_not_matched_salience_or_probability_index; OI_not_positions
housing,policy,2026-08-08,26,7,7,81,81,0.4154858276643991,0.0,38423.61,26,0,0,changing_coverage_not_matched_salience_or_probability_index; OI_not_positions
housing,policy,2026-08-09,25,6,6,90,90,0.3279345238095238,51.46,47782.99,25,0,0,changing_coverage_not_matched_salience_or_probability_index; OI_not_positions
housing,policy,2026-08-10,12,5,5,59,54,0.33467142857142856,785.75,38737.74,12,0,0,changing_coverage_not_matched_salience_or_probability_index; OI_not_positions
housing,policy,2026-08-11,26,7,7,116,84,0.46942006802721087,447.96000000000004,39185.7,26,0,0,changing_coverage_not_matched_salience_or_probability_index; OI_not_positions
housing,policy,2026-08-12,26,7,7,309,201,0.4104285714285714,437.56,39463.39,26,0,0,changing_coverage_not_matched_salience_or_probability_index; OI_not_positions
housing,policy,2026-08-13,27,7,7,163,133,0.41427777777777774,634.55,51406.86,27,0,0,changing_coverage_not_matched_salience_or_probability_index; OI_not_positions
housing,policy,2026-08-14,21,7,6,144,136,0.43060185185185185,175.1,51470.24,21,0,0,changing_coverage_not_matched_salience_or_probability_index; OI_not_positions
housing,policy,2026-08-15,25,7,6,102,88,0.4470208333333333,316.88,39904.85,25,0,0,changing_coverage_not_matched_salience_or_probability_index; OI_not_positions
housing,policy,2026-08-16,17,6,6,57,57,0.4594702380952381,4.04,39903.03,17,0,0,changing_coverage_not_matched_salience_or_probability_index; OI_not_positions
housing,policy,2026-08-17,19,6,6,132,132,0.43522916666666667,2693.6800000000003,51873.08,19,0,0,changing_coverage_not_matched_salience_or_probability_index; OI_not_positions
housing,policy,2026-08-18,26,7,7,103,103,0.4114314058956916,15.190000000000001,40035.23,26,0,0,changing_coverage_not_matched_salience_or_probability_index; OI_not_positions
housing,policy,2026-08-19,26,7,7,168,160,0.4158758503401361,152.63,40179.05,26,0,0,changing_coverage_not_matched_salience_or_probability_index; OI_not_positions
housing,policy,2026-08-20,27,7,7,191,165,0.40736451247165534,111.16999999999999,52040.11,27,0,0,changing_coverage_not_matched_salience_or_probability_index; OI_not_positions
housing,policy,2026-08-21,27,7,7,185,185,0.40969217687074827,1467.59,53507.7,27,0,0,changing_coverage_not_matched_salience_or_probability_index; OI_not_positions
housing,policy,2026-08-22,21,7,7,135,135,0.46793452380952383,82.46,41238.31,21,0,0,changing_coverage_not_matched_salience_or_probability_index; OI_not_positions
housing,policy,2026-08-23,19,7,7,93,93,0.4888095238095238,528.89,41355.53,19,0,0,changing_coverage_not_matched_salience_or_probability_index; OI_not_positions
housing,policy,2026-08-24,22,7,7,66,66,0.447125,16.74,41372.27,22,0,0,changing_coverage_not_matched_salience_or_probability_index; OI_not_positions
housing,policy,2026-08-25,21,7,7,64,64,0.46720833333333334,3.65,41375.92,21,0,0,changing_coverage_not_matched_salience_or_probability_index; OI_not_positions
housing,policy,2026-08-26,26,7,7,172,144,0.4166360544217687,163.48,41372.96,26,0,0,changing_coverage_not_matched_salience_or_probability_index; OI_not_positions
housing,policy,2026-08-27,26,7,7,287,174,0.4165697278911564,1.0,41372.96,26,0,0,changing_coverage_not_matched_salience_or_probability_index; OI_not_positions
housing,policy,2026-08-28,23,7,7,114,114,0.4351607142857143,53.24,41398.14,23,0,0,changing_coverage_not_matched_salience_or_probability_index; OI_not_positions
housing,policy,2026-08-29,21,7,7,119,119,0.4638605442176871,1067.83,54770.76,21,0,0,changing_coverage_not_matched_salience_or_probability_index; OI_not_positions
housing,policy,2026-08-30,18,7,7,100,100,0.495547619047619,9.37,42262.23,18,0,0,changing_coverage_not_matched_salience_or_probability_index; OI_not_positions
housing,policy,2026-08-31,26,7,7,141,131,0.42542290249433107,151.71,42392.14,26,0,0,changing_coverage_not_matched_salience_or_probability_index; OI_not_positions
housing,policy,2026-09-01,26,7,7,147,147,0.42653004535147393,539.7,42398.31,26,0,0,changing_coverage_not_matched_salience_or_probability_index; OI_not_positions
housing,policy,2026-09-02,27,7,7,139,139,0.4200300453514739,274.81,55159.42,27,0,0,changing_coverage_not_matched_salience_or_probability_index; OI_not_positions
housing,policy,2026-09-03,27,7,7,219,181,0.40245861678004535,7861.85,62720.270000000004,27,0,0,changing_coverage_not_matched_salience_or_probability_index; OI_not_positions
housing,policy,2026-09-04,27,7,7,134,134,0.4130085034013605,3440.14,66065.19,27,0,0,changing_coverage_not_matched_salience_or_probability_index; OI_not_positions
housing,policy,2026-09-05,6,4,4,63,63,0.3554375,4898.21,70611.87,6,0,0,changing_coverage_not_matched_salience_or_probability_index; OI_not_positions
housing,policy,2026-09-06,16,7,7,61,61,0.5348214285714286,4220.05,54212.49,16,0,0,changing_coverage_not_matched_salience_or_probability_index; OI_not_positions
housing,policy,2026-09-07,5,4,4,40,40,0.27475,1812.36,56852.73,5,0,0,changing_coverage_not_matched_salience_or_probability_index; OI_not_positions
immigration,mention,2026-07-10,2,2,2,21,9,0.18000000000000002,33.02,28.0,2,1,2,changing_coverage_not_matched_salience_or_probability_index; OI_not_positions
immigration,mention,2026-07-11,1,1,1,24,24,0.20500000000000002,206.68,210.64,1,0,0,changing_coverage_not_matched_salience_or_probability_index; OI_not_positions
immigration,mention,2026-07-12,1,1,1,5,5,0.005,1846.45,2013.7,1,0,0,changing_coverage_not_matched_salience_or_probability_index; OI_not_positions
immigration,mention,2026-07-13,4,4,4,45,43,0.29250000000000004,5907.56,7681.1,4,3,4,changing_coverage_not_matched_salience_or_probability_index; OI_not_positions
immigration,mention,2026-07-14,2,2,2,26,26,0.6575,2418.09,3884.3700000000003,2,0,0,changing_coverage_not_matched_salience_or_probability_index; OI_not_positions
immigration,mention,2026-07-15,2,2,1,18,17,0.015,656.14,493.55,2,1,1,changing_coverage_not_matched_salience_or_probability_index; OI_not_positions
immigration,mention,2026-07-16,3,3,3,27,25,0.375,107909.97,102351.11,3,2,1,changing_coverage_not_matched_salience_or_probability_index; OI_not_positions
immigration,mention,2026-07-17,2,2,1,6,1,0.135,70338.05,162824.98,2,1,1,changing_coverage_not_matched_salience_or_probability_index; OI_not_positions
immigration,mention,2026-07-18,1,1,1,18,2,0.44499999999999995,0.0,0.0,1,0,0,changing_coverage_not_matched_salience_or_probability_index; OI_not_positions
immigration,mention,2026-07-19,1,1,1,24,1,0.43500000000000005,0.0,0.0,1,0,0,changing_coverage_not_matched_salience_or_probability_index; OI_not_positions
immigration,mention,2026-07-20,2,2,2,30,21,0.6325000000000001,448.9,448.9,2,1,2,changing_coverage_not_matched_salience_or_probability_index; OI_not_positions
immigration,mention,2026-07-21,5,5,4,67,59,0.405,117909.54999999999,116986.19,5,1,2,changing_coverage_not_matched_salience_or_probability_index; OI_not_positions
immigration,mention,2026-07-22,5,5,4,62,61,0.39625,7713.08,12366.75,5,1,1,changing_coverage_not_matched_salience_or_probability_index; OI_not_positions
immigration,mention,2026-07-23,5,5,5,79,76,0.20900000000000002,21214.52,24450.25,5,1,1,changing_coverage_not_matched_salience_or_probability_index; OI_not_positions
immigration,mention,2026-07-24,2,2,2,30,30,0.51,122.11,4849.009999999999,2,0,0,changing_coverage_not_matched_salience_or_probability_index; OI_not_positions
immigration,mention,2026-07-25,2,2,2,33,33,0.48,1352.5800000000002,4780.79,2,0,0,changing_coverage_not_matched_salience_or_probability_index; OI_not_positions
immigration,mention,2026-07-26,2,2,2,28,28,0.4175,772.07,4925.610000000001,2,0,0,changing_coverage_not_matched_salience_or_probability_index; OI_not_positions
immigration,mention,2026-07-27,4,4,3,48,42,0.5983333333333334,4454.75,7143.4,4,1,2,changing_coverage_not_matched_salience_or_probability_index; OI_not_positions
immigration,mention,2026-07-28,6,6,6,40,22,0.5533333333333333,8242.4,12632.57,6,2,2,changing_coverage_not_matched_salience_or_probability_index; OI_not_positions
immigration,mention,2026-07-29,5,5,5,18,18,0.09300000000000001,25101.38,19610.83,5,1,1,changing_coverage_not_matched_salience_or_probability_index; OI_not_positions
immigration,mention,2026-07-30,5,5,5,37,37,0.393,13794.27,12974.22,5,3,3,changing_coverage_not_matched_salience_or_probability_index; OI_not_positions
immigration,mention,2026-07-31,4,4,4,26,26,0.46875,12254.26,8940.85,4,1,1,changing_coverage_not_matched_salience_or_probability_index; OI_not_positions
immigration,mention,2026-08-01,2,2,2,20,20,0.41750000000000004,50.67,245.48,2,0,0,changing_coverage_not_matched_salience_or_probability_index; OI_not_positions
immigration,mention,2026-08-02,3,3,3,47,47,0.2816666666666667,706.07,714.32,3,0,0,changing_coverage_not_matched_salience_or_probability_index; OI_not_positions
immigration,mention,2026-08-03,5,5,5,69,69,0.618,23271.77,18012.73,5,3,3,changing_coverage_not_matched_salience_or_probability_index; OI_not_positions
immigration,mention,2026-08-04,5,5,5,34,33,0.547,8456.84,9737.66,5,1,1,changing_coverage_not_matched_salience_or_probability_index; OI_not_positions
immigration,mention,2026-08-05,3,3,3,40,40,0.36666666666666664,64325.87,46299.99,3,0,0,changing_coverage_not_matched_salience_or_probability_index; OI_not_positions
immigration,mention,2026-08-06,3,3,3,10,8,0.5766666666666667,3320.49,3391.86,3,2,2,changing_coverage_not_matched_salience_or_probability_index; OI_not_positions
immigration,mention,2026-08-07,4,3,3,23,22,0.4175,2718.27,2521.09,4,2,1,changing_coverage_not_matched_salience_or_probability_index; OI_not_positions
immigration,mention,2026-08-08,4,3,3,61,61,0.41833333333333333,15888.31,15411.749999999998,4,0,0,changing_coverage_not_matched_salience_or_probability_index; OI_not_positions
immigration,mention,2026-08-09,3,2,2,36,36,0.34,29892.77,36200.54,3,0,0,changing_coverage_not_matched_salience_or_probability_index; OI_not_positions
immigration,mention,2026-08-10,4,3,3,25,22,0.22333333333333333,995.9599999999999,37261.83,4,0,0,changing_coverage_not_matched_salience_or_probability_index; OI_not_positions
immigration,mention,2026-08-11,4,3,3,73,60,0.2833333333333333,7377.03,5960.41,4,2,1,changing_coverage_not_matched_salience_or_probability_index; OI_not_positions
immigration,mention,2026-08-12,5,4,4,92,91,0.3675,11489.39,14328.53,5,1,1,changing_coverage_not_matched_salience_or_probability_index; OI_not_positions
immigration,mention,2026-08-13,10,7,7,110,104,0.24964285714285714,19186.54,30339.67,10,4,3,changing_coverage_not_matched_salience_or_probability_index; OI_not_positions
immigration,mention,2026-08-14,4,3,3,78,78,0.45166666666666666,233089.84,150434.28,4,0,0,changing_coverage_not_matched_salience_or_probability_index; OI_not_positions
immigration,mention,2026-08-15,2,2,2,8,8,0.4225,27.009999999999998,537.29,2,0,0,changing_coverage_not_matched_salience_or_probability_index; OI_not_positions
immigration,mention,2026-08-16,2,2,2,2,2,0.4175,15.41,552.7,2,0,0,changing_coverage_not_matched_salience_or_probability_index; OI_not_positions
immigration,mention,2026-08-17,2,2,2,14,14,0.4375,51.97,599.6700000000001,2,0,0,changing_coverage_not_matched_salience_or_probability_index; OI_not_positions
immigration,mention,2026-08-18,4,4,4,34,32,0.38125,2999.39,3035.87,4,2,3,changing_coverage_not_matched_salience_or_probability_index; OI_not_positions
immigration,mention,2026-08-19,3,3,3,40,38,0.5333333333333333,575.89,985.74,3,0,0,changing_coverage_not_matched_salience_or_probability_index; OI_not_positions
immigration,mention,2026-08-20,5,5,5,47,45,0.454,870.43,1807.17,5,2,1,changing_coverage_not_matched_salience_or_probability_index; OI_not_positions
immigration,mention,2026-08-21,8,7,7,69,66,0.5489285714285714,66967.25,48739.75,8,3,2,changing_coverage_not_matched_salience_or_probability_index; OI_not_positions
immigration,mention,2026-08-22,6,5,5,69,69,0.614,14400.42,56682.12,6,0,0,changing_coverage_not_matched_salience_or_probability_index; OI_not_positions
immigration,mention,2026-08-23,3,3,3,37,37,0.5366666666666666,29.6,1357.08,3,0,0,changing_coverage_not_matched_salience_or_probability_index; OI_not_positions
immigration,mention,2026-08-24,5,5,5,58,56,0.362,11992.7,12833.08,5,2,2,changing_coverage_not_matched_salience_or_probability_index; OI_not_positions
immigration,mention,2026-08-25,5,5,5,21,21,0.12,1303.75,10196.0,5,0,1,changing_coverage_not_matched_salience_or_probability_index; OI_not_positions
immigration,mention,2026-08-26,5,5,5,32,31,0.216,2865.43,4277.64,5,2,2,changing_coverage_not_matched_salience_or_probability_index; OI_not_positions
immigration,mention,2026-08-27,7,7,7,55,43,0.23642857142857143,4551.4,6044.93,7,3,3,changing_coverage_not_matched_salience_or_probability_index; OI_not_positions
immigration,mention,2026-08-28,6,6,6,68,65,0.26833333333333337,4050.82,5680.16,6,0,1,changing_coverage_not_matched_salience_or_probability_index; OI_not_positions
immigration,mention,2026-08-29,4,4,4,50,50,0.33875,1528.52,2826.7000000000003,4,0,0,changing_coverage_not_matched_salience_or_probability_index; OI_not_positions
immigration,mention,2026-08-30,4,4,4,58,58,0.33375,3178.4,5516.02,4,0,0,changing_coverage_not_matched_salience_or_probability_index; OI_not_positions
immigration,mention,2026-08-31,4,4,4,58,56,0.06625,15892.730000000001,18331.199999999997,4,0,0,changing_coverage_not_matched_salience_or_probability_index; OI_not_positions
immigration,mention,2026-09-01,2,2,2,27,27,0.23750000000000002,676.39,2103.6,2,0,0,changing_coverage_not_matched_salience_or_probability_index; OI_not_positions
immigration,mention,2026-09-02,3,3,3,32,32,0.22999999999999998,1780.24,3820.22,3,0,1,changing_coverage_not_matched_salience_or_probability_index; OI_not_positions
immigration,mention,2026-09-03,5,5,4,36,32,0.58875,4909.37,7631.9,5,1,2,changing_coverage_not_matched_salience_or_probability_index; OI_not_positions
immigration,mention,2026-09-04,4,4,4,53,50,0.48124999999999996,182.88000000000002,4692.849999999999,4,0,0,changing_coverage_not_matched_salience_or_probability_index; OI_not_positions
immigration,mention,2026-09-05,2,2,2,35,35,0.4475,207.94,2089.4599999999996,2,0,0,changing_coverage_not_matched_salience_or_probability_index; OI_not_positions
immigration,mention,2026-09-06,3,3,3,22,22,0.32999999999999996,70.97,2783.09,3,0,0,changing_coverage_not_matched_salience_or_probability_index; OI_not_positions
immigration,mention,2026-09-07,3,3,3,30,30,0.315,41.57,2794.57,3,0,0,changing_coverage_not_matched_salience_or_probability_index; OI_not_positions
immigration,policy,2026-07-08,8,4,4,51,51,0.27145,514.3,52600.91,8,6,0,changing_coverage_not_matched_salience_or_probability_index; OI_not_positions
immigration,policy,2026-07-09,14,7,7,133,132,0.24850714285714287,208.61999999999998,68219.25,14,1,1,changing_coverage_not_matched_salience_or_probability_index; OI_not_positions
immigration,policy,2026-07-10,17,8,8,139,139,0.24105833333333335,256.09000000000003,82474.47,17,0,0,changing_coverage_not_matched_salience_or_probability_index; OI_not_positions
immigration,policy,2026-07-11,12,7,7,141,141,0.31211428571428573,698.51,69320.24,12,0,0,changing_coverage_not_matched_salience_or_probability_index; OI_not_positions
immigration,policy,2026-07-12,12,7,7,127,127,0.3147857142857143,649.96,68792.84,12,0,0,changing_coverage_not_matched_salience_or_probability_index; OI_not_positions
immigration,policy,2026-07-13,14,6,6,122,122,0.22644999999999998,494.75,84593.84,14,0,0,changing_coverage_not_matched_salience_or_probability_index; OI_not_positions
immigration,policy,2026-07-14,12,6,6,120,120,0.22341666666666668,346.19,81678.18000000001,12,0,0,changing_coverage_not_matched_salience_or_probability_index; OI_not_positions
immigration,policy,2026-07-15,16,7,7,121,121,0.21270238095238095,1785.39,85992.37,16,0,0,changing_coverage_not_matched_salience_or_probability_index; OI_not_positions
immigration,policy,2026-07-16,20,8,8,159,159,0.23559166666666667,2807.65,87728.64,20,0,0,changing_coverage_not_matched_salience_or_probability_index; OI_not_positions
immigration,policy,2026-07-17,14,8,8,165,165,0.2792375,173.89,81028.93,14,0,0,changing_coverage_not_matched_salience_or_probability_index; OI_not_positions
immigration,policy,2026-07-18,19,8,8,181,181,0.2758333333333334,1603.8,88208.33,19,0,0,changing_coverage_not_matched_salience_or_probability_index; OI_not_positions
immigration,policy,2026-07-19,15,6,6,165,165,0.2209722222222222,669.71,87765.73999999999,15,0,0,changing_coverage_not_matched_salience_or_probability_index; OI_not_positions
immigration,policy,2026-07-20,14,7,7,167,167,0.2192738095238095,2902.28,83263.41,14,0,0,changing_coverage_not_matched_salience_or_probability_index; OI_not_positions
immigration,policy,2026-07-21,17,8,8,167,167,0.2760989583333333,6576.01,90856.73000000001,17,0,0,changing_coverage_not_matched_salience_or_probability_index; OI_not_positions
immigration,policy,2026-07-22,14,8,8,129,129,0.28069791666666666,4029.0299999999997,83825.26000000001,14,0,0,changing_coverage_not_matched_salience_or_probability_index; OI_not_positions
immigration,policy,2026-07-23,16,8,8,116,116,0.22616250000000002,926.91,88993.0,16,0,0,changing_coverage_not_matched_salience_or_probability_index; OI_not_positions
immigration,policy,2026-07-24,14,7,7,91,91,0.2607547619047619,1610.8,79857.88,14,0,0,changing_coverage_not_matched_salience_or_probability_index; OI_not_positions
immigration,policy,2026-07-25,13,8,8,75,75,0.20246875,640.51,64603.39,13,0,0,changing_coverage_not_matched_salience_or_probability_index; OI_not_positions
immigration,policy,2026-07-26,16,7,7,76,76,0.25231309523809525,409.12,81638.21,16,0,0,changing_coverage_not_matched_salience_or_probability_index; OI_not_positions
immigration,policy,2026-07-27,13,8,8,128,128,0.1988125,3612.85,93318.11,13,0,0,changing_coverage_not_matched_salience_or_probability_index; OI_not_positions
immigration,policy,2026-07-28,15,7,7,166,166,0.2739642857142857,3299.35,96525.7,15,0,0,changing_coverage_not_matched_salience_or_probability_index; OI_not_positions
immigration,policy,2026-07-29,16,7,7,138,138,0.2673202380952381,2526.73,98257.37,16,0,0,changing_coverage_not_matched_salience_or_probability_index; OI_not_positions
immigration,policy,2026-07-30,16,8,8,152,152,0.249,941.32,97940.58,16,0,0,changing_coverage_not_matched_salience_or_probability_index; OI_not_positions
immigration,policy,2026-07-31,14,6,6,96,96,0.30346666666666666,754.12,81910.87,14,0,0,changing_coverage_not_matched_salience_or_probability_index; OI_not_positions
immigration,policy,2026-08-01,18,7,7,128,126,0.2475404761904762,1848.2,100250.2,18,0,0,changing_coverage_not_matched_salience_or_probability_index; OI_not_positions
immigration,policy,2026-08-02,14,8,8,109,109,0.18337916666666668,3580.33,97479.14,14,0,0,changing_coverage_not_matched_salience_or_probability_index; OI_not_positions
immigration,policy,2026-08-03,13,7,7,83,83,0.2654714285714286,1226.2,94388.67,13,0,0,changing_coverage_not_matched_salience_or_probability_index; OI_not_positions
immigration,policy,2026-08-04,15,8,8,87,87,0.24282916666666665,1537.65,92890.21,15,0,0,changing_coverage_not_matched_salience_or_probability_index; OI_not_positions
immigration,policy,2026-08-05,10,6,6,72,72,0.2820625,250.0,72458.62,10,0,0,changing_coverage_not_matched_salience_or_probability_index; OI_not_positions
immigration,policy,2026-08-06,16,8,8,94,94,0.25163541666666667,1620.13,99019.79,16,0,0,changing_coverage_not_matched_salience_or_probability_index; OI_not_positions
immigration,policy,2026-08-07,16,8,8,120,120,0.21354166666666669,1033.35,99665.66,16,0,0,changing_coverage_not_matched_salience_or_probability_index; OI_not_positions
immigration,policy,2026-08-08,16,8,8,117,117,0.23130625,1092.1299999999999,99434.87,16,0,0,changing_coverage_not_matched_salience_or_probability_index; OI_not_positions
immigration,policy,2026-08-09,15,7,7,69,69,0.19516666666666665,201.81,73249.34,15,0,0,changing_coverage_not_matched_salience_or_probability_index; OI_not_positions
immigration,policy,2026-08-10,17,8,8,87,85,0.203153125,45.9,83744.21,17,0,0,changing_coverage_not_matched_salience_or_probability_index; OI_not_positions
immigration,policy,2026-08-11,15,6,6,114,112,0.2095736111111111,635.9,67322.44,15,0,0,changing_coverage_not_matched_salience_or_probability_index; OI_not_positions
immigration,policy,2026-08-12,17,8,8,178,151,0.19564375,1432.67,89009.09999999999,17,0,0,changing_coverage_not_matched_salience_or_probability_index; OI_not_positions
immigration,policy,2026-08-13,17,8,8,135,132,0.21254166666666666,806.46,90745.97,17,0,0,changing_coverage_not_matched_salience_or_probability_index; OI_not_positions
immigration,policy,2026-08-14,18,8,8,198,190,0.2098875,215.28,101566.96,18,0,0,changing_coverage_not_matched_salience_or_probability_index; OI_not_positions
immigration,policy,2026-08-15,14,8,8,62,61,0.22108333333333333,387.83,84668.69,14,0,0,changing_coverage_not_matched_salience_or_probability_index; OI_not_positions
immigration,policy,2026-08-16,12,8,8,63,63,0.18060416666666665,420.87,77289.12,12,0,0,changing_coverage_not_matched_salience_or_probability_index; OI_not_positions
immigration,policy,2026-08-17,17,8,8,124,123,0.23541666666666666,876.37,103236.07,17,0,0,changing_coverage_not_matched_salience_or_probability_index; OI_not_positions
immigration,policy,2026-08-18,18,8,8,104,104,0.22828333333333334,315.73999999999995,91389.64,18,0,0,changing_coverage_not_matched_salience_or_probability_index; OI_not_positions
immigration,policy,2026-08-19,18,8,8,214,207,0.2102125,3073.7599999999998,96786.25,18,0,0,changing_coverage_not_matched_salience_or_probability_index; OI_not_positions
immigration,policy,2026-08-20,18,8,7,165,151,0.24169047619047618,2604.9900000000002,108182.07,18,0,0,changing_coverage_not_matched_salience_or_probability_index; OI_not_positions
immigration,policy,2026-08-21,18,8,7,149,129,0.2388809523809524,4277.17,110638.22,18,0,0,changing_coverage_not_matched_salience_or_probability_index; OI_not_positions
immigration,policy,2026-08-22,17,7,6,137,121,0.2538166666666667,1502.81,107022.22,17,0,0,changing_coverage_not_matched_salience_or_probability_index; OI_not_positions
immigration,policy,2026-08-23,18,7,6,150,140,0.26179722222222224,2355.01,113404.08,18,0,0,changing_coverage_not_matched_salience_or_probability_index; OI_not_positions
immigration,policy,2026-08-24,25,10,9,179,154,0.29785925925925927,4258.34,105944.59999999999,25,0,2,changing_coverage_not_matched_salience_or_probability_index; OI_not_positions
immigration,policy,2026-08-25,22,9,9,280,264,0.3671111111111111,4119.27,104730.59999999999,22,0,0,changing_coverage_not_matched_salience_or_probability_index; OI_not_positions
immigration,policy,2026-08-26,24,10,9,309,296,0.3076314814814815,4485.43,115319.8,24,0,0,changing_coverage_not_matched_salience_or_probability_index; OI_not_positions
immigration,policy,2026-08-27,24,10,10,363,345,0.287055,6301.21,119250.56,24,0,0,changing_coverage_not_matched_salience_or_probability_index; OI_not_positions
immigration,policy,2026-08-28,24,9,9,306,305,0.31049074074074073,8492.24,120993.27,24,0,0,changing_coverage_not_matched_salience_or_probability_index; OI_not_positions
immigration,policy,2026-08-29,23,9,9,277,269,0.2719648148148148,3178.11,119917.94,23,0,0,changing_coverage_not_matched_salience_or_probability_index; OI_not_positions
immigration,policy,2026-08-30,25,9,9,158,158,0.2924259259259259,655.69,121127.39,25,0,0,changing_coverage_not_matched_salience_or_probability_index; OI_not_positions
immigration,policy,2026-08-31,26,10,10,132,132,0.27048333333333335,2458.07,122690.77,26,0,0,changing_coverage_not_matched_salience_or_probability_index; OI_not_positions
immigration,policy,2026-09-01,26,10,10,192,185,0.2639666666666667,862.12,122827.15000000001,26,0,0,changing_coverage_not_matched_salience_or_probability_index; OI_not_positions
immigration,policy,2026-09-02,24,9,9,133,133,0.2764685185185185,1027.12,120113.65,24,0,0,changing_coverage_not_matched_salience_or_probability_index; OI_not_positions
immigration,policy,2026-09-03,26,10,9,242,222,0.2084537037037037,1294.79,123337.09,26,0,0,changing_coverage_not_matched_salience_or_probability_index; OI_not_positions
immigration,policy,2026-09-04,25,10,10,122,118,0.25532333333333335,2352.31,112982.22,25,0,0,changing_coverage_not_matched_salience_or_probability_index; OI_not_positions
immigration,policy,2026-09-05,19,8,8,79,79,0.23281875000000002,1729.08,100239.93,19,0,0,changing_coverage_not_matched_salience_or_probability_index; OI_not_positions
immigration,policy,2026-09-06,19,8,8,89,89,0.20139583333333333,1486.74,110938.2,19,0,0,changing_coverage_not_matched_salience_or_probability_index; OI_not_positions
immigration,policy,2026-09-07,16,6,6,74,74,0.17545416666666666,1997.79,86968.9,16,0,0,changing_coverage_not_matched_salience_or_probability_index; OI_not_positions
jobs_growth,macro,2026-07-08,135,25,21,581,434,0.35908094656666084,6268.96,1051622.03,135,53,0,changing_coverage_not_matched_salience_or_probability_index; OI_not_positions
jobs_growth,macro,2026-07-09,315,27,26,2137,1650,0.31972466106914266,27938.13,1317964.97,315,10,1,changing_coverage_not_matched_salience_or_probability_index; OI_not_positions
jobs_growth,macro,2026-07-10,162,25,24,1258,1152,0.3370880245911496,30872.14,1158905.82,162,0,0,changing_coverage_not_matched_salience_or_probability_index; OI_not_positions
jobs_growth,macro,2026-07-11,129,22,21,1006,990,0.3527622332693761,21229.12,1204462.1,129,0,0,changing_coverage_not_matched_salience_or_probability_index; OI_not_positions
jobs_growth,macro,2026-07-12,128,20,19,1063,1023,0.40001381659276397,17834.38,1137691.6400000001,128,0,0,changing_coverage_not_matched_salience_or_probability_index; OI_not_positions
jobs_growth,macro,2026-07-13,121,23,22,989,884,0.33385403762903765,38957.81,1169035.04,121,0,0,changing_coverage_not_matched_salience_or_probability_index; OI_not_positions
jobs_growth,macro,2026-07-14,123,23,22,1069,1003,0.34159996720451263,17245.59,1267956.6400000001,123,0,0,changing_coverage_not_matched_salience_or_probability_index; OI_not_positions
jobs_growth,macro,2026-07-15,134,21,20,1046,981,0.327323200848065,28721.7,1182236.97,134,0,0,changing_coverage_not_matched_salience_or_probability_index; OI_not_positions
jobs_growth,macro,2026-07-16,143,24,23,1078,1004,0.319774980755959,14380.21,1320874.3800000001,143,0,1,changing_coverage_not_matched_salience_or_probability_index; OI_not_positions
jobs_growth,macro,2026-07-17,168,25,24,1197,1124,0.3670542328042328,23449.11,1337065.31,168,0,0,changing_coverage_not_matched_salience_or_probability_index; OI_not_positions
jobs_growth,macro,2026-07-18,151,25,24,1102,998,0.402415976037851,16686.510000000002,1231871.65,151,0,0,changing_coverage_not_matched_salience_or_probability_index; OI_not_positions
jobs_growth,macro,2026-07-19,130,25,24,1154,1034,0.3503350808913309,19543.13,1238406.9,130,0,0,changing_coverage_not_matched_salience_or_probability_index; OI_not_positions
jobs_growth,macro,2026-07-20,128,25,24,1189,1069,0.32796836970899473,23270.83,1318128.73,128,0,0,changing_coverage_not_matched_salience_or_probability_index; OI_not_positions
jobs_growth,macro,2026-07-21,159,26,26,1410,1306,0.38945753850850007,22326.420000000002,1327458.78,159,0,0,changing_coverage_not_matched_salience_or_probability_index; OI_not_positions
jobs_growth,macro,2026-07-22,240,24,24,1686,1655,0.3109697952409909,29660.47,1369964.24,240,2,0,changing_coverage_not_matched_salience_or_probability_index; OI_not_positions
jobs_growth,macro,2026-07-23,236,26,26,1857,1785,0.34403430237543947,41194.01,1374014.79,236,9,1,changing_coverage_not_matched_salience_or_probability_index; OI_not_positions
jobs_growth,macro,2026-07-24,174,24,24,1403,1250,0.3455022084397084,14551.46,1368731.74,174,0,0,changing_coverage_not_matched_salience_or_probability_index; OI_not_positions
jobs_growth,macro,2026-07-25,134,21,21,1101,894,0.40046012122797836,10882.88,1322877.32,134,0,0,changing_coverage_not_matched_salience_or_probability_index; OI_not_positions
jobs_growth,macro,2026-07-26,140,20,19,1196,1024,0.40462676723860935,18568.64,1373538.2,140,0,0,changing_coverage_not_matched_salience_or_probability_index; OI_not_positions
jobs_growth,macro,2026-07-27,144,24,24,1286,1160,0.3443647232397232,53332.64,1427931.99,144,0,0,changing_coverage_not_matched_salience_or_probability_index; OI_not_positions
jobs_growth,macro,2026-07-28,194,29,29,1938,1839,0.39007085663378765,55895.6,1479555.5,194,23,5,changing_coverage_not_matched_salience_or_probability_index; OI_not_positions
jobs_growth,macro,2026-07-29,199,28,28,2289,2202,0.35435255468737614,104097.23,1522702.69,199,0,0,changing_coverage_not_matched_salience_or_probability_index; OI_not_positions
jobs_growth,macro,2026-07-30,234,31,31,2420,2266,0.3448649826875633,115426.23,1585680.0899999999,234,0,0,changing_coverage_not_matched_salience_or_probability_index; OI_not_positions
jobs_growth,macro,2026-07-31,174,26,26,2196,2104,0.33795687731072344,96737.28,1481801.65,174,0,0,changing_coverage_not_matched_salience_or_probability_index; OI_not_positions
jobs_growth,macro,2026-08-01,189,23,23,1927,1840,0.38130142864381994,86138.88,1520002.5999999999,189,0,0,changing_coverage_not_matched_salience_or_probability_index; OI_not_positions
jobs_growth,macro,2026-08-02,216,26,26,2045,2010,0.3313353258827757,81114.37,1579709.18,216,0,0,changing_coverage_not_matched_salience_or_probability_index; OI_not_positions
jobs_growth,macro,2026-08-03,207,26,26,2299,2295,0.36089242738255894,141571.64,1681224.37,207,0,0,changing_coverage_not_matched_salience_or_probability_index; OI_not_positions
jobs_growth,macro,2026-08-04,198,24,24,2591,2587,0.3675542518823769,168153.1,1794391.8900000001,198,0,0,changing_coverage_not_matched_salience_or_probability_index; OI_not_positions
jobs_growth,macro,2026-08-05,238,26,26,2816,2810,0.3866393790504367,134498.59,1869132.1099999999,238,0,0,changing_coverage_not_matched_salience_or_probability_index; OI_not_positions
jobs_growth,macro,2026-08-06,280,29,26,2908,2848,0.3612608373285851,375919.07,2190250.43,280,11,4,changing_coverage_not_matched_salience_or_probability_index; OI_not_positions
jobs_growth,macro,2026-08-07,328,28,28,2768,2762,0.3181832719988776,305377.15,2386630.22,328,0,0,changing_coverage_not_matched_salience_or_probability_index; OI_not_positions
jobs_growth,macro,2026-08-08,225,23,23,2638,2617,0.3365112875991893,79440.36,1496529.58,225,0,0,changing_coverage_not_matched_salience_or_probability_index; OI_not_positions
jobs_growth,macro,2026-08-09,335,28,28,1976,1821,0.3681448506203941,63802.91,1551260.94,335,0,0,changing_coverage_not_matched_salience_or_probability_index; OI_not_positions
jobs_growth,macro,2026-08-10,310,28,28,2839,2182,0.3833577677929386,63618.18,1584252.7,310,0,0,changing_coverage_not_matched_salience_or_probability_index; OI_not_positions
jobs_growth,macro,2026-08-11,330,28,28,3480,2889,0.35402540538740074,28329.66,1618954.05,330,0,0,changing_coverage_not_matched_salience_or_probability_index; OI_not_positions
jobs_growth,macro,2026-08-12,329,28,28,4620,3647,0.3594823348192525,82568.73,1587174.82,329,0,0,changing_coverage_not_matched_salience_or_probability_index; OI_not_positions
jobs_growth,macro,2026-08-13,340,29,29,3575,2892,0.36229762928226195,46718.87,1661366.31,340,11,1,changing_coverage_not_matched_salience_or_probability_index; OI_not_positions
jobs_growth,macro,2026-08-14,324,28,28,4325,4073,0.3607909022482004,45253.32,1660923.99,324,0,0,changing_coverage_not_matched_salience_or_probability_index; OI_not_positions
jobs_growth,macro,2026-08-15,174,24,24,1345,1345,0.36038692904317904,27314.15,1619671.04,174,0,0,changing_coverage_not_matched_salience_or_probability_index; OI_not_positions
jobs_growth,macro,2026-08-16,173,22,22,1393,1390,0.36336619922403024,39312.26,1582504.01,173,0,0,changing_coverage_not_matched_salience_or_probability_index; OI_not_positions
jobs_growth,macro,2026-08-17,219,24,24,1559,1557,0.41223247585747586,251274.75,1622518.15,219,0,0,changing_coverage_not_matched_salience_or_probability_index; OI_not_positions
jobs_growth,macro,2026-08-18,324,28,28,1711,1709,0.3558508994197659,29988.14,1716719.47,324,0,0,changing_coverage_not_matched_salience_or_probability_index; OI_not_positions
jobs_growth,macro,2026-08-19,329,28,28,2650,2398,0.3604616878980233,78651.68000000001,1818086.98,329,0,0,changing_coverage_not_matched_salience_or_probability_index; OI_not_positions
jobs_growth,macro,2026-08-20,341,29,29,2414,2028,0.36290806031383244,28760.84,1780454.9,341,0,1,changing_coverage_not_matched_salience_or_probability_index; OI_not_positions
jobs_growth,macro,2026-08-21,331,28,28,2266,2255,0.35308038782301204,38161.5,1816742.3499999999,331,0,0,changing_coverage_not_matched_salience_or_probability_index; OI_not_positions
jobs_growth,macro,2026-08-22,208,25,25,1671,1658,0.37935736097236095,15497.91,1808238.76,208,0,0,changing_coverage_not_matched_salience_or_probability_index; OI_not_positions
jobs_growth,macro,2026-08-23,220,24,24,1408,1358,0.33282165353768617,33947.97,1818747.6500000001,220,0,0,changing_coverage_not_matched_salience_or_probability_index; OI_not_positions
jobs_growth,macro,2026-08-24,234,28,28,1477,1469,0.3884230970677011,16075.83,1825674.8399999999,234,0,1,changing_coverage_not_matched_salience_or_probability_index; OI_not_positions
jobs_growth,macro,2026-08-25,186,26,26,1509,1483,0.38179982837675147,19932.22,1831670.46,186,0,0,changing_coverage_not_matched_salience_or_probability_index; OI_not_positions
jobs_growth,macro,2026-08-26,333,29,29,2171,2092,0.3615669894406776,33133.84,1797596.52,333,0,0,changing_coverage_not_matched_salience_or_probability_index; OI_not_positions
jobs_growth,macro,2026-08-27,340,30,30,3814,3312,0.36373180653887177,47391.74,1802142.21,340,11,1,changing_coverage_not_matched_salience_or_probability_index; OI_not_positions
jobs_growth,macro,2026-08-28,195,25,25,1537,1537,0.3872033893883894,47425.87,1855269.06,195,0,0,changing_coverage_not_matched_salience_or_probability_index; OI_not_positions
jobs_growth,macro,2026-08-29,163,23,23,1420,1409,0.3870927906634428,21962.63,1768558.79,163,0,0,changing_coverage_not_matched_salience_or_probability_index; OI_not_positions
jobs_growth,macro,2026-08-30,196,26,26,1493,1445,0.3781138807773423,17339.63,1844761.03,196,0,0,changing_coverage_not_matched_salience_or_probability_index; OI_not_positions
jobs_growth,macro,2026-08-31,334,29,29,1982,1907,0.36009436645466986,54672.94,1852632.85,334,0,0,changing_coverage_not_matched_salience_or_probability_index; OI_not_positions
jobs_growth,macro,2026-09-01,342,30,30,1894,1894,0.36791347837580674,104866.56,1914599.48,342,0,1,changing_coverage_not_matched_salience_or_probability_index; OI_not_positions
jobs_growth,macro,2026-09-02,335,29,29,2256,2254,0.36251062805151224,109575.01,1999124.25,335,0,0,changing_coverage_not_matched_salience_or_probability_index; OI_not_positions
jobs_growth,macro,2026-09-03,381,32,32,3482,3134,0.3601052743102943,196174.14,2180253.8,381,0,4,changing_coverage_not_matched_salience_or_probability_index; OI_not_positions
jobs_growth,macro,2026-09-04,375,32,32,2995,2909,0.356128977503316,178226.57,2235030.41,375,0,0,changing_coverage_not_matched_salience_or_probability_index; OI_not_positions
jobs_growth,macro,2026-09-05,232,26,26,2088,2064,0.3391648311740285,55202.79,1539970.01,232,0,0,changing_coverage_not_matched_salience_or_probability_index; OI_not_positions
jobs_growth,macro,2026-09-06,204,25,25,1187,1165,0.38226180186962794,7504.01,1537135.4,204,0,0,changing_coverage_not_matched_salience_or_probability_index; OI_not_positions
jobs_growth,macro,2026-09-07,162,23,23,1102,1039,0.38414576763815894,13406.89,1344041.47,162,0,0,changing_coverage_not_matched_salience_or_probability_index; OI_not_positions
jobs_growth,mention,2026-07-08,11,8,8,74,64,0.3333333333333333,18.48,1327.71,11,11,1,changing_coverage_not_matched_salience_or_probability_index; OI_not_positions
jobs_growth,mention,2026-07-09,12,9,7,182,126,0.3295238095238095,5241.66,6519.200000000001,12,1,0,changing_coverage_not_matched_salience_or_probability_index; OI_not_positions
jobs_growth,mention,2026-07-10,12,9,9,191,164,0.2803703703703704,54.12,6560.97,12,0,0,changing_coverage_not_matched_salience_or_probability_index; OI_not_positions
jobs_growth,mention,2026-07-11,11,8,8,176,143,0.3408333333333333,1802.43,2581.39,11,0,0,changing_coverage_not_matched_salience_or_probability_index; OI_not_positions
jobs_growth,mention,2026-07-12,11,8,8,179,156,0.3397916666666667,216.75,2629.1800000000003,11,0,0,changing_coverage_not_matched_salience_or_probability_index; OI_not_positions
jobs_growth,mention,2026-07-13,14,10,10,187,185,0.3665,535.7,2987.74,14,4,2,changing_coverage_not_matched_salience_or_probability_index; OI_not_positions
jobs_growth,mention,2026-07-14,15,10,10,210,209,0.21716666666666667,26806.77,24010.18,15,0,0,changing_coverage_not_matched_salience_or_probability_index; OI_not_positions
jobs_growth,mention,2026-07-15,6,3,3,78,77,0.4361111111111111,1293.17,4757.63,6,0,0,changing_coverage_not_matched_salience_or_probability_index; OI_not_positions
jobs_growth,mention,2026-07-16,5,2,2,55,55,0.6545833333333333,22.15,2266.53,5,0,0,changing_coverage_not_matched_salience_or_probability_index; OI_not_positions
jobs_growth,mention,2026-07-17,5,2,2,51,46,0.6508333333333334,117.09,2369.34,5,0,0,changing_coverage_not_matched_salience_or_probability_index; OI_not_positions
jobs_growth,mention,2026-07-18,5,2,2,64,64,0.6441666666666667,6.0,2373.34,5,0,0,changing_coverage_not_matched_salience_or_probability_index; OI_not_positions
jobs_growth,mention,2026-07-19,4,2,2,44,44,0.6233333333333333,82.5,1599.93,4,0,0,changing_coverage_not_matched_salience_or_probability_index; OI_not_positions
jobs_growth,mention,2026-07-20,5,2,2,70,70,0.625,169.34,2579.18,5,0,0,changing_coverage_not_matched_salience_or_probability_index; OI_not_positions
jobs_growth,mention,2026-07-21,8,5,5,113,106,0.5216666666666666,1568.09,3746.72,8,0,3,changing_coverage_not_matched_salience_or_probability_index; OI_not_positions
jobs_growth,mention,2026-07-22,8,5,4,168,129,0.5258333333333334,515.76,3788.7000000000003,8,0,0,changing_coverage_not_matched_salience_or_probability_index; OI_not_positions
jobs_growth,mention,2026-07-23,9,6,6,174,162,0.4043055555555556,2311.58,5657.05,9,1,1,changing_coverage_not_matched_salience_or_probability_index; OI_not_positions
jobs_growth,mention,2026-07-24,9,6,6,175,161,0.4093055555555556,1188.37,5729.95,9,0,0,changing_coverage_not_matched_salience_or_probability_index; OI_not_positions
jobs_growth,mention,2026-07-25,9,6,6,157,152,0.37763888888888886,1071.22,6569.38,9,0,0,changing_coverage_not_matched_salience_or_probability_index; OI_not_positions
jobs_growth,mention,2026-07-26,9,6,6,118,114,0.3863888888888889,4761.89,10428.91,9,0,0,changing_coverage_not_matched_salience_or_probability_index; OI_not_positions
jobs_growth,mention,2026-07-27,9,6,6,157,154,0.38166666666666665,1799.81,11187.96,9,0,0,changing_coverage_not_matched_salience_or_probability_index; OI_not_positions
jobs_growth,mention,2026-07-28,9,6,6,155,155,0.3834722222222222,5859.05,15144.34,9,0,0,changing_coverage_not_matched_salience_or_probability_index; OI_not_positions
jobs_growth,mention,2026-07-29,9,6,6,153,153,0.3388888888888889,40186.82,45784.840000000004,9,0,0,changing_coverage_not_matched_salience_or_probability_index; OI_not_positions
jobs_growth,mention,2026-07-30,8,5,5,81,77,0.37766666666666665,5544.99,9139.75,8,3,1,changing_coverage_not_matched_salience_or_probability_index; OI_not_positions
jobs_growth,mention,2026-07-31,8,5,5,63,63,0.39866666666666667,10780.19,19877.9,8,0,0,changing_coverage_not_matched_salience_or_probability_index; OI_not_positions
jobs_growth,mention,2026-08-01,7,4,4,71,71,0.38833333333333336,2315.75,6085.36,7,0,0,changing_coverage_not_matched_salience_or_probability_index; OI_not_positions
jobs_growth,mention,2026-08-02,7,4,4,100,100,0.43666666666666665,6773.99,11560.69,7,0,0,changing_coverage_not_matched_salience_or_probability_index; OI_not_positions
jobs_growth,mention,2026-08-03,6,4,4,71,71,0.375625,17848.920000000002,23039.58,6,0,0,changing_coverage_not_matched_salience_or_probability_index; OI_not_positions
jobs_growth,mention,2026-08-04,6,3,3,71,71,0.49083333333333334,169.31,4235.07,6,0,0,changing_coverage_not_matched_salience_or_probability_index; OI_not_positions
jobs_growth,mention,2026-08-05,6,3,3,68,67,0.3977777777777778,887.76,4950.04,6,0,0,changing_coverage_not_matched_salience_or_probability_index; OI_not_positions
jobs_growth,mention,2026-08-06,5,3,3,30,30,0.3233333333333333,335.04999999999995,5254.04,5,0,0,changing_coverage_not_matched_salience_or_probability_index; OI_not_positions
jobs_growth,mention,2026-08-07,5,2,2,38,38,0.5704166666666666,348.59999999999997,3826.44,5,0,0,changing_coverage_not_matched_salience_or_probability_index; OI_not_positions
jobs_growth,mention,2026-08-08,3,2,2,42,42,0.77,453.21,3800.71,3,0,0,changing_coverage_not_matched_salience_or_probability_index; OI_not_positions
jobs_growth,mention,2026-08-09,3,2,2,22,22,0.7725,7.33,3799.42,3,0,0,changing_coverage_not_matched_salience_or_probability_index; OI_not_positions
jobs_growth,mention,2026-08-10,5,2,2,39,39,0.55625,64.02,4166.75,5,0,0,changing_coverage_not_matched_salience_or_probability_index; OI_not_positions
jobs_growth,mention,2026-08-11,5,2,2,45,45,0.585,22.72,4186.47,5,0,0,changing_coverage_not_matched_salience_or_probability_index; OI_not_positions
jobs_growth,mention,2026-08-12,5,2,2,62,62,0.5841666666666666,41.339999999999996,4223.42,5,0,0,changing_coverage_not_matched_salience_or_probability_index; OI_not_positions
jobs_growth,mention,2026-08-13,4,2,2,35,35,0.4825,43.17,4251.0599999999995,4,0,0,changing_coverage_not_matched_salience_or_probability_index; OI_not_positions
jobs_growth,mention,2026-08-14,5,2,2,38,38,0.6029166666666667,48.290000000000006,4260.18,5,0,0,changing_coverage_not_matched_salience_or_probability_index; OI_not_positions
jobs_growth,mention,2026-08-15,3,2,2,11,11,0.5287499999999999,46.57,4256.7699999999995,3,0,0,changing_coverage_not_matched_salience_or_probability_index; OI_not_positions
jobs_growth,mention,2026-08-16,4,2,2,26,26,0.49624999999999997,207.34,4270.44,4,0,0,changing_coverage_not_matched_salience_or_probability_index; OI_not_positions
jobs_growth,mention,2026-08-17,5,2,2,51,51,0.56875,679.33,4048.0299999999997,5,0,0,changing_coverage_not_matched_salience_or_probability_index; OI_not_positions
jobs_growth,mention,2026-08-18,5,2,2,47,47,0.5620833333333333,2.48,4049.3500000000004,5,0,0,changing_coverage_not_matched_salience_or_probability_index; OI_not_positions
jobs_growth,mention,2026-08-19,5,2,2,64,64,0.5333333333333333,326.35,4289.36,5,0,0,changing_coverage_not_matched_salience_or_probability_index; OI_not_positions
jobs_growth,mention,2026-08-20,5,2,2,53,51,0.54125,7.76,4292.15,5,0,0,changing_coverage_not_matched_salience_or_probability_index; OI_not_positions
jobs_growth,mention,2026-08-21,4,2,2,53,53,0.43124999999999997,254.0,4395.7699999999995,4,0,0,changing_coverage_not_matched_salience_or_probability_index; OI_not_positions
jobs_growth,mention,2026-08-22,4,2,2,50,50,0.43624999999999997,166.07,4255.99,4,0,0,changing_coverage_not_matched_salience_or_probability_index; OI_not_positions
jobs_growth,mention,2026-08-23,4,2,2,46,46,0.44,23.41,4246.79,4,0,0,changing_coverage_not_matched_salience_or_probability_index; OI_not_positions
jobs_growth,mention,2026-08-24,5,2,2,49,49,0.53875,348.84,4283.33,5,0,0,changing_coverage_not_matched_salience_or_probability_index; OI_not_positions
jobs_growth,mention,2026-08-25,4,2,2,56,56,0.42125,431.87,4429.46,4,0,0,changing_coverage_not_matched_salience_or_probability_index; OI_not_positions
jobs_growth,mention,2026-08-26,5,2,2,52,52,0.5287499999999999,34.87,4466.37,5,0,0,changing_coverage_not_matched_salience_or_probability_index; OI_not_positions
jobs_growth,mention,2026-08-27,5,2,2,67,63,0.5345833333333334,24.54,4477.91,5,0,0,changing_coverage_not_matched_salience_or_probability_index; OI_not_positions
jobs_growth,mention,2026-08-28,5,2,2,70,70,0.62625,838.5600000000001,5155.35,5,0,0,changing_coverage_not_matched_salience_or_probability_index; OI_not_positions
jobs_growth,mention,2026-08-29,4,2,2,28,27,0.6775,78.16,4910.7,4,0,0,changing_coverage_not_matched_salience_or_probability_index; OI_not_positions
jobs_growth,mention,2026-08-30,4,2,2,27,27,0.5158333333333334,24.95,2560.7299999999996,4,0,0,changing_coverage_not_matched_salience_or_probability_index; OI_not_positions
jobs_growth,mention,2026-08-31,5,2,2,95,95,0.6245833333333333,405.68,5540.2,5,0,0,changing_coverage_not_matched_salience_or_probability_index; OI_not_positions
jobs_growth,mention,2026-09-01,5,2,2,100,100,0.6141666666666666,2206.6800000000003,7585.15,5,0,0,changing_coverage_not_matched_salience_or_probability_index; OI_not_positions
jobs_growth,mention,2026-09-02,4,2,2,96,96,0.5133333333333333,189.66,2839.03,4,0,0,changing_coverage_not_matched_salience_or_probability_index; OI_not_positions
jobs_growth,mention,2026-09-03,5,2,2,86,85,0.6141666666666666,464.37,8157.21,5,0,0,changing_coverage_not_matched_salience_or_probability_index; OI_not_positions
jobs_growth,mention,2026-09-04,5,2,2,71,68,0.6237499999999999,301.42,8418.86,5,0,0,changing_coverage_not_matched_salience_or_probability_index; OI_not_positions
jobs_growth,mention,2026-09-05,5,2,2,84,75,0.5549999999999999,646.82,8842.57,5,0,0,changing_coverage_not_matched_salience_or_probability_index; OI_not_positions
jobs_growth,mention,2026-09-06,5,2,2,97,97,0.5579166666666666,264.11,9099.19,5,0,0,changing_coverage_not_matched_salience_or_probability_index; OI_not_positions
jobs_growth,mention,2026-09-07,5,2,2,104,104,0.5241666666666667,1339.97,10282.47,5,0,0,changing_coverage_not_matched_salience_or_probability_index; OI_not_positions
jobs_growth,policy,2026-07-08,1,1,1,7,7,0.135,0.0,3957.06,1,1,0,changing_coverage_not_matched_salience_or_probability_index; OI_not_positions
jobs_growth,policy,2026-07-09,1,1,1,11,11,0.135,10.0,3967.06,1,0,0,changing_coverage_not_matched_salience_or_probability_index; OI_not_positions
jobs_growth,policy,2026-07-11,1,1,1,3,3,0.11499999999999999,0.0,3967.06,1,0,0,changing_coverage_not_matched_salience_or_probability_index; OI_not_positions
jobs_growth,policy,2026-07-13,1,1,1,1,1,0.155,183.23,3967.06,1,0,0,changing_coverage_not_matched_salience_or_probability_index; OI_not_positions
jobs_growth,policy,2026-07-14,1,1,1,2,2,0.16,0.0,3967.06,1,0,0,changing_coverage_not_matched_salience_or_probability_index; OI_not_positions
jobs_growth,policy,2026-07-15,1,1,1,1,1,0.15000000000000002,0.0,3967.06,1,0,0,changing_coverage_not_matched_salience_or_probability_index; OI_not_positions
jobs_growth,policy,2026-07-16,1,1,1,1,1,0.15000000000000002,59.02,3967.06,1,0,0,changing_coverage_not_matched_salience_or_probability_index; OI_not_positions
jobs_growth,policy,2026-07-17,1,1,1,9,9,0.15000000000000002,69.64,3977.06,1,0,0,changing_coverage_not_matched_salience_or_probability_index; OI_not_positions
jobs_growth,policy,2026-07-20,1,1,1,1,1,0.15000000000000002,0.0,3977.06,1,0,0,changing_coverage_not_matched_salience_or_probability_index; OI_not_positions
jobs_growth,policy,2026-07-21,1,1,1,1,1,0.15000000000000002,0.11,3977.06,1,0,0,changing_coverage_not_matched_salience_or_probability_index; OI_not_positions
jobs_growth,policy,2026-07-22,1,1,1,1,1,0.15000000000000002,118.05,4000.11,1,0,0,changing_coverage_not_matched_salience_or_probability_index; OI_not_positions
jobs_growth,policy,2026-07-23,1,1,1,9,9,0.175,1561.0,4000.11,1,0,0,changing_coverage_not_matched_salience_or_probability_index; OI_not_positions
jobs_growth,policy,2026-07-24,1,1,1,8,8,0.235,922.98,4886.53,1,0,0,changing_coverage_not_matched_salience_or_probability_index; OI_not_positions
jobs_growth,policy,2026-07-25,1,1,1,6,6,0.24,0.0,4886.53,1,0,0,changing_coverage_not_matched_salience_or_probability_index; OI_not_positions
jobs_growth,policy,2026-07-26,1,1,1,5,5,0.2,0.0,4886.53,1,0,0,changing_coverage_not_matched_salience_or_probability_index; OI_not_positions
jobs_growth,policy,2026-07-27,1,1,1,6,6,0.30500000000000005,1776.21,6650.74,1,0,0,changing_coverage_not_matched_salience_or_probability_index; OI_not_positions
jobs_growth,policy,2026-07-28,1,1,1,14,14,0.33999999999999997,118.2,6753.94,1,0,0,changing_coverage_not_matched_salience_or_probability_index; OI_not_positions
jobs_growth,policy,2026-07-29,1,1,1,23,23,0.26,27.52,6758.94,1,0,0,changing_coverage_not_matched_salience_or_probability_index; OI_not_positions
jobs_growth,policy,2026-07-30,1,1,1,22,22,0.22999999999999998,172.0,6748.28,1,0,0,changing_coverage_not_matched_salience_or_probability_index; OI_not_positions
jobs_growth,policy,2026-07-31,1,1,1,13,13,0.215,15.41,6743.28,1,0,0,changing_coverage_not_matched_salience_or_probability_index; OI_not_positions
jobs_growth,policy,2026-08-01,1,1,1,21,21,0.46499999999999997,3450.8799999999997,9550.75,1,0,0,changing_coverage_not_matched_salience_or_probability_index; OI_not_positions
jobs_growth,policy,2026-08-02,1,1,1,9,9,0.46499999999999997,180.16,9521.25,1,0,0,changing_coverage_not_matched_salience_or_probability_index; OI_not_positions
jobs_growth,policy,2026-08-03,1,1,1,7,7,0.46499999999999997,2.0,9521.25,1,0,0,changing_coverage_not_matched_salience_or_probability_index; OI_not_positions
jobs_growth,policy,2026-08-04,1,1,1,3,3,0.445,4.26,9525.51,1,0,0,changing_coverage_not_matched_salience_or_probability_index; OI_not_positions
jobs_growth,policy,2026-08-05,1,1,1,7,7,0.645,1098.2,10177.25,1,0,0,changing_coverage_not_matched_salience_or_probability_index; OI_not_positions
jobs_growth,policy,2026-08-06,1,1,1,20,20,0.44999999999999996,3184.32,11658.25,1,0,0,changing_coverage_not_matched_salience_or_probability_index; OI_not_positions
jobs_growth,policy,2026-08-07,8,2,2,37,37,0.34964285714285714,2790.57,13255.06,8,7,1,changing_coverage_not_matched_salience_or_probability_index; OI_not_positions
jobs_growth,policy,2026-08-08,8,2,2,25,25,0.2957142857142857,1108.01,13263.4,8,0,0,changing_coverage_not_matched_salience_or_probability_index; OI_not_positions
jobs_growth,policy,2026-08-09,8,2,2,41,41,0.29642857142857143,3.95,13264.59,8,0,0,changing_coverage_not_matched_salience_or_probability_index; OI_not_positions
jobs_growth,policy,2026-08-10,8,2,2,33,28,0.29642857142857143,71.17,13265.09,8,0,0,changing_coverage_not_matched_salience_or_probability_index; OI_not_positions
jobs_growth,policy,2026-08-11,8,2,2,34,22,0.30642857142857144,48.26,13273.06,8,0,0,changing_coverage_not_matched_salience_or_probability_index; OI_not_positions
jobs_growth,policy,2026-08-12,8,2,2,97,52,0.315,205.48,13236.09,8,0,0,changing_coverage_not_matched_salience_or_probability_index; OI_not_positions
jobs_growth,policy,2026-08-13,8,2,2,35,19,0.33625,0.0,13236.09,8,0,0,changing_coverage_not_matched_salience_or_probability_index; OI_not_positions
jobs_growth,policy,2026-08-14,2,2,1,26,24,0.355,20.84,13232.89,2,0,0,changing_coverage_not_matched_salience_or_probability_index; OI_not_positions
jobs_growth,policy,2026-08-15,8,2,1,27,13,0.355,95.31,13274.56,8,0,0,changing_coverage_not_matched_salience_or_probability_index; OI_not_positions
jobs_growth,policy,2026-08-16,1,1,1,23,23,0.345,0.0,13272.74,1,0,0,changing_coverage_not_matched_salience_or_probability_index; OI_not_positions
jobs_growth,policy,2026-08-17,1,1,1,19,19,0.365,75.31,13272.74,1,0,0,changing_coverage_not_matched_salience_or_probability_index; OI_not_positions
jobs_growth,policy,2026-08-18,8,2,2,30,30,0.3053571428571429,183.31,13274.56,8,0,0,changing_coverage_not_matched_salience_or_probability_index; OI_not_positions
jobs_growth,policy,2026-08-19,8,2,2,33,33,0.3003571428571429,41.32,13274.56,8,0,0,changing_coverage_not_matched_salience_or_probability_index; OI_not_positions
jobs_growth,policy,2026-08-20,8,2,2,45,33,0.30642857142857144,0.0,13274.56,8,0,0,changing_coverage_not_matched_salience_or_probability_index; OI_not_positions
jobs_growth,policy,2026-08-21,8,2,2,38,38,0.2957142857142857,14.87,13274.56,8,0,0,changing_coverage_not_matched_salience_or_probability_index; OI_not_positions
jobs_growth,policy,2026-08-22,4,2,2,25,25,0.43583333333333335,0.0,13272.74,4,0,0,changing_coverage_not_matched_salience_or_probability_index; OI_not_positions
jobs_growth,policy,2026-08-23,4,2,2,14,14,0.44083333333333335,0.0,13272.74,4,0,0,changing_coverage_not_matched_salience_or_probability_index; OI_not_positions
jobs_growth,policy,2026-08-24,5,2,2,16,16,0.39249999999999996,22.049999999999997,13289.48,5,0,0,changing_coverage_not_matched_salience_or_probability_index; OI_not_positions
jobs_growth,policy,2026-08-25,4,2,2,14,14,0.45416666666666666,0.77,13289.48,4,0,0,changing_coverage_not_matched_salience_or_probability_index; OI_not_positions
jobs_growth,policy,2026-08-26,8,2,2,57,57,0.3046428571428571,1.54,13291.3,8,0,0,changing_coverage_not_matched_salience_or_probability_index; OI_not_positions
jobs_growth,policy,2026-08-27,8,2,2,95,68,0.3117857142857143,841.5,13626.3,8,0,0,changing_coverage_not_matched_salience_or_probability_index; OI_not_positions
jobs_growth,policy,2026-08-28,6,2,2,41,41,0.34750000000000003,55.34,13626.89,6,0,0,changing_coverage_not_matched_salience_or_probability_index; OI_not_positions
jobs_growth,policy,2026-08-29,4,2,2,37,37,0.44833333333333336,76.96,13686.41,4,0,0,changing_coverage_not_matched_salience_or_probability_index; OI_not_positions
jobs_growth,policy,2026-08-30,4,2,2,33,33,0.44666666666666666,8.37,13694.78,4,0,0,changing_coverage_not_matched_salience_or_probability_index; OI_not_positions
jobs_growth,policy,2026-08-31,8,2,2,40,40,0.3117857142857143,75.28,13646.99,8,0,0,changing_coverage_not_matched_salience_or_probability_index; OI_not_positions
jobs_growth,policy,2026-09-01,8,2,2,43,43,0.3092857142857143,0.0,13646.99,8,0,0,changing_coverage_not_matched_salience_or_probability_index; OI_not_positions
jobs_growth,policy,2026-09-02,8,2,2,42,42,0.3242857142857143,613.67,14112.74,8,0,0,changing_coverage_not_matched_salience_or_probability_index; OI_not_positions
jobs_growth,policy,2026-09-03,8,2,2,67,53,0.3117857142857143,649.79,14117.74,8,0,0,changing_coverage_not_matched_salience_or_probability_index; OI_not_positions
jobs_growth,policy,2026-09-04,8,2,2,36,36,0.30107142857142855,15.18,14102.56,8,0,0,changing_coverage_not_matched_salience_or_probability_index; OI_not_positions
jobs_growth,policy,2026-09-05,1,1,1,14,14,0.355,52.55,14094.13,1,0,0,changing_coverage_not_matched_salience_or_probability_index; OI_not_positions
jobs_growth,policy,2026-09-06,3,2,2,16,16,0.51,112.43,14193.650000000001,3,0,0,changing_coverage_not_matched_salience_or_probability_index; OI_not_positions
jobs_growth,policy,2026-09-07,8,2,2,56,56,0.4932142857142857,4508.21,17268.9,8,0,1,changing_coverage_not_matched_salience_or_probability_index; OI_not_positions
taxes_fiscal,macro,2026-07-08,2,2,2,3,3,0.49999999999999994,0.0,20749.22,2,2,0,changing_coverage_not_matched_salience_or_probability_index; OI_not_positions
taxes_fiscal,macro,2026-07-09,13,2,2,122,122,0.08666666666666667,0.0,28178.16,13,0,0,changing_coverage_not_matched_salience_or_probability_index; OI_not_positions
taxes_fiscal,macro,2026-07-10,13,2,2,45,45,0.09104166666666666,0.0,28178.16,13,0,0,changing_coverage_not_matched_salience_or_probability_index; OI_not_positions
taxes_fiscal,macro,2026-07-11,9,2,2,14,14,0.1121875,422.65,25091.16,9,0,0,changing_coverage_not_matched_salience_or_probability_index; OI_not_positions
taxes_fiscal,macro,2026-07-12,1,1,1,4,4,0.9099999999999999,0.0,822.4,1,0,0,changing_coverage_not_matched_salience_or_probability_index; OI_not_positions
taxes_fiscal,macro,2026-07-13,6,2,2,8,8,0.1555,133.6,22952.76,6,0,0,changing_coverage_not_matched_salience_or_probability_index; OI_not_positions
taxes_fiscal,macro,2026-07-14,5,2,2,6,6,0.176875,29.0,22412.72,5,0,0,changing_coverage_not_matched_salience_or_probability_index; OI_not_positions
taxes_fiscal,macro,2026-07-15,2,2,2,5,5,0.5075,0.0,20380.72,2,0,0,changing_coverage_not_matched_salience_or_probability_index; OI_not_positions
taxes_fiscal,macro,2026-07-16,9,2,2,42,42,0.11937500000000001,659.49,24962.26,9,0,0,changing_coverage_not_matched_salience_or_probability_index; OI_not_positions
taxes_fiscal,macro,2026-07-17,8,2,2,32,32,0.12678571428571428,0.0,24258.72,8,0,0,changing_coverage_not_matched_salience_or_probability_index; OI_not_positions
taxes_fiscal,macro,2026-07-18,7,1,1,7,7,0.14857142857142858,0.0,4700.4,7,0,0,changing_coverage_not_matched_salience_or_probability_index; OI_not_positions
taxes_fiscal,macro,2026-07-19,2,2,2,5,5,0.4825,26.82,20372.72,2,0,0,changing_coverage_not_matched_salience_or_probability_index; OI_not_positions
taxes_fiscal,macro,2026-07-20,5,2,2,14,14,0.16999999999999998,20.3,21938.420000000002,5,0,0,changing_coverage_not_matched_salience_or_probability_index; OI_not_positions
taxes_fiscal,macro,2026-07-21,5,2,2,23,23,0.171875,13.52,22645.9,5,0,0,changing_coverage_not_matched_salience_or_probability_index; OI_not_positions
taxes_fiscal,macro,2026-07-22,2,2,2,14,14,0.48,0.0,20345.9,2,0,0,changing_coverage_not_matched_salience_or_probability_index; OI_not_positions
taxes_fiscal,macro,2026-07-23,8,2,2,28,28,0.12607142857142856,11.26,24231.9,8,0,0,changing_coverage_not_matched_salience_or_probability_index; OI_not_positions
taxes_fiscal,macro,2026-07-24,7,2,2,26,26,0.13583333333333333,11.26,23709.9,7,0,0,changing_coverage_not_matched_salience_or_probability_index; OI_not_positions
taxes_fiscal,macro,2026-07-25,2,2,2,11,11,0.065,0.0,20431.5,2,0,0,changing_coverage_not_matched_salience_or_probability_index; OI_not_positions
taxes_fiscal,macro,2026-07-26,4,2,2,12,12,0.19833333333333333,4.93,22034.9,4,0,0,changing_coverage_not_matched_salience_or_probability_index; OI_not_positions
taxes_fiscal,macro,2026-07-27,8,2,2,27,27,0.12678571428571428,0.0,24231.9,8,0,0,changing_coverage_not_matched_salience_or_probability_index; OI_not_positions
taxes_fiscal,macro,2026-07-28,7,2,2,32,32,0.13666666666666666,0.0,23709.9,7,0,0,changing_coverage_not_matched_salience_or_probability_index; OI_not_positions
taxes_fiscal,macro,2026-07-29,6,2,2,36,36,0.153,1.11,23025.9,6,0,0,changing_coverage_not_matched_salience_or_probability_index; OI_not_positions
taxes_fiscal,macro,2026-07-30,7,2,2,41,41,0.13916666666666666,0.11,23709.79,7,0,0,changing_coverage_not_matched_salience_or_probability_index; OI_not_positions
taxes_fiscal,macro,2026-07-31,4,2,2,33,33,0.2058333333333333,2.12,21861.79,4,0,0,changing_coverage_not_matched_salience_or_probability_index; OI_not_positions
taxes_fiscal,macro,2026-08-01,4,2,2,32,32,0.2033333333333333,53.19,21861.79,4,0,0,changing_coverage_not_matched_salience_or_probability_index; OI_not_positions
taxes_fiscal,macro,2026-08-02,4,2,2,29,29,0.20416666666666666,38.19,21798.98,4,0,0,changing_coverage_not_matched_salience_or_probability_index; OI_not_positions
taxes_fiscal,macro,2026-08-03,5,2,2,36,36,0.166875,2.0,22414.98,5,0,0,changing_coverage_not_matched_salience_or_probability_index; OI_not_positions
taxes_fiscal,macro,2026-08-04,6,2,2,33,33,0.15,45.4,22864.71,6,0,0,changing_coverage_not_matched_salience_or_probability_index; OI_not_positions
taxes_fiscal,macro,2026-08-05,4,2,2,30,30,0.20416666666666666,0.0,21863.52,4,0,0,changing_coverage_not_matched_salience_or_probability_index; OI_not_positions
taxes_fiscal,macro,2026-08-06,12,2,2,36,35,0.10159090909090909,0.0,27009.25,12,0,0,changing_coverage_not_matched_salience_or_probability_index; OI_not_positions
taxes_fiscal,macro,2026-08-07,12,2,2,58,53,0.06375,0.0,27009.25,12,0,0,changing_coverage_not_matched_salience_or_probability_index; OI_not_positions
taxes_fiscal,macro,2026-08-08,3,2,2,27,22,0.0625,0.0,21247.52,3,0,0,changing_coverage_not_matched_salience_or_probability_index; OI_not_positions
taxes_fiscal,macro,2026-08-09,5,2,2,30,30,0.0625,0.0,22048.69,5,0,0,changing_coverage_not_matched_salience_or_probability_index; OI_not_positions
taxes_fiscal,macro,2026-08-10,13,2,2,62,53,0.10958333333333334,1362.32,28841.25,13,0,0,changing_coverage_not_matched_salience_or_probability_index; OI_not_positions
taxes_fiscal,macro,2026-08-11,12,2,2,43,32,0.133125,0.0,28137.71,12,0,0,changing_coverage_not_matched_salience_or_probability_index; OI_not_positions
taxes_fiscal,macro,2026-08-12,13,2,2,52,52,0.09875,449.69,28841.25,13,0,0,changing_coverage_not_matched_salience_or_probability_index; OI_not_positions
taxes_fiscal,macro,2026-08-13,13,2,2,103,98,0.09541666666666666,632.04,29416.25,13,0,0,changing_coverage_not_matched_salience_or_probability_index; OI_not_positions
taxes_fiscal,macro,2026-08-14,13,2,2,179,177,0.106875,271.58,29389.06,13,0,0,changing_coverage_not_matched_salience_or_probability_index; OI_not_positions
taxes_fiscal,macro,2026-08-15,2,2,2,14,14,0.07,1895.03,20807.17,2,0,0,changing_coverage_not_matched_salience_or_probability_index; OI_not_positions
taxes_fiscal,macro,2026-08-16,5,2,2,14,14,0.176875,0.0,24203.0,5,0,0,changing_coverage_not_matched_salience_or_probability_index; OI_not_positions
taxes_fiscal,macro,2026-08-17,11,2,2,35,35,0.089,530.57,28691.300000000003,11,0,0,changing_coverage_not_matched_salience_or_probability_index; OI_not_positions
taxes_fiscal,macro,2026-08-18,11,2,2,37,37,0.094,0.0,28691.300000000003,11,0,0,changing_coverage_not_matched_salience_or_probability_index; OI_not_positions
taxes_fiscal,macro,2026-08-19,11,2,2,35,35,0.094,0.0,28691.300000000003,11,0,0,changing_coverage_not_matched_salience_or_probability_index; OI_not_positions
taxes_fiscal,macro,2026-08-20,11,2,2,58,57,0.079,2221.75,29351.260000000002,11,0,0,changing_coverage_not_matched_salience_or_probability_index; OI_not_positions
taxes_fiscal,macro,2026-08-21,11,2,2,47,47,0.084,1.0,29350.260000000002,11,0,0,changing_coverage_not_matched_salience_or_probability_index; OI_not_positions
taxes_fiscal,macro,2026-08-22,7,2,2,18,18,0.10833333333333334,10.47,26725.72,7,0,0,changing_coverage_not_matched_salience_or_probability_index; OI_not_positions
taxes_fiscal,macro,2026-08-23,3,2,2,20,20,0.2575,0.0,24318.53,3,0,0,changing_coverage_not_matched_salience_or_probability_index; OI_not_positions
taxes_fiscal,macro,2026-08-24,3,2,2,13,13,0.2575,0.0,24318.53,3,0,0,changing_coverage_not_matched_salience_or_probability_index; OI_not_positions
taxes_fiscal,macro,2026-08-25,7,2,2,23,23,0.10624999999999998,71.56,26608.719999999998,7,0,0,changing_coverage_not_matched_salience_or_probability_index; OI_not_positions
taxes_fiscal,macro,2026-08-26,26,4,4,128,51,0.49194444444444446,1038.75,29330.48,26,8,2,changing_coverage_not_matched_salience_or_probability_index; OI_not_positions
taxes_fiscal,macro,2026-08-27,26,4,4,477,355,0.3166145833333333,2007.85,29330.48,26,0,0,changing_coverage_not_matched_salience_or_probability_index; OI_not_positions
taxes_fiscal,macro,2026-08-28,22,4,4,404,382,0.337125,417.49,27049.43,22,0,0,changing_coverage_not_matched_salience_or_probability_index; OI_not_positions
taxes_fiscal,macro,2026-08-29,21,4,4,405,389,0.34953125,1.87,26601.43,21,0,0,changing_coverage_not_matched_salience_or_probability_index; OI_not_positions
taxes_fiscal,macro,2026-08-30,18,4,4,320,113,0.2946875,0.0,23087.13,18,0,0,changing_coverage_not_matched_salience_or_probability_index; OI_not_positions
taxes_fiscal,macro,2026-08-31,26,4,2,317,29,0.0763888888888889,90.36,29838.33,26,0,0,changing_coverage_not_matched_salience_or_probability_index; OI_not_positions
taxes_fiscal,macro,2026-09-01,26,4,2,176,23,0.08138888888888889,0.0,29838.33,26,0,0,changing_coverage_not_matched_salience_or_probability_index; OI_not_positions
taxes_fiscal,macro,2026-09-02,26,4,4,266,218,0.31559027777777776,7.0,29832.33,26,0,0,changing_coverage_not_matched_salience_or_probability_index; OI_not_positions
taxes_fiscal,macro,2026-09-03,28,4,4,151,108,0.31099431818181816,0.0,31399.33,28,0,0,changing_coverage_not_matched_salience_or_probability_index; OI_not_positions
taxes_fiscal,macro,2026-09-04,26,4,4,42,42,0.3112847222222222,0.0,29832.33,26,0,0,changing_coverage_not_matched_salience_or_probability_index; OI_not_positions
taxes_fiscal,macro,2026-09-05,5,2,2,15,15,0.126875,0.0,26685.79,5,0,0,changing_coverage_not_matched_salience_or_probability_index; OI_not_positions
taxes_fiscal,macro,2026-09-06,3,2,2,16,16,0.2325,5.75,25502.4,3,0,0,changing_coverage_not_matched_salience_or_probability_index; OI_not_positions
taxes_fiscal,macro,2026-09-07,2,1,1,18,18,0.45,0.0,3224.91,2,0,0,changing_coverage_not_matched_salience_or_probability_index; OI_not_positions
taxes_fiscal,mention,2026-07-08,4,3,2,21,20,0.16375,6.96,1075.33,4,4,0,changing_coverage_not_matched_salience_or_probability_index; OI_not_positions
taxes_fiscal,mention,2026-07-09,4,3,2,52,47,0.1725,957.02,1885.11,4,0,0,changing_coverage_not_matched_salience_or_probability_index; OI_not_positions
taxes_fiscal,mention,2026-07-10,5,4,3,70,46,0.13999999999999999,4146.28,5197.88,5,0,1,changing_coverage_not_matched_salience_or_probability_index; OI_not_positions
taxes_fiscal,mention,2026-07-11,3,2,2,36,36,0.15875,0.0,10.0,3,0,0,changing_coverage_not_matched_salience_or_probability_index; OI_not_positions
taxes_fiscal,mention,2026-07-12,2,1,1,7,7,0.18,0.0,0.0,2,0,0,changing_coverage_not_matched_salience_or_probability_index; OI_not_positions
taxes_fiscal,mention,2026-07-13,4,3,3,26,24,0.1125,15361.26,15292.42,4,1,1,changing_coverage_not_matched_salience_or_probability_index; OI_not_positions
taxes_fiscal,mention,2026-07-14,4,3,3,34,24,0.11416666666666668,1089.4,1190.64,4,1,1,changing_coverage_not_matched_salience_or_probability_index; OI_not_positions
taxes_fiscal,mention,2026-07-15,4,3,2,42,35,0.145,157.73,259.36,4,1,1,changing_coverage_not_matched_salience_or_probability_index; OI_not_positions
taxes_fiscal,mention,2026-07-16,6,5,3,71,51,0.09000000000000001,3698.69,3814.1,6,0,2,changing_coverage_not_matched_salience_or_probability_index; OI_not_positions
taxes_fiscal,mention,2026-07-17,4,3,2,47,24,0.23500000000000001,805.0,905.0,4,0,0,changing_coverage_not_matched_salience_or_probability_index; OI_not_positions
taxes_fiscal,mention,2026-07-18,4,3,3,61,49,0.2866666666666667,107.22,1012.22,4,0,0,changing_coverage_not_matched_salience_or_probability_index; OI_not_positions
taxes_fiscal,mention,2026-07-19,4,3,3,54,47,0.0925,1744.57,2548.23,4,0,0,changing_coverage_not_matched_salience_or_probability_index; OI_not_positions
taxes_fiscal,mention,2026-07-20,4,3,2,58,54,0.19125,25.98,1011.2,4,1,1,changing_coverage_not_matched_salience_or_probability_index; OI_not_positions
taxes_fiscal,mention,2026-07-21,4,3,2,65,63,0.11249999999999999,895.52,474.83000000000004,4,0,1,changing_coverage_not_matched_salience_or_probability_index; OI_not_positions
taxes_fiscal,mention,2026-07-22,4,3,3,77,64,0.41333333333333333,1706.0900000000001,1887.41,4,0,0,changing_coverage_not_matched_salience_or_probability_index; OI_not_positions
taxes_fiscal,mention,2026-07-23,5,4,3,70,66,0.2683333333333333,3384.54,3673.2000000000003,5,1,2,changing_coverage_not_matched_salience_or_probability_index; OI_not_positions
taxes_fiscal,mention,2026-07-24,5,4,3,92,65,0.30166666666666664,453.69,857.19,5,1,1,changing_coverage_not_matched_salience_or_probability_index; OI_not_positions
taxes_fiscal,mention,2026-07-25,5,4,3,84,59,0.31833333333333336,4460.09,3941.3199999999997,5,0,0,changing_coverage_not_matched_salience_or_probability_index; OI_not_positions
taxes_fiscal,mention,2026-07-26,5,4,3,74,50,0.315,1793.7,5021.22,5,0,0,changing_coverage_not_matched_salience_or_probability_index; OI_not_positions
taxes_fiscal,mention,2026-07-27,6,5,4,76,59,0.4075,1596.58,5549.089999999999,6,1,1,changing_coverage_not_matched_salience_or_probability_index; OI_not_positions
taxes_fiscal,mention,2026-07-28,5,4,4,77,66,0.30125,1199.19,6058.23,5,0,0,changing_coverage_not_matched_salience_or_probability_index; OI_not_positions
taxes_fiscal,mention,2026-07-29,6,5,5,71,64,0.462,15599.59,18003.350000000002,6,0,1,changing_coverage_not_matched_salience_or_probability_index; OI_not_positions
taxes_fiscal,mention,2026-07-30,5,4,4,59,47,0.270625,226.02,197.57,5,2,1,changing_coverage_not_matched_salience_or_probability_index; OI_not_positions
taxes_fiscal,mention,2026-07-31,5,4,4,39,34,0.18812500000000001,177.82,315.74,5,0,0,changing_coverage_not_matched_salience_or_probability_index; OI_not_positions
taxes_fiscal,mention,2026-08-01,5,4,4,55,44,0.226875,309.74,574.5799999999999,5,0,0,changing_coverage_not_matched_salience_or_probability_index; OI_not_positions
taxes_fiscal,mention,2026-08-02,4,4,4,78,65,0.23875000000000002,299.35,738.27,4,0,0,changing_coverage_not_matched_salience_or_probability_index; OI_not_positions
taxes_fiscal,mention,2026-08-03,6,5,5,73,70,0.3975,3115.7200000000003,3722.7799999999997,6,0,1,changing_coverage_not_matched_salience_or_probability_index; OI_not_positions
taxes_fiscal,mention,2026-08-04,7,6,6,74,73,0.23541666666666666,18607.88,17819.100000000002,7,0,2,changing_coverage_not_matched_salience_or_probability_index; OI_not_positions
taxes_fiscal,mention,2026-08-05,7,6,6,64,63,0.20666666666666667,4528.83,3358.39,7,0,1,changing_coverage_not_matched_salience_or_probability_index; OI_not_positions
taxes_fiscal,mention,2026-08-06,5,4,4,39,39,0.330625,18.05,344.06,5,0,1,changing_coverage_not_matched_salience_or_probability_index; OI_not_positions
taxes_fiscal,mention,2026-08-07,6,5,5,53,51,0.282,5161.81,5477.66,6,1,1,changing_coverage_not_matched_salience_or_probability_index; OI_not_positions
taxes_fiscal,mention,2026-08-08,4,3,3,36,35,0.25,171.47,258.09000000000003,4,0,0,changing_coverage_not_matched_salience_or_probability_index; OI_not_positions
taxes_fiscal,mention,2026-08-09,3,3,3,24,20,0.16666666666666669,240.72,328.28999999999996,3,0,0,changing_coverage_not_matched_salience_or_probability_index; OI_not_positions
taxes_fiscal,mention,2026-08-10,5,4,4,37,31,0.34375,1836.1699999999998,1735.25,5,0,1,changing_coverage_not_matched_salience_or_probability_index; OI_not_positions
taxes_fiscal,mention,2026-08-11,4,3,3,58,51,0.24333333333333332,886.89,778.14,4,0,0,changing_coverage_not_matched_salience_or_probability_index; OI_not_positions
taxes_fiscal,mention,2026-08-12,4,3,3,53,48,0.3983333333333333,1261.5900000000001,1647.45,4,0,0,changing_coverage_not_matched_salience_or_probability_index; OI_not_positions
taxes_fiscal,mention,2026-08-13,2,2,2,26,26,0.10750000000000001,8.55,66.16,2,0,0,changing_coverage_not_matched_salience_or_probability_index; OI_not_positions
taxes_fiscal,mention,2026-08-14,3,2,2,40,40,0.12125,18.29,140.28,3,0,0,changing_coverage_not_matched_salience_or_probability_index; OI_not_positions
taxes_fiscal,mention,2026-08-15,1,1,1,24,24,0.09,0.0,71.27,1,0,0,changing_coverage_not_matched_salience_or_probability_index; OI_not_positions
taxes_fiscal,mention,2026-08-16,3,2,2,24,24,0.08499999999999999,320.7,439.27000000000004,3,0,0,changing_coverage_not_matched_salience_or_probability_index; OI_not_positions
taxes_fiscal,mention,2026-08-17,3,2,2,41,41,0.08875,546.35,985.62,3,0,0,changing_coverage_not_matched_salience_or_probability_index; OI_not_positions
taxes_fiscal,mention,2026-08-18,4,3,3,43,42,0.2658333333333333,1868.56,2854.1800000000003,4,1,1,changing_coverage_not_matched_salience_or_probability_index; OI_not_positions
taxes_fiscal,mention,2026-08-19,4,3,3,57,52,0.5483333333333333,785.78,774.25,4,1,1,changing_coverage_not_matched_salience_or_probability_index; OI_not_positions
taxes_fiscal,mention,2026-08-20,4,3,3,61,59,0.5483333333333333,594.44,1214.91,4,0,0,changing_coverage_not_matched_salience_or_probability_index; OI_not_positions
taxes_fiscal,mention,2026-08-21,5,4,4,75,73,0.611875,36768.37,16094.57,5,1,1,changing_coverage_not_matched_salience_or_probability_index; OI_not_positions
taxes_fiscal,mention,2026-08-22,4,3,3,73,71,0.5341666666666667,315.02,1072.09,4,0,0,changing_coverage_not_matched_salience_or_probability_index; OI_not_positions
taxes_fiscal,mention,2026-08-23,3,3,3,45,45,0.5066666666666667,1869.87,2663.68,3,0,0,changing_coverage_not_matched_salience_or_probability_index; OI_not_positions
taxes_fiscal,mention,2026-08-24,5,4,4,66,64,0.701875,18286.8,16994.239999999998,5,1,1,changing_coverage_not_matched_salience_or_probability_index; OI_not_positions
taxes_fiscal,mention,2026-08-25,3,2,2,30,30,0.15375,39217.34,22864.64,3,0,0,changing_coverage_not_matched_salience_or_probability_index; OI_not_positions
taxes_fiscal,mention,2026-08-26,3,2,2,11,11,0.3775,0.0,126.19,3,1,1,changing_coverage_not_matched_salience_or_probability_index; OI_not_positions
taxes_fiscal,mention,2026-08-27,4,3,3,42,34,0.48583333333333334,0.0,126.19,4,1,1,changing_coverage_not_matched_salience_or_probability_index; OI_not_positions
taxes_fiscal,mention,2026-08-28,5,4,4,28,28,0.55,101.23,227.42,5,0,1,changing_coverage_not_matched_salience_or_probability_index; OI_not_positions
taxes_fiscal,mention,2026-08-29,5,4,4,29,23,0.51,443.04,568.62,5,0,0,changing_coverage_not_matched_salience_or_probability_index; OI_not_positions
taxes_fiscal,mention,2026-08-30,5,4,4,27,27,0.511875,145.88,714.5,5,0,0,changing_coverage_not_matched_salience_or_probability_index; OI_not_positions
taxes_fiscal,mention,2026-08-31,5,4,4,74,74,0.556875,8217.93,8244.74,5,0,0,changing_coverage_not_matched_salience_or_probability_index; OI_not_positions
taxes_fiscal,mention,2026-09-01,4,3,3,60,60,0.41083333333333333,36.120000000000005,584.68,4,0,0,changing_coverage_not_matched_salience_or_probability_index; OI_not_positions
taxes_fiscal,mention,2026-09-02,4,3,3,65,65,0.4366666666666667,18.52,590.5899999999999,4,0,0,changing_coverage_not_matched_salience_or_probability_index; OI_not_positions
taxes_fiscal,mention,2026-09-03,4,3,3,68,66,0.4341666666666667,12.61,590.5899999999999,4,0,0,changing_coverage_not_matched_salience_or_probability_index; OI_not_positions
taxes_fiscal,mention,2026-09-04,4,3,3,50,50,0.4141666666666667,13.83,604.42,4,0,0,changing_coverage_not_matched_salience_or_probability_index; OI_not_positions
taxes_fiscal,mention,2026-09-05,4,3,3,62,62,0.4125,3.18,607.6,4,0,0,changing_coverage_not_matched_salience_or_probability_index; OI_not_positions
taxes_fiscal,mention,2026-09-06,4,3,3,60,60,0.4275,106.46000000000001,713.0600000000001,4,0,0,changing_coverage_not_matched_salience_or_probability_index; OI_not_positions
taxes_fiscal,mention,2026-09-07,4,3,3,63,63,0.41,33.15,745.0600000000001,4,0,0,changing_coverage_not_matched_salience_or_probability_index; OI_not_positions
taxes_fiscal,policy,2026-07-08,37,19,19,104,104,0.23474912280701754,7901.29,444510.43,37,12,0,changing_coverage_not_matched_salience_or_probability_index; OI_not_positions
taxes_fiscal,policy,2026-07-09,56,23,23,331,324,0.2119935817805383,4614.32,466132.23000000004,56,7,1,changing_coverage_not_matched_salience_or_probability_index; OI_not_positions
taxes_fiscal,policy,2026-07-10,70,27,27,422,420,0.20885008818342152,2622.78,463516.49,70,0,0,changing_coverage_not_matched_salience_or_probability_index; OI_not_positions
taxes_fiscal,policy,2026-07-11,47,22,22,430,430,0.2157939393939394,4591.24,389269.89,47,0,0,changing_coverage_not_matched_salience_or_probability_index; OI_not_positions
taxes_fiscal,policy,2026-07-12,56,23,23,316,316,0.25759083850931674,7972.69,438588.75,56,0,0,changing_coverage_not_matched_salience_or_probability_index; OI_not_positions
taxes_fiscal,policy,2026-07-13,51,23,23,287,287,0.218518115942029,10648.19,465067.2,51,0,1,changing_coverage_not_matched_salience_or_probability_index; OI_not_positions
taxes_fiscal,policy,2026-07-14,61,24,24,397,395,0.22154907407407406,27124.06,540560.15,61,2,0,changing_coverage_not_matched_salience_or_probability_index; OI_not_positions
taxes_fiscal,policy,2026-07-15,50,24,24,422,422,0.19728819444444445,10008.79,517902.97000000003,50,0,0,changing_coverage_not_matched_salience_or_probability_index; OI_not_positions
taxes_fiscal,policy,2026-07-16,65,27,27,517,517,0.26888756613756615,29186.329999999998,548901.35,65,0,0,changing_coverage_not_matched_salience_or_probability_index; OI_not_positions
taxes_fiscal,policy,2026-07-17,61,26,26,467,458,0.2522679487179487,16461.07,552471.49,61,0,0,changing_coverage_not_matched_salience_or_probability_index; OI_not_positions
taxes_fiscal,policy,2026-07-18,67,27,27,462,462,0.2500982363315697,4325.86,502710.49,67,0,0,changing_coverage_not_matched_salience_or_probability_index; OI_not_positions
taxes_fiscal,policy,2026-07-19,43,24,24,364,364,0.22601388888888888,12832.34,528086.84,43,0,0,changing_coverage_not_matched_salience_or_probability_index; OI_not_positions
taxes_fiscal,policy,2026-07-20,55,25,25,416,416,0.21784066666666665,4027.95,567823.0599999999,55,0,0,changing_coverage_not_matched_salience_or_probability_index; OI_not_positions
taxes_fiscal,policy,2026-07-21,64,26,26,529,529,0.27446923076923074,8247.8,558886.25,64,0,0,changing_coverage_not_matched_salience_or_probability_index; OI_not_positions
taxes_fiscal,policy,2026-07-22,73,28,28,522,518,0.2693611111111111,31089.37,565707.42,73,5,1,changing_coverage_not_matched_salience_or_probability_index; OI_not_positions
taxes_fiscal,policy,2026-07-23,81,27,26,564,484,0.24672680097680097,16087.18,561062.62,81,0,0,changing_coverage_not_matched_salience_or_probability_index; OI_not_positions
taxes_fiscal,policy,2026-07-24,69,28,28,462,431,0.2348511904761905,3141.33,552808.46,69,0,0,changing_coverage_not_matched_salience_or_probability_index; OI_not_positions
taxes_fiscal,policy,2026-07-25,65,29,29,423,423,0.23932676518883417,1303.33,552330.37,65,0,0,changing_coverage_not_matched_salience_or_probability_index; OI_not_positions
taxes_fiscal,policy,2026-07-26,61,26,26,371,371,0.25929807692307694,3444.95,560507.96,61,0,0,changing_coverage_not_matched_salience_or_probability_index; OI_not_positions
taxes_fiscal,policy,2026-07-27,41,23,23,323,323,0.24975,3812.51,521636.0,41,0,1,changing_coverage_not_matched_salience_or_probability_index; OI_not_positions
taxes_fiscal,policy,2026-07-28,84,30,30,728,725,0.26158333333333333,26524.49,535483.52,84,16,1,changing_coverage_not_matched_salience_or_probability_index; OI_not_positions
taxes_fiscal,policy,2026-07-29,73,28,28,647,647,0.300858843537415,6545.37,533095.4,73,0,0,changing_coverage_not_matched_salience_or_probability_index; OI_not_positions
taxes_fiscal,policy,2026-07-30,96,32,32,786,786,0.24869847470238096,4030.69,566700.1,96,0,0,changing_coverage_not_matched_salience_or_probability_index; OI_not_positions
taxes_fiscal,policy,2026-07-31,79,28,28,697,697,0.28989243197278913,1969.41,516459.12,79,0,0,changing_coverage_not_matched_salience_or_probability_index; OI_not_positions
taxes_fiscal,policy,2026-08-01,84,29,29,634,634,0.27543419540229885,2056.35,554327.54,84,0,0,changing_coverage_not_matched_salience_or_probability_index; OI_not_positions
taxes_fiscal,policy,2026-08-02,60,24,24,375,375,0.25841587301587304,4233.38,500697.12,60,0,0,changing_coverage_not_matched_salience_or_probability_index; OI_not_positions
taxes_fiscal,policy,2026-08-03,81,28,28,376,376,0.2855794005102041,4353.18,512894.53,81,0,1,changing_coverage_not_matched_salience_or_probability_index; OI_not_positions
taxes_fiscal,policy,2026-08-04,91,29,29,564,564,0.2862818144499179,3387.68,541542.28,91,0,0,changing_coverage_not_matched_salience_or_probability_index; OI_not_positions
taxes_fiscal,policy,2026-08-05,78,28,28,615,615,0.29818005952380955,2803.5,534773.8,78,1,0,changing_coverage_not_matched_salience_or_probability_index; OI_not_positions
taxes_fiscal,policy,2026-08-06,95,32,32,653,652,0.27793833705357146,4103.34,538621.0,95,0,0,changing_coverage_not_matched_salience_or_probability_index; OI_not_positions
taxes_fiscal,policy,2026-08-07,112,35,35,789,787,0.2713990362811791,12952.61,566828.96,112,9,2,changing_coverage_not_matched_salience_or_probability_index; OI_not_positions
taxes_fiscal,policy,2026-08-08,105,32,32,624,624,0.2953334697420635,15685.53,543996.71,105,0,0,changing_coverage_not_matched_salience_or_probability_index; OI_not_positions
taxes_fiscal,policy,2026-08-09,101,30,30,454,452,0.27048900793650793,5988.96,533697.5599999999,101,0,0,changing_coverage_not_matched_salience_or_probability_index; OI_not_positions
taxes_fiscal,policy,2026-08-10,76,29,29,374,370,0.22664306239737275,2717.7000000000003,574380.4299999999,76,0,0,changing_coverage_not_matched_salience_or_probability_index; OI_not_positions
taxes_fiscal,policy,2026-08-11,122,35,35,741,561,0.30120725623582767,3642.51,590982.1799999999,122,0,0,changing_coverage_not_matched_salience_or_probability_index; OI_not_positions
taxes_fiscal,policy,2026-08-12,127,36,36,1394,1020,0.2663702601410935,3479.91,568329.65,127,1,1,changing_coverage_not_matched_salience_or_probability_index; OI_not_positions
taxes_fiscal,policy,2026-08-13,124,36,35,1004,906,0.2664865929705215,4761.01,589080.84,124,0,0,changing_coverage_not_matched_salience_or_probability_index; OI_not_positions
taxes_fiscal,policy,2026-08-14,121,34,34,1249,1194,0.25335540382819793,6252.39,595490.19,121,1,0,changing_coverage_not_matched_salience_or_probability_index; OI_not_positions
taxes_fiscal,policy,2026-08-15,110,34,33,550,534,0.27136550024050027,2287.2000000000003,564338.09,110,0,0,changing_coverage_not_matched_salience_or_probability_index; OI_not_positions
taxes_fiscal,policy,2026-08-16,87,33,33,406,406,0.29646933621933624,3713.99,550656.97,87,0,0,changing_coverage_not_matched_salience_or_probability_index; OI_not_positions
taxes_fiscal,policy,2026-08-17,109,37,37,755,743,0.2697186936936937,5242.57,580064.0599999999,109,4,5,changing_coverage_not_matched_salience_or_probability_index; OI_not_positions
taxes_fiscal,policy,2026-08-18,128,41,41,768,759,0.2699862320944638,1462.43,600282.52,128,0,0,changing_coverage_not_matched_salience_or_probability_index; OI_not_positions
taxes_fiscal,policy,2026-08-19,128,41,41,1122,1054,0.28640805265195507,4617.23,603906.44,128,0,2,changing_coverage_not_matched_salience_or_probability_index; OI_not_positions
taxes_fiscal,policy,2026-08-20,138,43,43,1131,1048,0.29102725175341454,1051.08,597325.36,138,0,0,changing_coverage_not_matched_salience_or_probability_index; OI_not_positions
taxes_fiscal,policy,2026-08-21,140,42,42,1254,1248,0.28800788926681786,5184.23,597975.9299999999,140,0,0,changing_coverage_not_matched_salience_or_probability_index; OI_not_positions
taxes_fiscal,policy,2026-08-22,126,39,39,943,939,0.2815005698005698,1235.28,588384.98,126,0,0,changing_coverage_not_matched_salience_or_probability_index; OI_not_positions
taxes_fiscal,policy,2026-08-23,118,39,39,714,712,0.29283667073667075,1643.16,563810.1799999999,118,0,0,changing_coverage_not_matched_salience_or_probability_index; OI_not_positions
taxes_fiscal,policy,2026-08-24,143,42,42,708,627,0.2653150982615268,1077.18,599687.23,143,0,1,changing_coverage_not_matched_salience_or_probability_index; OI_not_positions
taxes_fiscal,policy,2026-08-25,137,41,41,844,733,0.29730153890824623,12047.9,600145.5,137,0,0,changing_coverage_not_matched_salience_or_probability_index; OI_not_positions
taxes_fiscal,policy,2026-08-26,148,44,44,1228,1078,0.2939363501082251,52816.47,647787.98,148,0,0,changing_coverage_not_matched_salience_or_probability_index; OI_not_positions
taxes_fiscal,policy,2026-08-27,151,44,44,1929,1600,0.2864964736652237,24153.79,668882.96,151,0,0,changing_coverage_not_matched_salience_or_probability_index; OI_not_positions
taxes_fiscal,policy,2026-08-28,139,42,42,1017,1017,0.2926390117157974,6859.16,665104.22,139,0,0,changing_coverage_not_matched_salience_or_probability_index; OI_not_positions
taxes_fiscal,policy,2026-08-29,135,43,43,1013,1004,0.2976194398301956,3016.41,674559.1900000001,135,0,0,changing_coverage_not_matched_salience_or_probability_index; OI_not_positions
taxes_fiscal,policy,2026-08-30,130,39,39,860,826,0.33129832112332114,9479.58,658929.94,130,0,0,changing_coverage_not_matched_salience_or_probability_index; OI_not_positions
taxes_fiscal,policy,2026-08-31,155,44,44,1143,1083,0.2861426993145743,5882.04,699182.68,155,0,0,changing_coverage_not_matched_salience_or_probability_index; OI_not_positions
taxes_fiscal,policy,2026-09-01,150,44,44,963,957,0.28811920995671,8454.34,694428.84,150,0,0,changing_coverage_not_matched_salience_or_probability_index; OI_not_positions
taxes_fiscal,policy,2026-09-02,150,45,45,936,932,0.2873678571428571,45723.649999999994,730304.36,150,0,1,changing_coverage_not_matched_salience_or_probability_index; OI_not_positions
taxes_fiscal,policy,2026-09-03,149,45,45,1214,1061,0.2830836287477954,8075.34,715860.6,149,0,0,changing_coverage_not_matched_salience_or_probability_index; OI_not_positions
taxes_fiscal,policy,2026-09-04,142,44,43,791,783,0.25607715946843856,6460.76,675980.91,142,0,0,changing_coverage_not_matched_salience_or_probability_index; OI_not_positions
taxes_fiscal,policy,2026-09-05,72,36,36,517,467,0.2365148478835979,7528.37,650062.5,72,2,1,changing_coverage_not_matched_salience_or_probability_index; OI_not_positions
taxes_fiscal,policy,2026-09-06,99,43,43,525,486,0.32166495939461054,8807.87,573465.46,99,0,0,changing_coverage_not_matched_salience_or_probability_index; OI_not_positions
taxes_fiscal,policy,2026-09-07,84,35,35,388,388,0.25632253401360544,10950.970000000001,593285.61,84,0,1,changing_coverage_not_matched_salience_or_probability_index; OI_not_positions
trade_tariffs,macro,2026-07-08,1,1,1,2,2,0.9199999999999999,0.0,822.4,1,1,0,changing_coverage_not_matched_salience_or_probability_index; OI_not_positions
trade_tariffs,macro,2026-07-09,12,1,1,121,121,0.09333333333333334,0.0,8251.34,12,0,0,changing_coverage_not_matched_salience_or_probability_index; OI_not_positions
trade_tariffs,macro,2026-07-10,12,1,1,43,43,0.09708333333333334,0.0,8251.34,12,0,0,changing_coverage_not_matched_salience_or_probability_index; OI_not_positions
trade_tariffs,macro,2026-07-11,8,1,1,13,13,0.139375,188.65,5398.34,8,0,0,changing_coverage_not_matched_salience_or_probability_index; OI_not_positions
trade_tariffs,macro,2026-07-12,1,1,1,4,4,0.9099999999999999,0.0,822.4,1,0,0,changing_coverage_not_matched_salience_or_probability_index; OI_not_positions
trade_tariffs,macro,2026-07-13,5,1,1,5,5,0.206,13.6,3379.94,5,0,0,changing_coverage_not_matched_salience_or_probability_index; OI_not_positions
trade_tariffs,macro,2026-07-14,4,1,1,4,4,0.24874999999999997,0.0,2854.4,4,0,0,changing_coverage_not_matched_salience_or_probability_index; OI_not_positions
trade_tariffs,macro,2026-07-15,1,1,1,4,4,0.9099999999999999,0.0,822.4,1,0,0,changing_coverage_not_matched_salience_or_probability_index; OI_not_positions
trade_tariffs,macro,2026-07-16,8,1,1,22,22,0.13375,659.49,5403.94,8,0,0,changing_coverage_not_matched_salience_or_probability_index; OI_not_positions
trade_tariffs,macro,2026-07-17,7,1,1,10,10,0.14857142857142858,0.0,4700.4,7,0,0,changing_coverage_not_matched_salience_or_probability_index; OI_not_positions
trade_tariffs,macro,2026-07-18,7,1,1,7,7,0.14857142857142858,0.0,4700.4,7,0,0,changing_coverage_not_matched_salience_or_probability_index; OI_not_positions
trade_tariffs,macro,2026-07-19,1,1,1,3,3,0.86,0.0,814.4,1,0,0,changing_coverage_not_matched_salience_or_probability_index; OI_not_positions
trade_tariffs,macro,2026-07-20,4,1,1,6,6,0.235,0.0,2400.4,4,0,0,changing_coverage_not_matched_salience_or_probability_index; OI_not_positions
trade_tariffs,macro,2026-07-21,4,1,1,4,4,0.23875,7.0,3114.4,4,0,0,changing_coverage_not_matched_salience_or_probability_index; OI_not_positions
trade_tariffs,macro,2026-07-22,1,1,1,1,1,0.855,0.0,814.4,1,0,0,changing_coverage_not_matched_salience_or_probability_index; OI_not_positions
trade_tariffs,macro,2026-07-23,7,1,1,21,21,0.14714285714285713,11.26,4700.4,7,0,0,changing_coverage_not_matched_salience_or_probability_index; OI_not_positions
trade_tariffs,macro,2026-07-24,6,1,1,17,17,0.16666666666666666,11.26,4178.4,6,0,0,changing_coverage_not_matched_salience_or_probability_index; OI_not_positions
trade_tariffs,macro,2026-07-25,1,1,1,6,6,0.025,0.0,900.0,1,0,0,changing_coverage_not_matched_salience_or_probability_index; OI_not_positions
trade_tariffs,macro,2026-07-26,3,1,1,8,8,0.2916666666666667,4.93,2503.4,3,0,0,changing_coverage_not_matched_salience_or_probability_index; OI_not_positions
trade_tariffs,macro,2026-07-27,7,1,1,22,22,0.14857142857142858,0.0,4700.4,7,0,0,changing_coverage_not_matched_salience_or_probability_index; OI_not_positions
trade_tariffs,macro,2026-07-28,6,1,1,19,19,0.16833333333333333,0.0,4178.4,6,0,0,changing_coverage_not_matched_salience_or_probability_index; OI_not_positions
trade_tariffs,macro,2026-07-29,5,1,1,14,14,0.196,1.11,3494.4,5,0,0,changing_coverage_not_matched_salience_or_probability_index; OI_not_positions
trade_tariffs,macro,2026-07-30,6,1,1,19,19,0.16833333333333333,0.11,4178.29,6,0,0,changing_coverage_not_matched_salience_or_probability_index; OI_not_positions
trade_tariffs,macro,2026-07-31,3,1,1,10,10,0.30166666666666664,2.12,2330.29,3,0,0,changing_coverage_not_matched_salience_or_probability_index; OI_not_positions
trade_tariffs,macro,2026-08-01,3,1,1,8,8,0.30166666666666664,53.19,2330.29,3,0,0,changing_coverage_not_matched_salience_or_probability_index; OI_not_positions
trade_tariffs,macro,2026-08-02,3,1,1,8,8,0.30333333333333334,38.19,2267.48,3,0,0,changing_coverage_not_matched_salience_or_probability_index; OI_not_positions
trade_tariffs,macro,2026-08-03,4,1,1,12,12,0.23374999999999999,1.0,2883.48,4,0,0,changing_coverage_not_matched_salience_or_probability_index; OI_not_positions
trade_tariffs,macro,2026-08-04,5,1,1,13,13,0.195,5.4,3333.21,5,0,0,changing_coverage_not_matched_salience_or_probability_index; OI_not_positions
trade_tariffs,macro,2026-08-05,3,1,1,9,9,0.30333333333333334,0.0,2332.02,3,0,0,changing_coverage_not_matched_salience_or_probability_index; OI_not_positions
trade_tariffs,macro,2026-08-06,11,1,1,20,19,0.09818181818181818,0.0,7477.75,11,0,0,changing_coverage_not_matched_salience_or_probability_index; OI_not_positions
trade_tariffs,macro,2026-08-07,11,1,1,41,36,0.0225,0.0,7477.75,11,0,0,changing_coverage_not_matched_salience_or_probability_index; OI_not_positions
trade_tariffs,macro,2026-08-08,2,1,1,11,6,0.02,0.0,1716.02,2,0,0,changing_coverage_not_matched_salience_or_probability_index; OI_not_positions
trade_tariffs,macro,2026-08-09,4,1,1,10,10,0.02,0.0,2517.19,4,0,0,changing_coverage_not_matched_salience_or_probability_index; OI_not_positions
trade_tariffs,macro,2026-08-10,12,1,1,41,32,0.11916666666666666,1356.32,9309.75,12,0,0,changing_coverage_not_matched_salience_or_probability_index; OI_not_positions
trade_tariffs,macro,2026-08-11,11,1,1,22,11,0.16624999999999998,0.0,8606.21,11,0,0,changing_coverage_not_matched_salience_or_probability_index; OI_not_positions
trade_tariffs,macro,2026-08-12,12,1,1,46,46,0.0925,1.0,9309.75,12,0,0,changing_coverage_not_matched_salience_or_probability_index; OI_not_positions
trade_tariffs,macro,2026-08-13,12,1,1,92,87,0.09583333333333333,500.0,9809.75,12,0,0,changing_coverage_not_matched_salience_or_probability_index; OI_not_positions
trade_tariffs,macro,2026-08-14,12,1,1,176,174,0.11375,53.19,9782.56,12,0,0,changing_coverage_not_matched_salience_or_probability_index; OI_not_positions
trade_tariffs,macro,2026-08-15,1,1,1,6,6,0.05,0.0,900.0,1,0,0,changing_coverage_not_matched_salience_or_probability_index; OI_not_positions
trade_tariffs,macro,2026-08-16,4,1,1,10,10,0.26375,0.0,4295.83,4,0,0,changing_coverage_not_matched_salience_or_probability_index; OI_not_positions
trade_tariffs,macro,2026-08-17,10,1,1,19,19,0.113,0.0,8263.56,10,0,0,changing_coverage_not_matched_salience_or_probability_index; OI_not_positions
trade_tariffs,macro,2026-08-18,10,1,1,21,21,0.113,0.0,8263.56,10,0,0,changing_coverage_not_matched_salience_or_probability_index; OI_not_positions
trade_tariffs,macro,2026-08-19,10,1,1,28,28,0.113,0.0,8263.56,10,0,0,changing_coverage_not_matched_salience_or_probability_index; OI_not_positions
trade_tariffs,macro,2026-08-20,10,1,1,43,42,0.113,0.0,8263.56,10,0,0,changing_coverage_not_matched_salience_or_probability_index; OI_not_positions
trade_tariffs,macro,2026-08-21,10,1,1,35,35,0.113,1.0,8262.56,10,0,0,changing_coverage_not_matched_salience_or_probability_index; OI_not_positions
trade_tariffs,macro,2026-08-22,6,1,1,12,12,0.17166666666666666,0.0,5638.02,6,0,0,changing_coverage_not_matched_salience_or_probability_index; OI_not_positions
trade_tariffs,macro,2026-08-23,2,1,1,11,11,0.465,0.0,3230.83,2,0,0,changing_coverage_not_matched_salience_or_probability_index; OI_not_positions
trade_tariffs,macro,2026-08-24,2,1,1,9,9,0.465,0.0,3230.83,2,0,0,changing_coverage_not_matched_salience_or_probability_index; OI_not_positions
trade_tariffs,macro,2026-08-25,6,1,1,13,13,0.16749999999999998,14.28,5578.3,6,0,0,changing_coverage_not_matched_salience_or_probability_index; OI_not_positions
trade_tariffs,macro,2026-08-26,25,3,3,119,42,0.6425925925925926,0.0,7560.84,25,8,2,changing_coverage_not_matched_salience_or_probability_index; OI_not_positions
trade_tariffs,macro,2026-08-27,25,3,3,462,340,0.4071527777777778,7.85,7560.84,25,0,0,changing_coverage_not_matched_salience_or_probability_index; OI_not_positions
trade_tariffs,macro,2026-08-28,21,3,3,394,372,0.4345,0.0,4862.3,21,0,0,changing_coverage_not_matched_salience_or_probability_index; OI_not_positions
trade_tariffs,macro,2026-08-29,20,3,3,393,377,0.4510416666666667,0.0,4414.3,20,0,0,changing_coverage_not_matched_salience_or_probability_index; OI_not_positions
trade_tariffs,macro,2026-08-30,17,3,3,315,108,0.37625,0.0,900.0,17,0,0,changing_coverage_not_matched_salience_or_probability_index; OI_not_positions
trade_tariffs,macro,2026-08-31,25,3,1,308,20,0.12277777777777778,0.0,7560.84,25,0,0,changing_coverage_not_matched_salience_or_probability_index; OI_not_positions
trade_tariffs,macro,2026-09-01,25,3,1,170,17,0.12277777777777778,0.0,7560.84,25,0,0,changing_coverage_not_matched_salience_or_probability_index; OI_not_positions
trade_tariffs,macro,2026-09-02,25,3,3,261,213,0.40745370370370365,7.0,7554.84,25,0,0,changing_coverage_not_matched_salience_or_probability_index; OI_not_positions
trade_tariffs,macro,2026-09-03,27,3,3,142,99,0.4029924242424242,0.0,9121.84,27,0,0,changing_coverage_not_matched_salience_or_probability_index; OI_not_positions
trade_tariffs,macro,2026-09-04,25,3,3,35,35,0.41004629629629624,0.0,7554.84,25,0,0,changing_coverage_not_matched_salience_or_probability_index; OI_not_positions
trade_tariffs,macro,2026-09-05,4,1,1,10,10,0.23875,0.0,4408.3,4,0,0,changing_coverage_not_matched_salience_or_probability_index; OI_not_positions
trade_tariffs,macro,2026-09-06,2,1,1,15,15,0.45,1.08,3224.91,2,0,0,changing_coverage_not_matched_salience_or_probability_index; OI_not_positions
trade_tariffs,macro,2026-09-07,2,1,1,18,18,0.45,0.0,3224.91,2,0,0,changing_coverage_not_matched_salience_or_probability_index; OI_not_positions
trade_tariffs,mention,2026-07-08,15,15,13,97,72,0.45692307692307693,26927.0,36894.67,15,12,4,changing_coverage_not_matched_salience_or_probability_index; OI_not_positions
trade_tariffs,mention,2026-07-09,17,17,15,322,209,0.436,11978.07,14440.28,17,1,1,changing_coverage_not_matched_salience_or_probability_index; OI_not_positions
trade_tariffs,mention,2026-07-10,16,16,14,343,232,0.30857142857142855,8511.56,13182.45,16,0,0,changing_coverage_not_matched_salience_or_probability_index; OI_not_positions
trade_tariffs,mention,2026-07-11,15,15,15,306,237,0.32833333333333337,431.88,8339.56,15,0,0,changing_coverage_not_matched_salience_or_probability_index; OI_not_positions
trade_tariffs,mention,2026-07-12,15,15,15,287,271,0.36866666666666664,912.65,8768.48,15,0,0,changing_coverage_not_matched_salience_or_probability_index; OI_not_positions
trade_tariffs,mention,2026-07-13,19,19,19,346,315,0.4086842105263158,2750.45,10577.48,19,4,5,changing_coverage_not_matched_salience_or_probability_index; OI_not_positions
trade_tariffs,mention,2026-07-14,18,18,18,311,291,0.4602777777777778,18769.07,22992.07,18,0,0,changing_coverage_not_matched_salience_or_probability_index; OI_not_positions
trade_tariffs,mention,2026-07-15,11,11,11,208,194,0.5527272727272727,19127.9,20283.5,11,2,2,changing_coverage_not_matched_salience_or_probability_index; OI_not_positions
trade_tariffs,mention,2026-07-16,11,11,9,121,114,0.44,41904.83,48208.1,11,2,4,changing_coverage_not_matched_salience_or_probability_index; OI_not_positions
trade_tariffs,mention,2026-07-17,9,9,9,152,130,0.49333333333333335,21539.42,58500.99,9,1,0,changing_coverage_not_matched_salience_or_probability_index; OI_not_positions
trade_tariffs,mention,2026-07-18,10,10,8,133,126,0.51625,208.67,4755.72,10,2,2,changing_coverage_not_matched_salience_or_probability_index; OI_not_positions
trade_tariffs,mention,2026-07-19,9,9,9,125,116,0.4588888888888889,3466.2599999999998,5299.57,9,0,0,changing_coverage_not_matched_salience_or_probability_index; OI_not_positions
trade_tariffs,mention,2026-07-20,15,15,13,197,177,0.40923076923076923,10887.58,13990.54,15,4,5,changing_coverage_not_matched_salience_or_probability_index; OI_not_positions
trade_tariffs,mention,2026-07-21,18,18,18,272,235,0.465,36435.23,26489.16,18,2,6,changing_coverage_not_matched_salience_or_probability_index; OI_not_positions
trade_tariffs,mention,2026-07-22,18,18,17,335,274,0.55,73954.95999999999,48160.08,18,1,0,changing_coverage_not_matched_salience_or_probability_index; OI_not_positions
trade_tariffs,mention,2026-07-23,26,26,14,327,216,0.4185714285714286,13562.72,13863.37,26,13,16,changing_coverage_not_matched_salience_or_probability_index; OI_not_positions
trade_tariffs,mention,2026-07-24,31,31,26,490,167,0.5103846153846154,15410.76,19188.59,31,3,6,changing_coverage_not_matched_salience_or_probability_index; OI_not_positions
trade_tariffs,mention,2026-07-25,30,30,30,469,306,0.5055000000000001,7396.65,10693.07,30,0,0,changing_coverage_not_matched_salience_or_probability_index; OI_not_positions
trade_tariffs,mention,2026-07-26,28,28,28,245,223,0.4957142857142857,6406.88,14240.4,28,1,1,changing_coverage_not_matched_salience_or_probability_index; OI_not_positions
trade_tariffs,mention,2026-07-27,32,32,30,388,312,0.4826666666666667,40292.909999999996,49344.79,32,0,3,changing_coverage_not_matched_salience_or_probability_index; OI_not_positions
trade_tariffs,mention,2026-07-28,38,38,37,465,423,0.4422972972972973,55735.97,57151.88,38,7,6,changing_coverage_not_matched_salience_or_probability_index; OI_not_positions
trade_tariffs,mention,2026-07-29,36,36,35,428,387,0.47414285714285714,66344.49,63076.74,36,3,3,changing_coverage_not_matched_salience_or_probability_index; OI_not_positions
trade_tariffs,mention,2026-07-30,33,33,33,399,333,0.36303030303030304,48288.17,72889.24,33,2,2,changing_coverage_not_matched_salience_or_probability_index; OI_not_positions
trade_tariffs,mention,2026-07-31,27,27,27,230,214,0.4174074074074074,9537.99,35110.75,27,1,1,changing_coverage_not_matched_salience_or_probability_index; OI_not_positions
trade_tariffs,mention,2026-08-01,24,24,24,240,235,0.35833333333333334,8311.23,13663.76,24,0,0,changing_coverage_not_matched_salience_or_probability_index; OI_not_positions
trade_tariffs,mention,2026-08-02,21,21,20,272,256,0.34375,12531.74,20211.04,21,0,0,changing_coverage_not_matched_salience_or_probability_index; OI_not_positions
trade_tariffs,mention,2026-08-03,26,26,25,372,345,0.3732,28056.37,27953.68,26,2,2,changing_coverage_not_matched_salience_or_probability_index; OI_not_positions
trade_tariffs,mention,2026-08-04,28,28,26,381,349,0.41307692307692306,28603.93,32113.829999999998,28,1,3,changing_coverage_not_matched_salience_or_probability_index; OI_not_positions
trade_tariffs,mention,2026-08-05,25,25,23,316,295,0.3952173913043478,36758.81,46022.44,25,0,0,changing_coverage_not_matched_salience_or_probability_index; OI_not_positions
trade_tariffs,mention,2026-08-06,24,24,23,245,231,0.38804347826086955,38486.700000000004,34963.74,24,4,4,changing_coverage_not_matched_salience_or_probability_index; OI_not_positions
trade_tariffs,mention,2026-08-07,20,20,19,205,202,0.4568421052631579,13531.32,21838.06,20,1,2,changing_coverage_not_matched_salience_or_probability_index; OI_not_positions
trade_tariffs,mention,2026-08-08,14,14,14,157,157,0.45714285714285713,5563.9,14988.56,14,0,0,changing_coverage_not_matched_salience_or_probability_index; OI_not_positions
trade_tariffs,mention,2026-08-09,17,17,17,167,166,0.4435294117647059,8904.73,22967.68,17,0,0,changing_coverage_not_matched_salience_or_probability_index; OI_not_positions
trade_tariffs,mention,2026-08-10,20,20,20,225,218,0.43724999999999997,18397.420000000002,36491.28,20,3,4,changing_coverage_not_matched_salience_or_probability_index; OI_not_positions
trade_tariffs,mention,2026-08-11,20,20,20,231,214,0.497,23436.8,44351.24,20,1,2,changing_coverage_not_matched_salience_or_probability_index; OI_not_positions
trade_tariffs,mention,2026-08-12,18,18,18,241,236,0.4686111111111111,7198.84,34232.81,18,0,0,changing_coverage_not_matched_salience_or_probability_index; OI_not_positions
trade_tariffs,mention,2026-08-13,16,16,16,208,192,0.5493750000000001,3561.89,15619.28,16,1,1,changing_coverage_not_matched_salience_or_probability_index; OI_not_positions
trade_tariffs,mention,2026-08-14,16,16,16,249,246,0.554375,1795.33,17364.41,16,0,0,changing_coverage_not_matched_salience_or_probability_index; OI_not_positions
trade_tariffs,mention,2026-08-15,14,14,14,175,174,0.6057142857142858,1480.09,18500.89,14,0,0,changing_coverage_not_matched_salience_or_probability_index; OI_not_positions
trade_tariffs,mention,2026-08-16,13,13,13,157,157,0.5380769230769231,2273.5,17436.99,13,0,0,changing_coverage_not_matched_salience_or_probability_index; OI_not_positions
trade_tariffs,mention,2026-08-17,16,16,16,169,169,0.5390625,11097.85,27064.25,16,0,0,changing_coverage_not_matched_salience_or_probability_index; OI_not_positions
trade_tariffs,mention,2026-08-18,17,17,16,226,224,0.5846875,14346.11,31535.18,17,2,2,changing_coverage_not_matched_salience_or_probability_index; OI_not_positions
trade_tariffs,mention,2026-08-19,14,14,14,217,207,0.5078571428571429,24153.64,36939.689999999995,14,0,0,changing_coverage_not_matched_salience_or_probability_index; OI_not_positions
trade_tariffs,mention,2026-08-20,12,12,12,132,125,0.5666666666666667,10188.19,26018.809999999998,12,0,0,changing_coverage_not_matched_salience_or_probability_index; OI_not_positions
trade_tariffs,mention,2026-08-21,11,11,10,100,91,0.46299999999999997,10224.92,16894.74,11,2,2,changing_coverage_not_matched_salience_or_probability_index; OI_not_positions
trade_tariffs,mention,2026-08-22,10,10,10,99,80,0.3885,629.69,10036.99,10,0,0,changing_coverage_not_matched_salience_or_probability_index; OI_not_positions
trade_tariffs,mention,2026-08-23,11,11,11,139,139,0.42227272727272724,2878.28,12833.67,11,0,0,changing_coverage_not_matched_salience_or_probability_index; OI_not_positions
trade_tariffs,mention,2026-08-24,14,14,14,144,140,0.3364285714285714,29870.88,37819.409999999996,14,3,3,changing_coverage_not_matched_salience_or_probability_index; OI_not_positions
trade_tariffs,mention,2026-08-25,12,12,12,98,97,0.38375,6863.86,30265.57,12,1,2,changing_coverage_not_matched_salience_or_probability_index; OI_not_positions
trade_tariffs,mention,2026-08-26,22,22,19,189,164,0.5231578947368422,14191.31,28675.13,22,4,11,changing_coverage_not_matched_salience_or_probability_index; OI_not_positions
trade_tariffs,mention,2026-08-27,23,23,22,276,203,0.51,18961.89,24966.579999999998,23,3,4,changing_coverage_not_matched_salience_or_probability_index; OI_not_positions
trade_tariffs,mention,2026-08-28,20,20,20,141,128,0.52025,7420.94,25925.61,20,0,1,changing_coverage_not_matched_salience_or_probability_index; OI_not_positions
trade_tariffs,mention,2026-08-29,16,16,16,119,95,0.465625,2108.87,9049.65,16,0,0,changing_coverage_not_matched_salience_or_probability_index; OI_not_positions
trade_tariffs,mention,2026-08-30,16,16,16,124,114,0.4703125,604.5600000000001,9434.32,16,0,0,changing_coverage_not_matched_salience_or_probability_index; OI_not_positions
trade_tariffs,mention,2026-08-31,17,17,17,159,148,0.4823529411764706,16442.33,24053.06,17,1,1,changing_coverage_not_matched_salience_or_probability_index; OI_not_positions
trade_tariffs,mention,2026-09-01,17,17,17,157,150,0.45852941176470585,14041.49,21770.23,17,0,0,changing_coverage_not_matched_salience_or_probability_index; OI_not_positions
trade_tariffs,mention,2026-09-02,18,18,17,218,207,0.455,5690.89,15422.49,18,2,3,changing_coverage_not_matched_salience_or_probability_index; OI_not_positions
trade_tariffs,mention,2026-09-03,20,20,20,206,195,0.52,27424.11,33474.56,20,1,2,changing_coverage_not_matched_salience_or_probability_index; OI_not_positions
trade_tariffs,mention,2026-09-04,14,14,14,108,108,0.45785714285714285,3280.04,14040.89,14,0,0,changing_coverage_not_matched_salience_or_probability_index; OI_not_positions
trade_tariffs,mention,2026-09-05,8,8,8,68,68,0.563125,771.45,10208.56,8,0,0,changing_coverage_not_matched_salience_or_probability_index; OI_not_positions
trade_tariffs,mention,2026-09-06,8,8,8,61,61,0.47625,3934.5,10920.13,8,0,0,changing_coverage_not_matched_salience_or_probability_index; OI_not_positions
trade_tariffs,mention,2026-09-07,12,12,12,84,84,0.45416666666666666,13506.47,23721.49,12,0,0,changing_coverage_not_matched_salience_or_probability_index; OI_not_positions
trade_tariffs,policy,2026-07-08,17,10,10,80,80,0.258,7688.93,871561.52,17,8,0,changing_coverage_not_matched_salience_or_probability_index; OI_not_positions
trade_tariffs,policy,2026-07-09,19,10,10,166,155,0.19269166666666668,11868.37,875740.02,19,0,0,changing_coverage_not_matched_salience_or_probability_index; OI_not_positions
trade_tariffs,policy,2026-07-10,14,9,9,132,132,0.2338888888888889,4565.93,865044.15,14,0,0,changing_coverage_not_matched_salience_or_probability_index; OI_not_positions
trade_tariffs,policy,2026-07-11,12,8,8,107,107,0.2319375,12532.92,871082.5900000001,12,0,0,changing_coverage_not_matched_salience_or_probability_index; OI_not_positions
trade_tariffs,policy,2026-07-12,15,10,10,136,134,0.18605,28574.18,891882.13,15,0,0,changing_coverage_not_matched_salience_or_probability_index; OI_not_positions
trade_tariffs,policy,2026-07-13,15,9,9,130,130,0.20947222222222223,21617.17,903287.68,15,0,0,changing_coverage_not_matched_salience_or_probability_index; OI_not_positions
trade_tariffs,policy,2026-07-14,19,11,11,164,164,0.19930303030303032,10376.92,923014.93,19,0,0,changing_coverage_not_matched_salience_or_probability_index; OI_not_positions
trade_tariffs,policy,2026-07-15,18,10,10,152,152,0.235175,8431.94,922794.7,18,0,0,changing_coverage_not_matched_salience_or_probability_index; OI_not_positions
trade_tariffs,policy,2026-07-16,16,10,10,161,154,0.27791666666666665,50114.01,945598.27,16,0,0,changing_coverage_not_matched_salience_or_probability_index; OI_not_positions
trade_tariffs,policy,2026-07-17,18,11,11,175,175,0.3433409090909091,48834.93,986023.46,18,0,0,changing_coverage_not_matched_salience_or_probability_index; OI_not_positions
trade_tariffs,policy,2026-07-18,19,10,10,202,202,0.28529166666666667,37859.64,998604.43,19,0,0,changing_coverage_not_matched_salience_or_probability_index; OI_not_positions
trade_tariffs,policy,2026-07-19,19,10,10,176,176,0.26825,50216.43,1025559.88,19,0,0,changing_coverage_not_matched_salience_or_probability_index; OI_not_positions
trade_tariffs,policy,2026-07-20,19,10,10,167,167,0.27817083333333337,37257.76,1050116.59,19,0,0,changing_coverage_not_matched_salience_or_probability_index; OI_not_positions
trade_tariffs,policy,2026-07-21,22,10,10,174,174,0.28097500000000003,33539.61,1042238.1699999999,22,0,0,changing_coverage_not_matched_salience_or_probability_index; OI_not_positions
trade_tariffs,policy,2026-07-22,23,10,10,224,218,0.28073333333333333,12451.02,1051581.79,23,0,0,changing_coverage_not_matched_salience_or_probability_index; OI_not_positions
trade_tariffs,policy,2026-07-23,55,18,18,309,282,0.3262916666666667,6236.92,1053228.61,55,4,8,changing_coverage_not_matched_salience_or_probability_index; OI_not_positions
trade_tariffs,policy,2026-07-24,32,12,11,249,234,0.2441780303030303,4809.33,1054693.44,32,0,0,changing_coverage_not_matched_salience_or_probability_index; OI_not_positions
trade_tariffs,policy,2026-07-25,49,17,17,365,353,0.29887254901960786,10608.23,1058909.91,49,0,0,changing_coverage_not_matched_salience_or_probability_index; OI_not_positions
trade_tariffs,policy,2026-07-26,40,17,17,289,283,0.3472205882352941,12368.22,1066870.93,40,0,0,changing_coverage_not_matched_salience_or_probability_index; OI_not_positions
trade_tariffs,policy,2026-07-27,24,11,11,256,249,0.21236363636363637,9961.68,1068738.94,24,0,0,changing_coverage_not_matched_salience_or_probability_index; OI_not_positions
trade_tariffs,policy,2026-07-28,61,20,20,496,475,0.31508560606060604,66455.06999999999,1129353.61,61,12,3,changing_coverage_not_matched_salience_or_probability_index; OI_not_positions
trade_tariffs,policy,2026-07-29,52,20,20,641,641,0.3689204545454546,58444.9,1179370.53,52,0,0,changing_coverage_not_matched_salience_or_probability_index; OI_not_positions
trade_tariffs,policy,2026-07-30,63,21,21,699,699,0.3273400072150072,41867.5,1216277.69,63,0,0,changing_coverage_not_matched_salience_or_probability_index; OI_not_positions
trade_tariffs,policy,2026-07-31,49,19,19,546,546,0.35585925039872407,21109.23,1225732.23,49,0,2,changing_coverage_not_matched_salience_or_probability_index; OI_not_positions
trade_tariffs,policy,2026-08-01,56,22,22,563,558,0.3692878787878788,15149.57,1178522.81,56,0,0,changing_coverage_not_matched_salience_or_probability_index; OI_not_positions
trade_tariffs,policy,2026-08-02,32,15,15,283,280,0.3413919191919192,6605.2,483787.16,32,0,0,changing_coverage_not_matched_salience_or_probability_index; OI_not_positions
trade_tariffs,policy,2026-08-03,47,22,22,241,241,0.39836501377410466,7388.83,482470.29000000004,47,0,0,changing_coverage_not_matched_salience_or_probability_index; OI_not_positions
trade_tariffs,policy,2026-08-04,45,22,22,330,330,0.3791060606060606,6680.59,487593.83,45,0,0,changing_coverage_not_matched_salience_or_probability_index; OI_not_positions
trade_tariffs,policy,2026-08-05,48,21,21,305,288,0.38207142857142856,3795.98,488418.76,48,0,0,changing_coverage_not_matched_salience_or_probability_index; OI_not_positions
trade_tariffs,policy,2026-08-06,60,22,22,394,378,0.3488099173553719,5175.36,494199.70999999996,60,0,0,changing_coverage_not_matched_salience_or_probability_index; OI_not_positions
trade_tariffs,policy,2026-08-07,64,22,22,466,438,0.3532968319559229,11412.97,499567.79,64,0,0,changing_coverage_not_matched_salience_or_probability_index; OI_not_positions
trade_tariffs,policy,2026-08-08,47,22,22,314,314,0.3378787878787879,12871.92,493902.88,47,0,0,changing_coverage_not_matched_salience_or_probability_index; OI_not_positions
trade_tariffs,policy,2026-08-09,55,21,21,248,248,0.32944588744588743,4939.53,490172.36,55,0,0,changing_coverage_not_matched_salience_or_probability_index; OI_not_positions
trade_tariffs,policy,2026-08-10,46,19,19,283,252,0.3889772727272727,1607.39,494574.04,46,0,0,changing_coverage_not_matched_salience_or_probability_index; OI_not_positions
trade_tariffs,policy,2026-08-11,67,23,22,498,410,0.3835785123966942,12097.34,507657.54,67,6,2,changing_coverage_not_matched_salience_or_probability_index; OI_not_positions
trade_tariffs,policy,2026-08-12,61,23,23,786,627,0.3261322463768116,7898.8,489661.02999999997,61,0,0,changing_coverage_not_matched_salience_or_probability_index; OI_not_positions
trade_tariffs,policy,2026-08-13,61,23,23,637,563,0.3495036231884058,2113.21,486998.06,61,0,0,changing_coverage_not_matched_salience_or_probability_index; OI_not_positions
trade_tariffs,policy,2026-08-14,68,23,23,961,862,0.36568445322793147,1182.72,489117.27,68,0,0,changing_coverage_not_matched_salience_or_probability_index; OI_not_positions
trade_tariffs,policy,2026-08-15,54,22,22,375,350,0.3282537878787879,5688.57,487934.05,54,0,0,changing_coverage_not_matched_salience_or_probability_index; OI_not_positions
trade_tariffs,policy,2026-08-16,45,22,22,277,256,0.36426515151515154,4131.47,490687.48,45,0,0,changing_coverage_not_matched_salience_or_probability_index; OI_not_positions
trade_tariffs,policy,2026-08-17,68,23,22,450,417,0.3477954545454546,7125.25,500481.13,68,0,0,changing_coverage_not_matched_salience_or_probability_index; OI_not_positions
trade_tariffs,policy,2026-08-18,68,23,23,298,271,0.3449723320158103,12285.6,505951.94,68,0,0,changing_coverage_not_matched_salience_or_probability_index; OI_not_positions
trade_tariffs,policy,2026-08-19,68,23,23,505,436,0.33204907773386033,22267.6,515246.78,68,0,0,changing_coverage_not_matched_salience_or_probability_index; OI_not_positions
trade_tariffs,policy,2026-08-20,68,23,23,435,389,0.3328211462450593,4432.18,518278.54,68,0,0,changing_coverage_not_matched_salience_or_probability_index; OI_not_positions
trade_tariffs,policy,2026-08-21,68,23,22,449,426,0.35695075757575756,1625.7,504499.22,68,0,1,changing_coverage_not_matched_salience_or_probability_index; OI_not_positions
trade_tariffs,policy,2026-08-22,52,22,22,343,287,0.3193008658008658,4602.84,497167.63,52,0,0,changing_coverage_not_matched_salience_or_probability_index; OI_not_positions
trade_tariffs,policy,2026-08-23,52,22,22,252,221,0.3252895021645022,2409.89,500513.41,52,0,0,changing_coverage_not_matched_salience_or_probability_index; OI_not_positions
trade_tariffs,policy,2026-08-24,65,23,23,281,275,0.3124963768115942,11116.53,504759.34,65,0,1,changing_coverage_not_matched_salience_or_probability_index; OI_not_positions
trade_tariffs,policy,2026-08-25,54,22,22,267,254,0.3268198051948052,4913.29,502677.79000000004,54,0,0,changing_coverage_not_matched_salience_or_probability_index; OI_not_positions
trade_tariffs,policy,2026-08-26,71,24,24,438,342,0.34238636363636366,3096.95,514188.74000000005,71,0,0,changing_coverage_not_matched_salience_or_probability_index; OI_not_positions
trade_tariffs,policy,2026-08-27,70,23,23,808,688,0.34351235177865613,3193.3,507615.22000000003,70,0,0,changing_coverage_not_matched_salience_or_probability_index; OI_not_positions
trade_tariffs,policy,2026-08-28,57,23,23,335,335,0.3362481884057971,8472.68,512722.93,57,0,2,changing_coverage_not_matched_salience_or_probability_index; OI_not_positions
trade_tariffs,policy,2026-08-29,56,23,23,303,299,0.3475996376811594,3291.08,512731.12,56,0,0,changing_coverage_not_matched_salience_or_probability_index; OI_not_positions
trade_tariffs,policy,2026-08-30,52,23,23,279,260,0.37903442028985507,443.55,509844.14,52,0,0,changing_coverage_not_matched_salience_or_probability_index; OI_not_positions
trade_tariffs,policy,2026-08-31,68,23,23,541,464,0.35072019104084323,2621.77,510555.11,68,0,0,changing_coverage_not_matched_salience_or_probability_index; OI_not_positions
trade_tariffs,policy,2026-09-01,71,25,25,443,434,0.37978757575757577,4498.72,515257.07,71,0,0,changing_coverage_not_matched_salience_or_probability_index; OI_not_positions
trade_tariffs,policy,2026-09-02,70,25,25,464,461,0.3688839393939394,3444.9900000000002,511958.69,70,0,0,changing_coverage_not_matched_salience_or_probability_index; OI_not_positions
trade_tariffs,policy,2026-09-03,71,25,25,618,517,0.3617562121212121,3281.77,514804.27,71,0,0,changing_coverage_not_matched_salience_or_probability_index; OI_not_positions
trade_tariffs,policy,2026-09-04,71,25,25,305,305,0.3620457575757576,1468.02,515266.51,71,0,0,changing_coverage_not_matched_salience_or_probability_index; OI_not_positions
trade_tariffs,policy,2026-09-05,22,15,15,112,112,0.3559111111111111,2627.63,503043.68,22,0,0,changing_coverage_not_matched_salience_or_probability_index; OI_not_positions
trade_tariffs,policy,2026-09-06,36,21,21,157,157,0.4437857142857143,1491.24,506587.64999999997,36,0,0,changing_coverage_not_matched_salience_or_probability_index; OI_not_positions
trade_tariffs,policy,2026-09-07,23,15,15,111,111,0.3430166666666667,1479.8,499388.97,23,0,0,changing_coverage_not_matched_salience_or_probability_index; OI_not_positions
