ticker,series_ticker,event_ticker,title,yes_sub_title,issue_ids,status,scope,lookback_days,current_status,prior_status,current_mid,prior_mid,change_pp,current_observed_utc,prior_observed_utc,comparison_status
CONTROLH-2026-R,CONTROLH,CONTROLH-2026,Will Republicans win the House in 2026?,Republican Party,,active,US_2026_general_election,7,usable,usable,0.155,0.155,0.0,2026-09-08T15:00:00Z,2026-09-01T15:00:00Z,same_contract_descriptive
CONTROLH-2026-R,CONTROLH,CONTROLH-2026,Will Republicans win the House in 2026?,Republican Party,,active,US_2026_general_election,14,usable,usable,0.155,0.14500000000000002,0.9999999999999981,2026-09-08T15:00:00Z,2026-08-25T15:00:00Z,same_contract_descriptive
CONTROLH-2026-R,CONTROLH,CONTROLH-2026,Will Republicans win the House in 2026?,Republican Party,,active,US_2026_general_election,28,usable,usable,0.155,0.155,0.0,2026-09-08T15:00:00Z,2026-08-11T15:00:00Z,same_contract_descriptive
CONTROLH-2026-D,CONTROLH,CONTROLH-2026,Will Democrats win the House in 2026?,Democratic Party,,active,US_2026_general_election,7,usable,usable,0.845,0.845,0.0,2026-09-08T15:00:00Z,2026-09-01T15:00:00Z,same_contract_descriptive
CONTROLH-2026-D,CONTROLH,CONTROLH-2026,Will Democrats win the House in 2026?,Democratic Party,,active,US_2026_general_election,14,usable,usable,0.845,0.855,-1.0000000000000009,2026-09-08T15:00:00Z,2026-08-25T15:00:00Z,same_contract_descriptive
CONTROLH-2026-D,CONTROLH,CONTROLH-2026,Will Democrats win the House in 2026?,Democratic Party,,active,US_2026_general_election,28,usable,usable,0.845,0.845,0.0,2026-09-08T15:00:00Z,2026-08-11T15:00:00Z,same_contract_descriptive
CONTROLS-2026-R,CONTROLS,CONTROLS-2026,Will Republicans win the U.S. Senate in 2026?,Republican Party,,active,US_2026_general_election,7,usable,usable,0.525,0.515,1.0000000000000009,2026-09-08T15:00:00Z,2026-09-01T15:00:00Z,same_contract_descriptive
CONTROLS-2026-R,CONTROLS,CONTROLS-2026,Will Republicans win the U.S. Senate in 2026?,Republican Party,,active,US_2026_general_election,14,usable,usable,0.525,0.525,0.0,2026-09-08T15:00:00Z,2026-08-25T15:00:00Z,same_contract_descriptive
CONTROLS-2026-R,CONTROLS,CONTROLS-2026,Will Republicans win the U.S. Senate in 2026?,Republican Party,,active,US_2026_general_election,28,usable,usable,0.525,0.545,-2.0000000000000018,2026-09-08T15:00:00Z,2026-08-11T15:00:00Z,same_contract_descriptive
CONTROLS-2026-D,CONTROLS,CONTROLS-2026,Will Democrats win the U.S. Senate in 2026?,Democratic Party,,active,US_2026_general_election,7,usable,usable,0.475,0.485,-1.0000000000000009,2026-09-08T15:00:00Z,2026-09-01T15:00:00Z,same_contract_descriptive
CONTROLS-2026-D,CONTROLS,CONTROLS-2026,Will Democrats win the U.S. Senate in 2026?,Democratic Party,,active,US_2026_general_election,14,usable,usable,0.475,0.475,0.0,2026-09-08T15:00:00Z,2026-08-25T15:00:00Z,same_contract_descriptive
CONTROLS-2026-D,CONTROLS,CONTROLS-2026,Will Democrats win the U.S. Senate in 2026?,Democratic Party,,active,US_2026_general_election,28,usable,usable,0.475,0.455,1.9999999999999962,2026-09-08T15:00:00Z,2026-08-11T15:00:00Z,same_contract_descriptive
GOVPARTYAL-26-R,GOVPARTYAL,GOVPARTYAL-26,Will the Republican party win the governorship in Alabama,Tommy Tuberville,,active,US_2026_general_election,7,usable,usable,0.9235,0.9299999999999999,-0.649999999999995,2026-09-08T15:00:00Z,2026-09-01T15:00:00Z,same_contract_descriptive
GOVPARTYAL-26-R,GOVPARTYAL,GOVPARTYAL-26,Will the Republican party win the governorship in Alabama,Tommy Tuberville,,active,US_2026_general_election,14,usable,usable,0.9235,0.933,-0.9500000000000064,2026-09-08T15:00:00Z,2026-08-25T15:00:00Z,same_contract_descriptive
GOVPARTYAL-26-R,GOVPARTYAL,GOVPARTYAL-26,Will the Republican party win the governorship in Alabama,Tommy Tuberville,,active,US_2026_general_election,28,usable,usable,0.9235,0.9255,-0.20000000000000018,2026-09-08T15:00:00Z,2026-08-11T15:00:00Z,same_contract_descriptive
GOVPARTYAL-26-D,GOVPARTYAL,GOVPARTYAL-26,Will the Democratic party win the governorship in Alabama,Doug Jones,,active,US_2026_general_election,7,usable,usable,0.0895,0.08549999999999999,0.40000000000000036,2026-09-08T15:00:00Z,2026-09-01T15:00:00Z,same_contract_descriptive
GOVPARTYAL-26-D,GOVPARTYAL,GOVPARTYAL-26,Will the Democratic party win the governorship in Alabama,Doug Jones,,active,US_2026_general_election,14,usable,usable,0.0895,0.071,1.8500000000000003,2026-09-08T15:00:00Z,2026-08-25T15:00:00Z,same_contract_descriptive
GOVPARTYAL-26-D,GOVPARTYAL,GOVPARTYAL-26,Will the Democratic party win the governorship in Alabama,Doug Jones,,active,US_2026_general_election,28,usable,usable,0.0895,0.068,2.149999999999999,2026-09-08T15:00:00Z,2026-08-11T13:00:00Z,same_contract_descriptive
GOVPARTYAR-26-R,GOVPARTYAR,GOVPARTYAR-26,Will the Republican party win the governorship in Arkansas,Sarah Huckabee Sanders,,active,US_2026_general_election,7,usable,usable,0.977,0.9764999999999999,0.050000000000005596,2026-09-08T12:00:00Z,2026-09-01T15:00:00Z,same_contract_descriptive
GOVPARTYAR-26-R,GOVPARTYAR,GOVPARTYAR-26,Will the Republican party win the governorship in Arkansas,Sarah Huckabee Sanders,,active,US_2026_general_election,14,usable,usable,0.977,0.9704999999999999,0.6500000000000061,2026-09-08T12:00:00Z,2026-08-25T11:00:00Z,same_contract_descriptive
GOVPARTYAR-26-R,GOVPARTYAR,GOVPARTYAR-26,Will the Republican party win the governorship in Arkansas,Sarah Huckabee Sanders,,active,US_2026_general_election,28,usable,usable,0.977,0.984,-0.7000000000000006,2026-09-08T12:00:00Z,2026-08-11T01:00:00Z,same_contract_descriptive
GOVPARTYAR-26-D,GOVPARTYAR,GOVPARTYAR-26,Will the Democratic party win the governorship in Arkansas,Fred Love,,active,US_2026_general_election,7,usable,usable,0.027,0.0275,-0.050000000000000044,2026-09-08T13:00:00Z,2026-09-01T15:00:00Z,same_contract_descriptive
GOVPARTYAR-26-D,GOVPARTYAR,GOVPARTYAR-26,Will the Democratic party win the governorship in Arkansas,Fred Love,,active,US_2026_general_election,14,usable,usable,0.027,0.0325,-0.5500000000000002,2026-09-08T13:00:00Z,2026-08-25T00:00:00Z,same_contract_descriptive
GOVPARTYAR-26-D,GOVPARTYAR,GOVPARTYAR-26,Will the Democratic party win the governorship in Arkansas,Fred Love,,active,US_2026_general_election,28,usable,usable,0.027,0.0135,1.35,2026-09-08T13:00:00Z,2026-08-11T01:00:00Z,same_contract_descriptive
GOVPARTYAZ-26-R,GOVPARTYAZ,GOVPARTYAZ-26,Will the Republican party win the governorship in Arizona,Andy Biggs,,active,US_2026_general_election,7,usable,usable,0.14,0.135,0.5000000000000004,2026-09-08T15:00:00Z,2026-09-01T15:00:00Z,same_contract_descriptive
GOVPARTYAZ-26-R,GOVPARTYAZ,GOVPARTYAZ-26,Will the Republican party win the governorship in Arizona,Andy Biggs,,active,US_2026_general_election,14,usable,usable,0.14,0.135,0.5000000000000004,2026-09-08T15:00:00Z,2026-08-25T15:00:00Z,same_contract_descriptive
GOVPARTYAZ-26-R,GOVPARTYAZ,GOVPARTYAZ-26,Will the Republican party win the governorship in Arizona,Andy Biggs,,active,US_2026_general_election,28,usable,usable,0.14,0.14500000000000002,-0.5000000000000004,2026-09-08T15:00:00Z,2026-08-11T08:00:00Z,same_contract_descriptive
GOVPARTYAZ-26-D,GOVPARTYAZ,GOVPARTYAZ-26,Will the Democratic party win the governorship in Arizona,Katie Hobbs,,active,US_2026_general_election,7,usable,usable,0.865,0.865,0.0,2026-09-08T14:00:00Z,2026-09-01T15:00:00Z,same_contract_descriptive
GOVPARTYAZ-26-D,GOVPARTYAZ,GOVPARTYAZ-26,Will the Democratic party win the governorship in Arizona,Katie Hobbs,,active,US_2026_general_election,14,usable,usable,0.865,0.885,-2.0000000000000018,2026-09-08T14:00:00Z,2026-08-25T15:00:00Z,same_contract_descriptive
GOVPARTYAZ-26-D,GOVPARTYAZ,GOVPARTYAZ-26,Will the Democratic party win the governorship in Arizona,Katie Hobbs,,active,US_2026_general_election,28,usable,usable,0.865,0.845,2.0000000000000018,2026-09-08T14:00:00Z,2026-08-11T14:00:00Z,same_contract_descriptive
GOVPARTYCA-26-R,GOVPARTYCA,GOVPARTYCA-26,Will the Republican party win the governorship in California,Steve Hilton,,active,US_2026_general_election,7,usable,usable,0.037,0.04,-0.30000000000000027,2026-09-08T14:00:00Z,2026-09-01T15:00:00Z,same_contract_descriptive
GOVPARTYCA-26-R,GOVPARTYCA,GOVPARTYCA-26,Will the Republican party win the governorship in California,Steve Hilton,,active,US_2026_general_election,14,usable,usable,0.037,0.040999999999999995,-0.3999999999999997,2026-09-08T14:00:00Z,2026-08-24T22:00:00Z,same_contract_descriptive
GOVPARTYCA-26-R,GOVPARTYCA,GOVPARTYCA-26,Will the Republican party win the governorship in California,Steve Hilton,,active,US_2026_general_election,28,usable,usable,0.037,0.045,-0.8,2026-09-08T14:00:00Z,2026-08-11T13:00:00Z,same_contract_descriptive
GOVPARTYCA-26-D,GOVPARTYCA,GOVPARTYCA-26,Will the Democratic party win the governorship in California,Xavier Becerra,,active,US_2026_general_election,7,usable,usable,0.9624999999999999,0.962,0.04999999999999449,2026-09-08T13:00:00Z,2026-09-01T08:00:00Z,same_contract_descriptive
GOVPARTYCA-26-D,GOVPARTYCA,GOVPARTYCA-26,Will the Democratic party win the governorship in California,Xavier Becerra,,active,US_2026_general_election,14,usable,usable,0.9624999999999999,0.961,0.14999999999999458,2026-09-08T13:00:00Z,2026-08-25T12:00:00Z,same_contract_descriptive
GOVPARTYCA-26-D,GOVPARTYCA,GOVPARTYCA-26,Will the Democratic party win the governorship in California,Xavier Becerra,,active,US_2026_general_election,28,usable,usable,0.9624999999999999,0.9544999999999999,0.8000000000000007,2026-09-08T13:00:00Z,2026-08-11T15:00:00Z,same_contract_descriptive
GOVPARTYCO-26-R,GOVPARTYCO,GOVPARTYCO-26,Will the Republican party win the governorship in Colorado,Victor Marx,,active,US_2026_general_election,7,usable,usable,0.0395,0.0455,-0.5999999999999999,2026-09-08T14:00:00Z,2026-09-01T15:00:00Z,same_contract_descriptive
GOVPARTYCO-26-R,GOVPARTYCO,GOVPARTYCO-26,Will the Republican party win the governorship in Colorado,Victor Marx,,active,US_2026_general_election,14,usable,usable,0.0395,0.0495,-1.0000000000000002,2026-09-08T14:00:00Z,2026-08-25T14:00:00Z,same_contract_descriptive
GOVPARTYCO-26-R,GOVPARTYCO,GOVPARTYCO-26,Will the Republican party win the governorship in Colorado,Victor Marx,,active,US_2026_general_election,28,usable,usable,0.0395,0.036000000000000004,0.34999999999999964,2026-09-08T14:00:00Z,2026-08-11T13:00:00Z,same_contract_descriptive
GOVPARTYCO-26-D,GOVPARTYCO,GOVPARTYCO-26,Will the Democratic party win the governorship in Colorado,Phil Weiser,,active,US_2026_general_election,7,usable,usable,0.975,0.9644999999999999,1.0500000000000065,2026-09-08T14:00:00Z,2026-09-01T08:00:00Z,same_contract_descriptive
GOVPARTYCO-26-D,GOVPARTYCO,GOVPARTYCO-26,Will the Democratic party win the governorship in Colorado,Phil Weiser,,active,US_2026_general_election,14,usable,usable,0.975,0.9564999999999999,1.8500000000000072,2026-09-08T14:00:00Z,2026-08-25T14:00:00Z,same_contract_descriptive
GOVPARTYCO-26-D,GOVPARTYCO,GOVPARTYCO-26,Will the Democratic party win the governorship in Colorado,Phil Weiser,,active,US_2026_general_election,28,usable,usable,0.975,0.959,1.6000000000000014,2026-09-08T14:00:00Z,2026-08-10T18:00:00Z,same_contract_descriptive
GOVPARTYCT-26-R,GOVPARTYCT,GOVPARTYCT-26,Will the Republican party win the governorship in Connecticut,Ryan Fazio,,active,US_2026_general_election,7,usable,usable,0.025,0.026000000000000002,-0.10000000000000009,2026-09-08T13:00:00Z,2026-09-01T14:00:00Z,same_contract_descriptive
GOVPARTYCT-26-R,GOVPARTYCT,GOVPARTYCT-26,Will the Republican party win the governorship in Connecticut,Ryan Fazio,,active,US_2026_general_election,14,usable,usable,0.025,0.025500000000000002,-0.050000000000000044,2026-09-08T13:00:00Z,2026-08-25T14:00:00Z,same_contract_descriptive
GOVPARTYCT-26-R,GOVPARTYCT,GOVPARTYCT-26,Will the Republican party win the governorship in Connecticut,Ryan Fazio,,active,US_2026_general_election,28,usable,usable,0.025,0.013,1.2000000000000002,2026-09-08T13:00:00Z,2026-08-11T15:00:00Z,same_contract_descriptive
GOVPARTYCT-26-D,GOVPARTYCT,GOVPARTYCT-26,Will the Democratic party win the governorship in Connecticut,Ned Lamont,,active,US_2026_general_election,7,usable,usable,0.9744999999999999,0.9655,0.8999999999999897,2026-09-08T15:00:00Z,2026-09-01T11:00:00Z,same_contract_descriptive
GOVPARTYCT-26-D,GOVPARTYCT,GOVPARTYCT-26,Will the Democratic party win the governorship in Connecticut,Ned Lamont,,active,US_2026_general_election,14,usable,usable,0.9744999999999999,0.976,-0.15000000000000568,2026-09-08T15:00:00Z,2026-08-25T15:00:00Z,same_contract_descriptive
GOVPARTYCT-26-D,GOVPARTYCT,GOVPARTYCT-26,Will the Democratic party win the governorship in Connecticut,Ned Lamont,,active,US_2026_general_election,28,usable,usable,0.9744999999999999,0.9824999999999999,-0.8000000000000007,2026-09-08T15:00:00Z,2026-08-11T15:00:00Z,same_contract_descriptive
GOVPARTYFL-26-R,GOVPARTYFL,GOVPARTYFL-26,Will the Republican party win the governorship in Florida,Byron Donalds,,active,US_2026_general_election,7,usable,usable,0.815,0.805,0.9999999999999898,2026-09-08T15:00:00Z,2026-09-01T15:00:00Z,same_contract_descriptive
GOVPARTYFL-26-R,GOVPARTYFL,GOVPARTYFL-26,Will the Republican party win the governorship in Florida,Byron Donalds,,active,US_2026_general_election,14,usable,usable,0.815,0.805,0.9999999999999898,2026-09-08T15:00:00Z,2026-08-25T15:00:00Z,same_contract_descriptive
GOVPARTYFL-26-R,GOVPARTYFL,GOVPARTYFL-26,Will the Republican party win the governorship in Florida,Byron Donalds,,active,US_2026_general_election,28,usable,usable,0.815,0.815,0.0,2026-09-08T15:00:00Z,2026-08-11T15:00:00Z,same_contract_descriptive
GOVPARTYFL-26-D,GOVPARTYFL,GOVPARTYFL-26,Will the Democratic party win the governorship in Florida,David Jolly,,active,US_2026_general_election,7,usable,usable,0.175,0.195,-2.0000000000000018,2026-09-08T15:00:00Z,2026-09-01T15:00:00Z,same_contract_descriptive
GOVPARTYFL-26-D,GOVPARTYFL,GOVPARTYFL-26,Will the Democratic party win the governorship in Florida,David Jolly,,active,US_2026_general_election,14,usable,usable,0.175,0.195,-2.0000000000000018,2026-09-08T15:00:00Z,2026-08-25T15:00:00Z,same_contract_descriptive
GOVPARTYFL-26-D,GOVPARTYFL,GOVPARTYFL-26,Will the Democratic party win the governorship in Florida,David Jolly,,active,US_2026_general_election,28,usable,usable,0.175,0.185,-1.0000000000000009,2026-09-08T15:00:00Z,2026-08-11T15:00:00Z,same_contract_descriptive
GOVPARTYGA-26-R,GOVPARTYGA,GOVPARTYGA-26,Will the Republican party win the governorship in Georgia,Rick Jackson,,active,US_2026_general_election,7,usable,usable,0.435,0.405,2.9999999999999973,2026-09-08T15:00:00Z,2026-09-01T15:00:00Z,same_contract_descriptive
GOVPARTYGA-26-R,GOVPARTYGA,GOVPARTYGA-26,Will the Republican party win the governorship in Georgia,Rick Jackson,,active,US_2026_general_election,14,usable,usable,0.435,0.41000000000000003,2.4999999999999964,2026-09-08T15:00:00Z,2026-08-25T15:00:00Z,same_contract_descriptive
GOVPARTYGA-26-R,GOVPARTYGA,GOVPARTYGA-26,Will the Republican party win the governorship in Georgia,Rick Jackson,,active,US_2026_general_election,28,usable,usable,0.435,0.46499999999999997,-2.9999999999999973,2026-09-08T15:00:00Z,2026-08-11T15:00:00Z,same_contract_descriptive
GOVPARTYGA-26-D,GOVPARTYGA,GOVPARTYGA-26,Will the Democratic party win the governorship in Georgia,Keisha Lance Bottoms,,active,US_2026_general_election,7,usable,usable,0.555,0.595,-3.9999999999999925,2026-09-08T15:00:00Z,2026-09-01T15:00:00Z,same_contract_descriptive
GOVPARTYGA-26-D,GOVPARTYGA,GOVPARTYGA-26,Will the Democratic party win the governorship in Georgia,Keisha Lance Bottoms,,active,US_2026_general_election,14,usable,usable,0.555,0.595,-3.9999999999999925,2026-09-08T15:00:00Z,2026-08-25T14:00:00Z,same_contract_descriptive
GOVPARTYGA-26-D,GOVPARTYGA,GOVPARTYGA-26,Will the Democratic party win the governorship in Georgia,Keisha Lance Bottoms,,active,US_2026_general_election,28,usable,usable,0.555,0.535,2.0000000000000018,2026-09-08T15:00:00Z,2026-08-11T15:00:00Z,same_contract_descriptive
GOVPARTYHI-26-R,GOVPARTYHI,GOVPARTYHI-26,Will the Republican party win the governorship in Hawaii,Gary Cordery,,active,US_2026_general_election,7,usable,stale_observation,0.03,,,2026-09-08T07:00:00Z,2026-08-30T19:00:00Z,not_comparable
GOVPARTYHI-26-R,GOVPARTYHI,GOVPARTYHI-26,Will the Republican party win the governorship in Hawaii,Gary Cordery,,active,US_2026_general_election,14,usable,usable,0.03,0.032,-0.20000000000000018,2026-09-08T07:00:00Z,2026-08-25T14:00:00Z,same_contract_descriptive
GOVPARTYHI-26-R,GOVPARTYHI,GOVPARTYHI-26,Will the Republican party win the governorship in Hawaii,Gary Cordery,,active,US_2026_general_election,28,usable,usable,0.03,0.023,0.7,2026-09-08T07:00:00Z,2026-08-11T15:00:00Z,same_contract_descriptive
GOVPARTYHI-26-D,GOVPARTYHI,GOVPARTYHI-26,Will the Democratic party win the governorship in Hawaii,Josh Green,,active,US_2026_general_election,7,usable,usable,0.97,0.969,0.10000000000000009,2026-09-08T14:00:00Z,2026-09-01T07:00:00Z,same_contract_descriptive
GOVPARTYHI-26-D,GOVPARTYHI,GOVPARTYHI-26,Will the Democratic party win the governorship in Hawaii,Josh Green,,active,US_2026_general_election,14,usable,usable,0.97,0.968,0.20000000000000018,2026-09-08T14:00:00Z,2026-08-24T23:00:00Z,same_contract_descriptive
GOVPARTYHI-26-D,GOVPARTYHI,GOVPARTYHI-26,Will the Democratic party win the governorship in Hawaii,Josh Green,,active,US_2026_general_election,28,usable,usable,0.97,0.975,-0.5000000000000004,2026-09-08T14:00:00Z,2026-08-11T03:00:00Z,same_contract_descriptive
GOVPARTYIA-26-R,GOVPARTYIA,GOVPARTYIA-26,Will the Republican party win the governorship in Iowa,Zach Lahn,,active,US_2026_general_election,7,usable,usable,0.255,0.265,-1.0000000000000009,2026-09-08T15:00:00Z,2026-09-01T15:00:00Z,same_contract_descriptive
GOVPARTYIA-26-R,GOVPARTYIA,GOVPARTYIA-26,Will the Republican party win the governorship in Iowa,Zach Lahn,,active,US_2026_general_election,14,usable,usable,0.255,0.255,0.0,2026-09-08T15:00:00Z,2026-08-25T15:00:00Z,same_contract_descriptive
GOVPARTYIA-26-R,GOVPARTYIA,GOVPARTYIA-26,Will the Republican party win the governorship in Iowa,Zach Lahn,,active,US_2026_general_election,28,usable,usable,0.255,0.355,-9.999999999999998,2026-09-08T15:00:00Z,2026-08-11T12:00:00Z,same_contract_descriptive
GOVPARTYIA-26-D,GOVPARTYIA,GOVPARTYIA-26,Will the Democratic party win the governorship in Iowa,Rob Sand,,active,US_2026_general_election,7,usable,usable,0.735,0.745,-1.0000000000000009,2026-09-08T15:00:00Z,2026-09-01T15:00:00Z,same_contract_descriptive
GOVPARTYIA-26-D,GOVPARTYIA,GOVPARTYIA-26,Will the Democratic party win the governorship in Iowa,Rob Sand,,active,US_2026_general_election,14,usable,usable,0.735,0.765,-3.0000000000000027,2026-09-08T15:00:00Z,2026-08-25T15:00:00Z,same_contract_descriptive
GOVPARTYIA-26-D,GOVPARTYIA,GOVPARTYIA-26,Will the Democratic party win the governorship in Iowa,Rob Sand,,active,US_2026_general_election,28,usable,usable,0.735,0.645,8.999999999999996,2026-09-08T15:00:00Z,2026-08-11T15:00:00Z,same_contract_descriptive
GOVPARTYID-26-R,GOVPARTYID,GOVPARTYID-26,Will the Republican party win the governorship in Idaho,Brad Little,,active,US_2026_general_election,7,usable,usable,0.9784999999999999,0.9775,0.09999999999998899,2026-09-08T06:00:00Z,2026-09-01T15:00:00Z,same_contract_descriptive
GOVPARTYID-26-R,GOVPARTYID,GOVPARTYID-26,Will the Republican party win the governorship in Idaho,Brad Little,,active,US_2026_general_election,14,usable,usable,0.9784999999999999,0.974,0.44999999999999485,2026-09-08T06:00:00Z,2026-08-25T14:00:00Z,same_contract_descriptive
GOVPARTYID-26-R,GOVPARTYID,GOVPARTYID-26,Will the Republican party win the governorship in Idaho,Brad Little,,active,US_2026_general_election,28,usable,stale_observation,0.9784999999999999,,,2026-09-08T06:00:00Z,2026-08-10T05:00:00Z,not_comparable
GOVPARTYID-26-D,GOVPARTYID,GOVPARTYID-26,Will the Democratic party win the governorship in Idaho,Terri Pickens,,active,US_2026_general_election,7,usable,usable,0.021500000000000002,0.022,-0.0499999999999997,2026-09-07T23:00:00Z,2026-09-01T15:00:00Z,same_contract_descriptive
GOVPARTYID-26-D,GOVPARTYID,GOVPARTYID-26,Will the Democratic party win the governorship in Idaho,Terri Pickens,,active,US_2026_general_election,14,usable,usable,0.021500000000000002,0.0225,-0.09999999999999974,2026-09-07T23:00:00Z,2026-08-24T17:00:00Z,same_contract_descriptive
GOVPARTYID-26-D,GOVPARTYID,GOVPARTYID-26,Will the Democratic party win the governorship in Idaho,Terri Pickens,,active,US_2026_general_election,28,usable,stale_observation,0.021500000000000002,,,2026-09-07T23:00:00Z,2026-08-09T16:00:00Z,not_comparable
GOVPARTYIL-26-R,GOVPARTYIL,GOVPARTYIL-26,Will the Republican party win the governorship in Illinois,Darren Bailey,,active,US_2026_general_election,7,usable,usable,0.033,0.036,-0.2999999999999996,2026-09-08T14:00:00Z,2026-09-01T09:00:00Z,same_contract_descriptive
GOVPARTYIL-26-R,GOVPARTYIL,GOVPARTYIL-26,Will the Republican party win the governorship in Illinois,Darren Bailey,,active,US_2026_general_election,14,usable,usable,0.033,0.0375,-0.44999999999999973,2026-09-08T14:00:00Z,2026-08-25T15:00:00Z,same_contract_descriptive
GOVPARTYIL-26-R,GOVPARTYIL,GOVPARTYIL-26,Will the Republican party win the governorship in Illinois,Darren Bailey,,active,US_2026_general_election,28,usable,usable,0.033,0.0445,-1.1499999999999997,2026-09-08T14:00:00Z,2026-08-11T05:00:00Z,same_contract_descriptive
GOVPARTYIL-26-D,GOVPARTYIL,GOVPARTYIL-26,Will the Democratic party win the governorship in Illinois,JB Pritzker,,active,US_2026_general_election,7,usable,usable,0.9584999999999999,0.964,-0.550000000000006,2026-09-07T22:00:00Z,2026-09-01T11:00:00Z,same_contract_descriptive
GOVPARTYIL-26-D,GOVPARTYIL,GOVPARTYIL-26,Will the Democratic party win the governorship in Illinois,JB Pritzker,,active,US_2026_general_election,14,usable,usable,0.9584999999999999,0.9544999999999999,0.40000000000000036,2026-09-07T22:00:00Z,2026-08-25T15:00:00Z,same_contract_descriptive
GOVPARTYIL-26-D,GOVPARTYIL,GOVPARTYIL-26,Will the Democratic party win the governorship in Illinois,JB Pritzker,,active,US_2026_general_election,28,usable,usable,0.9584999999999999,0.9584999999999999,0.0,2026-09-07T22:00:00Z,2026-08-11T15:00:00Z,same_contract_descriptive
GOVPARTYKS-27-R,GOVPARTYKS,GOVPARTYKS-27,Will the Republican party win the governorship in Kansas,Ty Masterson,,active,US_2026_general_election,7,usable,usable,0.695,0.645,4.999999999999993,2026-09-08T15:00:00Z,2026-09-01T15:00:00Z,same_contract_descriptive
GOVPARTYKS-27-R,GOVPARTYKS,GOVPARTYKS-27,Will the Republican party win the governorship in Kansas,Ty Masterson,,active,US_2026_general_election,14,usable,usable,0.695,0.645,4.999999999999993,2026-09-08T15:00:00Z,2026-08-25T15:00:00Z,same_contract_descriptive
GOVPARTYKS-27-R,GOVPARTYKS,GOVPARTYKS-27,Will the Republican party win the governorship in Kansas,Ty Masterson,,active,US_2026_general_election,28,usable,usable,0.695,0.775,-8.000000000000007,2026-09-08T15:00:00Z,2026-08-11T15:00:00Z,same_contract_descriptive
GOVPARTYKS-27-D,GOVPARTYKS,GOVPARTYKS-27,Will the Democratic party win the governorship in Kansas,Cindy Holscher,,active,US_2026_general_election,7,usable,usable,0.305,0.36,-5.499999999999999,2026-09-08T15:00:00Z,2026-09-01T15:00:00Z,same_contract_descriptive
GOVPARTYKS-27-D,GOVPARTYKS,GOVPARTYKS-27,Will the Democratic party win the governorship in Kansas,Cindy Holscher,,active,US_2026_general_election,14,usable,usable,0.305,0.37,-6.5,2026-09-08T15:00:00Z,2026-08-25T15:00:00Z,same_contract_descriptive
GOVPARTYKS-27-D,GOVPARTYKS,GOVPARTYKS-27,Will the Democratic party win the governorship in Kansas,Cindy Holscher,,active,US_2026_general_election,28,usable,usable,0.305,0.21500000000000002,8.999999999999996,2026-09-08T15:00:00Z,2026-08-11T15:00:00Z,same_contract_descriptive
GOVPARTYMA-26-R,GOVPARTYMA,GOVPARTYMA-26,Will the Republican party win the governorship in Massachusetts,Mike Minogue,,active,US_2026_general_election,7,usable,usable,0.057,0.057999999999999996,-0.0999999999999994,2026-09-08T15:00:00Z,2026-09-01T15:00:00Z,same_contract_descriptive
GOVPARTYMA-26-R,GOVPARTYMA,GOVPARTYMA-26,Will the Republican party win the governorship in Massachusetts,Mike Minogue,,active,US_2026_general_election,14,usable,usable,0.057,0.045,1.2000000000000004,2026-09-08T15:00:00Z,2026-08-25T15:00:00Z,same_contract_descriptive
GOVPARTYMA-26-R,GOVPARTYMA,GOVPARTYMA-26,Will the Republican party win the governorship in Massachusetts,Mike Minogue,,active,US_2026_general_election,28,usable,usable,0.057,0.0675,-1.0500000000000003,2026-09-08T15:00:00Z,2026-08-11T13:00:00Z,same_contract_descriptive
GOVPARTYMA-26-D,GOVPARTYMA,GOVPARTYMA-26,Will the Democratic party win the governorship in Massachusetts,Maura Healey,,active,US_2026_general_election,7,usable,usable,0.949,0.949,0.0,2026-09-08T15:00:00Z,2026-09-01T15:00:00Z,same_contract_descriptive
GOVPARTYMA-26-D,GOVPARTYMA,GOVPARTYMA-26,Will the Democratic party win the governorship in Massachusetts,Maura Healey,,active,US_2026_general_election,14,usable,usable,0.949,0.9635,-1.4500000000000068,2026-09-08T15:00:00Z,2026-08-25T14:00:00Z,same_contract_descriptive
GOVPARTYMA-26-D,GOVPARTYMA,GOVPARTYMA-26,Will the Democratic party win the governorship in Massachusetts,Maura Healey,,active,US_2026_general_election,28,usable,usable,0.949,0.941,0.8000000000000007,2026-09-08T15:00:00Z,2026-08-11T13:00:00Z,same_contract_descriptive
GOVPARTYMD-26-R,GOVPARTYMD,GOVPARTYMD-26,Will the Republican party win the governorship in Maryland,Dan Cox,,active,US_2026_general_election,7,usable,usable,0.0485,0.04,0.8500000000000001,2026-09-08T13:00:00Z,2026-09-01T15:00:00Z,same_contract_descriptive
GOVPARTYMD-26-R,GOVPARTYMD,GOVPARTYMD-26,Will the Republican party win the governorship in Maryland,Dan Cox,,active,US_2026_general_election,14,usable,usable,0.0485,0.035,1.3499999999999999,2026-09-08T13:00:00Z,2026-08-25T15:00:00Z,same_contract_descriptive
GOVPARTYMD-26-R,GOVPARTYMD,GOVPARTYMD-26,Will the Republican party win the governorship in Maryland,Dan Cox,,active,US_2026_general_election,28,usable,usable,0.0485,0.0325,1.6,2026-09-08T13:00:00Z,2026-08-11T02:00:00Z,same_contract_descriptive
GOVPARTYMD-26-D,GOVPARTYMD,GOVPARTYMD-26,Will the Democratic party win the governorship in Maryland,Wes Moore,,active,US_2026_general_election,7,usable,usable,0.957,0.962,-0.5000000000000004,2026-09-08T14:00:00Z,2026-09-01T15:00:00Z,same_contract_descriptive
GOVPARTYMD-26-D,GOVPARTYMD,GOVPARTYMD-26,Will the Democratic party win the governorship in Maryland,Wes Moore,,active,US_2026_general_election,14,usable,usable,0.957,0.9604999999999999,-0.34999999999999476,2026-09-08T14:00:00Z,2026-08-25T14:00:00Z,same_contract_descriptive
GOVPARTYMD-26-D,GOVPARTYMD,GOVPARTYMD-26,Will the Democratic party win the governorship in Maryland,Wes Moore,,active,US_2026_general_election,28,usable,stale_observation,0.957,,,2026-09-08T14:00:00Z,2026-08-09T19:00:00Z,not_comparable
GOVPARTYME-26-RBEN,GOVPARTYME,GOVPARTYME-26,Will the Rick Bennett party win the governorship in Maine,Rick Bennett,,active,US_2026_general_election,7,stale_observation,stale_observation,,,,2026-09-06T21:00:00Z,2026-08-25T01:00:00Z,not_comparable
GOVPARTYME-26-RBEN,GOVPARTYME,GOVPARTYME-26,Will the Rick Bennett party win the governorship in Maine,Rick Bennett,,active,US_2026_general_election,14,stale_observation,usable,,0.005,,2026-09-06T21:00:00Z,2026-08-25T01:00:00Z,not_comparable
GOVPARTYME-26-RBEN,GOVPARTYME,GOVPARTYME-26,Will the Rick Bennett party win the governorship in Maine,Rick Bennett,,active,US_2026_general_election,28,stale_observation,stale_observation,,,,2026-09-06T21:00:00Z,2026-08-07T04:00:00Z,not_comparable
GOVPARTYME-26-R,GOVPARTYME,GOVPARTYME-26,Will the Republican party win the governorship in Maine,Robert Charles,,active,US_2026_general_election,7,usable,usable,0.057499999999999996,0.064,-0.6500000000000006,2026-09-08T12:00:00Z,2026-08-31T23:00:00Z,same_contract_descriptive
GOVPARTYME-26-R,GOVPARTYME,GOVPARTYME-26,Will the Republican party win the governorship in Maine,Robert Charles,,active,US_2026_general_election,14,usable,usable,0.057499999999999996,0.0635,-0.6000000000000005,2026-09-08T12:00:00Z,2026-08-25T15:00:00Z,same_contract_descriptive
GOVPARTYME-26-R,GOVPARTYME,GOVPARTYME-26,Will the Republican party win the governorship in Maine,Robert Charles,,active,US_2026_general_election,28,usable,usable,0.057499999999999996,0.0475,0.9999999999999996,2026-09-08T12:00:00Z,2026-08-11T13:00:00Z,same_contract_descriptive
GOVPARTYME-26-D,GOVPARTYME,GOVPARTYME-26,Will the Democratic party win the governorship in Maine,Hannah Pingree,,active,US_2026_general_election,7,usable,usable,0.9405,0.9395,0.10000000000000009,2026-09-08T15:00:00Z,2026-09-01T14:00:00Z,same_contract_descriptive
GOVPARTYME-26-D,GOVPARTYME,GOVPARTYME-26,Will the Democratic party win the governorship in Maine,Hannah Pingree,,active,US_2026_general_election,14,usable,usable,0.9405,0.9425,-0.20000000000000018,2026-09-08T15:00:00Z,2026-08-25T14:00:00Z,same_contract_descriptive
GOVPARTYME-26-D,GOVPARTYME,GOVPARTYME-26,Will the Democratic party win the governorship in Maine,Hannah Pingree,,active,US_2026_general_election,28,usable,usable,0.9405,0.9544999999999999,-1.3999999999999901,2026-09-08T15:00:00Z,2026-08-11T13:00:00Z,same_contract_descriptive
GOVPARTYMI-26-MD,GOVPARTYMI,GOVPARTYMI-26,Will the Mike Duggan party win the governorship in Michigan,Mike Duggan,,active,US_2026_general_election,7,usable,usable,0.0055,0.0055,0.0,2026-09-08T14:00:00Z,2026-09-01T07:00:00Z,same_contract_descriptive
GOVPARTYMI-26-MD,GOVPARTYMI,GOVPARTYMI-26,Will the Mike Duggan party win the governorship in Michigan,Mike Duggan,,active,US_2026_general_election,14,usable,usable,0.0055,0.0075,-0.2,2026-09-08T14:00:00Z,2026-08-25T15:00:00Z,same_contract_descriptive
GOVPARTYMI-26-MD,GOVPARTYMI,GOVPARTYMI-26,Will the Mike Duggan party win the governorship in Michigan,Mike Duggan,,active,US_2026_general_election,28,usable,usable,0.0055,0.0055,0.0,2026-09-08T14:00:00Z,2026-08-11T03:00:00Z,same_contract_descriptive
GOVPARTYMI-26-R,GOVPARTYMI,GOVPARTYMI-26,Will the Republican party win the governorship in Michigan,John James,,active,US_2026_general_election,7,usable,usable,0.12,0.10500000000000001,1.4999999999999987,2026-09-08T15:00:00Z,2026-09-01T15:00:00Z,same_contract_descriptive
GOVPARTYMI-26-R,GOVPARTYMI,GOVPARTYMI-26,Will the Republican party win the governorship in Michigan,John James,,active,US_2026_general_election,14,usable,usable,0.12,0.12,0.0,2026-09-08T15:00:00Z,2026-08-25T15:00:00Z,same_contract_descriptive
GOVPARTYMI-26-R,GOVPARTYMI,GOVPARTYMI-26,Will the Republican party win the governorship in Michigan,John James,,active,US_2026_general_election,28,usable,usable,0.12,0.16,-4.000000000000001,2026-09-08T15:00:00Z,2026-08-11T15:00:00Z,same_contract_descriptive
GOVPARTYMI-26-D,GOVPARTYMI,GOVPARTYMI-26,Will the Democratic party win the governorship in Michigan,Jocelyn Benson,,active,US_2026_general_election,7,usable,usable,0.89,0.886,0.40000000000000036,2026-09-08T15:00:00Z,2026-09-01T15:00:00Z,same_contract_descriptive
GOVPARTYMI-26-D,GOVPARTYMI,GOVPARTYMI-26,Will the Democratic party win the governorship in Michigan,Jocelyn Benson,,active,US_2026_general_election,14,usable,usable,0.89,0.88,1.0000000000000009,2026-09-08T15:00:00Z,2026-08-25T15:00:00Z,same_contract_descriptive
GOVPARTYMI-26-D,GOVPARTYMI,GOVPARTYMI-26,Will the Democratic party win the governorship in Michigan,Jocelyn Benson,,active,US_2026_general_election,28,usable,usable,0.89,0.845,4.5000000000000036,2026-09-08T15:00:00Z,2026-08-11T03:00:00Z,same_contract_descriptive
GOVPARTYMN-26-R,GOVPARTYMN,GOVPARTYMN-26,Will the Republican party win the governorship in Minnesota,Lisa Demuth,,active,US_2026_general_election,7,usable,usable,0.0505,0.05,0.050000000000000044,2026-09-08T15:00:00Z,2026-09-01T15:00:00Z,same_contract_descriptive
GOVPARTYMN-26-R,GOVPARTYMN,GOVPARTYMN-26,Will the Republican party win the governorship in Minnesota,Lisa Demuth,,active,US_2026_general_election,14,usable,usable,0.0505,0.0615,-1.0999999999999996,2026-09-08T15:00:00Z,2026-08-25T15:00:00Z,same_contract_descriptive
GOVPARTYMN-26-R,GOVPARTYMN,GOVPARTYMN-26,Will the Republican party win the governorship in Minnesota,Lisa Demuth,,active,US_2026_general_election,28,usable,usable,0.0505,0.051,-0.04999999999999935,2026-09-08T15:00:00Z,2026-08-11T13:00:00Z,same_contract_descriptive
GOVPARTYMN-26-D,GOVPARTYMN,GOVPARTYMN-26,Will the Democratic party win the governorship in Minnesota,Amy Klobuchar,,active,US_2026_general_election,7,usable,usable,0.953,0.945,0.8000000000000007,2026-09-08T15:00:00Z,2026-09-01T14:00:00Z,same_contract_descriptive
GOVPARTYMN-26-D,GOVPARTYMN,GOVPARTYMN-26,Will the Democratic party win the governorship in Minnesota,Amy Klobuchar,,active,US_2026_general_election,14,usable,usable,0.953,0.9375,1.5499999999999958,2026-09-08T15:00:00Z,2026-08-25T15:00:00Z,same_contract_descriptive
GOVPARTYMN-26-D,GOVPARTYMN,GOVPARTYMN-26,Will the Democratic party win the governorship in Minnesota,Amy Klobuchar,,active,US_2026_general_election,28,usable,usable,0.953,0.9475,0.5499999999999949,2026-09-08T15:00:00Z,2026-08-11T03:00:00Z,same_contract_descriptive
GOVPARTYNE-26-R,GOVPARTYNE,GOVPARTYNE-26,Will the Republican party win the governorship in Nebraska,Jim Pillen,,active,US_2026_general_election,7,usable,usable,0.9145000000000001,0.9095,0.5000000000000115,2026-09-08T04:00:00Z,2026-09-01T15:00:00Z,same_contract_descriptive
GOVPARTYNE-26-R,GOVPARTYNE,GOVPARTYNE-26,Will the Republican party win the governorship in Nebraska,Jim Pillen,,active,US_2026_general_election,14,usable,usable,0.9145000000000001,0.912,0.2500000000000058,2026-09-08T04:00:00Z,2026-08-25T15:00:00Z,same_contract_descriptive
GOVPARTYNE-26-R,GOVPARTYNE,GOVPARTYNE-26,Will the Republican party win the governorship in Nebraska,Jim Pillen,,active,US_2026_general_election,28,usable,usable,0.9145000000000001,0.84,7.450000000000012,2026-09-08T04:00:00Z,2026-08-11T00:00:00Z,same_contract_descriptive
GOVPARTYNE-26-D,GOVPARTYNE,GOVPARTYNE-26,Will the Democratic party win the governorship in Nebraska,Lynne Walz,,active,US_2026_general_election,7,usable,usable,0.087,0.077,0.9999999999999996,2026-09-08T05:00:00Z,2026-09-01T15:00:00Z,same_contract_descriptive
GOVPARTYNE-26-D,GOVPARTYNE,GOVPARTYNE-26,Will the Democratic party win the governorship in Nebraska,Lynne Walz,,active,US_2026_general_election,14,usable,usable,0.087,0.0915,-0.4500000000000004,2026-09-08T05:00:00Z,2026-08-25T07:00:00Z,same_contract_descriptive
GOVPARTYNE-26-D,GOVPARTYNE,GOVPARTYNE-26,Will the Democratic party win the governorship in Nebraska,Lynne Walz,,active,US_2026_general_election,28,usable,usable,0.087,0.15500000000000003,-6.800000000000003,2026-09-08T05:00:00Z,2026-08-11T08:00:00Z,same_contract_descriptive
GOVPARTYNM-26-R,GOVPARTYNM,GOVPARTYNM-26,Will the Republican party win the governorship in New Mexico,Greggory D. Hull,,active,US_2026_general_election,7,usable,usable,0.0825,0.07300000000000001,0.9499999999999995,2026-09-08T15:00:00Z,2026-09-01T14:00:00Z,same_contract_descriptive
GOVPARTYNM-26-R,GOVPARTYNM,GOVPARTYNM-26,Will the Republican party win the governorship in New Mexico,Greggory D. Hull,,active,US_2026_general_election,14,usable,usable,0.0825,0.063,1.9500000000000004,2026-09-08T15:00:00Z,2026-08-25T15:00:00Z,same_contract_descriptive
GOVPARTYNM-26-R,GOVPARTYNM,GOVPARTYNM-26,Will the Republican party win the governorship in New Mexico,Greggory D. Hull,,active,US_2026_general_election,28,usable,usable,0.0825,0.0925,-0.9999999999999996,2026-09-08T15:00:00Z,2026-08-11T08:00:00Z,same_contract_descriptive
GOVPARTYNM-26-D,GOVPARTYNM,GOVPARTYNM-26,Will the Democratic party win the governorship in New Mexico,Deb Haaland,,active,US_2026_general_election,7,usable,usable,0.9315,0.9339999999999999,-0.24999999999999467,2026-09-08T15:00:00Z,2026-09-01T15:00:00Z,same_contract_descriptive
GOVPARTYNM-26-D,GOVPARTYNM,GOVPARTYNM-26,Will the Democratic party win the governorship in New Mexico,Deb Haaland,,active,US_2026_general_election,14,usable,usable,0.9315,0.9495,-1.8000000000000016,2026-09-08T15:00:00Z,2026-08-25T15:00:00Z,same_contract_descriptive
GOVPARTYNM-26-D,GOVPARTYNM,GOVPARTYNM-26,Will the Democratic party win the governorship in New Mexico,Deb Haaland,,active,US_2026_general_election,28,usable,usable,0.9315,0.9105000000000001,2.0999999999999908,2026-09-08T15:00:00Z,2026-08-11T02:00:00Z,same_contract_descriptive
GOVPARTYNV-26-R,GOVPARTYNV,GOVPARTYNV-26,Will the Republican party win the governorship in Nevada,Joe Lombardo,,active,US_2026_general_election,7,usable,usable,0.605,0.565,4.0000000000000036,2026-09-08T14:00:00Z,2026-09-01T15:00:00Z,same_contract_descriptive
GOVPARTYNV-26-R,GOVPARTYNV,GOVPARTYNV-26,Will the Republican party win the governorship in Nevada,Joe Lombardo,,active,US_2026_general_election,14,usable,usable,0.605,0.585,2.0000000000000018,2026-09-08T14:00:00Z,2026-08-25T15:00:00Z,same_contract_descriptive
GOVPARTYNV-26-R,GOVPARTYNV,GOVPARTYNV-26,Will the Republican party win the governorship in Nevada,Joe Lombardo,,active,US_2026_general_election,28,usable,usable,0.605,0.455,14.999999999999996,2026-09-08T14:00:00Z,2026-08-11T07:00:00Z,same_contract_descriptive
GOVPARTYNV-26-D,GOVPARTYNV,GOVPARTYNV-26,Will the Democratic party win the governorship in Nevada,Aaron Ford,,active,US_2026_general_election,7,usable,usable,0.41000000000000003,0.415,-0.4999999999999949,2026-09-08T15:00:00Z,2026-09-01T15:00:00Z,same_contract_descriptive
GOVPARTYNV-26-D,GOVPARTYNV,GOVPARTYNV-26,Will the Democratic party win the governorship in Nevada,Aaron Ford,,active,US_2026_general_election,14,usable,usable,0.41000000000000003,0.42,-0.9999999999999953,2026-09-08T15:00:00Z,2026-08-25T15:00:00Z,same_contract_descriptive
GOVPARTYNV-26-D,GOVPARTYNV,GOVPARTYNV-26,Will the Democratic party win the governorship in Nevada,Aaron Ford,,active,US_2026_general_election,28,usable,usable,0.41000000000000003,0.55,-14.000000000000002,2026-09-08T15:00:00Z,2026-08-11T05:00:00Z,same_contract_descriptive
GOVPARTYNY-26-R,GOVPARTYNY,GOVPARTYNY-26,Will the Republican party win the governorship in New York,Bruce Blakeman,,active,US_2026_general_election,7,usable,usable,0.07300000000000001,0.0675,0.5500000000000005,2026-09-08T15:00:00Z,2026-09-01T15:00:00Z,same_contract_descriptive
GOVPARTYNY-26-R,GOVPARTYNY,GOVPARTYNY-26,Will the Republican party win the governorship in New York,Bruce Blakeman,,active,US_2026_general_election,14,usable,usable,0.07300000000000001,0.058499999999999996,1.4500000000000013,2026-09-08T15:00:00Z,2026-08-25T15:00:00Z,same_contract_descriptive
GOVPARTYNY-26-R,GOVPARTYNY,GOVPARTYNY-26,Will the Republican party win the governorship in New York,Bruce Blakeman,,active,US_2026_general_election,28,usable,usable,0.07300000000000001,0.052500000000000005,2.0500000000000003,2026-09-08T15:00:00Z,2026-08-11T15:00:00Z,same_contract_descriptive
GOVPARTYNY-26-D,GOVPARTYNY,GOVPARTYNY-26,Will the Democratic party win the governorship in New York,Kathy Hochul,,active,US_2026_general_election,7,usable,usable,0.9315,0.9404999999999999,-0.8999999999999897,2026-09-08T15:00:00Z,2026-09-01T15:00:00Z,same_contract_descriptive
GOVPARTYNY-26-D,GOVPARTYNY,GOVPARTYNY-26,Will the Democratic party win the governorship in New York,Kathy Hochul,,active,US_2026_general_election,14,usable,usable,0.9315,0.9455,-1.4000000000000012,2026-09-08T15:00:00Z,2026-08-25T15:00:00Z,same_contract_descriptive
GOVPARTYNY-26-D,GOVPARTYNY,GOVPARTYNY-26,Will the Democratic party win the governorship in New York,Kathy Hochul,,active,US_2026_general_election,28,usable,usable,0.9315,0.9484999999999999,-1.6999999999999904,2026-09-08T15:00:00Z,2026-08-11T14:00:00Z,same_contract_descriptive
GOVPARTYOH-26-R,GOVPARTYOH,GOVPARTYOH-26,Will the Republican party win the governorship in Ohio,Vivek Ramaswamy,,active,US_2026_general_election,7,usable,usable,0.455,0.435,2.0000000000000018,2026-09-08T15:00:00Z,2026-09-01T15:00:00Z,same_contract_descriptive
GOVPARTYOH-26-R,GOVPARTYOH,GOVPARTYOH-26,Will the Republican party win the governorship in Ohio,Vivek Ramaswamy,,active,US_2026_general_election,14,usable,usable,0.455,0.445,1.0000000000000009,2026-09-08T15:00:00Z,2026-08-25T15:00:00Z,same_contract_descriptive
GOVPARTYOH-26-R,GOVPARTYOH,GOVPARTYOH-26,Will the Republican party win the governorship in Ohio,Vivek Ramaswamy,,active,US_2026_general_election,28,usable,usable,0.455,0.505,-4.999999999999999,2026-09-08T15:00:00Z,2026-08-11T15:00:00Z,same_contract_descriptive
GOVPARTYOH-26-D,GOVPARTYOH,GOVPARTYOH-26,Will the Democratic party win the governorship in Ohio,Amy Acton,,active,US_2026_general_election,7,usable,usable,0.535,0.575,-3.9999999999999925,2026-09-08T15:00:00Z,2026-09-01T15:00:00Z,same_contract_descriptive
GOVPARTYOH-26-D,GOVPARTYOH,GOVPARTYOH-26,Will the Democratic party win the governorship in Ohio,Amy Acton,,active,US_2026_general_election,14,usable,usable,0.535,0.565,-2.9999999999999916,2026-09-08T15:00:00Z,2026-08-25T15:00:00Z,same_contract_descriptive
GOVPARTYOH-26-D,GOVPARTYOH,GOVPARTYOH-26,Will the Democratic party win the governorship in Ohio,Amy Acton,,active,US_2026_general_election,28,usable,usable,0.535,0.495,4.0000000000000036,2026-09-08T15:00:00Z,2026-08-11T15:00:00Z,same_contract_descriptive
GOVPARTYOK-26-R,GOVPARTYOK,GOVPARTYOK-26,Will the Republican party win the governorship in Oklahoma,Republican party,,active,US_2026_general_election,7,usable,usable,0.921,0.9175,0.35000000000000586,2026-09-08T14:00:00Z,2026-09-01T15:00:00Z,same_contract_descriptive
GOVPARTYOK-26-R,GOVPARTYOK,GOVPARTYOK-26,Will the Republican party win the governorship in Oklahoma,Republican party,,active,US_2026_general_election,14,usable,usable,0.921,0.956,-3.499999999999992,2026-09-08T14:00:00Z,2026-08-25T15:00:00Z,same_contract_descriptive
GOVPARTYOK-26-R,GOVPARTYOK,GOVPARTYOK-26,Will the Republican party win the governorship in Oklahoma,Republican party,,active,US_2026_general_election,28,usable,usable,0.921,0.958,-3.699999999999992,2026-09-08T14:00:00Z,2026-08-11T15:00:00Z,same_contract_descriptive
GOVPARTYOK-26-D,GOVPARTYOK,GOVPARTYOK-26,Will the Democratic party win the governorship in Oklahoma,Cyndi Munson,,active,US_2026_general_election,7,usable,usable,0.08399999999999999,0.0795,0.449999999999999,2026-09-08T14:00:00Z,2026-09-01T15:00:00Z,same_contract_descriptive
GOVPARTYOK-26-D,GOVPARTYOK,GOVPARTYOK-26,Will the Democratic party win the governorship in Oklahoma,Cyndi Munson,,active,US_2026_general_election,14,usable,usable,0.08399999999999999,0.0465,3.749999999999999,2026-09-08T14:00:00Z,2026-08-25T15:00:00Z,same_contract_descriptive
GOVPARTYOK-26-D,GOVPARTYOK,GOVPARTYOK-26,Will the Democratic party win the governorship in Oklahoma,Cyndi Munson,,active,US_2026_general_election,28,usable,usable,0.08399999999999999,0.039,4.499999999999999,2026-09-08T14:00:00Z,2026-08-11T15:00:00Z,same_contract_descriptive
GOVPARTYOR-26-R,GOVPARTYOR,GOVPARTYOR-26,Will the Republican party win the governorship in Oregon,Christine Drazan,,active,US_2026_general_election,7,usable,usable,0.11499999999999999,0.125,-1.0000000000000009,2026-09-08T15:00:00Z,2026-09-01T15:00:00Z,same_contract_descriptive
GOVPARTYOR-26-R,GOVPARTYOR,GOVPARTYOR-26,Will the Republican party win the governorship in Oregon,Christine Drazan,,active,US_2026_general_election,14,usable,usable,0.11499999999999999,0.135,-2.0000000000000018,2026-09-08T15:00:00Z,2026-08-25T07:00:00Z,same_contract_descriptive
GOVPARTYOR-26-R,GOVPARTYOR,GOVPARTYOR-26,Will the Republican party win the governorship in Oregon,Christine Drazan,,active,US_2026_general_election,28,usable,usable,0.11499999999999999,0.12,-0.5000000000000004,2026-09-08T15:00:00Z,2026-08-11T14:00:00Z,same_contract_descriptive
GOVPARTYOR-26-D,GOVPARTYOR,GOVPARTYOR-26,Will the Democratic party win the governorship in Oregon,Tina Kotek,,active,US_2026_general_election,7,usable,usable,0.885,0.865,2.0000000000000018,2026-09-08T15:00:00Z,2026-09-01T15:00:00Z,same_contract_descriptive
GOVPARTYOR-26-D,GOVPARTYOR,GOVPARTYOR-26,Will the Democratic party win the governorship in Oregon,Tina Kotek,,active,US_2026_general_election,14,usable,usable,0.885,0.855,3.0000000000000027,2026-09-08T15:00:00Z,2026-08-25T07:00:00Z,same_contract_descriptive
GOVPARTYOR-26-D,GOVPARTYOR,GOVPARTYOR-26,Will the Democratic party win the governorship in Oregon,Tina Kotek,,active,US_2026_general_election,28,usable,usable,0.885,0.885,0.0,2026-09-08T15:00:00Z,2026-08-11T15:00:00Z,same_contract_descriptive
GOVPARTYPA-26-R,GOVPARTYPA,GOVPARTYPA-26,Will the Republican party win the governorship in Pennsylvania,Stacy Garrity,,active,US_2026_general_election,7,usable,usable,0.034499999999999996,0.0315,0.2999999999999996,2026-09-08T10:00:00Z,2026-09-01T15:00:00Z,same_contract_descriptive
GOVPARTYPA-26-R,GOVPARTYPA,GOVPARTYPA-26,Will the Republican party win the governorship in Pennsylvania,Stacy Garrity,,active,US_2026_general_election,14,usable,usable,0.034499999999999996,0.0465,-1.2000000000000004,2026-09-08T10:00:00Z,2026-08-25T15:00:00Z,same_contract_descriptive
GOVPARTYPA-26-R,GOVPARTYPA,GOVPARTYPA-26,Will the Republican party win the governorship in Pennsylvania,Stacy Garrity,,active,US_2026_general_election,28,usable,usable,0.034499999999999996,0.0535,-1.9000000000000004,2026-09-08T10:00:00Z,2026-08-11T13:00:00Z,same_contract_descriptive
GOVPARTYPA-26-D,GOVPARTYPA,GOVPARTYPA-26,Will the Democratic party win the governorship in Pennsylvania,Josh Shapiro,,active,US_2026_general_election,7,usable,usable,0.972,0.972,0.0,2026-09-08T09:00:00Z,2026-09-01T15:00:00Z,same_contract_descriptive
GOVPARTYPA-26-D,GOVPARTYPA,GOVPARTYPA-26,Will the Democratic party win the governorship in Pennsylvania,Josh Shapiro,,active,US_2026_general_election,14,usable,usable,0.972,0.9615,1.0499999999999954,2026-09-08T09:00:00Z,2026-08-25T15:00:00Z,same_contract_descriptive
GOVPARTYPA-26-D,GOVPARTYPA,GOVPARTYPA-26,Will the Democratic party win the governorship in Pennsylvania,Josh Shapiro,,active,US_2026_general_election,28,usable,usable,0.972,0.9410000000000001,3.0999999999999917,2026-09-08T09:00:00Z,2026-08-11T15:00:00Z,same_contract_descriptive
GOVPARTYRI-26-KBLO,GOVPARTYRI,GOVPARTYRI-26,Will the Ken Block party win the governorship in Rhode Island,Ken Block,,active,US_2026_general_election,7,usable,usable,0.02,0.02,0.0,2026-09-08T12:00:00Z,2026-08-31T20:00:00Z,same_contract_descriptive
GOVPARTYRI-26-KBLO,GOVPARTYRI,GOVPARTYRI-26,Will the Ken Block party win the governorship in Rhode Island,Ken Block,,active,US_2026_general_election,14,usable,usable,0.02,0.030000000000000002,-1.0000000000000002,2026-09-08T12:00:00Z,2026-08-25T12:00:00Z,same_contract_descriptive
GOVPARTYRI-26-KBLO,GOVPARTYRI,GOVPARTYRI-26,Will the Ken Block party win the governorship in Rhode Island,Ken Block,,active,US_2026_general_election,28,usable,usable,0.02,0.03,-0.9999999999999999,2026-09-08T12:00:00Z,2026-08-10T18:00:00Z,same_contract_descriptive
GOVPARTYRI-26-R,GOVPARTYRI,GOVPARTYRI-26,Will the Republican party win the governorship in Rhode Island,Republican party,,active,US_2026_general_election,7,stale_observation,stale_observation,,,,2026-09-05T23:00:00Z,2026-08-28T21:00:00Z,not_comparable
GOVPARTYRI-26-R,GOVPARTYRI,GOVPARTYRI-26,Will the Republican party win the governorship in Rhode Island,Republican party,,active,US_2026_general_election,14,stale_observation,usable,,0.035500000000000004,,2026-09-05T23:00:00Z,2026-08-25T15:00:00Z,not_comparable
GOVPARTYRI-26-R,GOVPARTYRI,GOVPARTYRI-26,Will the Republican party win the governorship in Rhode Island,Republican party,,active,US_2026_general_election,28,stale_observation,usable,,0.052500000000000005,,2026-09-05T23:00:00Z,2026-08-11T08:00:00Z,not_comparable
GOVPARTYRI-26-D,GOVPARTYRI,GOVPARTYRI-26,Will the Democratic party win the governorship in Rhode Island,Democratic party,,active,US_2026_general_election,7,usable,stale_observation,0.96,,,2026-09-07T19:00:00Z,2026-08-30T14:00:00Z,not_comparable
GOVPARTYRI-26-D,GOVPARTYRI,GOVPARTYRI-26,Will the Democratic party win the governorship in Rhode Island,Democratic party,,active,US_2026_general_election,14,usable,usable,0.96,0.9455,1.4499999999999957,2026-09-07T19:00:00Z,2026-08-25T14:00:00Z,same_contract_descriptive
GOVPARTYRI-26-D,GOVPARTYRI,GOVPARTYRI-26,Will the Democratic party win the governorship in Rhode Island,Democratic party,,active,US_2026_general_election,28,usable,usable,0.96,0.927,3.299999999999992,2026-09-07T19:00:00Z,2026-08-11T13:00:00Z,same_contract_descriptive
GOVPARTYSC-26-R,GOVPARTYSC,GOVPARTYSC-26,Will the Republican party win the governorship in South Carolina,Alan Wilson,,active,US_2026_general_election,7,usable,usable,0.945,0.9445,0.04999999999999449,2026-09-08T15:00:00Z,2026-09-01T13:00:00Z,same_contract_descriptive
GOVPARTYSC-26-R,GOVPARTYSC,GOVPARTYSC-26,Will the Republican party win the governorship in South Carolina,Alan Wilson,,active,US_2026_general_election,14,usable,usable,0.945,0.9455,-0.050000000000005596,2026-09-08T15:00:00Z,2026-08-25T15:00:00Z,same_contract_descriptive
GOVPARTYSC-26-R,GOVPARTYSC,GOVPARTYSC-26,Will the Republican party win the governorship in South Carolina,Alan Wilson,,active,US_2026_general_election,28,usable,usable,0.945,0.905,3.9999999999999925,2026-09-08T15:00:00Z,2026-08-11T13:00:00Z,same_contract_descriptive
GOVPARTYSC-26-D,GOVPARTYSC,GOVPARTYSC-26,Will the Democratic party win the governorship in South Carolina,Jermaine Johnson,,active,US_2026_general_election,7,usable,usable,0.058,0.054000000000000006,0.3999999999999997,2026-09-08T14:00:00Z,2026-09-01T15:00:00Z,same_contract_descriptive
GOVPARTYSC-26-D,GOVPARTYSC,GOVPARTYSC-26,Will the Democratic party win the governorship in South Carolina,Jermaine Johnson,,active,US_2026_general_election,14,usable,usable,0.058,0.0565,0.15000000000000013,2026-09-08T14:00:00Z,2026-08-25T14:00:00Z,same_contract_descriptive
GOVPARTYSC-26-D,GOVPARTYSC,GOVPARTYSC-26,Will the Democratic party win the governorship in South Carolina,Jermaine Johnson,,active,US_2026_general_election,28,usable,usable,0.058,0.0875,-2.9499999999999993,2026-09-08T14:00:00Z,2026-08-11T13:00:00Z,same_contract_descriptive
GOVPARTYSD-26-R,GOVPARTYSD,GOVPARTYSD-26,Will the Republican party win the governorship in South Dakota,Republican party,,active,US_2026_general_election,7,usable,usable,0.978,0.9675,1.0499999999999954,2026-09-08T12:00:00Z,2026-09-01T14:00:00Z,same_contract_descriptive
GOVPARTYSD-26-R,GOVPARTYSD,GOVPARTYSD-26,Will the Republican party win the governorship in South Dakota,Republican party,,active,US_2026_general_election,14,usable,usable,0.978,0.9635,1.4499999999999957,2026-09-08T12:00:00Z,2026-08-25T15:00:00Z,same_contract_descriptive
GOVPARTYSD-26-R,GOVPARTYSD,GOVPARTYSD-26,Will the Republican party win the governorship in South Dakota,Republican party,,active,US_2026_general_election,28,usable,usable,0.978,0.974,0.40000000000000036,2026-09-08T12:00:00Z,2026-08-11T01:00:00Z,same_contract_descriptive
GOVPARTYSD-26-D,GOVPARTYSD,GOVPARTYSD-26,Will the Democratic party win the governorship in South Dakota,Democratic party,,active,US_2026_general_election,7,usable,stale_observation,0.0245,,,2026-09-07T23:00:00Z,2026-08-30T22:00:00Z,not_comparable
GOVPARTYSD-26-D,GOVPARTYSD,GOVPARTYSD-26,Will the Democratic party win the governorship in South Dakota,Democratic party,,active,US_2026_general_election,14,usable,usable,0.0245,0.028,-0.35,2026-09-07T23:00:00Z,2026-08-25T15:00:00Z,same_contract_descriptive
GOVPARTYSD-26-D,GOVPARTYSD,GOVPARTYSD-26,Will the Democratic party win the governorship in South Dakota,Democratic party,,active,US_2026_general_election,28,usable,usable,0.0245,0.018000000000000002,0.6499999999999999,2026-09-07T23:00:00Z,2026-08-11T05:00:00Z,same_contract_descriptive
GOVPARTYTN-26-R,GOVPARTYTN,GOVPARTYTN-26,Will the Republican party win the governorship in Tennessee,Marsha Blackburn,,active,US_2026_general_election,7,usable,usable,0.9595,0.9624999999999999,-0.29999999999998916,2026-09-08T14:00:00Z,2026-09-01T02:00:00Z,same_contract_descriptive
GOVPARTYTN-26-R,GOVPARTYTN,GOVPARTYTN-26,Will the Republican party win the governorship in Tennessee,Marsha Blackburn,,active,US_2026_general_election,14,usable,usable,0.9595,0.962,-0.24999999999999467,2026-09-08T14:00:00Z,2026-08-25T14:00:00Z,same_contract_descriptive
GOVPARTYTN-26-R,GOVPARTYTN,GOVPARTYTN-26,Will the Republican party win the governorship in Tennessee,Marsha Blackburn,,active,US_2026_general_election,28,usable,usable,0.9595,0.961,-0.14999999999999458,2026-09-08T14:00:00Z,2026-08-11T12:00:00Z,same_contract_descriptive
GOVPARTYTN-26-D,GOVPARTYTN,GOVPARTYTN-26,Will the Democratic party win the governorship in Tennessee,Jerri Green,,active,US_2026_general_election,7,usable,usable,0.0405,0.036000000000000004,0.44999999999999973,2026-09-08T14:00:00Z,2026-09-01T05:00:00Z,same_contract_descriptive
GOVPARTYTN-26-D,GOVPARTYTN,GOVPARTYTN-26,Will the Democratic party win the governorship in Tennessee,Jerri Green,,active,US_2026_general_election,14,usable,usable,0.0405,0.0375,0.30000000000000027,2026-09-08T14:00:00Z,2026-08-25T08:00:00Z,same_contract_descriptive
GOVPARTYTN-26-D,GOVPARTYTN,GOVPARTYTN-26,Will the Democratic party win the governorship in Tennessee,Jerri Green,,active,US_2026_general_election,28,usable,usable,0.0405,0.037500000000000006,0.2999999999999996,2026-09-08T14:00:00Z,2026-08-11T14:00:00Z,same_contract_descriptive
GOVPARTYTX-26-R,GOVPARTYTX,GOVPARTYTX-26,Will the Republican party win the governorship in Texas,Greg Abbott,,active,US_2026_general_election,7,usable,usable,0.835,0.825,1.0000000000000009,2026-09-08T15:00:00Z,2026-09-01T15:00:00Z,same_contract_descriptive
GOVPARTYTX-26-R,GOVPARTYTX,GOVPARTYTX-26,Will the Republican party win the governorship in Texas,Greg Abbott,,active,US_2026_general_election,14,usable,usable,0.835,0.875,-4.0000000000000036,2026-09-08T15:00:00Z,2026-08-25T15:00:00Z,same_contract_descriptive
GOVPARTYTX-26-R,GOVPARTYTX,GOVPARTYTX-26,Will the Republican party win the governorship in Texas,Greg Abbott,,active,US_2026_general_election,28,usable,usable,0.835,0.855,-2.0000000000000018,2026-09-08T15:00:00Z,2026-08-11T15:00:00Z,same_contract_descriptive
GOVPARTYTX-26-D,GOVPARTYTX,GOVPARTYTX-26,Will the Democratic party win the governorship in Texas,Gina Hinojosa,,active,US_2026_general_election,7,usable,usable,0.175,0.185,-1.0000000000000009,2026-09-08T15:00:00Z,2026-09-01T15:00:00Z,same_contract_descriptive
GOVPARTYTX-26-D,GOVPARTYTX,GOVPARTYTX-26,Will the Democratic party win the governorship in Texas,Gina Hinojosa,,active,US_2026_general_election,14,usable,usable,0.175,0.125,4.999999999999999,2026-09-08T15:00:00Z,2026-08-25T15:00:00Z,same_contract_descriptive
GOVPARTYTX-26-D,GOVPARTYTX,GOVPARTYTX-26,Will the Democratic party win the governorship in Texas,Gina Hinojosa,,active,US_2026_general_election,28,usable,usable,0.175,0.14,3.4999999999999973,2026-09-08T15:00:00Z,2026-08-11T15:00:00Z,same_contract_descriptive
GOVPARTYVT-26-R,GOVPARTYVT,GOVPARTYVT-26,Will the Republican party win the governorship in Vermont,Phil Scott,,active,US_2026_general_election,7,usable,usable,0.927,0.9195,0.7500000000000062,2026-09-08T15:00:00Z,2026-09-01T05:00:00Z,same_contract_descriptive
GOVPARTYVT-26-R,GOVPARTYVT,GOVPARTYVT-26,Will the Republican party win the governorship in Vermont,Phil Scott,,active,US_2026_general_election,14,usable,usable,0.927,0.895,3.200000000000003,2026-09-08T15:00:00Z,2026-08-25T15:00:00Z,same_contract_descriptive
GOVPARTYVT-26-R,GOVPARTYVT,GOVPARTYVT-26,Will the Republican party win the governorship in Vermont,Phil Scott,,active,US_2026_general_election,28,usable,usable,0.927,0.937,-1.0000000000000009,2026-09-08T15:00:00Z,2026-08-11T15:00:00Z,same_contract_descriptive
GOVPARTYVT-26-D,GOVPARTYVT,GOVPARTYVT-26,Will the Democratic party win the governorship in Vermont,Amanda Janoo,,active,US_2026_general_election,7,usable,usable,0.08249999999999999,0.08549999999999999,-0.30000000000000027,2026-09-08T12:00:00Z,2026-09-01T13:00:00Z,same_contract_descriptive
GOVPARTYVT-26-D,GOVPARTYVT,GOVPARTYVT-26,Will the Democratic party win the governorship in Vermont,Amanda Janoo,,active,US_2026_general_election,14,usable,usable,0.08249999999999999,0.096,-1.3500000000000012,2026-09-08T12:00:00Z,2026-08-25T15:00:00Z,same_contract_descriptive
GOVPARTYVT-26-D,GOVPARTYVT,GOVPARTYVT-26,Will the Democratic party win the governorship in Vermont,Amanda Janoo,,active,US_2026_general_election,28,usable,usable,0.08249999999999999,0.056999999999999995,2.5499999999999994,2026-09-08T12:00:00Z,2026-08-11T13:00:00Z,same_contract_descriptive
GOVPARTYWI-26-R,GOVPARTYWI,GOVPARTYWI-26,Will the Republican party win the governorship in Wisconsin,Tom Tiffany,,active,US_2026_general_election,7,usable,usable,0.195,0.20500000000000002,-1.0000000000000009,2026-09-08T15:00:00Z,2026-09-01T15:00:00Z,same_contract_descriptive
GOVPARTYWI-26-R,GOVPARTYWI,GOVPARTYWI-26,Will the Republican party win the governorship in Wisconsin,Tom Tiffany,,active,US_2026_general_election,14,usable,usable,0.195,0.215,-1.9999999999999991,2026-09-08T15:00:00Z,2026-08-25T15:00:00Z,same_contract_descriptive
GOVPARTYWI-26-R,GOVPARTYWI,GOVPARTYWI-26,Will the Republican party win the governorship in Wisconsin,Tom Tiffany,,active,US_2026_general_election,28,usable,usable,0.195,0.615,-42.0,2026-09-08T15:00:00Z,2026-08-11T15:00:00Z,same_contract_descriptive
GOVPARTYWI-26-D,GOVPARTYWI,GOVPARTYWI-26,Will the Democratic party win the governorship in Wisconsin,David Crowley,,active,US_2026_general_election,7,usable,usable,0.805,0.795,1.0000000000000009,2026-09-08T15:00:00Z,2026-09-01T15:00:00Z,same_contract_descriptive
GOVPARTYWI-26-D,GOVPARTYWI,GOVPARTYWI-26,Will the Democratic party win the governorship in Wisconsin,David Crowley,,active,US_2026_general_election,14,usable,usable,0.805,0.785,2.0000000000000018,2026-09-08T15:00:00Z,2026-08-25T15:00:00Z,same_contract_descriptive
GOVPARTYWI-26-D,GOVPARTYWI,GOVPARTYWI-26,Will the Democratic party win the governorship in Wisconsin,David Crowley,,active,US_2026_general_election,28,usable,usable,0.805,0.385,42.00000000000001,2026-09-08T15:00:00Z,2026-08-11T15:00:00Z,same_contract_descriptive
GOVPARTYWY-26-R,GOVPARTYWY,GOVPARTYWY-26,Will the Republican party win the governorship in Wyoming,Eric Barlow,,active,US_2026_general_election,7,usable,usable,0.965,0.9624999999999999,0.2500000000000058,2026-09-08T15:00:00Z,2026-09-01T14:00:00Z,same_contract_descriptive
GOVPARTYWY-26-R,GOVPARTYWY,GOVPARTYWY-26,Will the Republican party win the governorship in Wyoming,Eric Barlow,,active,US_2026_general_election,14,usable,usable,0.965,0.9624999999999999,0.2500000000000058,2026-09-08T15:00:00Z,2026-08-24T17:00:00Z,same_contract_descriptive
GOVPARTYWY-26-R,GOVPARTYWY,GOVPARTYWY-26,Will the Republican party win the governorship in Wyoming,Eric Barlow,,active,US_2026_general_election,28,usable,usable,0.965,0.956,0.9000000000000008,2026-09-08T15:00:00Z,2026-08-11T01:00:00Z,same_contract_descriptive
GOVPARTYWY-26-D,GOVPARTYWY,GOVPARTYWY-26,Will the Democratic party win the governorship in Wyoming,Kenneth Casner,,active,US_2026_general_election,7,usable,usable,0.0325,0.0325,0.0,2026-09-08T15:00:00Z,2026-09-01T14:00:00Z,same_contract_descriptive
GOVPARTYWY-26-D,GOVPARTYWY,GOVPARTYWY-26,Will the Democratic party win the governorship in Wyoming,Kenneth Casner,,active,US_2026_general_election,14,usable,usable,0.0325,0.0335,-0.10000000000000009,2026-09-08T15:00:00Z,2026-08-25T15:00:00Z,same_contract_descriptive
GOVPARTYWY-26-D,GOVPARTYWY,GOVPARTYWY-26,Will the Democratic party win the governorship in Wyoming,Kenneth Casner,,active,US_2026_general_election,28,usable,usable,0.0325,0.039,-0.6499999999999999,2026-09-08T15:00:00Z,2026-08-11T01:00:00Z,same_contract_descriptive
HOUSEAKAL-26-BHIL,HOUSEAKAL,HOUSEAKAL-26,Will Bill Hill win the House race for AK-AL?,Bill Hill,,active,US_2026_general_election,7,usable,usable,0.135,0.135,0.0,2026-09-08T07:00:00Z,2026-09-01T01:00:00Z,same_contract_descriptive
HOUSEAKAL-26-BHIL,HOUSEAKAL,HOUSEAKAL-26,Will Bill Hill win the House race for AK-AL?,Bill Hill,,active,US_2026_general_election,14,usable,usable,0.135,0.16499999999999998,-2.9999999999999973,2026-09-08T07:00:00Z,2026-08-24T17:00:00Z,same_contract_descriptive
HOUSEAKAL-26-BHIL,HOUSEAKAL,HOUSEAKAL-26,Will Bill Hill win the House race for AK-AL?,Bill Hill,,active,US_2026_general_election,28,usable,usable,0.135,0.16,-2.4999999999999996,2026-09-08T07:00:00Z,2026-08-11T15:00:00Z,same_contract_descriptive
HOUSEAKAL-26-R,HOUSEAKAL,HOUSEAKAL-26,Will Republican win the House race for AK-AL?,Republican party,,active,US_2026_general_election,7,usable,usable,0.8200000000000001,0.835,-1.4999999999999902,2026-09-08T15:00:00Z,2026-09-01T12:00:00Z,same_contract_descriptive
HOUSEAKAL-26-R,HOUSEAKAL,HOUSEAKAL-26,Will Republican win the House race for AK-AL?,Republican party,,active,US_2026_general_election,14,usable,usable,0.8200000000000001,0.8,2.0000000000000018,2026-09-08T15:00:00Z,2026-08-25T15:00:00Z,same_contract_descriptive
HOUSEAKAL-26-R,HOUSEAKAL,HOUSEAKAL-26,Will Republican win the House race for AK-AL?,Republican party,,active,US_2026_general_election,28,usable,usable,0.8200000000000001,0.77,5.000000000000004,2026-09-08T15:00:00Z,2026-08-11T15:00:00Z,same_contract_descriptive
HOUSEAKAL-26-D,HOUSEAKAL,HOUSEAKAL-26,Will Democratic win the House race for AK-AL?,Democratic party,,active,US_2026_general_election,7,usable,usable,0.046,0.035500000000000004,1.0499999999999996,2026-09-08T15:00:00Z,2026-09-01T15:00:00Z,same_contract_descriptive
HOUSEAKAL-26-D,HOUSEAKAL,HOUSEAKAL-26,Will Democratic win the House race for AK-AL?,Democratic party,,active,US_2026_general_election,14,usable,usable,0.046,0.0375,0.8500000000000001,2026-09-08T15:00:00Z,2026-08-25T15:00:00Z,same_contract_descriptive
HOUSEAKAL-26-D,HOUSEAKAL,HOUSEAKAL-26,Will Democratic win the House race for AK-AL?,Democratic party,,active,US_2026_general_election,28,usable,usable,0.046,0.07200000000000001,-2.600000000000001,2026-09-08T15:00:00Z,2026-08-11T15:00:00Z,same_contract_descriptive
HOUSEAZ1-26-R,HOUSEAZ1,HOUSEAZ1-26,Will Republican win the House race for AZ-1?,Jay Feely,,active,US_2026_general_election,7,usable,usable,0.305,0.28500000000000003,1.9999999999999962,2026-09-08T10:00:00Z,2026-09-01T11:00:00Z,same_contract_descriptive
HOUSEAZ1-26-R,HOUSEAZ1,HOUSEAZ1-26,Will Republican win the House race for AZ-1?,Jay Feely,,active,US_2026_general_election,14,usable,usable,0.305,0.255,4.999999999999999,2026-09-08T10:00:00Z,2026-08-25T15:00:00Z,same_contract_descriptive
HOUSEAZ1-26-R,HOUSEAZ1,HOUSEAZ1-26,Will Republican win the House race for AZ-1?,Jay Feely,,active,US_2026_general_election,28,usable,usable,0.305,0.27,3.4999999999999973,2026-09-08T10:00:00Z,2026-08-11T15:00:00Z,same_contract_descriptive
HOUSEAZ1-26-D,HOUSEAZ1,HOUSEAZ1-26,Will Democratic win the House race for AZ-1?,Amish Shah,,active,US_2026_general_election,7,usable,usable,0.705,0.725,-2.0000000000000018,2026-09-08T14:00:00Z,2026-09-01T15:00:00Z,same_contract_descriptive
HOUSEAZ1-26-D,HOUSEAZ1,HOUSEAZ1-26,Will Democratic win the House race for AZ-1?,Amish Shah,,active,US_2026_general_election,14,usable,usable,0.705,0.76,-5.500000000000005,2026-09-08T14:00:00Z,2026-08-25T07:00:00Z,same_contract_descriptive
HOUSEAZ1-26-D,HOUSEAZ1,HOUSEAZ1-26,Will Democratic win the House race for AZ-1?,Amish Shah,,active,US_2026_general_election,28,usable,usable,0.705,0.74,-3.500000000000003,2026-09-08T14:00:00Z,2026-08-11T15:00:00Z,same_contract_descriptive
HOUSEAZ2-26-R,HOUSEAZ2,HOUSEAZ2-26,Will Republican win the House race for AZ-2?,Eli Crane,,active,US_2026_general_election,7,usable,usable,0.715,0.7,1.5000000000000013,2026-09-08T15:00:00Z,2026-09-01T15:00:00Z,same_contract_descriptive
HOUSEAZ2-26-R,HOUSEAZ2,HOUSEAZ2-26,Will Republican win the House race for AZ-2?,Eli Crane,,active,US_2026_general_election,14,usable,usable,0.715,0.655,5.999999999999995,2026-09-08T15:00:00Z,2026-08-25T11:00:00Z,same_contract_descriptive
HOUSEAZ2-26-R,HOUSEAZ2,HOUSEAZ2-26,Will Republican win the House race for AZ-2?,Eli Crane,,active,US_2026_general_election,28,usable,usable,0.715,0.73,-1.5000000000000013,2026-09-08T15:00:00Z,2026-08-11T15:00:00Z,same_contract_descriptive
HOUSEAZ2-26-D,HOUSEAZ2,HOUSEAZ2-26,Will Democratic win the House race for AZ-2?,Jonathan Nez,,active,US_2026_general_election,7,usable,usable,0.29000000000000004,0.30000000000000004,-1.0000000000000009,2026-09-08T15:00:00Z,2026-09-01T15:00:00Z,same_contract_descriptive
HOUSEAZ2-26-D,HOUSEAZ2,HOUSEAZ2-26,Will Democratic win the House race for AZ-2?,Jonathan Nez,,active,US_2026_general_election,14,usable,usable,0.29000000000000004,0.32499999999999996,-3.499999999999992,2026-09-08T15:00:00Z,2026-08-25T07:00:00Z,same_contract_descriptive
HOUSEAZ2-26-D,HOUSEAZ2,HOUSEAZ2-26,Will Democratic win the House race for AZ-2?,Jonathan Nez,,active,US_2026_general_election,28,usable,usable,0.29000000000000004,0.27,2.0000000000000018,2026-09-08T15:00:00Z,2026-08-11T15:00:00Z,same_contract_descriptive
HOUSEAZ6-26-R,HOUSEAZ6,HOUSEAZ6-26,Will Republican win the House race for AZ-6?,Juan Ciscomani,,active,US_2026_general_election,7,usable,usable,0.16999999999999998,0.18,-1.0000000000000009,2026-09-08T14:00:00Z,2026-09-01T12:00:00Z,same_contract_descriptive
HOUSEAZ6-26-R,HOUSEAZ6,HOUSEAZ6-26,Will Republican win the House race for AZ-6?,Juan Ciscomani,,active,US_2026_general_election,14,usable,usable,0.16999999999999998,0.165,0.49999999999999767,2026-09-08T14:00:00Z,2026-08-25T11:00:00Z,same_contract_descriptive
HOUSEAZ6-26-R,HOUSEAZ6,HOUSEAZ6-26,Will Republican win the House race for AZ-6?,Juan Ciscomani,,active,US_2026_general_election,28,usable,usable,0.16999999999999998,0.185,-1.5000000000000013,2026-09-08T14:00:00Z,2026-08-11T15:00:00Z,same_contract_descriptive
HOUSEAZ6-26-D,HOUSEAZ6,HOUSEAZ6-26,Will Democratic win the House race for AZ-6?,JoAnna Mendoza,,active,US_2026_general_election,7,usable,usable,0.815,0.825,-1.0000000000000009,2026-09-08T14:00:00Z,2026-09-01T14:00:00Z,same_contract_descriptive
HOUSEAZ6-26-D,HOUSEAZ6,HOUSEAZ6-26,Will Democratic win the House race for AZ-6?,JoAnna Mendoza,,active,US_2026_general_election,14,usable,usable,0.815,0.81,0.49999999999998934,2026-09-08T14:00:00Z,2026-08-25T09:00:00Z,same_contract_descriptive
HOUSEAZ6-26-D,HOUSEAZ6,HOUSEAZ6-26,Will Democratic win the House race for AZ-6?,JoAnna Mendoza,,active,US_2026_general_election,28,usable,usable,0.815,0.8,1.4999999999999902,2026-09-08T14:00:00Z,2026-08-11T15:00:00Z,same_contract_descriptive
HOUSECA13-26-R,HOUSECA13,HOUSECA13-26,Will Republican win the House race for CA-13?,Kevin Lincoln,,active,US_2026_general_election,7,usable,usable,0.062,0.07150000000000001,-0.9500000000000008,2026-09-08T14:00:00Z,2026-09-01T15:00:00Z,same_contract_descriptive
HOUSECA13-26-R,HOUSECA13,HOUSECA13-26,Will Republican win the House race for CA-13?,Kevin Lincoln,,active,US_2026_general_election,14,usable,usable,0.062,0.0475,1.45,2026-09-08T14:00:00Z,2026-08-24T17:00:00Z,same_contract_descriptive
HOUSECA13-26-R,HOUSECA13,HOUSECA13-26,Will Republican win the House race for CA-13?,Kevin Lincoln,,active,US_2026_general_election,28,usable,usable,0.062,0.0525,0.9500000000000002,2026-09-08T14:00:00Z,2026-08-11T15:00:00Z,same_contract_descriptive
HOUSECA13-26-D,HOUSECA13,HOUSECA13-26,Will Democratic win the House race for CA-13?,Adam Gray,,active,US_2026_general_election,7,usable,usable,0.9335,0.923,1.0499999999999954,2026-09-08T14:00:00Z,2026-09-01T15:00:00Z,same_contract_descriptive
HOUSECA13-26-D,HOUSECA13,HOUSECA13-26,Will Democratic win the House race for CA-13?,Adam Gray,,active,US_2026_general_election,14,usable,usable,0.9335,0.9245,0.9000000000000008,2026-09-08T14:00:00Z,2026-08-25T13:00:00Z,same_contract_descriptive
HOUSECA13-26-D,HOUSECA13,HOUSECA13-26,Will Democratic win the House race for CA-13?,Adam Gray,,active,US_2026_general_election,28,usable,usable,0.9335,0.9315,0.20000000000000018,2026-09-08T14:00:00Z,2026-08-11T15:00:00Z,same_contract_descriptive
HOUSECA21-26-R,HOUSECA21,HOUSECA21-26,Will a Republican win the House race for CA-21?,Kyle Kirkland,,active,US_2026_general_election,7,usable,usable,0.08249999999999999,0.07400000000000001,0.849999999999998,2026-09-08T14:00:00Z,2026-09-01T12:00:00Z,same_contract_descriptive
HOUSECA21-26-R,HOUSECA21,HOUSECA21-26,Will a Republican win the House race for CA-21?,Kyle Kirkland,,active,US_2026_general_election,14,usable,usable,0.08249999999999999,0.065,1.7499999999999987,2026-09-08T14:00:00Z,2026-08-25T13:00:00Z,same_contract_descriptive
HOUSECA21-26-R,HOUSECA21,HOUSECA21-26,Will a Republican win the House race for CA-21?,Kyle Kirkland,,active,US_2026_general_election,28,usable,usable,0.08249999999999999,0.07500000000000001,0.7499999999999979,2026-09-08T14:00:00Z,2026-08-11T15:00:00Z,same_contract_descriptive
HOUSECA21-26-D,HOUSECA21,HOUSECA21-26,Will a Democrat win the House race for CA-21?,Jim Costa,,active,US_2026_general_election,7,usable,usable,0.9239999999999999,0.9259999999999999,-0.20000000000000018,2026-09-08T14:00:00Z,2026-09-01T12:00:00Z,same_contract_descriptive
HOUSECA21-26-D,HOUSECA21,HOUSECA21-26,Will a Democrat win the House race for CA-21?,Jim Costa,,active,US_2026_general_election,14,usable,usable,0.9239999999999999,0.9299999999999999,-0.6000000000000005,2026-09-08T14:00:00Z,2026-08-25T06:00:00Z,same_contract_descriptive
HOUSECA21-26-D,HOUSECA21,HOUSECA21-26,Will a Democrat win the House race for CA-21?,Jim Costa,,active,US_2026_general_election,28,usable,usable,0.9239999999999999,0.925,-0.10000000000001119,2026-09-08T14:00:00Z,2026-08-11T15:00:00Z,same_contract_descriptive
HOUSECA22-26-R,HOUSECA22,HOUSECA22-26,Will Republican win the House race for CA-22?,David Valadao,,active,US_2026_general_election,7,usable,usable,0.125,0.14500000000000002,-2.0000000000000018,2026-09-08T15:00:00Z,2026-09-01T05:00:00Z,same_contract_descriptive
HOUSECA22-26-R,HOUSECA22,HOUSECA22-26,Will Republican win the House race for CA-22?,David Valadao,,active,US_2026_general_election,14,usable,usable,0.125,0.125,0.0,2026-09-08T15:00:00Z,2026-08-25T11:00:00Z,same_contract_descriptive
HOUSECA22-26-R,HOUSECA22,HOUSECA22-26,Will Republican win the House race for CA-22?,David Valadao,,active,US_2026_general_election,28,usable,usable,0.125,0.125,0.0,2026-09-08T15:00:00Z,2026-08-11T15:00:00Z,same_contract_descriptive
HOUSECA22-26-D,HOUSECA22,HOUSECA22-26,Will Democratic win the House race for CA-22?,Randy Villegas,,active,US_2026_general_election,7,usable,usable,0.865,0.86,0.5000000000000004,2026-09-08T15:00:00Z,2026-09-01T14:00:00Z,same_contract_descriptive
HOUSECA22-26-D,HOUSECA22,HOUSECA22-26,Will Democratic win the House race for CA-22?,Randy Villegas,,active,US_2026_general_election,14,usable,usable,0.865,0.89,-2.500000000000002,2026-09-08T15:00:00Z,2026-08-25T14:00:00Z,same_contract_descriptive
HOUSECA22-26-D,HOUSECA22,HOUSECA22-26,Will Democratic win the House race for CA-22?,Randy Villegas,,active,US_2026_general_election,28,usable,usable,0.865,0.86,0.5000000000000004,2026-09-08T15:00:00Z,2026-08-11T15:00:00Z,same_contract_descriptive
HOUSECA27-26-R,HOUSECA27,HOUSECA27-26,Will Republican win the House race for CA-27?,Jason Gibbs,,active,US_2026_general_election,7,usable,usable,0.065,0.077,-1.1999999999999997,2026-09-08T14:00:00Z,2026-09-01T12:00:00Z,same_contract_descriptive
HOUSECA27-26-R,HOUSECA27,HOUSECA27-26,Will Republican win the House race for CA-27?,Jason Gibbs,,active,US_2026_general_election,14,usable,usable,0.065,0.0505,1.45,2026-09-08T14:00:00Z,2026-08-25T13:00:00Z,same_contract_descriptive
HOUSECA27-26-R,HOUSECA27,HOUSECA27-26,Will Republican win the House race for CA-27?,Jason Gibbs,,active,US_2026_general_election,28,usable,usable,0.065,0.0955,-3.05,2026-09-08T14:00:00Z,2026-08-11T15:00:00Z,same_contract_descriptive
HOUSECA27-26-D,HOUSECA27,HOUSECA27-26,Will Democratic win the House race for CA-27?,George Whitesides,,active,US_2026_general_election,7,usable,usable,0.931,0.9225,0.8500000000000063,2026-09-08T14:00:00Z,2026-09-01T12:00:00Z,same_contract_descriptive
HOUSECA27-26-D,HOUSECA27,HOUSECA27-26,Will Democratic win the House race for CA-27?,George Whitesides,,active,US_2026_general_election,14,usable,usable,0.931,0.9450000000000001,-1.4000000000000012,2026-09-08T14:00:00Z,2026-08-25T13:00:00Z,same_contract_descriptive
HOUSECA27-26-D,HOUSECA27,HOUSECA27-26,Will Democratic win the House race for CA-27?,George Whitesides,,active,US_2026_general_election,28,usable,usable,0.931,0.875,5.600000000000005,2026-09-08T14:00:00Z,2026-08-11T15:00:00Z,same_contract_descriptive
HOUSECA3-26-R,HOUSECA3,HOUSECA3-26,Will Republican win the House race for CA-3?,Robb Tucker,,active,US_2026_general_election,7,usable,usable,0.056999999999999995,0.057499999999999996,-0.050000000000000044,2026-09-08T14:00:00Z,2026-08-31T23:00:00Z,same_contract_descriptive
HOUSECA3-26-R,HOUSECA3,HOUSECA3-26,Will Republican win the House race for CA-3?,Robb Tucker,,active,US_2026_general_election,14,usable,usable,0.056999999999999995,0.0505,0.6499999999999992,2026-09-08T14:00:00Z,2026-08-25T14:00:00Z,same_contract_descriptive
HOUSECA3-26-R,HOUSECA3,HOUSECA3-26,Will Republican win the House race for CA-3?,Robb Tucker,,active,US_2026_general_election,28,usable,usable,0.056999999999999995,0.051000000000000004,0.5999999999999992,2026-09-08T14:00:00Z,2026-08-11T13:00:00Z,same_contract_descriptive
HOUSECA3-26-D,HOUSECA3,HOUSECA3-26,Will Democratic win the House race for CA-3?,Ami Bera,,active,US_2026_general_election,7,usable,usable,0.944,0.9435,0.04999999999999449,2026-09-08T14:00:00Z,2026-09-01T12:00:00Z,same_contract_descriptive
HOUSECA3-26-D,HOUSECA3,HOUSECA3-26,Will Democratic win the House race for CA-3?,Ami Bera,,active,US_2026_general_election,14,usable,usable,0.944,0.9325,1.1499999999999955,2026-09-08T14:00:00Z,2026-08-25T11:00:00Z,same_contract_descriptive
HOUSECA3-26-D,HOUSECA3,HOUSECA3-26,Will Democratic win the House race for CA-3?,Ami Bera,,active,US_2026_general_election,28,usable,usable,0.944,0.9475,-0.35000000000000586,2026-09-08T14:00:00Z,2026-08-10T22:00:00Z,same_contract_descriptive
HOUSECA40-26-R,HOUSECA40,HOUSECA40-26,Will Republican win the House race for CA-40?,Republican party,,finalized,US_2026_general_election,7,closed_before_frozen_asof,missing_usable_quote,,,,,,not_comparable
HOUSECA40-26-R,HOUSECA40,HOUSECA40-26,Will Republican win the House race for CA-40?,Republican party,,finalized,US_2026_general_election,14,closed_before_frozen_asof,missing_usable_quote,,,,,,not_comparable
HOUSECA40-26-R,HOUSECA40,HOUSECA40-26,Will Republican win the House race for CA-40?,Republican party,,finalized,US_2026_general_election,28,closed_before_frozen_asof,missing_usable_quote,,,,,,not_comparable
HOUSECA40-26-D,HOUSECA40,HOUSECA40-26,Will Democratic win the House race for CA-40?,Democratic party,,finalized,US_2026_general_election,7,closed_before_frozen_asof,missing_usable_quote,,,,,,not_comparable
HOUSECA40-26-D,HOUSECA40,HOUSECA40-26,Will Democratic win the House race for CA-40?,Democratic party,,finalized,US_2026_general_election,14,closed_before_frozen_asof,missing_usable_quote,,,,,,not_comparable
HOUSECA40-26-D,HOUSECA40,HOUSECA40-26,Will Democratic win the House race for CA-40?,Democratic party,,finalized,US_2026_general_election,28,closed_before_frozen_asof,missing_usable_quote,,,,,,not_comparable
HOUSECA41-26-R,HOUSECA41,HOUSECA41-26,Will Republican win the House race for CA-41?,Mitch Clemmons,,active,US_2026_general_election,7,usable,usable,0.041,0.023,1.8000000000000003,2026-09-08T15:00:00Z,2026-09-01T06:00:00Z,same_contract_descriptive
HOUSECA41-26-R,HOUSECA41,HOUSECA41-26,Will Republican win the House race for CA-41?,Mitch Clemmons,,active,US_2026_general_election,14,usable,usable,0.041,0.0455,-0.44999999999999973,2026-09-08T15:00:00Z,2026-08-24T17:00:00Z,same_contract_descriptive
HOUSECA41-26-R,HOUSECA41,HOUSECA41-26,Will Republican win the House race for CA-41?,Mitch Clemmons,,active,US_2026_general_election,28,usable,usable,0.041,0.021,2.0,2026-09-08T15:00:00Z,2026-08-11T15:00:00Z,same_contract_descriptive
HOUSECA41-26-D,HOUSECA41,HOUSECA41-26,Will Democratic win the House race for CA-41?,Linda Sánchez,,active,US_2026_general_election,7,stale_observation,usable,,0.953,,2026-09-04T20:00:00Z,2026-09-01T12:00:00Z,not_comparable
HOUSECA41-26-D,HOUSECA41,HOUSECA41-26,Will Democratic win the House race for CA-41?,Linda Sánchez,,active,US_2026_general_election,14,stale_observation,usable,,0.9345,,2026-09-04T20:00:00Z,2026-08-25T15:00:00Z,not_comparable
HOUSECA41-26-D,HOUSECA41,HOUSECA41-26,Will Democratic win the House race for CA-41?,Linda Sánchez,,active,US_2026_general_election,28,stale_observation,usable,,0.962,,2026-09-04T20:00:00Z,2026-08-11T14:00:00Z,not_comparable
HOUSECA45-26-R,HOUSECA45,HOUSECA45-26,Will Republican win the House race for CA-45?,Chuong Vo,,active,US_2026_general_election,7,usable,usable,0.105,0.071,3.4000000000000004,2026-09-08T15:00:00Z,2026-09-01T15:00:00Z,same_contract_descriptive
HOUSECA45-26-R,HOUSECA45,HOUSECA45-26,Will Republican win the House race for CA-45?,Chuong Vo,,active,US_2026_general_election,14,usable,usable,0.105,0.048,5.699999999999999,2026-09-08T15:00:00Z,2026-08-25T15:00:00Z,same_contract_descriptive
HOUSECA45-26-R,HOUSECA45,HOUSECA45-26,Will Republican win the House race for CA-45?,Chuong Vo,,active,US_2026_general_election,28,usable,usable,0.105,0.1275,-2.2500000000000004,2026-09-08T15:00:00Z,2026-08-11T15:00:00Z,same_contract_descriptive
HOUSECA45-26-D,HOUSECA45,HOUSECA45-26,Will Democratic win the House race for CA-45?,Derek Tran,,active,US_2026_general_election,7,usable,usable,0.905,0.919,-1.4000000000000012,2026-09-08T15:00:00Z,2026-09-01T15:00:00Z,same_contract_descriptive
HOUSECA45-26-D,HOUSECA45,HOUSECA45-26,Will Democratic win the House race for CA-45?,Derek Tran,,active,US_2026_general_election,14,usable,usable,0.905,0.929,-2.400000000000002,2026-09-08T15:00:00Z,2026-08-25T13:00:00Z,same_contract_descriptive
HOUSECA45-26-D,HOUSECA45,HOUSECA45-26,Will Democratic win the House race for CA-45?,Derek Tran,,active,US_2026_general_election,28,usable,usable,0.905,0.86,4.5000000000000036,2026-09-08T15:00:00Z,2026-08-11T15:00:00Z,same_contract_descriptive
HOUSECA47-26-R,HOUSECA47,HOUSECA47-26,Will Republican win the House race for CA-47?,Jenny Le Roux,,active,US_2026_general_election,7,usable,usable,0.042499999999999996,0.042499999999999996,0.0,2026-09-08T15:00:00Z,2026-09-01T12:00:00Z,same_contract_descriptive
HOUSECA47-26-R,HOUSECA47,HOUSECA47-26,Will Republican win the House race for CA-47?,Jenny Le Roux,,active,US_2026_general_election,14,usable,usable,0.042499999999999996,0.036500000000000005,0.5999999999999992,2026-09-08T15:00:00Z,2026-08-25T13:00:00Z,same_contract_descriptive
HOUSECA47-26-R,HOUSECA47,HOUSECA47-26,Will Republican win the House race for CA-47?,Jenny Le Roux,,active,US_2026_general_election,28,usable,usable,0.042499999999999996,0.046,-0.3500000000000003,2026-09-08T15:00:00Z,2026-08-11T15:00:00Z,same_contract_descriptive
HOUSECA47-26-D,HOUSECA47,HOUSECA47-26,Will Democratic win the House race for CA-47?,Dave Min,,active,US_2026_general_election,7,usable,usable,0.942,0.9415,0.04999999999999449,2026-09-08T14:00:00Z,2026-08-31T23:00:00Z,same_contract_descriptive
HOUSECA47-26-D,HOUSECA47,HOUSECA47-26,Will Democratic win the House race for CA-47?,Dave Min,,active,US_2026_general_election,14,usable,usable,0.942,0.9644999999999999,-2.2499999999999964,2026-09-08T14:00:00Z,2026-08-24T17:00:00Z,same_contract_descriptive
HOUSECA47-26-D,HOUSECA47,HOUSECA47-26,Will Democratic win the House race for CA-47?,Dave Min,,active,US_2026_general_election,28,usable,stale_observation,0.942,,,2026-09-08T14:00:00Z,2026-07-30T05:00:00Z,not_comparable
HOUSECA49-26-R,HOUSECA49,HOUSECA49-26,Will a Republican win the House race for CA-49?,Armen Kurdian,,active,US_2026_general_election,7,usable,usable,0.0275,0.036,-0.8499999999999998,2026-09-08T15:00:00Z,2026-09-01T13:00:00Z,same_contract_descriptive
HOUSECA49-26-R,HOUSECA49,HOUSECA49-26,Will a Republican win the House race for CA-49?,Armen Kurdian,,active,US_2026_general_election,14,usable,usable,0.0275,0.047,-1.95,2026-09-08T15:00:00Z,2026-08-25T13:00:00Z,same_contract_descriptive
HOUSECA49-26-R,HOUSECA49,HOUSECA49-26,Will a Republican win the House race for CA-49?,Armen Kurdian,,active,US_2026_general_election,28,usable,usable,0.0275,0.076,-4.8500000000000005,2026-09-08T15:00:00Z,2026-08-11T15:00:00Z,same_contract_descriptive
HOUSECA49-26-D,HOUSECA49,HOUSECA49-26,Will a Democrat win the House race for CA-49?,Mike Levin,,active,US_2026_general_election,7,usable,usable,0.9524999999999999,0.9515,0.09999999999998899,2026-09-08T14:00:00Z,2026-09-01T09:00:00Z,same_contract_descriptive
HOUSECA49-26-D,HOUSECA49,HOUSECA49-26,Will a Democrat win the House race for CA-49?,Mike Levin,,active,US_2026_general_election,14,usable,usable,0.9524999999999999,0.9485,0.39999999999998925,2026-09-08T14:00:00Z,2026-08-25T13:00:00Z,same_contract_descriptive
HOUSECA49-26-D,HOUSECA49,HOUSECA49-26,Will a Democrat win the House race for CA-49?,Mike Levin,,active,US_2026_general_election,28,usable,usable,0.9524999999999999,0.9,5.249999999999988,2026-09-08T14:00:00Z,2026-08-11T15:00:00Z,same_contract_descriptive
HOUSECA9-26-R,HOUSECA9,HOUSECA9-26,Will Republican win the House race for CA-9?,John McBride,,active,US_2026_general_election,7,usable,usable,0.043,0.032,1.0999999999999996,2026-09-08T15:00:00Z,2026-09-01T12:00:00Z,same_contract_descriptive
HOUSECA9-26-R,HOUSECA9,HOUSECA9-26,Will Republican win the House race for CA-9?,John McBride,,active,US_2026_general_election,14,usable,usable,0.043,0.036500000000000005,0.6499999999999992,2026-09-08T15:00:00Z,2026-08-25T13:00:00Z,same_contract_descriptive
HOUSECA9-26-R,HOUSECA9,HOUSECA9-26,Will Republican win the House race for CA-9?,John McBride,,active,US_2026_general_election,28,usable,usable,0.043,0.08650000000000001,-4.350000000000001,2026-09-08T15:00:00Z,2026-08-11T15:00:00Z,same_contract_descriptive
HOUSECA9-26-D,HOUSECA9,HOUSECA9-26,Will Democratic win the House race for CA-9?,Josh Harder,,active,US_2026_general_election,7,usable,usable,0.951,0.9445,0.649999999999995,2026-09-08T14:00:00Z,2026-09-01T12:00:00Z,same_contract_descriptive
HOUSECA9-26-D,HOUSECA9,HOUSECA9-26,Will Democratic win the House race for CA-9?,Josh Harder,,active,US_2026_general_election,14,usable,usable,0.951,0.9655,-1.4500000000000068,2026-09-08T14:00:00Z,2026-08-24T17:00:00Z,same_contract_descriptive
HOUSECA9-26-D,HOUSECA9,HOUSECA9-26,Will Democratic win the House race for CA-9?,Josh Harder,,active,US_2026_general_election,28,usable,usable,0.951,0.966,-1.5000000000000013,2026-09-08T14:00:00Z,2026-08-11T15:00:00Z,same_contract_descriptive
HOUSECO3-26-R,HOUSECO3,HOUSECO3-26,Will Republican win the House race for CO-3?,Jeff Hurd,,active,US_2026_general_election,7,usable,usable,0.65,0.645,0.5000000000000004,2026-09-08T15:00:00Z,2026-09-01T15:00:00Z,same_contract_descriptive
HOUSECO3-26-R,HOUSECO3,HOUSECO3-26,Will Republican win the House race for CO-3?,Jeff Hurd,,active,US_2026_general_election,14,usable,usable,0.65,0.5900000000000001,5.999999999999995,2026-09-08T15:00:00Z,2026-08-25T15:00:00Z,same_contract_descriptive
HOUSECO3-26-R,HOUSECO3,HOUSECO3-26,Will Republican win the House race for CO-3?,Jeff Hurd,,active,US_2026_general_election,28,usable,usable,0.65,0.595,5.500000000000005,2026-09-08T15:00:00Z,2026-08-11T15:00:00Z,same_contract_descriptive
HOUSECO3-26-D,HOUSECO3,HOUSECO3-26,Will Democratic win the House race for CO-3?,Dwayne Romero,,active,US_2026_general_election,7,usable,usable,0.35,0.365,-1.5000000000000013,2026-09-08T15:00:00Z,2026-09-01T15:00:00Z,same_contract_descriptive
HOUSECO3-26-D,HOUSECO3,HOUSECO3-26,Will Democratic win the House race for CO-3?,Dwayne Romero,,active,US_2026_general_election,14,usable,usable,0.35,0.345,0.5000000000000004,2026-09-08T15:00:00Z,2026-08-25T14:00:00Z,same_contract_descriptive
HOUSECO3-26-D,HOUSECO3,HOUSECO3-26,Will Democratic win the House race for CO-3?,Dwayne Romero,,active,US_2026_general_election,28,usable,usable,0.35,0.245,10.499999999999998,2026-09-08T15:00:00Z,2026-08-11T15:00:00Z,same_contract_descriptive
HOUSECO8-26-R,HOUSECO8,HOUSECO8-26,Will Republican win the House race for CO-8?,Gabe Evans,,active,US_2026_general_election,7,usable,usable,0.22,0.22,0.0,2026-09-08T15:00:00Z,2026-09-01T15:00:00Z,same_contract_descriptive
HOUSECO8-26-R,HOUSECO8,HOUSECO8-26,Will Republican win the House race for CO-8?,Gabe Evans,,active,US_2026_general_election,14,usable,usable,0.22,0.21500000000000002,0.49999999999999767,2026-09-08T15:00:00Z,2026-08-25T15:00:00Z,same_contract_descriptive
HOUSECO8-26-R,HOUSECO8,HOUSECO8-26,Will Republican win the House race for CO-8?,Gabe Evans,,active,US_2026_general_election,28,usable,usable,0.22,0.25,-3.0,2026-09-08T15:00:00Z,2026-08-11T13:00:00Z,same_contract_descriptive
HOUSECO8-26-D,HOUSECO8,HOUSECO8-26,Will Democratic win the House race for CO-8?,Manny Rutinel,,active,US_2026_general_election,7,usable,usable,0.785,0.78,0.5000000000000004,2026-09-08T15:00:00Z,2026-09-01T15:00:00Z,same_contract_descriptive
HOUSECO8-26-D,HOUSECO8,HOUSECO8-26,Will Democratic win the House race for CO-8?,Manny Rutinel,,active,US_2026_general_election,14,usable,usable,0.785,0.835,-4.999999999999993,2026-09-08T15:00:00Z,2026-08-25T15:00:00Z,same_contract_descriptive
HOUSECO8-26-D,HOUSECO8,HOUSECO8-26,Will Democratic win the House race for CO-8?,Manny Rutinel,,active,US_2026_general_election,28,usable,usable,0.785,0.77,1.5000000000000013,2026-09-08T15:00:00Z,2026-08-11T15:00:00Z,same_contract_descriptive
HOUSECT5-26-R,HOUSECT5,HOUSECT5-26,Will a Republican win the House race for CT-5?,Chris Shea,,active,US_2026_general_election,7,usable,usable,0.041999999999999996,0.06,-1.8000000000000003,2026-09-08T13:00:00Z,2026-09-01T15:00:00Z,same_contract_descriptive
HOUSECT5-26-R,HOUSECT5,HOUSECT5-26,Will a Republican win the House race for CT-5?,Chris Shea,,active,US_2026_general_election,14,usable,usable,0.041999999999999996,0.055,-1.3000000000000005,2026-09-08T13:00:00Z,2026-08-25T12:00:00Z,same_contract_descriptive
HOUSECT5-26-R,HOUSECT5,HOUSECT5-26,Will a Republican win the House race for CT-5?,Chris Shea,,active,US_2026_general_election,28,usable,usable,0.041999999999999996,0.085,-4.300000000000001,2026-09-08T13:00:00Z,2026-08-11T15:00:00Z,same_contract_descriptive
HOUSECT5-26-D,HOUSECT5,HOUSECT5-26,Will a Democrat win the House race for CT-5?,Jahana Hayes,,active,US_2026_general_election,7,usable,usable,0.9455,0.935,1.0499999999999954,2026-09-08T14:00:00Z,2026-09-01T14:00:00Z,same_contract_descriptive
HOUSECT5-26-D,HOUSECT5,HOUSECT5-26,Will a Democrat win the House race for CT-5?,Jahana Hayes,,active,US_2026_general_election,14,usable,usable,0.9455,0.9299999999999999,1.550000000000007,2026-09-08T14:00:00Z,2026-08-25T15:00:00Z,same_contract_descriptive
HOUSECT5-26-D,HOUSECT5,HOUSECT5-26,Will a Democrat win the House race for CT-5?,Jahana Hayes,,active,US_2026_general_election,28,usable,usable,0.9455,0.915,3.049999999999997,2026-09-08T14:00:00Z,2026-08-11T15:00:00Z,same_contract_descriptive
HOUSEFL13-26-R,HOUSEFL13,HOUSEFL13-26,Will Republican win the House race for FL-13?,Anna Paulina Luna,,active,US_2026_general_election,7,usable,usable,0.715,0.73,-1.5000000000000013,2026-09-08T15:00:00Z,2026-09-01T15:00:00Z,same_contract_descriptive
HOUSEFL13-26-R,HOUSEFL13,HOUSEFL13-26,Will Republican win the House race for FL-13?,Anna Paulina Luna,,active,US_2026_general_election,14,usable,usable,0.715,0.7250000000000001,-1.000000000000012,2026-09-08T15:00:00Z,2026-08-25T13:00:00Z,same_contract_descriptive
HOUSEFL13-26-R,HOUSEFL13,HOUSEFL13-26,Will Republican win the House race for FL-13?,Anna Paulina Luna,,active,US_2026_general_election,28,usable,usable,0.715,0.775,-6.000000000000005,2026-09-08T15:00:00Z,2026-08-11T13:00:00Z,same_contract_descriptive
HOUSEFL13-26-D,HOUSEFL13,HOUSEFL13-26,Will Democratic win the House race for FL-13?,Leela Gray,,active,US_2026_general_election,7,usable,usable,0.28500000000000003,0.255,3.0000000000000027,2026-09-07T21:00:00Z,2026-09-01T14:00:00Z,same_contract_descriptive
HOUSEFL13-26-D,HOUSEFL13,HOUSEFL13-26,Will Democratic win the House race for FL-13?,Leela Gray,,active,US_2026_general_election,14,usable,usable,0.28500000000000003,0.265,2.0000000000000018,2026-09-07T21:00:00Z,2026-08-25T14:00:00Z,same_contract_descriptive
HOUSEFL13-26-D,HOUSEFL13,HOUSEFL13-26,Will Democratic win the House race for FL-13?,Leela Gray,,active,US_2026_general_election,28,usable,stale_observation,0.28500000000000003,,,2026-09-07T21:00:00Z,2026-07-28T18:00:00Z,not_comparable
HOUSEFL23-26-R,HOUSEFL23,HOUSEFL23-26,Will Republican win the House race for FL-23?,Deborah Adeimy,,active,US_2026_general_election,7,usable,usable,0.07,0.0345,3.5500000000000003,2026-09-08T15:00:00Z,2026-09-01T15:00:00Z,same_contract_descriptive
HOUSEFL23-26-R,HOUSEFL23,HOUSEFL23-26,Will Republican win the House race for FL-23?,Deborah Adeimy,,active,US_2026_general_election,14,usable,usable,0.07,0.051000000000000004,1.9000000000000004,2026-09-08T15:00:00Z,2026-08-25T13:00:00Z,same_contract_descriptive
HOUSEFL23-26-R,HOUSEFL23,HOUSEFL23-26,Will Republican win the House race for FL-23?,Deborah Adeimy,,active,US_2026_general_election,28,usable,usable,0.07,0.041,2.9000000000000004,2026-09-08T15:00:00Z,2026-08-11T15:00:00Z,same_contract_descriptive
HOUSEFL23-26-D,HOUSEFL23,HOUSEFL23-26,Will Democratic win the House race for FL-23?,Lois Frankel,,active,US_2026_general_election,7,usable,usable,0.9450000000000001,0.955,-0.9999999999999898,2026-09-08T15:00:00Z,2026-09-01T14:00:00Z,same_contract_descriptive
HOUSEFL23-26-D,HOUSEFL23,HOUSEFL23-26,Will Democratic win the House race for FL-23?,Lois Frankel,,active,US_2026_general_election,14,usable,usable,0.9450000000000001,0.935,1.0000000000000009,2026-09-08T15:00:00Z,2026-08-25T04:00:00Z,same_contract_descriptive
HOUSEFL23-26-D,HOUSEFL23,HOUSEFL23-26,Will Democratic win the House race for FL-23?,Lois Frankel,,active,US_2026_general_election,28,usable,usable,0.9450000000000001,0.94,0.5000000000000115,2026-09-08T15:00:00Z,2026-08-10T22:00:00Z,same_contract_descriptive
HOUSEIA1-26-R,HOUSEIA1,HOUSEIA1-26,Will Republican win the House race for IA-1?,Mariannette Miller-Meeks,,active,US_2026_general_election,7,usable,usable,0.24,0.25,-1.0000000000000009,2026-09-08T15:00:00Z,2026-09-01T15:00:00Z,same_contract_descriptive
HOUSEIA1-26-R,HOUSEIA1,HOUSEIA1-26,Will Republican win the House race for IA-1?,Mariannette Miller-Meeks,,active,US_2026_general_election,14,usable,usable,0.24,0.20500000000000002,3.4999999999999973,2026-09-08T15:00:00Z,2026-08-25T15:00:00Z,same_contract_descriptive
HOUSEIA1-26-R,HOUSEIA1,HOUSEIA1-26,Will Republican win the House race for IA-1?,Mariannette Miller-Meeks,,active,US_2026_general_election,28,usable,usable,0.24,0.21,3.0,2026-09-08T15:00:00Z,2026-08-11T15:00:00Z,same_contract_descriptive
HOUSEIA1-26-D,HOUSEIA1,HOUSEIA1-26,Will Democratic win the House race for IA-1?,Christina Bohannan,,active,US_2026_general_election,7,usable,usable,0.765,0.765,0.0,2026-09-08T15:00:00Z,2026-09-01T15:00:00Z,same_contract_descriptive
HOUSEIA1-26-D,HOUSEIA1,HOUSEIA1-26,Will Democratic win the House race for IA-1?,Christina Bohannan,,active,US_2026_general_election,14,usable,usable,0.765,0.76,0.5000000000000004,2026-09-08T15:00:00Z,2026-08-25T14:00:00Z,same_contract_descriptive
HOUSEIA1-26-D,HOUSEIA1,HOUSEIA1-26,Will Democratic win the House race for IA-1?,Christina Bohannan,,active,US_2026_general_election,28,usable,usable,0.765,0.81,-4.5000000000000036,2026-09-08T15:00:00Z,2026-08-11T15:00:00Z,same_contract_descriptive
HOUSEIA3-26-R,HOUSEIA3,HOUSEIA3-26,Will Republican win the House race for IA-3?,Zach Nunn,,active,US_2026_general_election,7,usable,usable,0.215,0.225,-1.0000000000000009,2026-09-08T15:00:00Z,2026-09-01T15:00:00Z,same_contract_descriptive
HOUSEIA3-26-R,HOUSEIA3,HOUSEIA3-26,Will Republican win the House race for IA-3?,Zach Nunn,,active,US_2026_general_election,14,usable,usable,0.215,0.22,-0.5000000000000004,2026-09-08T15:00:00Z,2026-08-25T15:00:00Z,same_contract_descriptive
HOUSEIA3-26-R,HOUSEIA3,HOUSEIA3-26,Will Republican win the House race for IA-3?,Zach Nunn,,active,US_2026_general_election,28,usable,usable,0.215,0.245,-3.0,2026-09-08T15:00:00Z,2026-08-11T15:00:00Z,same_contract_descriptive
HOUSEIA3-26-D,HOUSEIA3,HOUSEIA3-26,Will Democratic win the House race for IA-3?,Sarah Trone Garriott,,active,US_2026_general_election,7,usable,usable,0.785,0.765,2.0000000000000018,2026-09-08T14:00:00Z,2026-09-01T15:00:00Z,same_contract_descriptive
HOUSEIA3-26-D,HOUSEIA3,HOUSEIA3-26,Will Democratic win the House race for IA-3?,Sarah Trone Garriott,,active,US_2026_general_election,14,usable,usable,0.785,0.785,0.0,2026-09-08T14:00:00Z,2026-08-25T14:00:00Z,same_contract_descriptive
HOUSEIA3-26-D,HOUSEIA3,HOUSEIA3-26,Will Democratic win the House race for IA-3?,Sarah Trone Garriott,,active,US_2026_general_election,28,usable,usable,0.785,0.735,5.000000000000004,2026-09-08T14:00:00Z,2026-08-11T15:00:00Z,same_contract_descriptive
HOUSEIL17-26-R,HOUSEIL17,HOUSEIL17-26,Will a Republican win the House race for IL-17?,Dillan Vancil,,active,US_2026_general_election,7,usable,usable,0.045,0.0505,-0.5500000000000005,2026-09-08T15:00:00Z,2026-09-01T15:00:00Z,same_contract_descriptive
HOUSEIL17-26-R,HOUSEIL17,HOUSEIL17-26,Will a Republican win the House race for IL-17?,Dillan Vancil,,active,US_2026_general_election,14,usable,usable,0.045,0.05,-0.5000000000000004,2026-09-08T15:00:00Z,2026-08-25T15:00:00Z,same_contract_descriptive
HOUSEIL17-26-R,HOUSEIL17,HOUSEIL17-26,Will a Republican win the House race for IL-17?,Dillan Vancil,,active,US_2026_general_election,28,usable,usable,0.045,0.055999999999999994,-1.0999999999999996,2026-09-08T15:00:00Z,2026-08-11T15:00:00Z,same_contract_descriptive
HOUSEIL17-26-D,HOUSEIL17,HOUSEIL17-26,Will a Democrat win the House race for IL-17?,Eric Sorensen,,active,US_2026_general_election,7,usable,usable,0.9385,0.9279999999999999,1.0500000000000065,2026-09-08T15:00:00Z,2026-09-01T15:00:00Z,same_contract_descriptive
HOUSEIL17-26-D,HOUSEIL17,HOUSEIL17-26,Will a Democrat win the House race for IL-17?,Eric Sorensen,,active,US_2026_general_election,14,usable,usable,0.9385,0.9279999999999999,1.0500000000000065,2026-09-08T15:00:00Z,2026-08-25T13:00:00Z,same_contract_descriptive
HOUSEIL17-26-D,HOUSEIL17,HOUSEIL17-26,Will a Democrat win the House race for IL-17?,Eric Sorensen,,active,US_2026_general_election,28,usable,usable,0.9385,0.9299999999999999,0.8500000000000063,2026-09-08T15:00:00Z,2026-08-10T23:00:00Z,same_contract_descriptive
HOUSEIN1-26-R,HOUSEIN1,HOUSEIN1-26,Will a Republican win the House race for IN-1?,Barb Regnitz,,active,US_2026_general_election,7,usable,usable,0.0245,0.07,-4.550000000000001,2026-09-08T13:00:00Z,2026-09-01T05:00:00Z,same_contract_descriptive
HOUSEIN1-26-R,HOUSEIN1,HOUSEIN1-26,Will a Republican win the House race for IN-1?,Barb Regnitz,,active,US_2026_general_election,14,usable,usable,0.0245,0.055,-3.05,2026-09-08T13:00:00Z,2026-08-25T13:00:00Z,same_contract_descriptive
HOUSEIN1-26-R,HOUSEIN1,HOUSEIN1-26,Will a Republican win the House race for IN-1?,Barb Regnitz,,active,US_2026_general_election,28,usable,usable,0.0245,0.08499999999999999,-6.049999999999999,2026-09-08T13:00:00Z,2026-08-11T15:00:00Z,same_contract_descriptive
HOUSEIN1-26-D,HOUSEIN1,HOUSEIN1-26,Will a Democrat win the House race for IN-1?,Frank Mrvan,,active,US_2026_general_election,7,usable,usable,0.948,0.935,1.29999999999999,2026-09-08T14:00:00Z,2026-09-01T01:00:00Z,same_contract_descriptive
HOUSEIN1-26-D,HOUSEIN1,HOUSEIN1-26,Will a Democrat win the House race for IN-1?,Frank Mrvan,,active,US_2026_general_election,14,usable,usable,0.948,0.927,2.0999999999999908,2026-09-08T14:00:00Z,2026-08-25T15:00:00Z,same_contract_descriptive
HOUSEIN1-26-D,HOUSEIN1,HOUSEIN1-26,Will a Democrat win the House race for IN-1?,Frank Mrvan,,active,US_2026_general_election,28,usable,usable,0.948,0.855,9.299999999999997,2026-09-08T14:00:00Z,2026-08-11T15:00:00Z,same_contract_descriptive
HOUSEME2-26-R,HOUSEME2,HOUSEME2-26,Will Republican win the House race for ME-2?,Paul LePage,,active,US_2026_general_election,7,usable,usable,0.55,0.59,-3.9999999999999925,2026-09-08T04:00:00Z,2026-09-01T14:00:00Z,same_contract_descriptive
HOUSEME2-26-R,HOUSEME2,HOUSEME2-26,Will Republican win the House race for ME-2?,Paul LePage,,active,US_2026_general_election,14,usable,usable,0.55,0.565,-1.4999999999999902,2026-09-08T04:00:00Z,2026-08-25T12:00:00Z,same_contract_descriptive
HOUSEME2-26-R,HOUSEME2,HOUSEME2-26,Will Republican win the House race for ME-2?,Paul LePage,,active,US_2026_general_election,28,usable,usable,0.55,0.6499999999999999,-9.999999999999986,2026-09-08T04:00:00Z,2026-08-11T15:00:00Z,same_contract_descriptive
HOUSEME2-26-D,HOUSEME2,HOUSEME2-26,Will Democratic win the House race for ME-2?,Matt Dunlap,,active,US_2026_general_election,7,usable,usable,0.44999999999999996,0.405,4.499999999999993,2026-09-08T06:00:00Z,2026-09-01T15:00:00Z,same_contract_descriptive
HOUSEME2-26-D,HOUSEME2,HOUSEME2-26,Will Democratic win the House race for ME-2?,Matt Dunlap,,active,US_2026_general_election,14,usable,usable,0.44999999999999996,0.44999999999999996,0.0,2026-09-08T06:00:00Z,2026-08-25T15:00:00Z,same_contract_descriptive
HOUSEME2-26-D,HOUSEME2,HOUSEME2-26,Will Democratic win the House race for ME-2?,Matt Dunlap,,active,US_2026_general_election,28,usable,usable,0.44999999999999996,0.43500000000000005,1.4999999999999902,2026-09-08T06:00:00Z,2026-08-11T15:00:00Z,same_contract_descriptive
HOUSEMI10-26-R,HOUSEMI10,HOUSEMI10-26,Will Republican win the House race for MI-10?,Michael Bouchard Jr.,,active,US_2026_general_election,7,usable,usable,0.375,0.35,2.500000000000002,2026-09-08T15:00:00Z,2026-09-01T15:00:00Z,same_contract_descriptive
HOUSEMI10-26-R,HOUSEMI10,HOUSEMI10-26,Will Republican win the House race for MI-10?,Michael Bouchard Jr.,,active,US_2026_general_election,14,usable,usable,0.375,0.3,7.500000000000001,2026-09-08T15:00:00Z,2026-08-25T06:00:00Z,same_contract_descriptive
HOUSEMI10-26-R,HOUSEMI10,HOUSEMI10-26,Will Republican win the House race for MI-10?,Michael Bouchard Jr.,,active,US_2026_general_election,28,usable,usable,0.375,0.20500000000000002,17.0,2026-09-08T15:00:00Z,2026-08-11T15:00:00Z,same_contract_descriptive
HOUSEMI10-26-D,HOUSEMI10,HOUSEMI10-26,Will Democratic win the House race for MI-10?,Christina Hines,,active,US_2026_general_election,7,usable,usable,0.645,0.64,0.5000000000000004,2026-09-08T15:00:00Z,2026-09-01T15:00:00Z,same_contract_descriptive
HOUSEMI10-26-D,HOUSEMI10,HOUSEMI10-26,Will Democratic win the House race for MI-10?,Christina Hines,,active,US_2026_general_election,14,usable,usable,0.645,0.69,-4.499999999999993,2026-09-08T15:00:00Z,2026-08-25T15:00:00Z,same_contract_descriptive
HOUSEMI10-26-D,HOUSEMI10,HOUSEMI10-26,Will Democratic win the House race for MI-10?,Christina Hines,,active,US_2026_general_election,28,usable,usable,0.645,0.7,-5.499999999999994,2026-09-08T15:00:00Z,2026-08-11T15:00:00Z,same_contract_descriptive
HOUSEMI3-26-R,HOUSEMI3,HOUSEMI3-26,Will a Republican win the House race for MI-3?,Terri DeBoer,,active,US_2026_general_election,7,usable,usable,0.052500000000000005,0.077,-2.4499999999999993,2026-09-08T14:00:00Z,2026-09-01T14:00:00Z,same_contract_descriptive
HOUSEMI3-26-R,HOUSEMI3,HOUSEMI3-26,Will a Republican win the House race for MI-3?,Terri DeBoer,,active,US_2026_general_election,14,usable,usable,0.052500000000000005,0.0485,0.40000000000000036,2026-09-08T14:00:00Z,2026-08-25T13:00:00Z,same_contract_descriptive
HOUSEMI3-26-R,HOUSEMI3,HOUSEMI3-26,Will a Republican win the House race for MI-3?,Terri DeBoer,,active,US_2026_general_election,28,usable,usable,0.052500000000000005,0.0545,-0.19999999999999948,2026-09-08T14:00:00Z,2026-08-11T15:00:00Z,same_contract_descriptive
HOUSEMI3-26-D,HOUSEMI3,HOUSEMI3-26,Will a Democrat win the House race for MI-3?,Hillary Scholten,,active,US_2026_general_election,7,usable,usable,0.948,0.9299999999999999,1.8000000000000016,2026-09-08T14:00:00Z,2026-09-01T12:00:00Z,same_contract_descriptive
HOUSEMI3-26-D,HOUSEMI3,HOUSEMI3-26,Will a Democrat win the House race for MI-3?,Hillary Scholten,,active,US_2026_general_election,14,usable,usable,0.948,0.948,0.0,2026-09-08T14:00:00Z,2026-08-25T11:00:00Z,same_contract_descriptive
HOUSEMI3-26-D,HOUSEMI3,HOUSEMI3-26,Will a Democrat win the House race for MI-3?,Hillary Scholten,,active,US_2026_general_election,28,usable,usable,0.948,0.9085000000000001,3.949999999999987,2026-09-08T14:00:00Z,2026-08-11T13:00:00Z,same_contract_descriptive
HOUSEMI4-26-R,HOUSEMI4,HOUSEMI4-26,Will Republican win the House race for MI-4?,Bill Huizenga,,active,US_2026_general_election,7,usable,usable,0.53,0.5549999999999999,-2.499999999999991,2026-09-08T15:00:00Z,2026-09-01T15:00:00Z,same_contract_descriptive
HOUSEMI4-26-R,HOUSEMI4,HOUSEMI4-26,Will Republican win the House race for MI-4?,Bill Huizenga,,active,US_2026_general_election,14,usable,usable,0.53,0.47,6.000000000000005,2026-09-08T15:00:00Z,2026-08-25T15:00:00Z,same_contract_descriptive
HOUSEMI4-26-R,HOUSEMI4,HOUSEMI4-26,Will Republican win the House race for MI-4?,Bill Huizenga,,active,US_2026_general_election,28,usable,usable,0.53,0.63,-9.999999999999998,2026-09-08T15:00:00Z,2026-08-11T15:00:00Z,same_contract_descriptive
HOUSEMI4-26-D,HOUSEMI4,HOUSEMI4-26,Will Democratic win the House race for MI-4?,Sean McCann,,active,US_2026_general_election,7,usable,usable,0.45999999999999996,0.45499999999999996,0.5000000000000004,2026-09-08T15:00:00Z,2026-09-01T15:00:00Z,same_contract_descriptive
HOUSEMI4-26-D,HOUSEMI4,HOUSEMI4-26,Will Democratic win the House race for MI-4?,Sean McCann,,active,US_2026_general_election,14,usable,usable,0.45999999999999996,0.485,-2.500000000000002,2026-09-08T15:00:00Z,2026-08-25T15:00:00Z,same_contract_descriptive
HOUSEMI4-26-D,HOUSEMI4,HOUSEMI4-26,Will Democratic win the House race for MI-4?,Sean McCann,,active,US_2026_general_election,28,usable,usable,0.45999999999999996,0.46499999999999997,-0.5000000000000004,2026-09-08T15:00:00Z,2026-08-11T15:00:00Z,same_contract_descriptive
HOUSEMI7-26-R,HOUSEMI7,HOUSEMI7-26,Will Republican win the House race for MI-7?,Tom Barrett,,active,US_2026_general_election,7,usable,usable,0.48,0.37,10.999999999999998,2026-09-08T15:00:00Z,2026-09-01T15:00:00Z,same_contract_descriptive
HOUSEMI7-26-R,HOUSEMI7,HOUSEMI7-26,Will Republican win the House race for MI-7?,Tom Barrett,,active,US_2026_general_election,14,usable,usable,0.48,0.315,16.499999999999996,2026-09-08T15:00:00Z,2026-08-25T15:00:00Z,same_contract_descriptive
HOUSEMI7-26-R,HOUSEMI7,HOUSEMI7-26,Will Republican win the House race for MI-7?,Tom Barrett,,active,US_2026_general_election,28,usable,usable,0.48,0.315,16.499999999999996,2026-09-08T15:00:00Z,2026-08-11T15:00:00Z,same_contract_descriptive
HOUSEMI7-26-D,HOUSEMI7,HOUSEMI7-26,Will Democratic win the House race for MI-7?,William Lawrence,,active,US_2026_general_election,7,usable,usable,0.525,0.63,-10.499999999999998,2026-09-08T15:00:00Z,2026-09-01T09:00:00Z,same_contract_descriptive
HOUSEMI7-26-D,HOUSEMI7,HOUSEMI7-26,Will Democratic win the House race for MI-7?,William Lawrence,,active,US_2026_general_election,14,usable,usable,0.525,0.6599999999999999,-13.49999999999999,2026-09-08T15:00:00Z,2026-08-25T15:00:00Z,same_contract_descriptive
HOUSEMI7-26-D,HOUSEMI7,HOUSEMI7-26,Will Democratic win the House race for MI-7?,William Lawrence,,active,US_2026_general_election,28,usable,usable,0.525,0.6799999999999999,-15.499999999999991,2026-09-08T15:00:00Z,2026-08-11T15:00:00Z,same_contract_descriptive
HOUSEMI8-26-R,HOUSEMI8,HOUSEMI8-26,Will Republican win the House race for MI-8?,Thomas J. Smith,,active,US_2026_general_election,7,usable,usable,0.068,0.06,0.8000000000000007,2026-09-08T14:00:00Z,2026-09-01T15:00:00Z,same_contract_descriptive
HOUSEMI8-26-R,HOUSEMI8,HOUSEMI8-26,Will Republican win the House race for MI-8?,Thomas J. Smith,,active,US_2026_general_election,14,usable,usable,0.068,0.0475,2.0500000000000003,2026-09-08T14:00:00Z,2026-08-25T15:00:00Z,same_contract_descriptive
HOUSEMI8-26-R,HOUSEMI8,HOUSEMI8-26,Will Republican win the House race for MI-8?,Thomas J. Smith,,active,US_2026_general_election,28,usable,usable,0.068,0.0515,1.6500000000000008,2026-09-08T14:00:00Z,2026-08-11T15:00:00Z,same_contract_descriptive
HOUSEMI8-26-D,HOUSEMI8,HOUSEMI8-26,Will Democratic win the House race for MI-8?,Kristen McDonald Rivet,,active,US_2026_general_election,7,usable,usable,0.9359999999999999,0.94,-0.40000000000000036,2026-09-08T14:00:00Z,2026-09-01T15:00:00Z,same_contract_descriptive
HOUSEMI8-26-D,HOUSEMI8,HOUSEMI8-26,Will Democratic win the House race for MI-8?,Kristen McDonald Rivet,,active,US_2026_general_election,14,usable,usable,0.9359999999999999,0.9485,-1.2500000000000067,2026-09-08T14:00:00Z,2026-08-25T15:00:00Z,same_contract_descriptive
HOUSEMI8-26-D,HOUSEMI8,HOUSEMI8-26,Will Democratic win the House race for MI-8?,Kristen McDonald Rivet,,active,US_2026_general_election,28,usable,usable,0.9359999999999999,0.9475,-1.1500000000000066,2026-09-08T14:00:00Z,2026-08-11T15:00:00Z,same_contract_descriptive
HOUSEMN2-26-R,HOUSEMN2,HOUSEMN2-26,Will a Republican win the House race for MN-2?,Eric Pratt,,active,US_2026_general_election,7,usable,usable,0.08449999999999999,0.0785,0.5999999999999992,2026-09-08T15:00:00Z,2026-09-01T15:00:00Z,same_contract_descriptive
HOUSEMN2-26-R,HOUSEMN2,HOUSEMN2-26,Will a Republican win the House race for MN-2?,Eric Pratt,,active,US_2026_general_election,14,usable,usable,0.08449999999999999,0.1215,-3.7000000000000006,2026-09-08T15:00:00Z,2026-08-25T15:00:00Z,same_contract_descriptive
HOUSEMN2-26-R,HOUSEMN2,HOUSEMN2-26,Will a Republican win the House race for MN-2?,Eric Pratt,,active,US_2026_general_election,28,usable,usable,0.08449999999999999,0.1165,-3.2000000000000015,2026-09-08T15:00:00Z,2026-08-11T15:00:00Z,same_contract_descriptive
HOUSEMN2-26-D,HOUSEMN2,HOUSEMN2-26,Will a Democrat win the House race for MN-2?,Matt Little,,active,US_2026_general_election,7,stale_observation,usable,,0.9199999999999999,,2026-09-06T20:00:00Z,2026-09-01T15:00:00Z,not_comparable
HOUSEMN2-26-D,HOUSEMN2,HOUSEMN2-26,Will a Democrat win the House race for MN-2?,Matt Little,,active,US_2026_general_election,14,stale_observation,usable,,0.94,,2026-09-06T20:00:00Z,2026-08-25T13:00:00Z,not_comparable
HOUSEMN2-26-D,HOUSEMN2,HOUSEMN2-26,Will a Democrat win the House race for MN-2?,Matt Little,,active,US_2026_general_election,28,stale_observation,usable,,0.9550000000000001,,2026-09-06T20:00:00Z,2026-08-11T15:00:00Z,not_comparable
HOUSEMT1-26-R,HOUSEMT1,HOUSEMT1-26,Will Republican win the House race for MT-1?,Aaron Flint,,active,US_2026_general_election,7,usable,usable,0.63,0.62,1.0000000000000009,2026-09-08T15:00:00Z,2026-09-01T15:00:00Z,same_contract_descriptive
HOUSEMT1-26-R,HOUSEMT1,HOUSEMT1-26,Will Republican win the House race for MT-1?,Aaron Flint,,active,US_2026_general_election,14,usable,usable,0.63,0.6000000000000001,2.9999999999999916,2026-09-08T15:00:00Z,2026-08-25T13:00:00Z,same_contract_descriptive
HOUSEMT1-26-R,HOUSEMT1,HOUSEMT1-26,Will Republican win the House race for MT-1?,Aaron Flint,,active,US_2026_general_election,28,usable,usable,0.63,0.625,0.5000000000000004,2026-09-08T15:00:00Z,2026-08-11T15:00:00Z,same_contract_descriptive
HOUSEMT1-26-D,HOUSEMT1,HOUSEMT1-26,Will Democratic win the House race for MT-1?,Sam Forstag,,active,US_2026_general_election,7,usable,usable,0.35,0.37,-2.0000000000000018,2026-09-08T15:00:00Z,2026-09-01T14:00:00Z,same_contract_descriptive
HOUSEMT1-26-D,HOUSEMT1,HOUSEMT1-26,Will Democratic win the House race for MT-1?,Sam Forstag,,active,US_2026_general_election,14,usable,usable,0.35,0.425,-7.500000000000001,2026-09-08T15:00:00Z,2026-08-25T12:00:00Z,same_contract_descriptive
HOUSEMT1-26-D,HOUSEMT1,HOUSEMT1-26,Will Democratic win the House race for MT-1?,Sam Forstag,,active,US_2026_general_election,28,usable,usable,0.35,0.34,0.9999999999999953,2026-09-08T15:00:00Z,2026-08-11T15:00:00Z,same_contract_descriptive
HOUSENC1-26-R,HOUSENC1,HOUSENC1-26,Will Republican win the House race for NC-1?,Laurie Buckhout,,active,US_2026_general_election,7,usable,usable,0.41000000000000003,0.41500000000000004,-0.5000000000000004,2026-09-08T15:00:00Z,2026-09-01T15:00:00Z,same_contract_descriptive
HOUSENC1-26-R,HOUSENC1,HOUSENC1-26,Will Republican win the House race for NC-1?,Laurie Buckhout,,active,US_2026_general_election,14,usable,usable,0.41000000000000003,0.4,1.0000000000000009,2026-09-08T15:00:00Z,2026-08-25T07:00:00Z,same_contract_descriptive
HOUSENC1-26-R,HOUSENC1,HOUSENC1-26,Will Republican win the House race for NC-1?,Laurie Buckhout,,active,US_2026_general_election,28,usable,usable,0.41000000000000003,0.44999999999999996,-3.9999999999999925,2026-09-08T15:00:00Z,2026-08-11T15:00:00Z,same_contract_descriptive
HOUSENC1-26-D,HOUSENC1,HOUSENC1-26,Will Democratic win the House race for NC-1?,Don Davis,,active,US_2026_general_election,7,usable,usable,0.595,0.605,-1.0000000000000009,2026-09-08T15:00:00Z,2026-09-01T13:00:00Z,same_contract_descriptive
HOUSENC1-26-D,HOUSENC1,HOUSENC1-26,Will Democratic win the House race for NC-1?,Don Davis,,active,US_2026_general_election,14,usable,usable,0.595,0.605,-1.0000000000000009,2026-09-08T15:00:00Z,2026-08-25T03:00:00Z,same_contract_descriptive
HOUSENC1-26-D,HOUSENC1,HOUSENC1-26,Will Democratic win the House race for NC-1?,Don Davis,,active,US_2026_general_election,28,usable,usable,0.595,0.6,-0.5000000000000004,2026-09-08T15:00:00Z,2026-08-11T15:00:00Z,same_contract_descriptive
HOUSENE2-26-R,HOUSENE2,HOUSENE2-26,Will Republican win the House race for NE-2?,Brinker Harding,,active,US_2026_general_election,7,usable,usable,0.10250000000000001,0.11,-0.7499999999999993,2026-09-08T15:00:00Z,2026-09-01T14:00:00Z,same_contract_descriptive
HOUSENE2-26-R,HOUSENE2,HOUSENE2-26,Will Republican win the House race for NE-2?,Brinker Harding,,active,US_2026_general_election,14,usable,usable,0.10250000000000001,0.128,-2.5499999999999994,2026-09-08T15:00:00Z,2026-08-25T15:00:00Z,same_contract_descriptive
HOUSENE2-26-R,HOUSENE2,HOUSENE2-26,Will Republican win the House race for NE-2?,Brinker Harding,,active,US_2026_general_election,28,usable,usable,0.10250000000000001,0.15700000000000003,-5.450000000000002,2026-09-08T15:00:00Z,2026-08-11T15:00:00Z,same_contract_descriptive
HOUSENE2-26-D,HOUSENE2,HOUSENE2-26,Will Democratic win the House race for NE-2?,Denise Powell,,active,US_2026_general_election,7,usable,usable,0.9055,0.885,2.0499999999999963,2026-09-08T15:00:00Z,2026-09-01T14:00:00Z,same_contract_descriptive
HOUSENE2-26-D,HOUSENE2,HOUSENE2-26,Will Democratic win the House race for NE-2?,Denise Powell,,active,US_2026_general_election,14,usable,usable,0.9055,0.865,4.049999999999998,2026-09-08T15:00:00Z,2026-08-25T15:00:00Z,same_contract_descriptive
HOUSENE2-26-D,HOUSENE2,HOUSENE2-26,Will Democratic win the House race for NE-2?,Denise Powell,,active,US_2026_general_election,28,usable,usable,0.9055,0.85,5.549999999999999,2026-09-08T15:00:00Z,2026-08-11T15:00:00Z,same_contract_descriptive
HOUSENH1-26-R,HOUSENH1,HOUSENH1-26,Will a Republican win the House race for NH-1?,Republican party,,active,US_2026_general_election,7,usable,usable,0.0985,0.118,-1.9499999999999988,2026-09-08T14:00:00Z,2026-09-01T15:00:00Z,same_contract_descriptive
HOUSENH1-26-R,HOUSENH1,HOUSENH1-26,Will a Republican win the House race for NH-1?,Republican party,,active,US_2026_general_election,14,usable,usable,0.0985,0.09100000000000001,0.7499999999999993,2026-09-08T14:00:00Z,2026-08-25T15:00:00Z,same_contract_descriptive
HOUSENH1-26-R,HOUSENH1,HOUSENH1-26,Will a Republican win the House race for NH-1?,Republican party,,active,US_2026_general_election,28,usable,stale_observation,0.0985,,,2026-09-08T14:00:00Z,2026-08-09T21:00:00Z,not_comparable
HOUSENH1-26-D,HOUSENH1,HOUSENH1-26,Will a Democrat win the House race for NH-1?,Democratic party,,active,US_2026_general_election,7,usable,usable,0.895,0.875,2.0000000000000018,2026-09-08T14:00:00Z,2026-09-01T15:00:00Z,same_contract_descriptive
HOUSENH1-26-D,HOUSENH1,HOUSENH1-26,Will a Democrat win the House race for NH-1?,Democratic party,,active,US_2026_general_election,14,usable,usable,0.895,0.87,2.500000000000002,2026-09-08T14:00:00Z,2026-08-25T11:00:00Z,same_contract_descriptive
HOUSENH1-26-D,HOUSENH1,HOUSENH1-26,Will a Democrat win the House race for NH-1?,Democratic party,,active,US_2026_general_election,28,usable,usable,0.895,0.875,2.0000000000000018,2026-09-08T14:00:00Z,2026-08-11T13:00:00Z,same_contract_descriptive
HOUSENJ5-26-R,HOUSENJ5,HOUSENJ5-26,Will a Republican win the House race for NJ-5?,Sean Kirrane,,active,US_2026_general_election,7,usable,usable,0.0495,0.0785,-2.9,2026-09-08T14:00:00Z,2026-09-01T12:00:00Z,same_contract_descriptive
HOUSENJ5-26-R,HOUSENJ5,HOUSENJ5-26,Will a Republican win the House race for NJ-5?,Sean Kirrane,,active,US_2026_general_election,14,usable,usable,0.0495,0.085,-3.5500000000000003,2026-09-08T14:00:00Z,2026-08-25T13:00:00Z,same_contract_descriptive
HOUSENJ5-26-R,HOUSENJ5,HOUSENJ5-26,Will a Republican win the House race for NJ-5?,Sean Kirrane,,active,US_2026_general_election,28,usable,usable,0.0495,0.14600000000000002,-9.650000000000002,2026-09-08T14:00:00Z,2026-08-11T15:00:00Z,same_contract_descriptive
HOUSENJ5-26-D,HOUSENJ5,HOUSENJ5-26,Will a Democrat win the House race for NJ-5?,Josh Gottheimer,,active,US_2026_general_election,7,usable,usable,0.9464999999999999,0.921,2.5499999999999856,2026-09-08T14:00:00Z,2026-09-01T15:00:00Z,same_contract_descriptive
HOUSENJ5-26-D,HOUSENJ5,HOUSENJ5-26,Will a Democrat win the House race for NJ-5?,Josh Gottheimer,,active,US_2026_general_election,14,usable,usable,0.9464999999999999,0.9450000000000001,0.14999999999998348,2026-09-08T14:00:00Z,2026-08-25T13:00:00Z,same_contract_descriptive
HOUSENJ5-26-D,HOUSENJ5,HOUSENJ5-26,Will a Democrat win the House race for NJ-5?,Josh Gottheimer,,active,US_2026_general_election,28,usable,usable,0.9464999999999999,0.9545,-0.8000000000000118,2026-09-08T14:00:00Z,2026-08-11T15:00:00Z,same_contract_descriptive
HOUSENJ7-26-R,HOUSENJ7,HOUSENJ7-26,Will Republican win the House race for NJ-7?,Thomas Kean Jr.,,active,US_2026_general_election,7,usable,usable,0.18,0.185,-0.5000000000000004,2026-09-08T14:00:00Z,2026-09-01T12:00:00Z,same_contract_descriptive
HOUSENJ7-26-R,HOUSENJ7,HOUSENJ7-26,Will Republican win the House race for NJ-7?,Thomas Kean Jr.,,active,US_2026_general_election,14,usable,usable,0.18,0.20500000000000002,-2.500000000000002,2026-09-08T14:00:00Z,2026-08-25T00:00:00Z,same_contract_descriptive
HOUSENJ7-26-R,HOUSENJ7,HOUSENJ7-26,Will Republican win the House race for NJ-7?,Thomas Kean Jr.,,active,US_2026_general_election,28,usable,usable,0.18,0.16,1.9999999999999991,2026-09-08T14:00:00Z,2026-08-11T15:00:00Z,same_contract_descriptive
HOUSENJ7-26-D,HOUSENJ7,HOUSENJ7-26,Will Democratic win the House race for NJ-7?,Rebecca Bennett,,active,US_2026_general_election,7,usable,usable,0.8200000000000001,0.81,1.0000000000000009,2026-09-08T14:00:00Z,2026-09-01T12:00:00Z,same_contract_descriptive
HOUSENJ7-26-D,HOUSENJ7,HOUSENJ7-26,Will Democratic win the House race for NJ-7?,Rebecca Bennett,,active,US_2026_general_election,14,usable,usable,0.8200000000000001,0.7949999999999999,2.5000000000000133,2026-09-08T14:00:00Z,2026-08-25T15:00:00Z,same_contract_descriptive
HOUSENJ7-26-D,HOUSENJ7,HOUSENJ7-26,Will Democratic win the House race for NJ-7?,Rebecca Bennett,,active,US_2026_general_election,28,usable,usable,0.8200000000000001,0.83,-0.9999999999999898,2026-09-08T14:00:00Z,2026-08-11T15:00:00Z,same_contract_descriptive
HOUSENJ9-26-R,HOUSENJ9,HOUSENJ9-26,Will Republican win the House race for NJ-9?,Rosie Pino,,active,US_2026_general_election,7,usable,usable,0.0655,0.0735,-0.7999999999999994,2026-09-08T14:00:00Z,2026-09-01T13:00:00Z,same_contract_descriptive
HOUSENJ9-26-R,HOUSENJ9,HOUSENJ9-26,Will Republican win the House race for NJ-9?,Rosie Pino,,active,US_2026_general_election,14,usable,usable,0.0655,0.0565,0.9000000000000001,2026-09-08T14:00:00Z,2026-08-25T15:00:00Z,same_contract_descriptive
HOUSENJ9-26-R,HOUSENJ9,HOUSENJ9-26,Will Republican win the House race for NJ-9?,Rosie Pino,,active,US_2026_general_election,28,usable,usable,0.0655,0.1355,-7.000000000000001,2026-09-08T14:00:00Z,2026-08-11T15:00:00Z,same_contract_descriptive
HOUSENJ9-26-D,HOUSENJ9,HOUSENJ9-26,Will Democratic win the House race for NJ-9?,Nellie Pou,,active,US_2026_general_election,7,usable,usable,0.933,0.9199999999999999,1.3000000000000123,2026-09-08T14:00:00Z,2026-09-01T13:00:00Z,same_contract_descriptive
HOUSENJ9-26-D,HOUSENJ9,HOUSENJ9-26,Will Democratic win the House race for NJ-9?,Nellie Pou,,active,US_2026_general_election,14,usable,usable,0.933,0.9325,0.050000000000005596,2026-09-08T14:00:00Z,2026-08-25T13:00:00Z,same_contract_descriptive
HOUSENJ9-26-D,HOUSENJ9,HOUSENJ9-26,Will Democratic win the House race for NJ-9?,Nellie Pou,,active,US_2026_general_election,28,usable,usable,0.933,0.94,-0.6999999999999895,2026-09-08T14:00:00Z,2026-08-11T15:00:00Z,same_contract_descriptive
HOUSENM2-26-R,HOUSENM2,HOUSENM2-26,Will Republican win the House race for NM-2?,Greg Cunningham,,active,US_2026_general_election,7,usable,usable,0.10450000000000001,0.1155,-1.0999999999999996,2026-09-08T14:00:00Z,2026-09-01T14:00:00Z,same_contract_descriptive
HOUSENM2-26-R,HOUSENM2,HOUSENM2-26,Will Republican win the House race for NM-2?,Greg Cunningham,,active,US_2026_general_election,14,usable,usable,0.10450000000000001,0.0795,2.500000000000001,2026-09-08T14:00:00Z,2026-08-25T13:00:00Z,same_contract_descriptive
HOUSENM2-26-R,HOUSENM2,HOUSENM2-26,Will Republican win the House race for NM-2?,Greg Cunningham,,active,US_2026_general_election,28,usable,usable,0.10450000000000001,0.0975,0.7000000000000006,2026-09-08T14:00:00Z,2026-08-11T15:00:00Z,same_contract_descriptive
HOUSENM2-26-D,HOUSENM2,HOUSENM2-26,Will Democratic win the House race for NM-2?,Gabe Vasquez,,active,US_2026_general_election,7,usable,usable,0.8945000000000001,0.8745,2.0000000000000018,2026-09-08T14:00:00Z,2026-09-01T14:00:00Z,same_contract_descriptive
HOUSENM2-26-D,HOUSENM2,HOUSENM2-26,Will Democratic win the House race for NM-2?,Gabe Vasquez,,active,US_2026_general_election,14,usable,usable,0.8945000000000001,0.9165000000000001,-2.200000000000002,2026-09-08T14:00:00Z,2026-08-25T13:00:00Z,same_contract_descriptive
HOUSENM2-26-D,HOUSENM2,HOUSENM2-26,Will Democratic win the House race for NM-2?,Gabe Vasquez,,active,US_2026_general_election,28,usable,usable,0.8945000000000001,0.875,1.9500000000000073,2026-09-08T14:00:00Z,2026-08-11T14:00:00Z,same_contract_descriptive
HOUSENV1-26-R,HOUSENV1,HOUSENV1-26,Will a Republican win the House race for NV-1?,Carrie Buck,,active,US_2026_general_election,7,usable,usable,0.095,0.1055,-1.0499999999999996,2026-09-08T14:00:00Z,2026-09-01T14:00:00Z,same_contract_descriptive
HOUSENV1-26-R,HOUSENV1,HOUSENV1-26,Will a Republican win the House race for NV-1?,Carrie Buck,,active,US_2026_general_election,14,usable,usable,0.095,0.0925,0.2500000000000002,2026-09-08T14:00:00Z,2026-08-25T13:00:00Z,same_contract_descriptive
HOUSENV1-26-R,HOUSENV1,HOUSENV1-26,Will a Republican win the House race for NV-1?,Carrie Buck,,active,US_2026_general_election,28,usable,usable,0.095,0.1905,-9.55,2026-09-08T14:00:00Z,2026-08-11T15:00:00Z,same_contract_descriptive
HOUSENV1-26-D,HOUSENV1,HOUSENV1-26,Will a Democrat win the House race for NV-1?,Dina Titus,,active,US_2026_general_election,7,usable,usable,0.905,0.9,0.5000000000000004,2026-09-08T14:00:00Z,2026-09-01T12:00:00Z,same_contract_descriptive
HOUSENV1-26-D,HOUSENV1,HOUSENV1-26,Will a Democrat win the House race for NV-1?,Dina Titus,,active,US_2026_general_election,14,usable,usable,0.905,0.908,-0.30000000000000027,2026-09-08T14:00:00Z,2026-08-25T13:00:00Z,same_contract_descriptive
HOUSENV1-26-D,HOUSENV1,HOUSENV1-26,Will a Democrat win the House race for NV-1?,Dina Titus,,active,US_2026_general_election,28,usable,usable,0.905,0.895,1.0000000000000009,2026-09-08T14:00:00Z,2026-08-11T15:00:00Z,same_contract_descriptive
HOUSENV3-26-R,HOUSENV3,HOUSENV3-26,Will Republican win the House race for NV-3?,Martin O'Donnell,,active,US_2026_general_election,7,usable,usable,0.0925,0.10500000000000001,-1.250000000000001,2026-09-08T14:00:00Z,2026-09-01T15:00:00Z,same_contract_descriptive
HOUSENV3-26-R,HOUSENV3,HOUSENV3-26,Will Republican win the House race for NV-3?,Martin O'Donnell,,active,US_2026_general_election,14,usable,usable,0.0925,0.051000000000000004,4.1499999999999995,2026-09-08T14:00:00Z,2026-08-25T13:00:00Z,same_contract_descriptive
HOUSENV3-26-R,HOUSENV3,HOUSENV3-26,Will Republican win the House race for NV-3?,Martin O'Donnell,,active,US_2026_general_election,28,usable,stale_observation,0.0925,,,2026-09-08T14:00:00Z,2026-08-08T18:00:00Z,not_comparable
HOUSENV3-26-D,HOUSENV3,HOUSENV3-26,Will Democratic win the House race for NV-3?,Susie Lee,,active,US_2026_general_election,7,usable,usable,0.9,0.89,1.0000000000000009,2026-09-08T14:00:00Z,2026-09-01T12:00:00Z,same_contract_descriptive
HOUSENV3-26-D,HOUSENV3,HOUSENV3-26,Will Democratic win the House race for NV-3?,Susie Lee,,active,US_2026_general_election,14,usable,usable,0.9,0.9455,-4.549999999999999,2026-09-08T14:00:00Z,2026-08-25T15:00:00Z,same_contract_descriptive
HOUSENV3-26-D,HOUSENV3,HOUSENV3-26,Will Democratic win the House race for NV-3?,Susie Lee,,active,US_2026_general_election,28,usable,usable,0.9,0.9199999999999999,-1.9999999999999907,2026-09-08T14:00:00Z,2026-08-11T15:00:00Z,same_contract_descriptive
HOUSENV4-26-R,HOUSENV4,HOUSENV4-26,Will a Republican win the House race for NV-4?,Cody Whipple,,active,US_2026_general_election,7,usable,usable,0.075,0.099,-2.400000000000001,2026-09-08T14:00:00Z,2026-09-01T12:00:00Z,same_contract_descriptive
HOUSENV4-26-R,HOUSENV4,HOUSENV4-26,Will a Republican win the House race for NV-4?,Cody Whipple,,active,US_2026_general_election,14,usable,usable,0.075,0.048,2.6999999999999997,2026-09-08T14:00:00Z,2026-08-25T13:00:00Z,same_contract_descriptive
HOUSENV4-26-R,HOUSENV4,HOUSENV4-26,Will a Republican win the House race for NV-4?,Cody Whipple,,active,US_2026_general_election,28,usable,usable,0.075,0.092,-1.7000000000000002,2026-09-08T14:00:00Z,2026-08-11T13:00:00Z,same_contract_descriptive
HOUSENV4-26-D,HOUSENV4,HOUSENV4-26,Will a Democrat win the House race for NV-4?,Steven Horsford,,active,US_2026_general_election,7,usable,usable,0.925,0.9,2.500000000000002,2026-09-08T14:00:00Z,2026-09-01T14:00:00Z,same_contract_descriptive
HOUSENV4-26-D,HOUSENV4,HOUSENV4-26,Will a Democrat win the House race for NV-4?,Steven Horsford,,active,US_2026_general_election,14,usable,usable,0.925,0.9485,-2.3499999999999965,2026-09-08T14:00:00Z,2026-08-25T15:00:00Z,same_contract_descriptive
HOUSENV4-26-D,HOUSENV4,HOUSENV4-26,Will a Democrat win the House race for NV-4?,Steven Horsford,,active,US_2026_general_election,28,usable,usable,0.925,0.895,3.0000000000000027,2026-09-08T14:00:00Z,2026-08-11T15:00:00Z,same_contract_descriptive
HOUSENY17-26-R,HOUSENY17,HOUSENY17-26,Will Republican win the House race for NY-17?,Mike Lawler,,active,US_2026_general_election,7,usable,usable,0.395,0.31,8.500000000000002,2026-09-08T15:00:00Z,2026-09-01T02:00:00Z,same_contract_descriptive
HOUSENY17-26-R,HOUSENY17,HOUSENY17-26,Will Republican win the House race for NY-17?,Mike Lawler,,active,US_2026_general_election,14,usable,usable,0.395,0.365,3.0000000000000027,2026-09-08T15:00:00Z,2026-08-25T15:00:00Z,same_contract_descriptive
HOUSENY17-26-R,HOUSENY17,HOUSENY17-26,Will Republican win the House race for NY-17?,Mike Lawler,,active,US_2026_general_election,28,usable,usable,0.395,0.345,5.000000000000004,2026-09-08T15:00:00Z,2026-08-11T15:00:00Z,same_contract_descriptive
HOUSENY17-26-D,HOUSENY17,HOUSENY17-26,Will Democratic win the House race for NY-17?,Cait Conley,,active,US_2026_general_election,7,usable,usable,0.615,0.705,-8.999999999999996,2026-09-08T15:00:00Z,2026-09-01T15:00:00Z,same_contract_descriptive
HOUSENY17-26-D,HOUSENY17,HOUSENY17-26,Will Democratic win the House race for NY-17?,Cait Conley,,active,US_2026_general_election,14,usable,usable,0.615,0.665,-5.000000000000004,2026-09-08T15:00:00Z,2026-08-25T14:00:00Z,same_contract_descriptive
HOUSENY17-26-D,HOUSENY17,HOUSENY17-26,Will Democratic win the House race for NY-17?,Cait Conley,,active,US_2026_general_election,28,usable,usable,0.615,0.66,-4.5000000000000036,2026-09-08T15:00:00Z,2026-08-11T13:00:00Z,same_contract_descriptive
HOUSENY18-26-R,HOUSENY18,HOUSENY18-26,Will a Republican win the House race for NY-18?,Jacqueline Auringer,,active,US_2026_general_election,7,usable,usable,0.0495,0.0495,0.0,2026-09-08T15:00:00Z,2026-09-01T15:00:00Z,same_contract_descriptive
HOUSENY18-26-R,HOUSENY18,HOUSENY18-26,Will a Republican win the House race for NY-18?,Jacqueline Auringer,,active,US_2026_general_election,14,usable,usable,0.0495,0.060000000000000005,-1.0500000000000003,2026-09-08T15:00:00Z,2026-08-25T15:00:00Z,same_contract_descriptive
HOUSENY18-26-R,HOUSENY18,HOUSENY18-26,Will a Republican win the House race for NY-18?,Jacqueline Auringer,,active,US_2026_general_election,28,usable,usable,0.0495,0.15,-10.049999999999999,2026-09-08T15:00:00Z,2026-08-11T15:00:00Z,same_contract_descriptive
HOUSENY18-26-D,HOUSENY18,HOUSENY18-26,Will a Democrat win the House race for NY-18?,Pat Ryan,,active,US_2026_general_election,7,usable,usable,0.937,0.9325,0.45000000000000595,2026-09-08T15:00:00Z,2026-09-01T15:00:00Z,same_contract_descriptive
HOUSENY18-26-D,HOUSENY18,HOUSENY18-26,Will a Democrat win the House race for NY-18?,Pat Ryan,,active,US_2026_general_election,14,usable,usable,0.937,0.9405,-0.34999999999999476,2026-09-08T15:00:00Z,2026-08-25T15:00:00Z,same_contract_descriptive
HOUSENY18-26-D,HOUSENY18,HOUSENY18-26,Will a Democrat win the House race for NY-18?,Pat Ryan,,active,US_2026_general_election,28,usable,usable,0.937,0.94,-0.29999999999998916,2026-09-08T15:00:00Z,2026-08-11T15:00:00Z,same_contract_descriptive
HOUSENY19-26-R,HOUSENY19,HOUSENY19-26,Will Republican win the House race for NY-19?,Peter Oberacker,,active,US_2026_general_election,7,usable,usable,0.075,0.1015,-2.650000000000001,2026-09-07T22:00:00Z,2026-09-01T13:00:00Z,same_contract_descriptive
HOUSENY19-26-R,HOUSENY19,HOUSENY19-26,Will Republican win the House race for NY-19?,Peter Oberacker,,active,US_2026_general_election,14,usable,usable,0.075,0.0565,1.8499999999999996,2026-09-07T22:00:00Z,2026-08-25T13:00:00Z,same_contract_descriptive
HOUSENY19-26-R,HOUSENY19,HOUSENY19-26,Will Republican win the House race for NY-19?,Peter Oberacker,,active,US_2026_general_election,28,usable,usable,0.075,0.116,-4.1000000000000005,2026-09-07T22:00:00Z,2026-08-11T13:00:00Z,same_contract_descriptive
HOUSENY19-26-D,HOUSENY19,HOUSENY19-26,Will Democratic win the House race for NY-19?,Josh Riley,,active,US_2026_general_election,7,usable,usable,0.9299999999999999,0.89,3.9999999999999925,2026-09-08T10:00:00Z,2026-09-01T14:00:00Z,same_contract_descriptive
HOUSENY19-26-D,HOUSENY19,HOUSENY19-26,Will Democratic win the House race for NY-19?,Josh Riley,,active,US_2026_general_election,14,usable,usable,0.9299999999999999,0.895,3.499999999999992,2026-09-08T10:00:00Z,2026-08-25T13:00:00Z,same_contract_descriptive
HOUSENY19-26-D,HOUSENY19,HOUSENY19-26,Will Democratic win the House race for NY-19?,Josh Riley,,active,US_2026_general_election,28,usable,usable,0.9299999999999999,0.895,3.499999999999992,2026-09-08T10:00:00Z,2026-08-10T21:00:00Z,same_contract_descriptive
HOUSENY22-26-R,HOUSENY22,HOUSENY22-26,Will a Republican win the House race for NY-22?,Kailee Buller,,active,US_2026_general_election,7,usable,usable,0.0505,0.0585,-0.8,2026-09-08T15:00:00Z,2026-09-01T15:00:00Z,same_contract_descriptive
HOUSENY22-26-R,HOUSENY22,HOUSENY22-26,Will a Republican win the House race for NY-22?,Kailee Buller,,active,US_2026_general_election,14,usable,usable,0.0505,0.0645,-1.4,2026-09-08T15:00:00Z,2026-08-25T15:00:00Z,same_contract_descriptive
HOUSENY22-26-R,HOUSENY22,HOUSENY22-26,Will a Republican win the House race for NY-22?,Kailee Buller,,active,US_2026_general_election,28,usable,usable,0.0505,0.16999999999999998,-11.949999999999998,2026-09-08T15:00:00Z,2026-08-11T15:00:00Z,same_contract_descriptive
HOUSENY22-26-D,HOUSENY22,HOUSENY22-26,Will a Democrat win the House race for NY-22?,John Mannion,,active,US_2026_general_election,7,usable,usable,0.9504999999999999,0.9305,1.9999999999999907,2026-09-08T14:00:00Z,2026-09-01T12:00:00Z,same_contract_descriptive
HOUSENY22-26-D,HOUSENY22,HOUSENY22-26,Will a Democrat win the House race for NY-22?,John Mannion,,active,US_2026_general_election,14,usable,usable,0.9504999999999999,0.937,1.3499999999999845,2026-09-08T14:00:00Z,2026-08-25T13:00:00Z,same_contract_descriptive
HOUSENY22-26-D,HOUSENY22,HOUSENY22-26,Will a Democrat win the House race for NY-22?,John Mannion,,active,US_2026_general_election,28,usable,usable,0.9504999999999999,0.9165,3.399999999999992,2026-09-08T14:00:00Z,2026-08-11T13:00:00Z,same_contract_descriptive
HOUSENY3-26-R,HOUSENY3,HOUSENY3-26,Will a Republican win the House race for NY-3?,Mike LiPetri,,active,US_2026_general_election,7,usable,usable,0.056,0.0805,-2.45,2026-09-08T15:00:00Z,2026-09-01T15:00:00Z,same_contract_descriptive
HOUSENY3-26-R,HOUSENY3,HOUSENY3-26,Will a Republican win the House race for NY-3?,Mike LiPetri,,active,US_2026_general_election,14,usable,usable,0.056,0.07150000000000001,-1.5500000000000007,2026-09-08T15:00:00Z,2026-08-25T15:00:00Z,same_contract_descriptive
HOUSENY3-26-R,HOUSENY3,HOUSENY3-26,Will a Republican win the House race for NY-3?,Mike LiPetri,,active,US_2026_general_election,28,usable,usable,0.056,0.165,-10.900000000000002,2026-09-08T15:00:00Z,2026-08-11T15:00:00Z,same_contract_descriptive
HOUSENY3-26-D,HOUSENY3,HOUSENY3-26,Will a Democrat win the House race for NY-3?,Tom Suozzi,,active,US_2026_general_election,7,usable,stale_observation,0.91,,,2026-09-08T14:00:00Z,2026-08-30T08:00:00Z,not_comparable
HOUSENY3-26-D,HOUSENY3,HOUSENY3-26,Will a Democrat win the House race for NY-3?,Tom Suozzi,,active,US_2026_general_election,14,usable,usable,0.91,0.905,0.5000000000000004,2026-09-08T14:00:00Z,2026-08-25T07:00:00Z,same_contract_descriptive
HOUSENY3-26-D,HOUSENY3,HOUSENY3-26,Will a Democrat win the House race for NY-3?,Tom Suozzi,,active,US_2026_general_election,28,usable,usable,0.91,0.865,4.5000000000000036,2026-09-08T14:00:00Z,2026-08-11T14:00:00Z,same_contract_descriptive
HOUSENY4-26-R,HOUSENY4,HOUSENY4-26,Will Republican win the House race for NY-4?,Jeanine Driscoll,,active,US_2026_general_election,7,usable,usable,0.0985,0.1285,-3.0,2026-09-08T14:00:00Z,2026-09-01T15:00:00Z,same_contract_descriptive
HOUSENY4-26-R,HOUSENY4,HOUSENY4-26,Will Republican win the House race for NY-4?,Jeanine Driscoll,,active,US_2026_general_election,14,usable,usable,0.0985,0.0805,1.8000000000000003,2026-09-08T14:00:00Z,2026-08-25T13:00:00Z,same_contract_descriptive
HOUSENY4-26-R,HOUSENY4,HOUSENY4-26,Will Republican win the House race for NY-4?,Jeanine Driscoll,,active,US_2026_general_election,28,usable,usable,0.0985,0.12,-2.149999999999999,2026-09-08T14:00:00Z,2026-08-11T15:00:00Z,same_contract_descriptive
HOUSENY4-26-D,HOUSENY4,HOUSENY4-26,Will Democratic win the House race for NY-4?,Laura Gillen,,active,US_2026_general_election,7,usable,usable,0.88,0.8665,1.3499999999999956,2026-09-08T15:00:00Z,2026-09-01T15:00:00Z,same_contract_descriptive
HOUSENY4-26-D,HOUSENY4,HOUSENY4-26,Will Democratic win the House race for NY-4?,Laura Gillen,,active,US_2026_general_election,14,usable,usable,0.88,0.9195,-3.949999999999998,2026-09-08T15:00:00Z,2026-08-25T15:00:00Z,same_contract_descriptive
HOUSENY4-26-D,HOUSENY4,HOUSENY4-26,Will Democratic win the House race for NY-4?,Laura Gillen,,active,US_2026_general_election,28,usable,usable,0.88,0.8899999999999999,-0.9999999999999898,2026-09-08T15:00:00Z,2026-08-11T15:00:00Z,same_contract_descriptive
HOUSEOH1-26-R,HOUSEOH1,HOUSEOH1-26,Will a Republican win the House race for OH-1?,Eric Conroy,,active,US_2026_general_election,7,usable,usable,0.14,0.15,-0.9999999999999981,2026-09-08T15:00:00Z,2026-09-01T15:00:00Z,same_contract_descriptive
HOUSEOH1-26-R,HOUSEOH1,HOUSEOH1-26,Will a Republican win the House race for OH-1?,Eric Conroy,,active,US_2026_general_election,14,usable,usable,0.14,0.08700000000000001,5.300000000000001,2026-09-08T15:00:00Z,2026-08-25T14:00:00Z,same_contract_descriptive
HOUSEOH1-26-R,HOUSEOH1,HOUSEOH1-26,Will a Republican win the House race for OH-1?,Eric Conroy,,active,US_2026_general_election,28,usable,usable,0.14,0.094,4.600000000000001,2026-09-08T15:00:00Z,2026-08-11T14:00:00Z,same_contract_descriptive
HOUSEOH1-26-D,HOUSEOH1,HOUSEOH1-26,Will a Democrat win the House race for OH-1?,Greg Landsman,,active,US_2026_general_election,7,usable,usable,0.855,0.85,0.5000000000000004,2026-09-08T15:00:00Z,2026-09-01T15:00:00Z,same_contract_descriptive
HOUSEOH1-26-D,HOUSEOH1,HOUSEOH1-26,Will a Democrat win the House race for OH-1?,Greg Landsman,,active,US_2026_general_election,14,usable,usable,0.855,0.745,10.999999999999998,2026-09-08T15:00:00Z,2026-08-25T12:00:00Z,same_contract_descriptive
HOUSEOH1-26-D,HOUSEOH1,HOUSEOH1-26,Will a Democrat win the House race for OH-1?,Greg Landsman,,active,US_2026_general_election,28,usable,usable,0.855,0.815,4.0000000000000036,2026-09-08T15:00:00Z,2026-08-11T15:00:00Z,same_contract_descriptive
HOUSEOH13-26-R,HOUSEOH13,HOUSEOH13-26,Will Republican win the House race for OH-13?,Carey Coleman,,active,US_2026_general_election,7,usable,usable,0.0635,0.055499999999999994,0.8000000000000007,2026-09-08T14:00:00Z,2026-09-01T15:00:00Z,same_contract_descriptive
HOUSEOH13-26-R,HOUSEOH13,HOUSEOH13-26,Will Republican win the House race for OH-13?,Carey Coleman,,active,US_2026_general_election,14,usable,usable,0.0635,0.065,-0.15000000000000013,2026-09-08T14:00:00Z,2026-08-25T07:00:00Z,same_contract_descriptive
HOUSEOH13-26-R,HOUSEOH13,HOUSEOH13-26,Will Republican win the House race for OH-13?,Carey Coleman,,active,US_2026_general_election,28,usable,usable,0.0635,0.065,-0.15000000000000013,2026-09-08T14:00:00Z,2026-08-10T22:00:00Z,same_contract_descriptive
HOUSEOH13-26-D,HOUSEOH13,HOUSEOH13-26,Will Democratic win the House race for OH-13?,Emilia Sykes,,active,US_2026_general_election,7,usable,usable,0.9365,0.9385,-0.20000000000000018,2026-09-08T14:00:00Z,2026-09-01T12:00:00Z,same_contract_descriptive
HOUSEOH13-26-D,HOUSEOH13,HOUSEOH13-26,Will Democratic win the House race for OH-13?,Emilia Sykes,,active,US_2026_general_election,14,usable,usable,0.9365,0.9305,0.6000000000000005,2026-09-08T14:00:00Z,2026-08-24T17:00:00Z,same_contract_descriptive
HOUSEOH13-26-D,HOUSEOH13,HOUSEOH13-26,Will Democratic win the House race for OH-13?,Emilia Sykes,,active,US_2026_general_election,28,usable,usable,0.9365,0.9315,0.5000000000000004,2026-09-08T14:00:00Z,2026-08-11T02:00:00Z,same_contract_descriptive
HOUSEOH9-26-R,HOUSEOH9,HOUSEOH9-26,Will Republican win the House race for OH-9?,Derek Merrin,,active,US_2026_general_election,7,usable,usable,0.365,0.33999999999999997,2.500000000000002,2026-09-08T15:00:00Z,2026-09-01T15:00:00Z,same_contract_descriptive
HOUSEOH9-26-R,HOUSEOH9,HOUSEOH9-26,Will Republican win the House race for OH-9?,Derek Merrin,,active,US_2026_general_election,14,usable,usable,0.365,0.28,8.499999999999996,2026-09-08T15:00:00Z,2026-08-25T15:00:00Z,same_contract_descriptive
HOUSEOH9-26-R,HOUSEOH9,HOUSEOH9-26,Will Republican win the House race for OH-9?,Derek Merrin,,active,US_2026_general_election,28,usable,usable,0.365,0.28500000000000003,7.9999999999999964,2026-09-08T15:00:00Z,2026-08-11T13:00:00Z,same_contract_descriptive
HOUSEOH9-26-D,HOUSEOH9,HOUSEOH9-26,Will Democratic win the House race for OH-9?,Marcy Kaptur,,active,US_2026_general_election,7,usable,usable,0.625,0.665,-4.0000000000000036,2026-09-08T15:00:00Z,2026-09-01T15:00:00Z,same_contract_descriptive
HOUSEOH9-26-D,HOUSEOH9,HOUSEOH9-26,Will Democratic win the House race for OH-9?,Marcy Kaptur,,active,US_2026_general_election,14,usable,usable,0.625,0.735,-10.999999999999998,2026-09-08T15:00:00Z,2026-08-25T15:00:00Z,same_contract_descriptive
HOUSEOH9-26-D,HOUSEOH9,HOUSEOH9-26,Will Democratic win the House race for OH-9?,Marcy Kaptur,,active,US_2026_general_election,28,usable,usable,0.625,0.8175,-19.25,2026-09-08T15:00:00Z,2026-08-11T15:00:00Z,same_contract_descriptive
HOUSEOR5-26-R,HOUSEOR5,HOUSEOR5-26,Will Republican win the House race for OR-5?,Patti Adair,,active,US_2026_general_election,7,usable,usable,0.0345,0.0945,-6.0,2026-09-08T15:00:00Z,2026-09-01T12:00:00Z,same_contract_descriptive
HOUSEOR5-26-R,HOUSEOR5,HOUSEOR5-26,Will Republican win the House race for OR-5?,Patti Adair,,active,US_2026_general_election,14,usable,usable,0.0345,0.0475,-1.2999999999999998,2026-09-08T15:00:00Z,2026-08-25T15:00:00Z,same_contract_descriptive
HOUSEOR5-26-R,HOUSEOR5,HOUSEOR5-26,Will Republican win the House race for OR-5?,Patti Adair,,active,US_2026_general_election,28,usable,usable,0.0345,0.11499999999999999,-8.049999999999999,2026-09-08T15:00:00Z,2026-08-11T15:00:00Z,same_contract_descriptive
HOUSEOR5-26-D,HOUSEOR5,HOUSEOR5-26,Will Democratic win the House race for OR-5?,Janelle Bynum,,active,US_2026_general_election,7,usable,usable,0.9275,0.905,2.2499999999999964,2026-09-08T15:00:00Z,2026-09-01T12:00:00Z,same_contract_descriptive
HOUSEOR5-26-D,HOUSEOR5,HOUSEOR5-26,Will Democratic win the House race for OR-5?,Janelle Bynum,,active,US_2026_general_election,14,usable,usable,0.9275,0.9470000000000001,-1.9500000000000073,2026-09-08T15:00:00Z,2026-08-25T13:00:00Z,same_contract_descriptive
HOUSEOR5-26-D,HOUSEOR5,HOUSEOR5-26,Will Democratic win the House race for OR-5?,Janelle Bynum,,active,US_2026_general_election,28,usable,usable,0.9275,0.9195,0.8000000000000007,2026-09-08T15:00:00Z,2026-08-11T15:00:00Z,same_contract_descriptive
HOUSEPA1-26-R,HOUSEPA1,HOUSEPA1-26,Will Republican win the House race for PA-1?,Brian Fitzpatrick,,active,US_2026_general_election,7,usable,usable,0.565,0.54,2.499999999999991,2026-09-08T14:00:00Z,2026-09-01T15:00:00Z,same_contract_descriptive
HOUSEPA1-26-R,HOUSEPA1,HOUSEPA1-26,Will Republican win the House race for PA-1?,Brian Fitzpatrick,,active,US_2026_general_election,14,usable,usable,0.565,0.51,5.499999999999994,2026-09-08T14:00:00Z,2026-08-25T15:00:00Z,same_contract_descriptive
HOUSEPA1-26-R,HOUSEPA1,HOUSEPA1-26,Will Republican win the House race for PA-1?,Brian Fitzpatrick,,active,US_2026_general_election,28,usable,usable,0.565,0.5700000000000001,-0.5000000000000115,2026-09-08T14:00:00Z,2026-08-11T15:00:00Z,same_contract_descriptive
HOUSEPA1-26-D,HOUSEPA1,HOUSEPA1-26,Will Democratic win the House race for PA-1?,Bob Harvie,,active,US_2026_general_election,7,usable,usable,0.455,0.485,-2.9999999999999973,2026-09-08T15:00:00Z,2026-09-01T15:00:00Z,same_contract_descriptive
HOUSEPA1-26-D,HOUSEPA1,HOUSEPA1-26,Will Democratic win the House race for PA-1?,Bob Harvie,,active,US_2026_general_election,14,usable,usable,0.455,0.495,-3.9999999999999982,2026-09-08T15:00:00Z,2026-08-25T15:00:00Z,same_contract_descriptive
HOUSEPA1-26-D,HOUSEPA1,HOUSEPA1-26,Will Democratic win the House race for PA-1?,Bob Harvie,,active,US_2026_general_election,28,usable,usable,0.455,0.4,5.499999999999999,2026-09-08T15:00:00Z,2026-08-11T15:00:00Z,same_contract_descriptive
HOUSEPA10-26-R,HOUSEPA10,HOUSEPA10-26,Will Republican win the House race for PA-10?,Scott Perry,,active,US_2026_general_election,7,usable,usable,0.24,0.23,0.9999999999999981,2026-09-08T15:00:00Z,2026-09-01T15:00:00Z,same_contract_descriptive
HOUSEPA10-26-R,HOUSEPA10,HOUSEPA10-26,Will Republican win the House race for PA-10?,Scott Perry,,active,US_2026_general_election,14,usable,usable,0.24,0.22500000000000003,1.4999999999999958,2026-09-08T15:00:00Z,2026-08-25T14:00:00Z,same_contract_descriptive
HOUSEPA10-26-R,HOUSEPA10,HOUSEPA10-26,Will Republican win the House race for PA-10?,Scott Perry,,active,US_2026_general_election,28,usable,usable,0.24,0.25,-1.0000000000000009,2026-09-08T15:00:00Z,2026-08-11T15:00:00Z,same_contract_descriptive
HOUSEPA10-26-D,HOUSEPA10,HOUSEPA10-26,Will Democratic win the House race for PA-10?,Janelle Stelson,,active,US_2026_general_election,7,usable,usable,0.76,0.785,-2.500000000000002,2026-09-08T15:00:00Z,2026-09-01T15:00:00Z,same_contract_descriptive
HOUSEPA10-26-D,HOUSEPA10,HOUSEPA10-26,Will Democratic win the House race for PA-10?,Janelle Stelson,,active,US_2026_general_election,14,usable,usable,0.76,0.7749999999999999,-1.4999999999999902,2026-09-08T15:00:00Z,2026-08-25T11:00:00Z,same_contract_descriptive
HOUSEPA10-26-D,HOUSEPA10,HOUSEPA10-26,Will Democratic win the House race for PA-10?,Janelle Stelson,,active,US_2026_general_election,28,usable,usable,0.76,0.79,-3.0000000000000027,2026-09-08T15:00:00Z,2026-08-11T15:00:00Z,same_contract_descriptive
HOUSEPA17-26-R,HOUSEPA17,HOUSEPA17-26,Will Republican win the House race for PA-17?,Tony Guy,,active,US_2026_general_election,7,usable,usable,0.052500000000000005,0.058499999999999996,-0.5999999999999992,2026-09-08T15:00:00Z,2026-09-01T15:00:00Z,same_contract_descriptive
HOUSEPA17-26-R,HOUSEPA17,HOUSEPA17-26,Will Republican win the House race for PA-17?,Tony Guy,,active,US_2026_general_election,14,usable,usable,0.052500000000000005,0.0565,-0.3999999999999997,2026-09-08T15:00:00Z,2026-08-25T15:00:00Z,same_contract_descriptive
HOUSEPA17-26-R,HOUSEPA17,HOUSEPA17-26,Will Republican win the House race for PA-17?,Tony Guy,,active,US_2026_general_election,28,usable,usable,0.052500000000000005,0.12,-6.749999999999999,2026-09-08T15:00:00Z,2026-08-11T15:00:00Z,same_contract_descriptive
HOUSEPA17-26-D,HOUSEPA17,HOUSEPA17-26,Will Democratic win the House race for PA-17?,Chris Deluzio,,active,US_2026_general_election,7,usable,usable,0.9255,0.91,1.5499999999999958,2026-09-08T14:00:00Z,2026-09-01T12:00:00Z,same_contract_descriptive
HOUSEPA17-26-D,HOUSEPA17,HOUSEPA17-26,Will Democratic win the House race for PA-17?,Chris Deluzio,,active,US_2026_general_election,14,usable,usable,0.9255,0.9185000000000001,0.6999999999999895,2026-09-08T14:00:00Z,2026-08-25T15:00:00Z,same_contract_descriptive
HOUSEPA17-26-D,HOUSEPA17,HOUSEPA17-26,Will Democratic win the House race for PA-17?,Chris Deluzio,,active,US_2026_general_election,28,usable,usable,0.9255,0.9155,1.0000000000000009,2026-09-08T14:00:00Z,2026-08-11T15:00:00Z,same_contract_descriptive
HOUSEPA7-26-R,HOUSEPA7,HOUSEPA7-26,Will Republican win the House race for PA-7?,Ryan Mackenzie,,active,US_2026_general_election,7,usable,usable,0.21000000000000002,0.21500000000000002,-0.5000000000000004,2026-09-08T14:00:00Z,2026-09-01T15:00:00Z,same_contract_descriptive
HOUSEPA7-26-R,HOUSEPA7,HOUSEPA7-26,Will Republican win the House race for PA-7?,Ryan Mackenzie,,active,US_2026_general_election,14,usable,usable,0.21000000000000002,0.265,-5.499999999999999,2026-09-08T14:00:00Z,2026-08-25T15:00:00Z,same_contract_descriptive
HOUSEPA7-26-R,HOUSEPA7,HOUSEPA7-26,Will Republican win the House race for PA-7?,Ryan Mackenzie,,active,US_2026_general_election,28,usable,usable,0.21000000000000002,0.245,-3.4999999999999973,2026-09-08T14:00:00Z,2026-08-11T15:00:00Z,same_contract_descriptive
HOUSEPA7-26-D,HOUSEPA7,HOUSEPA7-26,Will Democratic win the House race for PA-7?,Bob Brooks,,active,US_2026_general_election,7,usable,usable,0.805,0.78,2.500000000000002,2026-09-08T15:00:00Z,2026-09-01T15:00:00Z,same_contract_descriptive
HOUSEPA7-26-D,HOUSEPA7,HOUSEPA7-26,Will Democratic win the House race for PA-7?,Bob Brooks,,active,US_2026_general_election,14,usable,usable,0.805,0.74,6.500000000000005,2026-09-08T15:00:00Z,2026-08-25T15:00:00Z,same_contract_descriptive
HOUSEPA7-26-D,HOUSEPA7,HOUSEPA7-26,Will Democratic win the House race for PA-7?,Bob Brooks,,active,US_2026_general_election,28,usable,usable,0.805,0.71,9.500000000000009,2026-09-08T15:00:00Z,2026-08-11T13:00:00Z,same_contract_descriptive
HOUSEPA8-26-R,HOUSEPA8,HOUSEPA8-26,Will Republican win the House race for PA-8?,Rob Bresnahan,,active,US_2026_general_election,7,usable,usable,0.345,0.32999999999999996,1.5000000000000013,2026-09-08T00:00:00Z,2026-09-01T15:00:00Z,same_contract_descriptive
HOUSEPA8-26-R,HOUSEPA8,HOUSEPA8-26,Will Republican win the House race for PA-8?,Rob Bresnahan,,active,US_2026_general_election,14,usable,usable,0.345,0.29500000000000004,4.999999999999993,2026-09-08T00:00:00Z,2026-08-25T15:00:00Z,same_contract_descriptive
HOUSEPA8-26-R,HOUSEPA8,HOUSEPA8-26,Will Republican win the House race for PA-8?,Rob Bresnahan,,active,US_2026_general_election,28,usable,usable,0.345,0.36,-1.5000000000000013,2026-09-08T00:00:00Z,2026-08-11T14:00:00Z,same_contract_descriptive
HOUSEPA8-26-D,HOUSEPA8,HOUSEPA8-26,Will Democratic win the House race for PA-8?,Paige Cognetti,,active,US_2026_general_election,7,usable,usable,0.645,0.66,-1.5000000000000013,2026-09-08T14:00:00Z,2026-09-01T13:00:00Z,same_contract_descriptive
HOUSEPA8-26-D,HOUSEPA8,HOUSEPA8-26,Will Democratic win the House race for PA-8?,Paige Cognetti,,active,US_2026_general_election,14,usable,usable,0.645,0.645,0.0,2026-09-08T14:00:00Z,2026-08-25T14:00:00Z,same_contract_descriptive
HOUSEPA8-26-D,HOUSEPA8,HOUSEPA8-26,Will Democratic win the House race for PA-8?,Paige Cognetti,,active,US_2026_general_election,28,usable,usable,0.645,0.675,-3.0000000000000027,2026-09-08T14:00:00Z,2026-08-11T15:00:00Z,same_contract_descriptive
HOUSETX15-26-R,HOUSETX15,HOUSETX15-26,Will Republican win the House race for TX-15?,Monica De La Cruz,,active,US_2026_general_election,7,usable,usable,0.445,0.485,-3.9999999999999982,2026-09-08T15:00:00Z,2026-09-01T14:00:00Z,same_contract_descriptive
HOUSETX15-26-R,HOUSETX15,HOUSETX15-26,Will Republican win the House race for TX-15?,Monica De La Cruz,,active,US_2026_general_election,14,usable,usable,0.445,0.475,-2.9999999999999973,2026-09-08T15:00:00Z,2026-08-25T15:00:00Z,same_contract_descriptive
HOUSETX15-26-R,HOUSETX15,HOUSETX15-26,Will Republican win the House race for TX-15?,Monica De La Cruz,,active,US_2026_general_election,28,usable,usable,0.445,0.38,6.5,2026-09-08T15:00:00Z,2026-08-11T15:00:00Z,same_contract_descriptive
HOUSETX15-26-D,HOUSETX15,HOUSETX15-26,Will Democratic win the House race for TX-15?,Bobby Pulido,,active,US_2026_general_election,7,usable,usable,0.545,0.555,-1.0000000000000009,2026-09-08T15:00:00Z,2026-09-01T14:00:00Z,same_contract_descriptive
HOUSETX15-26-D,HOUSETX15,HOUSETX15-26,Will Democratic win the House race for TX-15?,Bobby Pulido,,active,US_2026_general_election,14,usable,usable,0.545,0.535,1.0000000000000009,2026-09-08T15:00:00Z,2026-08-25T15:00:00Z,same_contract_descriptive
HOUSETX15-26-D,HOUSETX15,HOUSETX15-26,Will Democratic win the House race for TX-15?,Bobby Pulido,,active,US_2026_general_election,28,usable,usable,0.545,0.635,-8.999999999999996,2026-09-08T15:00:00Z,2026-08-11T15:00:00Z,same_contract_descriptive
HOUSETX28-26-R,HOUSETX28,HOUSETX28-26,Will Republican win the House race for TX-28?,Tano Tijerina,,active,US_2026_general_election,7,usable,usable,0.165,0.175,-0.9999999999999981,2026-09-08T14:00:00Z,2026-09-01T15:00:00Z,same_contract_descriptive
HOUSETX28-26-R,HOUSETX28,HOUSETX28-26,Will Republican win the House race for TX-28?,Tano Tijerina,,active,US_2026_general_election,14,usable,usable,0.165,0.185,-1.9999999999999991,2026-09-08T14:00:00Z,2026-08-25T07:00:00Z,same_contract_descriptive
HOUSETX28-26-R,HOUSETX28,HOUSETX28-26,Will Republican win the House race for TX-28?,Tano Tijerina,,active,US_2026_general_election,28,usable,usable,0.165,0.14500000000000002,1.9999999999999991,2026-09-08T14:00:00Z,2026-08-11T03:00:00Z,same_contract_descriptive
HOUSETX28-26-D,HOUSETX28,HOUSETX28-26,Will Democratic win the House race for TX-28?,Henry Cuellar,,active,US_2026_general_election,7,usable,usable,0.835,0.815,2.0000000000000018,2026-09-08T14:00:00Z,2026-09-01T15:00:00Z,same_contract_descriptive
HOUSETX28-26-D,HOUSETX28,HOUSETX28-26,Will Democratic win the House race for TX-28?,Henry Cuellar,,active,US_2026_general_election,14,usable,usable,0.835,0.815,2.0000000000000018,2026-09-08T14:00:00Z,2026-08-25T07:00:00Z,same_contract_descriptive
HOUSETX28-26-D,HOUSETX28,HOUSETX28-26,Will Democratic win the House race for TX-28?,Henry Cuellar,,active,US_2026_general_election,28,usable,usable,0.835,0.86,-2.500000000000002,2026-09-08T14:00:00Z,2026-08-11T13:00:00Z,same_contract_descriptive
HOUSETX34-26-R,HOUSETX34,HOUSETX34-26,Will Republican win the House race for TX-34?,Eric Flores,,active,US_2026_general_election,7,stale_observation,usable,,0.27,,2026-09-06T22:00:00Z,2026-09-01T15:00:00Z,not_comparable
HOUSETX34-26-R,HOUSETX34,HOUSETX34-26,Will Republican win the House race for TX-34?,Eric Flores,,active,US_2026_general_election,14,stale_observation,usable,,0.245,,2026-09-06T22:00:00Z,2026-08-25T13:00:00Z,not_comparable
HOUSETX34-26-R,HOUSETX34,HOUSETX34-26,Will Republican win the House race for TX-34?,Eric Flores,,active,US_2026_general_election,28,stale_observation,stale_observation,,,,2026-09-06T22:00:00Z,2026-08-08T22:00:00Z,not_comparable
HOUSETX34-26-D,HOUSETX34,HOUSETX34-26,Will Democratic win the House race for TX-34?,Vicente Gonzalez,,active,US_2026_general_election,7,usable,usable,0.745,0.745,0.0,2026-09-08T10:00:00Z,2026-09-01T14:00:00Z,same_contract_descriptive
HOUSETX34-26-D,HOUSETX34,HOUSETX34-26,Will Democratic win the House race for TX-34?,Vicente Gonzalez,,active,US_2026_general_election,14,usable,usable,0.745,0.75,-0.5000000000000004,2026-09-08T10:00:00Z,2026-08-25T02:00:00Z,same_contract_descriptive
HOUSETX34-26-D,HOUSETX34,HOUSETX34-26,Will Democratic win the House race for TX-34?,Vicente Gonzalez,,active,US_2026_general_election,28,usable,stale_observation,0.745,,,2026-09-08T10:00:00Z,2026-08-10T02:00:00Z,not_comparable
HOUSEVA1-26-R,HOUSEVA1,HOUSEVA1-26,Will Republican win the House race for VA-1?,Rob Wittman,,active,US_2026_general_election,7,usable,usable,0.545,0.44999999999999996,9.500000000000009,2026-09-08T15:00:00Z,2026-09-01T15:00:00Z,same_contract_descriptive
HOUSEVA1-26-R,HOUSEVA1,HOUSEVA1-26,Will Republican win the House race for VA-1?,Rob Wittman,,active,US_2026_general_election,14,usable,usable,0.545,0.505,4.0000000000000036,2026-09-08T15:00:00Z,2026-08-25T14:00:00Z,same_contract_descriptive
HOUSEVA1-26-R,HOUSEVA1,HOUSEVA1-26,Will Republican win the House race for VA-1?,Rob Wittman,,active,US_2026_general_election,28,usable,usable,0.545,0.505,4.0000000000000036,2026-09-08T15:00:00Z,2026-08-11T15:00:00Z,same_contract_descriptive
HOUSEVA1-26-D,HOUSEVA1,HOUSEVA1-26,Will Democratic win the House race for VA-1?,Shannon Taylor,,active,US_2026_general_election,7,usable,usable,0.44,0.535,-9.500000000000004,2026-09-08T15:00:00Z,2026-09-01T15:00:00Z,same_contract_descriptive
HOUSEVA1-26-D,HOUSEVA1,HOUSEVA1-26,Will Democratic win the House race for VA-1?,Shannon Taylor,,active,US_2026_general_election,14,usable,usable,0.44,0.5,-6.0,2026-09-08T15:00:00Z,2026-08-25T10:00:00Z,same_contract_descriptive
HOUSEVA1-26-D,HOUSEVA1,HOUSEVA1-26,Will Democratic win the House race for VA-1?,Shannon Taylor,,active,US_2026_general_election,28,usable,usable,0.44,0.49,-4.999999999999999,2026-09-08T15:00:00Z,2026-08-11T15:00:00Z,same_contract_descriptive
HOUSEVA2-26-R,HOUSEVA2,HOUSEVA2-26,Will Republican win the House race for VA-2?,Jen Kiggans,,active,US_2026_general_election,7,usable,usable,0.18,0.195,-1.5000000000000013,2026-09-08T09:00:00Z,2026-09-01T12:00:00Z,same_contract_descriptive
HOUSEVA2-26-R,HOUSEVA2,HOUSEVA2-26,Will Republican win the House race for VA-2?,Jen Kiggans,,active,US_2026_general_election,14,usable,usable,0.18,0.185,-0.5000000000000004,2026-09-08T09:00:00Z,2026-08-25T15:00:00Z,same_contract_descriptive
HOUSEVA2-26-R,HOUSEVA2,HOUSEVA2-26,Will Republican win the House race for VA-2?,Jen Kiggans,,active,US_2026_general_election,28,usable,usable,0.18,0.185,-0.5000000000000004,2026-09-08T09:00:00Z,2026-08-11T15:00:00Z,same_contract_descriptive
HOUSEVA2-26-D,HOUSEVA2,HOUSEVA2-26,Will Democratic win the House race for VA-2?,Elaine Luria,,active,US_2026_general_election,7,usable,usable,0.8049999999999999,0.8049999999999999,0.0,2026-09-08T15:00:00Z,2026-09-01T12:00:00Z,same_contract_descriptive
HOUSEVA2-26-D,HOUSEVA2,HOUSEVA2-26,Will Democratic win the House race for VA-2?,Elaine Luria,,active,US_2026_general_election,14,usable,usable,0.8049999999999999,0.81,-0.5000000000000115,2026-09-08T15:00:00Z,2026-08-25T11:00:00Z,same_contract_descriptive
HOUSEVA2-26-D,HOUSEVA2,HOUSEVA2-26,Will Democratic win the House race for VA-2?,Elaine Luria,,active,US_2026_general_election,28,usable,usable,0.8049999999999999,0.8049999999999999,0.0,2026-09-08T15:00:00Z,2026-08-11T15:00:00Z,same_contract_descriptive
HOUSEVA7-26-R,HOUSEVA7,HOUSEVA7-26,Will Republican win the House race for VA-7?,Doug Ollivant,,active,US_2026_general_election,7,usable,usable,0.075,0.08,-0.5000000000000004,2026-09-08T14:00:00Z,2026-09-01T12:00:00Z,same_contract_descriptive
HOUSEVA7-26-R,HOUSEVA7,HOUSEVA7-26,Will Republican win the House race for VA-7?,Doug Ollivant,,active,US_2026_general_election,14,usable,usable,0.075,0.075,0.0,2026-09-08T14:00:00Z,2026-08-25T07:00:00Z,same_contract_descriptive
HOUSEVA7-26-R,HOUSEVA7,HOUSEVA7-26,Will Republican win the House race for VA-7?,Doug Ollivant,,active,US_2026_general_election,28,usable,usable,0.075,0.131,-5.6000000000000005,2026-09-08T14:00:00Z,2026-08-11T15:00:00Z,same_contract_descriptive
HOUSEVA7-26-D,HOUSEVA7,HOUSEVA7-26,Will Democratic win the House race for VA-07?,Eugene Vindman,,active,US_2026_general_election,7,usable,usable,0.9355,0.9225,1.3000000000000012,2026-09-08T15:00:00Z,2026-09-01T12:00:00Z,same_contract_descriptive
HOUSEVA7-26-D,HOUSEVA7,HOUSEVA7-26,Will Democratic win the House race for VA-07?,Eugene Vindman,,active,US_2026_general_election,14,usable,usable,0.9355,0.9279999999999999,0.7500000000000062,2026-09-08T15:00:00Z,2026-08-25T09:00:00Z,same_contract_descriptive
HOUSEVA7-26-D,HOUSEVA7,HOUSEVA7-26,Will Democratic win the House race for VA-07?,Eugene Vindman,,active,US_2026_general_election,28,usable,usable,0.9355,0.9195,1.6000000000000014,2026-09-08T15:00:00Z,2026-08-11T13:00:00Z,same_contract_descriptive
HOUSEWA3-26-R,HOUSEWA3,HOUSEWA3-26,Will Republican win the House race for WA-3?,John Braun,,active,US_2026_general_election,7,usable,usable,0.11499999999999999,0.0985,1.6499999999999986,2026-09-08T14:00:00Z,2026-09-01T12:00:00Z,same_contract_descriptive
HOUSEWA3-26-R,HOUSEWA3,HOUSEWA3-26,Will Republican win the House race for WA-3?,John Braun,,active,US_2026_general_election,14,usable,usable,0.11499999999999999,0.10350000000000001,1.1499999999999981,2026-09-08T14:00:00Z,2026-08-25T15:00:00Z,same_contract_descriptive
HOUSEWA3-26-R,HOUSEWA3,HOUSEWA3-26,Will Republican win the House race for WA-3?,John Braun,,active,US_2026_general_election,28,usable,usable,0.11499999999999999,0.113,0.1999999999999988,2026-09-08T14:00:00Z,2026-08-11T15:00:00Z,same_contract_descriptive
HOUSEWA3-26-D,HOUSEWA3,HOUSEWA3-26,Will Democratic win the House race for WA-3?,Marie Gluesenkamp Perez,,active,US_2026_general_election,7,usable,usable,0.885,0.897,-1.200000000000001,2026-09-08T14:00:00Z,2026-09-01T12:00:00Z,same_contract_descriptive
HOUSEWA3-26-D,HOUSEWA3,HOUSEWA3-26,Will Democratic win the House race for WA-3?,Marie Gluesenkamp Perez,,active,US_2026_general_election,14,usable,usable,0.885,0.89,-0.5000000000000004,2026-09-08T14:00:00Z,2026-08-24T18:00:00Z,same_contract_descriptive
HOUSEWA3-26-D,HOUSEWA3,HOUSEWA3-26,Will Democratic win the House race for WA-3?,Marie Gluesenkamp Perez,,active,US_2026_general_election,28,usable,usable,0.885,0.8775,0.7500000000000062,2026-09-08T14:00:00Z,2026-08-11T15:00:00Z,same_contract_descriptive
HOUSEWI1-26-R,HOUSEWI1,HOUSEWI1-26,Will Republican win the House race for WI-1?,Bryan Steil,,active,US_2026_general_election,7,usable,usable,0.69,0.6950000000000001,-0.5000000000000115,2026-09-08T15:00:00Z,2026-09-01T15:00:00Z,same_contract_descriptive
HOUSEWI1-26-R,HOUSEWI1,HOUSEWI1-26,Will Republican win the House race for WI-1?,Bryan Steil,,active,US_2026_general_election,14,usable,usable,0.69,0.685,0.49999999999998934,2026-09-08T15:00:00Z,2026-08-25T15:00:00Z,same_contract_descriptive
HOUSEWI1-26-R,HOUSEWI1,HOUSEWI1-26,Will Republican win the House race for WI-1?,Bryan Steil,,active,US_2026_general_election,28,usable,usable,0.69,0.74,-5.000000000000004,2026-09-08T15:00:00Z,2026-08-11T15:00:00Z,same_contract_descriptive
HOUSEWI1-26-D,HOUSEWI1,HOUSEWI1-26,Will Democratic win the House race for WI-1?,Mitchell Berman,,active,US_2026_general_election,7,usable,usable,0.32,0.315,0.5000000000000004,2026-09-08T15:00:00Z,2026-09-01T14:00:00Z,same_contract_descriptive
HOUSEWI1-26-D,HOUSEWI1,HOUSEWI1-26,Will Democratic win the House race for WI-1?,Mitchell Berman,,active,US_2026_general_election,14,usable,usable,0.32,0.33,-1.0000000000000009,2026-09-08T15:00:00Z,2026-08-25T15:00:00Z,same_contract_descriptive
HOUSEWI1-26-D,HOUSEWI1,HOUSEWI1-26,Will Democratic win the House race for WI-1?,Mitchell Berman,,active,US_2026_general_election,28,usable,usable,0.32,0.33,-1.0000000000000009,2026-09-08T15:00:00Z,2026-08-11T15:00:00Z,same_contract_descriptive
HOUSEWI3-26-R,HOUSEWI3,HOUSEWI3-26,Will a Republican win the House race for WI-3?,Derrick Van Orden,,active,US_2026_general_election,7,usable,usable,0.28500000000000003,0.235,5.000000000000004,2026-09-08T14:00:00Z,2026-09-01T12:00:00Z,same_contract_descriptive
HOUSEWI3-26-R,HOUSEWI3,HOUSEWI3-26,Will a Republican win the House race for WI-3?,Derrick Van Orden,,active,US_2026_general_election,14,usable,usable,0.28500000000000003,0.255,3.0000000000000027,2026-09-08T14:00:00Z,2026-08-25T15:00:00Z,same_contract_descriptive
HOUSEWI3-26-R,HOUSEWI3,HOUSEWI3-26,Will a Republican win the House race for WI-3?,Derrick Van Orden,,active,US_2026_general_election,28,usable,usable,0.28500000000000003,0.225,6.000000000000003,2026-09-08T14:00:00Z,2026-08-11T15:00:00Z,same_contract_descriptive
HOUSEWI3-26-D,HOUSEWI3,HOUSEWI3-26,Will a Democrat win the House race for WI-3?,Rebecca Cooke,,active,US_2026_general_election,7,usable,usable,0.715,0.725,-1.0000000000000009,2026-09-08T14:00:00Z,2026-08-31T16:00:00Z,same_contract_descriptive
HOUSEWI3-26-D,HOUSEWI3,HOUSEWI3-26,Will a Democrat win the House race for WI-3?,Rebecca Cooke,,active,US_2026_general_election,14,usable,usable,0.715,0.75,-3.500000000000003,2026-09-08T14:00:00Z,2026-08-25T15:00:00Z,same_contract_descriptive
HOUSEWI3-26-D,HOUSEWI3,HOUSEWI3-26,Will a Democrat win the House race for WI-3?,Rebecca Cooke,,active,US_2026_general_election,28,usable,usable,0.715,0.79,-7.500000000000007,2026-09-08T14:00:00Z,2026-08-11T15:00:00Z,same_contract_descriptive
KXBALANCEPOWERCOMBO-27FEB-RR,KXBALANCEPOWERCOMBO,KXBALANCEPOWERCOMBO-27FEB,Will House Control be Republican AND Senate Control be Republican for Feb 2027?,"R-House, R-Senate",,active,US_post_2026_organizational_control_Feb2027_not_election_win,7,usable,usable,0.155,0.155,0.0,2026-09-08T15:00:00Z,2026-09-01T15:00:00Z,same_contract_descriptive
KXBALANCEPOWERCOMBO-27FEB-RR,KXBALANCEPOWERCOMBO,KXBALANCEPOWERCOMBO-27FEB,Will House Control be Republican AND Senate Control be Republican for Feb 2027?,"R-House, R-Senate",,active,US_post_2026_organizational_control_Feb2027_not_election_win,14,usable,usable,0.155,0.155,0.0,2026-09-08T15:00:00Z,2026-08-25T15:00:00Z,same_contract_descriptive
KXBALANCEPOWERCOMBO-27FEB-RR,KXBALANCEPOWERCOMBO,KXBALANCEPOWERCOMBO-27FEB,Will House Control be Republican AND Senate Control be Republican for Feb 2027?,"R-House, R-Senate",,active,US_post_2026_organizational_control_Feb2027_not_election_win,28,usable,usable,0.155,0.14500000000000002,0.9999999999999981,2026-09-08T15:00:00Z,2026-08-11T15:00:00Z,same_contract_descriptive
KXBALANCEPOWERCOMBO-27FEB-RD,KXBALANCEPOWERCOMBO,KXBALANCEPOWERCOMBO-27FEB,Will House Control be Republican AND Senate Control be Democratic for Feb 2027?,"R-House, D-Senate",,active,US_post_2026_organizational_control_Feb2027_not_election_win,7,usable,usable,0.0165,0.0135,0.3000000000000001,2026-09-08T13:00:00Z,2026-09-01T15:00:00Z,same_contract_descriptive
KXBALANCEPOWERCOMBO-27FEB-RD,KXBALANCEPOWERCOMBO,KXBALANCEPOWERCOMBO-27FEB,Will House Control be Republican AND Senate Control be Democratic for Feb 2027?,"R-House, D-Senate",,active,US_post_2026_organizational_control_Feb2027_not_election_win,14,usable,usable,0.0165,0.0125,0.4,2026-09-08T13:00:00Z,2026-08-25T15:00:00Z,same_contract_descriptive
KXBALANCEPOWERCOMBO-27FEB-RD,KXBALANCEPOWERCOMBO,KXBALANCEPOWERCOMBO-27FEB,Will House Control be Republican AND Senate Control be Democratic for Feb 2027?,"R-House, D-Senate",,active,US_post_2026_organizational_control_Feb2027_not_election_win,28,usable,usable,0.0165,0.0125,0.4,2026-09-08T13:00:00Z,2026-08-11T11:00:00Z,same_contract_descriptive
KXBALANCEPOWERCOMBO-27FEB-DR,KXBALANCEPOWERCOMBO,KXBALANCEPOWERCOMBO-27FEB,Will House Control be Democratic AND Senate Control be Republican for Feb 2027?,"D-House, R-Senate",,active,US_post_2026_organizational_control_Feb2027_not_election_win,7,usable,usable,0.365,0.385,-2.0000000000000018,2026-09-08T15:00:00Z,2026-09-01T15:00:00Z,same_contract_descriptive
KXBALANCEPOWERCOMBO-27FEB-DR,KXBALANCEPOWERCOMBO,KXBALANCEPOWERCOMBO-27FEB,Will House Control be Democratic AND Senate Control be Republican for Feb 2027?,"D-House, R-Senate",,active,US_post_2026_organizational_control_Feb2027_not_election_win,14,usable,usable,0.365,0.385,-2.0000000000000018,2026-09-08T15:00:00Z,2026-08-25T15:00:00Z,same_contract_descriptive
KXBALANCEPOWERCOMBO-27FEB-DR,KXBALANCEPOWERCOMBO,KXBALANCEPOWERCOMBO-27FEB,Will House Control be Democratic AND Senate Control be Republican for Feb 2027?,"D-House, R-Senate",,active,US_post_2026_organizational_control_Feb2027_not_election_win,28,usable,usable,0.365,0.395,-3.0000000000000027,2026-09-08T15:00:00Z,2026-08-11T15:00:00Z,same_contract_descriptive
KXBALANCEPOWERCOMBO-27FEB-DD,KXBALANCEPOWERCOMBO,KXBALANCEPOWERCOMBO-27FEB,Will House Control be Democratic AND Senate Control be Democratic for Feb 2027?,"D-House, D-Senate",,active,US_post_2026_organizational_control_Feb2027_not_election_win,7,usable,usable,0.475,0.46499999999999997,1.0000000000000009,2026-09-08T15:00:00Z,2026-09-01T15:00:00Z,same_contract_descriptive
KXBALANCEPOWERCOMBO-27FEB-DD,KXBALANCEPOWERCOMBO,KXBALANCEPOWERCOMBO-27FEB,Will House Control be Democratic AND Senate Control be Democratic for Feb 2027?,"D-House, D-Senate",,active,US_post_2026_organizational_control_Feb2027_not_election_win,14,usable,usable,0.475,0.46499999999999997,1.0000000000000009,2026-09-08T15:00:00Z,2026-08-25T15:00:00Z,same_contract_descriptive
KXBALANCEPOWERCOMBO-27FEB-DD,KXBALANCEPOWERCOMBO,KXBALANCEPOWERCOMBO-27FEB,Will House Control be Democratic AND Senate Control be Democratic for Feb 2027?,"D-House, D-Senate",,active,US_post_2026_organizational_control_Feb2027_not_election_win,28,usable,usable,0.475,0.435,3.9999999999999982,2026-09-08T15:00:00Z,2026-08-11T15:00:00Z,same_contract_descriptive
KXCASEN26-26-WCAR,KXCASEN26,KXCASEN26-26,Who will win the 2026 California State Senate District 26 election?,Wendy Carrillo,,active,US_2026_general_election,7,stale_observation,stale_observation,,,,2026-09-01T23:00:00Z,2026-07-14T05:00:00Z,not_comparable
KXCASEN26-26-WCAR,KXCASEN26,KXCASEN26-26,Who will win the 2026 California State Senate District 26 election?,Wendy Carrillo,,active,US_2026_general_election,14,stale_observation,stale_observation,,,,2026-09-01T23:00:00Z,2026-07-14T05:00:00Z,not_comparable
KXCASEN26-26-WCAR,KXCASEN26,KXCASEN26-26,Who will win the 2026 California State Senate District 26 election?,Wendy Carrillo,,active,US_2026_general_election,28,stale_observation,stale_observation,,,,2026-09-01T23:00:00Z,2026-07-14T05:00:00Z,not_comparable
KXCASEN26-26-SRAS,KXCASEN26,KXCASEN26-26,Who will win the 2026 California State Senate District 26 election?,Sarah Rascón,,active,US_2026_general_election,7,usable,usable,0.15,0.15000000000000002,-2.7755575615628914e-15,2026-09-08T09:00:00Z,2026-09-01T12:00:00Z,same_contract_descriptive
KXCASEN26-26-SRAS,KXCASEN26,KXCASEN26-26,Who will win the 2026 California State Senate District 26 election?,Sarah Rascón,,active,US_2026_general_election,14,usable,usable,0.15,0.14500000000000002,0.49999999999999767,2026-09-08T09:00:00Z,2026-08-25T13:00:00Z,same_contract_descriptive
KXCASEN26-26-SRAS,KXCASEN26,KXCASEN26-26,Who will win the 2026 California State Senate District 26 election?,Sarah Rascón,,active,US_2026_general_election,28,usable,stale_observation,0.15,,,2026-09-08T09:00:00Z,2026-08-10T00:00:00Z,not_comparable
KXCASEN26-26-SMAS,KXCASEN26,KXCASEN26-26,Who will win the 2026 California State Senate District 26 election?,Sang Masog,,active,US_2026_general_election,7,stale_observation,stale_observation,,,,2026-09-01T23:00:00Z,2026-07-14T05:00:00Z,not_comparable
KXCASEN26-26-SMAS,KXCASEN26,KXCASEN26-26,Who will win the 2026 California State Senate District 26 election?,Sang Masog,,active,US_2026_general_election,14,stale_observation,stale_observation,,,,2026-09-01T23:00:00Z,2026-07-14T05:00:00Z,not_comparable
KXCASEN26-26-SMAS,KXCASEN26,KXCASEN26-26,Who will win the 2026 California State Senate District 26 election?,Sang Masog,,active,US_2026_general_election,28,stale_observation,stale_observation,,,,2026-09-01T23:00:00Z,2026-07-14T05:00:00Z,not_comparable
KXCASEN26-26-SHER,KXCASEN26,KXCASEN26-26,Who will win the 2026 California State Senate District 26 election?,Sara Hernandez,,active,US_2026_general_election,7,stale_observation,usable,,0.8400000000000001,,2026-09-04T20:00:00Z,2026-09-01T09:00:00Z,not_comparable
KXCASEN26-26-SHER,KXCASEN26,KXCASEN26-26,Who will win the 2026 California State Senate District 26 election?,Sara Hernandez,,active,US_2026_general_election,14,stale_observation,usable,,0.8400000000000001,,2026-09-04T20:00:00Z,2026-08-25T13:00:00Z,not_comparable
KXCASEN26-26-SHER,KXCASEN26,KXCASEN26-26,Who will win the 2026 California State Senate District 26 election?,Sara Hernandez,,active,US_2026_general_election,28,stale_observation,stale_observation,,,,2026-09-04T20:00:00Z,2026-08-10T00:00:00Z,not_comparable
KXCASEN26-26-PBOW,KXCASEN26,KXCASEN26-26,Who will win the 2026 California State Senate District 26 election?,Paul A. Bowers,,active,US_2026_general_election,7,stale_observation,stale_observation,,,,2026-09-01T23:00:00Z,2026-07-14T05:00:00Z,not_comparable
KXCASEN26-26-PBOW,KXCASEN26,KXCASEN26-26,Who will win the 2026 California State Senate District 26 election?,Paul A. Bowers,,active,US_2026_general_election,14,stale_observation,stale_observation,,,,2026-09-01T23:00:00Z,2026-07-14T05:00:00Z,not_comparable
KXCASEN26-26-PBOW,KXCASEN26,KXCASEN26-26,Who will win the 2026 California State Senate District 26 election?,Paul A. Bowers,,active,US_2026_general_election,28,stale_observation,stale_observation,,,,2026-09-01T23:00:00Z,2026-07-14T05:00:00Z,not_comparable
KXCASEN26-26-MPUD,KXCASEN26,KXCASEN26-26,Who will win the 2026 California State Senate District 26 election?,Maebe Pudlo,,active,US_2026_general_election,7,stale_observation,stale_observation,,,,2026-09-01T23:00:00Z,2026-07-14T05:00:00Z,not_comparable
KXCASEN26-26-MPUD,KXCASEN26,KXCASEN26-26,Who will win the 2026 California State Senate District 26 election?,Maebe Pudlo,,active,US_2026_general_election,14,stale_observation,stale_observation,,,,2026-09-01T23:00:00Z,2026-07-14T05:00:00Z,not_comparable
KXCASEN26-26-MPUD,KXCASEN26,KXCASEN26-26,Who will win the 2026 California State Senate District 26 election?,Maebe Pudlo,,active,US_2026_general_election,28,stale_observation,stale_observation,,,,2026-09-01T23:00:00Z,2026-07-14T05:00:00Z,not_comparable
KXCASEN26-26-JCAM,KXCASEN26,KXCASEN26-26,Who will win the 2026 California State Senate District 26 election?,Juan Camacho,,active,US_2026_general_election,7,stale_observation,stale_observation,,,,2026-09-01T23:00:00Z,2026-07-14T05:00:00Z,not_comparable
KXCASEN26-26-JCAM,KXCASEN26,KXCASEN26-26,Who will win the 2026 California State Senate District 26 election?,Juan Camacho,,active,US_2026_general_election,14,stale_observation,stale_observation,,,,2026-09-01T23:00:00Z,2026-07-14T05:00:00Z,not_comparable
KXCASEN26-26-JCAM,KXCASEN26,KXCASEN26-26,Who will win the 2026 California State Senate District 26 election?,Juan Camacho,,active,US_2026_general_election,28,stale_observation,stale_observation,,,,2026-09-01T23:00:00Z,2026-07-14T05:00:00Z,not_comparable
KXCASEN26-26-CAGR,KXCASEN26,KXCASEN26-26,Who will win the 2026 California State Senate District 26 election?,Claudia Agraz,,active,US_2026_general_election,7,stale_observation,stale_observation,,,,2026-09-01T23:00:00Z,2026-07-14T05:00:00Z,not_comparable
KXCASEN26-26-CAGR,KXCASEN26,KXCASEN26-26,Who will win the 2026 California State Senate District 26 election?,Claudia Agraz,,active,US_2026_general_election,14,stale_observation,stale_observation,,,,2026-09-01T23:00:00Z,2026-07-14T05:00:00Z,not_comparable
KXCASEN26-26-CAGR,KXCASEN26,KXCASEN26-26,Who will win the 2026 California State Senate District 26 election?,Claudia Agraz,,active,US_2026_general_election,28,stale_observation,stale_observation,,,,2026-09-01T23:00:00Z,2026-07-14T05:00:00Z,not_comparable
KXFOURSTATESEN-26NOV03-TTTT,KXFOURSTATESEN,KXFOURSTATESEN-26NOV03,Will Democrats win All 4?,Democratic sweep,,active,US_2026_general_election,7,stale_observation,usable,,0.25,,2026-09-07T03:00:00Z,2026-09-01T14:00:00Z,not_comparable
KXFOURSTATESEN-26NOV03-TTTT,KXFOURSTATESEN,KXFOURSTATESEN-26NOV03,Will Democrats win All 4?,Democratic sweep,,active,US_2026_general_election,14,stale_observation,usable,,0.275,,2026-09-07T03:00:00Z,2026-08-25T15:00:00Z,not_comparable
KXFOURSTATESEN-26NOV03-TTTT,KXFOURSTATESEN,KXFOURSTATESEN-26NOV03,Will Democrats win All 4?,Democratic sweep,,active,US_2026_general_election,28,stale_observation,usable,,0.305,,2026-09-07T03:00:00Z,2026-08-11T15:00:00Z,not_comparable
KXFOURSTATESEN-26NOV03-TTTF,KXFOURSTATESEN,KXFOURSTATESEN-26NOV03,"Will Democrats win Texas, Alaska, Iowa?","Texas, Alaska, Iowa",,active,US_2026_general_election,7,stale_observation,usable,,0.029,,2026-09-05T23:00:00Z,2026-09-01T07:00:00Z,not_comparable
KXFOURSTATESEN-26NOV03-TTTF,KXFOURSTATESEN,KXFOURSTATESEN-26NOV03,"Will Democrats win Texas, Alaska, Iowa?","Texas, Alaska, Iowa",,active,US_2026_general_election,14,stale_observation,usable,,0.033,,2026-09-05T23:00:00Z,2026-08-25T14:00:00Z,not_comparable
KXFOURSTATESEN-26NOV03-TTTF,KXFOURSTATESEN,KXFOURSTATESEN-26NOV03,"Will Democrats win Texas, Alaska, Iowa?","Texas, Alaska, Iowa",,active,US_2026_general_election,28,stale_observation,usable,,0.0105,,2026-09-05T23:00:00Z,2026-08-11T04:00:00Z,not_comparable
KXFOURSTATESEN-26NOV03-TTFT,KXFOURSTATESEN,KXFOURSTATESEN-26NOV03,"Will Democrats win Texas, Alaska, Ohio?","Texas, Alaska, Ohio",,active,US_2026_general_election,7,stale_observation,usable,,0.0895,,2026-09-06T13:00:00Z,2026-08-31T23:00:00Z,not_comparable
KXFOURSTATESEN-26NOV03-TTFT,KXFOURSTATESEN,KXFOURSTATESEN-26NOV03,"Will Democrats win Texas, Alaska, Ohio?","Texas, Alaska, Ohio",,active,US_2026_general_election,14,stale_observation,usable,,0.07200000000000001,,2026-09-06T13:00:00Z,2026-08-25T14:00:00Z,not_comparable
KXFOURSTATESEN-26NOV03-TTFT,KXFOURSTATESEN,KXFOURSTATESEN-26NOV03,"Will Democrats win Texas, Alaska, Ohio?","Texas, Alaska, Ohio",,active,US_2026_general_election,28,stale_observation,usable,,0.058499999999999996,,2026-09-06T13:00:00Z,2026-08-11T15:00:00Z,not_comparable
KXFOURSTATESEN-26NOV03-TTFF,KXFOURSTATESEN,KXFOURSTATESEN-26NOV03,"Will Democrats win Texas, Alaska?","Texas, Alaska",,active,US_2026_general_election,7,stale_observation,usable,,0.15,,2026-09-07T12:00:00Z,2026-09-01T14:00:00Z,not_comparable
KXFOURSTATESEN-26NOV03-TTFF,KXFOURSTATESEN,KXFOURSTATESEN-26NOV03,"Will Democrats win Texas, Alaska?","Texas, Alaska",,active,US_2026_general_election,14,stale_observation,usable,,0.11,,2026-09-07T12:00:00Z,2026-08-25T15:00:00Z,not_comparable
KXFOURSTATESEN-26NOV03-TTFF,KXFOURSTATESEN,KXFOURSTATESEN-26NOV03,"Will Democrats win Texas, Alaska?","Texas, Alaska",,active,US_2026_general_election,28,stale_observation,usable,,0.0335,,2026-09-07T12:00:00Z,2026-08-11T15:00:00Z,not_comparable
KXFOURSTATESEN-26NOV03-TFTT,KXFOURSTATESEN,KXFOURSTATESEN-26NOV03,"Will Democrats win Texas, Iowa, Ohio?","Texas, Iowa, Ohio",,active,US_2026_general_election,7,usable,usable,0.024,0.024,0.0,2026-09-08T09:00:00Z,2026-09-01T12:00:00Z,same_contract_descriptive
KXFOURSTATESEN-26NOV03-TFTT,KXFOURSTATESEN,KXFOURSTATESEN-26NOV03,"Will Democrats win Texas, Iowa, Ohio?","Texas, Iowa, Ohio",,active,US_2026_general_election,14,usable,usable,0.024,0.033,-0.9000000000000001,2026-09-08T09:00:00Z,2026-08-25T14:00:00Z,same_contract_descriptive
KXFOURSTATESEN-26NOV03-TFTT,KXFOURSTATESEN,KXFOURSTATESEN-26NOV03,"Will Democrats win Texas, Iowa, Ohio?","Texas, Iowa, Ohio",,active,US_2026_general_election,28,usable,usable,0.024,0.0105,1.35,2026-09-08T09:00:00Z,2026-08-11T04:00:00Z,same_contract_descriptive
KXFOURSTATESEN-26NOV03-TFTF,KXFOURSTATESEN,KXFOURSTATESEN-26NOV03,"Will Democrats win Texas, Iowa?","Texas, Iowa",,active,US_2026_general_election,7,stale_observation,usable,,0.029,,2026-09-05T23:00:00Z,2026-09-01T07:00:00Z,not_comparable
KXFOURSTATESEN-26NOV03-TFTF,KXFOURSTATESEN,KXFOURSTATESEN-26NOV03,"Will Democrats win Texas, Iowa?","Texas, Iowa",,active,US_2026_general_election,14,stale_observation,usable,,0.033,,2026-09-05T23:00:00Z,2026-08-25T14:00:00Z,not_comparable
KXFOURSTATESEN-26NOV03-TFTF,KXFOURSTATESEN,KXFOURSTATESEN-26NOV03,"Will Democrats win Texas, Iowa?","Texas, Iowa",,active,US_2026_general_election,28,stale_observation,usable,,0.017,,2026-09-05T23:00:00Z,2026-08-11T04:00:00Z,not_comparable
KXFOURSTATESEN-26NOV03-TFFT,KXFOURSTATESEN,KXFOURSTATESEN-26NOV03,"Will Democrats win Texas, Ohio?","Texas, Ohio",,active,US_2026_general_election,7,usable,usable,0.034,0.0455,-1.1499999999999997,2026-09-08T09:00:00Z,2026-09-01T14:00:00Z,same_contract_descriptive
KXFOURSTATESEN-26NOV03-TFFT,KXFOURSTATESEN,KXFOURSTATESEN-26NOV03,"Will Democrats win Texas, Ohio?","Texas, Ohio",,active,US_2026_general_election,14,usable,usable,0.034,0.04,-0.5999999999999999,2026-09-08T09:00:00Z,2026-08-25T15:00:00Z,same_contract_descriptive
KXFOURSTATESEN-26NOV03-TFFT,KXFOURSTATESEN,KXFOURSTATESEN-26NOV03,"Will Democrats win Texas, Ohio?","Texas, Ohio",,active,US_2026_general_election,28,usable,usable,0.034,0.0325,0.15000000000000013,2026-09-08T09:00:00Z,2026-08-11T15:00:00Z,same_contract_descriptive
KXFOURSTATESEN-26NOV03-TFFF,KXFOURSTATESEN,KXFOURSTATESEN-26NOV03,Will Democrats win Texas?,Texas,,active,US_2026_general_election,7,usable,usable,0.057,0.0615,-0.44999999999999973,2026-09-08T12:00:00Z,2026-09-01T07:00:00Z,same_contract_descriptive
KXFOURSTATESEN-26NOV03-TFFF,KXFOURSTATESEN,KXFOURSTATESEN-26NOV03,Will Democrats win Texas?,Texas,,active,US_2026_general_election,14,usable,usable,0.057,0.0585,-0.15000000000000013,2026-09-08T12:00:00Z,2026-08-25T14:00:00Z,same_contract_descriptive
KXFOURSTATESEN-26NOV03-TFFF,KXFOURSTATESEN,KXFOURSTATESEN-26NOV03,Will Democrats win Texas?,Texas,,active,US_2026_general_election,28,usable,usable,0.057,0.0335,2.35,2026-09-08T12:00:00Z,2026-08-11T15:00:00Z,same_contract_descriptive
KXFOURSTATESEN-26NOV03-FTTT,KXFOURSTATESEN,KXFOURSTATESEN-26NOV03,"Will Democrats win Alaska, Iowa, Ohio?","Alaska, Iowa, Ohio",,active,US_2026_general_election,7,usable,usable,0.044,0.047,-0.30000000000000027,2026-09-08T09:00:00Z,2026-09-01T12:00:00Z,same_contract_descriptive
KXFOURSTATESEN-26NOV03-FTTT,KXFOURSTATESEN,KXFOURSTATESEN-26NOV03,"Will Democrats win Alaska, Iowa, Ohio?","Alaska, Iowa, Ohio",,active,US_2026_general_election,14,usable,usable,0.044,0.04,0.3999999999999997,2026-09-08T09:00:00Z,2026-08-25T11:00:00Z,same_contract_descriptive
KXFOURSTATESEN-26NOV03-FTTT,KXFOURSTATESEN,KXFOURSTATESEN-26NOV03,"Will Democrats win Alaska, Iowa, Ohio?","Alaska, Iowa, Ohio",,active,US_2026_general_election,28,usable,usable,0.044,0.035,0.8999999999999995,2026-09-08T09:00:00Z,2026-08-11T14:00:00Z,same_contract_descriptive
KXFOURSTATESEN-26NOV03-FTTF,KXFOURSTATESEN,KXFOURSTATESEN-26NOV03,"Will Democrats win Alaska, Iowa?","Alaska, Iowa",,active,US_2026_general_election,7,stale_observation,usable,,0.029,,2026-09-05T23:00:00Z,2026-09-01T07:00:00Z,not_comparable
KXFOURSTATESEN-26NOV03-FTTF,KXFOURSTATESEN,KXFOURSTATESEN-26NOV03,"Will Democrats win Alaska, Iowa?","Alaska, Iowa",,active,US_2026_general_election,14,stale_observation,usable,,0.033,,2026-09-05T23:00:00Z,2026-08-25T14:00:00Z,not_comparable
KXFOURSTATESEN-26NOV03-FTTF,KXFOURSTATESEN,KXFOURSTATESEN-26NOV03,"Will Democrats win Alaska, Iowa?","Alaska, Iowa",,active,US_2026_general_election,28,stale_observation,usable,,0.017,,2026-09-05T23:00:00Z,2026-08-11T04:00:00Z,not_comparable
KXFOURSTATESEN-26NOV03-FTFT,KXFOURSTATESEN,KXFOURSTATESEN-26NOV03,"Will Democrats win Alaska, Ohio?","Alaska, Ohio",,active,US_2026_general_election,7,stale_observation,usable,,0.0395,,2026-09-05T23:00:00Z,2026-09-01T07:00:00Z,not_comparable
KXFOURSTATESEN-26NOV03-FTFT,KXFOURSTATESEN,KXFOURSTATESEN-26NOV03,"Will Democrats win Alaska, Ohio?","Alaska, Ohio",,active,US_2026_general_election,14,stale_observation,usable,,0.046,,2026-09-05T23:00:00Z,2026-08-25T14:00:00Z,not_comparable
KXFOURSTATESEN-26NOV03-FTFT,KXFOURSTATESEN,KXFOURSTATESEN-26NOV03,"Will Democrats win Alaska, Ohio?","Alaska, Ohio",,active,US_2026_general_election,28,stale_observation,usable,,0.0345,,2026-09-05T23:00:00Z,2026-08-11T15:00:00Z,not_comparable
KXFOURSTATESEN-26NOV03-FTFF,KXFOURSTATESEN,KXFOURSTATESEN-26NOV03,Will Democrats win Alaska?,Alaska,,active,US_2026_general_election,7,stale_observation,usable,,0.0505,,2026-09-05T23:00:00Z,2026-09-01T06:00:00Z,not_comparable
KXFOURSTATESEN-26NOV03-FTFF,KXFOURSTATESEN,KXFOURSTATESEN-26NOV03,Will Democrats win Alaska?,Alaska,,active,US_2026_general_election,14,stale_observation,usable,,0.05450000000000001,,2026-09-05T23:00:00Z,2026-08-25T15:00:00Z,not_comparable
KXFOURSTATESEN-26NOV03-FTFF,KXFOURSTATESEN,KXFOURSTATESEN-26NOV03,Will Democrats win Alaska?,Alaska,,active,US_2026_general_election,28,stale_observation,usable,,0.0335,,2026-09-05T23:00:00Z,2026-08-11T15:00:00Z,not_comparable
KXFOURSTATESEN-26NOV03-FFTT,KXFOURSTATESEN,KXFOURSTATESEN-26NOV03,"Will Democrats win Iowa, Ohio?","Iowa, Ohio",,active,US_2026_general_election,7,usable,usable,0.024,0.024,0.0,2026-09-08T09:00:00Z,2026-09-01T12:00:00Z,same_contract_descriptive
KXFOURSTATESEN-26NOV03-FFTT,KXFOURSTATESEN,KXFOURSTATESEN-26NOV03,"Will Democrats win Iowa, Ohio?","Iowa, Ohio",,active,US_2026_general_election,14,usable,usable,0.024,0.0235,0.050000000000000044,2026-09-08T09:00:00Z,2026-08-25T11:00:00Z,same_contract_descriptive
KXFOURSTATESEN-26NOV03-FFTT,KXFOURSTATESEN,KXFOURSTATESEN-26NOV03,"Will Democrats win Iowa, Ohio?","Iowa, Ohio",,active,US_2026_general_election,28,usable,usable,0.024,0.0275,-0.35,2026-09-08T09:00:00Z,2026-08-11T14:00:00Z,same_contract_descriptive
KXFOURSTATESEN-26NOV03-FFTF,KXFOURSTATESEN,KXFOURSTATESEN-26NOV03,Will Democrats win Iowa?,Iowa,,active,US_2026_general_election,7,stale_observation,usable,,0.029,,2026-09-03T08:00:00Z,2026-09-01T07:00:00Z,not_comparable
KXFOURSTATESEN-26NOV03-FFTF,KXFOURSTATESEN,KXFOURSTATESEN-26NOV03,Will Democrats win Iowa?,Iowa,,active,US_2026_general_election,14,stale_observation,usable,,0.033,,2026-09-03T08:00:00Z,2026-08-25T14:00:00Z,not_comparable
KXFOURSTATESEN-26NOV03-FFTF,KXFOURSTATESEN,KXFOURSTATESEN-26NOV03,Will Democrats win Iowa?,Iowa,,active,US_2026_general_election,28,stale_observation,usable,,0.0055,,2026-09-03T08:00:00Z,2026-08-11T05:00:00Z,not_comparable
KXFOURSTATESEN-26NOV03-FFFT,KXFOURSTATESEN,KXFOURSTATESEN-26NOV03,Will Democrats win Ohio?,Ohio,,active,US_2026_general_election,7,stale_observation,usable,,0.0565,,2026-09-05T23:00:00Z,2026-09-01T06:00:00Z,not_comparable
KXFOURSTATESEN-26NOV03-FFFT,KXFOURSTATESEN,KXFOURSTATESEN-26NOV03,Will Democrats win Ohio?,Ohio,,active,US_2026_general_election,14,stale_observation,usable,,0.059000000000000004,,2026-09-05T23:00:00Z,2026-08-25T15:00:00Z,not_comparable
KXFOURSTATESEN-26NOV03-FFFT,KXFOURSTATESEN,KXFOURSTATESEN-26NOV03,Will Democrats win Ohio?,Ohio,,active,US_2026_general_election,28,stale_observation,usable,,0.035500000000000004,,2026-09-05T23:00:00Z,2026-08-11T15:00:00Z,not_comparable
KXFOURSTATESEN-26NOV03-FFFF,KXFOURSTATESEN,KXFOURSTATESEN-26NOV03,Will Democrats win None?,Republican sweep,,active,US_2026_general_election,7,usable,usable,0.195,0.2,-0.5000000000000004,2026-09-08T01:00:00Z,2026-09-01T07:00:00Z,same_contract_descriptive
KXFOURSTATESEN-26NOV03-FFFF,KXFOURSTATESEN,KXFOURSTATESEN-26NOV03,Will Democrats win None?,Republican sweep,,active,US_2026_general_election,14,usable,usable,0.195,0.195,0.0,2026-09-08T01:00:00Z,2026-08-25T15:00:00Z,same_contract_descriptive
KXFOURSTATESEN-26NOV03-FFFF,KXFOURSTATESEN,KXFOURSTATESEN-26NOV03,Will Democrats win None?,Republican sweep,,active,US_2026_general_election,28,usable,usable,0.195,0.295,-9.999999999999998,2026-09-08T01:00:00Z,2026-08-11T14:00:00Z,same_contract_descriptive
KXGOVPARTYAK-26-R,KXGOVPARTYAK,KXGOVPARTYAK-26,Will the Republican party win the governorship in Alaska,Republican party,,active,US_2026_general_election,7,usable,usable,0.355,0.405,-5.000000000000004,2026-09-08T13:00:00Z,2026-09-01T15:00:00Z,same_contract_descriptive
KXGOVPARTYAK-26-R,KXGOVPARTYAK,KXGOVPARTYAK-26,Will the Republican party win the governorship in Alaska,Republican party,,active,US_2026_general_election,14,usable,usable,0.355,0.54,-18.500000000000007,2026-09-08T13:00:00Z,2026-08-25T12:00:00Z,same_contract_descriptive
KXGOVPARTYAK-26-R,KXGOVPARTYAK,KXGOVPARTYAK-26,Will the Republican party win the governorship in Alaska,Republican party,,active,US_2026_general_election,28,usable,usable,0.355,0.55,-19.500000000000007,2026-09-08T13:00:00Z,2026-08-11T11:00:00Z,same_contract_descriptive
KXGOVPARTYAK-26-D,KXGOVPARTYAK,KXGOVPARTYAK-26,Will the Democratic party win the governorship in Alaska,Democratic party,,active,US_2026_general_election,7,usable,usable,0.645,0.5800000000000001,6.499999999999995,2026-09-08T10:00:00Z,2026-09-01T15:00:00Z,same_contract_descriptive
KXGOVPARTYAK-26-D,KXGOVPARTYAK,KXGOVPARTYAK-26,Will the Democratic party win the governorship in Alaska,Democratic party,,active,US_2026_general_election,14,usable,usable,0.645,0.44999999999999996,19.500000000000007,2026-09-08T10:00:00Z,2026-08-25T14:00:00Z,same_contract_descriptive
KXGOVPARTYAK-26-D,KXGOVPARTYAK,KXGOVPARTYAK-26,Will the Democratic party win the governorship in Alaska,Democratic party,,active,US_2026_general_election,28,usable,usable,0.645,0.41000000000000003,23.5,2026-09-08T10:00:00Z,2026-08-11T11:00:00Z,same_contract_descriptive
KXHOUSEIN7-26-R,KXHOUSEIN7,KXHOUSEIN7-26,Will Republicans win the House race for IN-07?,Patrick McAuley,,active,US_2026_general_election,7,usable,usable,0.0285,0.033,-0.45000000000000007,2026-09-08T10:00:00Z,2026-09-01T14:00:00Z,same_contract_descriptive
KXHOUSEIN7-26-R,KXHOUSEIN7,KXHOUSEIN7-26,Will Republicans win the House race for IN-07?,Patrick McAuley,,active,US_2026_general_election,14,usable,usable,0.0285,0.0365,-0.7999999999999997,2026-09-08T10:00:00Z,2026-08-24T17:00:00Z,same_contract_descriptive
KXHOUSEIN7-26-R,KXHOUSEIN7,KXHOUSEIN7-26,Will Republicans win the House race for IN-07?,Patrick McAuley,,active,US_2026_general_election,28,usable,usable,0.0285,0.028999999999999998,-0.0499999999999997,2026-09-08T10:00:00Z,2026-08-11T15:00:00Z,same_contract_descriptive
KXHOUSEIN7-26-D,KXHOUSEIN7,KXHOUSEIN7-26,Will Democrats win the House race for IN-07?,André Carson,,active,US_2026_general_election,7,usable,usable,0.9724999999999999,0.968,0.44999999999999485,2026-09-08T15:00:00Z,2026-09-01T14:00:00Z,same_contract_descriptive
KXHOUSEIN7-26-D,KXHOUSEIN7,KXHOUSEIN7-26,Will Democrats win the House race for IN-07?,André Carson,,active,US_2026_general_election,14,usable,usable,0.9724999999999999,0.9635,0.8999999999999897,2026-09-08T15:00:00Z,2026-08-25T11:00:00Z,same_contract_descriptive
KXHOUSEIN7-26-D,KXHOUSEIN7,KXHOUSEIN7-26,Will Democrats win the House race for IN-07?,André Carson,,active,US_2026_general_election,28,usable,usable,0.9724999999999999,0.962,1.0499999999999954,2026-09-08T15:00:00Z,2026-08-11T15:00:00Z,same_contract_descriptive
KXHOUSEMO5-26-R,KXHOUSEMO5,KXHOUSEMO5-26,Will Republican win the House race for MO-05?,Republican party,,active,US_2026_general_election,7,usable,usable,0.21500000000000002,0.825,-60.999999999999986,2026-09-08T14:00:00Z,2026-09-01T13:00:00Z,same_contract_descriptive
KXHOUSEMO5-26-R,KXHOUSEMO5,KXHOUSEMO5-26,Will Republican win the House race for MO-05?,Republican party,,active,US_2026_general_election,14,usable,usable,0.21500000000000002,0.825,-60.999999999999986,2026-09-08T14:00:00Z,2026-08-24T17:00:00Z,same_contract_descriptive
KXHOUSEMO5-26-R,KXHOUSEMO5,KXHOUSEMO5-26,Will Republican win the House race for MO-05?,Republican party,,active,US_2026_general_election,28,usable,usable,0.21500000000000002,0.825,-60.999999999999986,2026-09-08T14:00:00Z,2026-08-11T15:00:00Z,same_contract_descriptive
KXHOUSEMO5-26-D,KXHOUSEMO5,KXHOUSEMO5-26,Will Democratic win the House race for MO-05?,Democratic party,,active,US_2026_general_election,7,usable,usable,0.805,0.18,62.5,2026-09-08T15:00:00Z,2026-09-01T13:00:00Z,same_contract_descriptive
KXHOUSEMO5-26-D,KXHOUSEMO5,KXHOUSEMO5-26,Will Democratic win the House race for MO-05?,Democratic party,,active,US_2026_general_election,14,usable,usable,0.805,0.175,63.000000000000014,2026-09-08T15:00:00Z,2026-08-24T17:00:00Z,same_contract_descriptive
KXHOUSEMO5-26-D,KXHOUSEMO5,KXHOUSEMO5-26,Will Democratic win the House race for MO-05?,Democratic party,,active,US_2026_general_election,28,usable,usable,0.805,0.175,63.000000000000014,2026-09-08T15:00:00Z,2026-08-11T15:00:00Z,same_contract_descriptive
KXHOUSENC11-26-GOP,KXHOUSENC11,KXHOUSENC11-26,Will Republican win the House race for NC-11?,Jennifer Balkcom,,active,US_2026_general_election,7,usable,usable,0.355,0.31000000000000005,4.499999999999993,2026-09-08T14:00:00Z,2026-09-01T13:00:00Z,same_contract_descriptive
KXHOUSENC11-26-GOP,KXHOUSENC11,KXHOUSENC11-26,Will Republican win the House race for NC-11?,Jennifer Balkcom,,active,US_2026_general_election,14,usable,usable,0.355,0.405,-5.000000000000004,2026-09-08T14:00:00Z,2026-08-25T15:00:00Z,same_contract_descriptive
KXHOUSENC11-26-GOP,KXHOUSENC11,KXHOUSENC11-26,Will Republican win the House race for NC-11?,Jennifer Balkcom,,active,US_2026_general_election,28,usable,usable,0.355,0.46499999999999997,-10.999999999999998,2026-09-08T14:00:00Z,2026-08-11T15:00:00Z,same_contract_descriptive
KXHOUSENC11-26-DEM,KXHOUSENC11,KXHOUSENC11-26,Will Democratic win the House race for NC-11?,Jamie Ager,,active,US_2026_general_election,7,usable,usable,0.645,0.685,-4.0000000000000036,2026-09-08T14:00:00Z,2026-09-01T11:00:00Z,same_contract_descriptive
KXHOUSENC11-26-DEM,KXHOUSENC11,KXHOUSENC11-26,Will Democratic win the House race for NC-11?,Jamie Ager,,active,US_2026_general_election,14,usable,usable,0.645,0.61,3.500000000000003,2026-09-08T14:00:00Z,2026-08-25T11:00:00Z,same_contract_descriptive
KXHOUSENC11-26-DEM,KXHOUSENC11,KXHOUSENC11-26,Will Democratic win the House race for NC-11?,Jamie Ager,,active,US_2026_general_election,28,usable,usable,0.645,0.5449999999999999,10.000000000000009,2026-09-08T14:00:00Z,2026-08-11T15:00:00Z,same_contract_descriptive
KXHOUSEPOPVOTEMARGIN-27NOV03-B9,KXHOUSEPOPVOTEMARGIN,KXHOUSEPOPVOTEMARGIN-27NOV03,Will the Democratic margin of victory in the 2026 U.S. House of Representatives national popular vote be between 8 and 10%?,"Democrats, 8 to 10%",,active,US_2026_general_election,7,usable,usable,0.245,0.255,-1.0000000000000009,2026-09-08T15:00:00Z,2026-09-01T15:00:00Z,same_contract_descriptive
KXHOUSEPOPVOTEMARGIN-27NOV03-B9,KXHOUSEPOPVOTEMARGIN,KXHOUSEPOPVOTEMARGIN-27NOV03,Will the Democratic margin of victory in the 2026 U.S. House of Representatives national popular vote be between 8 and 10%?,"Democrats, 8 to 10%",,active,US_2026_general_election,14,usable,usable,0.245,0.265,-2.0000000000000018,2026-09-08T15:00:00Z,2026-08-25T15:00:00Z,same_contract_descriptive
KXHOUSEPOPVOTEMARGIN-27NOV03-B9,KXHOUSEPOPVOTEMARGIN,KXHOUSEPOPVOTEMARGIN-27NOV03,Will the Democratic margin of victory in the 2026 U.S. House of Representatives national popular vote be between 8 and 10%?,"Democrats, 8 to 10%",,active,US_2026_general_election,28,usable,usable,0.245,0.29500000000000004,-5.000000000000004,2026-09-08T15:00:00Z,2026-08-11T15:00:00Z,same_contract_descriptive
KXHOUSEPOPVOTEMARGIN-27NOV03-B7,KXHOUSEPOPVOTEMARGIN,KXHOUSEPOPVOTEMARGIN-27NOV03,Will the Democratic margin of victory in the 2026 U.S. House of Representatives national popular vote be between 6 and 8%?,"Democrats, 6 to 8%",,active,US_2026_general_election,7,usable,usable,0.225,0.225,0.0,2026-09-08T15:00:00Z,2026-09-01T10:00:00Z,same_contract_descriptive
KXHOUSEPOPVOTEMARGIN-27NOV03-B7,KXHOUSEPOPVOTEMARGIN,KXHOUSEPOPVOTEMARGIN-27NOV03,Will the Democratic margin of victory in the 2026 U.S. House of Representatives national popular vote be between 6 and 8%?,"Democrats, 6 to 8%",,active,US_2026_general_election,14,usable,usable,0.225,0.225,0.0,2026-09-08T15:00:00Z,2026-08-25T15:00:00Z,same_contract_descriptive
KXHOUSEPOPVOTEMARGIN-27NOV03-B7,KXHOUSEPOPVOTEMARGIN,KXHOUSEPOPVOTEMARGIN-27NOV03,Will the Democratic margin of victory in the 2026 U.S. House of Representatives national popular vote be between 6 and 8%?,"Democrats, 6 to 8%",,active,US_2026_general_election,28,usable,usable,0.225,0.215,1.0000000000000009,2026-09-08T15:00:00Z,2026-08-11T15:00:00Z,same_contract_descriptive
KXHOUSEPOPVOTEMARGIN-27NOV03-B58,KXHOUSEPOPVOTEMARGIN,KXHOUSEPOPVOTEMARGIN-27NOV03,Will the Democratic margin of victory in the 2026 U.S. House of Representatives national popular vote be between 16 and 100%?,"Democrats, 16% and above",,active,US_2026_general_election,7,usable,usable,0.013500000000000002,0.007,0.6500000000000001,2026-09-08T15:00:00Z,2026-09-01T14:00:00Z,same_contract_descriptive
KXHOUSEPOPVOTEMARGIN-27NOV03-B58,KXHOUSEPOPVOTEMARGIN,KXHOUSEPOPVOTEMARGIN-27NOV03,Will the Democratic margin of victory in the 2026 U.S. House of Representatives national popular vote be between 16 and 100%?,"Democrats, 16% and above",,active,US_2026_general_election,14,usable,usable,0.013500000000000002,0.014499999999999999,-0.09999999999999974,2026-09-08T15:00:00Z,2026-08-25T15:00:00Z,same_contract_descriptive
KXHOUSEPOPVOTEMARGIN-27NOV03-B58,KXHOUSEPOPVOTEMARGIN,KXHOUSEPOPVOTEMARGIN-27NOV03,Will the Democratic margin of victory in the 2026 U.S. House of Representatives national popular vote be between 16 and 100%?,"Democrats, 16% and above",,active,US_2026_general_election,28,usable,usable,0.013500000000000002,0.0205,-0.7,2026-09-08T15:00:00Z,2026-08-11T15:00:00Z,same_contract_descriptive
KXHOUSEPOPVOTEMARGIN-27NOV03-B50,KXHOUSEPOPVOTEMARGIN,KXHOUSEPOPVOTEMARGIN-27NOV03,Will Republicans win the 2026 U.S. House of Representatives national popular vote?,Republicans win,,active,US_2026_general_election,7,usable,usable,0.091,0.0885,0.2500000000000002,2026-09-08T15:00:00Z,2026-09-01T14:00:00Z,same_contract_descriptive
KXHOUSEPOPVOTEMARGIN-27NOV03-B50,KXHOUSEPOPVOTEMARGIN,KXHOUSEPOPVOTEMARGIN-27NOV03,Will Republicans win the 2026 U.S. House of Representatives national popular vote?,Republicans win,,active,US_2026_general_election,14,usable,usable,0.091,0.089,0.20000000000000018,2026-09-08T15:00:00Z,2026-08-25T15:00:00Z,same_contract_descriptive
KXHOUSEPOPVOTEMARGIN-27NOV03-B50,KXHOUSEPOPVOTEMARGIN,KXHOUSEPOPVOTEMARGIN-27NOV03,Will Republicans win the 2026 U.S. House of Representatives national popular vote?,Republicans win,,active,US_2026_general_election,28,usable,usable,0.091,0.0945,-0.3500000000000003,2026-09-08T15:00:00Z,2026-08-11T15:00:00Z,same_contract_descriptive
KXHOUSEPOPVOTEMARGIN-27NOV03-B5,KXHOUSEPOPVOTEMARGIN,KXHOUSEPOPVOTEMARGIN-27NOV03,Will the Democratic margin of victory in the 2026 U.S. House of Representatives national popular vote be between 4 and 6%?,"Democrats, 4 to 6%",,active,US_2026_general_election,7,usable,usable,0.10500000000000001,0.11499999999999999,-0.9999999999999981,2026-09-08T13:00:00Z,2026-09-01T14:00:00Z,same_contract_descriptive
KXHOUSEPOPVOTEMARGIN-27NOV03-B5,KXHOUSEPOPVOTEMARGIN,KXHOUSEPOPVOTEMARGIN-27NOV03,Will the Democratic margin of victory in the 2026 U.S. House of Representatives national popular vote be between 4 and 6%?,"Democrats, 4 to 6%",,active,US_2026_general_election,14,usable,usable,0.10500000000000001,0.115,-0.9999999999999996,2026-09-08T13:00:00Z,2026-08-25T15:00:00Z,same_contract_descriptive
KXHOUSEPOPVOTEMARGIN-27NOV03-B5,KXHOUSEPOPVOTEMARGIN,KXHOUSEPOPVOTEMARGIN-27NOV03,Will the Democratic margin of victory in the 2026 U.S. House of Representatives national popular vote be between 4 and 6%?,"Democrats, 4 to 6%",,active,US_2026_general_election,28,usable,usable,0.10500000000000001,0.10500000000000001,0.0,2026-09-08T13:00:00Z,2026-08-11T15:00:00Z,same_contract_descriptive
KXHOUSEPOPVOTEMARGIN-27NOV03-B3,KXHOUSEPOPVOTEMARGIN,KXHOUSEPOPVOTEMARGIN-27NOV03,Will the Democratic margin of victory in the 2026 U.S. House of Representatives national popular vote be between 2 and 4%?,"Democrats, 2 to 4%",,active,US_2026_general_election,7,usable,usable,0.052000000000000005,0.0545,-0.24999999999999953,2026-09-08T15:00:00Z,2026-09-01T15:00:00Z,same_contract_descriptive
KXHOUSEPOPVOTEMARGIN-27NOV03-B3,KXHOUSEPOPVOTEMARGIN,KXHOUSEPOPVOTEMARGIN-27NOV03,Will the Democratic margin of victory in the 2026 U.S. House of Representatives national popular vote be between 2 and 4%?,"Democrats, 2 to 4%",,active,US_2026_general_election,14,usable,usable,0.052000000000000005,0.057999999999999996,-0.5999999999999992,2026-09-08T15:00:00Z,2026-08-25T15:00:00Z,same_contract_descriptive
KXHOUSEPOPVOTEMARGIN-27NOV03-B3,KXHOUSEPOPVOTEMARGIN,KXHOUSEPOPVOTEMARGIN-27NOV03,Will the Democratic margin of victory in the 2026 U.S. House of Representatives national popular vote be between 2 and 4%?,"Democrats, 2 to 4%",,active,US_2026_general_election,28,usable,usable,0.052000000000000005,0.052000000000000005,0.0,2026-09-08T15:00:00Z,2026-08-11T15:00:00Z,same_contract_descriptive
KXHOUSEPOPVOTEMARGIN-27NOV03-B15,KXHOUSEPOPVOTEMARGIN,KXHOUSEPOPVOTEMARGIN-27NOV03,Will the Democratic margin of victory in the 2026 U.S. House of Representatives national popular vote be between 14 and 16%?,"Democrats, 14 to 16%",,active,US_2026_general_election,7,usable,usable,0.0235,0.026000000000000002,-0.2500000000000002,2026-09-08T10:00:00Z,2026-09-01T15:00:00Z,same_contract_descriptive
KXHOUSEPOPVOTEMARGIN-27NOV03-B15,KXHOUSEPOPVOTEMARGIN,KXHOUSEPOPVOTEMARGIN-27NOV03,Will the Democratic margin of victory in the 2026 U.S. House of Representatives national popular vote be between 14 and 16%?,"Democrats, 14 to 16%",,active,US_2026_general_election,14,usable,usable,0.0235,0.0235,0.0,2026-09-08T10:00:00Z,2026-08-25T15:00:00Z,same_contract_descriptive
KXHOUSEPOPVOTEMARGIN-27NOV03-B15,KXHOUSEPOPVOTEMARGIN,KXHOUSEPOPVOTEMARGIN-27NOV03,Will the Democratic margin of victory in the 2026 U.S. House of Representatives national popular vote be between 14 and 16%?,"Democrats, 14 to 16%",,active,US_2026_general_election,28,usable,usable,0.0235,0.038000000000000006,-1.4500000000000006,2026-09-08T10:00:00Z,2026-08-11T15:00:00Z,same_contract_descriptive
KXHOUSEPOPVOTEMARGIN-27NOV03-B13,KXHOUSEPOPVOTEMARGIN,KXHOUSEPOPVOTEMARGIN-27NOV03,Will the Democratic margin of victory in the 2026 U.S. House of Representatives national popular vote be between 12 and 14%?,"Democrats, 12 to 14%",,active,US_2026_general_election,7,usable,usable,0.073,0.083,-1.0000000000000009,2026-09-08T14:00:00Z,2026-09-01T11:00:00Z,same_contract_descriptive
KXHOUSEPOPVOTEMARGIN-27NOV03-B13,KXHOUSEPOPVOTEMARGIN,KXHOUSEPOPVOTEMARGIN-27NOV03,Will the Democratic margin of victory in the 2026 U.S. House of Representatives national popular vote be between 12 and 14%?,"Democrats, 12 to 14%",,active,US_2026_general_election,14,usable,usable,0.073,0.0825,-0.9500000000000008,2026-09-08T14:00:00Z,2026-08-25T15:00:00Z,same_contract_descriptive
KXHOUSEPOPVOTEMARGIN-27NOV03-B13,KXHOUSEPOPVOTEMARGIN,KXHOUSEPOPVOTEMARGIN-27NOV03,Will the Democratic margin of victory in the 2026 U.S. House of Representatives national popular vote be between 12 and 14%?,"Democrats, 12 to 14%",,active,US_2026_general_election,28,usable,usable,0.073,0.091,-1.8000000000000003,2026-09-08T14:00:00Z,2026-08-11T15:00:00Z,same_contract_descriptive
KXHOUSEPOPVOTEMARGIN-27NOV03-B11,KXHOUSEPOPVOTEMARGIN,KXHOUSEPOPVOTEMARGIN-27NOV03,Will the Democratic margin of victory in the 2026 U.S. House of Representatives national popular vote be between 10 and 12%?,"Democrats, 10 to 12%",,active,US_2026_general_election,7,usable,usable,0.175,0.175,0.0,2026-09-08T15:00:00Z,2026-09-01T15:00:00Z,same_contract_descriptive
KXHOUSEPOPVOTEMARGIN-27NOV03-B11,KXHOUSEPOPVOTEMARGIN,KXHOUSEPOPVOTEMARGIN-27NOV03,Will the Democratic margin of victory in the 2026 U.S. House of Representatives national popular vote be between 10 and 12%?,"Democrats, 10 to 12%",,active,US_2026_general_election,14,usable,usable,0.175,0.215,-4.000000000000001,2026-09-08T15:00:00Z,2026-08-25T15:00:00Z,same_contract_descriptive
KXHOUSEPOPVOTEMARGIN-27NOV03-B11,KXHOUSEPOPVOTEMARGIN,KXHOUSEPOPVOTEMARGIN-27NOV03,Will the Democratic margin of victory in the 2026 U.S. House of Representatives national popular vote be between 10 and 12%?,"Democrats, 10 to 12%",,active,US_2026_general_election,28,usable,usable,0.175,0.245,-7.000000000000001,2026-09-08T15:00:00Z,2026-08-11T15:00:00Z,same_contract_descriptive
KXHOUSEPOPVOTEMARGIN-27NOV03-B1,KXHOUSEPOPVOTEMARGIN,KXHOUSEPOPVOTEMARGIN-27NOV03,Will the Democratic margin of victory in the 2026 U.S. House of Representatives national popular vote be between 0 and 2%?,"Democrats, 0 to 2%",,active,US_2026_general_election,7,usable,usable,0.0355,0.043,-0.75,2026-09-08T13:00:00Z,2026-09-01T15:00:00Z,same_contract_descriptive
KXHOUSEPOPVOTEMARGIN-27NOV03-B1,KXHOUSEPOPVOTEMARGIN,KXHOUSEPOPVOTEMARGIN-27NOV03,Will the Democratic margin of victory in the 2026 U.S. House of Representatives national popular vote be between 0 and 2%?,"Democrats, 0 to 2%",,active,US_2026_general_election,14,usable,usable,0.0355,0.022,1.3499999999999999,2026-09-08T13:00:00Z,2026-08-25T15:00:00Z,same_contract_descriptive
KXHOUSEPOPVOTEMARGIN-27NOV03-B1,KXHOUSEPOPVOTEMARGIN,KXHOUSEPOPVOTEMARGIN-27NOV03,Will the Democratic margin of victory in the 2026 U.S. House of Representatives national popular vote be between 0 and 2%?,"Democrats, 0 to 2%",,active,US_2026_general_election,28,usable,usable,0.0355,0.0155,1.9999999999999998,2026-09-08T13:00:00Z,2026-08-11T15:00:00Z,same_contract_descriptive
KXHOUSERACE-CA37-26-R,KXHOUSERACE,KXHOUSERACE-CA37-26,Will Republican win the House race for CA-37?,Republican party,,finalized,US_2026_general_election,7,closed_before_frozen_asof,missing_usable_quote,,,,,,not_comparable
KXHOUSERACE-CA37-26-R,KXHOUSERACE,KXHOUSERACE-CA37-26,Will Republican win the House race for CA-37?,Republican party,,finalized,US_2026_general_election,14,closed_before_frozen_asof,missing_usable_quote,,,,,,not_comparable
KXHOUSERACE-CA37-26-R,KXHOUSERACE,KXHOUSERACE-CA37-26,Will Republican win the House race for CA-37?,Republican party,,finalized,US_2026_general_election,28,closed_before_frozen_asof,missing_usable_quote,,,,,,not_comparable
KXHOUSERACE-CA37-26-D,KXHOUSERACE,KXHOUSERACE-CA37-26,Will Democratic win the House race for CA-37?,Democratic party,,finalized,US_2026_general_election,7,closed_before_frozen_asof,missing_usable_quote,,,,,,not_comparable
KXHOUSERACE-CA37-26-D,KXHOUSERACE,KXHOUSERACE-CA37-26,Will Democratic win the House race for CA-37?,Democratic party,,finalized,US_2026_general_election,14,closed_before_frozen_asof,missing_usable_quote,,,,,,not_comparable
KXHOUSERACE-CA37-26-D,KXHOUSERACE,KXHOUSERACE-CA37-26,Will Democratic win the House race for CA-37?,Democratic party,,finalized,US_2026_general_election,28,closed_before_frozen_asof,missing_usable_quote,,,,,,not_comparable
KXHOUSERACE-CA34-26-R,KXHOUSERACE,KXHOUSERACE-CA34-26,Will Republican win the House race for CA-34?,Republican party,,finalized,US_2026_general_election,7,closed_before_frozen_asof,missing_usable_quote,,,,,,not_comparable
KXHOUSERACE-CA34-26-R,KXHOUSERACE,KXHOUSERACE-CA34-26,Will Republican win the House race for CA-34?,Republican party,,finalized,US_2026_general_election,14,closed_before_frozen_asof,missing_usable_quote,,,,,,not_comparable
KXHOUSERACE-CA34-26-R,KXHOUSERACE,KXHOUSERACE-CA34-26,Will Republican win the House race for CA-34?,Republican party,,finalized,US_2026_general_election,28,closed_before_frozen_asof,missing_usable_quote,,,,,,not_comparable
KXHOUSERACE-CA34-26-D,KXHOUSERACE,KXHOUSERACE-CA34-26,Will Democratic win the House race for CA-34?,Democratic party,,finalized,US_2026_general_election,7,closed_before_frozen_asof,missing_usable_quote,,,,,,not_comparable
KXHOUSERACE-CA34-26-D,KXHOUSERACE,KXHOUSERACE-CA34-26,Will Democratic win the House race for CA-34?,Democratic party,,finalized,US_2026_general_election,14,closed_before_frozen_asof,missing_usable_quote,,,,,,not_comparable
KXHOUSERACE-CA34-26-D,KXHOUSERACE,KXHOUSERACE-CA34-26,Will Democratic win the House race for CA-34?,Democratic party,,finalized,US_2026_general_election,28,closed_before_frozen_asof,missing_usable_quote,,,,,,not_comparable
KXHOUSERACE-CA29-26-R,KXHOUSERACE,KXHOUSERACE-CA29-26,Will Republican win the House race for CA-29?,Republican party,,finalized,US_2026_general_election,7,closed_before_frozen_asof,missing_usable_quote,,,,,,not_comparable
KXHOUSERACE-CA29-26-R,KXHOUSERACE,KXHOUSERACE-CA29-26,Will Republican win the House race for CA-29?,Republican party,,finalized,US_2026_general_election,14,closed_before_frozen_asof,missing_usable_quote,,,,,,not_comparable
KXHOUSERACE-CA29-26-R,KXHOUSERACE,KXHOUSERACE-CA29-26,Will Republican win the House race for CA-29?,Republican party,,finalized,US_2026_general_election,28,closed_before_frozen_asof,missing_usable_quote,,,,,,not_comparable
KXHOUSERACE-CA29-26-D,KXHOUSERACE,KXHOUSERACE-CA29-26,Will Democratic win the House race for CA-29?,Democratic party,,finalized,US_2026_general_election,7,closed_before_frozen_asof,missing_usable_quote,,,,,,not_comparable
KXHOUSERACE-CA29-26-D,KXHOUSERACE,KXHOUSERACE-CA29-26,Will Democratic win the House race for CA-29?,Democratic party,,finalized,US_2026_general_election,14,closed_before_frozen_asof,missing_usable_quote,,,,,,not_comparable
KXHOUSERACE-CA29-26-D,KXHOUSERACE,KXHOUSERACE-CA29-26,Will Democratic win the House race for CA-29?,Democratic party,,finalized,US_2026_general_election,28,closed_before_frozen_asof,missing_usable_quote,,,,,,not_comparable
KXHOUSERACE-CA14-26-R,KXHOUSERACE,KXHOUSERACE-CA14-26,Will Republican win the House race for CA-14?,Republican party,,finalized,US_2026_general_election,7,closed_before_frozen_asof,missing_usable_quote,,,,,,not_comparable
KXHOUSERACE-CA14-26-R,KXHOUSERACE,KXHOUSERACE-CA14-26,Will Republican win the House race for CA-14?,Republican party,,finalized,US_2026_general_election,14,closed_before_frozen_asof,missing_usable_quote,,,,,,not_comparable
KXHOUSERACE-CA14-26-R,KXHOUSERACE,KXHOUSERACE-CA14-26,Will Republican win the House race for CA-14?,Republican party,,finalized,US_2026_general_election,28,closed_before_frozen_asof,missing_usable_quote,,,,,,not_comparable
KXHOUSERACE-CA14-26-D,KXHOUSERACE,KXHOUSERACE-CA14-26,Will Democratic win the House race for CA-14?,Democratic party,,finalized,US_2026_general_election,7,closed_before_frozen_asof,missing_usable_quote,,,,,,not_comparable
KXHOUSERACE-CA14-26-D,KXHOUSERACE,KXHOUSERACE-CA14-26,Will Democratic win the House race for CA-14?,Democratic party,,finalized,US_2026_general_election,14,closed_before_frozen_asof,missing_usable_quote,,,,,,not_comparable
KXHOUSERACE-CA14-26-D,KXHOUSERACE,KXHOUSERACE-CA14-26,Will Democratic win the House race for CA-14?,Democratic party,,finalized,US_2026_general_election,28,closed_before_frozen_asof,missing_usable_quote,,,,,,not_comparable
KXHOUSERACE-CA12-26-R,KXHOUSERACE,KXHOUSERACE-CA12-26,Will Republican win the House race for CA-12?,Republican party,,finalized,US_2026_general_election,7,closed_before_frozen_asof,missing_usable_quote,,,,,,not_comparable
KXHOUSERACE-CA12-26-R,KXHOUSERACE,KXHOUSERACE-CA12-26,Will Republican win the House race for CA-12?,Republican party,,finalized,US_2026_general_election,14,closed_before_frozen_asof,missing_usable_quote,,,,,,not_comparable
KXHOUSERACE-CA12-26-R,KXHOUSERACE,KXHOUSERACE-CA12-26,Will Republican win the House race for CA-12?,Republican party,,finalized,US_2026_general_election,28,closed_before_frozen_asof,missing_usable_quote,,,,,,not_comparable
KXHOUSERACE-CA12-26-D,KXHOUSERACE,KXHOUSERACE-CA12-26,Will Democratic win the House race for CA-12?,Democratic party,,finalized,US_2026_general_election,7,closed_before_frozen_asof,missing_usable_quote,,,,,,not_comparable
KXHOUSERACE-CA12-26-D,KXHOUSERACE,KXHOUSERACE-CA12-26,Will Democratic win the House race for CA-12?,Democratic party,,finalized,US_2026_general_election,14,closed_before_frozen_asof,missing_usable_quote,,,,,,not_comparable
KXHOUSERACE-CA12-26-D,KXHOUSERACE,KXHOUSERACE-CA12-26,Will Democratic win the House race for CA-12?,Democratic party,,finalized,US_2026_general_election,28,closed_before_frozen_asof,missing_usable_quote,,,,,,not_comparable
KXHOUSERACE-CA11-26-R,KXHOUSERACE,KXHOUSERACE-CA11-26,Will Republican win the House race for CA-11?,Republican party,,finalized,US_2026_general_election,7,closed_before_frozen_asof,missing_usable_quote,,,,,,not_comparable
KXHOUSERACE-CA11-26-R,KXHOUSERACE,KXHOUSERACE-CA11-26,Will Republican win the House race for CA-11?,Republican party,,finalized,US_2026_general_election,14,closed_before_frozen_asof,missing_usable_quote,,,,,,not_comparable
KXHOUSERACE-CA11-26-R,KXHOUSERACE,KXHOUSERACE-CA11-26,Will Republican win the House race for CA-11?,Republican party,,finalized,US_2026_general_election,28,closed_before_frozen_asof,missing_usable_quote,,,,,,not_comparable
KXHOUSERACE-CA11-26-D,KXHOUSERACE,KXHOUSERACE-CA11-26,Will Democratic win the House race for CA-11?,Democratic party,,finalized,US_2026_general_election,7,closed_before_frozen_asof,missing_usable_quote,,,,,,not_comparable
KXHOUSERACE-CA11-26-D,KXHOUSERACE,KXHOUSERACE-CA11-26,Will Democratic win the House race for CA-11?,Democratic party,,finalized,US_2026_general_election,14,closed_before_frozen_asof,missing_usable_quote,,,,,,not_comparable
KXHOUSERACE-CA11-26-D,KXHOUSERACE,KXHOUSERACE-CA11-26,Will Democratic win the House race for CA-11?,Democratic party,,finalized,US_2026_general_election,28,closed_before_frozen_asof,missing_usable_quote,,,,,,not_comparable
KXHOUSERACE-CA07-26-R,KXHOUSERACE,KXHOUSERACE-CA07-26,Will Republican win the House race for CA-07?,Republican party,,finalized,US_2026_general_election,7,closed_before_frozen_asof,missing_usable_quote,,,,,,not_comparable
KXHOUSERACE-CA07-26-R,KXHOUSERACE,KXHOUSERACE-CA07-26,Will Republican win the House race for CA-07?,Republican party,,finalized,US_2026_general_election,14,closed_before_frozen_asof,missing_usable_quote,,,,,,not_comparable
KXHOUSERACE-CA07-26-R,KXHOUSERACE,KXHOUSERACE-CA07-26,Will Republican win the House race for CA-07?,Republican party,,finalized,US_2026_general_election,28,closed_before_frozen_asof,missing_usable_quote,,,,,,not_comparable
KXHOUSERACE-CA07-26-D,KXHOUSERACE,KXHOUSERACE-CA07-26,Will Democratic win the House race for CA-07?,Democratic party,,finalized,US_2026_general_election,7,closed_before_frozen_asof,missing_usable_quote,,,,,,not_comparable
KXHOUSERACE-CA07-26-D,KXHOUSERACE,KXHOUSERACE-CA07-26,Will Democratic win the House race for CA-07?,Democratic party,,finalized,US_2026_general_election,14,closed_before_frozen_asof,missing_usable_quote,,,,,,not_comparable
KXHOUSERACE-CA07-26-D,KXHOUSERACE,KXHOUSERACE-CA07-26,Will Democratic win the House race for CA-07?,Democratic party,,finalized,US_2026_general_election,28,closed_before_frozen_asof,missing_usable_quote,,,,,,not_comparable
KXHOUSERACE-CA04-26-R,KXHOUSERACE,KXHOUSERACE-CA04-26,Will Republican win the House race for CA-04?,Republican party,,finalized,US_2026_general_election,7,closed_before_frozen_asof,missing_usable_quote,,,,,,not_comparable
KXHOUSERACE-CA04-26-R,KXHOUSERACE,KXHOUSERACE-CA04-26,Will Republican win the House race for CA-04?,Republican party,,finalized,US_2026_general_election,14,closed_before_frozen_asof,missing_usable_quote,,,,,,not_comparable
KXHOUSERACE-CA04-26-R,KXHOUSERACE,KXHOUSERACE-CA04-26,Will Republican win the House race for CA-04?,Republican party,,finalized,US_2026_general_election,28,closed_before_frozen_asof,missing_usable_quote,,,,,,not_comparable
KXHOUSERACE-CA04-26-D,KXHOUSERACE,KXHOUSERACE-CA04-26,Will Democratic win the House race for CA-04?,Democratic party,,finalized,US_2026_general_election,7,closed_before_frozen_asof,missing_usable_quote,,,,,,not_comparable
KXHOUSERACE-CA04-26-D,KXHOUSERACE,KXHOUSERACE-CA04-26,Will Democratic win the House race for CA-04?,Democratic party,,finalized,US_2026_general_election,14,closed_before_frozen_asof,missing_usable_quote,,,,,,not_comparable
KXHOUSERACE-CA04-26-D,KXHOUSERACE,KXHOUSERACE-CA04-26,Will Democratic win the House race for CA-04?,Democratic party,,finalized,US_2026_general_election,28,closed_before_frozen_asof,missing_usable_quote,,,,,,not_comparable
KXHOUSERACE-IL04-26-CGET,KXHOUSERACE,KXHOUSERACE-IL04-26,Will Chris Getty win the House race for IL-04?,Chris Getty,,active,US_2026_general_election,7,usable,missing_usable_quote,0.015,,,2026-09-08T13:00:00Z,,not_comparable
KXHOUSERACE-IL04-26-CGET,KXHOUSERACE,KXHOUSERACE-IL04-26,Will Chris Getty win the House race for IL-04?,Chris Getty,,active,US_2026_general_election,14,usable,missing_usable_quote,0.015,,,2026-09-08T13:00:00Z,,not_comparable
KXHOUSERACE-IL04-26-CGET,KXHOUSERACE,KXHOUSERACE-IL04-26,Will Chris Getty win the House race for IL-04?,Chris Getty,,active,US_2026_general_election,28,usable,missing_usable_quote,0.015,,,2026-09-08T13:00:00Z,,not_comparable
KXHOUSERACE-WA09-26-KSAW,KXHOUSERACE,KXHOUSERACE-WA09-26,Will Kshama Sawant win the House race for WA-09?,Kshama Sawant,,finalized,US_2026_general_election,7,closed_before_frozen_asof,stale_observation,,,,,2026-08-05T22:00:00Z,not_comparable
KXHOUSERACE-WA09-26-KSAW,KXHOUSERACE,KXHOUSERACE-WA09-26,Will Kshama Sawant win the House race for WA-09?,Kshama Sawant,,finalized,US_2026_general_election,14,closed_before_frozen_asof,stale_observation,,,,,2026-08-05T22:00:00Z,not_comparable
KXHOUSERACE-WA09-26-KSAW,KXHOUSERACE,KXHOUSERACE-WA09-26,Will Kshama Sawant win the House race for WA-09?,Kshama Sawant,,finalized,US_2026_general_election,28,closed_before_frozen_asof,stale_observation,,,,,2026-08-05T22:00:00Z,not_comparable
KXHOUSERACE-NE01-26-AAHL,KXHOUSERACE,KXHOUSERACE-NE01-26,Will Austin Ahlman win the House race for NE-01?,Austin Ahlman,,active,US_2026_general_election,7,stale_observation,stale_observation,,,,2026-08-23T04:00:00Z,2026-08-23T04:00:00Z,not_comparable
KXHOUSERACE-NE01-26-AAHL,KXHOUSERACE,KXHOUSERACE-NE01-26,Will Austin Ahlman win the House race for NE-01?,Austin Ahlman,,active,US_2026_general_election,14,stale_observation,stale_observation,,,,2026-08-23T04:00:00Z,2026-08-23T04:00:00Z,not_comparable
KXHOUSERACE-NE01-26-AAHL,KXHOUSERACE,KXHOUSERACE-NE01-26,Will Austin Ahlman win the House race for NE-01?,Austin Ahlman,,active,US_2026_general_election,28,stale_observation,stale_observation,,,,2026-08-23T04:00:00Z,2026-07-31T22:00:00Z,not_comparable
KXHOUSERACE-IL04-26-MMAC,KXHOUSERACE,KXHOUSERACE-IL04-26,Will Mayra Macías win the House race for IL-04?,Mayra Macías,,active,US_2026_general_election,7,usable,usable,0.005,0.025,-2.0,2026-09-08T05:00:00Z,2026-08-31T23:00:00Z,same_contract_descriptive
KXHOUSERACE-IL04-26-MMAC,KXHOUSERACE,KXHOUSERACE-IL04-26,Will Mayra Macías win the House race for IL-04?,Mayra Macías,,active,US_2026_general_election,14,usable,usable,0.005,0.025,-2.0,2026-09-08T05:00:00Z,2026-08-24T17:00:00Z,same_contract_descriptive
KXHOUSERACE-IL04-26-MMAC,KXHOUSERACE,KXHOUSERACE-IL04-26,Will Mayra Macías win the House race for IL-04?,Mayra Macías,,active,US_2026_general_election,28,usable,usable,0.005,0.015,-0.9999999999999999,2026-09-08T05:00:00Z,2026-08-11T15:00:00Z,same_contract_descriptive
KXHOUSERACE-CA06-26-KKIL,KXHOUSERACE,KXHOUSERACE-CA06-26,Will Kevin Kiley win the House race for CA-06?,Kevin Kiley,,active,US_2026_general_election,7,stale_observation,usable,,0.048,,2026-09-07T15:00:00Z,2026-09-01T00:00:00Z,not_comparable
KXHOUSERACE-CA06-26-KKIL,KXHOUSERACE,KXHOUSERACE-CA06-26,Will Kevin Kiley win the House race for CA-06?,Kevin Kiley,,active,US_2026_general_election,14,stale_observation,usable,,0.08249999999999999,,2026-09-07T15:00:00Z,2026-08-25T08:00:00Z,not_comparable
KXHOUSERACE-CA06-26-KKIL,KXHOUSERACE,KXHOUSERACE-CA06-26,Will Kevin Kiley win the House race for CA-06?,Kevin Kiley,,active,US_2026_general_election,28,stale_observation,usable,,0.0325,,2026-09-07T15:00:00Z,2026-08-11T15:00:00Z,not_comparable
KXHOUSERACE-WYAL-26-R,KXHOUSERACE,KXHOUSERACE-WYAL-26,Will Republican win the House race for WY-AL?,Chuck Gray,,active,US_2026_general_election,7,usable,usable,0.9645,0.964,0.050000000000005596,2026-09-08T14:00:00Z,2026-08-31T23:00:00Z,same_contract_descriptive
KXHOUSERACE-WYAL-26-R,KXHOUSERACE,KXHOUSERACE-WYAL-26,Will Republican win the House race for WY-AL?,Chuck Gray,,active,US_2026_general_election,14,usable,usable,0.9645,0.97,-0.5499999999999949,2026-09-08T14:00:00Z,2026-08-24T17:00:00Z,same_contract_descriptive
KXHOUSERACE-WYAL-26-R,KXHOUSERACE,KXHOUSERACE-WYAL-26,Will Republican win the House race for WY-AL?,Chuck Gray,,active,US_2026_general_election,28,usable,usable,0.9645,0.975,-1.0499999999999954,2026-09-08T14:00:00Z,2026-08-11T15:00:00Z,same_contract_descriptive
KXHOUSERACE-WYAL-26-D,KXHOUSERACE,KXHOUSERACE-WYAL-26,Will Democratic win the House race for WY-AL?,Lisa Kinney,,active,US_2026_general_election,7,usable,stale_observation,0.023,,,2026-09-08T15:00:00Z,2026-08-29T06:00:00Z,not_comparable
KXHOUSERACE-WYAL-26-D,KXHOUSERACE,KXHOUSERACE-WYAL-26,Will Democratic win the House race for WY-AL?,Lisa Kinney,,active,US_2026_general_election,14,usable,usable,0.023,0.024,-0.10000000000000009,2026-09-08T15:00:00Z,2026-08-25T13:00:00Z,same_contract_descriptive
KXHOUSERACE-WYAL-26-D,KXHOUSERACE,KXHOUSERACE-WYAL-26,Will Democratic win the House race for WY-AL?,Lisa Kinney,,active,US_2026_general_election,28,usable,usable,0.023,0.025500000000000002,-0.2500000000000002,2026-09-08T15:00:00Z,2026-08-11T15:00:00Z,same_contract_descriptive
KXHOUSERACE-WV02-26-R,KXHOUSERACE,KXHOUSERACE-WV02-26,Will Republican win the House race for WV-02?,Riley Moore,,active,US_2026_general_election,7,usable,usable,0.9664999999999999,0.9555,1.0999999999999899,2026-09-08T15:00:00Z,2026-09-01T12:00:00Z,same_contract_descriptive
KXHOUSERACE-WV02-26-R,KXHOUSERACE,KXHOUSERACE-WV02-26,Will Republican win the House race for WV-02?,Riley Moore,,active,US_2026_general_election,14,usable,usable,0.9664999999999999,0.956,1.0499999999999954,2026-09-08T15:00:00Z,2026-08-25T11:00:00Z,same_contract_descriptive
KXHOUSERACE-WV02-26-R,KXHOUSERACE,KXHOUSERACE-WV02-26,Will Republican win the House race for WV-02?,Riley Moore,,active,US_2026_general_election,28,usable,usable,0.9664999999999999,0.956,1.0499999999999954,2026-09-08T15:00:00Z,2026-08-11T15:00:00Z,same_contract_descriptive
KXHOUSERACE-WV02-26-D,KXHOUSERACE,KXHOUSERACE-WV02-26,Will Democratic win the House race for WV-02?,Ace Parsi,,active,US_2026_general_election,7,usable,usable,0.043000000000000003,0.044,-0.0999999999999994,2026-09-08T14:00:00Z,2026-09-01T03:00:00Z,same_contract_descriptive
KXHOUSERACE-WV02-26-D,KXHOUSERACE,KXHOUSERACE-WV02-26,Will Democratic win the House race for WV-02?,Ace Parsi,,active,US_2026_general_election,14,usable,usable,0.043000000000000003,0.044,-0.0999999999999994,2026-09-08T14:00:00Z,2026-08-25T12:00:00Z,same_contract_descriptive
KXHOUSERACE-WV02-26-D,KXHOUSERACE,KXHOUSERACE-WV02-26,Will Democratic win the House race for WV-02?,Ace Parsi,,active,US_2026_general_election,28,usable,usable,0.043000000000000003,0.044,-0.0999999999999994,2026-09-08T14:00:00Z,2026-08-11T15:00:00Z,same_contract_descriptive
KXHOUSERACE-WV01-26-R,KXHOUSERACE,KXHOUSERACE-WV01-26,Will Republican win the House race for WV-01?,Carol Miller,,active,US_2026_general_election,7,usable,usable,0.9655,0.9445,2.100000000000002,2026-09-08T13:00:00Z,2026-09-01T15:00:00Z,same_contract_descriptive
KXHOUSERACE-WV01-26-R,KXHOUSERACE,KXHOUSERACE-WV01-26,Will Republican win the House race for WV-01?,Carol Miller,,active,US_2026_general_election,14,usable,usable,0.9655,0.933,3.2499999999999973,2026-09-08T13:00:00Z,2026-08-25T07:00:00Z,same_contract_descriptive
KXHOUSERACE-WV01-26-R,KXHOUSERACE,KXHOUSERACE-WV01-26,Will Republican win the House race for WV-01?,Carol Miller,,active,US_2026_general_election,28,usable,usable,0.9655,0.9299999999999999,3.5500000000000087,2026-09-08T13:00:00Z,2026-08-11T15:00:00Z,same_contract_descriptive
KXHOUSERACE-WV01-26-D,KXHOUSERACE,KXHOUSERACE-WV01-26,Will Democratic win the House race for WV-01?,Vince George,,active,US_2026_general_election,7,usable,usable,0.039,0.0625,-2.35,2026-09-08T14:00:00Z,2026-09-01T15:00:00Z,same_contract_descriptive
KXHOUSERACE-WV01-26-D,KXHOUSERACE,KXHOUSERACE-WV01-26,Will Democratic win the House race for WV-01?,Vince George,,active,US_2026_general_election,14,usable,usable,0.039,0.067,-2.8000000000000003,2026-09-08T14:00:00Z,2026-08-25T14:00:00Z,same_contract_descriptive
KXHOUSERACE-WV01-26-D,KXHOUSERACE,KXHOUSERACE-WV01-26,Will Democratic win the House race for WV-01?,Vince George,,active,US_2026_general_election,28,usable,usable,0.039,0.07,-3.1000000000000005,2026-09-08T14:00:00Z,2026-08-11T15:00:00Z,same_contract_descriptive
KXHOUSERACE-WI07-26-R,KXHOUSERACE,KXHOUSERACE-WI07-26,Will Republican win the House race for WI-07?,Michael Alfonso,,active,US_2026_general_election,7,usable,usable,0.9444999999999999,0.9335,1.0999999999999899,2026-09-08T14:00:00Z,2026-09-01T15:00:00Z,same_contract_descriptive
KXHOUSERACE-WI07-26-R,KXHOUSERACE,KXHOUSERACE-WI07-26,Will Republican win the House race for WI-07?,Michael Alfonso,,active,US_2026_general_election,14,usable,usable,0.9444999999999999,0.9455,-0.10000000000001119,2026-09-08T14:00:00Z,2026-08-25T15:00:00Z,same_contract_descriptive
KXHOUSERACE-WI07-26-R,KXHOUSERACE,KXHOUSERACE-WI07-26,Will Republican win the House race for WI-07?,Michael Alfonso,,active,US_2026_general_election,28,usable,usable,0.9444999999999999,0.9390000000000001,0.5499999999999838,2026-09-08T14:00:00Z,2026-08-11T15:00:00Z,same_contract_descriptive
KXHOUSERACE-WI07-26-D,KXHOUSERACE,KXHOUSERACE-WI07-26,Will Democratic win the House race for WI-07?,Fred Clark,,active,US_2026_general_election,7,usable,usable,0.044000000000000004,0.05,-0.5999999999999999,2026-09-08T15:00:00Z,2026-09-01T15:00:00Z,same_contract_descriptive
KXHOUSERACE-WI07-26-D,KXHOUSERACE,KXHOUSERACE-WI07-26,Will Democratic win the House race for WI-07?,Fred Clark,,active,US_2026_general_election,14,usable,usable,0.044000000000000004,0.038,0.6000000000000005,2026-09-08T15:00:00Z,2026-08-25T11:00:00Z,same_contract_descriptive
KXHOUSERACE-WI07-26-D,KXHOUSERACE,KXHOUSERACE-WI07-26,Will Democratic win the House race for WI-07?,Fred Clark,,active,US_2026_general_election,28,usable,usable,0.044000000000000004,0.061,-1.6999999999999995,2026-09-08T15:00:00Z,2026-08-11T15:00:00Z,same_contract_descriptive
KXHOUSERACE-WI08-26-R,KXHOUSERACE,KXHOUSERACE-WI08-26,Will Republican win the House race for WI-08?,Tony Wied,,active,US_2026_general_election,7,usable,usable,0.9015,0.8925000000000001,0.8999999999999897,2026-09-08T14:00:00Z,2026-09-01T12:00:00Z,same_contract_descriptive
KXHOUSERACE-WI08-26-R,KXHOUSERACE,KXHOUSERACE-WI08-26,Will Republican win the House race for WI-08?,Tony Wied,,active,US_2026_general_election,14,usable,usable,0.9015,0.885,1.649999999999996,2026-09-08T14:00:00Z,2026-08-25T11:00:00Z,same_contract_descriptive
KXHOUSERACE-WI08-26-R,KXHOUSERACE,KXHOUSERACE-WI08-26,Will Republican win the House race for WI-08?,Tony Wied,,active,US_2026_general_election,28,usable,usable,0.9015,0.865,3.6499999999999977,2026-09-08T14:00:00Z,2026-08-11T15:00:00Z,same_contract_descriptive
KXHOUSERACE-WI08-26-D,KXHOUSERACE,KXHOUSERACE-WI08-26,Will Democratic win the House race for WI-08?,Rick Crosson,,active,US_2026_general_election,7,usable,usable,0.08549999999999999,0.1065,-2.1000000000000005,2026-09-08T15:00:00Z,2026-09-01T15:00:00Z,same_contract_descriptive
KXHOUSERACE-WI08-26-D,KXHOUSERACE,KXHOUSERACE-WI08-26,Will Democratic win the House race for WI-08?,Rick Crosson,,active,US_2026_general_election,14,usable,usable,0.08549999999999999,0.12,-3.45,2026-09-08T15:00:00Z,2026-08-25T15:00:00Z,same_contract_descriptive
KXHOUSERACE-WI08-26-D,KXHOUSERACE,KXHOUSERACE-WI08-26,Will Democratic win the House race for WI-08?,Rick Crosson,,active,US_2026_general_election,28,usable,usable,0.08549999999999999,0.13,-4.450000000000001,2026-09-08T15:00:00Z,2026-08-11T15:00:00Z,same_contract_descriptive
KXHOUSERACE-WI06-26-R,KXHOUSERACE,KXHOUSERACE-WI06-26,Will Republican win the House race for WI-06?,Glenn Grothman,,active,US_2026_general_election,7,usable,usable,0.9255,0.8839999999999999,4.150000000000009,2026-09-08T14:00:00Z,2026-09-01T13:00:00Z,same_contract_descriptive
KXHOUSERACE-WI06-26-R,KXHOUSERACE,KXHOUSERACE-WI06-26,Will Republican win the House race for WI-06?,Glenn Grothman,,active,US_2026_general_election,14,usable,usable,0.9255,0.921,0.44999999999999485,2026-09-08T14:00:00Z,2026-08-25T14:00:00Z,same_contract_descriptive
KXHOUSERACE-WI06-26-R,KXHOUSERACE,KXHOUSERACE-WI06-26,Will Republican win the House race for WI-06?,Glenn Grothman,,active,US_2026_general_election,28,usable,usable,0.9255,0.9219999999999999,0.35000000000000586,2026-09-08T14:00:00Z,2026-08-11T15:00:00Z,same_contract_descriptive
KXHOUSERACE-WI06-26-D,KXHOUSERACE,KXHOUSERACE-WI06-26,Will Democratic win the House race for WI-06?,Brad Smith,,active,US_2026_general_election,7,usable,usable,0.049999999999999996,0.047,0.2999999999999996,2026-09-08T15:00:00Z,2026-09-01T12:00:00Z,same_contract_descriptive
KXHOUSERACE-WI06-26-D,KXHOUSERACE,KXHOUSERACE-WI06-26,Will Democratic win the House race for WI-06?,Brad Smith,,active,US_2026_general_election,14,usable,usable,0.049999999999999996,0.072,-2.1999999999999997,2026-09-08T15:00:00Z,2026-08-25T14:00:00Z,same_contract_descriptive
KXHOUSERACE-WI06-26-D,KXHOUSERACE,KXHOUSERACE-WI06-26,Will Democratic win the House race for WI-06?,Brad Smith,,active,US_2026_general_election,28,usable,usable,0.049999999999999996,0.068,-1.800000000000001,2026-09-08T15:00:00Z,2026-08-11T15:00:00Z,same_contract_descriptive
KXHOUSERACE-WI05-26-R,KXHOUSERACE,KXHOUSERACE-WI05-26,Will Republican win the House race for WI-05?,Scott Fitzgerald,,active,US_2026_general_election,7,usable,usable,0.9624999999999999,0.9415,2.0999999999999908,2026-09-08T15:00:00Z,2026-09-01T15:00:00Z,same_contract_descriptive
KXHOUSERACE-WI05-26-R,KXHOUSERACE,KXHOUSERACE-WI05-26,Will Republican win the House race for WI-05?,Scott Fitzgerald,,active,US_2026_general_election,14,usable,usable,0.9624999999999999,0.9385,2.399999999999991,2026-09-08T15:00:00Z,2026-08-25T13:00:00Z,same_contract_descriptive
KXHOUSERACE-WI05-26-R,KXHOUSERACE,KXHOUSERACE-WI05-26,Will Republican win the House race for WI-05?,Scott Fitzgerald,,active,US_2026_general_election,28,usable,usable,0.9624999999999999,0.9390000000000001,2.3499999999999854,2026-09-08T15:00:00Z,2026-08-11T15:00:00Z,same_contract_descriptive
KXHOUSERACE-WI05-26-D,KXHOUSERACE,KXHOUSERACE-WI05-26,Will Democratic win the House race for WI-05?,Andrew Beck,,active,US_2026_general_election,7,usable,usable,0.038,0.052500000000000005,-1.4500000000000006,2026-09-08T15:00:00Z,2026-09-01T14:00:00Z,same_contract_descriptive
KXHOUSERACE-WI05-26-D,KXHOUSERACE,KXHOUSERACE-WI05-26,Will Democratic win the House race for WI-05?,Andrew Beck,,active,US_2026_general_election,14,usable,usable,0.038,0.0615,-2.35,2026-09-08T15:00:00Z,2026-08-25T15:00:00Z,same_contract_descriptive
KXHOUSERACE-WI05-26-D,KXHOUSERACE,KXHOUSERACE-WI05-26,Will Democratic win the House race for WI-05?,Andrew Beck,,active,US_2026_general_election,28,usable,usable,0.038,0.0605,-2.25,2026-09-08T15:00:00Z,2026-08-11T15:00:00Z,same_contract_descriptive
KXHOUSERACE-WI04-26-R,KXHOUSERACE,KXHOUSERACE-WI04-26,Will Republican win the House race for WI-04?,Tim Rogers,,active,US_2026_general_election,7,usable,stale_observation,0.034,,,2026-09-08T15:00:00Z,2026-08-30T16:00:00Z,not_comparable
KXHOUSERACE-WI04-26-R,KXHOUSERACE,KXHOUSERACE-WI04-26,Will Republican win the House race for WI-04?,Tim Rogers,,active,US_2026_general_election,14,usable,stale_observation,0.034,,,2026-09-08T15:00:00Z,2026-08-24T13:00:00Z,not_comparable
KXHOUSERACE-WI04-26-R,KXHOUSERACE,KXHOUSERACE-WI04-26,Will Republican win the House race for WI-04?,Tim Rogers,,active,US_2026_general_election,28,usable,usable,0.034,0.0305,0.3500000000000003,2026-09-08T15:00:00Z,2026-08-11T15:00:00Z,same_contract_descriptive
KXHOUSERACE-WI04-26-D,KXHOUSERACE,KXHOUSERACE-WI04-26,Will Democratic win the House race for WI-04?,Gwen Moore,,active,US_2026_general_election,7,usable,stale_observation,0.9635,,,2026-09-08T14:00:00Z,2026-08-28T03:00:00Z,not_comparable
KXHOUSERACE-WI04-26-D,KXHOUSERACE,KXHOUSERACE-WI04-26,Will Democratic win the House race for WI-04?,Gwen Moore,,active,US_2026_general_election,14,usable,usable,0.9635,0.958,0.550000000000006,2026-09-08T14:00:00Z,2026-08-24T17:00:00Z,same_contract_descriptive
KXHOUSERACE-WI04-26-D,KXHOUSERACE,KXHOUSERACE-WI04-26,Will Democratic win the House race for WI-04?,Gwen Moore,,active,US_2026_general_election,28,usable,usable,0.9635,0.967,-0.34999999999999476,2026-09-08T14:00:00Z,2026-08-11T15:00:00Z,same_contract_descriptive
KXHOUSERACE-WI02-26-R,KXHOUSERACE,KXHOUSERACE-WI02-26,Will Republican win the House race for WI-02?,Republican party,,active,US_2026_general_election,7,usable,usable,0.012,0.012,0.0,2026-09-08T09:00:00Z,2026-09-01T12:00:00Z,same_contract_descriptive
KXHOUSERACE-WI02-26-R,KXHOUSERACE,KXHOUSERACE-WI02-26,Will Republican win the House race for WI-02?,Republican party,,active,US_2026_general_election,14,usable,usable,0.012,0.0125,-0.050000000000000044,2026-09-08T09:00:00Z,2026-08-25T11:00:00Z,same_contract_descriptive
KXHOUSERACE-WI02-26-R,KXHOUSERACE,KXHOUSERACE-WI02-26,Will Republican win the House race for WI-02?,Republican party,,active,US_2026_general_election,28,usable,usable,0.012,0.024,-1.2,2026-09-08T09:00:00Z,2026-08-11T15:00:00Z,same_contract_descriptive
KXHOUSERACE-WI02-26-D,KXHOUSERACE,KXHOUSERACE-WI02-26,Will Democratic win the House race for WI-02?,Mark Pocan,,active,US_2026_general_election,7,usable,usable,0.9824999999999999,0.977,0.5499999999999949,2026-09-08T09:00:00Z,2026-09-01T12:00:00Z,same_contract_descriptive
KXHOUSERACE-WI02-26-D,KXHOUSERACE,KXHOUSERACE-WI02-26,Will Democratic win the House race for WI-02?,Mark Pocan,,active,US_2026_general_election,14,usable,usable,0.9824999999999999,0.976,0.649999999999995,2026-09-08T09:00:00Z,2026-08-25T11:00:00Z,same_contract_descriptive
KXHOUSERACE-WI02-26-D,KXHOUSERACE,KXHOUSERACE-WI02-26,Will Democratic win the House race for WI-02?,Mark Pocan,,active,US_2026_general_election,28,usable,usable,0.9824999999999999,0.9764999999999999,0.6000000000000005,2026-09-08T09:00:00Z,2026-08-11T15:00:00Z,same_contract_descriptive
KXHOUSERACE-WA10-26-R,KXHOUSERACE,KXHOUSERACE-WA10-26,Will Republican win the House race for WA-10?,Chris D. Chung,,active,US_2026_general_election,7,usable,usable,0.0315,0.031,0.050000000000000044,2026-09-08T14:00:00Z,2026-08-31T23:00:00Z,same_contract_descriptive
KXHOUSERACE-WA10-26-R,KXHOUSERACE,KXHOUSERACE-WA10-26,Will Republican win the House race for WA-10?,Chris D. Chung,,active,US_2026_general_election,14,usable,usable,0.0315,0.0305,0.10000000000000009,2026-09-08T14:00:00Z,2026-08-24T17:00:00Z,same_contract_descriptive
KXHOUSERACE-WA10-26-R,KXHOUSERACE,KXHOUSERACE-WA10-26,Will Republican win the House race for WA-10?,Chris D. Chung,,active,US_2026_general_election,28,usable,usable,0.0315,0.006,2.5500000000000003,2026-09-08T14:00:00Z,2026-08-11T15:00:00Z,same_contract_descriptive
KXHOUSERACE-WA10-26-D,KXHOUSERACE,KXHOUSERACE-WA10-26,Will Democratic win the House race for WA-10?,Marilyn Strickland,,active,US_2026_general_election,7,usable,usable,0.9644999999999999,0.9684999999999999,-0.40000000000000036,2026-09-08T15:00:00Z,2026-09-01T01:00:00Z,same_contract_descriptive
KXHOUSERACE-WA10-26-D,KXHOUSERACE,KXHOUSERACE-WA10-26,Will Democratic win the House race for WA-10?,Marilyn Strickland,,active,US_2026_general_election,14,usable,usable,0.9644999999999999,0.965,-0.050000000000005596,2026-09-08T15:00:00Z,2026-08-24T17:00:00Z,same_contract_descriptive
KXHOUSERACE-WA10-26-D,KXHOUSERACE,KXHOUSERACE-WA10-26,Will Democratic win the House race for WA-10?,Marilyn Strickland,,active,US_2026_general_election,28,usable,usable,0.9644999999999999,0.9550000000000001,0.9499999999999842,2026-09-08T15:00:00Z,2026-08-11T15:00:00Z,same_contract_descriptive
KXHOUSERACE-WA09-26-R,KXHOUSERACE,KXHOUSERACE-WA09-26,Will Republican win the House race for WA-09?,Doug Basler,,active,US_2026_general_election,7,usable,usable,0.0245,0.019,0.5500000000000002,2026-09-08T15:00:00Z,2026-09-01T14:00:00Z,same_contract_descriptive
KXHOUSERACE-WA09-26-R,KXHOUSERACE,KXHOUSERACE-WA09-26,Will Republican win the House race for WA-09?,Doug Basler,,active,US_2026_general_election,14,usable,usable,0.0245,0.0245,0.0,2026-09-08T15:00:00Z,2026-08-25T11:00:00Z,same_contract_descriptive
KXHOUSERACE-WA09-26-R,KXHOUSERACE,KXHOUSERACE-WA09-26,Will Republican win the House race for WA-09?,Doug Basler,,active,US_2026_general_election,28,usable,usable,0.0245,0.0315,-0.7,2026-09-08T15:00:00Z,2026-08-11T15:00:00Z,same_contract_descriptive
KXHOUSERACE-WA09-26-D,KXHOUSERACE,KXHOUSERACE-WA09-26,Will Democratic win the House race for WA-09?,Adam Smith,,active,US_2026_general_election,7,usable,usable,0.9735,0.9635,1.0000000000000009,2026-09-08T15:00:00Z,2026-09-01T12:00:00Z,same_contract_descriptive
KXHOUSERACE-WA09-26-D,KXHOUSERACE,KXHOUSERACE-WA09-26,Will Democratic win the House race for WA-09?,Adam Smith,,active,US_2026_general_election,14,usable,usable,0.9735,0.9635,1.0000000000000009,2026-09-08T15:00:00Z,2026-08-25T11:00:00Z,same_contract_descriptive
KXHOUSERACE-WA09-26-D,KXHOUSERACE,KXHOUSERACE-WA09-26,Will Democratic win the House race for WA-09?,Adam Smith,,active,US_2026_general_election,28,usable,usable,0.9735,0.966,0.7500000000000062,2026-09-08T15:00:00Z,2026-08-11T15:00:00Z,same_contract_descriptive
KXHOUSERACE-WA07-26-R,KXHOUSERACE,KXHOUSERACE-WA07-26,Will Republican win the House race for WA-07?,Nirav Sheth,,active,US_2026_general_election,7,stale_observation,stale_observation,,,,2026-09-07T01:00:00Z,2026-08-30T16:00:00Z,not_comparable
KXHOUSERACE-WA07-26-R,KXHOUSERACE,KXHOUSERACE-WA07-26,Will Republican win the House race for WA-07?,Nirav Sheth,,active,US_2026_general_election,14,stale_observation,stale_observation,,,,2026-09-07T01:00:00Z,2026-08-20T08:00:00Z,not_comparable
KXHOUSERACE-WA07-26-R,KXHOUSERACE,KXHOUSERACE-WA07-26,Will Republican win the House race for WA-07?,Nirav Sheth,,active,US_2026_general_election,28,stale_observation,usable,,0.0115,,2026-09-07T01:00:00Z,2026-08-11T15:00:00Z,not_comparable
KXHOUSERACE-WA07-26-D,KXHOUSERACE,KXHOUSERACE-WA07-26,Will Democratic win the House race for WA-07?,Pramila Jayapal,,active,US_2026_general_election,7,stale_observation,stale_observation,,,,2026-09-07T01:00:00Z,2026-08-27T08:00:00Z,not_comparable
KXHOUSERACE-WA07-26-D,KXHOUSERACE,KXHOUSERACE-WA07-26,Will Democratic win the House race for WA-07?,Pramila Jayapal,,active,US_2026_general_election,14,stale_observation,usable,,0.97,,2026-09-07T01:00:00Z,2026-08-24T17:00:00Z,not_comparable
KXHOUSERACE-WA07-26-D,KXHOUSERACE,KXHOUSERACE-WA07-26,Will Democratic win the House race for WA-07?,Pramila Jayapal,,active,US_2026_general_election,28,stale_observation,usable,,0.9784999999999999,,2026-09-07T01:00:00Z,2026-08-11T15:00:00Z,not_comparable
KXHOUSERACE-WA06-26-R,KXHOUSERACE,KXHOUSERACE-WA06-26,Will Republican win the House race for WA-06?,Teresa Fox,,active,US_2026_general_election,7,usable,usable,0.0325,0.032,0.050000000000000044,2026-09-08T14:00:00Z,2026-09-01T12:00:00Z,same_contract_descriptive
KXHOUSERACE-WA06-26-R,KXHOUSERACE,KXHOUSERACE-WA06-26,Will Republican win the House race for WA-06?,Teresa Fox,,active,US_2026_general_election,14,usable,usable,0.0325,0.0275,0.5000000000000001,2026-09-08T14:00:00Z,2026-08-24T17:00:00Z,same_contract_descriptive
KXHOUSERACE-WA06-26-R,KXHOUSERACE,KXHOUSERACE-WA06-26,Will Republican win the House race for WA-06?,Teresa Fox,,active,US_2026_general_election,28,usable,usable,0.0325,0.017,1.55,2026-09-08T14:00:00Z,2026-08-11T15:00:00Z,same_contract_descriptive
KXHOUSERACE-WA06-26-D,KXHOUSERACE,KXHOUSERACE-WA06-26,Will Democratic win the House race for WA-06?,Emily Randall,,active,US_2026_general_election,7,usable,usable,0.9584999999999999,0.9584999999999999,0.0,2026-09-08T14:00:00Z,2026-09-01T12:00:00Z,same_contract_descriptive
KXHOUSERACE-WA06-26-D,KXHOUSERACE,KXHOUSERACE-WA06-26,Will Democratic win the House race for WA-06?,Emily Randall,,active,US_2026_general_election,14,usable,usable,0.9584999999999999,0.964,-0.550000000000006,2026-09-08T14:00:00Z,2026-08-24T17:00:00Z,same_contract_descriptive
KXHOUSERACE-WA06-26-D,KXHOUSERACE,KXHOUSERACE-WA06-26,Will Democratic win the House race for WA-06?,Emily Randall,,active,US_2026_general_election,28,usable,usable,0.9584999999999999,0.973,-1.4500000000000068,2026-09-08T14:00:00Z,2026-08-11T15:00:00Z,same_contract_descriptive
KXHOUSERACE-WA05-26-R,KXHOUSERACE,KXHOUSERACE-WA05-26,Will Republican win the House race for WA-05?,Michael Baumgartner,,active,US_2026_general_election,7,usable,usable,0.805,0.8049999999999999,1.1102230246251565e-14,2026-09-08T14:00:00Z,2026-09-01T14:00:00Z,same_contract_descriptive
KXHOUSERACE-WA05-26-R,KXHOUSERACE,KXHOUSERACE-WA05-26,Will Republican win the House race for WA-05?,Michael Baumgartner,,active,US_2026_general_election,14,usable,usable,0.805,0.815,-0.9999999999999898,2026-09-08T14:00:00Z,2026-08-25T15:00:00Z,same_contract_descriptive
KXHOUSERACE-WA05-26-R,KXHOUSERACE,KXHOUSERACE-WA05-26,Will Republican win the House race for WA-05?,Michael Baumgartner,,active,US_2026_general_election,28,usable,usable,0.805,0.8,0.5000000000000004,2026-09-08T14:00:00Z,2026-08-11T15:00:00Z,same_contract_descriptive
KXHOUSERACE-WA05-26-D,KXHOUSERACE,KXHOUSERACE-WA05-26,Will Democratic win the House race for WA-05?,Democratic party,,active,US_2026_general_election,7,usable,usable,0.195,0.20500000000000002,-1.0000000000000009,2026-09-08T15:00:00Z,2026-09-01T13:00:00Z,same_contract_descriptive
KXHOUSERACE-WA05-26-D,KXHOUSERACE,KXHOUSERACE-WA05-26,Will Democratic win the House race for WA-05?,Democratic party,,active,US_2026_general_election,14,usable,usable,0.195,0.185,1.0000000000000009,2026-09-08T15:00:00Z,2026-08-25T15:00:00Z,same_contract_descriptive
KXHOUSERACE-WA05-26-D,KXHOUSERACE,KXHOUSERACE-WA05-26,Will Democratic win the House race for WA-05?,Democratic party,,active,US_2026_general_election,28,usable,usable,0.195,0.20500000000000002,-1.0000000000000009,2026-09-08T15:00:00Z,2026-08-11T15:00:00Z,same_contract_descriptive
KXHOUSERACE-WA04-26-R,KXHOUSERACE,KXHOUSERACE-WA04-26,Will Republican win the House race for WA-04?,Amanda McKinney,,active,US_2026_general_election,7,usable,usable,0.9299999999999999,0.9355,-0.550000000000006,2026-09-08T14:00:00Z,2026-09-01T12:00:00Z,same_contract_descriptive
KXHOUSERACE-WA04-26-R,KXHOUSERACE,KXHOUSERACE-WA04-26,Will Republican win the House race for WA-04?,Amanda McKinney,,active,US_2026_general_election,14,usable,usable,0.9299999999999999,0.9375,-0.7500000000000062,2026-09-08T14:00:00Z,2026-08-25T13:00:00Z,same_contract_descriptive
KXHOUSERACE-WA04-26-R,KXHOUSERACE,KXHOUSERACE-WA04-26,Will Republican win the House race for WA-04?,Amanda McKinney,,active,US_2026_general_election,28,usable,usable,0.9299999999999999,0.9295,0.04999999999999449,2026-09-08T14:00:00Z,2026-08-11T15:00:00Z,same_contract_descriptive
KXHOUSERACE-WA04-26-D,KXHOUSERACE,KXHOUSERACE-WA04-26,Will Democratic win the House race for WA-04?,John Duresky,,active,US_2026_general_election,7,usable,usable,0.0475,0.0335,1.4,2026-09-08T15:00:00Z,2026-09-01T12:00:00Z,same_contract_descriptive
KXHOUSERACE-WA04-26-D,KXHOUSERACE,KXHOUSERACE-WA04-26,Will Democratic win the House race for WA-04?,John Duresky,,active,US_2026_general_election,14,usable,usable,0.0475,0.0335,1.4,2026-09-08T15:00:00Z,2026-08-25T11:00:00Z,same_contract_descriptive
KXHOUSERACE-WA04-26-D,KXHOUSERACE,KXHOUSERACE-WA04-26,Will Democratic win the House race for WA-04?,John Duresky,,active,US_2026_general_election,28,usable,usable,0.0475,0.046,0.15000000000000013,2026-09-08T15:00:00Z,2026-08-11T15:00:00Z,same_contract_descriptive
KXHOUSERACE-WA02-26-R,KXHOUSERACE,KXHOUSERACE-WA02-26,Will Republican win the House race for WA-02?,Edwin H. Feller,,active,US_2026_general_election,7,usable,usable,0.034999999999999996,0.032,0.2999999999999996,2026-09-08T15:00:00Z,2026-08-31T23:00:00Z,same_contract_descriptive
KXHOUSERACE-WA02-26-R,KXHOUSERACE,KXHOUSERACE-WA02-26,Will Republican win the House race for WA-02?,Edwin H. Feller,,active,US_2026_general_election,14,usable,usable,0.034999999999999996,0.0265,0.8499999999999998,2026-09-08T15:00:00Z,2026-08-24T17:00:00Z,same_contract_descriptive
KXHOUSERACE-WA02-26-R,KXHOUSERACE,KXHOUSERACE-WA02-26,Will Republican win the House race for WA-02?,Edwin H. Feller,,active,US_2026_general_election,28,usable,usable,0.034999999999999996,0.018000000000000002,1.6999999999999995,2026-09-08T15:00:00Z,2026-08-11T15:00:00Z,same_contract_descriptive
KXHOUSERACE-WA02-26-D,KXHOUSERACE,KXHOUSERACE-WA02-26,Will Democratic win the House race for WA-02?,Rick Larsen,,active,US_2026_general_election,7,usable,usable,0.965,0.9675,-0.2500000000000058,2026-09-08T15:00:00Z,2026-08-31T23:00:00Z,same_contract_descriptive
KXHOUSERACE-WA02-26-D,KXHOUSERACE,KXHOUSERACE-WA02-26,Will Democratic win the House race for WA-02?,Rick Larsen,,active,US_2026_general_election,14,usable,usable,0.965,0.969,-0.40000000000000036,2026-09-08T15:00:00Z,2026-08-24T17:00:00Z,same_contract_descriptive
KXHOUSERACE-WA02-26-D,KXHOUSERACE,KXHOUSERACE-WA02-26,Will Democratic win the House race for WA-02?,Rick Larsen,,active,US_2026_general_election,28,usable,usable,0.965,0.9784999999999999,-1.3499999999999956,2026-09-08T15:00:00Z,2026-08-11T15:00:00Z,same_contract_descriptive
KXHOUSERACE-WA01-26-R,KXHOUSERACE,KXHOUSERACE-WA01-26,Will Republican win the House race for WA-01?,Mary Silva,,active,US_2026_general_election,7,usable,usable,0.0265,0.032,-0.5500000000000002,2026-09-08T09:00:00Z,2026-09-01T12:00:00Z,same_contract_descriptive
KXHOUSERACE-WA01-26-R,KXHOUSERACE,KXHOUSERACE-WA01-26,Will Republican win the House race for WA-01?,Mary Silva,,active,US_2026_general_election,14,usable,usable,0.0265,0.027499999999999997,-0.09999999999999974,2026-09-08T09:00:00Z,2026-08-25T11:00:00Z,same_contract_descriptive
KXHOUSERACE-WA01-26-R,KXHOUSERACE,KXHOUSERACE-WA01-26,Will Republican win the House race for WA-01?,Mary Silva,,active,US_2026_general_election,28,usable,usable,0.0265,0.038,-1.15,2026-09-08T09:00:00Z,2026-08-11T15:00:00Z,same_contract_descriptive
KXHOUSERACE-WA01-26-D,KXHOUSERACE,KXHOUSERACE-WA01-26,Will Democratic win the House race for WA-01?,Suzan DelBene,,active,US_2026_general_election,7,usable,usable,0.973,0.9485,2.4499999999999966,2026-09-08T09:00:00Z,2026-09-01T12:00:00Z,same_contract_descriptive
KXHOUSERACE-WA01-26-D,KXHOUSERACE,KXHOUSERACE-WA01-26,Will Democratic win the House race for WA-01?,Suzan DelBene,,active,US_2026_general_election,14,usable,usable,0.973,0.9585,1.4499999999999957,2026-09-08T09:00:00Z,2026-08-25T11:00:00Z,same_contract_descriptive
KXHOUSERACE-WA01-26-D,KXHOUSERACE,KXHOUSERACE-WA01-26,Will Democratic win the House race for WA-01?,Suzan DelBene,,active,US_2026_general_election,28,usable,usable,0.973,0.962,1.100000000000001,2026-09-08T09:00:00Z,2026-08-11T15:00:00Z,same_contract_descriptive
KXHOUSERACE-VTAL-26-R,KXHOUSERACE,KXHOUSERACE-VTAL-26,Will Republican win the House race for VT-AL?,Gerald Malloy,,active,US_2026_general_election,7,usable,usable,0.0245,0.025,-0.050000000000000044,2026-09-08T14:00:00Z,2026-09-01T12:00:00Z,same_contract_descriptive
KXHOUSERACE-VTAL-26-R,KXHOUSERACE,KXHOUSERACE-VTAL-26,Will Republican win the House race for VT-AL?,Gerald Malloy,,active,US_2026_general_election,14,usable,usable,0.0245,0.0245,0.0,2026-09-08T14:00:00Z,2026-08-24T19:00:00Z,same_contract_descriptive
KXHOUSERACE-VTAL-26-R,KXHOUSERACE,KXHOUSERACE-VTAL-26,Will Republican win the House race for VT-AL?,Gerald Malloy,,active,US_2026_general_election,28,usable,usable,0.0245,0.0165,0.8,2026-09-08T14:00:00Z,2026-08-11T15:00:00Z,same_contract_descriptive
KXHOUSERACE-VTAL-26-D,KXHOUSERACE,KXHOUSERACE-VTAL-26,Will Democratic win the House race for VT-AL?,Becca Balint,,active,US_2026_general_election,7,usable,usable,0.974,0.978,-0.40000000000000036,2026-09-08T15:00:00Z,2026-09-01T15:00:00Z,same_contract_descriptive
KXHOUSERACE-VTAL-26-D,KXHOUSERACE,KXHOUSERACE-VTAL-26,Will Democratic win the House race for VT-AL?,Becca Balint,,active,US_2026_general_election,14,usable,usable,0.974,0.974,0.0,2026-09-08T15:00:00Z,2026-08-24T21:00:00Z,same_contract_descriptive
KXHOUSERACE-VTAL-26-D,KXHOUSERACE,KXHOUSERACE-VTAL-26,Will Democratic win the House race for VT-AL?,Becca Balint,,active,US_2026_general_election,28,usable,usable,0.974,0.983,-0.9000000000000008,2026-09-08T15:00:00Z,2026-08-11T15:00:00Z,same_contract_descriptive
KXHOUSERACE-VA11-26-R,KXHOUSERACE,KXHOUSERACE-VA11-26,Will Republican win the House race for VA-11?,Arthur Purves,,active,US_2026_general_election,7,usable,usable,0.032,0.0325,-0.050000000000000044,2026-09-08T15:00:00Z,2026-09-01T03:00:00Z,same_contract_descriptive
KXHOUSERACE-VA11-26-R,KXHOUSERACE,KXHOUSERACE-VA11-26,Will Republican win the House race for VA-11?,Arthur Purves,,active,US_2026_general_election,14,usable,usable,0.032,0.0325,-0.050000000000000044,2026-09-08T15:00:00Z,2026-08-24T17:00:00Z,same_contract_descriptive
KXHOUSERACE-VA11-26-R,KXHOUSERACE,KXHOUSERACE-VA11-26,Will Republican win the House race for VA-11?,Arthur Purves,,active,US_2026_general_election,28,usable,usable,0.032,0.03,0.20000000000000018,2026-09-08T15:00:00Z,2026-08-11T15:00:00Z,same_contract_descriptive
KXHOUSERACE-VA11-26-D,KXHOUSERACE,KXHOUSERACE-VA11-26,Will Democratic win the House race for VA-11?,James Walkinshaw,,active,US_2026_general_election,7,usable,stale_observation,0.9675,,,2026-09-08T14:00:00Z,2026-08-27T08:00:00Z,not_comparable
KXHOUSERACE-VA11-26-D,KXHOUSERACE,KXHOUSERACE-VA11-26,Will Democratic win the House race for VA-11?,James Walkinshaw,,active,US_2026_general_election,14,usable,usable,0.9675,0.9630000000000001,0.44999999999999485,2026-09-08T14:00:00Z,2026-08-24T17:00:00Z,same_contract_descriptive
KXHOUSERACE-VA11-26-D,KXHOUSERACE,KXHOUSERACE-VA11-26,Will Democratic win the House race for VA-11?,James Walkinshaw,,active,US_2026_general_election,28,usable,usable,0.9675,0.97,-0.24999999999999467,2026-09-08T14:00:00Z,2026-08-11T15:00:00Z,same_contract_descriptive
KXHOUSERACE-VA09-26-R,KXHOUSERACE,KXHOUSERACE-VA09-26,Will Republican win the House race for VA-09?,Morgan Griffith,,active,US_2026_general_election,7,stale_observation,usable,,0.9545,,2026-09-06T22:00:00Z,2026-09-01T12:00:00Z,not_comparable
KXHOUSERACE-VA09-26-R,KXHOUSERACE,KXHOUSERACE-VA09-26,Will Republican win the House race for VA-09?,Morgan Griffith,,active,US_2026_general_election,14,stale_observation,usable,,0.9375,,2026-09-06T22:00:00Z,2026-08-25T14:00:00Z,not_comparable
KXHOUSERACE-VA09-26-R,KXHOUSERACE,KXHOUSERACE-VA09-26,Will Republican win the House race for VA-09?,Morgan Griffith,,active,US_2026_general_election,28,stale_observation,usable,,0.9764999999999999,,2026-09-06T22:00:00Z,2026-08-11T15:00:00Z,not_comparable
KXHOUSERACE-VA09-26-D,KXHOUSERACE,KXHOUSERACE-VA09-26,Will Democratic win the House race for VA-09?,Joy Powers,,active,US_2026_general_election,7,usable,usable,0.0325,0.0455,-1.2999999999999998,2026-09-08T03:00:00Z,2026-09-01T12:00:00Z,same_contract_descriptive
KXHOUSERACE-VA09-26-D,KXHOUSERACE,KXHOUSERACE-VA09-26,Will Democratic win the House race for VA-09?,Joy Powers,,active,US_2026_general_election,14,usable,usable,0.0325,0.07050000000000001,-3.8000000000000007,2026-09-08T03:00:00Z,2026-08-25T07:00:00Z,same_contract_descriptive
KXHOUSERACE-VA09-26-D,KXHOUSERACE,KXHOUSERACE-VA09-26,Will Democratic win the House race for VA-09?,Joy Powers,,active,US_2026_general_election,28,usable,usable,0.0325,0.022,1.0500000000000003,2026-09-08T03:00:00Z,2026-08-11T15:00:00Z,same_contract_descriptive
KXHOUSERACE-VA08-26-R,KXHOUSERACE,KXHOUSERACE-VA08-26,Will Republican win the House race for VA-08?,Tony Sabio,,active,US_2026_general_election,7,usable,stale_observation,0.0325,,,2026-09-08T14:00:00Z,2026-08-25T16:00:00Z,not_comparable
KXHOUSERACE-VA08-26-R,KXHOUSERACE,KXHOUSERACE-VA08-26,Will Republican win the House race for VA-08?,Tony Sabio,,active,US_2026_general_election,14,usable,usable,0.0325,0.032,0.050000000000000044,2026-09-08T14:00:00Z,2026-08-25T09:00:00Z,same_contract_descriptive
KXHOUSERACE-VA08-26-R,KXHOUSERACE,KXHOUSERACE-VA08-26,Will Republican win the House race for VA-08?,Tony Sabio,,active,US_2026_general_election,28,usable,usable,0.0325,0.031,0.15000000000000013,2026-09-08T14:00:00Z,2026-08-11T15:00:00Z,same_contract_descriptive
KXHOUSERACE-VA08-26-D,KXHOUSERACE,KXHOUSERACE-VA08-26,Will Democratic win the House race for VA-08?,Don Beyer,,active,US_2026_general_election,7,usable,usable,0.967,0.967,0.0,2026-09-08T09:00:00Z,2026-09-01T12:00:00Z,same_contract_descriptive
KXHOUSERACE-VA08-26-D,KXHOUSERACE,KXHOUSERACE-VA08-26,Will Democratic win the House race for VA-08?,Don Beyer,,active,US_2026_general_election,14,usable,usable,0.967,0.967,0.0,2026-09-08T09:00:00Z,2026-08-25T11:00:00Z,same_contract_descriptive
KXHOUSERACE-VA08-26-D,KXHOUSERACE,KXHOUSERACE-VA08-26,Will Democratic win the House race for VA-08?,Don Beyer,,active,US_2026_general_election,28,usable,usable,0.967,0.969,-0.20000000000000018,2026-09-08T09:00:00Z,2026-08-11T15:00:00Z,same_contract_descriptive
KXHOUSERACE-VA06-26-R,KXHOUSERACE,KXHOUSERACE-VA06-26,Will Republican win the House race for VA-06?,Ben Cline,,active,US_2026_general_election,7,usable,usable,0.9339999999999999,0.9325,0.14999999999999458,2026-09-08T15:00:00Z,2026-09-01T12:00:00Z,same_contract_descriptive
KXHOUSERACE-VA06-26-R,KXHOUSERACE,KXHOUSERACE-VA06-26,Will Republican win the House race for VA-06?,Ben Cline,,active,US_2026_general_election,14,usable,usable,0.9339999999999999,0.935,-0.10000000000001119,2026-09-08T15:00:00Z,2026-08-25T11:00:00Z,same_contract_descriptive
KXHOUSERACE-VA06-26-R,KXHOUSERACE,KXHOUSERACE-VA06-26,Will Republican win the House race for VA-06?,Ben Cline,,active,US_2026_general_election,28,usable,usable,0.9339999999999999,0.9339999999999999,0.0,2026-09-08T15:00:00Z,2026-08-11T15:00:00Z,same_contract_descriptive
KXHOUSERACE-VA06-26-D,KXHOUSERACE,KXHOUSERACE-VA06-26,Will Democratic win the House race for VA-06?,Beth Macy,,active,US_2026_general_election,7,usable,usable,0.064,0.068,-0.40000000000000036,2026-09-08T14:00:00Z,2026-09-01T12:00:00Z,same_contract_descriptive
KXHOUSERACE-VA06-26-D,KXHOUSERACE,KXHOUSERACE-VA06-26,Will Democratic win the House race for VA-06?,Beth Macy,,active,US_2026_general_election,14,usable,usable,0.064,0.076,-1.1999999999999997,2026-09-08T14:00:00Z,2026-08-25T12:00:00Z,same_contract_descriptive
KXHOUSERACE-VA06-26-D,KXHOUSERACE,KXHOUSERACE-VA06-26,Will Democratic win the House race for VA-06?,Beth Macy,,active,US_2026_general_election,28,usable,usable,0.064,0.0655,-0.15000000000000013,2026-09-08T14:00:00Z,2026-08-11T15:00:00Z,same_contract_descriptive
KXHOUSERACE-VA05-26-R,KXHOUSERACE,KXHOUSERACE-VA05-26,Will Republican win the House race for VA-05?,John McGuire,,active,US_2026_general_election,7,usable,usable,0.845,0.835,1.0000000000000009,2026-09-08T14:00:00Z,2026-09-01T15:00:00Z,same_contract_descriptive
KXHOUSERACE-VA05-26-R,KXHOUSERACE,KXHOUSERACE-VA05-26,Will Republican win the House race for VA-05?,John McGuire,,active,US_2026_general_election,14,usable,usable,0.845,0.815,3.0000000000000027,2026-09-08T14:00:00Z,2026-08-25T15:00:00Z,same_contract_descriptive
KXHOUSERACE-VA05-26-R,KXHOUSERACE,KXHOUSERACE-VA05-26,Will Republican win the House race for VA-05?,John McGuire,,active,US_2026_general_election,28,usable,stale_observation,0.845,,,2026-09-08T14:00:00Z,2026-08-07T13:00:00Z,not_comparable
KXHOUSERACE-VA05-26-D,KXHOUSERACE,KXHOUSERACE-VA05-26,Will Democratic win the House race for VA-05?,Tom Perriello,,active,US_2026_general_election,7,usable,usable,0.165,0.175,-0.9999999999999981,2026-09-08T15:00:00Z,2026-09-01T15:00:00Z,same_contract_descriptive
KXHOUSERACE-VA05-26-D,KXHOUSERACE,KXHOUSERACE-VA05-26,Will Democratic win the House race for VA-05?,Tom Perriello,,active,US_2026_general_election,14,usable,usable,0.165,0.16999999999999998,-0.49999999999999767,2026-09-08T15:00:00Z,2026-08-25T15:00:00Z,same_contract_descriptive
KXHOUSERACE-VA05-26-D,KXHOUSERACE,KXHOUSERACE-VA05-26,Will Democratic win the House race for VA-05?,Tom Perriello,,active,US_2026_general_election,28,usable,stale_observation,0.165,,,2026-09-08T15:00:00Z,2026-08-08T22:00:00Z,not_comparable
KXHOUSERACE-VA04-26-R,KXHOUSERACE,KXHOUSERACE-VA04-26,Will Republican win the House race for VA-04?,Robert Murray,,active,US_2026_general_election,7,usable,usable,0.028,0.036000000000000004,-0.8000000000000004,2026-09-08T10:00:00Z,2026-09-01T12:00:00Z,same_contract_descriptive
KXHOUSERACE-VA04-26-R,KXHOUSERACE,KXHOUSERACE-VA04-26,Will Republican win the House race for VA-04?,Robert Murray,,active,US_2026_general_election,14,usable,usable,0.028,0.0385,-1.0499999999999998,2026-09-08T10:00:00Z,2026-08-25T11:00:00Z,same_contract_descriptive
KXHOUSERACE-VA04-26-R,KXHOUSERACE,KXHOUSERACE-VA04-26,Will Republican win the House race for VA-04?,Robert Murray,,active,US_2026_general_election,28,usable,usable,0.028,0.044,-1.5999999999999996,2026-09-08T10:00:00Z,2026-08-11T15:00:00Z,same_contract_descriptive
KXHOUSERACE-VA04-26-D,KXHOUSERACE,KXHOUSERACE-VA04-26,Will Democratic win the House race for VA-04?,Jennifer McClellan,,active,US_2026_general_election,7,usable,usable,0.9724999999999999,0.958,1.4499999999999957,2026-09-08T12:00:00Z,2026-09-01T12:00:00Z,same_contract_descriptive
KXHOUSERACE-VA04-26-D,KXHOUSERACE,KXHOUSERACE-VA04-26,Will Democratic win the House race for VA-04?,Jennifer McClellan,,active,US_2026_general_election,14,usable,usable,0.9724999999999999,0.9575,1.4999999999999902,2026-09-08T12:00:00Z,2026-08-25T11:00:00Z,same_contract_descriptive
KXHOUSERACE-VA04-26-D,KXHOUSERACE,KXHOUSERACE-VA04-26,Will Democratic win the House race for VA-04?,Jennifer McClellan,,active,US_2026_general_election,28,usable,usable,0.9724999999999999,0.956,1.649999999999996,2026-09-08T12:00:00Z,2026-08-11T15:00:00Z,same_contract_descriptive
KXHOUSERACE-VA03-26-R,KXHOUSERACE,KXHOUSERACE-VA03-26,Will Republican win the House race for VA-03?,Edwin Rivera,,active,US_2026_general_election,7,usable,usable,0.023,0.0225,0.050000000000000044,2026-09-08T09:00:00Z,2026-09-01T12:00:00Z,same_contract_descriptive
KXHOUSERACE-VA03-26-R,KXHOUSERACE,KXHOUSERACE-VA03-26,Will Republican win the House race for VA-03?,Edwin Rivera,,active,US_2026_general_election,14,usable,usable,0.023,0.022500000000000003,0.0499999999999997,2026-09-08T09:00:00Z,2026-08-25T11:00:00Z,same_contract_descriptive
KXHOUSERACE-VA03-26-R,KXHOUSERACE,KXHOUSERACE-VA03-26,Will Republican win the House race for VA-03?,Edwin Rivera,,active,US_2026_general_election,28,usable,usable,0.023,0.0195,0.35,2026-09-08T09:00:00Z,2026-08-11T15:00:00Z,same_contract_descriptive
KXHOUSERACE-VA03-26-D,KXHOUSERACE,KXHOUSERACE-VA03-26,Will Democratic win the House race for VA-03?,Bobby Scott,,active,US_2026_general_election,7,stale_observation,stale_observation,,,,2026-09-07T07:00:00Z,2026-08-28T13:00:00Z,not_comparable
KXHOUSERACE-VA03-26-D,KXHOUSERACE,KXHOUSERACE-VA03-26,Will Democratic win the House race for VA-03?,Bobby Scott,,active,US_2026_general_election,14,stale_observation,stale_observation,,,,2026-09-07T07:00:00Z,2026-08-24T10:00:00Z,not_comparable
KXHOUSERACE-VA03-26-D,KXHOUSERACE,KXHOUSERACE-VA03-26,Will Democratic win the House race for VA-03?,Bobby Scott,,active,US_2026_general_election,28,stale_observation,stale_observation,,,,2026-09-07T07:00:00Z,2026-08-05T03:00:00Z,not_comparable
KXHOUSERACE-UT04-26-R,KXHOUSERACE,KXHOUSERACE-UT04-26,Will Republican win the House race for UT-04?,Mike Kennedy,,active,US_2026_general_election,7,usable,usable,0.9615,0.9465,1.5000000000000013,2026-09-08T15:00:00Z,2026-09-01T12:00:00Z,same_contract_descriptive
KXHOUSERACE-UT04-26-R,KXHOUSERACE,KXHOUSERACE-UT04-26,Will Republican win the House race for UT-04?,Mike Kennedy,,active,US_2026_general_election,14,usable,usable,0.9615,0.9475,1.4000000000000012,2026-09-08T15:00:00Z,2026-08-25T11:00:00Z,same_contract_descriptive
KXHOUSERACE-UT04-26-R,KXHOUSERACE,KXHOUSERACE-UT04-26,Will Republican win the House race for UT-04?,Mike Kennedy,,active,US_2026_general_election,28,usable,usable,0.9615,0.942,1.9500000000000073,2026-09-08T15:00:00Z,2026-08-11T15:00:00Z,same_contract_descriptive
KXHOUSERACE-UT04-26-D,KXHOUSERACE,KXHOUSERACE-UT04-26,Will Democratic win the House race for UT-04?,Jonny Larsen,,active,US_2026_general_election,7,usable,usable,0.0275,0.056,-2.85,2026-09-08T14:00:00Z,2026-09-01T12:00:00Z,same_contract_descriptive
KXHOUSERACE-UT04-26-D,KXHOUSERACE,KXHOUSERACE-UT04-26,Will Democratic win the House race for UT-04?,Jonny Larsen,,active,US_2026_general_election,14,usable,usable,0.0275,0.057999999999999996,-3.0499999999999994,2026-09-08T14:00:00Z,2026-08-25T09:00:00Z,same_contract_descriptive
KXHOUSERACE-UT04-26-D,KXHOUSERACE,KXHOUSERACE-UT04-26,Will Democratic win the House race for UT-04?,Jonny Larsen,,active,US_2026_general_election,28,usable,usable,0.0275,0.057499999999999996,-2.9999999999999996,2026-09-08T14:00:00Z,2026-08-11T15:00:00Z,same_contract_descriptive
KXHOUSERACE-TX38-26-R,KXHOUSERACE,KXHOUSERACE-TX38-26,Will Republican win the House race for TX-38?,Jon Bonck,,active,US_2026_general_election,7,usable,usable,0.929,0.9219999999999999,0.7000000000000117,2026-09-08T15:00:00Z,2026-09-01T02:00:00Z,same_contract_descriptive
KXHOUSERACE-TX38-26-R,KXHOUSERACE,KXHOUSERACE-TX38-26,Will Republican win the House race for TX-38?,Jon Bonck,,active,US_2026_general_election,14,usable,usable,0.929,0.931,-0.20000000000000018,2026-09-08T15:00:00Z,2026-08-25T13:00:00Z,same_contract_descriptive
KXHOUSERACE-TX38-26-R,KXHOUSERACE,KXHOUSERACE-TX38-26,Will Republican win the House race for TX-38?,Jon Bonck,,active,US_2026_general_election,28,usable,usable,0.929,0.927,0.20000000000000018,2026-09-08T15:00:00Z,2026-08-11T15:00:00Z,same_contract_descriptive
KXHOUSERACE-TX38-26-D,KXHOUSERACE,KXHOUSERACE-TX38-26,Will Democratic win the House race for TX-38?,Melissa McDonough,,active,US_2026_general_election,7,usable,usable,0.061,0.061,0.0,2026-09-08T13:00:00Z,2026-09-01T02:00:00Z,same_contract_descriptive
KXHOUSERACE-TX38-26-D,KXHOUSERACE,KXHOUSERACE-TX38-26,Will Democratic win the House race for TX-38?,Melissa McDonough,,active,US_2026_general_election,14,usable,usable,0.061,0.069,-0.8000000000000007,2026-09-08T13:00:00Z,2026-08-25T13:00:00Z,same_contract_descriptive
KXHOUSERACE-TX38-26-D,KXHOUSERACE,KXHOUSERACE-TX38-26,Will Democratic win the House race for TX-38?,Melissa McDonough,,active,US_2026_general_election,28,usable,usable,0.061,0.073,-1.1999999999999997,2026-09-08T13:00:00Z,2026-08-11T15:00:00Z,same_contract_descriptive
KXHOUSERACE-TX37-26-R,KXHOUSERACE,KXHOUSERACE-TX37-26,Will Republican win the House race for TX-37?,Lauren B. Peña,,active,US_2026_general_election,7,usable,usable,0.017,0.022,-0.4999999999999998,2026-09-07T21:00:00Z,2026-08-31T23:00:00Z,same_contract_descriptive
KXHOUSERACE-TX37-26-R,KXHOUSERACE,KXHOUSERACE-TX37-26,Will Republican win the House race for TX-37?,Lauren B. Peña,,active,US_2026_general_election,14,usable,usable,0.017,0.021500000000000002,-0.45000000000000007,2026-09-07T21:00:00Z,2026-08-24T16:00:00Z,same_contract_descriptive
KXHOUSERACE-TX37-26-R,KXHOUSERACE,KXHOUSERACE-TX37-26,Will Republican win the House race for TX-37?,Lauren B. Peña,,active,US_2026_general_election,28,usable,usable,0.017,0.0285,-1.15,2026-09-07T21:00:00Z,2026-08-11T15:00:00Z,same_contract_descriptive
KXHOUSERACE-TX37-26-D,KXHOUSERACE,KXHOUSERACE-TX37-26,Will Democratic win the House race for TX-37?,Greg Casar,,active,US_2026_general_election,7,usable,usable,0.9610000000000001,0.9545,0.6500000000000061,2026-09-08T15:00:00Z,2026-09-01T12:00:00Z,same_contract_descriptive
KXHOUSERACE-TX37-26-D,KXHOUSERACE,KXHOUSERACE-TX37-26,Will Democratic win the House race for TX-37?,Greg Casar,,active,US_2026_general_election,14,usable,usable,0.9610000000000001,0.9545,0.6500000000000061,2026-09-08T15:00:00Z,2026-08-25T12:00:00Z,same_contract_descriptive
KXHOUSERACE-TX37-26-D,KXHOUSERACE,KXHOUSERACE-TX37-26,Will Democratic win the House race for TX-37?,Greg Casar,,active,US_2026_general_election,28,usable,usable,0.9610000000000001,0.957,0.40000000000001146,2026-09-08T15:00:00Z,2026-08-11T15:00:00Z,same_contract_descriptive
KXHOUSERACE-TX36-26-R,KXHOUSERACE,KXHOUSERACE-TX36-26,Will Republican win the House race for TX-36?,Brian Babin,,active,US_2026_general_election,7,usable,usable,0.935,0.9099999999999999,2.5000000000000133,2026-09-08T15:00:00Z,2026-09-01T12:00:00Z,same_contract_descriptive
KXHOUSERACE-TX36-26-R,KXHOUSERACE,KXHOUSERACE-TX36-26,Will Republican win the House race for TX-36?,Brian Babin,,active,US_2026_general_election,14,usable,usable,0.935,0.9239999999999999,1.100000000000012,2026-09-08T15:00:00Z,2026-08-25T13:00:00Z,same_contract_descriptive
KXHOUSERACE-TX36-26-R,KXHOUSERACE,KXHOUSERACE-TX36-26,Will Republican win the House race for TX-36?,Brian Babin,,active,US_2026_general_election,28,usable,usable,0.935,0.906,2.9000000000000026,2026-09-08T15:00:00Z,2026-08-11T15:00:00Z,same_contract_descriptive
KXHOUSERACE-TX36-26-D,KXHOUSERACE,KXHOUSERACE-TX36-26,Will Democratic win the House race for TX-36?,Rhonda Hart,,active,US_2026_general_election,7,usable,usable,0.058499999999999996,0.089,-3.05,2026-09-08T15:00:00Z,2026-09-01T15:00:00Z,same_contract_descriptive
KXHOUSERACE-TX36-26-D,KXHOUSERACE,KXHOUSERACE-TX36-26,Will Democratic win the House race for TX-36?,Rhonda Hart,,active,US_2026_general_election,14,usable,usable,0.058499999999999996,0.0765,-1.8000000000000003,2026-09-08T15:00:00Z,2026-08-25T13:00:00Z,same_contract_descriptive
KXHOUSERACE-TX36-26-D,KXHOUSERACE,KXHOUSERACE-TX36-26,Will Democratic win the House race for TX-36?,Rhonda Hart,,active,US_2026_general_election,28,usable,usable,0.058499999999999996,0.094,-3.5500000000000003,2026-09-08T15:00:00Z,2026-08-11T15:00:00Z,same_contract_descriptive
KXHOUSERACE-TX33-26-R,KXHOUSERACE,KXHOUSERACE-TX33-26,Will Republican win the House race for TX-33?,Patrick David Gillespie,,active,US_2026_general_election,7,usable,stale_observation,0.0305,,,2026-09-08T15:00:00Z,2026-08-27T06:00:00Z,not_comparable
KXHOUSERACE-TX33-26-R,KXHOUSERACE,KXHOUSERACE-TX33-26,Will Republican win the House race for TX-33?,Patrick David Gillespie,,active,US_2026_general_election,14,usable,usable,0.0305,0.0325,-0.20000000000000018,2026-09-08T15:00:00Z,2026-08-24T17:00:00Z,same_contract_descriptive
KXHOUSERACE-TX33-26-R,KXHOUSERACE,KXHOUSERACE-TX33-26,Will Republican win the House race for TX-33?,Patrick David Gillespie,,active,US_2026_general_election,28,usable,usable,0.0305,0.03,0.050000000000000044,2026-09-08T15:00:00Z,2026-08-11T15:00:00Z,same_contract_descriptive
KXHOUSERACE-TX33-26-D,KXHOUSERACE,KXHOUSERACE-TX33-26,Will Democratic win the House race for TX-33?,Colin Allred,,active,US_2026_general_election,7,stale_observation,stale_observation,,,,2026-09-06T02:00:00Z,2026-08-24T17:00:00Z,not_comparable
KXHOUSERACE-TX33-26-D,KXHOUSERACE,KXHOUSERACE-TX33-26,Will Democratic win the House race for TX-33?,Colin Allred,,active,US_2026_general_election,14,stale_observation,usable,,0.9675,,2026-09-06T02:00:00Z,2026-08-24T17:00:00Z,not_comparable
KXHOUSERACE-TX33-26-D,KXHOUSERACE,KXHOUSERACE-TX33-26,Will Democratic win the House race for TX-33?,Colin Allred,,active,US_2026_general_election,28,stale_observation,usable,,0.97,,2026-09-06T02:00:00Z,2026-08-11T15:00:00Z,not_comparable
KXHOUSERACE-TX31-26-R,KXHOUSERACE,KXHOUSERACE-TX31-26,Will Republican win the House race for TX-31?,John Carter,,active,US_2026_general_election,7,usable,usable,0.9285,0.931,-0.2500000000000058,2026-09-08T14:00:00Z,2026-09-01T12:00:00Z,same_contract_descriptive
KXHOUSERACE-TX31-26-R,KXHOUSERACE,KXHOUSERACE-TX31-26,Will Republican win the House race for TX-31?,John Carter,,active,US_2026_general_election,14,usable,usable,0.9285,0.9275,0.10000000000000009,2026-09-08T14:00:00Z,2026-08-25T13:00:00Z,same_contract_descriptive
KXHOUSERACE-TX31-26-R,KXHOUSERACE,KXHOUSERACE-TX31-26,Will Republican win the House race for TX-31?,John Carter,,active,US_2026_general_election,28,usable,usable,0.9285,0.9145000000000001,1.3999999999999901,2026-09-08T14:00:00Z,2026-08-11T15:00:00Z,same_contract_descriptive
KXHOUSERACE-TX31-26-D,KXHOUSERACE,KXHOUSERACE-TX31-26,Will Democratic win the House race for TX-31?,Justin Early,,active,US_2026_general_election,7,usable,usable,0.0505,0.076,-2.5499999999999994,2026-09-08T15:00:00Z,2026-09-01T15:00:00Z,same_contract_descriptive
KXHOUSERACE-TX31-26-D,KXHOUSERACE,KXHOUSERACE-TX31-26,Will Democratic win the House race for TX-31?,Justin Early,,active,US_2026_general_election,14,usable,usable,0.0505,0.0725,-2.1999999999999993,2026-09-08T15:00:00Z,2026-08-25T13:00:00Z,same_contract_descriptive
KXHOUSERACE-TX31-26-D,KXHOUSERACE,KXHOUSERACE-TX31-26,Will Democratic win the House race for TX-31?,Justin Early,,active,US_2026_general_election,28,usable,usable,0.0505,0.08549999999999999,-3.499999999999999,2026-09-08T15:00:00Z,2026-08-11T15:00:00Z,same_contract_descriptive
KXHOUSERACE-TX30-26-R,KXHOUSERACE,KXHOUSERACE-TX30-26,Will Republican win the House race for TX-30?,Everett Jackson,,active,US_2026_general_election,7,usable,usable,0.026,0.0285,-0.2500000000000002,2026-09-08T15:00:00Z,2026-09-01T11:00:00Z,same_contract_descriptive
KXHOUSERACE-TX30-26-R,KXHOUSERACE,KXHOUSERACE-TX30-26,Will Republican win the House race for TX-30?,Everett Jackson,,active,US_2026_general_election,14,usable,usable,0.026,0.0315,-0.5500000000000002,2026-09-08T15:00:00Z,2026-08-25T06:00:00Z,same_contract_descriptive
KXHOUSERACE-TX30-26-R,KXHOUSERACE,KXHOUSERACE-TX30-26,Will Republican win the House race for TX-30?,Everett Jackson,,active,US_2026_general_election,28,usable,usable,0.026,0.027999999999999997,-0.19999999999999984,2026-09-08T15:00:00Z,2026-08-11T15:00:00Z,same_contract_descriptive
KXHOUSERACE-TX30-26-D,KXHOUSERACE,KXHOUSERACE-TX30-26,Will Democratic win the House race for TX-30?,Frederick Haynes III,,active,US_2026_general_election,7,usable,usable,0.9715,0.971,0.050000000000005596,2026-09-08T14:00:00Z,2026-09-01T13:00:00Z,same_contract_descriptive
KXHOUSERACE-TX30-26-D,KXHOUSERACE,KXHOUSERACE-TX30-26,Will Democratic win the House race for TX-30?,Frederick Haynes III,,active,US_2026_general_election,14,usable,usable,0.9715,0.96,1.1500000000000066,2026-09-08T14:00:00Z,2026-08-25T15:00:00Z,same_contract_descriptive
KXHOUSERACE-TX30-26-D,KXHOUSERACE,KXHOUSERACE-TX30-26,Will Democratic win the House race for TX-30?,Frederick Haynes III,,active,US_2026_general_election,28,usable,usable,0.9715,0.9635,0.8000000000000007,2026-09-08T14:00:00Z,2026-08-11T15:00:00Z,same_contract_descriptive
KXHOUSERACE-TX29-26-R,KXHOUSERACE,KXHOUSERACE-TX29-26,Will Republican win the House race for TX-29?,Martha Fierro,,active,US_2026_general_election,7,usable,usable,0.0485,0.051,-0.24999999999999953,2026-09-08T15:00:00Z,2026-09-01T12:00:00Z,same_contract_descriptive
KXHOUSERACE-TX29-26-R,KXHOUSERACE,KXHOUSERACE-TX29-26,Will Republican win the House race for TX-29?,Martha Fierro,,active,US_2026_general_election,14,usable,usable,0.0485,0.055499999999999994,-0.6999999999999993,2026-09-08T15:00:00Z,2026-08-25T07:00:00Z,same_contract_descriptive
KXHOUSERACE-TX29-26-R,KXHOUSERACE,KXHOUSERACE-TX29-26,Will Republican win the House race for TX-29?,Martha Fierro,,active,US_2026_general_election,28,usable,usable,0.0485,0.061,-1.2499999999999998,2026-09-08T15:00:00Z,2026-08-11T15:00:00Z,same_contract_descriptive
KXHOUSERACE-TX29-26-D,KXHOUSERACE,KXHOUSERACE-TX29-26,Will Democratic win the House race for TX-29?,Sylvia Garcia,,active,US_2026_general_election,7,usable,usable,0.952,0.944,0.8000000000000007,2026-09-08T15:00:00Z,2026-09-01T15:00:00Z,same_contract_descriptive
KXHOUSERACE-TX29-26-D,KXHOUSERACE,KXHOUSERACE-TX29-26,Will Democratic win the House race for TX-29?,Sylvia Garcia,,active,US_2026_general_election,14,usable,usable,0.952,0.944,0.8000000000000007,2026-09-08T15:00:00Z,2026-08-24T17:00:00Z,same_contract_descriptive
KXHOUSERACE-TX29-26-D,KXHOUSERACE,KXHOUSERACE-TX29-26,Will Democratic win the House race for TX-29?,Sylvia Garcia,,active,US_2026_general_election,28,usable,stale_observation,0.952,,,2026-09-08T15:00:00Z,2026-08-05T03:00:00Z,not_comparable
KXHOUSERACE-TX27-26-R,KXHOUSERACE,KXHOUSERACE-TX27-26,Will Republican win the House race for TX-27?,Michael Cloud,,active,US_2026_general_election,7,usable,usable,0.9065000000000001,0.9065000000000001,0.0,2026-09-08T14:00:00Z,2026-09-01T12:00:00Z,same_contract_descriptive
KXHOUSERACE-TX27-26-R,KXHOUSERACE,KXHOUSERACE-TX27-26,Will Republican win the House race for TX-27?,Michael Cloud,,active,US_2026_general_election,14,usable,usable,0.9065000000000001,0.91,-0.34999999999999476,2026-09-08T14:00:00Z,2026-08-25T13:00:00Z,same_contract_descriptive
KXHOUSERACE-TX27-26-R,KXHOUSERACE,KXHOUSERACE-TX27-26,Will Republican win the House race for TX-27?,Michael Cloud,,active,US_2026_general_election,28,usable,usable,0.9065000000000001,0.912,-0.5499999999999949,2026-09-08T14:00:00Z,2026-08-11T15:00:00Z,same_contract_descriptive
KXHOUSERACE-TX27-26-D,KXHOUSERACE,KXHOUSERACE-TX27-26,Will Democratic win the House race for TX-27?,Tanya Lloyd,,active,US_2026_general_election,7,usable,usable,0.0785,0.08549999999999999,-0.6999999999999993,2026-09-08T15:00:00Z,2026-09-01T15:00:00Z,same_contract_descriptive
KXHOUSERACE-TX27-26-D,KXHOUSERACE,KXHOUSERACE-TX27-26,Will Democratic win the House race for TX-27?,Tanya Lloyd,,active,US_2026_general_election,14,usable,usable,0.0785,0.075,0.3500000000000003,2026-09-08T15:00:00Z,2026-08-25T14:00:00Z,same_contract_descriptive
KXHOUSERACE-TX27-26-D,KXHOUSERACE,KXHOUSERACE-TX27-26,Will Democratic win the House race for TX-27?,Tanya Lloyd,,active,US_2026_general_election,28,usable,usable,0.0785,0.0875,-0.8999999999999995,2026-09-08T15:00:00Z,2026-08-11T15:00:00Z,same_contract_descriptive
KXHOUSERACE-TX26-26-R,KXHOUSERACE,KXHOUSERACE-TX26-26,Will Republican win the House race for TX-26?,Brandon Gill,,active,US_2026_general_election,7,usable,usable,0.9205,0.9199999999999999,0.050000000000005596,2026-09-08T14:00:00Z,2026-09-01T14:00:00Z,same_contract_descriptive
KXHOUSERACE-TX26-26-R,KXHOUSERACE,KXHOUSERACE-TX26-26,Will Republican win the House race for TX-26?,Brandon Gill,,active,US_2026_general_election,14,usable,usable,0.9205,0.923,-0.2500000000000058,2026-09-08T14:00:00Z,2026-08-25T13:00:00Z,same_contract_descriptive
KXHOUSERACE-TX26-26-R,KXHOUSERACE,KXHOUSERACE-TX26-26,Will Republican win the House race for TX-26?,Brandon Gill,,active,US_2026_general_election,28,usable,usable,0.9205,0.9055,1.5000000000000013,2026-09-08T14:00:00Z,2026-08-11T15:00:00Z,same_contract_descriptive
KXHOUSERACE-TX26-26-D,KXHOUSERACE,KXHOUSERACE-TX26-26,Will Democratic win the House race for TX-26?,Steven Shook,,active,US_2026_general_election,7,usable,usable,0.079,0.095,-1.6,2026-09-08T14:00:00Z,2026-09-01T15:00:00Z,same_contract_descriptive
KXHOUSERACE-TX26-26-D,KXHOUSERACE,KXHOUSERACE-TX26-26,Will Democratic win the House race for TX-26?,Steven Shook,,active,US_2026_general_election,14,usable,usable,0.079,0.0765,0.2500000000000002,2026-09-08T14:00:00Z,2026-08-25T13:00:00Z,same_contract_descriptive
KXHOUSERACE-TX26-26-D,KXHOUSERACE,KXHOUSERACE-TX26-26,Will Democratic win the House race for TX-26?,Steven Shook,,active,US_2026_general_election,28,usable,usable,0.079,0.095,-1.6,2026-09-08T14:00:00Z,2026-08-11T15:00:00Z,same_contract_descriptive
KXHOUSERACE-TX24-26-R,KXHOUSERACE,KXHOUSERACE-TX24-26,Will Republican win the House race for TX-24?,Beth Van Duyne,,active,US_2026_general_election,7,usable,usable,0.9,0.9005000000000001,-0.050000000000005596,2026-09-08T15:00:00Z,2026-09-01T12:00:00Z,same_contract_descriptive
KXHOUSERACE-TX24-26-R,KXHOUSERACE,KXHOUSERACE-TX24-26,Will Republican win the House race for TX-24?,Beth Van Duyne,,active,US_2026_general_election,14,usable,usable,0.9,0.896,0.40000000000000036,2026-09-08T15:00:00Z,2026-08-25T12:00:00Z,same_contract_descriptive
KXHOUSERACE-TX24-26-R,KXHOUSERACE,KXHOUSERACE-TX24-26,Will Republican win the House race for TX-24?,Beth Van Duyne,,active,US_2026_general_election,28,usable,usable,0.9,0.895,0.5000000000000004,2026-09-08T15:00:00Z,2026-08-11T15:00:00Z,same_contract_descriptive
KXHOUSERACE-TX24-26-D,KXHOUSERACE,KXHOUSERACE-TX24-26,Will Democratic win the House race for TX-24?,Kevin Burge,,active,US_2026_general_election,7,usable,usable,0.0955,0.088,0.7500000000000007,2026-09-08T14:00:00Z,2026-09-01T15:00:00Z,same_contract_descriptive
KXHOUSERACE-TX24-26-D,KXHOUSERACE,KXHOUSERACE-TX24-26,Will Democratic win the House race for TX-24?,Kevin Burge,,active,US_2026_general_election,14,usable,usable,0.0955,0.0995,-0.40000000000000036,2026-09-08T14:00:00Z,2026-08-25T14:00:00Z,same_contract_descriptive
KXHOUSERACE-TX24-26-D,KXHOUSERACE,KXHOUSERACE-TX24-26,Will Democratic win the House race for TX-24?,Kevin Burge,,active,US_2026_general_election,28,usable,usable,0.0955,0.105,-0.9499999999999995,2026-09-08T14:00:00Z,2026-08-11T15:00:00Z,same_contract_descriptive
KXHOUSERACE-TX25-26-R,KXHOUSERACE,KXHOUSERACE-TX25-26,Will Republican win the House race for TX-25?,Roger Williams,,active,US_2026_general_election,7,usable,usable,0.935,0.9145,2.0500000000000074,2026-09-08T14:00:00Z,2026-09-01T15:00:00Z,same_contract_descriptive
KXHOUSERACE-TX25-26-R,KXHOUSERACE,KXHOUSERACE-TX25-26,Will Republican win the House race for TX-25?,Roger Williams,,active,US_2026_general_election,14,usable,usable,0.935,0.9255,0.9500000000000064,2026-09-08T14:00:00Z,2026-08-25T13:00:00Z,same_contract_descriptive
KXHOUSERACE-TX25-26-R,KXHOUSERACE,KXHOUSERACE-TX25-26,Will Republican win the House race for TX-25?,Roger Williams,,active,US_2026_general_election,28,usable,usable,0.935,0.9125000000000001,2.2499999999999964,2026-09-08T14:00:00Z,2026-08-11T15:00:00Z,same_contract_descriptive
KXHOUSERACE-TX25-26-D,KXHOUSERACE,KXHOUSERACE-TX25-26,Will Democratic win the House race for TX-25?,Dione Sims,,active,US_2026_general_election,7,usable,usable,0.06,0.0735,-1.3499999999999999,2026-09-08T15:00:00Z,2026-09-01T15:00:00Z,same_contract_descriptive
KXHOUSERACE-TX25-26-D,KXHOUSERACE,KXHOUSERACE-TX25-26,Will Democratic win the House race for TX-25?,Dione Sims,,active,US_2026_general_election,14,usable,usable,0.06,0.0745,-1.45,2026-09-08T15:00:00Z,2026-08-25T13:00:00Z,same_contract_descriptive
KXHOUSERACE-TX25-26-D,KXHOUSERACE,KXHOUSERACE-TX25-26,Will Democratic win the House race for TX-25?,Dione Sims,,active,US_2026_general_election,28,usable,usable,0.06,0.0875,-2.7499999999999996,2026-09-08T15:00:00Z,2026-08-11T15:00:00Z,same_contract_descriptive
KXHOUSERACE-TX23-26-R,KXHOUSERACE,KXHOUSERACE-TX23-26,Will Republican win the House race for TX-23?,Brandon Herrera,,active,US_2026_general_election,7,usable,usable,0.72,0.7,2.0000000000000018,2026-09-08T15:00:00Z,2026-09-01T15:00:00Z,same_contract_descriptive
KXHOUSERACE-TX23-26-R,KXHOUSERACE,KXHOUSERACE-TX23-26,Will Republican win the House race for TX-23?,Brandon Herrera,,active,US_2026_general_election,14,usable,usable,0.72,0.705,1.5000000000000013,2026-09-08T15:00:00Z,2026-08-25T15:00:00Z,same_contract_descriptive
KXHOUSERACE-TX23-26-R,KXHOUSERACE,KXHOUSERACE-TX23-26,Will Republican win the House race for TX-23?,Brandon Herrera,,active,US_2026_general_election,28,usable,usable,0.72,0.67,4.999999999999993,2026-09-08T15:00:00Z,2026-08-11T15:00:00Z,same_contract_descriptive
KXHOUSERACE-TX23-26-D,KXHOUSERACE,KXHOUSERACE-TX23-26,Will Democratic win the House race for TX-23?,Katy Padilla Stout,,active,US_2026_general_election,7,usable,usable,0.28,0.325,-4.499999999999998,2026-09-08T14:00:00Z,2026-09-01T14:00:00Z,same_contract_descriptive
KXHOUSERACE-TX23-26-D,KXHOUSERACE,KXHOUSERACE-TX23-26,Will Democratic win the House race for TX-23?,Katy Padilla Stout,,active,US_2026_general_election,14,usable,usable,0.28,0.29500000000000004,-1.5000000000000013,2026-09-08T14:00:00Z,2026-08-25T15:00:00Z,same_contract_descriptive
KXHOUSERACE-TX23-26-D,KXHOUSERACE,KXHOUSERACE-TX23-26,Will Democratic win the House race for TX-23?,Katy Padilla Stout,,active,US_2026_general_election,28,usable,usable,0.28,0.33499999999999996,-5.499999999999994,2026-09-08T14:00:00Z,2026-08-11T15:00:00Z,same_contract_descriptive
KXHOUSERACE-TX22-26-R,KXHOUSERACE,KXHOUSERACE-TX22-26,Will Republican win the House race for TX-22?,Trever Nehls,,active,US_2026_general_election,7,usable,usable,0.9175,0.917,0.04999999999999449,2026-09-08T14:00:00Z,2026-09-01T14:00:00Z,same_contract_descriptive
KXHOUSERACE-TX22-26-R,KXHOUSERACE,KXHOUSERACE-TX22-26,Will Republican win the House race for TX-22?,Trever Nehls,,active,US_2026_general_election,14,usable,usable,0.9175,0.914,0.34999999999999476,2026-09-08T14:00:00Z,2026-08-25T13:00:00Z,same_contract_descriptive
KXHOUSERACE-TX22-26-R,KXHOUSERACE,KXHOUSERACE-TX22-26,Will Republican win the House race for TX-22?,Trever Nehls,,active,US_2026_general_election,28,usable,usable,0.9175,0.9065000000000001,1.0999999999999899,2026-09-08T14:00:00Z,2026-08-11T15:00:00Z,same_contract_descriptive
KXHOUSERACE-TX22-26-D,KXHOUSERACE,KXHOUSERACE-TX22-26,Will Democratic win the House race for TX-22?,Marquette Greene-Scott,,active,US_2026_general_election,7,usable,usable,0.0785,0.0835,-0.5000000000000004,2026-09-08T14:00:00Z,2026-09-01T14:00:00Z,same_contract_descriptive
KXHOUSERACE-TX22-26-D,KXHOUSERACE,KXHOUSERACE-TX22-26,Will Democratic win the House race for TX-22?,Marquette Greene-Scott,,active,US_2026_general_election,14,usable,usable,0.0785,0.081,-0.2500000000000002,2026-09-08T14:00:00Z,2026-08-25T13:00:00Z,same_contract_descriptive
KXHOUSERACE-TX22-26-D,KXHOUSERACE,KXHOUSERACE-TX22-26,Will Democratic win the House race for TX-22?,Marquette Greene-Scott,,active,US_2026_general_election,28,usable,usable,0.0785,0.0985,-2.0000000000000004,2026-09-08T14:00:00Z,2026-08-11T15:00:00Z,same_contract_descriptive
KXHOUSERACE-TX21-26-R,KXHOUSERACE,KXHOUSERACE-TX21-26,Will Republican win the House race for TX-21?,Mark Teixeira,,active,US_2026_general_election,7,usable,usable,0.926,0.921,0.5000000000000004,2026-09-08T14:00:00Z,2026-09-01T12:00:00Z,same_contract_descriptive
KXHOUSERACE-TX21-26-R,KXHOUSERACE,KXHOUSERACE-TX21-26,Will Republican win the House race for TX-21?,Mark Teixeira,,active,US_2026_general_election,14,usable,usable,0.926,0.9285,-0.24999999999999467,2026-09-08T14:00:00Z,2026-08-25T13:00:00Z,same_contract_descriptive
KXHOUSERACE-TX21-26-R,KXHOUSERACE,KXHOUSERACE-TX21-26,Will Republican win the House race for TX-21?,Mark Teixeira,,active,US_2026_general_election,28,usable,usable,0.926,0.92,0.6000000000000005,2026-09-08T14:00:00Z,2026-08-11T15:00:00Z,same_contract_descriptive
KXHOUSERACE-TX21-26-D,KXHOUSERACE,KXHOUSERACE-TX21-26,Will Democratic win the House race for TX-21?,Kristin Hook,,active,US_2026_general_election,7,usable,usable,0.0405,0.041,-0.050000000000000044,2026-09-08T15:00:00Z,2026-09-01T12:00:00Z,same_contract_descriptive
KXHOUSERACE-TX21-26-D,KXHOUSERACE,KXHOUSERACE-TX21-26,Will Democratic win the House race for TX-21?,Kristin Hook,,active,US_2026_general_election,14,usable,usable,0.0405,0.07150000000000001,-3.1000000000000005,2026-09-08T15:00:00Z,2026-08-25T13:00:00Z,same_contract_descriptive
KXHOUSERACE-TX21-26-D,KXHOUSERACE,KXHOUSERACE-TX21-26,Will Democratic win the House race for TX-21?,Kristin Hook,,active,US_2026_general_election,28,usable,usable,0.0405,0.08,-3.95,2026-09-08T15:00:00Z,2026-08-11T15:00:00Z,same_contract_descriptive
KXHOUSERACE-TX20-26-R,KXHOUSERACE,KXHOUSERACE-TX20-26,Will Republican win the House race for TX-20?,Edgardo Baez,,active,US_2026_general_election,7,usable,usable,0.043500000000000004,0.041,0.2500000000000002,2026-09-08T15:00:00Z,2026-09-01T12:00:00Z,same_contract_descriptive
KXHOUSERACE-TX20-26-R,KXHOUSERACE,KXHOUSERACE-TX20-26,Will Republican win the House race for TX-20?,Edgardo Baez,,active,US_2026_general_election,14,usable,stale_observation,0.043500000000000004,,,2026-09-08T15:00:00Z,2026-08-24T09:00:00Z,not_comparable
KXHOUSERACE-TX20-26-R,KXHOUSERACE,KXHOUSERACE-TX20-26,Will Republican win the House race for TX-20?,Edgardo Baez,,active,US_2026_general_election,28,usable,usable,0.043500000000000004,0.054000000000000006,-1.0500000000000003,2026-09-08T15:00:00Z,2026-08-11T15:00:00Z,same_contract_descriptive
KXHOUSERACE-TX20-26-D,KXHOUSERACE,KXHOUSERACE-TX20-26,Will Democratic win the House race for TX-20?,Joaquin Castro,,active,US_2026_general_election,7,usable,usable,0.9485,0.9455,0.30000000000000027,2026-09-08T15:00:00Z,2026-09-01T15:00:00Z,same_contract_descriptive
KXHOUSERACE-TX20-26-D,KXHOUSERACE,KXHOUSERACE-TX20-26,Will Democratic win the House race for TX-20?,Joaquin Castro,,active,US_2026_general_election,14,usable,usable,0.9485,0.946,0.2500000000000058,2026-09-08T15:00:00Z,2026-08-24T17:00:00Z,same_contract_descriptive
KXHOUSERACE-TX20-26-D,KXHOUSERACE,KXHOUSERACE-TX20-26,Will Democratic win the House race for TX-20?,Joaquin Castro,,active,US_2026_general_election,28,usable,usable,0.9485,0.946,0.2500000000000058,2026-09-08T15:00:00Z,2026-08-11T15:00:00Z,same_contract_descriptive
KXHOUSERACE-TX19-26-R,KXHOUSERACE,KXHOUSERACE-TX19-26,Will Republican win the House race for TX-19?,Tom Sell,,active,US_2026_general_election,7,stale_observation,usable,,0.9605,,2026-09-04T20:00:00Z,2026-08-31T23:00:00Z,not_comparable
KXHOUSERACE-TX19-26-R,KXHOUSERACE,KXHOUSERACE-TX19-26,Will Republican win the House race for TX-19?,Tom Sell,,active,US_2026_general_election,14,stale_observation,usable,,0.963,,2026-09-04T20:00:00Z,2026-08-24T17:00:00Z,not_comparable
KXHOUSERACE-TX19-26-R,KXHOUSERACE,KXHOUSERACE-TX19-26,Will Republican win the House race for TX-19?,Tom Sell,,active,US_2026_general_election,28,stale_observation,usable,,0.9704999999999999,,2026-09-04T20:00:00Z,2026-08-11T15:00:00Z,not_comparable
KXHOUSERACE-TX19-26-D,KXHOUSERACE,KXHOUSERACE-TX19-26,Will Democratic win the House race for TX-19?,Kyle Rable,,active,US_2026_general_election,7,usable,stale_observation,0.021,,,2026-09-08T14:00:00Z,2026-08-24T17:00:00Z,not_comparable
KXHOUSERACE-TX19-26-D,KXHOUSERACE,KXHOUSERACE-TX19-26,Will Democratic win the House race for TX-19?,Kyle Rable,,active,US_2026_general_election,14,usable,usable,0.021,0.022,-0.09999999999999974,2026-09-08T14:00:00Z,2026-08-24T17:00:00Z,same_contract_descriptive
KXHOUSERACE-TX19-26-D,KXHOUSERACE,KXHOUSERACE-TX19-26,Will Democratic win the House race for TX-19?,Kyle Rable,,active,US_2026_general_election,28,usable,usable,0.021,0.027,-0.5999999999999999,2026-09-08T14:00:00Z,2026-08-11T15:00:00Z,same_contract_descriptive
KXHOUSERACE-TX18-26-R,KXHOUSERACE,KXHOUSERACE-TX18-26,Will Republican win the House race for TX-18?,Ronald Whitfield,,active,US_2026_general_election,7,stale_observation,usable,,0.029,,2026-09-07T08:00:00Z,2026-09-01T15:00:00Z,not_comparable
KXHOUSERACE-TX18-26-R,KXHOUSERACE,KXHOUSERACE-TX18-26,Will Republican win the House race for TX-18?,Ronald Whitfield,,active,US_2026_general_election,14,stale_observation,usable,,0.0305,,2026-09-07T08:00:00Z,2026-08-24T17:00:00Z,not_comparable
KXHOUSERACE-TX18-26-R,KXHOUSERACE,KXHOUSERACE-TX18-26,Will Republican win the House race for TX-18?,Ronald Whitfield,,active,US_2026_general_election,28,stale_observation,usable,,0.027000000000000003,,2026-09-07T08:00:00Z,2026-08-11T15:00:00Z,not_comparable
KXHOUSERACE-TX18-26-D,KXHOUSERACE,KXHOUSERACE-TX18-26,Will Democratic win the House race for TX-18?,Christian Menefee,,active,US_2026_general_election,7,stale_observation,usable,,0.9695,,2026-09-07T07:00:00Z,2026-09-01T15:00:00Z,not_comparable
KXHOUSERACE-TX18-26-D,KXHOUSERACE,KXHOUSERACE-TX18-26,Will Democratic win the House race for TX-18?,Christian Menefee,,active,US_2026_general_election,14,stale_observation,usable,,0.9644999999999999,,2026-09-07T07:00:00Z,2026-08-24T17:00:00Z,not_comparable
KXHOUSERACE-TX18-26-D,KXHOUSERACE,KXHOUSERACE-TX18-26,Will Democratic win the House race for TX-18?,Christian Menefee,,active,US_2026_general_election,28,stale_observation,usable,,0.973,,2026-09-07T07:00:00Z,2026-08-11T15:00:00Z,not_comparable
KXHOUSERACE-TX17-26-R,KXHOUSERACE,KXHOUSERACE-TX17-26,Will Republican win the House race for TX-17?,Pete Sessions,,active,US_2026_general_election,7,usable,usable,0.9415,0.942,-0.04999999999999449,2026-09-08T14:00:00Z,2026-09-01T15:00:00Z,same_contract_descriptive
KXHOUSERACE-TX17-26-R,KXHOUSERACE,KXHOUSERACE-TX17-26,Will Republican win the House race for TX-17?,Pete Sessions,,active,US_2026_general_election,14,usable,usable,0.9415,0.9495,-0.8000000000000007,2026-09-08T14:00:00Z,2026-08-25T13:00:00Z,same_contract_descriptive
KXHOUSERACE-TX17-26-R,KXHOUSERACE,KXHOUSERACE-TX17-26,Will Republican win the House race for TX-17?,Pete Sessions,,active,US_2026_general_election,28,usable,usable,0.9415,0.9279999999999999,1.3500000000000068,2026-09-08T14:00:00Z,2026-08-11T15:00:00Z,same_contract_descriptive
KXHOUSERACE-TX17-26-D,KXHOUSERACE,KXHOUSERACE-TX17-26,Will Democratic win the House race for TX-17?,Casey Shepard,,active,US_2026_general_election,7,usable,usable,0.062,0.062,0.0,2026-09-08T14:00:00Z,2026-09-01T15:00:00Z,same_contract_descriptive
KXHOUSERACE-TX17-26-D,KXHOUSERACE,KXHOUSERACE-TX17-26,Will Democratic win the House race for TX-17?,Casey Shepard,,active,US_2026_general_election,14,usable,usable,0.062,0.0385,2.35,2026-09-08T14:00:00Z,2026-08-25T13:00:00Z,same_contract_descriptive
KXHOUSERACE-TX17-26-D,KXHOUSERACE,KXHOUSERACE-TX17-26,Will Democratic win the House race for TX-17?,Casey Shepard,,active,US_2026_general_election,28,usable,usable,0.062,0.072,-0.9999999999999996,2026-09-08T14:00:00Z,2026-08-11T15:00:00Z,same_contract_descriptive
KXHOUSERACE-TX16-26-R,KXHOUSERACE,KXHOUSERACE-TX16-26,Will Republican win the House race for TX-16?,Adam Bauman,,active,US_2026_general_election,7,usable,usable,0.037,0.033,0.3999999999999997,2026-09-08T15:00:00Z,2026-09-01T12:00:00Z,same_contract_descriptive
KXHOUSERACE-TX16-26-R,KXHOUSERACE,KXHOUSERACE-TX16-26,Will Republican win the House race for TX-16?,Adam Bauman,,active,US_2026_general_election,14,usable,usable,0.037,0.0285,0.8499999999999998,2026-09-08T15:00:00Z,2026-08-25T11:00:00Z,same_contract_descriptive
KXHOUSERACE-TX16-26-R,KXHOUSERACE,KXHOUSERACE-TX16-26,Will Republican win the House race for TX-16?,Adam Bauman,,active,US_2026_general_election,28,usable,usable,0.037,0.028999999999999998,0.8,2026-09-08T15:00:00Z,2026-08-11T15:00:00Z,same_contract_descriptive
KXHOUSERACE-TX16-26-D,KXHOUSERACE,KXHOUSERACE-TX16-26,Will Democratic win the House race for TX-16?,Veronica Escobar,,active,US_2026_general_election,7,usable,usable,0.958,0.9615,-0.35000000000000586,2026-09-08T15:00:00Z,2026-09-01T12:00:00Z,same_contract_descriptive
KXHOUSERACE-TX16-26-D,KXHOUSERACE,KXHOUSERACE-TX16-26,Will Democratic win the House race for TX-16?,Veronica Escobar,,active,US_2026_general_election,14,usable,usable,0.958,0.9625,-0.45000000000000595,2026-09-08T15:00:00Z,2026-08-25T01:00:00Z,same_contract_descriptive
KXHOUSERACE-TX16-26-D,KXHOUSERACE,KXHOUSERACE-TX16-26,Will Democratic win the House race for TX-16?,Veronica Escobar,,active,US_2026_general_election,28,usable,usable,0.958,0.971,-1.3000000000000012,2026-09-08T15:00:00Z,2026-08-11T15:00:00Z,same_contract_descriptive
KXHOUSERACE-TX14-26-R,KXHOUSERACE,KXHOUSERACE-TX14-26,Will Republican win the House race for TX-14?,Randy Weber,,active,US_2026_general_election,7,usable,usable,0.9455,0.9450000000000001,0.04999999999999449,2026-09-08T14:00:00Z,2026-08-31T22:00:00Z,same_contract_descriptive
KXHOUSERACE-TX14-26-R,KXHOUSERACE,KXHOUSERACE-TX14-26,Will Republican win the House race for TX-14?,Randy Weber,,active,US_2026_general_election,14,usable,usable,0.9455,0.9545,-0.9000000000000008,2026-09-08T14:00:00Z,2026-08-24T17:00:00Z,same_contract_descriptive
KXHOUSERACE-TX14-26-R,KXHOUSERACE,KXHOUSERACE-TX14-26,Will Republican win the House race for TX-14?,Randy Weber,,active,US_2026_general_election,28,usable,usable,0.9455,0.9635,-1.8000000000000016,2026-09-08T14:00:00Z,2026-08-11T15:00:00Z,same_contract_descriptive
KXHOUSERACE-TX14-26-D,KXHOUSERACE,KXHOUSERACE-TX14-26,Will Democratic win the House race for TX-14?,Thurman Bartie,,active,US_2026_general_election,7,usable,usable,0.0395,0.036000000000000004,0.34999999999999964,2026-09-08T15:00:00Z,2026-09-01T12:00:00Z,same_contract_descriptive
KXHOUSERACE-TX14-26-D,KXHOUSERACE,KXHOUSERACE-TX14-26,Will Democratic win the House race for TX-14?,Thurman Bartie,,active,US_2026_general_election,14,usable,usable,0.0395,0.036500000000000005,0.2999999999999996,2026-09-08T15:00:00Z,2026-08-25T02:00:00Z,same_contract_descriptive
KXHOUSERACE-TX14-26-D,KXHOUSERACE,KXHOUSERACE-TX14-26,Will Democratic win the House race for TX-14?,Thurman Bartie,,active,US_2026_general_election,28,usable,usable,0.0395,0.036,0.3500000000000003,2026-09-08T15:00:00Z,2026-08-11T15:00:00Z,same_contract_descriptive
KXHOUSERACE-TX13-26-R,KXHOUSERACE,KXHOUSERACE-TX13-26,Will Republican win the House race for TX-13?,Ronny Jackson,,active,US_2026_general_election,7,stale_observation,stale_observation,,,,2026-09-06T23:00:00Z,2026-08-31T14:00:00Z,not_comparable
KXHOUSERACE-TX13-26-R,KXHOUSERACE,KXHOUSERACE-TX13-26,Will Republican win the House race for TX-13?,Ronny Jackson,,active,US_2026_general_election,14,stale_observation,usable,,0.965,,2026-09-06T23:00:00Z,2026-08-25T12:00:00Z,not_comparable
KXHOUSERACE-TX13-26-R,KXHOUSERACE,KXHOUSERACE-TX13-26,Will Republican win the House race for TX-13?,Ronny Jackson,,active,US_2026_general_election,28,stale_observation,usable,,0.946,,2026-09-06T23:00:00Z,2026-08-11T15:00:00Z,not_comparable
KXHOUSERACE-TX13-26-D,KXHOUSERACE,KXHOUSERACE-TX13-26,Will Democratic win the House race for TX-13?,Mark Nair,,active,US_2026_general_election,7,usable,usable,0.0305,0.0305,0.0,2026-09-08T14:00:00Z,2026-08-31T23:00:00Z,same_contract_descriptive
KXHOUSERACE-TX13-26-D,KXHOUSERACE,KXHOUSERACE-TX13-26,Will Democratic win the House race for TX-13?,Mark Nair,,active,US_2026_general_election,14,usable,usable,0.0305,0.0345,-0.40000000000000036,2026-09-08T14:00:00Z,2026-08-25T14:00:00Z,same_contract_descriptive
KXHOUSERACE-TX13-26-D,KXHOUSERACE,KXHOUSERACE-TX13-26,Will Democratic win the House race for TX-13?,Mark Nair,,active,US_2026_general_election,28,usable,usable,0.0305,0.0445,-1.4,2026-09-08T14:00:00Z,2026-08-11T15:00:00Z,same_contract_descriptive
KXHOUSERACE-TX12-26-R,KXHOUSERACE,KXHOUSERACE-TX12-26,Will Republican win the House race for TX-12?,Craig Goldman,,active,US_2026_general_election,7,usable,usable,0.929,0.929,0.0,2026-09-08T14:00:00Z,2026-09-01T15:00:00Z,same_contract_descriptive
KXHOUSERACE-TX12-26-R,KXHOUSERACE,KXHOUSERACE-TX12-26,Will Republican win the House race for TX-12?,Craig Goldman,,active,US_2026_general_election,14,usable,usable,0.929,0.935,-0.6000000000000005,2026-09-08T14:00:00Z,2026-08-25T15:00:00Z,same_contract_descriptive
KXHOUSERACE-TX12-26-R,KXHOUSERACE,KXHOUSERACE-TX12-26,Will Republican win the House race for TX-12?,Craig Goldman,,active,US_2026_general_election,28,usable,usable,0.929,0.9299999999999999,-0.09999999999998899,2026-09-08T14:00:00Z,2026-08-11T15:00:00Z,same_contract_descriptive
KXHOUSERACE-TX12-26-D,KXHOUSERACE,KXHOUSERACE-TX12-26,Will Democratic win the House race for TX-12?,Angela Rodriguez Prilliman,,active,US_2026_general_election,7,usable,usable,0.0665,0.0655,0.10000000000000009,2026-09-08T14:00:00Z,2026-09-01T14:00:00Z,same_contract_descriptive
KXHOUSERACE-TX12-26-D,KXHOUSERACE,KXHOUSERACE-TX12-26,Will Democratic win the House race for TX-12?,Angela Rodriguez Prilliman,,active,US_2026_general_election,14,usable,usable,0.0665,0.057999999999999996,0.8500000000000008,2026-09-08T14:00:00Z,2026-08-25T13:00:00Z,same_contract_descriptive
KXHOUSERACE-TX12-26-D,KXHOUSERACE,KXHOUSERACE-TX12-26,Will Democratic win the House race for TX-12?,Angela Rodriguez Prilliman,,active,US_2026_general_election,28,usable,usable,0.0665,0.0625,0.40000000000000036,2026-09-08T14:00:00Z,2026-08-11T15:00:00Z,same_contract_descriptive
KXHOUSERACE-TX11-26-R,KXHOUSERACE,KXHOUSERACE-TX11-26,Will Republican win the House race for TX-11?,August Pfluger,,active,US_2026_general_election,7,usable,usable,0.937,0.937,0.0,2026-09-08T14:00:00Z,2026-09-01T15:00:00Z,same_contract_descriptive
KXHOUSERACE-TX11-26-R,KXHOUSERACE,KXHOUSERACE-TX11-26,Will Republican win the House race for TX-11?,August Pfluger,,active,US_2026_general_election,14,usable,usable,0.937,0.9355,0.15000000000000568,2026-09-08T14:00:00Z,2026-08-25T07:00:00Z,same_contract_descriptive
KXHOUSERACE-TX11-26-R,KXHOUSERACE,KXHOUSERACE-TX11-26,Will Republican win the House race for TX-11?,August Pfluger,,active,US_2026_general_election,28,usable,stale_observation,0.937,,,2026-09-08T14:00:00Z,2026-08-05T03:00:00Z,not_comparable
KXHOUSERACE-TX11-26-D,KXHOUSERACE,KXHOUSERACE-TX11-26,Will Democratic win the House race for TX-11?,Claire Reynolds,,active,US_2026_general_election,7,usable,usable,0.061,0.061,0.0,2026-09-08T14:00:00Z,2026-09-01T12:00:00Z,same_contract_descriptive
KXHOUSERACE-TX11-26-D,KXHOUSERACE,KXHOUSERACE-TX11-26,Will Democratic win the House race for TX-11?,Claire Reynolds,,active,US_2026_general_election,14,usable,usable,0.061,0.065,-0.40000000000000036,2026-09-08T14:00:00Z,2026-08-25T07:00:00Z,same_contract_descriptive
KXHOUSERACE-TX11-26-D,KXHOUSERACE,KXHOUSERACE-TX11-26,Will Democratic win the House race for TX-11?,Claire Reynolds,,active,US_2026_general_election,28,usable,usable,0.061,0.08650000000000001,-2.5500000000000007,2026-09-08T14:00:00Z,2026-08-11T15:00:00Z,same_contract_descriptive
KXHOUSERACE-TX10-26-R,KXHOUSERACE,KXHOUSERACE-TX10-26,Will Republican win the House race for TX-10?,Chris Gober,,active,US_2026_general_election,7,usable,usable,0.9065000000000001,0.908,-0.14999999999999458,2026-09-08T15:00:00Z,2026-09-01T15:00:00Z,same_contract_descriptive
KXHOUSERACE-TX10-26-R,KXHOUSERACE,KXHOUSERACE-TX10-26,Will Republican win the House race for TX-10?,Chris Gober,,active,US_2026_general_election,14,usable,usable,0.9065000000000001,0.91,-0.34999999999999476,2026-09-08T15:00:00Z,2026-08-25T15:00:00Z,same_contract_descriptive
KXHOUSERACE-TX10-26-R,KXHOUSERACE,KXHOUSERACE-TX10-26,Will Republican win the House race for TX-10?,Chris Gober,,active,US_2026_general_election,28,usable,usable,0.9065000000000001,0.894,1.2500000000000067,2026-09-08T15:00:00Z,2026-08-11T15:00:00Z,same_contract_descriptive
KXHOUSERACE-TX10-26-D,KXHOUSERACE,KXHOUSERACE-TX10-26,Will Democratic win the House race for TX-10?,Caitlin Rourk,,active,US_2026_general_election,7,usable,usable,0.0785,0.10650000000000001,-2.800000000000001,2026-09-08T15:00:00Z,2026-09-01T15:00:00Z,same_contract_descriptive
KXHOUSERACE-TX10-26-D,KXHOUSERACE,KXHOUSERACE-TX10-26,Will Democratic win the House race for TX-10?,Caitlin Rourk,,active,US_2026_general_election,14,usable,usable,0.0785,0.09,-1.1499999999999997,2026-09-08T15:00:00Z,2026-08-25T15:00:00Z,same_contract_descriptive
KXHOUSERACE-TX10-26-D,KXHOUSERACE,KXHOUSERACE-TX10-26,Will Democratic win the House race for TX-10?,Caitlin Rourk,,active,US_2026_general_election,28,usable,usable,0.0785,0.106,-2.7499999999999996,2026-09-08T15:00:00Z,2026-08-11T15:00:00Z,same_contract_descriptive
KXHOUSERACE-TX08-26-R,KXHOUSERACE,KXHOUSERACE-TX08-26,Will Republican win the House race for TX-08?,Jessica Steinmann,,active,US_2026_general_election,7,usable,usable,0.964,0.9455,1.849999999999996,2026-09-08T14:00:00Z,2026-09-01T12:00:00Z,same_contract_descriptive
KXHOUSERACE-TX08-26-R,KXHOUSERACE,KXHOUSERACE-TX08-26,Will Republican win the House race for TX-08?,Jessica Steinmann,,active,US_2026_general_election,14,usable,usable,0.964,0.9510000000000001,1.29999999999999,2026-09-08T14:00:00Z,2026-08-25T11:00:00Z,same_contract_descriptive
KXHOUSERACE-TX08-26-R,KXHOUSERACE,KXHOUSERACE-TX08-26,Will Republican win the House race for TX-08?,Jessica Steinmann,,active,US_2026_general_election,28,usable,usable,0.964,0.9470000000000001,1.6999999999999904,2026-09-08T14:00:00Z,2026-08-11T15:00:00Z,same_contract_descriptive
KXHOUSERACE-TX08-26-D,KXHOUSERACE,KXHOUSERACE-TX08-26,Will Democratic win the House race for TX-08?,Laura Jones,,active,US_2026_general_election,7,usable,usable,0.028999999999999998,0.0405,-1.1500000000000004,2026-09-08T14:00:00Z,2026-09-01T14:00:00Z,same_contract_descriptive
KXHOUSERACE-TX08-26-D,KXHOUSERACE,KXHOUSERACE-TX08-26,Will Democratic win the House race for TX-08?,Laura Jones,,active,US_2026_general_election,14,usable,usable,0.028999999999999998,0.039,-1.0000000000000002,2026-09-08T14:00:00Z,2026-08-25T06:00:00Z,same_contract_descriptive
KXHOUSERACE-TX08-26-D,KXHOUSERACE,KXHOUSERACE-TX08-26,Will Democratic win the House race for TX-08?,Laura Jones,,active,US_2026_general_election,28,usable,usable,0.028999999999999998,0.0435,-1.45,2026-09-08T14:00:00Z,2026-08-11T15:00:00Z,same_contract_descriptive
KXHOUSERACE-TX07-26-R,KXHOUSERACE,KXHOUSERACE-TX07-26,Will Republican win the House race for TX-07?,Alexander Hale,,active,US_2026_general_election,7,usable,usable,0.0375,0.031,0.6499999999999999,2026-09-08T15:00:00Z,2026-09-01T12:00:00Z,same_contract_descriptive
KXHOUSERACE-TX07-26-R,KXHOUSERACE,KXHOUSERACE-TX07-26,Will Republican win the House race for TX-07?,Alexander Hale,,active,US_2026_general_election,14,usable,usable,0.0375,0.053500000000000006,-1.6000000000000008,2026-09-08T15:00:00Z,2026-08-25T12:00:00Z,same_contract_descriptive
KXHOUSERACE-TX07-26-R,KXHOUSERACE,KXHOUSERACE-TX07-26,Will Republican win the House race for TX-07?,Alexander Hale,,active,US_2026_general_election,28,usable,usable,0.0375,0.058499999999999996,-2.0999999999999996,2026-09-08T15:00:00Z,2026-08-11T15:00:00Z,same_contract_descriptive
KXHOUSERACE-TX07-26-D,KXHOUSERACE,KXHOUSERACE-TX07-26,Will Democratic win the House race for TX-07?,Lizzie Fletcher,,active,US_2026_general_election,7,usable,usable,0.9445,0.944,0.050000000000005596,2026-09-08T14:00:00Z,2026-09-01T12:00:00Z,same_contract_descriptive
KXHOUSERACE-TX07-26-D,KXHOUSERACE,KXHOUSERACE-TX07-26,Will Democratic win the House race for TX-07?,Lizzie Fletcher,,active,US_2026_general_election,14,usable,usable,0.9445,0.938,0.6500000000000061,2026-09-08T14:00:00Z,2026-08-25T11:00:00Z,same_contract_descriptive
KXHOUSERACE-TX07-26-D,KXHOUSERACE,KXHOUSERACE-TX07-26,Will Democratic win the House race for TX-07?,Lizzie Fletcher,,active,US_2026_general_election,28,usable,usable,0.9445,0.9410000000000001,0.34999999999999476,2026-09-08T14:00:00Z,2026-08-11T15:00:00Z,same_contract_descriptive
KXHOUSERACE-TX06-26-R,KXHOUSERACE,KXHOUSERACE-TX06-26,Will Republican win the House race for TX-06?,Jake Ellzey,,active,US_2026_general_election,7,usable,usable,0.9445,0.925,1.9499999999999962,2026-09-08T14:00:00Z,2026-09-01T12:00:00Z,same_contract_descriptive
KXHOUSERACE-TX06-26-R,KXHOUSERACE,KXHOUSERACE-TX06-26,Will Republican win the House race for TX-06?,Jake Ellzey,,active,US_2026_general_election,14,usable,usable,0.9445,0.9305,1.4000000000000012,2026-09-08T14:00:00Z,2026-08-25T13:00:00Z,same_contract_descriptive
KXHOUSERACE-TX06-26-R,KXHOUSERACE,KXHOUSERACE-TX06-26,Will Republican win the House race for TX-06?,Jake Ellzey,,active,US_2026_general_election,28,usable,usable,0.9445,0.931,1.3499999999999956,2026-09-08T14:00:00Z,2026-08-11T15:00:00Z,same_contract_descriptive
KXHOUSERACE-TX06-26-D,KXHOUSERACE,KXHOUSERACE-TX06-26,Will Democratic win the House race for TX-06?,Danny Minton,,active,US_2026_general_election,7,usable,usable,0.048,0.0675,-1.9500000000000004,2026-09-08T15:00:00Z,2026-09-01T15:00:00Z,same_contract_descriptive
KXHOUSERACE-TX06-26-D,KXHOUSERACE,KXHOUSERACE-TX06-26,Will Democratic win the House race for TX-06?,Danny Minton,,active,US_2026_general_election,14,usable,usable,0.048,0.064,-1.6,2026-09-08T15:00:00Z,2026-08-25T15:00:00Z,same_contract_descriptive
KXHOUSERACE-TX06-26-D,KXHOUSERACE,KXHOUSERACE-TX06-26,Will Democratic win the House race for TX-06?,Danny Minton,,active,US_2026_general_election,28,usable,usable,0.048,0.069,-2.1000000000000005,2026-09-08T15:00:00Z,2026-08-11T15:00:00Z,same_contract_descriptive
KXHOUSERACE-TX05-26-R,KXHOUSERACE,KXHOUSERACE-TX05-26,Will Republican win the House race for TX-05?,Lance Gooden,,active,US_2026_general_election,7,usable,usable,0.9405,0.9395,0.10000000000000009,2026-09-08T15:00:00Z,2026-09-01T15:00:00Z,same_contract_descriptive
KXHOUSERACE-TX05-26-R,KXHOUSERACE,KXHOUSERACE-TX05-26,Will Republican win the House race for TX-05?,Lance Gooden,,active,US_2026_general_election,14,usable,usable,0.9405,0.935,0.5499999999999949,2026-09-08T15:00:00Z,2026-08-25T13:00:00Z,same_contract_descriptive
KXHOUSERACE-TX05-26-R,KXHOUSERACE,KXHOUSERACE-TX05-26,Will Republican win the House race for TX-05?,Lance Gooden,,active,US_2026_general_election,28,usable,usable,0.9405,0.9299999999999999,1.0500000000000065,2026-09-08T15:00:00Z,2026-08-11T15:00:00Z,same_contract_descriptive
KXHOUSERACE-TX05-26-D,KXHOUSERACE,KXHOUSERACE-TX05-26,Will Democratic win the House race for TX-05?,Chelsey Hockett,,active,US_2026_general_election,7,usable,usable,0.06,0.0585,0.14999999999999944,2026-09-08T15:00:00Z,2026-09-01T12:00:00Z,same_contract_descriptive
KXHOUSERACE-TX05-26-D,KXHOUSERACE,KXHOUSERACE-TX05-26,Will Democratic win the House race for TX-05?,Chelsey Hockett,,active,US_2026_general_election,14,usable,usable,0.06,0.0645,-0.4500000000000004,2026-09-08T15:00:00Z,2026-08-25T13:00:00Z,same_contract_descriptive
KXHOUSERACE-TX05-26-D,KXHOUSERACE,KXHOUSERACE-TX05-26,Will Democratic win the House race for TX-05?,Chelsey Hockett,,active,US_2026_general_election,28,usable,usable,0.06,0.07,-1.0000000000000009,2026-09-08T15:00:00Z,2026-08-11T15:00:00Z,same_contract_descriptive
KXHOUSERACE-TX04-26-R,KXHOUSERACE,KXHOUSERACE-TX04-26,Will Republican win the House race for TX-04?,Pat Fallon,,active,US_2026_general_election,7,usable,usable,0.9319999999999999,0.929,0.29999999999998916,2026-09-08T14:00:00Z,2026-09-01T12:00:00Z,same_contract_descriptive
KXHOUSERACE-TX04-26-R,KXHOUSERACE,KXHOUSERACE-TX04-26,Will Republican win the House race for TX-04?,Pat Fallon,,active,US_2026_general_election,14,usable,usable,0.9319999999999999,0.933,-0.10000000000001119,2026-09-08T14:00:00Z,2026-08-25T13:00:00Z,same_contract_descriptive
KXHOUSERACE-TX04-26-R,KXHOUSERACE,KXHOUSERACE-TX04-26,Will Republican win the House race for TX-04?,Pat Fallon,,active,US_2026_general_election,28,usable,usable,0.9319999999999999,0.925,0.6999999999999895,2026-09-08T14:00:00Z,2026-08-11T15:00:00Z,same_contract_descriptive
KXHOUSERACE-TX04-26-D,KXHOUSERACE,KXHOUSERACE-TX04-26,Will Democratic win the House race for TX-04?,Jason Pearce,,active,US_2026_general_election,7,usable,usable,0.0725,0.07,0.24999999999999883,2026-09-08T14:00:00Z,2026-09-01T12:00:00Z,same_contract_descriptive
KXHOUSERACE-TX04-26-D,KXHOUSERACE,KXHOUSERACE-TX04-26,Will Democratic win the House race for TX-04?,Jason Pearce,,active,US_2026_general_election,14,usable,usable,0.0725,0.067,0.5499999999999992,2026-09-08T14:00:00Z,2026-08-25T13:00:00Z,same_contract_descriptive
KXHOUSERACE-TX04-26-D,KXHOUSERACE,KXHOUSERACE-TX04-26,Will Democratic win the House race for TX-04?,Jason Pearce,,active,US_2026_general_election,28,usable,usable,0.0725,0.075,-0.2500000000000002,2026-09-08T14:00:00Z,2026-08-11T15:00:00Z,same_contract_descriptive
KXHOUSERACE-TX03-26-R,KXHOUSERACE,KXHOUSERACE-TX03-26,Will Republican win the House race for TX-03?,Keith Self,,active,US_2026_general_election,7,usable,usable,0.9145,0.9195,-0.5000000000000004,2026-09-08T15:00:00Z,2026-09-01T15:00:00Z,same_contract_descriptive
KXHOUSERACE-TX03-26-R,KXHOUSERACE,KXHOUSERACE-TX03-26,Will Republican win the House race for TX-03?,Keith Self,,active,US_2026_general_election,14,usable,usable,0.9145,0.9205,-0.6000000000000005,2026-09-08T15:00:00Z,2026-08-25T11:00:00Z,same_contract_descriptive
KXHOUSERACE-TX03-26-R,KXHOUSERACE,KXHOUSERACE-TX03-26,Will Republican win the House race for TX-03?,Keith Self,,active,US_2026_general_election,28,usable,usable,0.9145,0.927,-1.2500000000000067,2026-09-08T15:00:00Z,2026-08-11T15:00:00Z,same_contract_descriptive
KXHOUSERACE-TX03-26-D,KXHOUSERACE,KXHOUSERACE-TX03-26,Will Democratic win the House race for TX-03?,Evan Hunt,,active,US_2026_general_election,7,usable,usable,0.06999999999999999,0.0745,-0.4500000000000004,2026-09-08T15:00:00Z,2026-09-01T15:00:00Z,same_contract_descriptive
KXHOUSERACE-TX03-26-D,KXHOUSERACE,KXHOUSERACE-TX03-26,Will Democratic win the House race for TX-03?,Evan Hunt,,active,US_2026_general_election,14,usable,usable,0.06999999999999999,0.07,-1.3877787807814457e-15,2026-09-08T15:00:00Z,2026-08-25T15:00:00Z,same_contract_descriptive
KXHOUSERACE-TX03-26-D,KXHOUSERACE,KXHOUSERACE-TX03-26,Will Democratic win the House race for TX-03?,Evan Hunt,,active,US_2026_general_election,28,usable,usable,0.06999999999999999,0.0735,-0.3500000000000003,2026-09-08T15:00:00Z,2026-08-11T15:00:00Z,same_contract_descriptive
KXHOUSERACE-TX02-26-R,KXHOUSERACE,KXHOUSERACE-TX02-26,Will Republican win the House race for TX-02?,Steve Toth,,active,US_2026_general_election,7,usable,usable,0.9265,0.9179999999999999,0.8500000000000063,2026-09-08T14:00:00Z,2026-09-01T12:00:00Z,same_contract_descriptive
KXHOUSERACE-TX02-26-R,KXHOUSERACE,KXHOUSERACE-TX02-26,Will Republican win the House race for TX-02?,Steve Toth,,active,US_2026_general_election,14,usable,usable,0.9265,0.918,0.8499999999999952,2026-09-08T14:00:00Z,2026-08-25T06:00:00Z,same_contract_descriptive
KXHOUSERACE-TX02-26-R,KXHOUSERACE,KXHOUSERACE-TX02-26,Will Republican win the House race for TX-02?,Steve Toth,,active,US_2026_general_election,28,usable,usable,0.9265,0.9035,2.300000000000002,2026-09-08T14:00:00Z,2026-08-11T15:00:00Z,same_contract_descriptive
KXHOUSERACE-TX02-26-D,KXHOUSERACE,KXHOUSERACE-TX02-26,Will Democratic win the House race for TX-02?,Shaun Finnie,,active,US_2026_general_election,7,usable,usable,0.0795,0.092,-1.2499999999999998,2026-09-08T14:00:00Z,2026-09-01T14:00:00Z,same_contract_descriptive
KXHOUSERACE-TX02-26-D,KXHOUSERACE,KXHOUSERACE-TX02-26,Will Democratic win the House race for TX-02?,Shaun Finnie,,active,US_2026_general_election,14,usable,usable,0.0795,0.092,-1.2499999999999998,2026-09-08T14:00:00Z,2026-08-25T07:00:00Z,same_contract_descriptive
KXHOUSERACE-TX02-26-D,KXHOUSERACE,KXHOUSERACE-TX02-26,Will Democratic win the House race for TX-02?,Shaun Finnie,,active,US_2026_general_election,28,usable,usable,0.0795,0.0965,-1.7000000000000002,2026-09-08T14:00:00Z,2026-08-11T15:00:00Z,same_contract_descriptive
KXHOUSERACE-TX01-26-R,KXHOUSERACE,KXHOUSERACE-TX01-26,Will Republican win the House race for TX-01?,Nathaniel Moran,,active,US_2026_general_election,7,usable,usable,0.976,0.972,0.40000000000000036,2026-09-08T14:00:00Z,2026-09-01T12:00:00Z,same_contract_descriptive
KXHOUSERACE-TX01-26-R,KXHOUSERACE,KXHOUSERACE-TX01-26,Will Republican win the House race for TX-01?,Nathaniel Moran,,active,US_2026_general_election,14,usable,usable,0.976,0.968,0.8000000000000007,2026-09-08T14:00:00Z,2026-08-25T11:00:00Z,same_contract_descriptive
KXHOUSERACE-TX01-26-R,KXHOUSERACE,KXHOUSERACE-TX01-26,Will Republican win the House race for TX-01?,Nathaniel Moran,,active,US_2026_general_election,28,usable,usable,0.976,0.967,0.9000000000000008,2026-09-08T14:00:00Z,2026-08-11T15:00:00Z,same_contract_descriptive
KXHOUSERACE-TX01-26-D,KXHOUSERACE,KXHOUSERACE-TX01-26,Will Democratic win the House race for TX-01?,Yolanda R. Prince ,,active,US_2026_general_election,7,usable,usable,0.018500000000000003,0.0235,-0.4999999999999998,2026-09-08T14:00:00Z,2026-09-01T15:00:00Z,same_contract_descriptive
KXHOUSERACE-TX01-26-D,KXHOUSERACE,KXHOUSERACE-TX01-26,Will Democratic win the House race for TX-01?,Yolanda R. Prince ,,active,US_2026_general_election,14,usable,usable,0.018500000000000003,0.023,-0.44999999999999973,2026-09-08T14:00:00Z,2026-08-25T14:00:00Z,same_contract_descriptive
KXHOUSERACE-TX01-26-D,KXHOUSERACE,KXHOUSERACE-TX01-26,Will Democratic win the House race for TX-01?,Yolanda R. Prince ,,active,US_2026_general_election,28,usable,usable,0.018500000000000003,0.027,-0.8499999999999998,2026-09-08T14:00:00Z,2026-08-11T15:00:00Z,same_contract_descriptive
KXHOUSERACE-TN09-26-R,KXHOUSERACE,KXHOUSERACE-TN09-26,Will Republican win the House race for TN-09?,Brent Taylor,,active,US_2026_general_election,7,usable,usable,0.899,0.8945000000000001,0.44999999999999485,2026-09-08T15:00:00Z,2026-09-01T13:00:00Z,same_contract_descriptive
KXHOUSERACE-TN09-26-R,KXHOUSERACE,KXHOUSERACE-TN09-26,Will Republican win the House race for TN-09?,Brent Taylor,,active,US_2026_general_election,14,usable,usable,0.899,0.87,2.9000000000000026,2026-09-08T15:00:00Z,2026-08-25T13:00:00Z,same_contract_descriptive
KXHOUSERACE-TN09-26-R,KXHOUSERACE,KXHOUSERACE-TN09-26,Will Republican win the House race for TN-09?,Brent Taylor,,active,US_2026_general_election,28,usable,usable,0.899,0.875,2.400000000000002,2026-09-08T15:00:00Z,2026-08-11T15:00:00Z,same_contract_descriptive
KXHOUSERACE-TN09-26-D,KXHOUSERACE,KXHOUSERACE-TN09-26,Will Democratic win the House race for TN-09?,Justin J. Pearson,,active,US_2026_general_election,7,usable,usable,0.1105,0.125,-1.45,2026-09-08T15:00:00Z,2026-09-01T14:00:00Z,same_contract_descriptive
KXHOUSERACE-TN09-26-D,KXHOUSERACE,KXHOUSERACE-TN09-26,Will Democratic win the House race for TN-09?,Justin J. Pearson,,active,US_2026_general_election,14,usable,usable,0.1105,0.155,-4.45,2026-09-08T15:00:00Z,2026-08-24T18:00:00Z,same_contract_descriptive
KXHOUSERACE-TN09-26-D,KXHOUSERACE,KXHOUSERACE-TN09-26,Will Democratic win the House race for TN-09?,Justin J. Pearson,,active,US_2026_general_election,28,usable,usable,0.1105,0.125,-1.45,2026-09-08T15:00:00Z,2026-08-11T15:00:00Z,same_contract_descriptive
KXHOUSERACE-TN08-26-R,KXHOUSERACE,KXHOUSERACE-TN08-26,Will Republican win the House race for TN-08?,David Kustoff,,active,US_2026_general_election,7,usable,usable,0.9315,0.9195,1.200000000000001,2026-09-08T14:00:00Z,2026-09-01T12:00:00Z,same_contract_descriptive
KXHOUSERACE-TN08-26-R,KXHOUSERACE,KXHOUSERACE-TN08-26,Will Republican win the House race for TN-08?,David Kustoff,,active,US_2026_general_election,14,usable,usable,0.9315,0.9225,0.9000000000000008,2026-09-08T14:00:00Z,2026-08-25T13:00:00Z,same_contract_descriptive
KXHOUSERACE-TN08-26-R,KXHOUSERACE,KXHOUSERACE-TN08-26,Will Republican win the House race for TN-08?,David Kustoff,,active,US_2026_general_election,28,usable,usable,0.9315,0.919,1.2499999999999956,2026-09-08T14:00:00Z,2026-08-11T15:00:00Z,same_contract_descriptive
KXHOUSERACE-TN08-26-D,KXHOUSERACE,KXHOUSERACE-TN08-26,Will Democratic win the House race for TN-08?,Heidi Kuhn,,active,US_2026_general_election,7,usable,usable,0.063,0.09,-2.6999999999999997,2026-09-08T14:00:00Z,2026-09-01T15:00:00Z,same_contract_descriptive
KXHOUSERACE-TN08-26-D,KXHOUSERACE,KXHOUSERACE-TN08-26,Will Democratic win the House race for TN-08?,Heidi Kuhn,,active,US_2026_general_election,14,usable,usable,0.063,0.0825,-1.9500000000000004,2026-09-08T14:00:00Z,2026-08-25T14:00:00Z,same_contract_descriptive
KXHOUSERACE-TN08-26-D,KXHOUSERACE,KXHOUSERACE-TN08-26,Will Democratic win the House race for TN-08?,Heidi Kuhn,,active,US_2026_general_election,28,usable,usable,0.063,0.07500000000000001,-1.200000000000001,2026-09-08T14:00:00Z,2026-08-11T13:00:00Z,same_contract_descriptive
KXHOUSERACE-TN07-26-R,KXHOUSERACE,KXHOUSERACE-TN07-26,Will Republican win the House race for TN-07?,Matt Van Epps,,active,US_2026_general_election,7,usable,usable,0.9135,0.9195,-0.6000000000000005,2026-09-08T15:00:00Z,2026-09-01T12:00:00Z,same_contract_descriptive
KXHOUSERACE-TN07-26-R,KXHOUSERACE,KXHOUSERACE-TN07-26,Will Republican win the House race for TN-07?,Matt Van Epps,,active,US_2026_general_election,14,usable,usable,0.9135,0.927,-1.3500000000000068,2026-09-08T15:00:00Z,2026-08-25T13:00:00Z,same_contract_descriptive
KXHOUSERACE-TN07-26-R,KXHOUSERACE,KXHOUSERACE-TN07-26,Will Republican win the House race for TN-07?,Matt Van Epps,,active,US_2026_general_election,28,usable,usable,0.9135,0.915,-0.15000000000000568,2026-09-08T15:00:00Z,2026-08-11T15:00:00Z,same_contract_descriptive
KXHOUSERACE-TN07-26-D,KXHOUSERACE,KXHOUSERACE-TN07-26,Will Democratic win the House race for TN-07?,Darden Copeland,,active,US_2026_general_election,7,usable,usable,0.087,0.08549999999999999,0.15000000000000013,2026-09-08T15:00:00Z,2026-09-01T15:00:00Z,same_contract_descriptive
KXHOUSERACE-TN07-26-D,KXHOUSERACE,KXHOUSERACE-TN07-26,Will Democratic win the House race for TN-07?,Darden Copeland,,active,US_2026_general_election,14,usable,usable,0.087,0.073,1.4,2026-09-08T15:00:00Z,2026-08-25T13:00:00Z,same_contract_descriptive
KXHOUSERACE-TN07-26-D,KXHOUSERACE,KXHOUSERACE-TN07-26,Will Democratic win the House race for TN-07?,Darden Copeland,,active,US_2026_general_election,28,usable,usable,0.087,0.085,0.1999999999999988,2026-09-08T15:00:00Z,2026-08-11T15:00:00Z,same_contract_descriptive
KXHOUSERACE-TN06-26-R,KXHOUSERACE,KXHOUSERACE-TN06-26,Will Republican win the House race for TN-06?,Johnny Garrett,,active,US_2026_general_election,7,usable,usable,0.9535,0.9445,0.9000000000000008,2026-09-08T14:00:00Z,2026-09-01T12:00:00Z,same_contract_descriptive
KXHOUSERACE-TN06-26-R,KXHOUSERACE,KXHOUSERACE-TN06-26,Will Republican win the House race for TN-06?,Johnny Garrett,,active,US_2026_general_election,14,usable,usable,0.9535,0.942,1.1500000000000066,2026-09-08T14:00:00Z,2026-08-24T17:00:00Z,same_contract_descriptive
KXHOUSERACE-TN06-26-R,KXHOUSERACE,KXHOUSERACE-TN06-26,Will Republican win the House race for TN-06?,Johnny Garrett,,active,US_2026_general_election,28,usable,usable,0.9535,0.9475,0.6000000000000005,2026-09-08T14:00:00Z,2026-08-11T15:00:00Z,same_contract_descriptive
KXHOUSERACE-TN06-26-D,KXHOUSERACE,KXHOUSERACE-TN06-26,Will Democratic win the House race for TN-06?,Mike Croley,,active,US_2026_general_election,7,usable,usable,0.046,0.0545,-0.8500000000000001,2026-09-08T15:00:00Z,2026-09-01T12:00:00Z,same_contract_descriptive
KXHOUSERACE-TN06-26-D,KXHOUSERACE,KXHOUSERACE-TN06-26,Will Democratic win the House race for TN-06?,Mike Croley,,active,US_2026_general_election,14,usable,usable,0.046,0.057499999999999996,-1.1499999999999997,2026-09-08T15:00:00Z,2026-08-25T07:00:00Z,same_contract_descriptive
KXHOUSERACE-TN06-26-D,KXHOUSERACE,KXHOUSERACE-TN06-26,Will Democratic win the House race for TN-06?,Mike Croley,,active,US_2026_general_election,28,usable,usable,0.046,0.0475,-0.15000000000000013,2026-09-08T15:00:00Z,2026-08-11T15:00:00Z,same_contract_descriptive
KXHOUSERACE-TN05-26-R,KXHOUSERACE,KXHOUSERACE-TN05-26,Will Republican win the House race for TN-05?,Charlie Hatcher,,active,US_2026_general_election,7,usable,usable,0.8945000000000001,0.885,0.9500000000000064,2026-09-08T15:00:00Z,2026-09-01T15:00:00Z,same_contract_descriptive
KXHOUSERACE-TN05-26-R,KXHOUSERACE,KXHOUSERACE-TN05-26,Will Republican win the House race for TN-05?,Charlie Hatcher,,active,US_2026_general_election,14,usable,usable,0.8945000000000001,0.912,-1.749999999999996,2026-09-08T15:00:00Z,2026-08-25T14:00:00Z,same_contract_descriptive
KXHOUSERACE-TN05-26-R,KXHOUSERACE,KXHOUSERACE-TN05-26,Will Republican win the House race for TN-05?,Charlie Hatcher,,active,US_2026_general_election,28,usable,usable,0.8945000000000001,0.915,-2.0499999999999963,2026-09-08T15:00:00Z,2026-08-11T15:00:00Z,same_contract_descriptive
KXHOUSERACE-TN05-26-D,KXHOUSERACE,KXHOUSERACE-TN05-26,Will Democratic win the House race for TN-05?,Chaz Molder,,active,US_2026_general_election,7,usable,usable,0.101,0.125,-2.3999999999999995,2026-09-08T15:00:00Z,2026-09-01T15:00:00Z,same_contract_descriptive
KXHOUSERACE-TN05-26-D,KXHOUSERACE,KXHOUSERACE-TN05-26,Will Democratic win the House race for TN-05?,Chaz Molder,,active,US_2026_general_election,14,usable,usable,0.101,0.081,2.0000000000000004,2026-09-08T15:00:00Z,2026-08-25T15:00:00Z,same_contract_descriptive
KXHOUSERACE-TN05-26-D,KXHOUSERACE,KXHOUSERACE-TN05-26,Will Democratic win the House race for TN-05?,Chaz Molder,,active,US_2026_general_election,28,usable,usable,0.101,0.075,2.600000000000001,2026-09-08T15:00:00Z,2026-08-11T15:00:00Z,same_contract_descriptive
KXHOUSERACE-TN04-26-R,KXHOUSERACE,KXHOUSERACE-TN04-26,Will Republican win the House race for TN-04?,Scott DesJarlais,,active,US_2026_general_election,7,usable,usable,0.9455,0.9405,0.5000000000000004,2026-09-08T15:00:00Z,2026-09-01T12:00:00Z,same_contract_descriptive
KXHOUSERACE-TN04-26-R,KXHOUSERACE,KXHOUSERACE-TN04-26,Will Republican win the House race for TN-04?,Scott DesJarlais,,active,US_2026_general_election,14,usable,usable,0.9455,0.9405,0.5000000000000004,2026-09-08T15:00:00Z,2026-08-25T06:00:00Z,same_contract_descriptive
KXHOUSERACE-TN04-26-R,KXHOUSERACE,KXHOUSERACE-TN04-26,Will Republican win the House race for TN-04?,Scott DesJarlais,,active,US_2026_general_election,28,usable,usable,0.9455,0.951,-0.5499999999999949,2026-09-08T15:00:00Z,2026-08-11T15:00:00Z,same_contract_descriptive
KXHOUSERACE-TN04-26-D,KXHOUSERACE,KXHOUSERACE-TN04-26,Will Democratic win the House race for TN-04?,Victoria Broderick,,active,US_2026_general_election,7,usable,usable,0.0575,0.0595,-0.19999999999999948,2026-09-08T15:00:00Z,2026-09-01T12:00:00Z,same_contract_descriptive
KXHOUSERACE-TN04-26-D,KXHOUSERACE,KXHOUSERACE-TN04-26,Will Democratic win the House race for TN-04?,Victoria Broderick,,active,US_2026_general_election,14,usable,usable,0.0575,0.0595,-0.19999999999999948,2026-09-08T15:00:00Z,2026-08-25T06:00:00Z,same_contract_descriptive
KXHOUSERACE-TN04-26-D,KXHOUSERACE,KXHOUSERACE-TN04-26,Will Democratic win the House race for TN-04?,Victoria Broderick,,active,US_2026_general_election,28,usable,usable,0.0575,0.0485,0.9000000000000001,2026-09-08T15:00:00Z,2026-08-11T15:00:00Z,same_contract_descriptive
KXHOUSERACE-TN03-26-R,KXHOUSERACE,KXHOUSERACE-TN03-26,Will Republican win the House race for TN-03?,Chuck Fleischmann,,active,US_2026_general_election,7,usable,usable,0.962,0.9455,1.649999999999996,2026-09-08T14:00:00Z,2026-09-01T12:00:00Z,same_contract_descriptive
KXHOUSERACE-TN03-26-R,KXHOUSERACE,KXHOUSERACE-TN03-26,Will Republican win the House race for TN-03?,Chuck Fleischmann,,active,US_2026_general_election,14,usable,usable,0.962,0.9510000000000001,1.0999999999999899,2026-09-08T14:00:00Z,2026-08-25T11:00:00Z,same_contract_descriptive
KXHOUSERACE-TN03-26-R,KXHOUSERACE,KXHOUSERACE-TN03-26,Will Republican win the House race for TN-03?,Chuck Fleischmann,,active,US_2026_general_election,28,usable,usable,0.962,0.9615,0.04999999999999449,2026-09-08T14:00:00Z,2026-08-11T15:00:00Z,same_contract_descriptive
KXHOUSERACE-TN03-26-D,KXHOUSERACE,KXHOUSERACE-TN03-26,Will Democratic win the House race for TN-03?,Anna Golladay,,active,US_2026_general_election,7,usable,usable,0.036500000000000005,0.065,-2.8499999999999996,2026-09-08T14:00:00Z,2026-09-01T12:00:00Z,same_contract_descriptive
KXHOUSERACE-TN03-26-D,KXHOUSERACE,KXHOUSERACE-TN03-26,Will Democratic win the House race for TN-03?,Anna Golladay,,active,US_2026_general_election,14,usable,usable,0.036500000000000005,0.0635,-2.6999999999999997,2026-09-08T14:00:00Z,2026-08-25T11:00:00Z,same_contract_descriptive
KXHOUSERACE-TN03-26-D,KXHOUSERACE,KXHOUSERACE-TN03-26,Will Democratic win the House race for TN-03?,Anna Golladay,,active,US_2026_general_election,28,usable,usable,0.036500000000000005,0.0385,-0.19999999999999948,2026-09-08T14:00:00Z,2026-08-11T15:00:00Z,same_contract_descriptive
KXHOUSERACE-TN02-26-R,KXHOUSERACE,KXHOUSERACE-TN02-26,Will Republican win the House race for TN-02?,Tim Burchett,,active,US_2026_general_election,7,usable,usable,0.9485,0.94,0.8500000000000063,2026-09-08T14:00:00Z,2026-08-31T23:00:00Z,same_contract_descriptive
KXHOUSERACE-TN02-26-R,KXHOUSERACE,KXHOUSERACE-TN02-26,Will Republican win the House race for TN-02?,Tim Burchett,,active,US_2026_general_election,14,usable,usable,0.9485,0.9450000000000001,0.34999999999999476,2026-09-08T14:00:00Z,2026-08-24T17:00:00Z,same_contract_descriptive
KXHOUSERACE-TN02-26-R,KXHOUSERACE,KXHOUSERACE-TN02-26,Will Republican win the House race for TN-02?,Tim Burchett,,active,US_2026_general_election,28,usable,usable,0.9485,0.969,-2.0499999999999963,2026-09-08T14:00:00Z,2026-08-11T15:00:00Z,same_contract_descriptive
KXHOUSERACE-TN02-26-D,KXHOUSERACE,KXHOUSERACE-TN02-26,Will Democratic win the House race for TN-02?,Michaela Barnett,,active,US_2026_general_election,7,usable,usable,0.052,0.055,-0.30000000000000027,2026-09-08T15:00:00Z,2026-08-31T23:00:00Z,same_contract_descriptive
KXHOUSERACE-TN02-26-D,KXHOUSERACE,KXHOUSERACE-TN02-26,Will Democratic win the House race for TN-02?,Michaela Barnett,,active,US_2026_general_election,14,usable,usable,0.052,0.055,-0.30000000000000027,2026-09-08T15:00:00Z,2026-08-24T17:00:00Z,same_contract_descriptive
KXHOUSERACE-TN02-26-D,KXHOUSERACE,KXHOUSERACE-TN02-26,Will Democratic win the House race for TN-02?,Michaela Barnett,,active,US_2026_general_election,28,usable,usable,0.052,0.021,3.0999999999999996,2026-09-08T15:00:00Z,2026-08-11T15:00:00Z,same_contract_descriptive
KXHOUSERACE-TN01-26-R,KXHOUSERACE,KXHOUSERACE-TN01-26,Will Republican win the House race for TN-01?,Diana Harshbarger,,active,US_2026_general_election,7,stale_observation,usable,,0.9505,,2026-09-07T08:00:00Z,2026-09-01T05:00:00Z,not_comparable
KXHOUSERACE-TN01-26-R,KXHOUSERACE,KXHOUSERACE-TN01-26,Will Republican win the House race for TN-01?,Diana Harshbarger,,active,US_2026_general_election,14,stale_observation,usable,,0.9505,,2026-09-07T08:00:00Z,2026-08-24T17:00:00Z,not_comparable
KXHOUSERACE-TN01-26-R,KXHOUSERACE,KXHOUSERACE-TN01-26,Will Republican win the House race for TN-01?,Diana Harshbarger,,active,US_2026_general_election,28,stale_observation,usable,,0.955,,2026-09-07T08:00:00Z,2026-08-11T15:00:00Z,not_comparable
KXHOUSERACE-TN01-26-D,KXHOUSERACE,KXHOUSERACE-TN01-26,Will Democratic win the House race for TN-01?,Kristi Burke,,active,US_2026_general_election,7,stale_observation,usable,,0.0445,,2026-09-07T07:00:00Z,2026-09-01T15:00:00Z,not_comparable
KXHOUSERACE-TN01-26-D,KXHOUSERACE,KXHOUSERACE-TN01-26,Will Democratic win the House race for TN-01?,Kristi Burke,,active,US_2026_general_election,14,stale_observation,usable,,0.0445,,2026-09-07T07:00:00Z,2026-08-25T15:00:00Z,not_comparable
KXHOUSERACE-TN01-26-D,KXHOUSERACE,KXHOUSERACE-TN01-26,Will Democratic win the House race for TN-01?,Kristi Burke,,active,US_2026_general_election,28,stale_observation,usable,,0.045,,2026-09-07T07:00:00Z,2026-08-11T15:00:00Z,not_comparable
KXHOUSERACE-SDAL-26-R,KXHOUSERACE,KXHOUSERACE-SDAL-26,Will Republican win the House race for SD-AL?,Marty Jackley,,active,US_2026_general_election,7,usable,usable,0.9545,0.9410000000000001,1.3499999999999956,2026-09-08T15:00:00Z,2026-09-01T12:00:00Z,same_contract_descriptive
KXHOUSERACE-SDAL-26-R,KXHOUSERACE,KXHOUSERACE-SDAL-26,Will Republican win the House race for SD-AL?,Marty Jackley,,active,US_2026_general_election,14,usable,usable,0.9545,0.9365,1.8000000000000016,2026-09-08T15:00:00Z,2026-08-25T07:00:00Z,same_contract_descriptive
KXHOUSERACE-SDAL-26-R,KXHOUSERACE,KXHOUSERACE-SDAL-26,Will Republican win the House race for SD-AL?,Marty Jackley,,active,US_2026_general_election,28,usable,usable,0.9545,0.9359999999999999,1.8500000000000072,2026-09-08T15:00:00Z,2026-08-11T15:00:00Z,same_contract_descriptive
KXHOUSERACE-SDAL-26-D,KXHOUSERACE,KXHOUSERACE-SDAL-26,Will Democratic win the House race for SD-AL?,Nicole Gronli,,active,US_2026_general_election,7,usable,usable,0.024999999999999998,0.059,-3.4000000000000004,2026-09-08T15:00:00Z,2026-09-01T12:00:00Z,same_contract_descriptive
KXHOUSERACE-SDAL-26-D,KXHOUSERACE,KXHOUSERACE-SDAL-26,Will Democratic win the House race for SD-AL?,Nicole Gronli,,active,US_2026_general_election,14,usable,usable,0.024999999999999998,0.064,-3.900000000000001,2026-09-08T15:00:00Z,2026-08-25T15:00:00Z,same_contract_descriptive
KXHOUSERACE-SDAL-26-D,KXHOUSERACE,KXHOUSERACE-SDAL-26,Will Democratic win the House race for SD-AL?,Nicole Gronli,,active,US_2026_general_election,28,usable,usable,0.024999999999999998,0.064,-3.900000000000001,2026-09-08T15:00:00Z,2026-08-11T15:00:00Z,same_contract_descriptive
KXHOUSERACE-SC07-26-R,KXHOUSERACE,KXHOUSERACE-SC07-26,Will Republican win the House race for SC-07?,Russell Fry,,active,US_2026_general_election,7,usable,usable,0.9359999999999999,0.9199999999999999,1.6000000000000014,2026-09-08T14:00:00Z,2026-09-01T14:00:00Z,same_contract_descriptive
KXHOUSERACE-SC07-26-R,KXHOUSERACE,KXHOUSERACE-SC07-26,Will Republican win the House race for SC-07?,Russell Fry,,active,US_2026_general_election,14,usable,usable,0.9359999999999999,0.94,-0.40000000000000036,2026-09-08T14:00:00Z,2026-08-25T15:00:00Z,same_contract_descriptive
KXHOUSERACE-SC07-26-R,KXHOUSERACE,KXHOUSERACE-SC07-26,Will Republican win the House race for SC-07?,Russell Fry,,active,US_2026_general_election,28,usable,usable,0.9359999999999999,0.916,1.9999999999999907,2026-09-08T14:00:00Z,2026-08-11T15:00:00Z,same_contract_descriptive
KXHOUSERACE-SC07-26-D,KXHOUSERACE,KXHOUSERACE-SC07-26,Will Democratic win the House race for SC-07?,John Vincent,,active,US_2026_general_election,7,usable,usable,0.0605,0.0795,-1.9000000000000004,2026-09-08T14:00:00Z,2026-09-01T14:00:00Z,same_contract_descriptive
KXHOUSERACE-SC07-26-D,KXHOUSERACE,KXHOUSERACE-SC07-26,Will Democratic win the House race for SC-07?,John Vincent,,active,US_2026_general_election,14,usable,usable,0.0605,0.055,0.5499999999999998,2026-09-08T14:00:00Z,2026-08-25T10:00:00Z,same_contract_descriptive
KXHOUSERACE-SC07-26-D,KXHOUSERACE,KXHOUSERACE-SC07-26,Will Democratic win the House race for SC-07?,John Vincent,,active,US_2026_general_election,28,usable,usable,0.0605,0.07450000000000001,-1.4000000000000012,2026-09-08T14:00:00Z,2026-08-11T15:00:00Z,same_contract_descriptive
KXHOUSERACE-SC06-26-R,KXHOUSERACE,KXHOUSERACE-SC06-26,Will Republican win the House race for SC-06?,John Peterson,,active,US_2026_general_election,7,usable,usable,0.053500000000000006,0.049,0.4500000000000004,2026-09-08T15:00:00Z,2026-09-01T14:00:00Z,same_contract_descriptive
KXHOUSERACE-SC06-26-R,KXHOUSERACE,KXHOUSERACE-SC06-26,Will Republican win the House race for SC-06?,John Peterson,,active,US_2026_general_election,14,usable,usable,0.053500000000000006,0.054000000000000006,-0.050000000000000044,2026-09-08T15:00:00Z,2026-08-25T13:00:00Z,same_contract_descriptive
KXHOUSERACE-SC06-26-R,KXHOUSERACE,KXHOUSERACE-SC06-26,Will Republican win the House race for SC-06?,John Peterson,,active,US_2026_general_election,28,usable,usable,0.053500000000000006,0.0425,1.1000000000000003,2026-09-08T15:00:00Z,2026-08-11T15:00:00Z,same_contract_descriptive
KXHOUSERACE-SC06-26-D,KXHOUSERACE,KXHOUSERACE-SC06-26,Will Democratic win the House race for SC-06?,Jim Clyburn,,active,US_2026_general_election,7,usable,usable,0.9555,0.95,0.550000000000006,2026-09-08T15:00:00Z,2026-09-01T14:00:00Z,same_contract_descriptive
KXHOUSERACE-SC06-26-D,KXHOUSERACE,KXHOUSERACE-SC06-26,Will Democratic win the House race for SC-06?,Jim Clyburn,,active,US_2026_general_election,14,usable,usable,0.9555,0.9425,1.3000000000000012,2026-09-08T15:00:00Z,2026-08-25T06:00:00Z,same_contract_descriptive
KXHOUSERACE-SC06-26-D,KXHOUSERACE,KXHOUSERACE-SC06-26,Will Democratic win the House race for SC-06?,Jim Clyburn,,active,US_2026_general_election,28,usable,usable,0.9555,0.957,-0.14999999999999458,2026-09-08T15:00:00Z,2026-08-11T15:00:00Z,same_contract_descriptive
KXHOUSERACE-SC05-26-R,KXHOUSERACE,KXHOUSERACE-SC05-26,Will Republican win the House race for SC-05?,Wes Climer,,active,US_2026_general_election,7,usable,usable,0.9165000000000001,0.916,0.050000000000005596,2026-09-08T14:00:00Z,2026-09-01T12:00:00Z,same_contract_descriptive
KXHOUSERACE-SC05-26-R,KXHOUSERACE,KXHOUSERACE-SC05-26,Will Republican win the House race for SC-05?,Wes Climer,,active,US_2026_general_election,14,usable,usable,0.9165000000000001,0.9195,-0.29999999999998916,2026-09-08T14:00:00Z,2026-08-25T13:00:00Z,same_contract_descriptive
KXHOUSERACE-SC05-26-R,KXHOUSERACE,KXHOUSERACE-SC05-26,Will Republican win the House race for SC-05?,Wes Climer,,active,US_2026_general_election,28,usable,stale_observation,0.9165000000000001,,,2026-09-08T14:00:00Z,2026-08-05T03:00:00Z,not_comparable
KXHOUSERACE-SC05-26-D,KXHOUSERACE,KXHOUSERACE-SC05-26,Will Democratic win the House race for SC-05?,Mallory Dittmer,,active,US_2026_general_election,7,usable,usable,0.0835,0.089,-0.5499999999999992,2026-09-08T14:00:00Z,2026-09-01T14:00:00Z,same_contract_descriptive
KXHOUSERACE-SC05-26-D,KXHOUSERACE,KXHOUSERACE-SC05-26,Will Democratic win the House race for SC-05?,Mallory Dittmer,,active,US_2026_general_election,14,usable,usable,0.0835,0.0805,0.30000000000000027,2026-09-08T14:00:00Z,2026-08-25T14:00:00Z,same_contract_descriptive
KXHOUSERACE-SC05-26-D,KXHOUSERACE,KXHOUSERACE-SC05-26,Will Democratic win the House race for SC-05?,Mallory Dittmer,,active,US_2026_general_election,28,usable,usable,0.0835,0.154,-7.049999999999999,2026-09-08T14:00:00Z,2026-08-11T15:00:00Z,same_contract_descriptive
KXHOUSERACE-SC04-26-R,KXHOUSERACE,KXHOUSERACE-SC04-26,Will Republican win the House race for SC-04?,William Timmons,,active,US_2026_general_election,7,usable,usable,0.9365,0.9239999999999999,1.2500000000000067,2026-09-08T14:00:00Z,2026-09-01T12:00:00Z,same_contract_descriptive
KXHOUSERACE-SC04-26-R,KXHOUSERACE,KXHOUSERACE-SC04-26,Will Republican win the House race for SC-04?,William Timmons,,active,US_2026_general_election,14,usable,usable,0.9365,0.9395,-0.30000000000000027,2026-09-08T14:00:00Z,2026-08-25T13:00:00Z,same_contract_descriptive
KXHOUSERACE-SC04-26-R,KXHOUSERACE,KXHOUSERACE-SC04-26,Will Republican win the House race for SC-04?,William Timmons,,active,US_2026_general_election,28,usable,usable,0.9365,0.938,-0.14999999999999458,2026-09-08T14:00:00Z,2026-08-11T15:00:00Z,same_contract_descriptive
KXHOUSERACE-SC04-26-D,KXHOUSERACE,KXHOUSERACE-SC04-26,Will Democratic win the House race for SC-04?,Courtney McClain,,active,US_2026_general_election,7,usable,usable,0.054,0.0665,-1.2500000000000004,2026-09-08T15:00:00Z,2026-09-01T12:00:00Z,same_contract_descriptive
KXHOUSERACE-SC04-26-D,KXHOUSERACE,KXHOUSERACE-SC04-26,Will Democratic win the House race for SC-04?,Courtney McClain,,active,US_2026_general_election,14,usable,usable,0.054,0.06,-0.5999999999999999,2026-09-08T15:00:00Z,2026-08-25T13:00:00Z,same_contract_descriptive
KXHOUSERACE-SC04-26-D,KXHOUSERACE,KXHOUSERACE-SC04-26,Will Democratic win the House race for SC-04?,Courtney McClain,,active,US_2026_general_election,28,usable,usable,0.054,0.062,-0.8,2026-09-08T15:00:00Z,2026-08-11T15:00:00Z,same_contract_descriptive
KXHOUSERACE-SC03-26-R,KXHOUSERACE,KXHOUSERACE-SC03-26,Will Republican win the House race for SC-03?,Sheri Biggs,,active,US_2026_general_election,7,usable,usable,0.9644999999999999,0.9644999999999999,0.0,2026-09-08T09:00:00Z,2026-09-01T12:00:00Z,same_contract_descriptive
KXHOUSERACE-SC03-26-R,KXHOUSERACE,KXHOUSERACE-SC03-26,Will Republican win the House race for SC-03?,Sheri Biggs,,active,US_2026_general_election,14,usable,usable,0.9644999999999999,0.9644999999999999,0.0,2026-09-08T09:00:00Z,2026-08-25T11:00:00Z,same_contract_descriptive
KXHOUSERACE-SC03-26-R,KXHOUSERACE,KXHOUSERACE-SC03-26,Will Republican win the House race for SC-03?,Sheri Biggs,,active,US_2026_general_election,28,usable,usable,0.9644999999999999,0.9695,-0.5000000000000115,2026-09-08T09:00:00Z,2026-08-11T15:00:00Z,same_contract_descriptive
KXHOUSERACE-SC03-26-D,KXHOUSERACE,KXHOUSERACE-SC03-26,Will Democratic win the House race for SC-03?,Eunice Lehmacher,,active,US_2026_general_election,7,usable,usable,0.0335,0.0335,0.0,2026-09-08T14:00:00Z,2026-08-31T23:00:00Z,same_contract_descriptive
KXHOUSERACE-SC03-26-D,KXHOUSERACE,KXHOUSERACE-SC03-26,Will Democratic win the House race for SC-03?,Eunice Lehmacher,,active,US_2026_general_election,14,usable,usable,0.0335,0.0335,0.0,2026-09-08T14:00:00Z,2026-08-25T09:00:00Z,same_contract_descriptive
KXHOUSERACE-SC03-26-D,KXHOUSERACE,KXHOUSERACE-SC03-26,Will Democratic win the House race for SC-03?,Eunice Lehmacher,,active,US_2026_general_election,28,usable,usable,0.0335,0.0305,0.30000000000000027,2026-09-08T14:00:00Z,2026-08-11T15:00:00Z,same_contract_descriptive
KXHOUSERACE-SC02-26-R,KXHOUSERACE,KXHOUSERACE-SC02-26,Will Republican win the House race for SC-02?,Joe Wilson,,active,US_2026_general_election,7,usable,usable,0.9155,0.915,0.04999999999999449,2026-09-08T15:00:00Z,2026-09-01T15:00:00Z,same_contract_descriptive
KXHOUSERACE-SC02-26-R,KXHOUSERACE,KXHOUSERACE-SC02-26,Will Republican win the House race for SC-02?,Joe Wilson,,active,US_2026_general_election,14,usable,usable,0.9155,0.9,1.5499999999999958,2026-09-08T15:00:00Z,2026-08-25T11:00:00Z,same_contract_descriptive
KXHOUSERACE-SC02-26-R,KXHOUSERACE,KXHOUSERACE-SC02-26,Will Republican win the House race for SC-02?,Joe Wilson,,active,US_2026_general_election,28,usable,usable,0.9155,0.891,2.4499999999999966,2026-09-08T15:00:00Z,2026-08-10T21:00:00Z,same_contract_descriptive
KXHOUSERACE-SC02-26-D,KXHOUSERACE,KXHOUSERACE-SC02-26,Will Democratic win the House race for SC-02?,Zyon Khalifa,,active,US_2026_general_election,7,usable,usable,0.056999999999999995,0.065,-0.8000000000000007,2026-09-08T15:00:00Z,2026-09-01T15:00:00Z,same_contract_descriptive
KXHOUSERACE-SC02-26-D,KXHOUSERACE,KXHOUSERACE-SC02-26,Will Democratic win the House race for SC-02?,Zyon Khalifa,,active,US_2026_general_election,14,usable,usable,0.056999999999999995,0.0725,-1.55,2026-09-08T15:00:00Z,2026-08-25T15:00:00Z,same_contract_descriptive
KXHOUSERACE-SC02-26-D,KXHOUSERACE,KXHOUSERACE-SC02-26,Will Democratic win the House race for SC-02?,Zyon Khalifa,,active,US_2026_general_election,28,usable,usable,0.056999999999999995,0.14500000000000002,-8.800000000000002,2026-09-08T15:00:00Z,2026-08-11T15:00:00Z,same_contract_descriptive
KXHOUSERACE-SC01-26-R,KXHOUSERACE,KXHOUSERACE-SC01-26,Will Republican win the House race for SC-01?,Jenny Costa Honeycutt,,active,US_2026_general_election,7,usable,usable,0.745,0.715,3.0000000000000027,2026-09-08T15:00:00Z,2026-09-01T15:00:00Z,same_contract_descriptive
KXHOUSERACE-SC01-26-R,KXHOUSERACE,KXHOUSERACE-SC01-26,Will Republican win the House race for SC-01?,Jenny Costa Honeycutt,,active,US_2026_general_election,14,usable,usable,0.745,0.745,0.0,2026-09-08T15:00:00Z,2026-08-25T15:00:00Z,same_contract_descriptive
KXHOUSERACE-SC01-26-R,KXHOUSERACE,KXHOUSERACE-SC01-26,Will Republican win the House race for SC-01?,Jenny Costa Honeycutt,,active,US_2026_general_election,28,usable,usable,0.745,0.765,-2.0000000000000018,2026-09-08T15:00:00Z,2026-08-11T15:00:00Z,same_contract_descriptive
KXHOUSERACE-SC01-26-D,KXHOUSERACE,KXHOUSERACE-SC01-26,Will Democratic win the House race for SC-01?,Nancy S. Lacore,,active,US_2026_general_election,7,usable,usable,0.255,0.28500000000000003,-3.0000000000000027,2026-09-08T15:00:00Z,2026-09-01T05:00:00Z,same_contract_descriptive
KXHOUSERACE-SC01-26-D,KXHOUSERACE,KXHOUSERACE-SC01-26,Will Democratic win the House race for SC-01?,Nancy S. Lacore,,active,US_2026_general_election,14,usable,usable,0.255,0.255,0.0,2026-09-08T15:00:00Z,2026-08-25T07:00:00Z,same_contract_descriptive
KXHOUSERACE-SC01-26-D,KXHOUSERACE,KXHOUSERACE-SC01-26,Will Democratic win the House race for SC-01?,Nancy S. Lacore,,active,US_2026_general_election,28,usable,usable,0.255,0.24,1.5000000000000013,2026-09-08T15:00:00Z,2026-08-11T15:00:00Z,same_contract_descriptive
KXHOUSERACE-RI01-26-R,KXHOUSERACE,KXHOUSERACE-RI01-26,Will Republican win the House race for RI-01?,Republican party,,active,US_2026_general_election,7,usable,usable,0.033,0.043,-0.9999999999999996,2026-09-07T16:00:00Z,2026-08-31T23:00:00Z,same_contract_descriptive
KXHOUSERACE-RI01-26-R,KXHOUSERACE,KXHOUSERACE-RI01-26,Will Republican win the House race for RI-01?,Republican party,,active,US_2026_general_election,14,usable,usable,0.033,0.043,-0.9999999999999996,2026-09-07T16:00:00Z,2026-08-24T17:00:00Z,same_contract_descriptive
KXHOUSERACE-RI01-26-R,KXHOUSERACE,KXHOUSERACE-RI01-26,Will Republican win the House race for RI-01?,Republican party,,active,US_2026_general_election,28,usable,usable,0.033,0.043000000000000003,-1.0000000000000002,2026-09-07T16:00:00Z,2026-08-11T15:00:00Z,same_contract_descriptive
KXHOUSERACE-RI01-26-D,KXHOUSERACE,KXHOUSERACE-RI01-26,Will Democratic win the House race for RI-01?,Democratic party,,active,US_2026_general_election,7,usable,usable,0.9675,0.9645,0.30000000000000027,2026-09-08T14:00:00Z,2026-08-31T23:00:00Z,same_contract_descriptive
KXHOUSERACE-RI01-26-D,KXHOUSERACE,KXHOUSERACE-RI01-26,Will Democratic win the House race for RI-01?,Democratic party,,active,US_2026_general_election,14,usable,usable,0.9675,0.9635,0.40000000000000036,2026-09-08T14:00:00Z,2026-08-24T17:00:00Z,same_contract_descriptive
KXHOUSERACE-RI01-26-D,KXHOUSERACE,KXHOUSERACE-RI01-26,Will Democratic win the House race for RI-01?,Democratic party,,active,US_2026_general_election,28,usable,usable,0.9675,0.957,1.0500000000000065,2026-09-08T14:00:00Z,2026-08-11T15:00:00Z,same_contract_descriptive
KXHOUSERACE-PA14-26-R,KXHOUSERACE,KXHOUSERACE-PA14-26,Will Republican win the House race for PA-14?,Guy Reschenthaler,,active,US_2026_general_election,7,usable,usable,0.959,0.9485,1.0499999999999954,2026-09-08T15:00:00Z,2026-09-01T12:00:00Z,same_contract_descriptive
KXHOUSERACE-PA14-26-R,KXHOUSERACE,KXHOUSERACE-PA14-26,Will Republican win the House race for PA-14?,Guy Reschenthaler,,active,US_2026_general_election,14,usable,usable,0.959,0.9465,1.2499999999999956,2026-09-08T15:00:00Z,2026-08-25T15:00:00Z,same_contract_descriptive
KXHOUSERACE-PA14-26-R,KXHOUSERACE,KXHOUSERACE-PA14-26,Will Republican win the House race for PA-14?,Guy Reschenthaler,,active,US_2026_general_election,28,usable,usable,0.959,0.938,2.100000000000002,2026-09-08T15:00:00Z,2026-08-11T15:00:00Z,same_contract_descriptive
KXHOUSERACE-PA14-26-D,KXHOUSERACE,KXHOUSERACE-PA14-26,Will Democratic win the House race for PA-14?,Alan Bradstock,,active,US_2026_general_election,7,usable,usable,0.034,0.051500000000000004,-1.7500000000000002,2026-09-08T15:00:00Z,2026-09-01T13:00:00Z,same_contract_descriptive
KXHOUSERACE-PA14-26-D,KXHOUSERACE,KXHOUSERACE-PA14-26,Will Democratic win the House race for PA-14?,Alan Bradstock,,active,US_2026_general_election,14,usable,usable,0.034,0.0535,-1.9499999999999997,2026-09-08T15:00:00Z,2026-08-25T14:00:00Z,same_contract_descriptive
KXHOUSERACE-PA14-26-D,KXHOUSERACE,KXHOUSERACE-PA14-26,Will Democratic win the House race for PA-14?,Alan Bradstock,,active,US_2026_general_election,28,usable,usable,0.034,0.062,-2.8,2026-09-08T15:00:00Z,2026-08-11T15:00:00Z,same_contract_descriptive
KXHOUSERACE-PA15-26-R,KXHOUSERACE,KXHOUSERACE-PA15-26,Will Republican win the House race for PA-15?,Glenn Thompson,,active,US_2026_general_election,7,usable,usable,0.9604999999999999,0.9410000000000001,1.949999999999985,2026-09-08T14:00:00Z,2026-09-01T12:00:00Z,same_contract_descriptive
KXHOUSERACE-PA15-26-R,KXHOUSERACE,KXHOUSERACE-PA15-26,Will Republican win the House race for PA-15?,Glenn Thompson,,active,US_2026_general_election,14,usable,usable,0.9604999999999999,0.9325,2.7999999999999914,2026-09-08T14:00:00Z,2026-08-25T11:00:00Z,same_contract_descriptive
KXHOUSERACE-PA15-26-R,KXHOUSERACE,KXHOUSERACE-PA15-26,Will Republican win the House race for PA-15?,Glenn Thompson,,active,US_2026_general_election,28,usable,usable,0.9604999999999999,0.92,4.0499999999999865,2026-09-08T14:00:00Z,2026-08-11T15:00:00Z,same_contract_descriptive
KXHOUSERACE-PA15-26-D,KXHOUSERACE,KXHOUSERACE-PA15-26,Will Democratic win the House race for PA-15?,Ray Bilger,,active,US_2026_general_election,7,usable,usable,0.0285,0.064,-3.5500000000000003,2026-09-08T15:00:00Z,2026-09-01T12:00:00Z,same_contract_descriptive
KXHOUSERACE-PA15-26-D,KXHOUSERACE,KXHOUSERACE-PA15-26,Will Democratic win the House race for PA-15?,Ray Bilger,,active,US_2026_general_election,14,usable,usable,0.0285,0.07200000000000001,-4.350000000000001,2026-09-08T15:00:00Z,2026-08-25T13:00:00Z,same_contract_descriptive
KXHOUSERACE-PA15-26-D,KXHOUSERACE,KXHOUSERACE-PA15-26,Will Democratic win the House race for PA-15?,Ray Bilger,,active,US_2026_general_election,28,usable,usable,0.0285,0.0795,-5.1000000000000005,2026-09-08T15:00:00Z,2026-08-11T15:00:00Z,same_contract_descriptive
KXHOUSERACE-RI02-26-R,KXHOUSERACE,KXHOUSERACE-RI02-26,Will Republican win the House race for RI-02?,Republican party,,active,US_2026_general_election,7,usable,usable,0.038,0.038,0.0,2026-09-08T14:00:00Z,2026-09-01T12:00:00Z,same_contract_descriptive
KXHOUSERACE-RI02-26-R,KXHOUSERACE,KXHOUSERACE-RI02-26,Will Republican win the House race for RI-02?,Republican party,,active,US_2026_general_election,14,usable,usable,0.038,0.033,0.4999999999999998,2026-09-08T14:00:00Z,2026-08-24T17:00:00Z,same_contract_descriptive
KXHOUSERACE-RI02-26-R,KXHOUSERACE,KXHOUSERACE-RI02-26,Will Republican win the House race for RI-02?,Republican party,,active,US_2026_general_election,28,usable,usable,0.038,0.027999999999999997,1.0000000000000002,2026-09-08T14:00:00Z,2026-08-11T15:00:00Z,same_contract_descriptive
KXHOUSERACE-RI02-26-D,KXHOUSERACE,KXHOUSERACE-RI02-26,Will Democratic win the House race for RI-02?,Democratic party,,active,US_2026_general_election,7,usable,usable,0.962,0.962,0.0,2026-09-08T14:00:00Z,2026-09-01T12:00:00Z,same_contract_descriptive
KXHOUSERACE-RI02-26-D,KXHOUSERACE,KXHOUSERACE-RI02-26,Will Democratic win the House race for RI-02?,Democratic party,,active,US_2026_general_election,14,usable,usable,0.962,0.9670000000000001,-0.5000000000000115,2026-09-08T14:00:00Z,2026-08-24T17:00:00Z,same_contract_descriptive
KXHOUSERACE-RI02-26-D,KXHOUSERACE,KXHOUSERACE-RI02-26,Will Democratic win the House race for RI-02?,Democratic party,,active,US_2026_general_election,28,usable,usable,0.962,0.9724999999999999,-1.0499999999999954,2026-09-08T14:00:00Z,2026-08-11T15:00:00Z,same_contract_descriptive
KXHOUSERACE-PA16-26-R,KXHOUSERACE,KXHOUSERACE-PA16-26,Will Republican win the House race for PA-16?,Mike Kelly,,active,US_2026_general_election,7,usable,usable,0.918,0.905,1.3000000000000012,2026-09-08T14:00:00Z,2026-09-01T15:00:00Z,same_contract_descriptive
KXHOUSERACE-PA16-26-R,KXHOUSERACE,KXHOUSERACE-PA16-26,Will Republican win the House race for PA-16?,Mike Kelly,,active,US_2026_general_election,14,usable,usable,0.918,0.9125000000000001,0.5499999999999949,2026-09-08T14:00:00Z,2026-08-25T13:00:00Z,same_contract_descriptive
KXHOUSERACE-PA16-26-R,KXHOUSERACE,KXHOUSERACE-PA16-26,Will Republican win the House race for PA-16?,Mike Kelly,,active,US_2026_general_election,28,usable,usable,0.918,0.904,1.4000000000000012,2026-09-08T14:00:00Z,2026-08-11T15:00:00Z,same_contract_descriptive
KXHOUSERACE-PA16-26-D,KXHOUSERACE,KXHOUSERACE-PA16-26,Will Democratic win the House race for PA-16?,Justin Wagner,,active,US_2026_general_election,7,usable,usable,0.068,0.081,-1.2999999999999998,2026-09-08T14:00:00Z,2026-09-01T15:00:00Z,same_contract_descriptive
KXHOUSERACE-PA16-26-D,KXHOUSERACE,KXHOUSERACE-PA16-26,Will Democratic win the House race for PA-16?,Justin Wagner,,active,US_2026_general_election,14,usable,usable,0.068,0.081,-1.2999999999999998,2026-09-08T14:00:00Z,2026-08-25T13:00:00Z,same_contract_descriptive
KXHOUSERACE-PA16-26-D,KXHOUSERACE,KXHOUSERACE-PA16-26,Will Democratic win the House race for PA-16?,Justin Wagner,,active,US_2026_general_election,28,usable,usable,0.068,0.096,-2.8,2026-09-08T14:00:00Z,2026-08-11T15:00:00Z,same_contract_descriptive
KXHOUSERACE-PA12-26-R,KXHOUSERACE,KXHOUSERACE-PA12-26,Will Republican win the House race for PA-12?,James Hayes,,active,US_2026_general_election,7,stale_observation,usable,,0.016,,2026-09-07T03:00:00Z,2026-09-01T12:00:00Z,not_comparable
KXHOUSERACE-PA12-26-R,KXHOUSERACE,KXHOUSERACE-PA12-26,Will Republican win the House race for PA-12?,James Hayes,,active,US_2026_general_election,14,stale_observation,usable,,0.043,,2026-09-07T03:00:00Z,2026-08-25T15:00:00Z,not_comparable
KXHOUSERACE-PA12-26-R,KXHOUSERACE,KXHOUSERACE-PA12-26,Will Republican win the House race for PA-12?,James Hayes,,active,US_2026_general_election,28,stale_observation,usable,,0.043000000000000003,,2026-09-07T03:00:00Z,2026-08-11T15:00:00Z,not_comparable
KXHOUSERACE-PA12-26-D,KXHOUSERACE,KXHOUSERACE-PA12-26,Will Democratic win the House race for PA-12?,Summer Lee,,active,US_2026_general_election,7,usable,usable,0.9410000000000001,0.9550000000000001,-1.4000000000000012,2026-09-08T15:00:00Z,2026-09-01T12:00:00Z,same_contract_descriptive
KXHOUSERACE-PA12-26-D,KXHOUSERACE,KXHOUSERACE-PA12-26,Will Democratic win the House race for PA-12?,Summer Lee,,active,US_2026_general_election,14,usable,usable,0.9410000000000001,0.9510000000000001,-1.0000000000000009,2026-09-08T15:00:00Z,2026-08-24T17:00:00Z,same_contract_descriptive
KXHOUSERACE-PA12-26-D,KXHOUSERACE,KXHOUSERACE-PA12-26,Will Democratic win the House race for PA-12?,Summer Lee,,active,US_2026_general_election,28,usable,usable,0.9410000000000001,0.957,-1.5999999999999903,2026-09-08T15:00:00Z,2026-08-11T15:00:00Z,same_contract_descriptive
KXHOUSERACE-PA13-26-R,KXHOUSERACE,KXHOUSERACE-PA13-26,Will Republican win the House race for PA-13?,John Joyce,,active,US_2026_general_election,7,usable,usable,0.982,0.9525,2.949999999999997,2026-09-08T09:00:00Z,2026-09-01T12:00:00Z,same_contract_descriptive
KXHOUSERACE-PA13-26-R,KXHOUSERACE,KXHOUSERACE-PA13-26,Will Republican win the House race for PA-13?,John Joyce,,active,US_2026_general_election,14,usable,usable,0.982,0.9535,2.849999999999997,2026-09-08T09:00:00Z,2026-08-25T11:00:00Z,same_contract_descriptive
KXHOUSERACE-PA13-26-R,KXHOUSERACE,KXHOUSERACE-PA13-26,Will Republican win the House race for PA-13?,John Joyce,,active,US_2026_general_election,28,usable,usable,0.982,0.9410000000000001,4.0999999999999925,2026-09-08T09:00:00Z,2026-08-11T15:00:00Z,same_contract_descriptive
KXHOUSERACE-PA13-26-D,KXHOUSERACE,KXHOUSERACE-PA13-26,Will Democratic win the House race for PA-13?,Beth Farnham,,active,US_2026_general_election,7,stale_observation,usable,,0.025500000000000002,,2026-09-06T23:00:00Z,2026-09-01T12:00:00Z,not_comparable
KXHOUSERACE-PA13-26-D,KXHOUSERACE,KXHOUSERACE-PA13-26,Will Democratic win the House race for PA-13?,Beth Farnham,,active,US_2026_general_election,14,stale_observation,usable,,0.037500000000000006,,2026-09-06T23:00:00Z,2026-08-25T12:00:00Z,not_comparable
KXHOUSERACE-PA13-26-D,KXHOUSERACE,KXHOUSERACE-PA13-26,Will Democratic win the House race for PA-13?,Beth Farnham,,active,US_2026_general_election,28,stale_observation,usable,,0.047,,2026-09-06T23:00:00Z,2026-08-11T15:00:00Z,not_comparable
KXHOUSERACE-PA11-26-R,KXHOUSERACE,KXHOUSERACE-PA11-26,Will Republican win the House race for PA-11?,Lloyd Smucker,,active,US_2026_general_election,7,usable,usable,0.982,0.919,6.2999999999999945,2026-09-08T15:00:00Z,2026-09-01T15:00:00Z,same_contract_descriptive
KXHOUSERACE-PA11-26-R,KXHOUSERACE,KXHOUSERACE-PA11-26,Will Republican win the House race for PA-11?,Lloyd Smucker,,active,US_2026_general_election,14,usable,usable,0.982,0.9219999999999999,6.000000000000005,2026-09-08T15:00:00Z,2026-08-25T13:00:00Z,same_contract_descriptive
KXHOUSERACE-PA11-26-R,KXHOUSERACE,KXHOUSERACE-PA11-26,Will Republican win the House race for PA-11?,Lloyd Smucker,,active,US_2026_general_election,28,usable,usable,0.982,0.904,7.799999999999995,2026-09-08T15:00:00Z,2026-08-11T15:00:00Z,same_contract_descriptive
KXHOUSERACE-PA11-26-D,KXHOUSERACE,KXHOUSERACE-PA11-26,Will Democratic win the House race for PA-11?,Nancy Mannion,,active,US_2026_general_election,7,usable,usable,0.028999999999999998,0.069,-4.000000000000001,2026-09-08T14:00:00Z,2026-09-01T12:00:00Z,same_contract_descriptive
KXHOUSERACE-PA11-26-D,KXHOUSERACE,KXHOUSERACE-PA11-26,Will Democratic win the House race for PA-11?,Nancy Mannion,,active,US_2026_general_election,14,usable,usable,0.028999999999999998,0.0785,-4.95,2026-09-08T14:00:00Z,2026-08-25T13:00:00Z,same_contract_descriptive
KXHOUSERACE-PA11-26-D,KXHOUSERACE,KXHOUSERACE-PA11-26,Will Democratic win the House race for PA-11?,Nancy Mannion,,active,US_2026_general_election,28,usable,usable,0.028999999999999998,0.086,-5.699999999999999,2026-09-08T14:00:00Z,2026-08-11T15:00:00Z,same_contract_descriptive
KXHOUSERACE-PA09-26-R,KXHOUSERACE,KXHOUSERACE-PA09-26,Will Republican win the House race for PA-09?,Dan Meuser,,active,US_2026_general_election,7,stale_observation,usable,,0.971,,2026-09-06T23:00:00Z,2026-09-01T13:00:00Z,not_comparable
KXHOUSERACE-PA09-26-R,KXHOUSERACE,KXHOUSERACE-PA09-26,Will Republican win the House race for PA-09?,Dan Meuser,,active,US_2026_general_election,14,stale_observation,usable,,0.923,,2026-09-06T23:00:00Z,2026-08-25T15:00:00Z,not_comparable
KXHOUSERACE-PA09-26-R,KXHOUSERACE,KXHOUSERACE-PA09-26,Will Republican win the House race for PA-09?,Dan Meuser,,active,US_2026_general_election,28,stale_observation,usable,,0.9319999999999999,,2026-09-06T23:00:00Z,2026-08-11T15:00:00Z,not_comparable
KXHOUSERACE-PA09-26-D,KXHOUSERACE,KXHOUSERACE-PA09-26,Will Democratic win the House race for PA-09?,Rachel Wallace,,active,US_2026_general_election,7,usable,usable,0.046,0.025500000000000002,2.05,2026-09-08T15:00:00Z,2026-09-01T14:00:00Z,same_contract_descriptive
KXHOUSERACE-PA09-26-D,KXHOUSERACE,KXHOUSERACE-PA09-26,Will Democratic win the House race for PA-09?,Rachel Wallace,,active,US_2026_general_election,14,usable,usable,0.046,0.077,-3.1,2026-09-08T15:00:00Z,2026-08-25T15:00:00Z,same_contract_descriptive
KXHOUSERACE-PA09-26-D,KXHOUSERACE,KXHOUSERACE-PA09-26,Will Democratic win the House race for PA-09?,Rachel Wallace,,active,US_2026_general_election,28,usable,usable,0.046,0.0615,-1.55,2026-09-08T15:00:00Z,2026-08-11T15:00:00Z,same_contract_descriptive
KXHOUSERACE-PA06-26-R,KXHOUSERACE,KXHOUSERACE-PA06-26,Will Republican win the House race for PA-06?,Marty Young,,active,US_2026_general_election,7,usable,usable,0.030000000000000002,0.026000000000000002,0.4,2026-09-08T15:00:00Z,2026-08-31T23:00:00Z,same_contract_descriptive
KXHOUSERACE-PA06-26-R,KXHOUSERACE,KXHOUSERACE-PA06-26,Will Republican win the House race for PA-06?,Marty Young,,active,US_2026_general_election,14,usable,usable,0.030000000000000002,0.0245,0.5500000000000002,2026-09-08T15:00:00Z,2026-08-25T13:00:00Z,same_contract_descriptive
KXHOUSERACE-PA06-26-R,KXHOUSERACE,KXHOUSERACE-PA06-26,Will Republican win the House race for PA-06?,Marty Young,,active,US_2026_general_election,28,usable,usable,0.030000000000000002,0.022,0.8000000000000004,2026-09-08T15:00:00Z,2026-08-11T15:00:00Z,same_contract_descriptive
KXHOUSERACE-PA06-26-D,KXHOUSERACE,KXHOUSERACE-PA06-26,Will Democratic win the House race for PA-06?,Chrissy Houlahan,,active,US_2026_general_election,7,usable,usable,0.97,0.974,-0.40000000000000036,2026-09-08T15:00:00Z,2026-08-31T23:00:00Z,same_contract_descriptive
KXHOUSERACE-PA06-26-D,KXHOUSERACE,KXHOUSERACE-PA06-26,Will Democratic win the House race for PA-06?,Chrissy Houlahan,,active,US_2026_general_election,14,usable,usable,0.97,0.974,-0.40000000000000036,2026-09-08T15:00:00Z,2026-08-25T13:00:00Z,same_contract_descriptive
KXHOUSERACE-PA06-26-D,KXHOUSERACE,KXHOUSERACE-PA06-26,Will Democratic win the House race for PA-06?,Chrissy Houlahan,,active,US_2026_general_election,28,usable,usable,0.97,0.9784999999999999,-0.8499999999999952,2026-09-08T15:00:00Z,2026-08-11T15:00:00Z,same_contract_descriptive
KXHOUSERACE-PA05-26-R,KXHOUSERACE,KXHOUSERACE-PA05-26,Will Republican win the House race for PA-05?,Nicholas Manganaro,,active,US_2026_general_election,7,usable,usable,0.031,0.042,-1.1000000000000003,2026-09-08T14:00:00Z,2026-08-31T23:00:00Z,same_contract_descriptive
KXHOUSERACE-PA05-26-R,KXHOUSERACE,KXHOUSERACE-PA05-26,Will Republican win the House race for PA-05?,Nicholas Manganaro,,active,US_2026_general_election,14,usable,usable,0.031,0.049,-1.8000000000000003,2026-09-08T14:00:00Z,2026-08-25T07:00:00Z,same_contract_descriptive
KXHOUSERACE-PA05-26-R,KXHOUSERACE,KXHOUSERACE-PA05-26,Will Republican win the House race for PA-05?,Nicholas Manganaro,,active,US_2026_general_election,28,usable,usable,0.031,0.049,-1.8000000000000003,2026-09-08T14:00:00Z,2026-08-11T15:00:00Z,same_contract_descriptive
KXHOUSERACE-PA05-26-D,KXHOUSERACE,KXHOUSERACE-PA05-26,Will Democratic win the House race for PA-05?,Mary Gay Scanlon,,active,US_2026_general_election,7,usable,usable,0.966,0.9585,0.7499999999999951,2026-09-08T14:00:00Z,2026-08-31T23:00:00Z,same_contract_descriptive
KXHOUSERACE-PA05-26-D,KXHOUSERACE,KXHOUSERACE-PA05-26,Will Democratic win the House race for PA-05?,Mary Gay Scanlon,,active,US_2026_general_election,14,usable,usable,0.966,0.9505,1.5499999999999958,2026-09-08T14:00:00Z,2026-08-24T17:00:00Z,same_contract_descriptive
KXHOUSERACE-PA05-26-D,KXHOUSERACE,KXHOUSERACE-PA05-26,Will Democratic win the House race for PA-05?,Mary Gay Scanlon,,active,US_2026_general_election,28,usable,usable,0.966,0.9515,1.4499999999999957,2026-09-08T14:00:00Z,2026-08-11T15:00:00Z,same_contract_descriptive
KXHOUSERACE-PA04-26-R,KXHOUSERACE,KXHOUSERACE-PA04-26,Will Republican win the House race for PA-04?,Aurora Stuski,,active,US_2026_general_election,7,usable,usable,0.07050000000000001,0.069,0.15000000000000013,2026-09-08T14:00:00Z,2026-09-01T12:00:00Z,same_contract_descriptive
KXHOUSERACE-PA04-26-R,KXHOUSERACE,KXHOUSERACE-PA04-26,Will Republican win the House race for PA-04?,Aurora Stuski,,active,US_2026_general_election,14,usable,usable,0.07050000000000001,0.0685,0.20000000000000018,2026-09-08T14:00:00Z,2026-08-25T13:00:00Z,same_contract_descriptive
KXHOUSERACE-PA04-26-R,KXHOUSERACE,KXHOUSERACE-PA04-26,Will Republican win the House race for PA-04?,Aurora Stuski,,active,US_2026_general_election,28,usable,usable,0.07050000000000001,0.073,-0.24999999999999883,2026-09-08T14:00:00Z,2026-08-11T15:00:00Z,same_contract_descriptive
KXHOUSERACE-PA04-26-D,KXHOUSERACE,KXHOUSERACE-PA04-26,Will Democratic win the House race for PA-04?,Madeleine Dean,,active,US_2026_general_election,7,usable,usable,0.9375,0.9365,0.10000000000000009,2026-09-08T14:00:00Z,2026-09-01T12:00:00Z,same_contract_descriptive
KXHOUSERACE-PA04-26-D,KXHOUSERACE,KXHOUSERACE-PA04-26,Will Democratic win the House race for PA-04?,Madeleine Dean,,active,US_2026_general_election,14,usable,usable,0.9375,0.9359999999999999,0.15000000000000568,2026-09-08T14:00:00Z,2026-08-25T11:00:00Z,same_contract_descriptive
KXHOUSERACE-PA04-26-D,KXHOUSERACE,KXHOUSERACE-PA04-26,Will Democratic win the House race for PA-04?,Madeleine Dean,,active,US_2026_general_election,28,usable,usable,0.9375,0.927,1.0499999999999954,2026-09-08T14:00:00Z,2026-08-11T15:00:00Z,same_contract_descriptive
KXHOUSERACE-PA03-26-R,KXHOUSERACE,KXHOUSERACE-PA03-26,Will Republican win the House race for PA-03?,Republican party,,active,US_2026_general_election,7,usable,usable,0.008,0.0235,-1.55,2026-09-08T15:00:00Z,2026-09-01T14:00:00Z,same_contract_descriptive
KXHOUSERACE-PA03-26-R,KXHOUSERACE,KXHOUSERACE-PA03-26,Will Republican win the House race for PA-03?,Republican party,,active,US_2026_general_election,14,usable,usable,0.008,0.023,-1.5,2026-09-08T15:00:00Z,2026-08-24T17:00:00Z,same_contract_descriptive
KXHOUSERACE-PA03-26-R,KXHOUSERACE,KXHOUSERACE-PA03-26,Will Republican win the House race for PA-03?,Republican party,,active,US_2026_general_election,28,usable,usable,0.008,0.015000000000000001,-0.7000000000000001,2026-09-08T15:00:00Z,2026-08-11T15:00:00Z,same_contract_descriptive
KXHOUSERACE-PA03-26-D,KXHOUSERACE,KXHOUSERACE-PA03-26,Will Democratic win the House race for PA-03?,Chris Rabb,,active,US_2026_general_election,7,usable,stale_observation,0.975,,,2026-09-08T14:00:00Z,2026-08-24T17:00:00Z,not_comparable
KXHOUSERACE-PA03-26-D,KXHOUSERACE,KXHOUSERACE-PA03-26,Will Democratic win the House race for PA-03?,Chris Rabb,,active,US_2026_general_election,14,usable,usable,0.975,0.975,0.0,2026-09-08T14:00:00Z,2026-08-24T17:00:00Z,same_contract_descriptive
KXHOUSERACE-PA03-26-D,KXHOUSERACE,KXHOUSERACE-PA03-26,Will Democratic win the House race for PA-03?,Chris Rabb,,active,US_2026_general_election,28,usable,usable,0.975,0.9844999999999999,-0.9499999999999953,2026-09-08T14:00:00Z,2026-08-11T15:00:00Z,same_contract_descriptive
KXHOUSERACE-PA02-26-R,KXHOUSERACE,KXHOUSERACE-PA02-26,Will Republican win the House race for PA-02?,Jessica Arriaga,,active,US_2026_general_election,7,usable,usable,0.023,0.0235,-0.050000000000000044,2026-09-08T02:00:00Z,2026-08-31T23:00:00Z,same_contract_descriptive
KXHOUSERACE-PA02-26-R,KXHOUSERACE,KXHOUSERACE-PA02-26,Will Republican win the House race for PA-02?,Jessica Arriaga,,active,US_2026_general_election,14,usable,usable,0.023,0.0235,-0.050000000000000044,2026-09-08T02:00:00Z,2026-08-24T17:00:00Z,same_contract_descriptive
KXHOUSERACE-PA02-26-R,KXHOUSERACE,KXHOUSERACE-PA02-26,Will Republican win the House race for PA-02?,Jessica Arriaga,,active,US_2026_general_election,28,usable,usable,0.023,0.0135,0.95,2026-09-08T02:00:00Z,2026-08-11T15:00:00Z,same_contract_descriptive
KXHOUSERACE-PA02-26-D,KXHOUSERACE,KXHOUSERACE-PA02-26,Will Democratic win the House race for PA-02?,Brendan Boyle,,active,US_2026_general_election,7,usable,usable,0.972,0.9764999999999999,-0.44999999999999485,2026-09-08T15:00:00Z,2026-09-01T01:00:00Z,same_contract_descriptive
KXHOUSERACE-PA02-26-D,KXHOUSERACE,KXHOUSERACE-PA02-26,Will Democratic win the House race for PA-02?,Brendan Boyle,,active,US_2026_general_election,14,usable,usable,0.972,0.9764999999999999,-0.44999999999999485,2026-09-08T15:00:00Z,2026-08-24T17:00:00Z,same_contract_descriptive
KXHOUSERACE-PA02-26-D,KXHOUSERACE,KXHOUSERACE-PA02-26,Will Democratic win the House race for PA-02?,Brendan Boyle,,active,US_2026_general_election,28,usable,usable,0.972,0.986,-1.4000000000000012,2026-09-08T15:00:00Z,2026-08-11T15:00:00Z,same_contract_descriptive
KXHOUSERACE-OR06-26-R,KXHOUSERACE,KXHOUSERACE-OR06-26,Will Republican win the House race for OR-06?,David Russ,,active,US_2026_general_election,7,usable,usable,0.045,0.045,0.0,2026-09-08T14:00:00Z,2026-09-01T11:00:00Z,same_contract_descriptive
KXHOUSERACE-OR06-26-R,KXHOUSERACE,KXHOUSERACE-OR06-26,Will Republican win the House race for OR-06?,David Russ,,active,US_2026_general_election,14,usable,usable,0.045,0.03,1.5,2026-09-08T14:00:00Z,2026-08-25T11:00:00Z,same_contract_descriptive
KXHOUSERACE-OR06-26-R,KXHOUSERACE,KXHOUSERACE-OR06-26,Will Republican win the House race for OR-06?,David Russ,,active,US_2026_general_election,28,usable,usable,0.045,0.033,1.1999999999999997,2026-09-08T14:00:00Z,2026-08-11T15:00:00Z,same_contract_descriptive
KXHOUSERACE-OR06-26-D,KXHOUSERACE,KXHOUSERACE-OR06-26,Will Democratic win the House race for OR-06?,Andrea Salinas,,active,US_2026_general_election,7,usable,usable,0.9550000000000001,0.9550000000000001,0.0,2026-09-08T15:00:00Z,2026-09-01T11:00:00Z,same_contract_descriptive
KXHOUSERACE-OR06-26-D,KXHOUSERACE,KXHOUSERACE-OR06-26,Will Democratic win the House race for OR-06?,Andrea Salinas,,active,US_2026_general_election,14,usable,usable,0.9550000000000001,0.96,-0.49999999999998934,2026-09-08T15:00:00Z,2026-08-25T11:00:00Z,same_contract_descriptive
KXHOUSERACE-OR06-26-D,KXHOUSERACE,KXHOUSERACE-OR06-26,Will Democratic win the House race for OR-06?,Andrea Salinas,,active,US_2026_general_election,28,usable,usable,0.9550000000000001,0.9655,-1.0499999999999954,2026-09-08T15:00:00Z,2026-08-11T15:00:00Z,same_contract_descriptive
KXHOUSERACE-OR04-26-R,KXHOUSERACE,KXHOUSERACE-OR04-26,Will Republican win the House race for OR-04?,Monique DeSpain,,active,US_2026_general_election,7,usable,usable,0.0505,0.0505,0.0,2026-09-08T14:00:00Z,2026-09-01T14:00:00Z,same_contract_descriptive
KXHOUSERACE-OR04-26-R,KXHOUSERACE,KXHOUSERACE-OR04-26,Will Republican win the House race for OR-04?,Monique DeSpain,,active,US_2026_general_election,14,usable,usable,0.0505,0.049,0.15000000000000013,2026-09-08T14:00:00Z,2026-08-25T13:00:00Z,same_contract_descriptive
KXHOUSERACE-OR04-26-R,KXHOUSERACE,KXHOUSERACE-OR04-26,Will Republican win the House race for OR-04?,Monique DeSpain,,active,US_2026_general_election,28,usable,usable,0.0505,0.045,0.5500000000000005,2026-09-08T14:00:00Z,2026-08-11T15:00:00Z,same_contract_descriptive
KXHOUSERACE-OR04-26-D,KXHOUSERACE,KXHOUSERACE-OR04-26,Will Democratic win the House race for OR-04?,Val Hoyle,,active,US_2026_general_election,7,usable,usable,0.9475,0.9530000000000001,-0.550000000000006,2026-09-08T14:00:00Z,2026-09-01T15:00:00Z,same_contract_descriptive
KXHOUSERACE-OR04-26-D,KXHOUSERACE,KXHOUSERACE-OR04-26,Will Democratic win the House race for OR-04?,Val Hoyle,,active,US_2026_general_election,14,usable,usable,0.9475,0.9525,-0.5000000000000004,2026-09-08T14:00:00Z,2026-08-25T11:00:00Z,same_contract_descriptive
KXHOUSERACE-OR04-26-D,KXHOUSERACE,KXHOUSERACE-OR04-26,Will Democratic win the House race for OR-04?,Val Hoyle,,active,US_2026_general_election,28,usable,usable,0.9475,0.955,-0.7499999999999951,2026-09-08T14:00:00Z,2026-08-11T15:00:00Z,same_contract_descriptive
KXHOUSERACE-OR03-26-R,KXHOUSERACE,KXHOUSERACE-OR03-26,Will Republican win the House race for OR-03?,Loran Ayles,,active,US_2026_general_election,7,stale_observation,usable,,0.029,,2026-09-07T07:00:00Z,2026-09-01T12:00:00Z,not_comparable
KXHOUSERACE-OR03-26-R,KXHOUSERACE,KXHOUSERACE-OR03-26,Will Republican win the House race for OR-03?,Loran Ayles,,active,US_2026_general_election,14,stale_observation,usable,,0.0245,,2026-09-07T07:00:00Z,2026-08-24T17:00:00Z,not_comparable
KXHOUSERACE-OR03-26-R,KXHOUSERACE,KXHOUSERACE-OR03-26,Will Republican win the House race for OR-03?,Loran Ayles,,active,US_2026_general_election,28,stale_observation,usable,,0.0135,,2026-09-07T07:00:00Z,2026-08-11T15:00:00Z,not_comparable
KXHOUSERACE-OR03-26-D,KXHOUSERACE,KXHOUSERACE-OR03-26,Will Democratic win the House race for OR-03?,Maxine Dexter,,active,US_2026_general_election,7,stale_observation,usable,,0.9704999999999999,,2026-09-07T07:00:00Z,2026-09-01T15:00:00Z,not_comparable
KXHOUSERACE-OR03-26-D,KXHOUSERACE,KXHOUSERACE-OR03-26,Will Democratic win the House race for OR-03?,Maxine Dexter,,active,US_2026_general_election,14,stale_observation,usable,,0.9755,,2026-09-07T07:00:00Z,2026-08-24T17:00:00Z,not_comparable
KXHOUSERACE-OR03-26-D,KXHOUSERACE,KXHOUSERACE-OR03-26,Will Democratic win the House race for OR-03?,Maxine Dexter,,active,US_2026_general_election,28,stale_observation,usable,,0.986,,2026-09-07T07:00:00Z,2026-08-11T15:00:00Z,not_comparable
KXHOUSERACE-OR02-26-R,KXHOUSERACE,KXHOUSERACE-OR02-26,Will Republican win the House race for OR-02?,Cliff Bentz,,active,US_2026_general_election,7,usable,usable,0.966,0.9510000000000001,1.4999999999999902,2026-09-08T15:00:00Z,2026-08-31T23:00:00Z,same_contract_descriptive
KXHOUSERACE-OR02-26-R,KXHOUSERACE,KXHOUSERACE-OR02-26,Will Republican win the House race for OR-02?,Cliff Bentz,,active,US_2026_general_election,14,usable,usable,0.966,0.9510000000000001,1.4999999999999902,2026-09-08T15:00:00Z,2026-08-24T17:00:00Z,same_contract_descriptive
KXHOUSERACE-OR02-26-R,KXHOUSERACE,KXHOUSERACE-OR02-26,Will Republican win the House race for OR-02?,Cliff Bentz,,active,US_2026_general_election,28,usable,usable,0.966,0.9510000000000001,1.4999999999999902,2026-09-08T15:00:00Z,2026-08-11T15:00:00Z,same_contract_descriptive
KXHOUSERACE-OR02-26-D,KXHOUSERACE,KXHOUSERACE-OR02-26,Will Democratic win the House race for OR-02?,Chris Beck,,active,US_2026_general_election,7,stale_observation,usable,,0.049,,2026-09-07T00:00:00Z,2026-08-31T23:00:00Z,not_comparable
KXHOUSERACE-OR02-26-D,KXHOUSERACE,KXHOUSERACE-OR02-26,Will Democratic win the House race for OR-02?,Chris Beck,,active,US_2026_general_election,14,stale_observation,usable,,0.049,,2026-09-07T00:00:00Z,2026-08-24T17:00:00Z,not_comparable
KXHOUSERACE-OR02-26-D,KXHOUSERACE,KXHOUSERACE-OR02-26,Will Democratic win the House race for OR-02?,Chris Beck,,active,US_2026_general_election,28,stale_observation,usable,,0.049,,2026-09-07T00:00:00Z,2026-08-11T15:00:00Z,not_comparable
KXHOUSERACE-OR01-26-R,KXHOUSERACE,KXHOUSERACE-OR01-26,Will Republican win the House race for OR-01?,Barbara Kahl,,active,US_2026_general_election,7,stale_observation,usable,,0.029500000000000002,,2026-09-07T00:00:00Z,2026-09-01T12:00:00Z,not_comparable
KXHOUSERACE-OR01-26-R,KXHOUSERACE,KXHOUSERACE-OR01-26,Will Republican win the House race for OR-01?,Barbara Kahl,,active,US_2026_general_election,14,stale_observation,usable,,0.030000000000000002,,2026-09-07T00:00:00Z,2026-08-25T11:00:00Z,not_comparable
KXHOUSERACE-OR01-26-R,KXHOUSERACE,KXHOUSERACE-OR01-26,Will Republican win the House race for OR-01?,Barbara Kahl,,active,US_2026_general_election,28,stale_observation,usable,,0.024,,2026-09-07T00:00:00Z,2026-08-11T15:00:00Z,not_comparable
KXHOUSERACE-OR01-26-D,KXHOUSERACE,KXHOUSERACE-OR01-26,Will Democratic win the House race for OR-01?,Suzanne Bonamici,,active,US_2026_general_election,7,usable,usable,0.97,0.97,0.0,2026-09-07T18:00:00Z,2026-09-01T12:00:00Z,same_contract_descriptive
KXHOUSERACE-OR01-26-D,KXHOUSERACE,KXHOUSERACE-OR01-26,Will Democratic win the House race for OR-01?,Suzanne Bonamici,,active,US_2026_general_election,14,usable,stale_observation,0.97,,,2026-09-07T18:00:00Z,2026-08-24T15:00:00Z,not_comparable
KXHOUSERACE-OR01-26-D,KXHOUSERACE,KXHOUSERACE-OR01-26,Will Democratic win the House race for OR-01?,Suzanne Bonamici,,active,US_2026_general_election,28,usable,usable,0.97,0.9755,-0.550000000000006,2026-09-07T18:00:00Z,2026-08-11T15:00:00Z,same_contract_descriptive
KXHOUSERACE-OK05-26-R,KXHOUSERACE,KXHOUSERACE-OK05-26,Will Republican win the House race for OK-05?,Stephanie Bice,,active,US_2026_general_election,7,usable,usable,0.885,0.81,7.499999999999996,2026-09-08T15:00:00Z,2026-09-01T14:00:00Z,same_contract_descriptive
KXHOUSERACE-OK05-26-R,KXHOUSERACE,KXHOUSERACE-OK05-26,Will Republican win the House race for OK-05?,Stephanie Bice,,active,US_2026_general_election,14,usable,usable,0.885,0.8765000000000001,0.8499999999999952,2026-09-08T15:00:00Z,2026-08-25T14:00:00Z,same_contract_descriptive
KXHOUSERACE-OK05-26-R,KXHOUSERACE,KXHOUSERACE-OK05-26,Will Republican win the House race for OK-05?,Stephanie Bice,,active,US_2026_general_election,28,usable,usable,0.885,0.88,0.5000000000000004,2026-09-08T15:00:00Z,2026-08-11T15:00:00Z,same_contract_descriptive
KXHOUSERACE-OK05-26-D,KXHOUSERACE,KXHOUSERACE-OK05-26,Will Democratic win the House race for OK-05?,Jena Nelson,,active,US_2026_general_election,7,usable,usable,0.10500000000000001,0.15500000000000003,-5.000000000000002,2026-09-08T07:00:00Z,2026-09-01T14:00:00Z,same_contract_descriptive
KXHOUSERACE-OK05-26-D,KXHOUSERACE,KXHOUSERACE-OK05-26,Will Democratic win the House race for OK-05?,Jena Nelson,,active,US_2026_general_election,14,usable,usable,0.10500000000000001,0.13,-2.4999999999999996,2026-09-08T07:00:00Z,2026-08-25T07:00:00Z,same_contract_descriptive
KXHOUSERACE-OK05-26-D,KXHOUSERACE,KXHOUSERACE-OK05-26,Will Democratic win the House race for OK-05?,Jena Nelson,,active,US_2026_general_election,28,usable,usable,0.10500000000000001,0.125,-1.9999999999999991,2026-09-08T07:00:00Z,2026-08-11T15:00:00Z,same_contract_descriptive
KXHOUSERACE-OK04-26-R,KXHOUSERACE,KXHOUSERACE-OK04-26,Will Republican win the House race for OK-04?,Tom Cole,,active,US_2026_general_election,7,usable,usable,0.9565,0.9410000000000001,1.5499999999999958,2026-09-08T15:00:00Z,2026-08-31T23:00:00Z,same_contract_descriptive
KXHOUSERACE-OK04-26-R,KXHOUSERACE,KXHOUSERACE-OK04-26,Will Republican win the House race for OK-04?,Tom Cole,,active,US_2026_general_election,14,usable,usable,0.9565,0.946,1.0500000000000065,2026-09-08T15:00:00Z,2026-08-24T17:00:00Z,same_contract_descriptive
KXHOUSERACE-OK04-26-R,KXHOUSERACE,KXHOUSERACE-OK04-26,Will Republican win the House race for OK-04?,Tom Cole,,active,US_2026_general_election,28,usable,usable,0.9565,0.9475,0.9000000000000008,2026-09-08T15:00:00Z,2026-08-11T15:00:00Z,same_contract_descriptive
KXHOUSERACE-OK04-26-D,KXHOUSERACE,KXHOUSERACE-OK04-26,Will Democratic win the House race for OK-04?,Mitchell Jacob,,active,US_2026_general_election,7,usable,usable,0.025500000000000002,0.029,-0.35,2026-09-08T15:00:00Z,2026-08-31T23:00:00Z,same_contract_descriptive
KXHOUSERACE-OK04-26-D,KXHOUSERACE,KXHOUSERACE-OK04-26,Will Democratic win the House race for OK-04?,Mitchell Jacob,,active,US_2026_general_election,14,usable,stale_observation,0.025500000000000002,,,2026-09-08T15:00:00Z,2026-08-21T22:00:00Z,not_comparable
KXHOUSERACE-OK04-26-D,KXHOUSERACE,KXHOUSERACE-OK04-26,Will Democratic win the House race for OK-04?,Mitchell Jacob,,active,US_2026_general_election,28,usable,usable,0.025500000000000002,0.044,-1.8499999999999996,2026-09-08T15:00:00Z,2026-08-11T15:00:00Z,same_contract_descriptive
KXHOUSERACE-OK03-26-R,KXHOUSERACE,KXHOUSERACE-OK03-26,Will Republican win the House race for OK-03?,Frank Lucas,,active,US_2026_general_election,7,usable,usable,0.976,0.969,0.7000000000000006,2026-09-08T12:00:00Z,2026-09-01T06:00:00Z,same_contract_descriptive
KXHOUSERACE-OK03-26-R,KXHOUSERACE,KXHOUSERACE-OK03-26,Will Republican win the House race for OK-03?,Frank Lucas,,active,US_2026_general_election,14,usable,usable,0.976,0.9684999999999999,0.7500000000000062,2026-09-08T12:00:00Z,2026-08-24T17:00:00Z,same_contract_descriptive
KXHOUSERACE-OK03-26-R,KXHOUSERACE,KXHOUSERACE-OK03-26,Will Republican win the House race for OK-03?,Frank Lucas,,active,US_2026_general_election,28,usable,usable,0.976,0.969,0.7000000000000006,2026-09-08T12:00:00Z,2026-08-11T14:00:00Z,same_contract_descriptive
KXHOUSERACE-OK03-26-D,KXHOUSERACE,KXHOUSERACE-OK03-26,Will Democratic win the House race for OK-03?,Suzie Byrd,,active,US_2026_general_election,7,usable,usable,0.029500000000000002,0.031,-0.1499999999999998,2026-09-08T15:00:00Z,2026-09-01T14:00:00Z,same_contract_descriptive
KXHOUSERACE-OK03-26-D,KXHOUSERACE,KXHOUSERACE-OK03-26,Will Democratic win the House race for OK-03?,Suzie Byrd,,active,US_2026_general_election,14,usable,usable,0.029500000000000002,0.032,-0.2499999999999999,2026-09-08T15:00:00Z,2026-08-25T07:00:00Z,same_contract_descriptive
KXHOUSERACE-OK03-26-D,KXHOUSERACE,KXHOUSERACE-OK03-26,Will Democratic win the House race for OK-03?,Suzie Byrd,,active,US_2026_general_election,28,usable,usable,0.029500000000000002,0.034,-0.45000000000000007,2026-09-08T15:00:00Z,2026-08-11T15:00:00Z,same_contract_descriptive
KXHOUSERACE-OK02-26-R,KXHOUSERACE,KXHOUSERACE-OK02-26,Will Republican win the House race for OK-02?,Josh Brecheen,,active,US_2026_general_election,7,usable,usable,0.976,0.95,2.6000000000000023,2026-09-08T15:00:00Z,2026-08-31T22:00:00Z,same_contract_descriptive
KXHOUSERACE-OK02-26-R,KXHOUSERACE,KXHOUSERACE-OK02-26,Will Republican win the House race for OK-02?,Josh Brecheen,,active,US_2026_general_election,14,usable,usable,0.976,0.95,2.6000000000000023,2026-09-08T15:00:00Z,2026-08-25T00:00:00Z,same_contract_descriptive
KXHOUSERACE-OK02-26-R,KXHOUSERACE,KXHOUSERACE-OK02-26,Will Republican win the House race for OK-02?,Josh Brecheen,,active,US_2026_general_election,28,usable,usable,0.976,0.953,2.300000000000002,2026-09-08T15:00:00Z,2026-08-11T15:00:00Z,same_contract_descriptive
KXHOUSERACE-OK02-26-D,KXHOUSERACE,KXHOUSERACE-OK02-26,Will Democratic win the House race for OK-02?,Brandon Wade,,active,US_2026_general_election,7,usable,usable,0.028,0.0385,-1.0499999999999998,2026-09-08T14:00:00Z,2026-08-31T23:00:00Z,same_contract_descriptive
KXHOUSERACE-OK02-26-D,KXHOUSERACE,KXHOUSERACE-OK02-26,Will Democratic win the House race for OK-02?,Brandon Wade,,active,US_2026_general_election,14,usable,usable,0.028,0.0385,-1.0499999999999998,2026-09-08T14:00:00Z,2026-08-24T17:00:00Z,same_contract_descriptive
KXHOUSERACE-OK02-26-D,KXHOUSERACE,KXHOUSERACE-OK02-26,Will Democratic win the House race for OK-02?,Brandon Wade,,active,US_2026_general_election,28,usable,usable,0.028,0.047,-1.9,2026-09-08T14:00:00Z,2026-08-11T15:00:00Z,same_contract_descriptive
KXHOUSERACE-OK01-26-R,KXHOUSERACE,KXHOUSERACE-OK01-26,Will Republican win the House race for OK-01?,Mark Tedford,,active,US_2026_general_election,7,usable,usable,0.9135,0.899,1.4499999999999957,2026-09-08T14:00:00Z,2026-09-01T12:00:00Z,same_contract_descriptive
KXHOUSERACE-OK01-26-R,KXHOUSERACE,KXHOUSERACE-OK01-26,Will Republican win the House race for OK-01?,Mark Tedford,,active,US_2026_general_election,14,usable,usable,0.9135,0.9245,-1.100000000000001,2026-09-08T14:00:00Z,2026-08-25T13:00:00Z,same_contract_descriptive
KXHOUSERACE-OK01-26-R,KXHOUSERACE,KXHOUSERACE-OK01-26,Will Republican win the House race for OK-01?,Mark Tedford,,active,US_2026_general_election,28,usable,usable,0.9135,0.897,1.649999999999996,2026-09-08T14:00:00Z,2026-08-11T15:00:00Z,same_contract_descriptive
KXHOUSERACE-OK01-26-D,KXHOUSERACE,KXHOUSERACE-OK01-26,Will Democratic win the House race for OK-01?,John Croisant,,active,US_2026_general_election,7,usable,usable,0.0795,0.098,-1.8500000000000003,2026-09-08T14:00:00Z,2026-09-01T12:00:00Z,same_contract_descriptive
KXHOUSERACE-OK01-26-D,KXHOUSERACE,KXHOUSERACE-OK01-26,Will Democratic win the House race for OK-01?,John Croisant,,active,US_2026_general_election,14,usable,usable,0.0795,0.0755,0.40000000000000036,2026-09-08T14:00:00Z,2026-08-25T13:00:00Z,same_contract_descriptive
KXHOUSERACE-OK01-26-D,KXHOUSERACE,KXHOUSERACE-OK01-26,Will Democratic win the House race for OK-01?,John Croisant,,active,US_2026_general_election,28,usable,usable,0.0795,0.103,-2.349999999999999,2026-09-08T14:00:00Z,2026-08-11T15:00:00Z,same_contract_descriptive
KXHOUSERACE-OH15-26-R,KXHOUSERACE,KXHOUSERACE-OH15-26,Will Republican win the House race for OH-15?,Mike Carey,,active,US_2026_general_election,7,usable,usable,0.785,0.81,-2.500000000000002,2026-09-08T15:00:00Z,2026-09-01T15:00:00Z,same_contract_descriptive
KXHOUSERACE-OH15-26-R,KXHOUSERACE,KXHOUSERACE-OH15-26,Will Republican win the House race for OH-15?,Mike Carey,,active,US_2026_general_election,14,usable,usable,0.785,0.8300000000000001,-4.5000000000000036,2026-09-08T15:00:00Z,2026-08-25T14:00:00Z,same_contract_descriptive
KXHOUSERACE-OH15-26-R,KXHOUSERACE,KXHOUSERACE-OH15-26,Will Republican win the House race for OH-15?,Mike Carey,,active,US_2026_general_election,28,usable,usable,0.785,0.795,-1.0000000000000009,2026-09-08T15:00:00Z,2026-08-11T15:00:00Z,same_contract_descriptive
KXHOUSERACE-OH15-26-D,KXHOUSERACE,KXHOUSERACE-OH15-26,Will Democratic win the House race for OH-15?,Don Leonard,,active,US_2026_general_election,7,usable,usable,0.2,0.18,2.0000000000000018,2026-09-08T15:00:00Z,2026-09-01T15:00:00Z,same_contract_descriptive
KXHOUSERACE-OH15-26-D,KXHOUSERACE,KXHOUSERACE-OH15-26,Will Democratic win the House race for OH-15?,Don Leonard,,active,US_2026_general_election,14,usable,usable,0.2,0.165,3.5000000000000004,2026-09-08T15:00:00Z,2026-08-25T07:00:00Z,same_contract_descriptive
KXHOUSERACE-OH15-26-D,KXHOUSERACE,KXHOUSERACE-OH15-26,Will Democratic win the House race for OH-15?,Don Leonard,,active,US_2026_general_election,28,usable,usable,0.2,0.15500000000000003,4.499999999999998,2026-09-08T15:00:00Z,2026-08-11T15:00:00Z,same_contract_descriptive
KXHOUSERACE-OH14-26-R,KXHOUSERACE,KXHOUSERACE-OH14-26,Will Republican win the House race for OH-14?,David Joyce,,active,US_2026_general_election,7,usable,usable,0.94,0.9455,-0.550000000000006,2026-09-08T14:00:00Z,2026-09-01T12:00:00Z,same_contract_descriptive
KXHOUSERACE-OH14-26-R,KXHOUSERACE,KXHOUSERACE-OH14-26,Will Republican win the House race for OH-14?,David Joyce,,active,US_2026_general_election,14,usable,usable,0.94,0.9495,-0.9500000000000064,2026-09-08T14:00:00Z,2026-08-24T18:00:00Z,same_contract_descriptive
KXHOUSERACE-OH14-26-R,KXHOUSERACE,KXHOUSERACE-OH14-26,Will Republican win the House race for OH-14?,David Joyce,,active,US_2026_general_election,28,usable,usable,0.94,0.952,-1.200000000000001,2026-09-08T14:00:00Z,2026-08-11T15:00:00Z,same_contract_descriptive
KXHOUSERACE-OH14-26-D,KXHOUSERACE,KXHOUSERACE-OH14-26,Will Democratic win the House race for OH-14?,Maria Jukic,,active,US_2026_general_election,7,usable,usable,0.05,0.045,0.5000000000000004,2026-09-08T15:00:00Z,2026-09-01T12:00:00Z,same_contract_descriptive
KXHOUSERACE-OH14-26-D,KXHOUSERACE,KXHOUSERACE-OH14-26,Will Democratic win the House race for OH-14?,Maria Jukic,,active,US_2026_general_election,14,usable,usable,0.05,0.0465,0.3500000000000003,2026-09-08T15:00:00Z,2026-08-25T15:00:00Z,same_contract_descriptive
KXHOUSERACE-OH14-26-D,KXHOUSERACE,KXHOUSERACE-OH14-26,Will Democratic win the House race for OH-14?,Maria Jukic,,active,US_2026_general_election,28,usable,usable,0.05,0.048,0.20000000000000018,2026-09-08T15:00:00Z,2026-08-11T15:00:00Z,same_contract_descriptive
KXHOUSERACE-OH12-26-R,KXHOUSERACE,KXHOUSERACE-OH12-26,Will Republican win the House race for OH-12?,Troy Balderson,,active,US_2026_general_election,7,usable,usable,0.974,0.9545,1.9499999999999962,2026-09-08T10:00:00Z,2026-09-01T12:00:00Z,same_contract_descriptive
KXHOUSERACE-OH12-26-R,KXHOUSERACE,KXHOUSERACE-OH12-26,Will Republican win the House race for OH-12?,Troy Balderson,,active,US_2026_general_election,14,usable,usable,0.974,0.9495,2.4499999999999966,2026-09-08T10:00:00Z,2026-08-25T11:00:00Z,same_contract_descriptive
KXHOUSERACE-OH12-26-R,KXHOUSERACE,KXHOUSERACE-OH12-26,Will Republican win the House race for OH-12?,Troy Balderson,,active,US_2026_general_election,28,usable,usable,0.974,0.9339999999999999,4.0000000000000036,2026-09-08T10:00:00Z,2026-08-11T15:00:00Z,same_contract_descriptive
KXHOUSERACE-OH12-26-D,KXHOUSERACE,KXHOUSERACE-OH12-26,Will Democratic win the House race for OH-12?,Jerrad Christian,,active,US_2026_general_election,7,usable,usable,0.0205,0.0465,-2.6,2026-09-08T14:00:00Z,2026-09-01T12:00:00Z,same_contract_descriptive
KXHOUSERACE-OH12-26-D,KXHOUSERACE,KXHOUSERACE-OH12-26,Will Democratic win the House race for OH-12?,Jerrad Christian,,active,US_2026_general_election,14,usable,usable,0.0205,0.0555,-3.5000000000000004,2026-09-08T14:00:00Z,2026-08-25T07:00:00Z,same_contract_descriptive
KXHOUSERACE-OH12-26-D,KXHOUSERACE,KXHOUSERACE-OH12-26,Will Democratic win the House race for OH-12?,Jerrad Christian,,active,US_2026_general_election,28,usable,usable,0.0205,0.066,-4.55,2026-09-08T14:00:00Z,2026-08-11T15:00:00Z,same_contract_descriptive
KXHOUSERACE-OH11-26-R,KXHOUSERACE,KXHOUSERACE-OH11-26,Will Republican win the House race for OH-11?,Mike Kirchner,,active,US_2026_general_election,7,stale_observation,usable,,0.02,,2026-09-06T20:00:00Z,2026-09-01T12:00:00Z,not_comparable
KXHOUSERACE-OH11-26-R,KXHOUSERACE,KXHOUSERACE-OH11-26,Will Republican win the House race for OH-11?,Mike Kirchner,,active,US_2026_general_election,14,stale_observation,stale_observation,,,,2026-09-06T20:00:00Z,2026-08-21T22:00:00Z,not_comparable
KXHOUSERACE-OH11-26-R,KXHOUSERACE,KXHOUSERACE-OH11-26,Will Republican win the House race for OH-11?,Mike Kirchner,,active,US_2026_general_election,28,stale_observation,usable,,0.0395,,2026-09-06T20:00:00Z,2026-08-11T15:00:00Z,not_comparable
KXHOUSERACE-OH11-26-D,KXHOUSERACE,KXHOUSERACE-OH11-26,Will Democratic win the House race for OH-11?,Shontel Brown,,active,US_2026_general_election,7,stale_observation,usable,,0.9724999999999999,,2026-09-07T09:00:00Z,2026-09-01T12:00:00Z,not_comparable
KXHOUSERACE-OH11-26-D,KXHOUSERACE,KXHOUSERACE-OH11-26,Will Democratic win the House race for OH-11?,Shontel Brown,,active,US_2026_general_election,14,stale_observation,usable,,0.973,,2026-09-07T09:00:00Z,2026-08-25T11:00:00Z,not_comparable
KXHOUSERACE-OH11-26-D,KXHOUSERACE,KXHOUSERACE-OH11-26,Will Democratic win the House race for OH-11?,Shontel Brown,,active,US_2026_general_election,28,stale_observation,usable,,0.9604999999999999,,2026-09-07T09:00:00Z,2026-08-11T15:00:00Z,not_comparable
KXHOUSERACE-OH10-26-R,KXHOUSERACE,KXHOUSERACE-OH10-26,Will Republican win the House race for OH-10?,Mike Turner,,active,US_2026_general_election,7,stale_observation,usable,,0.825,,2026-09-03T21:00:00Z,2026-09-01T12:00:00Z,not_comparable
KXHOUSERACE-OH10-26-R,KXHOUSERACE,KXHOUSERACE-OH10-26,Will Republican win the House race for OH-10?,Mike Turner,,active,US_2026_general_election,14,stale_observation,usable,,0.86,,2026-09-03T21:00:00Z,2026-08-25T14:00:00Z,not_comparable
KXHOUSERACE-OH10-26-R,KXHOUSERACE,KXHOUSERACE-OH10-26,Will Republican win the House race for OH-10?,Mike Turner,,active,US_2026_general_election,28,stale_observation,usable,,0.875,,2026-09-03T21:00:00Z,2026-08-11T15:00:00Z,not_comparable
KXHOUSERACE-OH10-26-D,KXHOUSERACE,KXHOUSERACE-OH10-26,Will Democratic win the House race for OH-10?,Kristina Knickerbocker,,active,US_2026_general_election,7,usable,usable,0.16,0.16,0.0,2026-09-08T10:00:00Z,2026-09-01T15:00:00Z,same_contract_descriptive
KXHOUSERACE-OH10-26-D,KXHOUSERACE,KXHOUSERACE-OH10-26,Will Democratic win the House race for OH-10?,Kristina Knickerbocker,,active,US_2026_general_election,14,usable,stale_observation,0.16,,,2026-09-08T10:00:00Z,2026-08-23T16:00:00Z,not_comparable
KXHOUSERACE-OH10-26-D,KXHOUSERACE,KXHOUSERACE-OH10-26,Will Democratic win the House race for OH-10?,Kristina Knickerbocker,,active,US_2026_general_election,28,usable,usable,0.16,0.1055,5.450000000000001,2026-09-08T10:00:00Z,2026-08-11T15:00:00Z,same_contract_descriptive
KXHOUSERACE-OH08-26-R,KXHOUSERACE,KXHOUSERACE-OH08-26,Will Republican win the House race for OH-08?,Warren Davidson,,active,US_2026_general_election,7,usable,usable,0.885,0.8805000000000001,0.44999999999999485,2026-09-08T15:00:00Z,2026-09-01T12:00:00Z,same_contract_descriptive
KXHOUSERACE-OH08-26-R,KXHOUSERACE,KXHOUSERACE-OH08-26,Will Republican win the House race for OH-08?,Warren Davidson,,active,US_2026_general_election,14,usable,usable,0.885,0.881,0.40000000000000036,2026-09-08T15:00:00Z,2026-08-25T07:00:00Z,same_contract_descriptive
KXHOUSERACE-OH08-26-R,KXHOUSERACE,KXHOUSERACE-OH08-26,Will Republican win the House race for OH-08?,Warren Davidson,,active,US_2026_general_election,28,usable,usable,0.885,0.875,1.0000000000000009,2026-09-08T15:00:00Z,2026-08-11T15:00:00Z,same_contract_descriptive
KXHOUSERACE-OH08-26-D,KXHOUSERACE,KXHOUSERACE-OH08-26,Will Democratic win the House race for OH-08?,Vanessa Enoch,,active,US_2026_general_election,7,usable,usable,0.1145,0.1195,-0.49999999999999906,2026-09-08T15:00:00Z,2026-09-01T15:00:00Z,same_contract_descriptive
KXHOUSERACE-OH08-26-D,KXHOUSERACE,KXHOUSERACE-OH08-26,Will Democratic win the House race for OH-08?,Vanessa Enoch,,active,US_2026_general_election,14,usable,usable,0.1145,0.1195,-0.49999999999999906,2026-09-08T15:00:00Z,2026-08-25T07:00:00Z,same_contract_descriptive
KXHOUSERACE-OH08-26-D,KXHOUSERACE,KXHOUSERACE-OH08-26,Will Democratic win the House race for OH-08?,Vanessa Enoch,,active,US_2026_general_election,28,usable,usable,0.1145,0.125,-1.0499999999999996,2026-09-08T15:00:00Z,2026-08-11T15:00:00Z,same_contract_descriptive
KXHOUSERACE-OH07-26-R,KXHOUSERACE,KXHOUSERACE-OH07-26,Will Republican win the House race for OH-07?,Max Miller,,active,US_2026_general_election,7,usable,usable,0.22,0.19,3.0,2026-09-08T15:00:00Z,2026-09-01T14:00:00Z,same_contract_descriptive
KXHOUSERACE-OH07-26-R,KXHOUSERACE,KXHOUSERACE-OH07-26,Will Republican win the House race for OH-07?,Max Miller,,active,US_2026_general_election,14,usable,usable,0.22,0.195,2.4999999999999996,2026-09-08T15:00:00Z,2026-08-25T14:00:00Z,same_contract_descriptive
KXHOUSERACE-OH07-26-R,KXHOUSERACE,KXHOUSERACE-OH07-26,Will Republican win the House race for OH-07?,Max Miller,,active,US_2026_general_election,28,usable,usable,0.22,0.20500000000000002,1.4999999999999987,2026-09-08T15:00:00Z,2026-08-11T15:00:00Z,same_contract_descriptive
KXHOUSERACE-OH07-26-D,KXHOUSERACE,KXHOUSERACE-OH07-26,Will Democratic win the House race for OH-07?,Brian Poindexter,,active,US_2026_general_election,7,usable,usable,0.785,0.8,-1.5000000000000013,2026-09-08T15:00:00Z,2026-09-01T15:00:00Z,same_contract_descriptive
KXHOUSERACE-OH07-26-D,KXHOUSERACE,KXHOUSERACE-OH07-26,Will Democratic win the House race for OH-07?,Brian Poindexter,,active,US_2026_general_election,14,usable,usable,0.785,0.825,-3.9999999999999925,2026-09-08T15:00:00Z,2026-08-25T14:00:00Z,same_contract_descriptive
KXHOUSERACE-OH07-26-D,KXHOUSERACE,KXHOUSERACE-OH07-26,Will Democratic win the House race for OH-07?,Brian Poindexter,,active,US_2026_general_election,28,usable,usable,0.785,0.805,-2.0000000000000018,2026-09-08T15:00:00Z,2026-08-11T15:00:00Z,same_contract_descriptive
KXHOUSERACE-OH06-26-R,KXHOUSERACE,KXHOUSERACE-OH06-26,Will Republican win the House race for OH-06?,Michael Rulli,,active,US_2026_general_election,7,stale_observation,usable,,0.938,,2026-09-07T02:00:00Z,2026-08-31T23:00:00Z,not_comparable
KXHOUSERACE-OH06-26-R,KXHOUSERACE,KXHOUSERACE-OH06-26,Will Republican win the House race for OH-06?,Michael Rulli,,active,US_2026_general_election,14,stale_observation,usable,,0.933,,2026-09-07T02:00:00Z,2026-08-25T13:00:00Z,not_comparable
KXHOUSERACE-OH06-26-R,KXHOUSERACE,KXHOUSERACE-OH06-26,Will Republican win the House race for OH-06?,Michael Rulli,,active,US_2026_general_election,28,stale_observation,usable,,0.9299999999999999,,2026-09-07T02:00:00Z,2026-08-11T15:00:00Z,not_comparable
KXHOUSERACE-OH06-26-D,KXHOUSERACE,KXHOUSERACE-OH06-26,Will Democratic win the House race for OH-06?,Elizabeth Kirtley,,active,US_2026_general_election,7,usable,usable,0.0305,0.0435,-1.2999999999999998,2026-09-08T14:00:00Z,2026-09-01T06:00:00Z,same_contract_descriptive
KXHOUSERACE-OH06-26-D,KXHOUSERACE,KXHOUSERACE-OH06-26,Will Democratic win the House race for OH-06?,Elizabeth Kirtley,,active,US_2026_general_election,14,usable,usable,0.0305,0.05,-1.9500000000000004,2026-09-08T14:00:00Z,2026-08-25T13:00:00Z,same_contract_descriptive
KXHOUSERACE-OH06-26-D,KXHOUSERACE,KXHOUSERACE-OH06-26,Will Democratic win the House race for OH-06?,Elizabeth Kirtley,,active,US_2026_general_election,28,usable,usable,0.0305,0.0675,-3.7000000000000006,2026-09-08T14:00:00Z,2026-08-11T15:00:00Z,same_contract_descriptive
KXHOUSERACE-OH05-26-R,KXHOUSERACE,KXHOUSERACE-OH05-26,Will Republican win the House race for OH-05?,Bob Latta,,active,US_2026_general_election,7,usable,usable,0.9365,0.942,-0.5499999999999949,2026-09-08T14:00:00Z,2026-09-01T15:00:00Z,same_contract_descriptive
KXHOUSERACE-OH05-26-R,KXHOUSERACE,KXHOUSERACE-OH05-26,Will Republican win the House race for OH-05?,Bob Latta,,active,US_2026_general_election,14,usable,usable,0.9365,0.9390000000000001,-0.2500000000000058,2026-09-08T14:00:00Z,2026-08-25T11:00:00Z,same_contract_descriptive
KXHOUSERACE-OH05-26-R,KXHOUSERACE,KXHOUSERACE-OH05-26,Will Republican win the House race for OH-05?,Bob Latta,,active,US_2026_general_election,28,usable,usable,0.9365,0.9319999999999999,0.45000000000000595,2026-09-08T14:00:00Z,2026-08-11T15:00:00Z,same_contract_descriptive
KXHOUSERACE-OH05-26-D,KXHOUSERACE,KXHOUSERACE-OH05-26,Will Democratic win the House race for OH-05?,Brian Shaver,,active,US_2026_general_election,7,usable,usable,0.054,0.05,0.3999999999999997,2026-09-08T14:00:00Z,2026-09-01T14:00:00Z,same_contract_descriptive
KXHOUSERACE-OH05-26-D,KXHOUSERACE,KXHOUSERACE-OH05-26,Will Democratic win the House race for OH-05?,Brian Shaver,,active,US_2026_general_election,14,usable,usable,0.054,0.0635,-0.9500000000000002,2026-09-08T14:00:00Z,2026-08-25T13:00:00Z,same_contract_descriptive
KXHOUSERACE-OH05-26-D,KXHOUSERACE,KXHOUSERACE-OH05-26,Will Democratic win the House race for OH-05?,Brian Shaver,,active,US_2026_general_election,28,usable,usable,0.054,0.068,-1.4000000000000006,2026-09-08T14:00:00Z,2026-08-11T15:00:00Z,same_contract_descriptive
KXHOUSERACE-OH04-26-R,KXHOUSERACE,KXHOUSERACE-OH04-26,Will Republican win the House race for OH-04?,Jim Jordan,,active,US_2026_general_election,7,usable,usable,0.9704999999999999,0.9465,2.399999999999991,2026-09-08T14:00:00Z,2026-09-01T12:00:00Z,same_contract_descriptive
KXHOUSERACE-OH04-26-R,KXHOUSERACE,KXHOUSERACE-OH04-26,Will Republican win the House race for OH-04?,Jim Jordan,,active,US_2026_general_election,14,usable,usable,0.9704999999999999,0.9450000000000001,2.5499999999999856,2026-09-08T14:00:00Z,2026-08-25T15:00:00Z,same_contract_descriptive
KXHOUSERACE-OH04-26-R,KXHOUSERACE,KXHOUSERACE-OH04-26,Will Republican win the House race for OH-04?,Jim Jordan,,active,US_2026_general_election,28,usable,usable,0.9704999999999999,0.9339999999999999,3.6499999999999977,2026-09-08T14:00:00Z,2026-08-11T15:00:00Z,same_contract_descriptive
KXHOUSERACE-OH04-26-D,KXHOUSERACE,KXHOUSERACE-OH04-26,Will Democratic win the House race for OH-04?,Joshua Kolasinski,,active,US_2026_general_election,7,usable,usable,0.028,0.043,-1.4999999999999996,2026-09-08T14:00:00Z,2026-08-31T23:00:00Z,same_contract_descriptive
KXHOUSERACE-OH04-26-D,KXHOUSERACE,KXHOUSERACE-OH04-26,Will Democratic win the House race for OH-04?,Joshua Kolasinski,,active,US_2026_general_election,14,usable,usable,0.028,0.046,-1.7999999999999998,2026-09-08T14:00:00Z,2026-08-25T06:00:00Z,same_contract_descriptive
KXHOUSERACE-OH04-26-D,KXHOUSERACE,KXHOUSERACE-OH04-26,Will Democratic win the House race for OH-04?,Joshua Kolasinski,,active,US_2026_general_election,28,usable,usable,0.028,0.066,-3.8000000000000007,2026-09-08T14:00:00Z,2026-08-11T15:00:00Z,same_contract_descriptive
KXHOUSERACE-OH03-26-R,KXHOUSERACE,KXHOUSERACE-OH03-26,Will Republican win the House race for OH-03?,Cleophus Dulaney,,active,US_2026_general_election,7,stale_observation,stale_observation,,,,2026-09-06T23:00:00Z,2026-08-24T17:00:00Z,not_comparable
KXHOUSERACE-OH03-26-R,KXHOUSERACE,KXHOUSERACE-OH03-26,Will Republican win the House race for OH-03?,Cleophus Dulaney,,active,US_2026_general_election,14,stale_observation,usable,,0.029500000000000002,,2026-09-06T23:00:00Z,2026-08-24T17:00:00Z,not_comparable
KXHOUSERACE-OH03-26-R,KXHOUSERACE,KXHOUSERACE-OH03-26,Will Republican win the House race for OH-03?,Cleophus Dulaney,,active,US_2026_general_election,28,stale_observation,usable,,0.024,,2026-09-06T23:00:00Z,2026-08-11T15:00:00Z,not_comparable
KXHOUSERACE-OH03-26-D,KXHOUSERACE,KXHOUSERACE-OH03-26,Will Democratic win the House race for OH-03?,Joyce Beatty,,active,US_2026_general_election,7,usable,usable,0.9755,0.9755,0.0,2026-09-08T14:00:00Z,2026-09-01T12:00:00Z,same_contract_descriptive
KXHOUSERACE-OH03-26-D,KXHOUSERACE,KXHOUSERACE-OH03-26,Will Democratic win the House race for OH-03?,Joyce Beatty,,active,US_2026_general_election,14,usable,usable,0.9755,0.971,0.45000000000000595,2026-09-08T14:00:00Z,2026-08-25T11:00:00Z,same_contract_descriptive
KXHOUSERACE-OH03-26-D,KXHOUSERACE,KXHOUSERACE-OH03-26,Will Democratic win the House race for OH-03?,Joyce Beatty,,active,US_2026_general_election,28,usable,usable,0.9755,0.9755,0.0,2026-09-08T14:00:00Z,2026-08-11T15:00:00Z,same_contract_descriptive
KXHOUSERACE-OH02-26-R,KXHOUSERACE,KXHOUSERACE-OH02-26,Will Republican win the House race for OH-02?,David Taylor,,active,US_2026_general_election,7,usable,usable,0.9575,0.957,0.050000000000005596,2026-09-08T15:00:00Z,2026-09-01T14:00:00Z,same_contract_descriptive
KXHOUSERACE-OH02-26-R,KXHOUSERACE,KXHOUSERACE-OH02-26,Will Republican win the House race for OH-02?,David Taylor,,active,US_2026_general_election,14,usable,usable,0.9575,0.9575,0.0,2026-09-08T15:00:00Z,2026-08-25T11:00:00Z,same_contract_descriptive
KXHOUSERACE-OH02-26-R,KXHOUSERACE,KXHOUSERACE-OH02-26,Will Republican win the House race for OH-02?,David Taylor,,active,US_2026_general_election,28,usable,usable,0.9575,0.96,-0.24999999999999467,2026-09-08T15:00:00Z,2026-08-11T15:00:00Z,same_contract_descriptive
KXHOUSERACE-OH02-26-D,KXHOUSERACE,KXHOUSERACE-OH02-26,Will Democratic win the House race for OH-02?,Jennifer Mazzuckelli,,active,US_2026_general_election,7,usable,usable,0.0375,0.0425,-0.5000000000000004,2026-09-08T14:00:00Z,2026-09-01T14:00:00Z,same_contract_descriptive
KXHOUSERACE-OH02-26-D,KXHOUSERACE,KXHOUSERACE-OH02-26,Will Democratic win the House race for OH-02?,Jennifer Mazzuckelli,,active,US_2026_general_election,14,usable,stale_observation,0.0375,,,2026-09-08T14:00:00Z,2026-08-18T20:00:00Z,not_comparable
KXHOUSERACE-OH02-26-D,KXHOUSERACE,KXHOUSERACE-OH02-26,Will Democratic win the House race for OH-02?,Jennifer Mazzuckelli,,active,US_2026_general_election,28,usable,usable,0.0375,0.036,0.15000000000000013,2026-09-08T14:00:00Z,2026-08-11T15:00:00Z,same_contract_descriptive
KXHOUSERACE-NY26-26-R,KXHOUSERACE,KXHOUSERACE-NY26-26,Will Republican win the House race for NY-26?,Dennis Hannon,,active,US_2026_general_election,7,usable,usable,0.031,0.031,0.0,2026-09-08T14:00:00Z,2026-09-01T14:00:00Z,same_contract_descriptive
KXHOUSERACE-NY26-26-R,KXHOUSERACE,KXHOUSERACE-NY26-26,Will Republican win the House race for NY-26?,Dennis Hannon,,active,US_2026_general_election,14,usable,usable,0.031,0.0315,-0.050000000000000044,2026-09-08T14:00:00Z,2026-08-25T15:00:00Z,same_contract_descriptive
KXHOUSERACE-NY26-26-R,KXHOUSERACE,KXHOUSERACE-NY26-26,Will Republican win the House race for NY-26?,Dennis Hannon,,active,US_2026_general_election,28,usable,usable,0.031,0.028999999999999998,0.20000000000000018,2026-09-08T14:00:00Z,2026-08-11T15:00:00Z,same_contract_descriptive
KXHOUSERACE-NY26-26-D,KXHOUSERACE,KXHOUSERACE-NY26-26,Will Democratic win the House race for NY-26?,Tim Kennedy,,active,US_2026_general_election,7,usable,usable,0.9625,0.9665,-0.40000000000000036,2026-09-08T15:00:00Z,2026-09-01T12:00:00Z,same_contract_descriptive
KXHOUSERACE-NY26-26-D,KXHOUSERACE,KXHOUSERACE-NY26-26,Will Democratic win the House race for NY-26?,Tim Kennedy,,active,US_2026_general_election,14,usable,usable,0.9625,0.9625,0.0,2026-09-08T15:00:00Z,2026-08-24T17:00:00Z,same_contract_descriptive
KXHOUSERACE-NY26-26-D,KXHOUSERACE,KXHOUSERACE-NY26-26,Will Democratic win the House race for NY-26?,Tim Kennedy,,active,US_2026_general_election,28,usable,usable,0.9625,0.971,-0.8499999999999952,2026-09-08T15:00:00Z,2026-08-11T15:00:00Z,same_contract_descriptive
KXHOUSERACE-NY25-26-R,KXHOUSERACE,KXHOUSERACE-NY25-26,Will Republican win the House race for NY-25?,Virginia McIntyre,,active,US_2026_general_election,7,stale_observation,usable,,0.026,,2026-09-04T20:00:00Z,2026-08-31T23:00:00Z,not_comparable
KXHOUSERACE-NY25-26-R,KXHOUSERACE,KXHOUSERACE-NY25-26,Will Republican win the House race for NY-25?,Virginia McIntyre,,active,US_2026_general_election,14,stale_observation,usable,,0.026500000000000003,,2026-09-04T20:00:00Z,2026-08-25T07:00:00Z,not_comparable
KXHOUSERACE-NY25-26-R,KXHOUSERACE,KXHOUSERACE-NY25-26,Will Republican win the House race for NY-25?,Virginia McIntyre,,active,US_2026_general_election,28,stale_observation,usable,,0.016,,2026-09-04T20:00:00Z,2026-08-11T15:00:00Z,not_comparable
KXHOUSERACE-NY25-26-D,KXHOUSERACE,KXHOUSERACE-NY25-26,Will Democratic win the House race for NY-25?,Joseph Morelle,,active,US_2026_general_election,7,usable,usable,0.974,0.9735,0.04999999999999449,2026-09-08T14:00:00Z,2026-08-31T23:00:00Z,same_contract_descriptive
KXHOUSERACE-NY25-26-D,KXHOUSERACE,KXHOUSERACE-NY25-26,Will Democratic win the House race for NY-25?,Joseph Morelle,,active,US_2026_general_election,14,usable,usable,0.974,0.969,0.5000000000000004,2026-09-08T14:00:00Z,2026-08-24T17:00:00Z,same_contract_descriptive
KXHOUSERACE-NY25-26-D,KXHOUSERACE,KXHOUSERACE-NY25-26,Will Democratic win the House race for NY-25?,Joseph Morelle,,active,US_2026_general_election,28,usable,usable,0.974,0.9795,-0.550000000000006,2026-09-08T14:00:00Z,2026-08-11T15:00:00Z,same_contract_descriptive
KXHOUSERACE-NY24-26-R,KXHOUSERACE,KXHOUSERACE-NY24-26,Will Republican win the House race for NY-24?,Claudia Tenney,,active,US_2026_general_election,7,usable,usable,0.9425,0.9575,-1.5000000000000013,2026-09-08T14:00:00Z,2026-09-01T15:00:00Z,same_contract_descriptive
KXHOUSERACE-NY24-26-R,KXHOUSERACE,KXHOUSERACE-NY24-26,Will Republican win the House race for NY-24?,Claudia Tenney,,active,US_2026_general_election,14,usable,usable,0.9425,0.931,1.1499999999999955,2026-09-08T14:00:00Z,2026-08-25T13:00:00Z,same_contract_descriptive
KXHOUSERACE-NY24-26-R,KXHOUSERACE,KXHOUSERACE-NY24-26,Will Republican win the House race for NY-24?,Claudia Tenney,,active,US_2026_general_election,28,usable,usable,0.9425,0.9299999999999999,1.2500000000000067,2026-09-08T14:00:00Z,2026-08-11T15:00:00Z,same_contract_descriptive
KXHOUSERACE-NY24-26-D,KXHOUSERACE,KXHOUSERACE-NY24-26,Will Democratic win the House race for NY-24?,Alissa Ellman,,active,US_2026_general_election,7,usable,usable,0.059000000000000004,0.035500000000000004,2.35,2026-09-08T14:00:00Z,2026-09-01T15:00:00Z,same_contract_descriptive
KXHOUSERACE-NY24-26-D,KXHOUSERACE,KXHOUSERACE-NY24-26,Will Democratic win the House race for NY-24?,Alissa Ellman,,active,US_2026_general_election,14,usable,usable,0.059000000000000004,0.0625,-0.34999999999999964,2026-09-08T14:00:00Z,2026-08-25T11:00:00Z,same_contract_descriptive
KXHOUSERACE-NY24-26-D,KXHOUSERACE,KXHOUSERACE-NY24-26,Will Democratic win the House race for NY-24?,Alissa Ellman,,active,US_2026_general_election,28,usable,usable,0.059000000000000004,0.07,-1.1000000000000003,2026-09-08T14:00:00Z,2026-08-11T15:00:00Z,same_contract_descriptive
KXHOUSERACE-NY23-26-R,KXHOUSERACE,KXHOUSERACE-NY23-26,Will Republican win the House race for NY-23?,Nick Langworthy,,active,US_2026_general_election,7,usable,usable,0.9235,0.9325,-0.9000000000000008,2026-09-08T14:00:00Z,2026-09-01T12:00:00Z,same_contract_descriptive
KXHOUSERACE-NY23-26-R,KXHOUSERACE,KXHOUSERACE-NY23-26,Will Republican win the House race for NY-23?,Nick Langworthy,,active,US_2026_general_election,14,usable,usable,0.9235,0.938,-1.4499999999999957,2026-09-08T14:00:00Z,2026-08-25T12:00:00Z,same_contract_descriptive
KXHOUSERACE-NY23-26-R,KXHOUSERACE,KXHOUSERACE-NY23-26,Will Republican win the House race for NY-23?,Nick Langworthy,,active,US_2026_general_election,28,usable,usable,0.9235,0.922,0.14999999999999458,2026-09-08T14:00:00Z,2026-08-11T15:00:00Z,same_contract_descriptive
KXHOUSERACE-NY23-26-D,KXHOUSERACE,KXHOUSERACE-NY23-26,Will Democratic win the House race for NY-23?,Aaron Gies,,active,US_2026_general_election,7,usable,usable,0.077,0.0695,0.7499999999999993,2026-09-08T15:00:00Z,2026-09-01T15:00:00Z,same_contract_descriptive
KXHOUSERACE-NY23-26-D,KXHOUSERACE,KXHOUSERACE-NY23-26,Will Democratic win the House race for NY-23?,Aaron Gies,,active,US_2026_general_election,14,usable,usable,0.077,0.07050000000000001,0.6499999999999992,2026-09-08T15:00:00Z,2026-08-25T15:00:00Z,same_contract_descriptive
KXHOUSERACE-NY23-26-D,KXHOUSERACE,KXHOUSERACE-NY23-26,Will Democratic win the House race for NY-23?,Aaron Gies,,active,US_2026_general_election,28,usable,usable,0.077,0.078,-0.10000000000000009,2026-09-08T15:00:00Z,2026-08-11T15:00:00Z,same_contract_descriptive
KXHOUSERACE-NY21-26-R,KXHOUSERACE,KXHOUSERACE-NY21-26,Will Republican win the House race for NY-21?,Anthony Constantino,,active,US_2026_general_election,7,usable,usable,0.735,0.71,2.500000000000002,2026-09-08T14:00:00Z,2026-08-31T18:00:00Z,same_contract_descriptive
KXHOUSERACE-NY21-26-R,KXHOUSERACE,KXHOUSERACE-NY21-26,Will Republican win the House race for NY-21?,Anthony Constantino,,active,US_2026_general_election,14,usable,usable,0.735,0.725,1.0000000000000009,2026-09-08T14:00:00Z,2026-08-25T15:00:00Z,same_contract_descriptive
KXHOUSERACE-NY21-26-R,KXHOUSERACE,KXHOUSERACE-NY21-26,Will Republican win the House race for NY-21?,Anthony Constantino,,active,US_2026_general_election,28,usable,usable,0.735,0.84,-10.499999999999998,2026-09-08T14:00:00Z,2026-08-11T15:00:00Z,same_contract_descriptive
KXHOUSERACE-NY21-26-D,KXHOUSERACE,KXHOUSERACE-NY21-26,Will Democratic win the House race for NY-21?,Blake Gendebien,,active,US_2026_general_election,7,usable,usable,0.265,0.29000000000000004,-2.500000000000002,2026-09-08T14:00:00Z,2026-09-01T09:00:00Z,same_contract_descriptive
KXHOUSERACE-NY21-26-D,KXHOUSERACE,KXHOUSERACE-NY21-26,Will Democratic win the House race for NY-21?,Blake Gendebien,,active,US_2026_general_election,14,usable,usable,0.265,0.275,-1.0000000000000009,2026-09-08T14:00:00Z,2026-08-25T15:00:00Z,same_contract_descriptive
KXHOUSERACE-NY21-26-D,KXHOUSERACE,KXHOUSERACE-NY21-26,Will Democratic win the House race for NY-21?,Blake Gendebien,,active,US_2026_general_election,28,usable,usable,0.265,0.16499999999999998,10.000000000000004,2026-09-08T14:00:00Z,2026-08-11T15:00:00Z,same_contract_descriptive
KXHOUSERACE-NY20-26-R,KXHOUSERACE,KXHOUSERACE-NY20-26,Will Republican win the House race for NY-20?,Ralph Ambrosio,,active,US_2026_general_election,7,usable,usable,0.0435,0.0225,2.0999999999999996,2026-09-08T14:00:00Z,2026-09-01T12:00:00Z,same_contract_descriptive
KXHOUSERACE-NY20-26-R,KXHOUSERACE,KXHOUSERACE-NY20-26,Will Republican win the House race for NY-20?,Ralph Ambrosio,,active,US_2026_general_election,14,usable,usable,0.0435,0.041,0.24999999999999953,2026-09-08T14:00:00Z,2026-08-25T15:00:00Z,same_contract_descriptive
KXHOUSERACE-NY20-26-R,KXHOUSERACE,KXHOUSERACE-NY20-26,Will Republican win the House race for NY-20?,Ralph Ambrosio,,active,US_2026_general_election,28,usable,usable,0.0435,0.041,0.24999999999999953,2026-09-08T14:00:00Z,2026-08-11T15:00:00Z,same_contract_descriptive
KXHOUSERACE-NY20-26-D,KXHOUSERACE,KXHOUSERACE-NY20-26,Will Democratic win the House race for NY-20?,Paul Tonko,,active,US_2026_general_election,7,usable,usable,0.9565,0.9855,-2.9000000000000026,2026-09-08T15:00:00Z,2026-09-01T12:00:00Z,same_contract_descriptive
KXHOUSERACE-NY20-26-D,KXHOUSERACE,KXHOUSERACE-NY20-26,Will Democratic win the House race for NY-20?,Paul Tonko,,active,US_2026_general_election,14,usable,usable,0.9565,0.9570000000000001,-0.050000000000005596,2026-09-08T15:00:00Z,2026-08-25T13:00:00Z,same_contract_descriptive
KXHOUSERACE-NY20-26-D,KXHOUSERACE,KXHOUSERACE-NY20-26,Will Democratic win the House race for NY-20?,Paul Tonko,,active,US_2026_general_election,28,usable,usable,0.9565,0.962,-0.5499999999999949,2026-09-08T15:00:00Z,2026-08-11T15:00:00Z,same_contract_descriptive
KXHOUSERACE-NY16-26-R,KXHOUSERACE,KXHOUSERACE-NY16-26,Will Republican win the House race for NY-16?,Joseph Cinquemani,,active,US_2026_general_election,7,usable,usable,0.028,0.024,0.4,2026-09-08T14:00:00Z,2026-09-01T12:00:00Z,same_contract_descriptive
KXHOUSERACE-NY16-26-R,KXHOUSERACE,KXHOUSERACE-NY16-26,Will Republican win the House race for NY-16?,Joseph Cinquemani,,active,US_2026_general_election,14,usable,usable,0.028,0.025,0.29999999999999993,2026-09-08T14:00:00Z,2026-08-25T14:00:00Z,same_contract_descriptive
KXHOUSERACE-NY16-26-R,KXHOUSERACE,KXHOUSERACE-NY16-26,Will Republican win the House race for NY-16?,Joseph Cinquemani,,active,US_2026_general_election,28,usable,usable,0.028,0.020999999999999998,0.7000000000000003,2026-09-08T14:00:00Z,2026-08-11T15:00:00Z,same_contract_descriptive
KXHOUSERACE-NY16-26-D,KXHOUSERACE,KXHOUSERACE-NY16-26,Will Democratic win the House race for NY-16?,George Latimer,,active,US_2026_general_election,7,usable,usable,0.972,0.98,-0.8000000000000007,2026-09-08T14:00:00Z,2026-09-01T12:00:00Z,same_contract_descriptive
KXHOUSERACE-NY16-26-D,KXHOUSERACE,KXHOUSERACE-NY16-26,Will Democratic win the House race for NY-16?,George Latimer,,active,US_2026_general_election,14,usable,usable,0.972,0.968,0.40000000000000036,2026-09-08T14:00:00Z,2026-08-25T11:00:00Z,same_contract_descriptive
KXHOUSERACE-NY16-26-D,KXHOUSERACE,KXHOUSERACE-NY16-26,Will Democratic win the House race for NY-16?,George Latimer,,active,US_2026_general_election,28,usable,usable,0.972,0.977,-0.5000000000000004,2026-09-08T14:00:00Z,2026-08-11T15:00:00Z,same_contract_descriptive
KXHOUSERACE-NY15-26-R,KXHOUSERACE,KXHOUSERACE-NY15-26,Will Republican win the House race for NY-15?,Stylo Sapaskis,,active,US_2026_general_election,7,usable,stale_observation,0.0285,,,2026-09-08T15:00:00Z,2026-08-31T11:00:00Z,not_comparable
KXHOUSERACE-NY15-26-R,KXHOUSERACE,KXHOUSERACE-NY15-26,Will Republican win the House race for NY-15?,Stylo Sapaskis,,active,US_2026_general_election,14,usable,usable,0.0285,0.028,0.050000000000000044,2026-09-08T15:00:00Z,2026-08-25T15:00:00Z,same_contract_descriptive
KXHOUSERACE-NY15-26-R,KXHOUSERACE,KXHOUSERACE-NY15-26,Will Republican win the House race for NY-15?,Stylo Sapaskis,,active,US_2026_general_election,28,usable,usable,0.0285,0.019,0.9500000000000002,2026-09-08T15:00:00Z,2026-08-11T15:00:00Z,same_contract_descriptive
KXHOUSERACE-NY15-26-D,KXHOUSERACE,KXHOUSERACE-NY15-26,Will Democratic win the House race for NY-15?,Ritchie Torres,,active,US_2026_general_election,7,usable,usable,0.971,0.971,0.0,2026-09-08T14:00:00Z,2026-09-01T01:00:00Z,same_contract_descriptive
KXHOUSERACE-NY15-26-D,KXHOUSERACE,KXHOUSERACE-NY15-26,Will Democratic win the House race for NY-15?,Ritchie Torres,,active,US_2026_general_election,14,usable,usable,0.971,0.971,0.0,2026-09-08T14:00:00Z,2026-08-24T17:00:00Z,same_contract_descriptive
KXHOUSERACE-NY15-26-D,KXHOUSERACE,KXHOUSERACE-NY15-26,Will Democratic win the House race for NY-15?,Ritchie Torres,,active,US_2026_general_election,28,usable,usable,0.971,0.981,-1.0000000000000009,2026-09-08T14:00:00Z,2026-08-11T15:00:00Z,same_contract_descriptive
KXHOUSERACE-NY14-26-R,KXHOUSERACE,KXHOUSERACE-NY14-26,Will Republican win the House race for NY-14?,Diamant Hysenaj,,active,US_2026_general_election,7,usable,stale_observation,0.029,,,2026-09-08T14:00:00Z,2026-08-25T02:00:00Z,not_comparable
KXHOUSERACE-NY14-26-R,KXHOUSERACE,KXHOUSERACE-NY14-26,Will Republican win the House race for NY-14?,Diamant Hysenaj,,active,US_2026_general_election,14,usable,usable,0.029,0.029,0.0,2026-09-08T14:00:00Z,2026-08-25T02:00:00Z,same_contract_descriptive
KXHOUSERACE-NY14-26-R,KXHOUSERACE,KXHOUSERACE-NY14-26,Will Republican win the House race for NY-14?,Diamant Hysenaj,,active,US_2026_general_election,28,usable,usable,0.029,0.023,0.6000000000000002,2026-09-08T14:00:00Z,2026-08-11T15:00:00Z,same_contract_descriptive
KXHOUSERACE-NY14-26-D,KXHOUSERACE,KXHOUSERACE-NY14-26,Will Democratic win the House race for NY-14?,Alexandria Ocasio-Cortez,,active,US_2026_general_election,7,usable,stale_observation,0.971,,,2026-09-08T14:00:00Z,2026-08-24T17:00:00Z,not_comparable
KXHOUSERACE-NY14-26-D,KXHOUSERACE,KXHOUSERACE-NY14-26,Will Democratic win the House race for NY-14?,Alexandria Ocasio-Cortez,,active,US_2026_general_election,14,usable,usable,0.971,0.971,0.0,2026-09-08T14:00:00Z,2026-08-24T17:00:00Z,same_contract_descriptive
KXHOUSERACE-NY14-26-D,KXHOUSERACE,KXHOUSERACE-NY14-26,Will Democratic win the House race for NY-14?,Alexandria Ocasio-Cortez,,active,US_2026_general_election,28,usable,usable,0.971,0.977,-0.6000000000000005,2026-09-08T14:00:00Z,2026-08-11T15:00:00Z,same_contract_descriptive
KXHOUSERACE-NY13-26-R,KXHOUSERACE,KXHOUSERACE-NY13-26,Will Republican win the House race for NY-13?,"Manual ""Jomo"" Williams",,active,US_2026_general_election,7,usable,usable,0.0205,0.0185,0.20000000000000018,2026-09-08T15:00:00Z,2026-09-01T13:00:00Z,same_contract_descriptive
KXHOUSERACE-NY13-26-R,KXHOUSERACE,KXHOUSERACE-NY13-26,Will Republican win the House race for NY-13?,"Manual ""Jomo"" Williams",,active,US_2026_general_election,14,usable,usable,0.0205,0.0185,0.20000000000000018,2026-09-08T15:00:00Z,2026-08-25T03:00:00Z,same_contract_descriptive
KXHOUSERACE-NY13-26-R,KXHOUSERACE,KXHOUSERACE-NY13-26,Will Republican win the House race for NY-13?,"Manual ""Jomo"" Williams",,active,US_2026_general_election,28,usable,usable,0.0205,0.015,0.5500000000000002,2026-09-08T15:00:00Z,2026-08-11T15:00:00Z,same_contract_descriptive
KXHOUSERACE-NY13-26-D,KXHOUSERACE,KXHOUSERACE-NY13-26,Will Democratic win the House race for NY-13?,Darializa Avila Chevalier,,active,US_2026_general_election,7,stale_observation,stale_observation,,,,2026-08-13T08:00:00Z,2026-08-13T08:00:00Z,not_comparable
KXHOUSERACE-NY13-26-D,KXHOUSERACE,KXHOUSERACE-NY13-26,Will Democratic win the House race for NY-13?,Darializa Avila Chevalier,,active,US_2026_general_election,14,stale_observation,stale_observation,,,,2026-08-13T08:00:00Z,2026-08-13T08:00:00Z,not_comparable
KXHOUSERACE-NY13-26-D,KXHOUSERACE,KXHOUSERACE-NY13-26,Will Democratic win the House race for NY-13?,Darializa Avila Chevalier,,active,US_2026_general_election,28,stale_observation,usable,,0.989,,2026-08-13T08:00:00Z,2026-08-11T15:00:00Z,not_comparable
KXHOUSERACE-NY12-26-R,KXHOUSERACE,KXHOUSERACE-NY12-26,Will Republican win the House race for NY-12?,Caroline Shinkle,,active,US_2026_general_election,7,usable,stale_observation,0.025,,,2026-09-08T14:00:00Z,2026-08-28T12:00:00Z,not_comparable
KXHOUSERACE-NY12-26-R,KXHOUSERACE,KXHOUSERACE-NY12-26,Will Republican win the House race for NY-12?,Caroline Shinkle,,active,US_2026_general_election,14,usable,usable,0.025,0.026000000000000002,-0.10000000000000009,2026-09-08T14:00:00Z,2026-08-24T17:00:00Z,same_contract_descriptive
KXHOUSERACE-NY12-26-R,KXHOUSERACE,KXHOUSERACE-NY12-26,Will Republican win the House race for NY-12?,Caroline Shinkle,,active,US_2026_general_election,28,usable,usable,0.025,0.0165,0.8500000000000001,2026-09-08T14:00:00Z,2026-08-11T15:00:00Z,same_contract_descriptive
KXHOUSERACE-NY12-26-D,KXHOUSERACE,KXHOUSERACE-NY12-26,Will Democratic win the House race for NY-12?,Micah Lasher,,active,US_2026_general_election,7,usable,stale_observation,0.9744999999999999,,,2026-09-08T14:00:00Z,2026-08-24T17:00:00Z,not_comparable
KXHOUSERACE-NY12-26-D,KXHOUSERACE,KXHOUSERACE-NY12-26,Will Democratic win the House race for NY-12?,Micah Lasher,,active,US_2026_general_election,14,usable,usable,0.9744999999999999,0.9744999999999999,0.0,2026-09-08T14:00:00Z,2026-08-24T17:00:00Z,same_contract_descriptive
KXHOUSERACE-NY12-26-D,KXHOUSERACE,KXHOUSERACE-NY12-26,Will Democratic win the House race for NY-12?,Micah Lasher,,active,US_2026_general_election,28,usable,usable,0.9744999999999999,0.9835,-0.9000000000000119,2026-09-08T14:00:00Z,2026-08-11T15:00:00Z,same_contract_descriptive
KXHOUSERACE-NY11-26-R,KXHOUSERACE,KXHOUSERACE-NY11-26,Will Republican win the House race for NY-11?,Nicole Malliotakis,,active,US_2026_general_election,7,usable,usable,0.9339999999999999,0.929,0.49999999999998934,2026-09-08T15:00:00Z,2026-09-01T12:00:00Z,same_contract_descriptive
KXHOUSERACE-NY11-26-R,KXHOUSERACE,KXHOUSERACE-NY11-26,Will Republican win the House race for NY-11?,Nicole Malliotakis,,active,US_2026_general_election,14,usable,usable,0.9339999999999999,0.9345,-0.050000000000005596,2026-09-08T15:00:00Z,2026-08-24T17:00:00Z,same_contract_descriptive
KXHOUSERACE-NY11-26-R,KXHOUSERACE,KXHOUSERACE-NY11-26,Will Republican win the House race for NY-11?,Nicole Malliotakis,,active,US_2026_general_election,28,usable,usable,0.9339999999999999,0.9455,-1.1500000000000066,2026-09-08T15:00:00Z,2026-08-11T15:00:00Z,same_contract_descriptive
KXHOUSERACE-NY11-26-D,KXHOUSERACE,KXHOUSERACE-NY11-26,Will Democratic win the House race for NY-11?,Michael DeCillis,,active,US_2026_general_election,7,usable,usable,0.0695,0.0665,0.30000000000000027,2026-09-08T15:00:00Z,2026-09-01T07:00:00Z,same_contract_descriptive
KXHOUSERACE-NY11-26-D,KXHOUSERACE,KXHOUSERACE-NY11-26,Will Democratic win the House race for NY-11?,Michael DeCillis,,active,US_2026_general_election,14,usable,usable,0.0695,0.066,0.3500000000000003,2026-09-08T15:00:00Z,2026-08-25T04:00:00Z,same_contract_descriptive
KXHOUSERACE-NY11-26-D,KXHOUSERACE,KXHOUSERACE-NY11-26,Will Democratic win the House race for NY-11?,Michael DeCillis,,active,US_2026_general_election,28,usable,usable,0.0695,0.0545,1.5000000000000007,2026-09-08T15:00:00Z,2026-08-11T15:00:00Z,same_contract_descriptive
KXHOUSERACE-NY10-26-R,KXHOUSERACE,KXHOUSERACE-NY10-26,Will Republican win the House race for NY-10?,Jennifer Moore,,active,US_2026_general_election,7,usable,usable,0.025,0.025,0.0,2026-09-08T15:00:00Z,2026-09-01T12:00:00Z,same_contract_descriptive
KXHOUSERACE-NY10-26-R,KXHOUSERACE,KXHOUSERACE-NY10-26,Will Republican win the House race for NY-10?,Jennifer Moore,,active,US_2026_general_election,14,usable,usable,0.025,0.015000000000000001,1.0,2026-09-08T15:00:00Z,2026-08-25T11:00:00Z,same_contract_descriptive
KXHOUSERACE-NY10-26-R,KXHOUSERACE,KXHOUSERACE-NY10-26,Will Republican win the House race for NY-10?,Jennifer Moore,,active,US_2026_general_election,28,usable,usable,0.025,0.0235,0.15000000000000013,2026-09-08T15:00:00Z,2026-08-11T15:00:00Z,same_contract_descriptive
KXHOUSERACE-NY10-26-D,KXHOUSERACE,KXHOUSERACE-NY10-26,Will Democratic win the House race for NY-10?,Brad Lander,,active,US_2026_general_election,7,usable,stale_observation,0.9744999999999999,,,2026-09-08T14:00:00Z,2026-08-27T08:00:00Z,not_comparable
KXHOUSERACE-NY10-26-D,KXHOUSERACE,KXHOUSERACE-NY10-26,Will Democratic win the House race for NY-10?,Brad Lander,,active,US_2026_general_election,14,usable,usable,0.9744999999999999,0.966,0.8499999999999952,2026-09-08T14:00:00Z,2026-08-24T17:00:00Z,same_contract_descriptive
KXHOUSERACE-NY10-26-D,KXHOUSERACE,KXHOUSERACE-NY10-26,Will Democratic win the House race for NY-10?,Brad Lander,,active,US_2026_general_election,28,usable,usable,0.9744999999999999,0.9755,-0.10000000000001119,2026-09-08T14:00:00Z,2026-08-11T15:00:00Z,same_contract_descriptive
KXHOUSERACE-NY09-26-R,KXHOUSERACE,KXHOUSERACE-NY09-26,Will Republican win the House race for NY-09?,Joel Anabilah-Azumah,,active,US_2026_general_election,7,usable,usable,0.025500000000000002,0.021,0.45000000000000007,2026-09-08T15:00:00Z,2026-09-01T12:00:00Z,same_contract_descriptive
KXHOUSERACE-NY09-26-R,KXHOUSERACE,KXHOUSERACE-NY09-26,Will Republican win the House race for NY-09?,Joel Anabilah-Azumah,,active,US_2026_general_election,14,usable,usable,0.025500000000000002,0.026500000000000003,-0.10000000000000009,2026-09-08T15:00:00Z,2026-08-24T17:00:00Z,same_contract_descriptive
KXHOUSERACE-NY09-26-R,KXHOUSERACE,KXHOUSERACE-NY09-26,Will Republican win the House race for NY-09?,Joel Anabilah-Azumah,,active,US_2026_general_election,28,usable,usable,0.025500000000000002,0.016,0.9500000000000002,2026-09-08T15:00:00Z,2026-08-11T15:00:00Z,same_contract_descriptive
KXHOUSERACE-NY09-26-D,KXHOUSERACE,KXHOUSERACE-NY09-26,Will Democratic win the House race for NY-09?,Yvette Clarke,,active,US_2026_general_election,7,usable,usable,0.9744999999999999,0.9775,-0.30000000000001137,2026-09-08T12:00:00Z,2026-09-01T12:00:00Z,same_contract_descriptive
KXHOUSERACE-NY09-26-D,KXHOUSERACE,KXHOUSERACE-NY09-26,Will Democratic win the House race for NY-09?,Yvette Clarke,,active,US_2026_general_election,14,usable,usable,0.9744999999999999,0.965,0.9499999999999953,2026-09-08T12:00:00Z,2026-08-24T21:00:00Z,same_contract_descriptive
KXHOUSERACE-NY09-26-D,KXHOUSERACE,KXHOUSERACE-NY09-26,Will Democratic win the House race for NY-09?,Yvette Clarke,,active,US_2026_general_election,28,usable,usable,0.9744999999999999,0.9744999999999999,0.0,2026-09-08T12:00:00Z,2026-08-11T15:00:00Z,same_contract_descriptive
KXHOUSERACE-NY07-26-R,KXHOUSERACE,KXHOUSERACE-NY07-26,Will Republican win the House race for NY-07?,Melvin Rivera,,active,US_2026_general_election,7,stale_observation,stale_observation,,,,2026-08-24T17:00:00Z,2026-08-24T17:00:00Z,not_comparable
KXHOUSERACE-NY07-26-R,KXHOUSERACE,KXHOUSERACE-NY07-26,Will Republican win the House race for NY-07?,Melvin Rivera,,active,US_2026_general_election,14,stale_observation,usable,,0.019,,2026-08-24T17:00:00Z,2026-08-24T17:00:00Z,not_comparable
KXHOUSERACE-NY07-26-R,KXHOUSERACE,KXHOUSERACE-NY07-26,Will Republican win the House race for NY-07?,Melvin Rivera,,active,US_2026_general_election,28,stale_observation,usable,,0.018000000000000002,,2026-08-24T17:00:00Z,2026-08-11T15:00:00Z,not_comparable
KXHOUSERACE-NY07-26-D,KXHOUSERACE,KXHOUSERACE-NY07-26,Will Democratic win the House race for NY-07?,Claire Valdez,,active,US_2026_general_election,7,usable,stale_observation,0.983,,,2026-09-08T14:00:00Z,2026-08-27T08:00:00Z,not_comparable
KXHOUSERACE-NY07-26-D,KXHOUSERACE,KXHOUSERACE-NY07-26,Will Democratic win the House race for NY-07?,Claire Valdez,,active,US_2026_general_election,14,usable,stale_observation,0.983,,,2026-09-08T14:00:00Z,2026-08-15T00:00:00Z,not_comparable
KXHOUSERACE-NY07-26-D,KXHOUSERACE,KXHOUSERACE-NY07-26,Will Democratic win the House race for NY-07?,Claire Valdez,,active,US_2026_general_election,28,usable,usable,0.983,0.9784999999999999,0.45000000000000595,2026-09-08T14:00:00Z,2026-08-11T15:00:00Z,same_contract_descriptive
KXHOUSERACE-NY08-26-R,KXHOUSERACE,KXHOUSERACE-NY08-26,Will Republican win the House race for NY-08?,Lewis Mizrahi,,active,US_2026_general_election,7,usable,usable,0.025500000000000002,0.026000000000000002,-0.050000000000000044,2026-09-08T10:00:00Z,2026-09-01T15:00:00Z,same_contract_descriptive
KXHOUSERACE-NY08-26-R,KXHOUSERACE,KXHOUSERACE-NY08-26,Will Republican win the House race for NY-08?,Lewis Mizrahi,,active,US_2026_general_election,14,usable,usable,0.025500000000000002,0.025500000000000002,0.0,2026-09-08T10:00:00Z,2026-08-25T15:00:00Z,same_contract_descriptive
KXHOUSERACE-NY08-26-R,KXHOUSERACE,KXHOUSERACE-NY08-26,Will Republican win the House race for NY-08?,Lewis Mizrahi,,active,US_2026_general_election,28,usable,usable,0.025500000000000002,0.018000000000000002,0.75,2026-09-08T10:00:00Z,2026-08-11T15:00:00Z,same_contract_descriptive
KXHOUSERACE-NY08-26-D,KXHOUSERACE,KXHOUSERACE-NY08-26,Will Democratic win the House race for NY-08?,Hakeem Jeffries,,active,US_2026_general_election,7,usable,usable,0.9724999999999999,0.9724999999999999,0.0,2026-09-08T15:00:00Z,2026-09-01T15:00:00Z,same_contract_descriptive
KXHOUSERACE-NY08-26-D,KXHOUSERACE,KXHOUSERACE-NY08-26,Will Democratic win the House race for NY-08?,Hakeem Jeffries,,active,US_2026_general_election,14,usable,usable,0.9724999999999999,0.973,-0.050000000000005596,2026-09-08T15:00:00Z,2026-08-24T17:00:00Z,same_contract_descriptive
KXHOUSERACE-NY08-26-D,KXHOUSERACE,KXHOUSERACE-NY08-26,Will Democratic win the House race for NY-08?,Hakeem Jeffries,,active,US_2026_general_election,28,usable,usable,0.9724999999999999,0.982,-0.9500000000000064,2026-09-08T15:00:00Z,2026-08-11T15:00:00Z,same_contract_descriptive
KXHOUSERACE-NY06-26-R,KXHOUSERACE,KXHOUSERACE-NY06-26,Will Republican win the House race for NY-06?,Joseph Chou,,active,US_2026_general_election,7,usable,usable,0.034499999999999996,0.03,0.44999999999999973,2026-09-08T15:00:00Z,2026-08-31T23:00:00Z,same_contract_descriptive
KXHOUSERACE-NY06-26-R,KXHOUSERACE,KXHOUSERACE-NY06-26,Will Republican win the House race for NY-06?,Joseph Chou,,active,US_2026_general_election,14,usable,usable,0.034499999999999996,0.0305,0.3999999999999997,2026-09-08T15:00:00Z,2026-08-24T17:00:00Z,same_contract_descriptive
KXHOUSERACE-NY06-26-R,KXHOUSERACE,KXHOUSERACE-NY06-26,Will Republican win the House race for NY-06?,Joseph Chou,,active,US_2026_general_election,28,usable,usable,0.034499999999999996,0.024,1.0499999999999996,2026-09-08T15:00:00Z,2026-08-11T15:00:00Z,same_contract_descriptive
KXHOUSERACE-NY06-26-D,KXHOUSERACE,KXHOUSERACE-NY06-26,Will Democratic win the House race for NY-06?,Grace Meng,,active,US_2026_general_election,7,usable,usable,0.9655,0.97,-0.44999999999999485,2026-09-08T15:00:00Z,2026-08-31T23:00:00Z,same_contract_descriptive
KXHOUSERACE-NY06-26-D,KXHOUSERACE,KXHOUSERACE-NY06-26,Will Democratic win the House race for NY-06?,Grace Meng,,active,US_2026_general_election,14,usable,usable,0.9655,0.9655,0.0,2026-09-08T15:00:00Z,2026-08-24T17:00:00Z,same_contract_descriptive
KXHOUSERACE-NY06-26-D,KXHOUSERACE,KXHOUSERACE-NY06-26,Will Democratic win the House race for NY-06?,Grace Meng,,active,US_2026_general_election,28,usable,usable,0.9655,0.9755,-1.0000000000000009,2026-09-08T15:00:00Z,2026-08-11T15:00:00Z,same_contract_descriptive
KXHOUSERACE-NY05-26-R,KXHOUSERACE,KXHOUSERACE-NY05-26,Will Republican win the House race for NY-05?,George Marsh,,active,US_2026_general_election,7,usable,usable,0.035500000000000004,0.035,0.050000000000000044,2026-09-08T15:00:00Z,2026-09-01T14:00:00Z,same_contract_descriptive
KXHOUSERACE-NY05-26-R,KXHOUSERACE,KXHOUSERACE-NY05-26,Will Republican win the House race for NY-05?,George Marsh,,active,US_2026_general_election,14,usable,usable,0.035500000000000004,0.038000000000000006,-0.2500000000000002,2026-09-08T15:00:00Z,2026-08-25T02:00:00Z,same_contract_descriptive
KXHOUSERACE-NY05-26-R,KXHOUSERACE,KXHOUSERACE-NY05-26,Will Republican win the House race for NY-05?,George Marsh,,active,US_2026_general_election,28,usable,usable,0.035500000000000004,0.042,-0.6499999999999999,2026-09-08T15:00:00Z,2026-08-11T15:00:00Z,same_contract_descriptive
KXHOUSERACE-NY05-26-D,KXHOUSERACE,KXHOUSERACE-NY05-26,Will Democratic win the House race for NY-05?,Gregory Meeks,,active,US_2026_general_election,7,usable,usable,0.962,0.96,0.20000000000000018,2026-09-08T14:00:00Z,2026-09-01T12:00:00Z,same_contract_descriptive
KXHOUSERACE-NY05-26-D,KXHOUSERACE,KXHOUSERACE-NY05-26,Will Democratic win the House race for NY-05?,Gregory Meeks,,active,US_2026_general_election,14,usable,usable,0.962,0.9575,0.44999999999999485,2026-09-08T14:00:00Z,2026-08-24T17:00:00Z,same_contract_descriptive
KXHOUSERACE-NY05-26-D,KXHOUSERACE,KXHOUSERACE-NY05-26,Will Democratic win the House race for NY-05?,Gregory Meeks,,active,US_2026_general_election,28,usable,usable,0.962,0.958,0.40000000000000036,2026-09-08T14:00:00Z,2026-08-11T15:00:00Z,same_contract_descriptive
KXHOUSERACE-NY02-26-R,KXHOUSERACE,KXHOUSERACE-NY02-26,Will Republican win the House race for NY-02?,Andrew Garbarino,,active,US_2026_general_election,7,usable,usable,0.87,0.86,1.0000000000000009,2026-09-08T14:00:00Z,2026-09-01T15:00:00Z,same_contract_descriptive
KXHOUSERACE-NY02-26-R,KXHOUSERACE,KXHOUSERACE-NY02-26,Will Republican win the House race for NY-02?,Andrew Garbarino,,active,US_2026_general_election,14,usable,usable,0.87,0.8935,-2.3499999999999965,2026-09-08T14:00:00Z,2026-08-25T06:00:00Z,same_contract_descriptive
KXHOUSERACE-NY02-26-R,KXHOUSERACE,KXHOUSERACE-NY02-26,Will Republican win the House race for NY-02?,Andrew Garbarino,,active,US_2026_general_election,28,usable,usable,0.87,0.905,-3.500000000000003,2026-09-08T14:00:00Z,2026-08-11T15:00:00Z,same_contract_descriptive
KXHOUSERACE-NY02-26-D,KXHOUSERACE,KXHOUSERACE-NY02-26,Will Democratic win the House race for NY-02?,Patrick Halpin,,active,US_2026_general_election,7,usable,usable,0.1205,0.11699999999999999,0.3500000000000003,2026-09-08T15:00:00Z,2026-09-01T12:00:00Z,same_contract_descriptive
KXHOUSERACE-NY02-26-D,KXHOUSERACE,KXHOUSERACE-NY02-26,Will Democratic win the House race for NY-02?,Patrick Halpin,,active,US_2026_general_election,14,usable,usable,0.1205,0.095,2.5499999999999994,2026-09-08T15:00:00Z,2026-08-25T12:00:00Z,same_contract_descriptive
KXHOUSERACE-NY02-26-D,KXHOUSERACE,KXHOUSERACE-NY02-26,Will Democratic win the House race for NY-02?,Patrick Halpin,,active,US_2026_general_election,28,usable,usable,0.1205,0.0945,2.5999999999999996,2026-09-08T15:00:00Z,2026-08-11T15:00:00Z,same_contract_descriptive
KXHOUSERACE-NY01-26-R,KXHOUSERACE,KXHOUSERACE-NY01-26,Will Republican win the House race for NY-01?,Nick LaLota,,active,US_2026_general_election,7,usable,usable,0.735,0.72,1.5000000000000013,2026-09-08T15:00:00Z,2026-09-01T13:00:00Z,same_contract_descriptive
KXHOUSERACE-NY01-26-R,KXHOUSERACE,KXHOUSERACE-NY01-26,Will Republican win the House race for NY-01?,Nick LaLota,,active,US_2026_general_election,14,usable,usable,0.735,0.745,-1.0000000000000009,2026-09-08T15:00:00Z,2026-08-25T11:00:00Z,same_contract_descriptive
KXHOUSERACE-NY01-26-R,KXHOUSERACE,KXHOUSERACE-NY01-26,Will Republican win the House race for NY-01?,Nick LaLota,,active,US_2026_general_election,28,usable,usable,0.735,0.775,-4.0000000000000036,2026-09-08T15:00:00Z,2026-08-11T15:00:00Z,same_contract_descriptive
KXHOUSERACE-NY01-26-D,KXHOUSERACE,KXHOUSERACE-NY01-26,Will Democratic win the House race for NY-01?,Chris Gallant,,active,US_2026_general_election,7,usable,usable,0.265,0.275,-1.0000000000000009,2026-09-08T15:00:00Z,2026-09-01T14:00:00Z,same_contract_descriptive
KXHOUSERACE-NY01-26-D,KXHOUSERACE,KXHOUSERACE-NY01-26,Will Democratic win the House race for NY-01?,Chris Gallant,,active,US_2026_general_election,14,usable,usable,0.265,0.26,0.5000000000000004,2026-09-08T15:00:00Z,2026-08-25T08:00:00Z,same_contract_descriptive
KXHOUSERACE-NY01-26-D,KXHOUSERACE,KXHOUSERACE-NY01-26,Will Democratic win the House race for NY-01?,Chris Gallant,,active,US_2026_general_election,28,usable,usable,0.265,0.22,4.500000000000001,2026-09-08T15:00:00Z,2026-08-11T15:00:00Z,same_contract_descriptive
KXHOUSERACE-NV02-26-R,KXHOUSERACE,KXHOUSERACE-NV02-26,Will Republican win the House race for NV-02?,David Flippo,,active,US_2026_general_election,7,usable,usable,0.775,0.7949999999999999,-1.9999999999999907,2026-09-08T15:00:00Z,2026-09-01T14:00:00Z,same_contract_descriptive
KXHOUSERACE-NV02-26-R,KXHOUSERACE,KXHOUSERACE-NV02-26,Will Republican win the House race for NV-02?,David Flippo,,active,US_2026_general_election,14,usable,usable,0.775,0.8,-2.500000000000002,2026-09-08T15:00:00Z,2026-08-25T11:00:00Z,same_contract_descriptive
KXHOUSERACE-NV02-26-R,KXHOUSERACE,KXHOUSERACE-NV02-26,Will Republican win the House race for NV-02?,David Flippo,,active,US_2026_general_election,28,usable,usable,0.775,0.795,-2.0000000000000018,2026-09-08T15:00:00Z,2026-08-11T15:00:00Z,same_contract_descriptive
KXHOUSERACE-NV02-26-D,KXHOUSERACE,KXHOUSERACE-NV02-26,Will Democratic win the House race for NV-02?,Teresa Benitez-Thompson,,active,US_2026_general_election,7,usable,usable,0.21500000000000002,0.2,1.5000000000000013,2026-09-08T15:00:00Z,2026-09-01T15:00:00Z,same_contract_descriptive
KXHOUSERACE-NV02-26-D,KXHOUSERACE,KXHOUSERACE-NV02-26,Will Democratic win the House race for NV-02?,Teresa Benitez-Thompson,,active,US_2026_general_election,14,usable,usable,0.21500000000000002,0.22499999999999998,-0.9999999999999953,2026-09-08T15:00:00Z,2026-08-25T15:00:00Z,same_contract_descriptive
KXHOUSERACE-NV02-26-D,KXHOUSERACE,KXHOUSERACE-NV02-26,Will Democratic win the House race for NV-02?,Teresa Benitez-Thompson,,active,US_2026_general_election,28,usable,usable,0.21500000000000002,0.21000000000000002,0.5000000000000004,2026-09-08T15:00:00Z,2026-08-11T15:00:00Z,same_contract_descriptive
KXHOUSERACE-NM03-26-R,KXHOUSERACE,KXHOUSERACE-NM03-26,Will Republican win the House race for NM-03?,Martin Zamora,,active,US_2026_general_election,7,usable,usable,0.0605,0.0605,0.0,2026-09-08T10:00:00Z,2026-09-01T15:00:00Z,same_contract_descriptive
KXHOUSERACE-NM03-26-R,KXHOUSERACE,KXHOUSERACE-NM03-26,Will Republican win the House race for NM-03?,Martin Zamora,,active,US_2026_general_election,14,usable,usable,0.0605,0.068,-0.7500000000000007,2026-09-08T10:00:00Z,2026-08-25T15:00:00Z,same_contract_descriptive
KXHOUSERACE-NM03-26-R,KXHOUSERACE,KXHOUSERACE-NM03-26,Will Republican win the House race for NM-03?,Martin Zamora,,active,US_2026_general_election,28,usable,usable,0.0605,0.0635,-0.30000000000000027,2026-09-08T10:00:00Z,2026-08-11T15:00:00Z,same_contract_descriptive
KXHOUSERACE-NM03-26-D,KXHOUSERACE,KXHOUSERACE-NM03-26,Will Democratic win the House race for NM-03?,Teresa Leger Fernández,,active,US_2026_general_election,7,usable,usable,0.9239999999999999,0.9195,0.44999999999999485,2026-09-08T14:00:00Z,2026-09-01T12:00:00Z,same_contract_descriptive
KXHOUSERACE-NM03-26-D,KXHOUSERACE,KXHOUSERACE-NM03-26,Will Democratic win the House race for NM-03?,Teresa Leger Fernández,,active,US_2026_general_election,14,usable,usable,0.9239999999999999,0.9195,0.44999999999999485,2026-09-08T14:00:00Z,2026-08-25T13:00:00Z,same_contract_descriptive
KXHOUSERACE-NM03-26-D,KXHOUSERACE,KXHOUSERACE-NM03-26,Will Democratic win the House race for NM-03?,Teresa Leger Fernández,,active,US_2026_general_election,28,usable,usable,0.9239999999999999,0.9305000000000001,-0.6500000000000172,2026-09-08T14:00:00Z,2026-08-11T15:00:00Z,same_contract_descriptive
KXHOUSERACE-NM01-26-R,KXHOUSERACE,KXHOUSERACE-NM01-26,Will Republican win the House race for NM-01?,Didi Okpareke,,active,US_2026_general_election,7,usable,usable,0.049,0.063,-1.4,2026-09-08T15:00:00Z,2026-09-01T12:00:00Z,same_contract_descriptive
KXHOUSERACE-NM01-26-R,KXHOUSERACE,KXHOUSERACE-NM01-26,Will Republican win the House race for NM-01?,Didi Okpareke,,active,US_2026_general_election,14,usable,usable,0.049,0.062,-1.2999999999999998,2026-09-08T15:00:00Z,2026-08-25T07:00:00Z,same_contract_descriptive
KXHOUSERACE-NM01-26-R,KXHOUSERACE,KXHOUSERACE-NM01-26,Will Republican win the House race for NM-01?,Didi Okpareke,,active,US_2026_general_election,28,usable,usable,0.049,0.062,-1.2999999999999998,2026-09-08T15:00:00Z,2026-08-11T15:00:00Z,same_contract_descriptive
KXHOUSERACE-NM01-26-D,KXHOUSERACE,KXHOUSERACE-NM01-26,Will Democratic win the House race for NM-01?,Melanie Stansbury,,active,US_2026_general_election,7,usable,usable,0.935,0.9339999999999999,0.10000000000001119,2026-09-08T15:00:00Z,2026-09-01T12:00:00Z,same_contract_descriptive
KXHOUSERACE-NM01-26-D,KXHOUSERACE,KXHOUSERACE-NM01-26,Will Democratic win the House race for NM-01?,Melanie Stansbury,,active,US_2026_general_election,14,usable,usable,0.935,0.9325,0.2500000000000058,2026-09-08T15:00:00Z,2026-08-25T11:00:00Z,same_contract_descriptive
KXHOUSERACE-NM01-26-D,KXHOUSERACE,KXHOUSERACE-NM01-26,Will Democratic win the House race for NM-01?,Melanie Stansbury,,active,US_2026_general_election,28,usable,usable,0.935,0.948,-1.29999999999999,2026-09-08T15:00:00Z,2026-08-11T15:00:00Z,same_contract_descriptive
KXHOUSERACE-NJ12-26-R,KXHOUSERACE,KXHOUSERACE-NJ12-26,Will Republican win the House race for NJ-12?,Gregg Mele,,active,US_2026_general_election,7,usable,usable,0.049,0.037500000000000006,1.1499999999999997,2026-09-08T15:00:00Z,2026-09-01T15:00:00Z,same_contract_descriptive
KXHOUSERACE-NJ12-26-R,KXHOUSERACE,KXHOUSERACE-NJ12-26,Will Republican win the House race for NJ-12?,Gregg Mele,,active,US_2026_general_election,14,usable,usable,0.049,0.039,1.0000000000000002,2026-09-08T15:00:00Z,2026-08-25T15:00:00Z,same_contract_descriptive
KXHOUSERACE-NJ12-26-R,KXHOUSERACE,KXHOUSERACE-NJ12-26,Will Republican win the House race for NJ-12?,Gregg Mele,,active,US_2026_general_election,28,usable,usable,0.049,0.0375,1.1500000000000004,2026-09-08T15:00:00Z,2026-08-11T15:00:00Z,same_contract_descriptive
KXHOUSERACE-NJ12-26-D,KXHOUSERACE,KXHOUSERACE-NJ12-26,Will Democratic win the House race for NJ-12?,Adam Hamawy,,active,US_2026_general_election,7,usable,usable,0.9430000000000001,0.952,-0.8999999999999897,2026-09-08T15:00:00Z,2026-09-01T14:00:00Z,same_contract_descriptive
KXHOUSERACE-NJ12-26-D,KXHOUSERACE,KXHOUSERACE-NJ12-26,Will Democratic win the House race for NJ-12?,Adam Hamawy,,active,US_2026_general_election,14,usable,stale_observation,0.9430000000000001,,,2026-09-08T15:00:00Z,2026-08-24T00:00:00Z,not_comparable
KXHOUSERACE-NJ12-26-D,KXHOUSERACE,KXHOUSERACE-NJ12-26,Will Democratic win the House race for NJ-12?,Adam Hamawy,,active,US_2026_general_election,28,usable,usable,0.9430000000000001,0.956,-1.29999999999999,2026-09-08T15:00:00Z,2026-08-11T12:00:00Z,same_contract_descriptive
KXHOUSERACE-NJ10-26-R,KXHOUSERACE,KXHOUSERACE-NJ10-26,Will Republican win the House race for NJ-10?,Carmen Bucco,,active,US_2026_general_election,7,usable,stale_observation,0.0185,,,2026-09-08T14:00:00Z,2026-08-24T17:00:00Z,not_comparable
KXHOUSERACE-NJ10-26-R,KXHOUSERACE,KXHOUSERACE-NJ10-26,Will Republican win the House race for NJ-10?,Carmen Bucco,,active,US_2026_general_election,14,usable,usable,0.0185,0.019,-0.050000000000000044,2026-09-08T14:00:00Z,2026-08-24T17:00:00Z,same_contract_descriptive
KXHOUSERACE-NJ10-26-R,KXHOUSERACE,KXHOUSERACE-NJ10-26,Will Republican win the House race for NJ-10?,Carmen Bucco,,active,US_2026_general_election,28,usable,usable,0.0185,0.018000000000000002,0.0499999999999997,2026-09-08T14:00:00Z,2026-08-11T15:00:00Z,same_contract_descriptive
KXHOUSERACE-NJ10-26-D,KXHOUSERACE,KXHOUSERACE-NJ10-26,Will Democratic win the House race for NJ-10?,LaMonica McIver,,active,US_2026_general_election,7,usable,stale_observation,0.9764999999999999,,,2026-09-08T15:00:00Z,2026-08-24T17:00:00Z,not_comparable
KXHOUSERACE-NJ10-26-D,KXHOUSERACE,KXHOUSERACE-NJ10-26,Will Democratic win the House race for NJ-10?,LaMonica McIver,,active,US_2026_general_election,14,usable,usable,0.9764999999999999,0.981,-0.45000000000000595,2026-09-08T15:00:00Z,2026-08-24T17:00:00Z,same_contract_descriptive
KXHOUSERACE-NJ10-26-D,KXHOUSERACE,KXHOUSERACE-NJ10-26,Will Democratic win the House race for NJ-10?,LaMonica McIver,,active,US_2026_general_election,28,usable,usable,0.9764999999999999,0.982,-0.550000000000006,2026-09-08T15:00:00Z,2026-08-11T15:00:00Z,same_contract_descriptive
KXHOUSERACE-NJ11-26-R,KXHOUSERACE,KXHOUSERACE-NJ11-26,Will Republican win the House race for NJ-11?,Joe Hathaway,,active,US_2026_general_election,7,usable,usable,0.0395,0.035500000000000004,0.3999999999999997,2026-09-08T15:00:00Z,2026-09-01T15:00:00Z,same_contract_descriptive
KXHOUSERACE-NJ11-26-R,KXHOUSERACE,KXHOUSERACE-NJ11-26,Will Republican win the House race for NJ-11?,Joe Hathaway,,active,US_2026_general_election,14,usable,usable,0.0395,0.036500000000000005,0.2999999999999996,2026-09-08T15:00:00Z,2026-08-24T17:00:00Z,same_contract_descriptive
KXHOUSERACE-NJ11-26-R,KXHOUSERACE,KXHOUSERACE-NJ11-26,Will Republican win the House race for NJ-11?,Joe Hathaway,,active,US_2026_general_election,28,usable,usable,0.0395,0.035500000000000004,0.3999999999999997,2026-09-08T15:00:00Z,2026-08-11T15:00:00Z,same_contract_descriptive
KXHOUSERACE-NJ11-26-D,KXHOUSERACE,KXHOUSERACE-NJ11-26,Will Democratic win the House race for NJ-11?,Analilia Mejia,,active,US_2026_general_election,7,usable,usable,0.9604999999999999,0.966,-0.550000000000006,2026-09-08T15:00:00Z,2026-09-01T14:00:00Z,same_contract_descriptive
KXHOUSERACE-NJ11-26-D,KXHOUSERACE,KXHOUSERACE-NJ11-26,Will Democratic win the House race for NJ-11?,Analilia Mejia,,active,US_2026_general_election,14,usable,usable,0.9604999999999999,0.9604999999999999,0.0,2026-09-08T15:00:00Z,2026-08-25T12:00:00Z,same_contract_descriptive
KXHOUSERACE-NJ11-26-D,KXHOUSERACE,KXHOUSERACE-NJ11-26,Will Democratic win the House race for NJ-11?,Analilia Mejia,,active,US_2026_general_election,28,usable,usable,0.9604999999999999,0.958,0.24999999999999467,2026-09-08T15:00:00Z,2026-08-11T15:00:00Z,same_contract_descriptive
KXHOUSERACE-NJ08-26-R,KXHOUSERACE,KXHOUSERACE-NJ08-26,Will Republican win the House race for NJ-08?,Republican party,,active,US_2026_general_election,7,usable,usable,0.025,0.026000000000000002,-0.10000000000000009,2026-09-08T15:00:00Z,2026-09-01T14:00:00Z,same_contract_descriptive
KXHOUSERACE-NJ08-26-R,KXHOUSERACE,KXHOUSERACE-NJ08-26,Will Republican win the House race for NJ-08?,Republican party,,active,US_2026_general_election,14,usable,usable,0.025,0.026000000000000002,-0.10000000000000009,2026-09-08T15:00:00Z,2026-08-24T17:00:00Z,same_contract_descriptive
KXHOUSERACE-NJ08-26-R,KXHOUSERACE,KXHOUSERACE-NJ08-26,Will Republican win the House race for NJ-08?,Republican party,,active,US_2026_general_election,28,usable,usable,0.025,0.013000000000000001,1.2,2026-09-08T15:00:00Z,2026-08-11T15:00:00Z,same_contract_descriptive
KXHOUSERACE-NJ08-26-D,KXHOUSERACE,KXHOUSERACE-NJ08-26,Will Democratic win the House race for NJ-08?,Rob Menendez,,active,US_2026_general_election,7,usable,usable,0.971,0.9735,-0.2500000000000058,2026-09-08T15:00:00Z,2026-09-01T14:00:00Z,same_contract_descriptive
KXHOUSERACE-NJ08-26-D,KXHOUSERACE,KXHOUSERACE-NJ08-26,Will Democratic win the House race for NJ-08?,Rob Menendez,,active,US_2026_general_election,14,usable,usable,0.971,0.969,0.20000000000000018,2026-09-08T15:00:00Z,2026-08-24T17:00:00Z,same_contract_descriptive
KXHOUSERACE-NJ08-26-D,KXHOUSERACE,KXHOUSERACE-NJ08-26,Will Democratic win the House race for NJ-08?,Rob Menendez,,active,US_2026_general_election,28,usable,usable,0.971,0.9795,-0.8500000000000063,2026-09-08T15:00:00Z,2026-08-11T15:00:00Z,same_contract_descriptive
KXHOUSERACE-NJ06-26-R,KXHOUSERACE,KXHOUSERACE-NJ06-26,Will Republican win the House race for NJ-06?,Hillary Herzig,,active,US_2026_general_election,7,usable,usable,0.043,0.0385,0.44999999999999973,2026-09-08T15:00:00Z,2026-09-01T12:00:00Z,same_contract_descriptive
KXHOUSERACE-NJ06-26-R,KXHOUSERACE,KXHOUSERACE-NJ06-26,Will Republican win the House race for NJ-06?,Hillary Herzig,,active,US_2026_general_election,14,usable,usable,0.043,0.034,0.8999999999999995,2026-09-08T15:00:00Z,2026-08-24T17:00:00Z,same_contract_descriptive
KXHOUSERACE-NJ06-26-R,KXHOUSERACE,KXHOUSERACE-NJ06-26,Will Republican win the House race for NJ-06?,Hillary Herzig,,active,US_2026_general_election,28,usable,usable,0.043,0.03,1.2999999999999998,2026-09-08T15:00:00Z,2026-08-11T15:00:00Z,same_contract_descriptive
KXHOUSERACE-NJ06-26-D,KXHOUSERACE,KXHOUSERACE-NJ06-26,Will Democratic win the House race for NJ-06?,Frank Pallone,,active,US_2026_general_election,7,usable,usable,0.9570000000000001,0.9615,-0.44999999999999485,2026-09-08T15:00:00Z,2026-09-01T12:00:00Z,same_contract_descriptive
KXHOUSERACE-NJ06-26-D,KXHOUSERACE,KXHOUSERACE-NJ06-26,Will Democratic win the House race for NJ-06?,Frank Pallone,,active,US_2026_general_election,14,usable,usable,0.9570000000000001,0.962,-0.49999999999998934,2026-09-08T15:00:00Z,2026-08-24T17:00:00Z,same_contract_descriptive
KXHOUSERACE-NJ06-26-D,KXHOUSERACE,KXHOUSERACE-NJ06-26,Will Democratic win the House race for NJ-06?,Frank Pallone,,active,US_2026_general_election,28,usable,usable,0.9570000000000001,0.97,-1.29999999999999,2026-09-08T15:00:00Z,2026-08-11T15:00:00Z,same_contract_descriptive
KXHOUSERACE-NJ04-26-R,KXHOUSERACE,KXHOUSERACE-NJ04-26,Will Republican win the House race for NJ-04?,Chris Smith,,active,US_2026_general_election,7,usable,usable,0.9644999999999999,0.95,1.4499999999999957,2026-09-08T14:00:00Z,2026-09-01T12:00:00Z,same_contract_descriptive
KXHOUSERACE-NJ04-26-R,KXHOUSERACE,KXHOUSERACE-NJ04-26,Will Republican win the House race for NJ-04?,Chris Smith,,active,US_2026_general_election,14,usable,usable,0.9644999999999999,0.9495,1.4999999999999902,2026-09-08T14:00:00Z,2026-08-25T04:00:00Z,same_contract_descriptive
KXHOUSERACE-NJ04-26-R,KXHOUSERACE,KXHOUSERACE-NJ04-26,Will Republican win the House race for NJ-04?,Chris Smith,,active,US_2026_general_election,28,usable,usable,0.9644999999999999,0.954,1.0499999999999954,2026-09-08T14:00:00Z,2026-08-11T15:00:00Z,same_contract_descriptive
KXHOUSERACE-NJ04-26-D,KXHOUSERACE,KXHOUSERACE-NJ04-26,Will Democratic win the House race for NJ-04?,Rachel Peace,,active,US_2026_general_election,7,usable,usable,0.0365,0.046,-0.9500000000000002,2026-09-08T14:00:00Z,2026-09-01T12:00:00Z,same_contract_descriptive
KXHOUSERACE-NJ04-26-D,KXHOUSERACE,KXHOUSERACE-NJ04-26,Will Democratic win the House race for NJ-04?,Rachel Peace,,active,US_2026_general_election,14,usable,stale_observation,0.0365,,,2026-09-08T14:00:00Z,2026-08-21T22:00:00Z,not_comparable
KXHOUSERACE-NJ04-26-D,KXHOUSERACE,KXHOUSERACE-NJ04-26,Will Democratic win the House race for NJ-04?,Rachel Peace,,active,US_2026_general_election,28,usable,usable,0.0365,0.0405,-0.40000000000000036,2026-09-08T14:00:00Z,2026-08-11T15:00:00Z,same_contract_descriptive
KXHOUSERACE-NJ03-26-R,KXHOUSERACE,KXHOUSERACE-NJ03-26,Will Republican win the House race for NJ-03?,Michael McGuire,,active,US_2026_general_election,7,usable,usable,0.042499999999999996,0.0395,0.2999999999999996,2026-09-08T15:00:00Z,2026-09-01T14:00:00Z,same_contract_descriptive
KXHOUSERACE-NJ03-26-R,KXHOUSERACE,KXHOUSERACE-NJ03-26,Will Republican win the House race for NJ-03?,Michael McGuire,,active,US_2026_general_election,14,usable,usable,0.042499999999999996,0.041999999999999996,0.050000000000000044,2026-09-08T15:00:00Z,2026-08-24T17:00:00Z,same_contract_descriptive
KXHOUSERACE-NJ03-26-R,KXHOUSERACE,KXHOUSERACE-NJ03-26,Will Republican win the House race for NJ-03?,Michael McGuire,,active,US_2026_general_election,28,usable,usable,0.042499999999999996,0.0415,0.0999999999999994,2026-09-08T15:00:00Z,2026-08-11T15:00:00Z,same_contract_descriptive
KXHOUSERACE-NJ03-26-D,KXHOUSERACE,KXHOUSERACE-NJ03-26,Will Democratic win the House race for NJ-03?,Herb Conaway,,active,US_2026_general_election,7,usable,usable,0.952,0.9575,-0.550000000000006,2026-09-08T14:00:00Z,2026-09-01T15:00:00Z,same_contract_descriptive
KXHOUSERACE-NJ03-26-D,KXHOUSERACE,KXHOUSERACE-NJ03-26,Will Democratic win the House race for NJ-03?,Herb Conaway,,active,US_2026_general_election,14,usable,usable,0.952,0.9515,0.04999999999999449,2026-09-08T14:00:00Z,2026-08-24T17:00:00Z,same_contract_descriptive
KXHOUSERACE-NJ03-26-D,KXHOUSERACE,KXHOUSERACE-NJ03-26,Will Democratic win the House race for NJ-03?,Herb Conaway,,active,US_2026_general_election,28,usable,usable,0.952,0.9584999999999999,-0.649999999999995,2026-09-08T14:00:00Z,2026-08-11T15:00:00Z,same_contract_descriptive
KXHOUSERACE-NJ02-26-R,KXHOUSERACE,KXHOUSERACE-NJ02-26,Will Republican win the House race for NJ-02?,Jeff Van Drew,,active,US_2026_general_election,7,usable,usable,0.835,0.835,0.0,2026-09-08T14:00:00Z,2026-09-01T15:00:00Z,same_contract_descriptive
KXHOUSERACE-NJ02-26-R,KXHOUSERACE,KXHOUSERACE-NJ02-26,Will Republican win the House race for NJ-02?,Jeff Van Drew,,active,US_2026_general_election,14,usable,usable,0.835,0.85,-1.5000000000000013,2026-09-08T14:00:00Z,2026-08-25T14:00:00Z,same_contract_descriptive
KXHOUSERACE-NJ02-26-R,KXHOUSERACE,KXHOUSERACE-NJ02-26,Will Republican win the House race for NJ-02?,Jeff Van Drew,,active,US_2026_general_election,28,usable,usable,0.835,0.855,-2.0000000000000018,2026-09-08T14:00:00Z,2026-08-11T15:00:00Z,same_contract_descriptive
KXHOUSERACE-NJ02-26-D,KXHOUSERACE,KXHOUSERACE-NJ02-26,Will Democratic win the House race for NJ-02?,Zack Mullock,,active,US_2026_general_election,7,usable,usable,0.16999999999999998,0.175,-0.5000000000000004,2026-09-08T14:00:00Z,2026-09-01T14:00:00Z,same_contract_descriptive
KXHOUSERACE-NJ02-26-D,KXHOUSERACE,KXHOUSERACE-NJ02-26,Will Democratic win the House race for NJ-02?,Zack Mullock,,active,US_2026_general_election,14,usable,usable,0.16999999999999998,0.16,0.9999999999999981,2026-09-08T14:00:00Z,2026-08-25T14:00:00Z,same_contract_descriptive
KXHOUSERACE-NJ02-26-D,KXHOUSERACE,KXHOUSERACE-NJ02-26,Will Democratic win the House race for NJ-02?,Zack Mullock,,active,US_2026_general_election,28,usable,usable,0.16999999999999998,0.14500000000000002,2.4999999999999964,2026-09-08T14:00:00Z,2026-08-11T15:00:00Z,same_contract_descriptive
KXHOUSERACE-NJ01-26-R,KXHOUSERACE,KXHOUSERACE-NJ01-26,Will Republican win the House race for NJ-01?,Damon Galdo,,active,US_2026_general_election,7,usable,usable,0.0365,0.025500000000000002,1.0999999999999996,2026-09-08T14:00:00Z,2026-09-01T12:00:00Z,same_contract_descriptive
KXHOUSERACE-NJ01-26-R,KXHOUSERACE,KXHOUSERACE-NJ01-26,Will Republican win the House race for NJ-01?,Damon Galdo,,active,US_2026_general_election,14,usable,usable,0.0365,0.0315,0.4999999999999998,2026-09-08T14:00:00Z,2026-08-24T17:00:00Z,same_contract_descriptive
KXHOUSERACE-NJ01-26-R,KXHOUSERACE,KXHOUSERACE-NJ01-26,Will Republican win the House race for NJ-01?,Damon Galdo,,active,US_2026_general_election,28,usable,usable,0.0365,0.028999999999999998,0.75,2026-09-08T14:00:00Z,2026-08-11T15:00:00Z,same_contract_descriptive
KXHOUSERACE-NJ01-26-D,KXHOUSERACE,KXHOUSERACE-NJ01-26,Will Democratic win the House race for NJ-01?,Donald Norcross,,active,US_2026_general_election,7,usable,usable,0.9545,0.961,-0.649999999999995,2026-09-08T14:00:00Z,2026-09-01T12:00:00Z,same_contract_descriptive
KXHOUSERACE-NJ01-26-D,KXHOUSERACE,KXHOUSERACE-NJ01-26,Will Democratic win the House race for NJ-01?,Donald Norcross,,active,US_2026_general_election,14,usable,usable,0.9545,0.9575,-0.30000000000000027,2026-09-08T14:00:00Z,2026-08-25T14:00:00Z,same_contract_descriptive
KXHOUSERACE-NJ01-26-D,KXHOUSERACE,KXHOUSERACE-NJ01-26,Will Democratic win the House race for NJ-01?,Donald Norcross,,active,US_2026_general_election,28,usable,usable,0.9545,0.967,-1.2499999999999956,2026-09-08T14:00:00Z,2026-08-11T15:00:00Z,same_contract_descriptive
KXHOUSERACE-NH02-26-R,KXHOUSERACE,KXHOUSERACE-NH02-26,Will Republican win the House race for NH-02?,Republican party,,active,US_2026_general_election,7,usable,usable,0.055,0.0395,1.55,2026-09-08T15:00:00Z,2026-09-01T15:00:00Z,same_contract_descriptive
KXHOUSERACE-NH02-26-R,KXHOUSERACE,KXHOUSERACE-NH02-26,Will Republican win the House race for NH-02?,Republican party,,active,US_2026_general_election,14,usable,usable,0.055,0.0345,2.05,2026-09-08T15:00:00Z,2026-08-25T02:00:00Z,same_contract_descriptive
KXHOUSERACE-NH02-26-R,KXHOUSERACE,KXHOUSERACE-NH02-26,Will Republican win the House race for NH-02?,Republican party,,active,US_2026_general_election,28,usable,usable,0.055,0.028999999999999998,2.6,2026-09-08T15:00:00Z,2026-08-11T15:00:00Z,same_contract_descriptive
KXHOUSERACE-NH02-26-D,KXHOUSERACE,KXHOUSERACE-NH02-26,Will Democratic win the House race for NH-02?,Democratic party,,active,US_2026_general_election,7,usable,usable,0.9435,0.9565,-1.3000000000000012,2026-09-08T15:00:00Z,2026-09-01T12:00:00Z,same_contract_descriptive
KXHOUSERACE-NH02-26-D,KXHOUSERACE,KXHOUSERACE-NH02-26,Will Democratic win the House race for NH-02?,Democratic party,,active,US_2026_general_election,14,usable,usable,0.9435,0.9610000000000001,-1.750000000000007,2026-09-08T15:00:00Z,2026-08-25T02:00:00Z,same_contract_descriptive
KXHOUSERACE-NH02-26-D,KXHOUSERACE,KXHOUSERACE-NH02-26,Will Democratic win the House race for NH-02?,Democratic party,,active,US_2026_general_election,28,usable,usable,0.9435,0.9704999999999999,-2.6999999999999913,2026-09-08T15:00:00Z,2026-08-11T15:00:00Z,same_contract_descriptive
KXHOUSERACE-NE03-26-R,KXHOUSERACE,KXHOUSERACE-NE03-26,Will Republican win the House race for NE-03?,Adrian Smith,,active,US_2026_general_election,7,usable,usable,0.9650000000000001,0.977,-1.19999999999999,2026-09-07T19:00:00Z,2026-09-01T12:00:00Z,same_contract_descriptive
KXHOUSERACE-NE03-26-R,KXHOUSERACE,KXHOUSERACE-NE03-26,Will Republican win the House race for NE-03?,Adrian Smith,,active,US_2026_general_election,14,usable,usable,0.9650000000000001,0.96,0.5000000000000115,2026-09-07T19:00:00Z,2026-08-25T11:00:00Z,same_contract_descriptive
KXHOUSERACE-NE03-26-R,KXHOUSERACE,KXHOUSERACE-NE03-26,Will Republican win the House race for NE-03?,Adrian Smith,,active,US_2026_general_election,28,usable,usable,0.9650000000000001,0.9735,-0.8499999999999952,2026-09-07T19:00:00Z,2026-08-11T15:00:00Z,same_contract_descriptive
KXHOUSERACE-NE03-26-D,KXHOUSERACE,KXHOUSERACE-NE03-26,Will Democratic win the House race for NE-03?,Becky Stille,,active,US_2026_general_election,7,usable,usable,0.035,0.029500000000000002,0.5500000000000002,2026-09-08T14:00:00Z,2026-09-01T12:00:00Z,same_contract_descriptive
KXHOUSERACE-NE03-26-D,KXHOUSERACE,KXHOUSERACE-NE03-26,Will Democratic win the House race for NE-03?,Becky Stille,,active,US_2026_general_election,14,usable,usable,0.035,0.0345,0.050000000000000044,2026-09-08T14:00:00Z,2026-08-25T11:00:00Z,same_contract_descriptive
KXHOUSERACE-NE03-26-D,KXHOUSERACE,KXHOUSERACE-NE03-26,Will Democratic win the House race for NE-03?,Becky Stille,,active,US_2026_general_election,28,usable,usable,0.035,0.034,0.10000000000000009,2026-09-08T14:00:00Z,2026-08-11T15:00:00Z,same_contract_descriptive
KXHOUSERACE-NE01-26-R,KXHOUSERACE,KXHOUSERACE-NE01-26,Will Republican win the House race for NE-01?,Mike Flood,,active,US_2026_general_election,7,usable,usable,0.87,0.855,1.5000000000000013,2026-09-08T15:00:00Z,2026-09-01T09:00:00Z,same_contract_descriptive
KXHOUSERACE-NE01-26-R,KXHOUSERACE,KXHOUSERACE-NE01-26,Will Republican win the House race for NE-01?,Mike Flood,,active,US_2026_general_election,14,usable,usable,0.87,0.865,0.5000000000000004,2026-09-08T15:00:00Z,2026-08-25T11:00:00Z,same_contract_descriptive
KXHOUSERACE-NE01-26-R,KXHOUSERACE,KXHOUSERACE-NE01-26,Will Republican win the House race for NE-01?,Mike Flood,,active,US_2026_general_election,28,usable,usable,0.87,0.875,-0.5000000000000004,2026-09-08T15:00:00Z,2026-08-11T15:00:00Z,same_contract_descriptive
KXHOUSERACE-NE01-26-D,KXHOUSERACE,KXHOUSERACE-NE01-26,Will Democratic win the House race for NE-01?,Chris Backemeyer,,active,US_2026_general_election,7,usable,usable,0.13,0.13,0.0,2026-09-08T15:00:00Z,2026-09-01T14:00:00Z,same_contract_descriptive
KXHOUSERACE-NE01-26-D,KXHOUSERACE,KXHOUSERACE-NE01-26,Will Democratic win the House race for NE-01?,Chris Backemeyer,,active,US_2026_general_election,14,usable,usable,0.13,0.115,1.5,2026-09-08T15:00:00Z,2026-08-25T11:00:00Z,same_contract_descriptive
KXHOUSERACE-NE01-26-D,KXHOUSERACE,KXHOUSERACE-NE01-26,Will Democratic win the House race for NE-01?,Chris Backemeyer,,active,US_2026_general_election,28,usable,usable,0.13,0.113,1.7000000000000002,2026-09-08T15:00:00Z,2026-08-11T15:00:00Z,same_contract_descriptive
KXHOUSERACE-NDAL-26-R,KXHOUSERACE,KXHOUSERACE-NDAL-26,Will Republican win the House race for ND-AL?,Julie Fedorchak,,active,US_2026_general_election,7,usable,usable,0.9724999999999999,0.9575,1.4999999999999902,2026-09-08T15:00:00Z,2026-09-01T14:00:00Z,same_contract_descriptive
KXHOUSERACE-NDAL-26-R,KXHOUSERACE,KXHOUSERACE-NDAL-26,Will Republican win the House race for ND-AL?,Julie Fedorchak,,active,US_2026_general_election,14,usable,usable,0.9724999999999999,0.9450000000000001,2.749999999999986,2026-09-08T15:00:00Z,2026-08-24T17:00:00Z,same_contract_descriptive
KXHOUSERACE-NDAL-26-R,KXHOUSERACE,KXHOUSERACE-NDAL-26,Will Republican win the House race for ND-AL?,Julie Fedorchak,,active,US_2026_general_election,28,usable,usable,0.9724999999999999,0.9425,2.9999999999999916,2026-09-08T15:00:00Z,2026-08-11T15:00:00Z,same_contract_descriptive
KXHOUSERACE-NDAL-26-D,KXHOUSERACE,KXHOUSERACE-NDAL-26,Will Democratic win the House race for ND-AL?,Trygve Hammer,,active,US_2026_general_election,7,usable,usable,0.013,0.05,-3.7000000000000006,2026-09-08T14:00:00Z,2026-09-01T05:00:00Z,same_contract_descriptive
KXHOUSERACE-NDAL-26-D,KXHOUSERACE,KXHOUSERACE-NDAL-26,Will Democratic win the House race for ND-AL?,Trygve Hammer,,active,US_2026_general_election,14,usable,usable,0.013,0.055,-4.2,2026-09-08T14:00:00Z,2026-08-24T17:00:00Z,same_contract_descriptive
KXHOUSERACE-NDAL-26-D,KXHOUSERACE,KXHOUSERACE-NDAL-26,Will Democratic win the House race for ND-AL?,Trygve Hammer,,active,US_2026_general_election,28,usable,usable,0.013,0.05500000000000001,-4.200000000000001,2026-09-08T14:00:00Z,2026-08-11T15:00:00Z,same_contract_descriptive
KXHOUSERACE-NC14-26-R,KXHOUSERACE,KXHOUSERACE-NC14-26,Will Republican win the House race for NC-14?,Tim Moore,,active,US_2026_general_election,7,usable,usable,0.8795,0.8734999999999999,0.6000000000000005,2026-09-08T15:00:00Z,2026-09-01T15:00:00Z,same_contract_descriptive
KXHOUSERACE-NC14-26-R,KXHOUSERACE,KXHOUSERACE-NC14-26,Will Republican win the House race for NC-14?,Tim Moore,,active,US_2026_general_election,14,usable,usable,0.8795,0.8845000000000001,-0.5000000000000115,2026-09-08T15:00:00Z,2026-08-25T11:00:00Z,same_contract_descriptive
KXHOUSERACE-NC14-26-R,KXHOUSERACE,KXHOUSERACE-NC14-26,Will Republican win the House race for NC-14?,Tim Moore,,active,US_2026_general_election,28,usable,usable,0.8795,0.886,-0.6500000000000061,2026-09-08T15:00:00Z,2026-08-11T15:00:00Z,same_contract_descriptive
KXHOUSERACE-NC14-26-D,KXHOUSERACE,KXHOUSERACE-NC14-26,Will Democratic win the House race for NC-14?,LaKesha Womack,,active,US_2026_general_election,7,usable,usable,0.11000000000000001,0.1205,-1.049999999999998,2026-09-08T15:00:00Z,2026-09-01T15:00:00Z,same_contract_descriptive
KXHOUSERACE-NC14-26-D,KXHOUSERACE,KXHOUSERACE-NC14-26,Will Democratic win the House race for NC-14?,LaKesha Womack,,active,US_2026_general_election,14,usable,usable,0.11000000000000001,0.11050000000000001,-0.050000000000000044,2026-09-08T15:00:00Z,2026-08-25T11:00:00Z,same_contract_descriptive
KXHOUSERACE-NC14-26-D,KXHOUSERACE,KXHOUSERACE-NC14-26,Will Democratic win the House race for NC-14?,LaKesha Womack,,active,US_2026_general_election,28,usable,usable,0.11000000000000001,0.114,-0.39999999999999897,2026-09-08T15:00:00Z,2026-08-11T15:00:00Z,same_contract_descriptive
KXHOUSERACE-NC13-26-R,KXHOUSERACE,KXHOUSERACE-NC13-26,Will Republican win the House race for NC-13?,Brad Knott,,active,US_2026_general_election,7,usable,usable,0.8805000000000001,0.8805000000000001,0.0,2026-09-08T15:00:00Z,2026-09-01T12:00:00Z,same_contract_descriptive
KXHOUSERACE-NC13-26-R,KXHOUSERACE,KXHOUSERACE-NC13-26,Will Republican win the House race for NC-13?,Brad Knott,,active,US_2026_general_election,14,usable,usable,0.8805000000000001,0.8805000000000001,0.0,2026-09-08T15:00:00Z,2026-08-25T07:00:00Z,same_contract_descriptive
KXHOUSERACE-NC13-26-R,KXHOUSERACE,KXHOUSERACE-NC13-26,Will Republican win the House race for NC-13?,Brad Knott,,active,US_2026_general_election,28,usable,usable,0.8805000000000001,0.875,0.550000000000006,2026-09-08T15:00:00Z,2026-08-11T15:00:00Z,same_contract_descriptive
KXHOUSERACE-NC13-26-D,KXHOUSERACE,KXHOUSERACE-NC13-26,Will Democratic win the House race for NC-13?,Paul Barringer,,active,US_2026_general_election,7,usable,usable,0.1095,0.1095,0.0,2026-09-08T15:00:00Z,2026-09-01T12:00:00Z,same_contract_descriptive
KXHOUSERACE-NC13-26-D,KXHOUSERACE,KXHOUSERACE-NC13-26,Will Democratic win the House race for NC-13?,Paul Barringer,,active,US_2026_general_election,14,usable,usable,0.1095,0.1095,0.0,2026-09-08T15:00:00Z,2026-08-25T07:00:00Z,same_contract_descriptive
KXHOUSERACE-NC13-26-D,KXHOUSERACE,KXHOUSERACE-NC13-26,Will Democratic win the House race for NC-13?,Paul Barringer,,active,US_2026_general_election,28,usable,usable,0.1095,0.12,-1.0499999999999996,2026-09-08T15:00:00Z,2026-08-11T15:00:00Z,same_contract_descriptive
KXHOUSERACE-NC12-26-R,KXHOUSERACE,KXHOUSERACE-NC12-26,Will Republican win the House race for NC-12?,Jack Codiga,,active,US_2026_general_election,7,stale_observation,stale_observation,,,,2026-09-07T04:00:00Z,2026-08-27T08:00:00Z,not_comparable
KXHOUSERACE-NC12-26-R,KXHOUSERACE,KXHOUSERACE-NC12-26,Will Republican win the House race for NC-12?,Jack Codiga,,active,US_2026_general_election,14,stale_observation,usable,,0.029500000000000002,,2026-09-07T04:00:00Z,2026-08-25T11:00:00Z,not_comparable
KXHOUSERACE-NC12-26-R,KXHOUSERACE,KXHOUSERACE-NC12-26,Will Republican win the House race for NC-12?,Jack Codiga,,active,US_2026_general_election,28,stale_observation,usable,,0.027999999999999997,,2026-09-07T04:00:00Z,2026-08-11T15:00:00Z,not_comparable
KXHOUSERACE-NC12-26-D,KXHOUSERACE,KXHOUSERACE-NC12-26,Will Democratic win the House race for NC-12?,Alma Adams,,active,US_2026_general_election,7,stale_observation,stale_observation,,,,2026-09-06T20:00:00Z,2026-08-27T08:00:00Z,not_comparable
KXHOUSERACE-NC12-26-D,KXHOUSERACE,KXHOUSERACE-NC12-26,Will Democratic win the House race for NC-12?,Alma Adams,,active,US_2026_general_election,14,stale_observation,usable,,0.966,,2026-09-06T20:00:00Z,2026-08-25T15:00:00Z,not_comparable
KXHOUSERACE-NC12-26-D,KXHOUSERACE,KXHOUSERACE-NC12-26,Will Democratic win the House race for NC-12?,Alma Adams,,active,US_2026_general_election,28,stale_observation,usable,,0.972,,2026-09-06T20:00:00Z,2026-08-11T15:00:00Z,not_comparable
KXHOUSERACE-NC10-26-R,KXHOUSERACE,KXHOUSERACE-NC10-26,Will Republican win the House race for NC-10?,Pat Harrigan,,active,US_2026_general_election,7,usable,usable,0.9325,0.9225,1.0000000000000009,2026-09-08T15:00:00Z,2026-09-01T12:00:00Z,same_contract_descriptive
KXHOUSERACE-NC10-26-R,KXHOUSERACE,KXHOUSERACE-NC10-26,Will Republican win the House race for NC-10?,Pat Harrigan,,active,US_2026_general_election,14,usable,usable,0.9325,0.933,-0.050000000000005596,2026-09-08T15:00:00Z,2026-08-25T06:00:00Z,same_contract_descriptive
KXHOUSERACE-NC10-26-R,KXHOUSERACE,KXHOUSERACE-NC10-26,Will Republican win the House race for NC-10?,Pat Harrigan,,active,US_2026_general_election,28,usable,usable,0.9325,0.9319999999999999,0.050000000000005596,2026-09-08T15:00:00Z,2026-08-11T15:00:00Z,same_contract_descriptive
KXHOUSERACE-NC10-26-D,KXHOUSERACE,KXHOUSERACE-NC10-26,Will Democratic win the House race for NC-10?,Ashley Bell,,active,US_2026_general_election,7,usable,usable,0.0555,0.077,-2.15,2026-09-08T15:00:00Z,2026-09-01T12:00:00Z,same_contract_descriptive
KXHOUSERACE-NC10-26-D,KXHOUSERACE,KXHOUSERACE-NC10-26,Will Democratic win the House race for NC-10?,Ashley Bell,,active,US_2026_general_election,14,usable,usable,0.0555,0.067,-1.1500000000000004,2026-09-08T15:00:00Z,2026-08-25T06:00:00Z,same_contract_descriptive
KXHOUSERACE-NC10-26-D,KXHOUSERACE,KXHOUSERACE-NC10-26,Will Democratic win the House race for NC-10?,Ashley Bell,,active,US_2026_general_election,28,usable,usable,0.0555,0.068,-1.2500000000000004,2026-09-08T15:00:00Z,2026-08-11T15:00:00Z,same_contract_descriptive
KXHOUSERACE-NC09-26-R,KXHOUSERACE,KXHOUSERACE-NC09-26,Will Republican win the House race for NC-09?,Richard Hudson,,active,US_2026_general_election,7,usable,usable,0.795,0.785,1.0000000000000009,2026-09-08T15:00:00Z,2026-09-01T15:00:00Z,same_contract_descriptive
KXHOUSERACE-NC09-26-R,KXHOUSERACE,KXHOUSERACE-NC09-26,Will Republican win the House race for NC-09?,Richard Hudson,,active,US_2026_general_election,14,usable,usable,0.795,0.77,2.500000000000002,2026-09-08T15:00:00Z,2026-08-25T11:00:00Z,same_contract_descriptive
KXHOUSERACE-NC09-26-R,KXHOUSERACE,KXHOUSERACE-NC09-26,Will Republican win the House race for NC-09?,Richard Hudson,,active,US_2026_general_election,28,usable,usable,0.795,0.765,3.0000000000000027,2026-09-08T15:00:00Z,2026-08-11T15:00:00Z,same_contract_descriptive
KXHOUSERACE-NC09-26-D,KXHOUSERACE,KXHOUSERACE-NC09-26,Will Democratic win the House race for NC-09?,Richard Ojeda,,active,US_2026_general_election,7,usable,usable,0.215,0.215,0.0,2026-09-08T14:00:00Z,2026-09-01T15:00:00Z,same_contract_descriptive
KXHOUSERACE-NC09-26-D,KXHOUSERACE,KXHOUSERACE-NC09-26,Will Democratic win the House race for NC-09?,Richard Ojeda,,active,US_2026_general_election,14,usable,usable,0.215,0.22499999999999998,-0.9999999999999981,2026-09-08T14:00:00Z,2026-08-25T12:00:00Z,same_contract_descriptive
KXHOUSERACE-NC09-26-D,KXHOUSERACE,KXHOUSERACE-NC09-26,Will Democratic win the House race for NC-09?,Richard Ojeda,,active,US_2026_general_election,28,usable,usable,0.215,0.235,-1.9999999999999991,2026-09-08T14:00:00Z,2026-08-11T15:00:00Z,same_contract_descriptive
KXHOUSERACE-NC08-26-R,KXHOUSERACE,KXHOUSERACE-NC08-26,Will Republican win the House race for NC-08?,Mark Harris,,active,US_2026_general_election,7,usable,usable,0.9205,0.9145,0.6000000000000005,2026-09-08T14:00:00Z,2026-09-01T15:00:00Z,same_contract_descriptive
KXHOUSERACE-NC08-26-R,KXHOUSERACE,KXHOUSERACE-NC08-26,Will Republican win the House race for NC-08?,Mark Harris,,active,US_2026_general_election,14,usable,usable,0.9205,0.9295,-0.9000000000000008,2026-09-08T14:00:00Z,2026-08-25T15:00:00Z,same_contract_descriptive
KXHOUSERACE-NC08-26-R,KXHOUSERACE,KXHOUSERACE-NC08-26,Will Republican win the House race for NC-08?,Mark Harris,,active,US_2026_general_election,28,usable,usable,0.9205,0.925,-0.45000000000000595,2026-09-08T14:00:00Z,2026-08-11T15:00:00Z,same_contract_descriptive
KXHOUSERACE-NC08-26-D,KXHOUSERACE,KXHOUSERACE-NC08-26,Will Democratic win the House race for NC-08?,Colby Watson,,active,US_2026_general_election,7,usable,usable,0.0695,0.076,-0.6499999999999992,2026-09-08T15:00:00Z,2026-09-01T15:00:00Z,same_contract_descriptive
KXHOUSERACE-NC08-26-D,KXHOUSERACE,KXHOUSERACE-NC08-26,Will Democratic win the House race for NC-08?,Colby Watson,,active,US_2026_general_election,14,usable,usable,0.0695,0.07050000000000001,-0.10000000000000009,2026-09-08T15:00:00Z,2026-08-25T15:00:00Z,same_contract_descriptive
KXHOUSERACE-NC08-26-D,KXHOUSERACE,KXHOUSERACE-NC08-26,Will Democratic win the House race for NC-08?,Colby Watson,,active,US_2026_general_election,28,usable,usable,0.0695,0.075,-0.5499999999999992,2026-09-08T15:00:00Z,2026-08-11T15:00:00Z,same_contract_descriptive
KXHOUSERACE-NC07-26-R,KXHOUSERACE,KXHOUSERACE-NC07-26,Will Republican win the House race for NC-07?,David Rouzer,,active,US_2026_general_election,7,usable,usable,0.87,0.865,0.5000000000000004,2026-09-08T15:00:00Z,2026-09-01T15:00:00Z,same_contract_descriptive
KXHOUSERACE-NC07-26-R,KXHOUSERACE,KXHOUSERACE-NC07-26,Will Republican win the House race for NC-07?,David Rouzer,,active,US_2026_general_election,14,usable,usable,0.87,0.872,-0.20000000000000018,2026-09-08T15:00:00Z,2026-08-25T13:00:00Z,same_contract_descriptive
KXHOUSERACE-NC07-26-R,KXHOUSERACE,KXHOUSERACE-NC07-26,Will Republican win the House race for NC-07?,David Rouzer,,active,US_2026_general_election,28,usable,usable,0.87,0.875,-0.5000000000000004,2026-09-08T15:00:00Z,2026-08-11T15:00:00Z,same_contract_descriptive
KXHOUSERACE-NC07-26-D,KXHOUSERACE,KXHOUSERACE-NC07-26,Will Democratic win the House race for NC-07?,Kim Hardy,,active,US_2026_general_election,7,usable,usable,0.113,0.135,-2.2000000000000006,2026-09-08T15:00:00Z,2026-09-01T15:00:00Z,same_contract_descriptive
KXHOUSERACE-NC07-26-D,KXHOUSERACE,KXHOUSERACE-NC07-26,Will Democratic win the House race for NC-07?,Kim Hardy,,active,US_2026_general_election,14,usable,usable,0.113,0.128,-1.5,2026-09-08T15:00:00Z,2026-08-25T07:00:00Z,same_contract_descriptive
KXHOUSERACE-NC07-26-D,KXHOUSERACE,KXHOUSERACE-NC07-26,Will Democratic win the House race for NC-07?,Kim Hardy,,active,US_2026_general_election,28,usable,usable,0.113,0.125,-1.1999999999999997,2026-09-08T15:00:00Z,2026-08-11T15:00:00Z,same_contract_descriptive
KXHOUSERACE-NC06-26-R,KXHOUSERACE,KXHOUSERACE-NC06-26,Will Republican win the House race for NC-06?,Addison McDowell,,active,US_2026_general_election,7,usable,usable,0.8995,0.88,1.9499999999999962,2026-09-08T15:00:00Z,2026-09-01T15:00:00Z,same_contract_descriptive
KXHOUSERACE-NC06-26-R,KXHOUSERACE,KXHOUSERACE-NC06-26,Will Republican win the House race for NC-06?,Addison McDowell,,active,US_2026_general_election,14,usable,usable,0.8995,0.904,-0.45000000000000595,2026-09-08T15:00:00Z,2026-08-25T07:00:00Z,same_contract_descriptive
KXHOUSERACE-NC06-26-R,KXHOUSERACE,KXHOUSERACE-NC06-26,Will Republican win the House race for NC-06?,Addison McDowell,,active,US_2026_general_election,28,usable,usable,0.8995,0.875,2.4499999999999966,2026-09-08T15:00:00Z,2026-08-11T15:00:00Z,same_contract_descriptive
KXHOUSERACE-NC06-26-D,KXHOUSERACE,KXHOUSERACE-NC06-26,Will Democratic win the House race for NC-06?,Cyril Jefferson,,active,US_2026_general_election,7,usable,usable,0.094,0.11000000000000001,-1.6000000000000014,2026-09-08T15:00:00Z,2026-09-01T15:00:00Z,same_contract_descriptive
KXHOUSERACE-NC06-26-D,KXHOUSERACE,KXHOUSERACE-NC06-26,Will Democratic win the House race for NC-06?,Cyril Jefferson,,active,US_2026_general_election,14,usable,usable,0.094,0.096,-0.20000000000000018,2026-09-08T15:00:00Z,2026-08-25T07:00:00Z,same_contract_descriptive
KXHOUSERACE-NC06-26-D,KXHOUSERACE,KXHOUSERACE-NC06-26,Will Democratic win the House race for NC-06?,Cyril Jefferson,,active,US_2026_general_election,28,usable,usable,0.094,0.125,-3.1,2026-09-08T15:00:00Z,2026-08-11T15:00:00Z,same_contract_descriptive
KXHOUSERACE-NC05-26-R,KXHOUSERACE,KXHOUSERACE-NC05-26,Will Republican win the House race for NC-05?,Virginia Foxx,,active,US_2026_general_election,7,usable,usable,0.8995,0.913,-1.3500000000000068,2026-09-08T15:00:00Z,2026-09-01T12:00:00Z,same_contract_descriptive
KXHOUSERACE-NC05-26-R,KXHOUSERACE,KXHOUSERACE-NC05-26,Will Republican win the House race for NC-05?,Virginia Foxx,,active,US_2026_general_election,14,usable,usable,0.8995,0.9139999999999999,-1.4499999999999957,2026-09-08T15:00:00Z,2026-08-25T12:00:00Z,same_contract_descriptive
KXHOUSERACE-NC05-26-R,KXHOUSERACE,KXHOUSERACE-NC05-26,Will Republican win the House race for NC-05?,Virginia Foxx,,active,US_2026_general_election,28,usable,usable,0.8995,0.9165000000000001,-1.7000000000000126,2026-09-08T15:00:00Z,2026-08-11T15:00:00Z,same_contract_descriptive
KXHOUSERACE-NC05-26-D,KXHOUSERACE,KXHOUSERACE-NC05-26,Will Democratic win the House race for NC-05?,Chuck Hubbard,,active,US_2026_general_election,7,usable,usable,0.1035,0.0905,1.2999999999999998,2026-09-08T15:00:00Z,2026-09-01T15:00:00Z,same_contract_descriptive
KXHOUSERACE-NC05-26-D,KXHOUSERACE,KXHOUSERACE-NC05-26,Will Democratic win the House race for NC-05?,Chuck Hubbard,,active,US_2026_general_election,14,usable,usable,0.1035,0.081,2.249999999999999,2026-09-08T15:00:00Z,2026-08-25T11:00:00Z,same_contract_descriptive
KXHOUSERACE-NC05-26-D,KXHOUSERACE,KXHOUSERACE-NC05-26,Will Democratic win the House race for NC-05?,Chuck Hubbard,,active,US_2026_general_election,28,usable,usable,0.1035,0.084,1.9499999999999988,2026-09-08T15:00:00Z,2026-08-11T15:00:00Z,same_contract_descriptive
KXHOUSERACE-NC04-26-R,KXHOUSERACE,KXHOUSERACE-NC04-26,Will Republican win the House race for NC-04?,Max Ganorkar,,active,US_2026_general_election,7,stale_observation,stale_observation,,,,2026-09-06T20:00:00Z,2026-08-24T17:00:00Z,not_comparable
KXHOUSERACE-NC04-26-R,KXHOUSERACE,KXHOUSERACE-NC04-26,Will Republican win the House race for NC-04?,Max Ganorkar,,active,US_2026_general_election,14,stale_observation,usable,,0.029,,2026-09-06T20:00:00Z,2026-08-24T17:00:00Z,not_comparable
KXHOUSERACE-NC04-26-R,KXHOUSERACE,KXHOUSERACE-NC04-26,Will Republican win the House race for NC-04?,Max Ganorkar,,active,US_2026_general_election,28,stale_observation,usable,,0.023,,2026-09-06T20:00:00Z,2026-08-11T15:00:00Z,not_comparable
KXHOUSERACE-NC04-26-D,KXHOUSERACE,KXHOUSERACE-NC04-26,Will Democratic win the House race for NC-04?,Valerie Foushee,,active,US_2026_general_election,7,usable,stale_observation,0.9695,,,2026-09-08T15:00:00Z,2026-08-24T17:00:00Z,not_comparable
KXHOUSERACE-NC04-26-D,KXHOUSERACE,KXHOUSERACE-NC04-26,Will Democratic win the House race for NC-04?,Valerie Foushee,,active,US_2026_general_election,14,usable,usable,0.9695,0.971,-0.14999999999999458,2026-09-08T15:00:00Z,2026-08-24T17:00:00Z,same_contract_descriptive
KXHOUSERACE-NC04-26-D,KXHOUSERACE,KXHOUSERACE-NC04-26,Will Democratic win the House race for NC-04?,Valerie Foushee,,active,US_2026_general_election,28,usable,usable,0.9695,0.977,-0.7499999999999951,2026-09-08T15:00:00Z,2026-08-11T15:00:00Z,same_contract_descriptive
KXHOUSERACE-NC03-26-R,KXHOUSERACE,KXHOUSERACE-NC03-26,Will Republican win the House race for NC-03?,Greg Murphy,,active,US_2026_general_election,7,usable,usable,0.9015,0.8965000000000001,0.49999999999998934,2026-09-08T15:00:00Z,2026-09-01T12:00:00Z,same_contract_descriptive
KXHOUSERACE-NC03-26-R,KXHOUSERACE,KXHOUSERACE-NC03-26,Will Republican win the House race for NC-03?,Greg Murphy,,active,US_2026_general_election,14,usable,usable,0.9015,0.897,0.44999999999999485,2026-09-08T15:00:00Z,2026-08-25T07:00:00Z,same_contract_descriptive
KXHOUSERACE-NC03-26-R,KXHOUSERACE,KXHOUSERACE-NC03-26,Will Republican win the House race for NC-03?,Greg Murphy,,active,US_2026_general_election,28,usable,usable,0.9015,0.8975,0.40000000000000036,2026-09-08T15:00:00Z,2026-08-11T15:00:00Z,same_contract_descriptive
KXHOUSERACE-NC03-26-D,KXHOUSERACE,KXHOUSERACE-NC03-26,Will Democratic win the House race for NC-03?,Raymond Smith Jr.,,active,US_2026_general_election,7,usable,usable,0.098,0.10300000000000001,-0.5000000000000004,2026-09-08T15:00:00Z,2026-09-01T15:00:00Z,same_contract_descriptive
KXHOUSERACE-NC03-26-D,KXHOUSERACE,KXHOUSERACE-NC03-26,Will Democratic win the House race for NC-03?,Raymond Smith Jr.,,active,US_2026_general_election,14,usable,usable,0.098,0.10300000000000001,-0.5000000000000004,2026-09-08T15:00:00Z,2026-08-25T10:00:00Z,same_contract_descriptive
KXHOUSERACE-NC03-26-D,KXHOUSERACE,KXHOUSERACE-NC03-26,Will Democratic win the House race for NC-03?,Raymond Smith Jr.,,active,US_2026_general_election,28,usable,usable,0.098,0.10250000000000001,-0.4500000000000004,2026-09-08T15:00:00Z,2026-08-11T15:00:00Z,same_contract_descriptive
KXHOUSERACE-NC02-26-R,KXHOUSERACE,KXHOUSERACE-NC02-26,Will Republican win the House race for NC-02?,Gene Douglass,,active,US_2026_general_election,7,usable,usable,0.044500000000000005,0.0465,-0.19999999999999948,2026-09-08T14:00:00Z,2026-09-01T12:00:00Z,same_contract_descriptive
KXHOUSERACE-NC02-26-R,KXHOUSERACE,KXHOUSERACE-NC02-26,Will Republican win the House race for NC-02?,Gene Douglass,,active,US_2026_general_election,14,usable,usable,0.044500000000000005,0.046,-0.14999999999999944,2026-09-08T14:00:00Z,2026-08-25T09:00:00Z,same_contract_descriptive
KXHOUSERACE-NC02-26-R,KXHOUSERACE,KXHOUSERACE-NC02-26,Will Republican win the House race for NC-02?,Gene Douglass,,active,US_2026_general_election,28,usable,usable,0.044500000000000005,0.039,0.5500000000000005,2026-09-08T14:00:00Z,2026-08-11T15:00:00Z,same_contract_descriptive
KXHOUSERACE-NC02-26-D,KXHOUSERACE,KXHOUSERACE-NC02-26,Will Democratic win the House race for NC-02?,Deborah Ross,,active,US_2026_general_election,7,usable,usable,0.9630000000000001,0.966,-0.29999999999998916,2026-09-08T14:00:00Z,2026-09-01T15:00:00Z,same_contract_descriptive
KXHOUSERACE-NC02-26-D,KXHOUSERACE,KXHOUSERACE-NC02-26,Will Democratic win the House race for NC-02?,Deborah Ross,,active,US_2026_general_election,14,usable,usable,0.9630000000000001,0.9630000000000001,0.0,2026-09-08T14:00:00Z,2026-08-25T11:00:00Z,same_contract_descriptive
KXHOUSERACE-NC02-26-D,KXHOUSERACE,KXHOUSERACE-NC02-26,Will Democratic win the House race for NC-02?,Deborah Ross,,active,US_2026_general_election,28,usable,usable,0.9630000000000001,0.961,0.20000000000001128,2026-09-08T14:00:00Z,2026-08-11T15:00:00Z,same_contract_descriptive
KXHOUSERACE-MS04-26-R,KXHOUSERACE,KXHOUSERACE-MS04-26,Will Republican win the House race for MS-04?,Mike Ezell,,active,US_2026_general_election,7,stale_observation,usable,,0.9695,,2026-09-07T07:00:00Z,2026-09-01T12:00:00Z,not_comparable
KXHOUSERACE-MS04-26-R,KXHOUSERACE,KXHOUSERACE-MS04-26,Will Republican win the House race for MS-04?,Mike Ezell,,active,US_2026_general_election,14,stale_observation,usable,,0.975,,2026-09-07T07:00:00Z,2026-08-25T04:00:00Z,not_comparable
KXHOUSERACE-MS04-26-R,KXHOUSERACE,KXHOUSERACE-MS04-26,Will Republican win the House race for MS-04?,Mike Ezell,,active,US_2026_general_election,28,stale_observation,usable,,0.985,,2026-09-07T07:00:00Z,2026-08-11T15:00:00Z,not_comparable
KXHOUSERACE-MS04-26-D,KXHOUSERACE,KXHOUSERACE-MS04-26,Will Democratic win the House race for MS-04?,Jeffrey Hulum III,,active,US_2026_general_election,7,stale_observation,usable,,0.031,,2026-09-07T07:00:00Z,2026-09-01T15:00:00Z,not_comparable
KXHOUSERACE-MS04-26-D,KXHOUSERACE,KXHOUSERACE-MS04-26,Will Democratic win the House race for MS-04?,Jeffrey Hulum III,,active,US_2026_general_election,14,stale_observation,usable,,0.026000000000000002,,2026-09-07T07:00:00Z,2026-08-25T15:00:00Z,not_comparable
KXHOUSERACE-MS04-26-D,KXHOUSERACE,KXHOUSERACE-MS04-26,Will Democratic win the House race for MS-04?,Jeffrey Hulum III,,active,US_2026_general_election,28,stale_observation,usable,,0.015,,2026-09-07T07:00:00Z,2026-08-11T15:00:00Z,not_comparable
KXHOUSERACE-MT02-26-R,KXHOUSERACE,KXHOUSERACE-MT02-26,Will Republican win the House race for MT-02?,Troy Downing,,active,US_2026_general_election,7,usable,usable,0.966,0.94,2.6000000000000023,2026-09-08T10:00:00Z,2026-09-01T12:00:00Z,same_contract_descriptive
KXHOUSERACE-MT02-26-R,KXHOUSERACE,KXHOUSERACE-MT02-26,Will Republican win the House race for MT-02?,Troy Downing,,active,US_2026_general_election,14,usable,usable,0.966,0.9279999999999999,3.8000000000000034,2026-09-08T10:00:00Z,2026-08-25T11:00:00Z,same_contract_descriptive
KXHOUSERACE-MT02-26-R,KXHOUSERACE,KXHOUSERACE-MT02-26,Will Republican win the House race for MT-02?,Troy Downing,,active,US_2026_general_election,28,usable,usable,0.966,0.9299999999999999,3.600000000000003,2026-09-08T10:00:00Z,2026-08-11T15:00:00Z,same_contract_descriptive
KXHOUSERACE-MT02-26-D,KXHOUSERACE,KXHOUSERACE-MT02-26,Will Democratic win the House race for MT-02?,Brian Miller,,active,US_2026_general_election,7,usable,usable,0.018500000000000003,0.059500000000000004,-4.1000000000000005,2026-09-08T14:00:00Z,2026-09-01T12:00:00Z,same_contract_descriptive
KXHOUSERACE-MT02-26-D,KXHOUSERACE,KXHOUSERACE-MT02-26,Will Democratic win the House race for MT-02?,Brian Miller,,active,US_2026_general_election,14,usable,usable,0.018500000000000003,0.0675,-4.9,2026-09-08T14:00:00Z,2026-08-25T15:00:00Z,same_contract_descriptive
KXHOUSERACE-MT02-26-D,KXHOUSERACE,KXHOUSERACE-MT02-26,Will Democratic win the House race for MT-02?,Brian Miller,,active,US_2026_general_election,28,usable,usable,0.018500000000000003,0.0695,-5.1000000000000005,2026-09-08T14:00:00Z,2026-08-11T15:00:00Z,same_contract_descriptive
KXHOUSERACE-MS03-26-R,KXHOUSERACE,KXHOUSERACE-MS03-26,Will Republican win the House race for MS-03?,Michael Guest,,active,US_2026_general_election,7,stale_observation,usable,,0.963,,2026-09-06T22:00:00Z,2026-09-01T12:00:00Z,not_comparable
KXHOUSERACE-MS03-26-R,KXHOUSERACE,KXHOUSERACE-MS03-26,Will Republican win the House race for MS-03?,Michael Guest,,active,US_2026_general_election,14,stale_observation,usable,,0.962,,2026-09-06T22:00:00Z,2026-08-25T04:00:00Z,not_comparable
KXHOUSERACE-MS03-26-R,KXHOUSERACE,KXHOUSERACE-MS03-26,Will Republican win the House race for MS-03?,Michael Guest,,active,US_2026_general_election,28,stale_observation,usable,,0.972,,2026-09-06T22:00:00Z,2026-08-11T15:00:00Z,not_comparable
KXHOUSERACE-MS03-26-D,KXHOUSERACE,KXHOUSERACE-MS03-26,Will Democratic win the House race for MS-03?,Michael Chiaradio,,active,US_2026_general_election,7,usable,usable,0.0305,0.0305,0.0,2026-09-08T15:00:00Z,2026-09-01T12:00:00Z,same_contract_descriptive
KXHOUSERACE-MS03-26-D,KXHOUSERACE,KXHOUSERACE-MS03-26,Will Democratic win the House race for MS-03?,Michael Chiaradio,,active,US_2026_general_election,14,usable,usable,0.0305,0.0305,0.0,2026-09-08T15:00:00Z,2026-08-24T17:00:00Z,same_contract_descriptive
KXHOUSERACE-MS03-26-D,KXHOUSERACE,KXHOUSERACE-MS03-26,Will Democratic win the House race for MS-03?,Michael Chiaradio,,active,US_2026_general_election,28,usable,usable,0.0305,0.025,0.5499999999999998,2026-09-08T15:00:00Z,2026-08-11T15:00:00Z,same_contract_descriptive
KXHOUSERACE-MS02-26-R,KXHOUSERACE,KXHOUSERACE-MS02-26,Will Republican win the House race for MS-02?,Ron Eller,,active,US_2026_general_election,7,usable,usable,0.0615,0.057999999999999996,0.3500000000000003,2026-09-08T15:00:00Z,2026-09-01T13:00:00Z,same_contract_descriptive
KXHOUSERACE-MS02-26-R,KXHOUSERACE,KXHOUSERACE-MS02-26,Will Republican win the House race for MS-02?,Ron Eller,,active,US_2026_general_election,14,usable,usable,0.0615,0.061,0.050000000000000044,2026-09-08T15:00:00Z,2026-08-25T11:00:00Z,same_contract_descriptive
KXHOUSERACE-MS02-26-R,KXHOUSERACE,KXHOUSERACE-MS02-26,Will Republican win the House race for MS-02?,Ron Eller,,active,US_2026_general_election,28,usable,usable,0.0615,0.0695,-0.8000000000000007,2026-09-08T15:00:00Z,2026-08-11T15:00:00Z,same_contract_descriptive
KXHOUSERACE-MS02-26-D,KXHOUSERACE,KXHOUSERACE-MS02-26,Will Democratic win the House race for MS-02?,Bennie Thompson,,active,US_2026_general_election,7,usable,usable,0.9495,0.9259999999999999,2.3500000000000076,2026-09-08T14:00:00Z,2026-09-01T12:00:00Z,same_contract_descriptive
KXHOUSERACE-MS02-26-D,KXHOUSERACE,KXHOUSERACE-MS02-26,Will Democratic win the House race for MS-02?,Bennie Thompson,,active,US_2026_general_election,14,usable,usable,0.9495,0.9255,2.400000000000002,2026-09-08T14:00:00Z,2026-08-25T14:00:00Z,same_contract_descriptive
KXHOUSERACE-MS02-26-D,KXHOUSERACE,KXHOUSERACE-MS02-26,Will Democratic win the House race for MS-02?,Bennie Thompson,,active,US_2026_general_election,28,usable,usable,0.9495,0.937,1.2499999999999956,2026-09-08T14:00:00Z,2026-08-11T15:00:00Z,same_contract_descriptive
KXHOUSERACE-MS01-26-R,KXHOUSERACE,KXHOUSERACE-MS01-26,Will Republican win the House race for MS-01?,Trent Kelly,,active,US_2026_general_election,7,usable,usable,0.9515,0.95,0.15000000000000568,2026-09-08T14:00:00Z,2026-09-01T12:00:00Z,same_contract_descriptive
KXHOUSERACE-MS01-26-R,KXHOUSERACE,KXHOUSERACE-MS01-26,Will Republican win the House race for MS-01?,Trent Kelly,,active,US_2026_general_election,14,usable,usable,0.9515,0.9490000000000001,0.24999999999999467,2026-09-08T14:00:00Z,2026-08-25T12:00:00Z,same_contract_descriptive
KXHOUSERACE-MS01-26-R,KXHOUSERACE,KXHOUSERACE-MS01-26,Will Republican win the House race for MS-01?,Trent Kelly,,active,US_2026_general_election,28,usable,usable,0.9515,0.9524999999999999,-0.09999999999998899,2026-09-08T14:00:00Z,2026-08-11T15:00:00Z,same_contract_descriptive
KXHOUSERACE-MS01-26-D,KXHOUSERACE,KXHOUSERACE-MS01-26,Will Democratic win the House race for MS-01?,Cliff Johnson,,active,US_2026_general_election,7,usable,usable,0.039,0.0475,-0.8500000000000001,2026-09-08T15:00:00Z,2026-09-01T13:00:00Z,same_contract_descriptive
KXHOUSERACE-MS01-26-D,KXHOUSERACE,KXHOUSERACE-MS01-26,Will Democratic win the House race for MS-01?,Cliff Johnson,,active,US_2026_general_election,14,usable,usable,0.039,0.041499999999999995,-0.24999999999999953,2026-09-08T15:00:00Z,2026-08-25T07:00:00Z,same_contract_descriptive
KXHOUSERACE-MS01-26-D,KXHOUSERACE,KXHOUSERACE-MS01-26,Will Democratic win the House race for MS-01?,Cliff Johnson,,active,US_2026_general_election,28,usable,usable,0.039,0.042,-0.30000000000000027,2026-09-08T15:00:00Z,2026-08-11T15:00:00Z,same_contract_descriptive
KXHOUSERACE-MO08-26-R,KXHOUSERACE,KXHOUSERACE-MO08-26,Will Republican win the House race for MO-08?,Republican party,,active,US_2026_general_election,7,stale_observation,usable,,0.972,,2026-09-04T20:00:00Z,2026-08-31T23:00:00Z,not_comparable
KXHOUSERACE-MO08-26-R,KXHOUSERACE,KXHOUSERACE-MO08-26,Will Republican win the House race for MO-08?,Republican party,,active,US_2026_general_election,14,stale_observation,usable,,0.9675,,2026-09-04T20:00:00Z,2026-08-24T17:00:00Z,not_comparable
KXHOUSERACE-MO08-26-R,KXHOUSERACE,KXHOUSERACE-MO08-26,Will Republican win the House race for MO-08?,Republican party,,active,US_2026_general_election,28,stale_observation,usable,,0.9775,,2026-09-04T20:00:00Z,2026-08-11T15:00:00Z,not_comparable
KXHOUSERACE-MO08-26-D,KXHOUSERACE,KXHOUSERACE-MO08-26,Will Democratic win the House race for MO-08?,Democratic party,,active,US_2026_general_election,7,stale_observation,usable,,0.0325,,2026-09-04T20:00:00Z,2026-08-31T23:00:00Z,not_comparable
KXHOUSERACE-MO08-26-D,KXHOUSERACE,KXHOUSERACE-MO08-26,Will Democratic win the House race for MO-08?,Democratic party,,active,US_2026_general_election,14,stale_observation,usable,,0.0325,,2026-09-04T20:00:00Z,2026-08-24T17:00:00Z,not_comparable
KXHOUSERACE-MO08-26-D,KXHOUSERACE,KXHOUSERACE-MO08-26,Will Democratic win the House race for MO-08?,Democratic party,,active,US_2026_general_election,28,stale_observation,usable,,0.022500000000000003,,2026-09-04T20:00:00Z,2026-08-11T15:00:00Z,not_comparable
KXHOUSERACE-MO06-26-R,KXHOUSERACE,KXHOUSERACE-MO06-26,Will Republican win the House race for MO-06?,Republican party,,active,US_2026_general_election,7,usable,usable,0.9325,0.964,-3.1499999999999972,2026-09-08T14:00:00Z,2026-09-01T15:00:00Z,same_contract_descriptive
KXHOUSERACE-MO06-26-R,KXHOUSERACE,KXHOUSERACE-MO06-26,Will Republican win the House race for MO-06?,Republican party,,active,US_2026_general_election,14,usable,usable,0.9325,0.9505,-1.8000000000000016,2026-09-08T14:00:00Z,2026-08-25T11:00:00Z,same_contract_descriptive
KXHOUSERACE-MO06-26-R,KXHOUSERACE,KXHOUSERACE-MO06-26,Will Republican win the House race for MO-06?,Republican party,,active,US_2026_general_election,28,usable,usable,0.9325,0.958,-2.5499999999999967,2026-09-08T14:00:00Z,2026-08-11T15:00:00Z,same_contract_descriptive
KXHOUSERACE-MO06-26-D,KXHOUSERACE,KXHOUSERACE-MO06-26,Will Democratic win the House race for MO-06?,Democratic party,,active,US_2026_general_election,7,usable,usable,0.0615,0.029,3.25,2026-09-08T15:00:00Z,2026-09-01T14:00:00Z,same_contract_descriptive
KXHOUSERACE-MO06-26-D,KXHOUSERACE,KXHOUSERACE-MO06-26,Will Democratic win the House race for MO-06?,Democratic party,,active,US_2026_general_election,14,usable,usable,0.0615,0.0435,1.8000000000000003,2026-09-08T15:00:00Z,2026-08-24T17:00:00Z,same_contract_descriptive
KXHOUSERACE-MO06-26-D,KXHOUSERACE,KXHOUSERACE-MO06-26,Will Democratic win the House race for MO-06?,Democratic party,,active,US_2026_general_election,28,usable,usable,0.0615,0.042,1.9499999999999997,2026-09-08T15:00:00Z,2026-08-11T15:00:00Z,same_contract_descriptive
KXHOUSERACE-MO07-26-R,KXHOUSERACE,KXHOUSERACE-MO07-26,Will Republican win the House race for MO-07?,Republican party,,active,US_2026_general_election,7,usable,usable,0.9590000000000001,0.9635,-0.44999999999999485,2026-09-08T15:00:00Z,2026-09-01T00:00:00Z,same_contract_descriptive
KXHOUSERACE-MO07-26-R,KXHOUSERACE,KXHOUSERACE-MO07-26,Will Republican win the House race for MO-07?,Republican party,,active,US_2026_general_election,14,usable,usable,0.9590000000000001,0.964,-0.49999999999998934,2026-09-08T15:00:00Z,2026-08-24T17:00:00Z,same_contract_descriptive
KXHOUSERACE-MO07-26-R,KXHOUSERACE,KXHOUSERACE-MO07-26,Will Republican win the House race for MO-07?,Republican party,,active,US_2026_general_election,28,usable,usable,0.9590000000000001,0.973,-1.3999999999999901,2026-09-08T15:00:00Z,2026-08-11T15:00:00Z,same_contract_descriptive
KXHOUSERACE-MO07-26-D,KXHOUSERACE,KXHOUSERACE-MO07-26,Will Democratic win the House race for MO-07?,Democratic party,,active,US_2026_general_election,7,usable,stale_observation,0.034999999999999996,,,2026-09-08T15:00:00Z,2026-08-20T08:00:00Z,not_comparable
KXHOUSERACE-MO07-26-D,KXHOUSERACE,KXHOUSERACE-MO07-26,Will Democratic win the House race for MO-07?,Democratic party,,active,US_2026_general_election,14,usable,stale_observation,0.034999999999999996,,,2026-09-08T15:00:00Z,2026-08-20T08:00:00Z,not_comparable
KXHOUSERACE-MO07-26-D,KXHOUSERACE,KXHOUSERACE-MO07-26,Will Democratic win the House race for MO-07?,Democratic party,,active,US_2026_general_election,28,usable,usable,0.034999999999999996,0.027000000000000003,0.7999999999999994,2026-09-08T15:00:00Z,2026-08-11T15:00:00Z,same_contract_descriptive
KXHOUSERACE-MO04-26-R,KXHOUSERACE,KXHOUSERACE-MO04-26,Will Republican win the House race for MO-04?,Republican party,,active,US_2026_general_election,7,usable,usable,0.9450000000000001,0.9265,1.8500000000000072,2026-09-08T15:00:00Z,2026-09-01T15:00:00Z,same_contract_descriptive
KXHOUSERACE-MO04-26-R,KXHOUSERACE,KXHOUSERACE-MO04-26,Will Republican win the House race for MO-04?,Republican party,,active,US_2026_general_election,14,usable,usable,0.9450000000000001,0.9295,1.550000000000007,2026-09-08T15:00:00Z,2026-08-25T14:00:00Z,same_contract_descriptive
KXHOUSERACE-MO04-26-R,KXHOUSERACE,KXHOUSERACE-MO04-26,Will Republican win the House race for MO-04?,Republican party,,active,US_2026_general_election,28,usable,usable,0.9450000000000001,0.918,2.7000000000000024,2026-09-08T15:00:00Z,2026-08-11T15:00:00Z,same_contract_descriptive
KXHOUSERACE-MO04-26-D,KXHOUSERACE,KXHOUSERACE-MO04-26,Will Democratic win the House race for MO-04?,Democratic party,,active,US_2026_general_election,7,usable,usable,0.0515,0.07400000000000001,-2.2500000000000013,2026-09-08T15:00:00Z,2026-09-01T15:00:00Z,same_contract_descriptive
KXHOUSERACE-MO04-26-D,KXHOUSERACE,KXHOUSERACE-MO04-26,Will Democratic win the House race for MO-04?,Democratic party,,active,US_2026_general_election,14,usable,usable,0.0515,0.07100000000000001,-1.950000000000001,2026-09-08T15:00:00Z,2026-08-25T13:00:00Z,same_contract_descriptive
KXHOUSERACE-MO04-26-D,KXHOUSERACE,KXHOUSERACE-MO04-26,Will Democratic win the House race for MO-04?,Democratic party,,active,US_2026_general_election,28,usable,usable,0.0515,0.0815,-3.0000000000000004,2026-09-08T15:00:00Z,2026-08-11T15:00:00Z,same_contract_descriptive
KXHOUSERACE-MO03-26-R,KXHOUSERACE,KXHOUSERACE-MO03-26,Will Republican win the House race for MO-03?,Republican party,,active,US_2026_general_election,7,usable,usable,0.94,0.9345,0.5499999999999949,2026-09-08T15:00:00Z,2026-09-01T15:00:00Z,same_contract_descriptive
KXHOUSERACE-MO03-26-R,KXHOUSERACE,KXHOUSERACE-MO03-26,Will Republican win the House race for MO-03?,Republican party,,active,US_2026_general_election,14,usable,usable,0.94,0.9359999999999999,0.40000000000000036,2026-09-08T15:00:00Z,2026-08-25T13:00:00Z,same_contract_descriptive
KXHOUSERACE-MO03-26-R,KXHOUSERACE,KXHOUSERACE-MO03-26,Will Republican win the House race for MO-03?,Republican party,,active,US_2026_general_election,28,usable,usable,0.94,0.935,0.49999999999998934,2026-09-08T15:00:00Z,2026-08-11T15:00:00Z,same_contract_descriptive
KXHOUSERACE-MO03-26-D,KXHOUSERACE,KXHOUSERACE-MO03-26,Will Democratic win the House race for MO-03?,Democratic party,,active,US_2026_general_election,7,usable,usable,0.065,0.0655,-0.050000000000000044,2026-09-08T15:00:00Z,2026-09-01T15:00:00Z,same_contract_descriptive
KXHOUSERACE-MO03-26-D,KXHOUSERACE,KXHOUSERACE-MO03-26,Will Democratic win the House race for MO-03?,Democratic party,,active,US_2026_general_election,14,usable,usable,0.065,0.064,0.10000000000000009,2026-09-08T15:00:00Z,2026-08-25T13:00:00Z,same_contract_descriptive
KXHOUSERACE-MO03-26-D,KXHOUSERACE,KXHOUSERACE-MO03-26,Will Democratic win the House race for MO-03?,Democratic party,,active,US_2026_general_election,28,usable,usable,0.065,0.065,0.0,2026-09-08T15:00:00Z,2026-08-11T15:00:00Z,same_contract_descriptive
KXHOUSERACE-MO02-26-R,KXHOUSERACE,KXHOUSERACE-MO02-26,Will Republican win the House race for MO-02?,Republican party,,active,US_2026_general_election,7,usable,usable,0.6950000000000001,0.765,-6.999999999999995,2026-09-08T15:00:00Z,2026-09-01T15:00:00Z,same_contract_descriptive
KXHOUSERACE-MO02-26-R,KXHOUSERACE,KXHOUSERACE-MO02-26,Will Republican win the House race for MO-02?,Republican party,,active,US_2026_general_election,14,usable,usable,0.6950000000000001,0.77,-7.499999999999996,2026-09-08T15:00:00Z,2026-08-25T14:00:00Z,same_contract_descriptive
KXHOUSERACE-MO02-26-R,KXHOUSERACE,KXHOUSERACE-MO02-26,Will Republican win the House race for MO-02?,Republican party,,active,US_2026_general_election,28,usable,usable,0.6950000000000001,0.815,-11.99999999999999,2026-09-08T15:00:00Z,2026-08-11T15:00:00Z,same_contract_descriptive
KXHOUSERACE-MO02-26-D,KXHOUSERACE,KXHOUSERACE-MO02-26,Will Democratic win the House race for MO-02?,Democratic party,,active,US_2026_general_election,7,usable,usable,0.31,0.23,7.999999999999999,2026-09-08T13:00:00Z,2026-09-01T15:00:00Z,same_contract_descriptive
KXHOUSERACE-MO02-26-D,KXHOUSERACE,KXHOUSERACE-MO02-26,Will Democratic win the House race for MO-02?,Democratic party,,active,US_2026_general_election,14,usable,usable,0.31,0.235,7.500000000000001,2026-09-08T13:00:00Z,2026-08-25T15:00:00Z,same_contract_descriptive
KXHOUSERACE-MO02-26-D,KXHOUSERACE,KXHOUSERACE-MO02-26,Will Democratic win the House race for MO-02?,Democratic party,,active,US_2026_general_election,28,usable,usable,0.31,0.195,11.5,2026-09-08T13:00:00Z,2026-08-11T15:00:00Z,same_contract_descriptive
KXHOUSERACE-MO01-26-R,KXHOUSERACE,KXHOUSERACE-MO01-26,Will Republican win the House race for MO-01?,Republican party,,active,US_2026_general_election,7,usable,usable,0.037,0.0375,-0.050000000000000044,2026-09-08T15:00:00Z,2026-09-01T14:00:00Z,same_contract_descriptive
KXHOUSERACE-MO01-26-R,KXHOUSERACE,KXHOUSERACE-MO01-26,Will Republican win the House race for MO-01?,Republican party,,active,US_2026_general_election,14,usable,usable,0.037,0.037,0.0,2026-09-08T15:00:00Z,2026-08-24T17:00:00Z,same_contract_descriptive
KXHOUSERACE-MO01-26-R,KXHOUSERACE,KXHOUSERACE-MO01-26,Will Republican win the House race for MO-01?,Republican party,,active,US_2026_general_election,28,usable,usable,0.037,0.038,-0.10000000000000009,2026-09-08T15:00:00Z,2026-08-11T15:00:00Z,same_contract_descriptive
KXHOUSERACE-MO01-26-D,KXHOUSERACE,KXHOUSERACE-MO01-26,Will Democratic win the House race for MO-01?,Democratic party,,active,US_2026_general_election,7,usable,usable,0.9595,0.9595,0.0,2026-09-08T15:00:00Z,2026-09-01T14:00:00Z,same_contract_descriptive
KXHOUSERACE-MO01-26-D,KXHOUSERACE,KXHOUSERACE-MO01-26,Will Democratic win the House race for MO-01?,Democratic party,,active,US_2026_general_election,14,usable,usable,0.9595,0.9595,0.0,2026-09-08T15:00:00Z,2026-08-24T17:00:00Z,same_contract_descriptive
KXHOUSERACE-MO01-26-D,KXHOUSERACE,KXHOUSERACE-MO01-26,Will Democratic win the House race for MO-01?,Democratic party,,active,US_2026_general_election,28,usable,usable,0.9595,0.969,-0.9499999999999953,2026-09-08T15:00:00Z,2026-08-11T15:00:00Z,same_contract_descriptive
KXHOUSERACE-MN08-26-R,KXHOUSERACE,KXHOUSERACE-MN08-26,Will Republican win the House race for MN-08?,Pete Stauber,,active,US_2026_general_election,7,usable,usable,0.855,0.85,0.5000000000000004,2026-09-08T15:00:00Z,2026-09-01T12:00:00Z,same_contract_descriptive
KXHOUSERACE-MN08-26-R,KXHOUSERACE,KXHOUSERACE-MN08-26,Will Republican win the House race for MN-08?,Pete Stauber,,active,US_2026_general_election,14,usable,usable,0.855,0.865,-1.0000000000000009,2026-09-08T15:00:00Z,2026-08-24T17:00:00Z,same_contract_descriptive
KXHOUSERACE-MN08-26-R,KXHOUSERACE,KXHOUSERACE-MN08-26,Will Republican win the House race for MN-08?,Pete Stauber,,active,US_2026_general_election,28,usable,usable,0.855,0.875,-2.0000000000000018,2026-09-08T15:00:00Z,2026-08-11T15:00:00Z,same_contract_descriptive
KXHOUSERACE-MN08-26-D,KXHOUSERACE,KXHOUSERACE-MN08-26,Will Democratic win the House race for MN-08?,Trina Swanson,,active,US_2026_general_election,7,usable,usable,0.14,0.14,0.0,2026-09-08T15:00:00Z,2026-08-31T23:00:00Z,same_contract_descriptive
KXHOUSERACE-MN08-26-D,KXHOUSERACE,KXHOUSERACE-MN08-26,Will Democratic win the House race for MN-08?,Trina Swanson,,active,US_2026_general_election,14,usable,usable,0.14,0.14500000000000002,-0.5000000000000004,2026-09-08T15:00:00Z,2026-08-25T15:00:00Z,same_contract_descriptive
KXHOUSERACE-MN08-26-D,KXHOUSERACE,KXHOUSERACE-MN08-26,Will Democratic win the House race for MN-08?,Trina Swanson,,active,US_2026_general_election,28,usable,usable,0.14,0.125,1.5000000000000013,2026-09-08T15:00:00Z,2026-08-11T15:00:00Z,same_contract_descriptive
KXHOUSERACE-MN07-26-R,KXHOUSERACE,KXHOUSERACE-MN07-26,Will Republican win the House race for MN-07?,Michelle Fischbach,,active,US_2026_general_election,7,usable,usable,0.9545,0.9570000000000001,-0.2500000000000058,2026-09-08T14:00:00Z,2026-09-01T12:00:00Z,same_contract_descriptive
KXHOUSERACE-MN07-26-R,KXHOUSERACE,KXHOUSERACE-MN07-26,Will Republican win the House race for MN-07?,Michelle Fischbach,,active,US_2026_general_election,14,usable,usable,0.9545,0.954,0.050000000000005596,2026-09-08T14:00:00Z,2026-08-24T17:00:00Z,same_contract_descriptive
KXHOUSERACE-MN07-26-R,KXHOUSERACE,KXHOUSERACE-MN07-26,Will Republican win the House race for MN-07?,Michelle Fischbach,,active,US_2026_general_election,28,usable,usable,0.9545,0.9624999999999999,-0.7999999999999896,2026-09-08T14:00:00Z,2026-08-11T15:00:00Z,same_contract_descriptive
KXHOUSERACE-MN07-26-D,KXHOUSERACE,KXHOUSERACE-MN07-26,Will Democratic win the House race for MN-07?,Erik Osberg,,active,US_2026_general_election,7,usable,usable,0.0425,0.0405,0.20000000000000018,2026-09-08T15:00:00Z,2026-09-01T12:00:00Z,same_contract_descriptive
KXHOUSERACE-MN07-26-D,KXHOUSERACE,KXHOUSERACE-MN07-26,Will Democratic win the House race for MN-07?,Erik Osberg,,active,US_2026_general_election,14,usable,usable,0.0425,0.042499999999999996,6.938893903907228e-16,2026-09-08T15:00:00Z,2026-08-25T14:00:00Z,same_contract_descriptive
KXHOUSERACE-MN07-26-D,KXHOUSERACE,KXHOUSERACE-MN07-26,Will Democratic win the House race for MN-07?,Erik Osberg,,active,US_2026_general_election,28,usable,usable,0.0425,0.0305,1.2000000000000004,2026-09-08T15:00:00Z,2026-08-11T15:00:00Z,same_contract_descriptive
KXHOUSERACE-MN06-26-R,KXHOUSERACE,KXHOUSERACE-MN06-26,Will Republican win the House race for MN-06?,Tom Emmer,,active,US_2026_general_election,7,usable,usable,0.919,0.9295,-1.0499999999999954,2026-09-08T14:00:00Z,2026-09-01T12:00:00Z,same_contract_descriptive
KXHOUSERACE-MN06-26-R,KXHOUSERACE,KXHOUSERACE-MN06-26,Will Republican win the House race for MN-06?,Tom Emmer,,active,US_2026_general_election,14,usable,usable,0.919,0.91,0.9000000000000008,2026-09-08T14:00:00Z,2026-08-25T13:00:00Z,same_contract_descriptive
KXHOUSERACE-MN06-26-R,KXHOUSERACE,KXHOUSERACE-MN06-26,Will Republican win the House race for MN-06?,Tom Emmer,,active,US_2026_general_election,28,usable,usable,0.919,0.913,0.6000000000000005,2026-09-08T14:00:00Z,2026-08-11T15:00:00Z,same_contract_descriptive
KXHOUSERACE-MN06-26-D,KXHOUSERACE,KXHOUSERACE-MN06-26,Will Democratic win the House race for MN-06?,Doug Chapin,,active,US_2026_general_election,7,usable,usable,0.065,0.0625,0.2500000000000002,2026-09-08T14:00:00Z,2026-09-01T14:00:00Z,same_contract_descriptive
KXHOUSERACE-MN06-26-D,KXHOUSERACE,KXHOUSERACE-MN06-26,Will Democratic win the House race for MN-06?,Doug Chapin,,active,US_2026_general_election,14,usable,usable,0.065,0.0785,-1.3499999999999999,2026-09-08T14:00:00Z,2026-08-25T14:00:00Z,same_contract_descriptive
KXHOUSERACE-MN06-26-D,KXHOUSERACE,KXHOUSERACE-MN06-26,Will Democratic win the House race for MN-06?,Doug Chapin,,active,US_2026_general_election,28,usable,usable,0.065,0.067,-0.20000000000000018,2026-09-08T14:00:00Z,2026-08-11T15:00:00Z,same_contract_descriptive
KXHOUSERACE-MN04-26-R,KXHOUSERACE,KXHOUSERACE-MN04-26,Will Republican win the House race for MN-04?,Paul Wikstrom,,active,US_2026_general_election,7,usable,usable,0.041,0.036500000000000005,0.44999999999999973,2026-09-08T09:00:00Z,2026-09-01T14:00:00Z,same_contract_descriptive
KXHOUSERACE-MN04-26-R,KXHOUSERACE,KXHOUSERACE-MN04-26,Will Republican win the House race for MN-04?,Paul Wikstrom,,active,US_2026_general_election,14,usable,usable,0.041,0.064,-2.3,2026-09-08T09:00:00Z,2026-08-25T11:00:00Z,same_contract_descriptive
KXHOUSERACE-MN04-26-R,KXHOUSERACE,KXHOUSERACE-MN04-26,Will Republican win the House race for MN-04?,Paul Wikstrom,,active,US_2026_general_election,28,usable,usable,0.041,0.064,-2.3,2026-09-08T09:00:00Z,2026-08-11T15:00:00Z,same_contract_descriptive
KXHOUSERACE-MN04-26-D,KXHOUSERACE,KXHOUSERACE-MN04-26,Will Democratic win the House race for MN-04?,Betty McCollum,,active,US_2026_general_election,7,usable,usable,0.952,0.946,0.6000000000000005,2026-09-08T14:00:00Z,2026-09-01T12:00:00Z,same_contract_descriptive
KXHOUSERACE-MN04-26-D,KXHOUSERACE,KXHOUSERACE-MN04-26,Will Democratic win the House race for MN-04?,Betty McCollum,,active,US_2026_general_election,14,usable,usable,0.952,0.9285,2.3499999999999965,2026-09-08T14:00:00Z,2026-08-25T12:00:00Z,same_contract_descriptive
KXHOUSERACE-MN04-26-D,KXHOUSERACE,KXHOUSERACE-MN04-26,Will Democratic win the House race for MN-04?,Betty McCollum,,active,US_2026_general_election,28,usable,usable,0.952,0.931,2.0999999999999908,2026-09-08T14:00:00Z,2026-08-11T15:00:00Z,same_contract_descriptive
KXHOUSERACE-MN05-26-R,KXHOUSERACE,KXHOUSERACE-MN05-26,Will Republican win the House race for MN-05?,John Nagel,,active,US_2026_general_election,7,usable,usable,0.031,0.040999999999999995,-0.9999999999999996,2026-09-08T15:00:00Z,2026-09-01T13:00:00Z,same_contract_descriptive
KXHOUSERACE-MN05-26-R,KXHOUSERACE,KXHOUSERACE-MN05-26,Will Republican win the House race for MN-05?,John Nagel,,active,US_2026_general_election,14,usable,usable,0.031,0.043500000000000004,-1.2500000000000004,2026-09-08T15:00:00Z,2026-08-25T11:00:00Z,same_contract_descriptive
KXHOUSERACE-MN05-26-R,KXHOUSERACE,KXHOUSERACE-MN05-26,Will Republican win the House race for MN-05?,John Nagel,,active,US_2026_general_election,28,usable,usable,0.031,0.033,-0.20000000000000018,2026-09-08T15:00:00Z,2026-08-11T15:00:00Z,same_contract_descriptive
KXHOUSERACE-MN05-26-D,KXHOUSERACE,KXHOUSERACE-MN05-26,Will Democratic win the House race for MN-05?,Ilhan Omar,,active,US_2026_general_election,7,usable,usable,0.976,0.9585,1.749999999999996,2026-09-08T09:00:00Z,2026-09-01T15:00:00Z,same_contract_descriptive
KXHOUSERACE-MN05-26-D,KXHOUSERACE,KXHOUSERACE-MN05-26,Will Democratic win the House race for MN-05?,Ilhan Omar,,active,US_2026_general_election,14,usable,usable,0.976,0.9615,1.4499999999999957,2026-09-08T09:00:00Z,2026-08-25T12:00:00Z,same_contract_descriptive
KXHOUSERACE-MN05-26-D,KXHOUSERACE,KXHOUSERACE-MN05-26,Will Democratic win the House race for MN-05?,Ilhan Omar,,active,US_2026_general_election,28,usable,usable,0.976,0.963,1.3000000000000012,2026-09-08T09:00:00Z,2026-08-11T15:00:00Z,same_contract_descriptive
KXHOUSERACE-MN03-26-R,KXHOUSERACE,KXHOUSERACE-MN03-26,Will Republican win the House race for MN-03?,Tyler Bass,,active,US_2026_general_election,7,usable,usable,0.034999999999999996,0.0305,0.44999999999999973,2026-09-08T15:00:00Z,2026-08-31T23:00:00Z,same_contract_descriptive
KXHOUSERACE-MN03-26-R,KXHOUSERACE,KXHOUSERACE-MN03-26,Will Republican win the House race for MN-03?,Tyler Bass,,active,US_2026_general_election,14,usable,usable,0.034999999999999996,0.0305,0.44999999999999973,2026-09-08T15:00:00Z,2026-08-24T17:00:00Z,same_contract_descriptive
KXHOUSERACE-MN03-26-R,KXHOUSERACE,KXHOUSERACE-MN03-26,Will Republican win the House race for MN-03?,Tyler Bass,,active,US_2026_general_election,28,usable,usable,0.034999999999999996,0.025,0.9999999999999996,2026-09-08T15:00:00Z,2026-08-11T15:00:00Z,same_contract_descriptive
KXHOUSERACE-MN03-26-D,KXHOUSERACE,KXHOUSERACE-MN03-26,Will Democratic win the House race for MN-03?,Kelly Morrison,,active,US_2026_general_election,7,usable,usable,0.9655,0.97,-0.44999999999999485,2026-09-08T15:00:00Z,2026-08-31T23:00:00Z,same_contract_descriptive
KXHOUSERACE-MN03-26-D,KXHOUSERACE,KXHOUSERACE-MN03-26,Will Democratic win the House race for MN-03?,Kelly Morrison,,active,US_2026_general_election,14,usable,usable,0.9655,0.9655,0.0,2026-09-08T15:00:00Z,2026-08-24T16:00:00Z,same_contract_descriptive
KXHOUSERACE-MN03-26-D,KXHOUSERACE,KXHOUSERACE-MN03-26,Will Democratic win the House race for MN-03?,Kelly Morrison,,active,US_2026_general_election,28,usable,usable,0.9655,0.9755,-1.0000000000000009,2026-09-08T15:00:00Z,2026-08-11T15:00:00Z,same_contract_descriptive
KXHOUSERACE-MN01-26-R,KXHOUSERACE,KXHOUSERACE-MN01-26,Will Republican win the House race for MN-01?,Brad Finstad,,active,US_2026_general_election,7,usable,usable,0.715,0.705,1.0000000000000009,2026-09-08T15:00:00Z,2026-09-01T15:00:00Z,same_contract_descriptive
KXHOUSERACE-MN01-26-R,KXHOUSERACE,KXHOUSERACE-MN01-26,Will Republican win the House race for MN-01?,Brad Finstad,,active,US_2026_general_election,14,usable,usable,0.715,0.725,-1.0000000000000009,2026-09-08T15:00:00Z,2026-08-25T14:00:00Z,same_contract_descriptive
KXHOUSERACE-MN01-26-R,KXHOUSERACE,KXHOUSERACE-MN01-26,Will Republican win the House race for MN-01?,Brad Finstad,,active,US_2026_general_election,28,usable,usable,0.715,0.81,-9.500000000000009,2026-09-08T15:00:00Z,2026-08-11T15:00:00Z,same_contract_descriptive
KXHOUSERACE-MN01-26-D,KXHOUSERACE,KXHOUSERACE-MN01-26,Will Democratic win the House race for MN-01?,Jake Johnson,,active,US_2026_general_election,7,usable,usable,0.29000000000000004,0.28500000000000003,0.5000000000000004,2026-09-08T15:00:00Z,2026-09-01T15:00:00Z,same_contract_descriptive
KXHOUSERACE-MN01-26-D,KXHOUSERACE,KXHOUSERACE-MN01-26,Will Democratic win the House race for MN-01?,Jake Johnson,,active,US_2026_general_election,14,usable,usable,0.29000000000000004,0.29000000000000004,0.0,2026-09-08T15:00:00Z,2026-08-25T15:00:00Z,same_contract_descriptive
KXHOUSERACE-MN01-26-D,KXHOUSERACE,KXHOUSERACE-MN01-26,Will Democratic win the House race for MN-01?,Jake Johnson,,active,US_2026_general_election,28,usable,usable,0.29000000000000004,0.19,10.000000000000004,2026-09-08T15:00:00Z,2026-08-11T15:00:00Z,same_contract_descriptive
KXHOUSERACE-MI13-26-R,KXHOUSERACE,KXHOUSERACE-MI13-26,Will Republican win the House race for MI-13?,T.P. Nykoriak,,active,US_2026_general_election,7,usable,stale_observation,0.021500000000000002,,,2026-09-08T14:00:00Z,2026-08-25T02:00:00Z,not_comparable
KXHOUSERACE-MI13-26-R,KXHOUSERACE,KXHOUSERACE-MI13-26,Will Republican win the House race for MI-13?,T.P. Nykoriak,,active,US_2026_general_election,14,usable,usable,0.021500000000000002,0.0275,-0.5999999999999999,2026-09-08T14:00:00Z,2026-08-25T02:00:00Z,same_contract_descriptive
KXHOUSERACE-MI13-26-R,KXHOUSERACE,KXHOUSERACE-MI13-26,Will Republican win the House race for MI-13?,T.P. Nykoriak,,active,US_2026_general_election,28,usable,usable,0.021500000000000002,0.022,-0.0499999999999997,2026-09-08T14:00:00Z,2026-08-11T15:00:00Z,same_contract_descriptive
KXHOUSERACE-MI13-26-D,KXHOUSERACE,KXHOUSERACE-MI13-26,Will Democratic win the House race for MI-13?,Donavan McKinney,,active,US_2026_general_election,7,stale_observation,stale_observation,,,,2026-09-05T23:00:00Z,2026-08-27T08:00:00Z,not_comparable
KXHOUSERACE-MI13-26-D,KXHOUSERACE,KXHOUSERACE-MI13-26,Will Democratic win the House race for MI-13?,Donavan McKinney,,active,US_2026_general_election,14,stale_observation,usable,,0.9675,,2026-09-05T23:00:00Z,2026-08-24T17:00:00Z,not_comparable
KXHOUSERACE-MI13-26-D,KXHOUSERACE,KXHOUSERACE-MI13-26,Will Democratic win the House race for MI-13?,Donavan McKinney,,active,US_2026_general_election,28,stale_observation,usable,,0.9764999999999999,,2026-09-05T23:00:00Z,2026-08-11T15:00:00Z,not_comparable
KXHOUSERACE-MI12-26-R,KXHOUSERACE,KXHOUSERACE-MI12-26,Will Republican win the House race for MI-12?,James Hooper,,active,US_2026_general_election,7,usable,usable,0.029,0.029500000000000002,-0.050000000000000044,2026-09-08T14:00:00Z,2026-09-01T12:00:00Z,same_contract_descriptive
KXHOUSERACE-MI12-26-R,KXHOUSERACE,KXHOUSERACE-MI12-26,Will Republican win the House race for MI-12?,James Hooper,,active,US_2026_general_election,14,usable,usable,0.029,0.029500000000000002,-0.050000000000000044,2026-09-08T14:00:00Z,2026-08-24T17:00:00Z,same_contract_descriptive
KXHOUSERACE-MI12-26-R,KXHOUSERACE,KXHOUSERACE-MI12-26,Will Republican win the House race for MI-12?,James Hooper,,active,US_2026_general_election,28,usable,usable,0.029,0.046,-1.6999999999999997,2026-09-08T14:00:00Z,2026-08-11T15:00:00Z,same_contract_descriptive
KXHOUSERACE-MI12-26-D,KXHOUSERACE,KXHOUSERACE-MI12-26,Will Democratic win the House race for MI-12?,Rashida Tlaib,,active,US_2026_general_election,7,stale_observation,stale_observation,,,,2026-09-07T12:00:00Z,2026-08-27T08:00:00Z,not_comparable
KXHOUSERACE-MI12-26-D,KXHOUSERACE,KXHOUSERACE-MI12-26,Will Democratic win the House race for MI-12?,Rashida Tlaib,,active,US_2026_general_election,14,stale_observation,usable,,0.966,,2026-09-07T12:00:00Z,2026-08-24T17:00:00Z,not_comparable
KXHOUSERACE-MI12-26-D,KXHOUSERACE,KXHOUSERACE-MI12-26,Will Democratic win the House race for MI-12?,Rashida Tlaib,,active,US_2026_general_election,28,stale_observation,stale_observation,,,,2026-09-07T12:00:00Z,2026-08-05T03:00:00Z,not_comparable
KXHOUSERACE-MI11-26-R,KXHOUSERACE,KXHOUSERACE-MI11-26,Will Republican win the House race for MI-11?,Ethan Baker,,active,US_2026_general_election,7,usable,usable,0.0495,0.053,-0.34999999999999964,2026-09-08T14:00:00Z,2026-09-01T15:00:00Z,same_contract_descriptive
KXHOUSERACE-MI11-26-R,KXHOUSERACE,KXHOUSERACE-MI11-26,Will Republican win the House race for MI-11?,Ethan Baker,,active,US_2026_general_election,14,usable,usable,0.0495,0.047,0.2500000000000002,2026-09-08T14:00:00Z,2026-08-25T15:00:00Z,same_contract_descriptive
KXHOUSERACE-MI11-26-R,KXHOUSERACE,KXHOUSERACE-MI11-26,Will Republican win the House race for MI-11?,Ethan Baker,,active,US_2026_general_election,28,usable,usable,0.0495,0.037500000000000006,1.1999999999999997,2026-09-08T14:00:00Z,2026-08-11T15:00:00Z,same_contract_descriptive
KXHOUSERACE-MI11-26-D,KXHOUSERACE,KXHOUSERACE-MI11-26,Will Democratic win the House race for MI-11?,Jeremy Moss,,active,US_2026_general_election,7,usable,usable,0.9535,0.9635,-1.0000000000000009,2026-09-08T14:00:00Z,2026-09-01T15:00:00Z,same_contract_descriptive
KXHOUSERACE-MI11-26-D,KXHOUSERACE,KXHOUSERACE-MI11-26,Will Democratic win the House race for MI-11?,Jeremy Moss,,active,US_2026_general_election,14,usable,usable,0.9535,0.9524999999999999,0.10000000000001119,2026-09-08T14:00:00Z,2026-08-24T17:00:00Z,same_contract_descriptive
KXHOUSERACE-MI11-26-D,KXHOUSERACE,KXHOUSERACE-MI11-26,Will Democratic win the House race for MI-11?,Jeremy Moss,,active,US_2026_general_election,28,usable,usable,0.9535,0.9624999999999999,-0.8999999999999897,2026-09-08T14:00:00Z,2026-08-11T15:00:00Z,same_contract_descriptive
KXHOUSERACE-MI09-26-R,KXHOUSERACE,KXHOUSERACE-MI09-26,Will Republican win the House race for MI-09?,Lisa McClain,,active,US_2026_general_election,7,usable,usable,0.958,0.9465,1.1499999999999955,2026-09-08T14:00:00Z,2026-09-01T12:00:00Z,same_contract_descriptive
KXHOUSERACE-MI09-26-R,KXHOUSERACE,KXHOUSERACE-MI09-26,Will Republican win the House race for MI-09?,Lisa McClain,,active,US_2026_general_election,14,usable,usable,0.958,0.9465,1.1499999999999955,2026-09-08T14:00:00Z,2026-08-25T11:00:00Z,same_contract_descriptive
KXHOUSERACE-MI09-26-R,KXHOUSERACE,KXHOUSERACE-MI09-26,Will Republican win the House race for MI-09?,Lisa McClain,,active,US_2026_general_election,28,usable,usable,0.958,0.9584999999999999,-0.04999999999999449,2026-09-08T14:00:00Z,2026-08-11T15:00:00Z,same_contract_descriptive
KXHOUSERACE-MI09-26-D,KXHOUSERACE,KXHOUSERACE-MI09-26,Will Democratic win the House race for MI-09?,Ray Pooley,,active,US_2026_general_election,7,usable,usable,0.0475,0.0415,0.5999999999999999,2026-09-08T15:00:00Z,2026-09-01T12:00:00Z,same_contract_descriptive
KXHOUSERACE-MI09-26-D,KXHOUSERACE,KXHOUSERACE-MI09-26,Will Democratic win the House race for MI-09?,Ray Pooley,,active,US_2026_general_election,14,usable,usable,0.0475,0.041,0.6499999999999999,2026-09-08T15:00:00Z,2026-08-25T13:00:00Z,same_contract_descriptive
KXHOUSERACE-MI09-26-D,KXHOUSERACE,KXHOUSERACE-MI09-26,Will Democratic win the House race for MI-09?,Ray Pooley,,active,US_2026_general_election,28,usable,usable,0.0475,0.041,0.6499999999999999,2026-09-08T15:00:00Z,2026-08-11T15:00:00Z,same_contract_descriptive
KXHOUSERACE-MI06-26-R,KXHOUSERACE,KXHOUSERACE-MI06-26,Will Republican win the House race for MI-06?,Heather Smiley,,active,US_2026_general_election,7,usable,usable,0.0305,0.029500000000000002,0.09999999999999974,2026-09-08T15:00:00Z,2026-09-01T12:00:00Z,same_contract_descriptive
KXHOUSERACE-MI06-26-R,KXHOUSERACE,KXHOUSERACE-MI06-26,Will Republican win the House race for MI-06?,Heather Smiley,,active,US_2026_general_election,14,usable,usable,0.0305,0.032,-0.15000000000000013,2026-09-08T15:00:00Z,2026-08-25T15:00:00Z,same_contract_descriptive
KXHOUSERACE-MI06-26-R,KXHOUSERACE,KXHOUSERACE-MI06-26,Will Republican win the House race for MI-06?,Heather Smiley,,active,US_2026_general_election,28,usable,usable,0.0305,0.027000000000000003,0.34999999999999964,2026-09-08T15:00:00Z,2026-08-11T15:00:00Z,same_contract_descriptive
KXHOUSERACE-MI06-26-D,KXHOUSERACE,KXHOUSERACE-MI06-26,Will Democratic win the House race for MI-06?,Debbie Dingell,,active,US_2026_general_election,7,usable,usable,0.9684999999999999,0.975,-0.6500000000000061,2026-09-08T14:00:00Z,2026-09-01T13:00:00Z,same_contract_descriptive
KXHOUSERACE-MI06-26-D,KXHOUSERACE,KXHOUSERACE-MI06-26,Will Democratic win the House race for MI-06?,Debbie Dingell,,active,US_2026_general_election,14,usable,usable,0.9684999999999999,0.9644999999999999,0.40000000000000036,2026-09-08T14:00:00Z,2026-08-25T07:00:00Z,same_contract_descriptive
KXHOUSERACE-MI06-26-D,KXHOUSERACE,KXHOUSERACE-MI06-26,Will Democratic win the House race for MI-06?,Debbie Dingell,,active,US_2026_general_election,28,usable,usable,0.9684999999999999,0.973,-0.45000000000000595,2026-09-08T14:00:00Z,2026-08-11T15:00:00Z,same_contract_descriptive
KXHOUSERACE-MI02-26-R,KXHOUSERACE,KXHOUSERACE-MI02-26,Will Republican win the House race for MI-02?,John Moolenaar,,active,US_2026_general_election,7,usable,usable,0.958,0.959,-0.10000000000000009,2026-09-08T15:00:00Z,2026-09-01T12:00:00Z,same_contract_descriptive
KXHOUSERACE-MI02-26-R,KXHOUSERACE,KXHOUSERACE-MI02-26,Will Republican win the House race for MI-02?,John Moolenaar,,active,US_2026_general_election,14,usable,usable,0.958,0.958,0.0,2026-09-08T15:00:00Z,2026-08-25T13:00:00Z,same_contract_descriptive
KXHOUSERACE-MI02-26-R,KXHOUSERACE,KXHOUSERACE-MI02-26,Will Republican win the House race for MI-02?,John Moolenaar,,active,US_2026_general_election,28,usable,usable,0.958,0.974,-1.6000000000000014,2026-09-08T15:00:00Z,2026-08-11T15:00:00Z,same_contract_descriptive
KXHOUSERACE-MI02-26-D,KXHOUSERACE,KXHOUSERACE-MI02-26,Will Democratic win the House race for MI-02?,Benjamin Ambrose,,active,US_2026_general_election,7,usable,usable,0.0275,0.0265,0.10000000000000009,2026-09-08T15:00:00Z,2026-08-31T23:00:00Z,same_contract_descriptive
KXHOUSERACE-MI02-26-D,KXHOUSERACE,KXHOUSERACE-MI02-26,Will Democratic win the House race for MI-02?,Benjamin Ambrose,,active,US_2026_general_election,14,usable,usable,0.0275,0.027,0.050000000000000044,2026-09-08T15:00:00Z,2026-08-24T17:00:00Z,same_contract_descriptive
KXHOUSERACE-MI02-26-D,KXHOUSERACE,KXHOUSERACE-MI02-26,Will Democratic win the House race for MI-02?,Benjamin Ambrose,,active,US_2026_general_election,28,usable,usable,0.0275,0.0165,1.0999999999999999,2026-09-08T15:00:00Z,2026-08-11T15:00:00Z,same_contract_descriptive
KXHOUSERACE-MI05-26-R,KXHOUSERACE,KXHOUSERACE-MI05-26,Will Republican win the House race for MI-05?,Tim Walberg,,active,US_2026_general_election,7,usable,usable,0.9744999999999999,0.9285,4.5999999999999925,2026-09-08T15:00:00Z,2026-09-01T15:00:00Z,same_contract_descriptive
KXHOUSERACE-MI05-26-R,KXHOUSERACE,KXHOUSERACE-MI05-26,Will Republican win the House race for MI-05?,Tim Walberg,,active,US_2026_general_election,14,usable,usable,0.9744999999999999,0.9299999999999999,4.449999999999998,2026-09-08T15:00:00Z,2026-08-25T13:00:00Z,same_contract_descriptive
KXHOUSERACE-MI05-26-R,KXHOUSERACE,KXHOUSERACE-MI05-26,Will Republican win the House race for MI-05?,Tim Walberg,,active,US_2026_general_election,28,usable,usable,0.9744999999999999,0.9239999999999999,5.049999999999999,2026-09-08T15:00:00Z,2026-08-11T15:00:00Z,same_contract_descriptive
KXHOUSERACE-MI05-26-D,KXHOUSERACE,KXHOUSERACE-MI05-26,Will Democratic win the House race for MI-05?,Christian Vukasovich,,active,US_2026_general_election,7,usable,usable,0.029,0.07050000000000001,-4.150000000000001,2026-09-08T15:00:00Z,2026-09-01T12:00:00Z,same_contract_descriptive
KXHOUSERACE-MI05-26-D,KXHOUSERACE,KXHOUSERACE-MI05-26,Will Democratic win the House race for MI-05?,Christian Vukasovich,,active,US_2026_general_election,14,usable,usable,0.029,0.07,-4.1000000000000005,2026-09-08T15:00:00Z,2026-08-25T13:00:00Z,same_contract_descriptive
KXHOUSERACE-MI05-26-D,KXHOUSERACE,KXHOUSERACE-MI05-26,Will Democratic win the House race for MI-05?,Christian Vukasovich,,active,US_2026_general_election,28,usable,usable,0.029,0.076,-4.7,2026-09-08T15:00:00Z,2026-08-11T15:00:00Z,same_contract_descriptive
KXHOUSERACE-MI01-26-R,KXHOUSERACE,KXHOUSERACE-MI01-26,Will Republican win the House race for MI-01?,Jack Bergman,,active,US_2026_general_election,7,usable,usable,0.9345000000000001,0.9205000000000001,1.4000000000000012,2026-09-08T14:00:00Z,2026-09-01T15:00:00Z,same_contract_descriptive
KXHOUSERACE-MI01-26-R,KXHOUSERACE,KXHOUSERACE-MI01-26,Will Republican win the House race for MI-01?,Jack Bergman,,active,US_2026_general_election,14,usable,usable,0.9345000000000001,0.9075,2.7000000000000135,2026-09-08T14:00:00Z,2026-08-25T14:00:00Z,same_contract_descriptive
KXHOUSERACE-MI01-26-R,KXHOUSERACE,KXHOUSERACE-MI01-26,Will Republican win the House race for MI-01?,Jack Bergman,,active,US_2026_general_election,28,usable,usable,0.9345000000000001,0.9,3.4500000000000086,2026-09-08T14:00:00Z,2026-08-11T15:00:00Z,same_contract_descriptive
KXHOUSERACE-MI01-26-D,KXHOUSERACE,KXHOUSERACE-MI01-26,Will Democratic win the House race for MI-01?,Callie Barr,,active,US_2026_general_election,7,usable,usable,0.0715,0.08149999999999999,-0.9999999999999996,2026-09-08T14:00:00Z,2026-09-01T15:00:00Z,same_contract_descriptive
KXHOUSERACE-MI01-26-D,KXHOUSERACE,KXHOUSERACE-MI01-26,Will Democratic win the House race for MI-01?,Callie Barr,,active,US_2026_general_election,14,usable,usable,0.0715,0.08249999999999999,-1.0999999999999996,2026-09-08T14:00:00Z,2026-08-25T15:00:00Z,same_contract_descriptive
KXHOUSERACE-MI01-26-D,KXHOUSERACE,KXHOUSERACE-MI01-26,Will Democratic win the House race for MI-01?,Callie Barr,,active,US_2026_general_election,28,usable,usable,0.0715,0.0975,-2.600000000000001,2026-09-08T14:00:00Z,2026-08-11T15:00:00Z,same_contract_descriptive
KXHOUSERACE-ME01-26-R,KXHOUSERACE,KXHOUSERACE-ME01-26,Will Republican win the House race for ME-01?,Ronald Russell,,active,US_2026_general_election,7,usable,usable,0.021,0.017,0.4,2026-09-08T15:00:00Z,2026-09-01T15:00:00Z,same_contract_descriptive
KXHOUSERACE-ME01-26-R,KXHOUSERACE,KXHOUSERACE-ME01-26,Will Republican win the House race for ME-01?,Ronald Russell,,active,US_2026_general_election,14,usable,usable,0.021,0.0175,0.35,2026-09-08T15:00:00Z,2026-08-25T15:00:00Z,same_contract_descriptive
KXHOUSERACE-ME01-26-R,KXHOUSERACE,KXHOUSERACE-ME01-26,Will Republican win the House race for ME-01?,Ronald Russell,,active,US_2026_general_election,28,usable,usable,0.021,0.0215,-0.0499999999999997,2026-09-08T15:00:00Z,2026-08-11T15:00:00Z,same_contract_descriptive
KXHOUSERACE-ME01-26-D,KXHOUSERACE,KXHOUSERACE-ME01-26,Will Democratic win the House race for ME-01?,Chellie Pingree,,active,US_2026_general_election,7,usable,usable,0.9595,0.9595,0.0,2026-09-08T14:00:00Z,2026-09-01T12:00:00Z,same_contract_descriptive
KXHOUSERACE-ME01-26-D,KXHOUSERACE,KXHOUSERACE-ME01-26,Will Democratic win the House race for ME-01?,Chellie Pingree,,active,US_2026_general_election,14,usable,usable,0.9595,0.9595,0.0,2026-09-08T14:00:00Z,2026-08-24T18:00:00Z,same_contract_descriptive
KXHOUSERACE-ME01-26-D,KXHOUSERACE,KXHOUSERACE-ME01-26,Will Democratic win the House race for ME-01?,Chellie Pingree,,active,US_2026_general_election,28,usable,usable,0.9595,0.9684999999999999,-0.8999999999999897,2026-09-08T14:00:00Z,2026-08-11T15:00:00Z,same_contract_descriptive
KXHOUSERACE-MD07-26-R,KXHOUSERACE,KXHOUSERACE-MD07-26,Will Republican win the House race for MD-07?,Scott Collier,,active,US_2026_general_election,7,usable,stale_observation,0.0275,,,2026-09-08T14:00:00Z,2026-08-31T02:00:00Z,not_comparable
KXHOUSERACE-MD07-26-R,KXHOUSERACE,KXHOUSERACE-MD07-26,Will Republican win the House race for MD-07?,Scott Collier,,active,US_2026_general_election,14,usable,usable,0.0275,0.028,-0.050000000000000044,2026-09-08T14:00:00Z,2026-08-25T14:00:00Z,same_contract_descriptive
KXHOUSERACE-MD07-26-R,KXHOUSERACE,KXHOUSERACE-MD07-26,Will Republican win the House race for MD-07?,Scott Collier,,active,US_2026_general_election,28,usable,usable,0.0275,0.022,0.5500000000000002,2026-09-08T14:00:00Z,2026-08-11T15:00:00Z,same_contract_descriptive
KXHOUSERACE-MD07-26-D,KXHOUSERACE,KXHOUSERACE-MD07-26,Will Democratic win the House race for MD-07?,Kweisi Mfume,,active,US_2026_general_election,7,stale_observation,usable,,0.971,,2026-09-07T07:00:00Z,2026-09-01T12:00:00Z,not_comparable
KXHOUSERACE-MD07-26-D,KXHOUSERACE,KXHOUSERACE-MD07-26,Will Democratic win the House race for MD-07?,Kweisi Mfume,,active,US_2026_general_election,14,stale_observation,usable,,0.967,,2026-09-07T07:00:00Z,2026-08-24T17:00:00Z,not_comparable
KXHOUSERACE-MD07-26-D,KXHOUSERACE,KXHOUSERACE-MD07-26,Will Democratic win the House race for MD-07?,Kweisi Mfume,,active,US_2026_general_election,28,stale_observation,usable,,0.9764999999999999,,2026-09-07T07:00:00Z,2026-08-11T15:00:00Z,not_comparable
KXHOUSERACE-MD08-26-R,KXHOUSERACE,KXHOUSERACE-MD08-26,Will Republican win the House race for MD-08?,Cheryl Riley,,active,US_2026_general_election,7,stale_observation,usable,,0.025500000000000002,,2026-09-07T10:00:00Z,2026-09-01T15:00:00Z,not_comparable
KXHOUSERACE-MD08-26-R,KXHOUSERACE,KXHOUSERACE-MD08-26,Will Republican win the House race for MD-08?,Cheryl Riley,,active,US_2026_general_election,14,stale_observation,usable,,0.025500000000000002,,2026-09-07T10:00:00Z,2026-08-25T15:00:00Z,not_comparable
KXHOUSERACE-MD08-26-R,KXHOUSERACE,KXHOUSERACE-MD08-26,Will Republican win the House race for MD-08?,Cheryl Riley,,active,US_2026_general_election,28,stale_observation,usable,,0.0155,,2026-09-07T10:00:00Z,2026-08-11T15:00:00Z,not_comparable
KXHOUSERACE-MD08-26-D,KXHOUSERACE,KXHOUSERACE-MD08-26,Will Democratic win the House race for MD-08?,Jamie Raskin,,active,US_2026_general_election,7,usable,usable,0.9864999999999999,0.975,1.1499999999999955,2026-09-08T08:00:00Z,2026-09-01T15:00:00Z,same_contract_descriptive
KXHOUSERACE-MD08-26-D,KXHOUSERACE,KXHOUSERACE-MD08-26,Will Democratic win the House race for MD-08?,Jamie Raskin,,active,US_2026_general_election,14,usable,usable,0.9864999999999999,0.9755,1.0999999999999899,2026-09-08T08:00:00Z,2026-08-25T06:00:00Z,same_contract_descriptive
KXHOUSERACE-MD08-26-D,KXHOUSERACE,KXHOUSERACE-MD08-26,Will Democratic win the House race for MD-08?,Jamie Raskin,,active,US_2026_general_election,28,usable,usable,0.9864999999999999,0.9844999999999999,0.20000000000000018,2026-09-08T08:00:00Z,2026-08-11T15:00:00Z,same_contract_descriptive
KXHOUSERACE-MD06-26-R,KXHOUSERACE,KXHOUSERACE-MD06-26,Will Republican win the House race for MD-06?,Robin Ficker,,active,US_2026_general_election,7,usable,usable,0.0655,0.07450000000000001,-0.9000000000000008,2026-09-08T14:00:00Z,2026-09-01T12:00:00Z,same_contract_descriptive
KXHOUSERACE-MD06-26-R,KXHOUSERACE,KXHOUSERACE-MD06-26,Will Republican win the House race for MD-06?,Robin Ficker,,active,US_2026_general_election,14,usable,usable,0.0655,0.0615,0.40000000000000036,2026-09-08T14:00:00Z,2026-08-25T14:00:00Z,same_contract_descriptive
KXHOUSERACE-MD06-26-R,KXHOUSERACE,KXHOUSERACE-MD06-26,Will Republican win the House race for MD-06?,Robin Ficker,,active,US_2026_general_election,28,usable,usable,0.0655,0.0835,-1.8000000000000003,2026-09-08T14:00:00Z,2026-08-11T15:00:00Z,same_contract_descriptive
KXHOUSERACE-MD06-26-D,KXHOUSERACE,KXHOUSERACE-MD06-26,Will Democratic win the House race for MD-06?,April McClain Delaney,,active,US_2026_general_election,7,usable,usable,0.9279999999999999,0.9195,0.8499999999999952,2026-09-08T14:00:00Z,2026-09-01T12:00:00Z,same_contract_descriptive
KXHOUSERACE-MD06-26-D,KXHOUSERACE,KXHOUSERACE-MD06-26,Will Democratic win the House race for MD-06?,April McClain Delaney,,active,US_2026_general_election,14,usable,usable,0.9279999999999999,0.9305,-0.2500000000000058,2026-09-08T14:00:00Z,2026-08-24T17:00:00Z,same_contract_descriptive
KXHOUSERACE-MD06-26-D,KXHOUSERACE,KXHOUSERACE-MD06-26,Will Democratic win the House race for MD-06?,April McClain Delaney,,active,US_2026_general_election,28,usable,usable,0.9279999999999999,0.916,1.19999999999999,2026-09-08T14:00:00Z,2026-08-11T15:00:00Z,same_contract_descriptive
KXHOUSERACE-MD05-26-R,KXHOUSERACE,KXHOUSERACE-MD05-26,Will Republican win the House race for MD-05?,Chris Chaffee,,active,US_2026_general_election,7,usable,usable,0.028,0.028,0.0,2026-09-08T14:00:00Z,2026-09-01T15:00:00Z,same_contract_descriptive
KXHOUSERACE-MD05-26-R,KXHOUSERACE,KXHOUSERACE-MD05-26,Will Republican win the House race for MD-05?,Chris Chaffee,,active,US_2026_general_election,14,usable,usable,0.028,0.0285,-0.050000000000000044,2026-09-08T14:00:00Z,2026-08-25T11:00:00Z,same_contract_descriptive
KXHOUSERACE-MD05-26-R,KXHOUSERACE,KXHOUSERACE-MD05-26,Will Republican win the House race for MD-05?,Chris Chaffee,,active,US_2026_general_election,28,usable,usable,0.028,0.03,-0.19999999999999984,2026-09-08T14:00:00Z,2026-08-11T15:00:00Z,same_contract_descriptive
KXHOUSERACE-MD05-26-D,KXHOUSERACE,KXHOUSERACE-MD05-26,Will Democratic win the House race for MD-05?,Adrian Boafo,,active,US_2026_general_election,7,usable,usable,0.966,0.9665,-0.050000000000005596,2026-09-08T14:00:00Z,2026-09-01T15:00:00Z,same_contract_descriptive
KXHOUSERACE-MD05-26-D,KXHOUSERACE,KXHOUSERACE-MD05-26,Will Democratic win the House race for MD-05?,Adrian Boafo,,active,US_2026_general_election,14,usable,usable,0.966,0.966,0.0,2026-09-08T14:00:00Z,2026-08-24T17:00:00Z,same_contract_descriptive
KXHOUSERACE-MD05-26-D,KXHOUSERACE,KXHOUSERACE-MD05-26,Will Democratic win the House race for MD-05?,Adrian Boafo,,active,US_2026_general_election,28,usable,usable,0.966,0.97,-0.40000000000000036,2026-09-08T14:00:00Z,2026-08-11T15:00:00Z,same_contract_descriptive
KXHOUSERACE-MD04-26-R,KXHOUSERACE,KXHOUSERACE-MD04-26,Will Republican win the House race for MD-04?,George McDermott,,active,US_2026_general_election,7,usable,usable,0.01,0.028,-1.8000000000000003,2026-09-08T12:00:00Z,2026-08-31T23:00:00Z,same_contract_descriptive
KXHOUSERACE-MD04-26-R,KXHOUSERACE,KXHOUSERACE-MD04-26,Will Republican win the House race for MD-04?,George McDermott,,active,US_2026_general_election,14,usable,usable,0.01,0.028,-1.8000000000000003,2026-09-08T12:00:00Z,2026-08-24T17:00:00Z,same_contract_descriptive
KXHOUSERACE-MD04-26-R,KXHOUSERACE,KXHOUSERACE-MD04-26,Will Republican win the House race for MD-04?,George McDermott,,active,US_2026_general_election,28,usable,usable,0.01,0.020999999999999998,-1.0999999999999999,2026-09-08T12:00:00Z,2026-08-11T15:00:00Z,same_contract_descriptive
KXHOUSERACE-MD04-26-D,KXHOUSERACE,KXHOUSERACE-MD04-26,Will Democratic win the House race for MD-04?,Glenn Ivey,,active,US_2026_general_election,7,usable,usable,0.975,0.972,0.30000000000000027,2026-09-08T12:00:00Z,2026-08-31T23:00:00Z,same_contract_descriptive
KXHOUSERACE-MD04-26-D,KXHOUSERACE,KXHOUSERACE-MD04-26,Will Democratic win the House race for MD-04?,Glenn Ivey,,active,US_2026_general_election,14,usable,stale_observation,0.975,,,2026-09-08T12:00:00Z,2026-08-24T13:00:00Z,not_comparable
KXHOUSERACE-MD04-26-D,KXHOUSERACE,KXHOUSERACE-MD04-26,Will Democratic win the House race for MD-04?,Glenn Ivey,,active,US_2026_general_election,28,usable,usable,0.975,0.979,-0.40000000000000036,2026-09-08T12:00:00Z,2026-08-11T15:00:00Z,same_contract_descriptive
KXHOUSERACE-MD03-26-R,KXHOUSERACE,KXHOUSERACE-MD03-26,Will Republican win the House race for MD-03?,Berney Flowers,,active,US_2026_general_election,7,usable,stale_observation,0.03,,,2026-09-08T14:00:00Z,2026-08-20T08:00:00Z,not_comparable
KXHOUSERACE-MD03-26-R,KXHOUSERACE,KXHOUSERACE-MD03-26,Will Republican win the House race for MD-03?,Berney Flowers,,active,US_2026_general_election,14,usable,stale_observation,0.03,,,2026-09-08T14:00:00Z,2026-08-20T08:00:00Z,not_comparable
KXHOUSERACE-MD03-26-R,KXHOUSERACE,KXHOUSERACE-MD03-26,Will Republican win the House race for MD-03?,Berney Flowers,,active,US_2026_general_election,28,usable,usable,0.03,0.032,-0.20000000000000018,2026-09-08T14:00:00Z,2026-08-11T15:00:00Z,same_contract_descriptive
KXHOUSERACE-MD03-26-D,KXHOUSERACE,KXHOUSERACE-MD03-26,Will Democratic win the House race for MD-03?,Sarah Elfreth,,active,US_2026_general_election,7,usable,usable,0.9610000000000001,0.9610000000000001,0.0,2026-09-08T14:00:00Z,2026-08-31T23:00:00Z,same_contract_descriptive
KXHOUSERACE-MD03-26-D,KXHOUSERACE,KXHOUSERACE-MD03-26,Will Democratic win the House race for MD-03?,Sarah Elfreth,,active,US_2026_general_election,14,usable,usable,0.9610000000000001,0.9615,-0.04999999999999449,2026-09-08T14:00:00Z,2026-08-24T17:00:00Z,same_contract_descriptive
KXHOUSERACE-MD03-26-D,KXHOUSERACE,KXHOUSERACE-MD03-26,Will Democratic win the House race for MD-03?,Sarah Elfreth,,active,US_2026_general_election,28,usable,usable,0.9610000000000001,0.968,-0.6999999999999895,2026-09-08T14:00:00Z,2026-08-11T15:00:00Z,same_contract_descriptive
KXHOUSERACE-MD02-26-R,KXHOUSERACE,KXHOUSERACE-MD02-26,Will Republican win the House race for MD-02?,Dave Wallace,,active,US_2026_general_election,7,usable,usable,0.0305,0.0605,-3.0,2026-09-08T15:00:00Z,2026-09-01T12:00:00Z,same_contract_descriptive
KXHOUSERACE-MD02-26-R,KXHOUSERACE,KXHOUSERACE-MD02-26,Will Republican win the House race for MD-02?,Dave Wallace,,active,US_2026_general_election,14,usable,usable,0.0305,0.061,-3.05,2026-09-08T15:00:00Z,2026-08-25T07:00:00Z,same_contract_descriptive
KXHOUSERACE-MD02-26-R,KXHOUSERACE,KXHOUSERACE-MD02-26,Will Republican win the House race for MD-02?,Dave Wallace,,active,US_2026_general_election,28,usable,usable,0.0305,0.061,-3.05,2026-09-08T15:00:00Z,2026-08-11T15:00:00Z,same_contract_descriptive
KXHOUSERACE-MD02-26-D,KXHOUSERACE,KXHOUSERACE-MD02-26,Will Democratic win the House race for MD-02?,Johnny Olszewski,,active,US_2026_general_election,7,usable,usable,0.9575,0.944,1.3500000000000068,2026-09-08T15:00:00Z,2026-09-01T12:00:00Z,same_contract_descriptive
KXHOUSERACE-MD02-26-D,KXHOUSERACE,KXHOUSERACE-MD02-26,Will Democratic win the House race for MD-02?,Johnny Olszewski,,active,US_2026_general_election,14,usable,usable,0.9575,0.9445,1.3000000000000012,2026-09-08T15:00:00Z,2026-08-25T11:00:00Z,same_contract_descriptive
KXHOUSERACE-MD02-26-D,KXHOUSERACE,KXHOUSERACE-MD02-26,Will Democratic win the House race for MD-02?,Johnny Olszewski,,active,US_2026_general_election,28,usable,usable,0.9575,0.9395,1.8000000000000016,2026-09-08T15:00:00Z,2026-08-11T15:00:00Z,same_contract_descriptive
KXHOUSERACE-MD01-26-R,KXHOUSERACE,KXHOUSERACE-MD01-26,Will Republican win the House race for MD-01?,Andy Harris,,active,US_2026_general_election,7,usable,usable,0.9275,0.9165000000000001,1.0999999999999899,2026-09-08T14:00:00Z,2026-09-01T15:00:00Z,same_contract_descriptive
KXHOUSERACE-MD01-26-R,KXHOUSERACE,KXHOUSERACE-MD01-26,Will Republican win the House race for MD-01?,Andy Harris,,active,US_2026_general_election,14,usable,usable,0.9275,0.8845000000000001,4.299999999999993,2026-09-08T14:00:00Z,2026-08-25T11:00:00Z,same_contract_descriptive
KXHOUSERACE-MD01-26-R,KXHOUSERACE,KXHOUSERACE-MD01-26,Will Republican win the House race for MD-01?,Andy Harris,,active,US_2026_general_election,28,usable,usable,0.9275,0.886,4.149999999999999,2026-09-08T14:00:00Z,2026-08-11T15:00:00Z,same_contract_descriptive
KXHOUSERACE-MD01-26-D,KXHOUSERACE,KXHOUSERACE-MD01-26,Will Democratic win the House race for MD-01?,Dan Schwartz,,active,US_2026_general_election,7,usable,usable,0.06,0.064,-0.40000000000000036,2026-09-08T14:00:00Z,2026-09-01T14:00:00Z,same_contract_descriptive
KXHOUSERACE-MD01-26-D,KXHOUSERACE,KXHOUSERACE-MD01-26,Will Democratic win the House race for MD-01?,Dan Schwartz,,active,US_2026_general_election,14,usable,usable,0.06,0.125,-6.5,2026-09-08T14:00:00Z,2026-08-25T15:00:00Z,same_contract_descriptive
KXHOUSERACE-MD01-26-D,KXHOUSERACE,KXHOUSERACE-MD01-26,Will Democratic win the House race for MD-01?,Dan Schwartz,,active,US_2026_general_election,28,usable,usable,0.06,0.11,-5.0,2026-09-08T14:00:00Z,2026-08-11T15:00:00Z,same_contract_descriptive
KXHOUSERACE-MA08-26-R,KXHOUSERACE,KXHOUSERACE-MA08-26,Will Republican win the House race for MA-08?,Robert Burke,,active,US_2026_general_election,7,usable,usable,0.028,0.031,-0.29999999999999993,2026-09-08T15:00:00Z,2026-09-01T15:00:00Z,same_contract_descriptive
KXHOUSERACE-MA08-26-R,KXHOUSERACE,KXHOUSERACE-MA08-26,Will Republican win the House race for MA-08?,Robert Burke,,active,US_2026_general_election,14,usable,usable,0.028,0.0265,0.15000000000000013,2026-09-08T15:00:00Z,2026-08-25T15:00:00Z,same_contract_descriptive
KXHOUSERACE-MA08-26-R,KXHOUSERACE,KXHOUSERACE-MA08-26,Will Republican win the House race for MA-08?,Robert Burke,,active,US_2026_general_election,28,usable,usable,0.028,0.017,1.0999999999999999,2026-09-08T15:00:00Z,2026-08-11T15:00:00Z,same_contract_descriptive
KXHOUSERACE-MA08-26-D,KXHOUSERACE,KXHOUSERACE-MA08-26,Will Democratic win the House race for MA-08?,Stephen Lynch,,active,US_2026_general_election,7,usable,usable,0.9684999999999999,0.968,0.04999999999999449,2026-09-08T10:00:00Z,2026-09-01T15:00:00Z,same_contract_descriptive
KXHOUSERACE-MA08-26-D,KXHOUSERACE,KXHOUSERACE-MA08-26,Will Democratic win the House race for MA-08?,Stephen Lynch,,active,US_2026_general_election,14,usable,usable,0.9684999999999999,0.969,-0.050000000000005596,2026-09-08T10:00:00Z,2026-08-24T17:00:00Z,same_contract_descriptive
KXHOUSERACE-MA08-26-D,KXHOUSERACE,KXHOUSERACE-MA08-26,Will Democratic win the House race for MA-08?,Stephen Lynch,,active,US_2026_general_election,28,usable,usable,0.9684999999999999,0.979,-1.0500000000000065,2026-09-08T10:00:00Z,2026-08-11T15:00:00Z,same_contract_descriptive
KXHOUSERACE-MA09-26-R,KXHOUSERACE,KXHOUSERACE-MA09-26,Will Republican win the House race for MA-09?,Tyler MacAllister,,active,US_2026_general_election,7,usable,usable,0.032,0.0315,0.050000000000000044,2026-09-08T14:00:00Z,2026-09-01T12:00:00Z,same_contract_descriptive
KXHOUSERACE-MA09-26-R,KXHOUSERACE,KXHOUSERACE-MA09-26,Will Republican win the House race for MA-09?,Tyler MacAllister,,active,US_2026_general_election,14,usable,usable,0.032,0.027,0.5000000000000001,2026-09-08T14:00:00Z,2026-08-24T17:00:00Z,same_contract_descriptive
KXHOUSERACE-MA09-26-R,KXHOUSERACE,KXHOUSERACE-MA09-26,Will Republican win the House race for MA-09?,Tyler MacAllister,,active,US_2026_general_election,28,usable,usable,0.032,0.016,1.6,2026-09-08T14:00:00Z,2026-08-11T15:00:00Z,same_contract_descriptive
KXHOUSERACE-MA09-26-D,KXHOUSERACE,KXHOUSERACE-MA09-26,Will Democratic win the House race for MA-09?,Bill Keating,,active,US_2026_general_election,7,usable,usable,0.959,0.9595,-0.050000000000005596,2026-09-08T14:00:00Z,2026-09-01T12:00:00Z,same_contract_descriptive
KXHOUSERACE-MA09-26-D,KXHOUSERACE,KXHOUSERACE-MA09-26,Will Democratic win the House race for MA-09?,Bill Keating,,active,US_2026_general_election,14,usable,usable,0.959,0.9644999999999999,-0.5499999999999949,2026-09-08T14:00:00Z,2026-08-24T17:00:00Z,same_contract_descriptive
KXHOUSERACE-MA09-26-D,KXHOUSERACE,KXHOUSERACE-MA09-26,Will Democratic win the House race for MA-09?,Bill Keating,,active,US_2026_general_election,28,usable,usable,0.959,0.9735,-1.4500000000000068,2026-09-08T14:00:00Z,2026-08-11T15:00:00Z,same_contract_descriptive
KXHOUSERACE-MA07-26-R,KXHOUSERACE,KXHOUSERACE-MA07-26,Will Republican win the House race for MA-07?,Republican party,,active,US_2026_general_election,7,usable,usable,0.0095,0.021,-1.1500000000000001,2026-09-08T15:00:00Z,2026-09-01T14:00:00Z,same_contract_descriptive
KXHOUSERACE-MA07-26-R,KXHOUSERACE,KXHOUSERACE-MA07-26,Will Republican win the House race for MA-07?,Republican party,,active,US_2026_general_election,14,usable,usable,0.0095,0.021500000000000002,-1.2000000000000002,2026-09-08T15:00:00Z,2026-08-25T12:00:00Z,same_contract_descriptive
KXHOUSERACE-MA07-26-R,KXHOUSERACE,KXHOUSERACE-MA07-26,Will Republican win the House race for MA-07?,Republican party,,active,US_2026_general_election,28,usable,usable,0.0095,0.014,-0.45000000000000007,2026-09-08T15:00:00Z,2026-08-11T15:00:00Z,same_contract_descriptive
KXHOUSERACE-MA07-26-D,KXHOUSERACE,KXHOUSERACE-MA07-26,Will Democratic win the House race for MA-07?,Ayanna Pressley,,active,US_2026_general_election,7,usable,usable,0.988,0.983,0.5000000000000004,2026-09-08T15:00:00Z,2026-09-01T14:00:00Z,same_contract_descriptive
KXHOUSERACE-MA07-26-D,KXHOUSERACE,KXHOUSERACE-MA07-26,Will Democratic win the House race for MA-07?,Ayanna Pressley,,active,US_2026_general_election,14,usable,usable,0.988,0.977,1.100000000000001,2026-09-08T15:00:00Z,2026-08-24T17:00:00Z,same_contract_descriptive
KXHOUSERACE-MA07-26-D,KXHOUSERACE,KXHOUSERACE-MA07-26,Will Democratic win the House race for MA-07?,Ayanna Pressley,,active,US_2026_general_election,28,usable,usable,0.988,0.9855,0.24999999999999467,2026-09-08T15:00:00Z,2026-08-11T15:00:00Z,same_contract_descriptive
KXHOUSERACE-MA06-26-R,KXHOUSERACE,KXHOUSERACE-MA06-26,Will Republican win the House race for MA-06?,Micah Jones,,active,US_2026_general_election,7,usable,usable,0.039,0.039,0.0,2026-09-08T14:00:00Z,2026-09-01T15:00:00Z,same_contract_descriptive
KXHOUSERACE-MA06-26-R,KXHOUSERACE,KXHOUSERACE-MA06-26,Will Republican win the House race for MA-06?,Micah Jones,,active,US_2026_general_election,14,usable,usable,0.039,0.0315,0.75,2026-09-08T14:00:00Z,2026-08-25T15:00:00Z,same_contract_descriptive
KXHOUSERACE-MA06-26-R,KXHOUSERACE,KXHOUSERACE-MA06-26,Will Republican win the House race for MA-06?,Micah Jones,,active,US_2026_general_election,28,usable,usable,0.039,0.039,0.0,2026-09-08T14:00:00Z,2026-08-11T15:00:00Z,same_contract_descriptive
KXHOUSERACE-MA06-26-D,KXHOUSERACE,KXHOUSERACE-MA06-26,Will Democratic win the House race for MA-06?,Dan Koh,,active,US_2026_general_election,7,usable,usable,0.9610000000000001,0.9610000000000001,0.0,2026-09-08T14:00:00Z,2026-09-01T15:00:00Z,same_contract_descriptive
KXHOUSERACE-MA06-26-D,KXHOUSERACE,KXHOUSERACE-MA06-26,Will Democratic win the House race for MA-06?,Dan Koh,,active,US_2026_general_election,14,usable,usable,0.9610000000000001,0.96,0.10000000000001119,2026-09-08T14:00:00Z,2026-08-24T22:00:00Z,same_contract_descriptive
KXHOUSERACE-MA06-26-D,KXHOUSERACE,KXHOUSERACE-MA06-26,Will Democratic win the House race for MA-06?,Dan Koh,,active,US_2026_general_election,28,usable,usable,0.9610000000000001,0.968,-0.6999999999999895,2026-09-08T14:00:00Z,2026-08-11T15:00:00Z,same_contract_descriptive
KXHOUSERACE-MA05-26-R,KXHOUSERACE,KXHOUSERACE-MA05-26,Will Republican win the House race for MA-05?,Republican party,,active,US_2026_general_election,7,usable,usable,0.0185,0.025500000000000002,-0.7000000000000003,2026-09-08T15:00:00Z,2026-09-01T14:00:00Z,same_contract_descriptive
KXHOUSERACE-MA05-26-R,KXHOUSERACE,KXHOUSERACE-MA05-26,Will Republican win the House race for MA-05?,Republican party,,active,US_2026_general_election,14,usable,usable,0.0185,0.025500000000000002,-0.7000000000000003,2026-09-08T15:00:00Z,2026-08-24T17:00:00Z,same_contract_descriptive
KXHOUSERACE-MA05-26-R,KXHOUSERACE,KXHOUSERACE-MA05-26,Will Republican win the House race for MA-05?,Republican party,,active,US_2026_general_election,28,usable,usable,0.0185,0.017,0.1499999999999998,2026-09-08T15:00:00Z,2026-08-11T15:00:00Z,same_contract_descriptive
KXHOUSERACE-MA05-26-D,KXHOUSERACE,KXHOUSERACE-MA05-26,Will Democratic win the House race for MA-05?,Katherine Clark,,active,US_2026_general_election,7,stale_observation,stale_observation,,,,2026-08-24T17:00:00Z,2026-08-24T17:00:00Z,not_comparable
KXHOUSERACE-MA05-26-D,KXHOUSERACE,KXHOUSERACE-MA05-26,Will Democratic win the House race for MA-05?,Katherine Clark,,active,US_2026_general_election,14,stale_observation,usable,,0.973,,2026-08-24T17:00:00Z,2026-08-24T17:00:00Z,not_comparable
KXHOUSERACE-MA05-26-D,KXHOUSERACE,KXHOUSERACE-MA05-26,Will Democratic win the House race for MA-05?,Katherine Clark,,active,US_2026_general_election,28,stale_observation,usable,,0.982,,2026-08-24T17:00:00Z,2026-08-11T15:00:00Z,not_comparable
KXHOUSERACE-MA04-26-R,KXHOUSERACE,KXHOUSERACE-MA04-26,Will Republican win the House race for MA-04?,Tom Stalcup,,active,US_2026_general_election,7,stale_observation,usable,,0.026,,2026-09-07T07:00:00Z,2026-09-01T12:00:00Z,not_comparable
KXHOUSERACE-MA04-26-R,KXHOUSERACE,KXHOUSERACE-MA04-26,Will Republican win the House race for MA-04?,Tom Stalcup,,active,US_2026_general_election,14,stale_observation,usable,,0.027,,2026-09-07T07:00:00Z,2026-08-25T07:00:00Z,not_comparable
KXHOUSERACE-MA04-26-R,KXHOUSERACE,KXHOUSERACE-MA04-26,Will Republican win the House race for MA-04?,Tom Stalcup,,active,US_2026_general_election,28,stale_observation,usable,,0.017,,2026-09-07T07:00:00Z,2026-08-11T15:00:00Z,not_comparable
KXHOUSERACE-MA04-26-D,KXHOUSERACE,KXHOUSERACE-MA04-26,Will Democratic win the House race for MA-04?,Jake Auchincloss,,active,US_2026_general_election,7,stale_observation,usable,,0.9735,,2026-09-07T07:00:00Z,2026-09-01T15:00:00Z,not_comparable
KXHOUSERACE-MA04-26-D,KXHOUSERACE,KXHOUSERACE-MA04-26,Will Democratic win the House race for MA-04?,Jake Auchincloss,,active,US_2026_general_election,14,stale_observation,usable,,0.969,,2026-09-07T07:00:00Z,2026-08-24T17:00:00Z,not_comparable
KXHOUSERACE-MA04-26-D,KXHOUSERACE,KXHOUSERACE-MA04-26,Will Democratic win the House race for MA-04?,Jake Auchincloss,,active,US_2026_general_election,28,stale_observation,usable,,0.979,,2026-09-07T07:00:00Z,2026-08-11T15:00:00Z,not_comparable
KXHOUSERACE-MA03-26-R,KXHOUSERACE,KXHOUSERACE-MA03-26,Will Republican win the House race for MA-03?,Gary Grossi,,active,US_2026_general_election,7,stale_observation,usable,,0.0305,,2026-09-06T22:00:00Z,2026-08-31T22:00:00Z,not_comparable
KXHOUSERACE-MA03-26-R,KXHOUSERACE,KXHOUSERACE-MA03-26,Will Republican win the House race for MA-03?,Gary Grossi,,active,US_2026_general_election,14,stale_observation,usable,,0.028,,2026-09-06T22:00:00Z,2026-08-24T17:00:00Z,not_comparable
KXHOUSERACE-MA03-26-R,KXHOUSERACE,KXHOUSERACE-MA03-26,Will Republican win the House race for MA-03?,Gary Grossi,,active,US_2026_general_election,28,stale_observation,usable,,0.02,,2026-09-06T22:00:00Z,2026-08-11T15:00:00Z,not_comparable
KXHOUSERACE-MA03-26-D,KXHOUSERACE,KXHOUSERACE-MA03-26,Will Democratic win the House race for MA-03?,Lori Trahan,,active,US_2026_general_election,7,stale_observation,usable,,0.9670000000000001,,2026-09-06T17:00:00Z,2026-09-01T01:00:00Z,not_comparable
KXHOUSERACE-MA03-26-D,KXHOUSERACE,KXHOUSERACE-MA03-26,Will Democratic win the House race for MA-03?,Lori Trahan,,active,US_2026_general_election,14,stale_observation,usable,,0.9675,,2026-09-06T17:00:00Z,2026-08-24T17:00:00Z,not_comparable
KXHOUSERACE-MA03-26-D,KXHOUSERACE,KXHOUSERACE-MA03-26,Will Democratic win the House race for MA-03?,Lori Trahan,,active,US_2026_general_election,28,stale_observation,usable,,0.9775,,2026-09-06T17:00:00Z,2026-08-11T15:00:00Z,not_comparable
KXHOUSERACE-MA02-26-R,KXHOUSERACE,KXHOUSERACE-MA02-26,Will Republican win the House race for MA-02?,Republican party,,active,US_2026_general_election,7,usable,stale_observation,0.030000000000000002,,,2026-09-08T14:00:00Z,2026-08-27T08:00:00Z,not_comparable
KXHOUSERACE-MA02-26-R,KXHOUSERACE,KXHOUSERACE-MA02-26,Will Republican win the House race for MA-02?,Republican party,,active,US_2026_general_election,14,usable,usable,0.030000000000000002,0.023,0.7000000000000003,2026-09-08T14:00:00Z,2026-08-24T17:00:00Z,same_contract_descriptive
KXHOUSERACE-MA02-26-R,KXHOUSERACE,KXHOUSERACE-MA02-26,Will Republican win the House race for MA-02?,Republican party,,active,US_2026_general_election,28,usable,usable,0.030000000000000002,0.0155,1.4500000000000002,2026-09-08T14:00:00Z,2026-08-11T15:00:00Z,same_contract_descriptive
KXHOUSERACE-MA02-26-D,KXHOUSERACE,KXHOUSERACE-MA02-26,Will Democratic win the House race for MA-02?,Jim McGovern,,active,US_2026_general_election,7,usable,usable,0.965,0.9695,-0.45000000000000595,2026-09-08T15:00:00Z,2026-08-31T23:00:00Z,same_contract_descriptive
KXHOUSERACE-MA02-26-D,KXHOUSERACE,KXHOUSERACE-MA02-26,Will Democratic win the House race for MA-02?,Jim McGovern,,active,US_2026_general_election,14,usable,usable,0.965,0.975,-1.0000000000000009,2026-09-08T15:00:00Z,2026-08-24T17:00:00Z,same_contract_descriptive
KXHOUSERACE-MA02-26-D,KXHOUSERACE,KXHOUSERACE-MA02-26,Will Democratic win the House race for MA-02?,Jim McGovern,,active,US_2026_general_election,28,usable,usable,0.965,0.9844999999999999,-1.9499999999999962,2026-09-08T15:00:00Z,2026-08-11T15:00:00Z,same_contract_descriptive
KXHOUSERACE-MA01-26-R,KXHOUSERACE,KXHOUSERACE-MA01-26,Will Republican win the House race for MA-01?,Republican party,,active,US_2026_general_election,7,usable,usable,0.0305,0.0305,0.0,2026-09-08T14:00:00Z,2026-08-31T20:00:00Z,same_contract_descriptive
KXHOUSERACE-MA01-26-R,KXHOUSERACE,KXHOUSERACE-MA01-26,Will Republican win the House race for MA-01?,Republican party,,active,US_2026_general_election,14,usable,usable,0.0305,0.026,0.45000000000000007,2026-09-08T14:00:00Z,2026-08-24T17:00:00Z,same_contract_descriptive
KXHOUSERACE-MA01-26-R,KXHOUSERACE,KXHOUSERACE-MA01-26,Will Republican win the House race for MA-01?,Republican party,,active,US_2026_general_election,28,usable,usable,0.0305,0.017,1.3499999999999999,2026-09-08T14:00:00Z,2026-08-11T15:00:00Z,same_contract_descriptive
KXHOUSERACE-MA01-26-D,KXHOUSERACE,KXHOUSERACE-MA01-26,Will Democratic win the House race for MA-01?,Richard Neal,,active,US_2026_general_election,7,usable,usable,0.968,0.9684999999999999,-0.04999999999999449,2026-09-08T14:00:00Z,2026-08-31T23:00:00Z,same_contract_descriptive
KXHOUSERACE-MA01-26-D,KXHOUSERACE,KXHOUSERACE-MA01-26,Will Democratic win the House race for MA-01?,Richard Neal,,active,US_2026_general_election,14,usable,usable,0.968,0.9695,-0.15000000000000568,2026-09-08T14:00:00Z,2026-08-24T17:00:00Z,same_contract_descriptive
KXHOUSERACE-MA01-26-D,KXHOUSERACE,KXHOUSERACE-MA01-26,Will Democratic win the House race for MA-01?,Richard Neal,,active,US_2026_general_election,28,usable,usable,0.968,0.979,-1.100000000000001,2026-09-08T14:00:00Z,2026-08-11T15:00:00Z,same_contract_descriptive
KXHOUSERACE-LA06-26-R,KXHOUSERACE,KXHOUSERACE-LA06-26,Will Republican win the House race for LA-06?,Republican party,,active,US_2026_general_election,7,usable,usable,0.938,0.9315,0.649999999999995,2026-09-08T15:00:00Z,2026-09-01T15:00:00Z,same_contract_descriptive
KXHOUSERACE-LA06-26-R,KXHOUSERACE,KXHOUSERACE-LA06-26,Will Republican win the House race for LA-06?,Republican party,,active,US_2026_general_election,14,usable,usable,0.938,0.937,0.09999999999998899,2026-09-08T15:00:00Z,2026-08-25T11:00:00Z,same_contract_descriptive
KXHOUSERACE-LA06-26-R,KXHOUSERACE,KXHOUSERACE-LA06-26,Will Republican win the House race for LA-06?,Republican party,,active,US_2026_general_election,28,usable,usable,0.938,0.931,0.6999999999999895,2026-09-08T15:00:00Z,2026-08-11T15:00:00Z,same_contract_descriptive
KXHOUSERACE-LA06-26-D,KXHOUSERACE,KXHOUSERACE-LA06-26,Will Democratic win the House race for LA-06?,Democratic party,,active,US_2026_general_election,7,usable,usable,0.0595,0.0645,-0.5000000000000004,2026-09-08T15:00:00Z,2026-09-01T15:00:00Z,same_contract_descriptive
KXHOUSERACE-LA06-26-D,KXHOUSERACE,KXHOUSERACE-LA06-26,Will Democratic win the House race for LA-06?,Democratic party,,active,US_2026_general_election,14,usable,usable,0.0595,0.066,-0.6500000000000006,2026-09-08T15:00:00Z,2026-08-25T14:00:00Z,same_contract_descriptive
KXHOUSERACE-LA06-26-D,KXHOUSERACE,KXHOUSERACE-LA06-26,Will Democratic win the House race for LA-06?,Democratic party,,active,US_2026_general_election,28,usable,usable,0.0595,0.069,-0.9500000000000008,2026-09-08T15:00:00Z,2026-08-11T15:00:00Z,same_contract_descriptive
KXHOUSERACE-LA05-26-R,KXHOUSERACE,KXHOUSERACE-LA05-26,Will Republican win the House race for LA-05?,Republican party,,active,US_2026_general_election,7,usable,usable,0.9595,0.9684999999999999,-0.8999999999999897,2026-09-08T09:00:00Z,2026-09-01T14:00:00Z,same_contract_descriptive
KXHOUSERACE-LA05-26-R,KXHOUSERACE,KXHOUSERACE-LA05-26,Will Republican win the House race for LA-05?,Republican party,,active,US_2026_general_election,14,usable,usable,0.9595,0.95,0.9500000000000064,2026-09-08T09:00:00Z,2026-08-25T11:00:00Z,same_contract_descriptive
KXHOUSERACE-LA05-26-R,KXHOUSERACE,KXHOUSERACE-LA05-26,Will Republican win the House race for LA-05?,Republican party,,active,US_2026_general_election,28,usable,usable,0.9595,0.9450000000000001,1.4499999999999957,2026-09-08T09:00:00Z,2026-08-11T15:00:00Z,same_contract_descriptive
KXHOUSERACE-LA05-26-D,KXHOUSERACE,KXHOUSERACE-LA05-26,Will Democratic win the House race for LA-05?,Democratic party,,active,US_2026_general_election,7,usable,usable,0.032,0.018500000000000003,1.3499999999999999,2026-09-08T14:00:00Z,2026-09-01T05:00:00Z,same_contract_descriptive
KXHOUSERACE-LA05-26-D,KXHOUSERACE,KXHOUSERACE-LA05-26,Will Democratic win the House race for LA-05?,Democratic party,,active,US_2026_general_election,14,usable,usable,0.032,0.055,-2.3,2026-09-08T14:00:00Z,2026-08-25T14:00:00Z,same_contract_descriptive
KXHOUSERACE-LA05-26-D,KXHOUSERACE,KXHOUSERACE-LA05-26,Will Democratic win the House race for LA-05?,Democratic party,,active,US_2026_general_election,28,usable,usable,0.032,0.05500000000000001,-2.3000000000000007,2026-09-08T14:00:00Z,2026-08-11T15:00:00Z,same_contract_descriptive
KXHOUSERACE-LA04-26-R,KXHOUSERACE,KXHOUSERACE-LA04-26,Will Republican win the House race for LA-04?,Republican party,,active,US_2026_general_election,7,usable,usable,0.9635,0.94,2.3500000000000076,2026-09-08T15:00:00Z,2026-09-01T12:00:00Z,same_contract_descriptive
KXHOUSERACE-LA04-26-R,KXHOUSERACE,KXHOUSERACE-LA04-26,Will Republican win the House race for LA-04?,Republican party,,active,US_2026_general_election,14,usable,usable,0.9635,0.9405,2.300000000000002,2026-09-08T15:00:00Z,2026-08-24T17:00:00Z,same_contract_descriptive
KXHOUSERACE-LA04-26-R,KXHOUSERACE,KXHOUSERACE-LA04-26,Will Republican win the House race for LA-04?,Republican party,,active,US_2026_general_election,28,usable,usable,0.9635,0.9410000000000001,2.2499999999999964,2026-09-08T15:00:00Z,2026-08-11T15:00:00Z,same_contract_descriptive
KXHOUSERACE-LA04-26-D,KXHOUSERACE,KXHOUSERACE-LA04-26,Will Democratic win the House race for LA-04?,Democratic party,,active,US_2026_general_election,7,usable,usable,0.0225,0.0375,-1.5,2026-09-08T15:00:00Z,2026-09-01T12:00:00Z,same_contract_descriptive
KXHOUSERACE-LA04-26-D,KXHOUSERACE,KXHOUSERACE-LA04-26,Will Democratic win the House race for LA-04?,Democratic party,,active,US_2026_general_election,14,usable,usable,0.0225,0.059,-3.65,2026-09-08T15:00:00Z,2026-08-25T07:00:00Z,same_contract_descriptive
KXHOUSERACE-LA04-26-D,KXHOUSERACE,KXHOUSERACE-LA04-26,Will Democratic win the House race for LA-04?,Democratic party,,active,US_2026_general_election,28,usable,usable,0.0225,0.059,-3.65,2026-09-08T15:00:00Z,2026-08-11T15:00:00Z,same_contract_descriptive
KXHOUSERACE-LA02-26-R,KXHOUSERACE,KXHOUSERACE-LA02-26,Will Republican win the House race for LA-02?,Republican party,,active,US_2026_general_election,7,usable,usable,0.0055,0.0055,0.0,2026-09-08T15:00:00Z,2026-09-01T07:00:00Z,same_contract_descriptive
KXHOUSERACE-LA02-26-R,KXHOUSERACE,KXHOUSERACE-LA02-26,Will Republican win the House race for LA-02?,Republican party,,active,US_2026_general_election,14,usable,usable,0.0055,0.035,-2.9500000000000006,2026-09-08T15:00:00Z,2026-08-24T20:00:00Z,same_contract_descriptive
KXHOUSERACE-LA02-26-R,KXHOUSERACE,KXHOUSERACE-LA02-26,Will Republican win the House race for LA-02?,Republican party,,active,US_2026_general_election,28,usable,usable,0.0055,0.026,-2.05,2026-09-08T15:00:00Z,2026-08-11T15:00:00Z,same_contract_descriptive
KXHOUSERACE-LA02-26-D,KXHOUSERACE,KXHOUSERACE-LA02-26,Will Democratic win the House race for LA-02?,Democratic party,,active,US_2026_general_election,7,stale_observation,usable,,0.9944999999999999,,2026-09-06T19:00:00Z,2026-09-01T11:00:00Z,not_comparable
KXHOUSERACE-LA02-26-D,KXHOUSERACE,KXHOUSERACE-LA02-26,Will Democratic win the House race for LA-02?,Democratic party,,active,US_2026_general_election,14,stale_observation,usable,,0.97,,2026-09-06T19:00:00Z,2026-08-24T17:00:00Z,not_comparable
KXHOUSERACE-LA02-26-D,KXHOUSERACE,KXHOUSERACE-LA02-26,Will Democratic win the House race for LA-02?,Democratic party,,active,US_2026_general_election,28,stale_observation,usable,,0.98,,2026-09-06T19:00:00Z,2026-08-11T15:00:00Z,not_comparable
KXHOUSERACE-LA03-26-R,KXHOUSERACE,KXHOUSERACE-LA03-26,Will Republican win the House race for LA-03?,Republican party,,active,US_2026_general_election,7,stale_observation,usable,,0.969,,2026-09-04T20:00:00Z,2026-09-01T08:00:00Z,not_comparable
KXHOUSERACE-LA03-26-R,KXHOUSERACE,KXHOUSERACE-LA03-26,Will Republican win the House race for LA-03?,Republican party,,active,US_2026_general_election,14,stale_observation,usable,,0.9530000000000001,,2026-09-04T20:00:00Z,2026-08-24T17:00:00Z,not_comparable
KXHOUSERACE-LA03-26-R,KXHOUSERACE,KXHOUSERACE-LA03-26,Will Republican win the House race for LA-03?,Republican party,,active,US_2026_general_election,28,stale_observation,usable,,0.96,,2026-09-04T20:00:00Z,2026-08-11T15:00:00Z,not_comparable
KXHOUSERACE-LA03-26-D,KXHOUSERACE,KXHOUSERACE-LA03-26,Will Democratic win the House race for LA-03?,Democratic party,,active,US_2026_general_election,7,stale_observation,usable,,0.029,,2026-09-07T04:00:00Z,2026-09-01T12:00:00Z,not_comparable
KXHOUSERACE-LA03-26-D,KXHOUSERACE,KXHOUSERACE-LA03-26,Will Democratic win the House race for LA-03?,Democratic party,,active,US_2026_general_election,14,stale_observation,usable,,0.039,,2026-09-07T04:00:00Z,2026-08-25T15:00:00Z,not_comparable
KXHOUSERACE-LA03-26-D,KXHOUSERACE,KXHOUSERACE-LA03-26,Will Democratic win the House race for LA-03?,Democratic party,,active,US_2026_general_election,28,stale_observation,usable,,0.04,,2026-09-07T04:00:00Z,2026-08-11T15:00:00Z,not_comparable
KXHOUSERACE-LA01-26-R,KXHOUSERACE,KXHOUSERACE-LA01-26,Will Republican win the House race for LA-01?,Republican party,,active,US_2026_general_election,7,usable,usable,0.9465,0.9505,-0.40000000000000036,2026-09-08T14:00:00Z,2026-09-01T12:00:00Z,same_contract_descriptive
KXHOUSERACE-LA01-26-R,KXHOUSERACE,KXHOUSERACE-LA01-26,Will Republican win the House race for LA-01?,Republican party,,active,US_2026_general_election,14,usable,usable,0.9465,0.9515,-0.5000000000000004,2026-09-08T14:00:00Z,2026-08-24T17:00:00Z,same_contract_descriptive
KXHOUSERACE-LA01-26-R,KXHOUSERACE,KXHOUSERACE-LA01-26,Will Republican win the House race for LA-01?,Republican party,,active,US_2026_general_election,28,usable,usable,0.9465,0.958,-1.1499999999999955,2026-09-08T14:00:00Z,2026-08-11T15:00:00Z,same_contract_descriptive
KXHOUSERACE-LA01-26-D,KXHOUSERACE,KXHOUSERACE-LA01-26,Will Democratic win the House race for LA-01?,Democratic party,,active,US_2026_general_election,7,usable,usable,0.034,0.02,1.4000000000000001,2026-09-08T14:00:00Z,2026-09-01T05:00:00Z,same_contract_descriptive
KXHOUSERACE-LA01-26-D,KXHOUSERACE,KXHOUSERACE-LA01-26,Will Democratic win the House race for LA-01?,Democratic party,,active,US_2026_general_election,14,usable,usable,0.034,0.037500000000000006,-0.3500000000000003,2026-09-08T14:00:00Z,2026-08-25T09:00:00Z,same_contract_descriptive
KXHOUSERACE-LA01-26-D,KXHOUSERACE,KXHOUSERACE-LA01-26,Will Democratic win the House race for LA-01?,Democratic party,,active,US_2026_general_election,28,usable,usable,0.034,0.042,-0.8,2026-09-08T14:00:00Z,2026-08-11T15:00:00Z,same_contract_descriptive
KXHOUSERACE-KY06-26-R,KXHOUSERACE,KXHOUSERACE-KY06-26,Will Republican win the House race for KY-06?,Ralph Alvarado,,active,US_2026_general_election,7,usable,usable,0.725,0.7,2.500000000000002,2026-09-07T17:00:00Z,2026-09-01T15:00:00Z,same_contract_descriptive
KXHOUSERACE-KY06-26-R,KXHOUSERACE,KXHOUSERACE-KY06-26,Will Republican win the House race for KY-06?,Ralph Alvarado,,active,US_2026_general_election,14,usable,usable,0.725,0.775,-5.000000000000004,2026-09-07T17:00:00Z,2026-08-25T15:00:00Z,same_contract_descriptive
KXHOUSERACE-KY06-26-R,KXHOUSERACE,KXHOUSERACE-KY06-26,Will Republican win the House race for KY-06?,Ralph Alvarado,,active,US_2026_general_election,28,usable,usable,0.725,0.775,-5.000000000000004,2026-09-07T17:00:00Z,2026-08-11T15:00:00Z,same_contract_descriptive
KXHOUSERACE-KY06-26-D,KXHOUSERACE,KXHOUSERACE-KY06-26,Will Democratic win the House race for KY-06?,Zach Dembo,,active,US_2026_general_election,7,usable,usable,0.28,0.3,-1.9999999999999962,2026-09-08T06:00:00Z,2026-09-01T15:00:00Z,same_contract_descriptive
KXHOUSERACE-KY06-26-D,KXHOUSERACE,KXHOUSERACE-KY06-26,Will Democratic win the House race for KY-06?,Zach Dembo,,active,US_2026_general_election,14,usable,usable,0.28,0.22999999999999998,5.000000000000004,2026-09-08T06:00:00Z,2026-08-25T15:00:00Z,same_contract_descriptive
KXHOUSERACE-KY06-26-D,KXHOUSERACE,KXHOUSERACE-KY06-26,Will Democratic win the House race for KY-06?,Zach Dembo,,active,US_2026_general_election,28,usable,usable,0.28,0.22499999999999998,5.500000000000005,2026-09-08T06:00:00Z,2026-08-11T15:00:00Z,same_contract_descriptive
KXHOUSERACE-KY05-26-R,KXHOUSERACE,KXHOUSERACE-KY05-26,Will Republican win the House race for KY-05?,Hal Rogers,,active,US_2026_general_election,7,usable,usable,0.9595,0.96,-0.04999999999999449,2026-09-08T14:00:00Z,2026-09-01T12:00:00Z,same_contract_descriptive
KXHOUSERACE-KY05-26-R,KXHOUSERACE,KXHOUSERACE-KY05-26,Will Republican win the House race for KY-05?,Hal Rogers,,active,US_2026_general_election,14,usable,usable,0.9595,0.958,0.15000000000000568,2026-09-08T14:00:00Z,2026-08-24T17:00:00Z,same_contract_descriptive
KXHOUSERACE-KY05-26-R,KXHOUSERACE,KXHOUSERACE-KY05-26,Will Republican win the House race for KY-05?,Hal Rogers,,active,US_2026_general_election,28,usable,usable,0.9595,0.96,-0.04999999999999449,2026-09-08T14:00:00Z,2026-08-11T15:00:00Z,same_contract_descriptive
KXHOUSERACE-KY05-26-D,KXHOUSERACE,KXHOUSERACE-KY05-26,Will Democratic win the House race for KY-05?,Ned Pillersdorf,,active,US_2026_general_election,7,usable,usable,0.0255,0.0255,0.0,2026-09-08T14:00:00Z,2026-09-01T12:00:00Z,same_contract_descriptive
KXHOUSERACE-KY05-26-D,KXHOUSERACE,KXHOUSERACE-KY05-26,Will Democratic win the House race for KY-05?,Ned Pillersdorf,,active,US_2026_general_election,14,usable,usable,0.0255,0.0255,0.0,2026-09-08T14:00:00Z,2026-08-24T17:00:00Z,same_contract_descriptive
KXHOUSERACE-KY05-26-D,KXHOUSERACE,KXHOUSERACE-KY05-26,Will Democratic win the House race for KY-05?,Ned Pillersdorf,,active,US_2026_general_election,28,usable,usable,0.0255,0.04,-1.4500000000000002,2026-09-08T14:00:00Z,2026-08-11T15:00:00Z,same_contract_descriptive
KXHOUSERACE-KY04-26-R,KXHOUSERACE,KXHOUSERACE-KY04-26,Will Republican win the House race for KY-04?,Ed Gallrein,,active,US_2026_general_election,7,usable,usable,0.9415,0.9295,1.200000000000001,2026-09-08T15:00:00Z,2026-09-01T12:00:00Z,same_contract_descriptive
KXHOUSERACE-KY04-26-R,KXHOUSERACE,KXHOUSERACE-KY04-26,Will Republican win the House race for KY-04?,Ed Gallrein,,active,US_2026_general_election,14,usable,usable,0.9415,0.915,2.649999999999997,2026-09-08T15:00:00Z,2026-08-25T13:00:00Z,same_contract_descriptive
KXHOUSERACE-KY04-26-R,KXHOUSERACE,KXHOUSERACE-KY04-26,Will Republican win the House race for KY-04?,Ed Gallrein,,active,US_2026_general_election,28,usable,usable,0.9415,0.9195,2.200000000000002,2026-09-08T15:00:00Z,2026-08-11T15:00:00Z,same_contract_descriptive
KXHOUSERACE-KY04-26-D,KXHOUSERACE,KXHOUSERACE-KY04-26,Will Democratic win the House race for KY-04?,Melissa Claire Strange,,active,US_2026_general_election,7,usable,usable,0.031,0.055499999999999994,-2.4499999999999993,2026-09-08T15:00:00Z,2026-09-01T12:00:00Z,same_contract_descriptive
KXHOUSERACE-KY04-26-D,KXHOUSERACE,KXHOUSERACE-KY04-26,Will Democratic win the House race for KY-04?,Melissa Claire Strange,,active,US_2026_general_election,14,usable,usable,0.031,0.0655,-3.45,2026-09-08T15:00:00Z,2026-08-25T11:00:00Z,same_contract_descriptive
KXHOUSERACE-KY04-26-D,KXHOUSERACE,KXHOUSERACE-KY04-26,Will Democratic win the House race for KY-04?,Melissa Claire Strange,,active,US_2026_general_election,28,usable,usable,0.031,0.07050000000000001,-3.9500000000000006,2026-09-08T15:00:00Z,2026-08-11T15:00:00Z,same_contract_descriptive
KXHOUSERACE-KY03-26-R,KXHOUSERACE,KXHOUSERACE-KY03-26,Will Republican win the House race for KY-03?,Maria Rodriguez,,active,US_2026_general_election,7,usable,usable,0.025500000000000002,0.02,0.5500000000000002,2026-09-08T15:00:00Z,2026-09-01T14:00:00Z,same_contract_descriptive
KXHOUSERACE-KY03-26-R,KXHOUSERACE,KXHOUSERACE-KY03-26,Will Republican win the House race for KY-03?,Maria Rodriguez,,active,US_2026_general_election,14,usable,usable,0.025500000000000002,0.033,-0.75,2026-09-08T15:00:00Z,2026-08-24T17:00:00Z,same_contract_descriptive
KXHOUSERACE-KY03-26-R,KXHOUSERACE,KXHOUSERACE-KY03-26,Will Republican win the House race for KY-03?,Maria Rodriguez,,active,US_2026_general_election,28,usable,usable,0.025500000000000002,0.0325,-0.7,2026-09-08T15:00:00Z,2026-08-11T15:00:00Z,same_contract_descriptive
KXHOUSERACE-KY03-26-D,KXHOUSERACE,KXHOUSERACE-KY03-26,Will Democratic win the House race for KY-03?,Morgan McGarvey,,active,US_2026_general_election,7,stale_observation,usable,,0.9655,,2026-09-06T02:00:00Z,2026-09-01T12:00:00Z,not_comparable
KXHOUSERACE-KY03-26-D,KXHOUSERACE,KXHOUSERACE-KY03-26,Will Democratic win the House race for KY-03?,Morgan McGarvey,,active,US_2026_general_election,14,stale_observation,usable,,0.965,,2026-09-06T02:00:00Z,2026-08-24T17:00:00Z,not_comparable
KXHOUSERACE-KY03-26-D,KXHOUSERACE,KXHOUSERACE-KY03-26,Will Democratic win the House race for KY-03?,Morgan McGarvey,,active,US_2026_general_election,28,stale_observation,usable,,0.9675,,2026-09-06T02:00:00Z,2026-08-11T15:00:00Z,not_comparable
KXHOUSERACE-KY02-26-R,KXHOUSERACE,KXHOUSERACE-KY02-26,Will Republican win the House race for KY-02?,Brett Guthrie,,active,US_2026_general_election,7,usable,usable,0.9475,0.9305,1.7000000000000015,2026-09-08T14:00:00Z,2026-09-01T12:00:00Z,same_contract_descriptive
KXHOUSERACE-KY02-26-R,KXHOUSERACE,KXHOUSERACE-KY02-26,Will Republican win the House race for KY-02?,Brett Guthrie,,active,US_2026_general_election,14,usable,usable,0.9475,0.9335,1.4000000000000012,2026-09-08T14:00:00Z,2026-08-24T17:00:00Z,same_contract_descriptive
KXHOUSERACE-KY02-26-R,KXHOUSERACE,KXHOUSERACE-KY02-26,Will Republican win the House race for KY-02?,Brett Guthrie,,active,US_2026_general_election,28,usable,usable,0.9475,0.942,0.550000000000006,2026-09-08T14:00:00Z,2026-08-11T15:00:00Z,same_contract_descriptive
KXHOUSERACE-KY02-26-D,KXHOUSERACE,KXHOUSERACE-KY02-26,Will Democratic win the House race for KY-02?,Megan Wingfield,,active,US_2026_general_election,7,usable,usable,0.0485,0.0565,-0.8,2026-09-08T15:00:00Z,2026-09-01T15:00:00Z,same_contract_descriptive
KXHOUSERACE-KY02-26-D,KXHOUSERACE,KXHOUSERACE-KY02-26,Will Democratic win the House race for KY-02?,Megan Wingfield,,active,US_2026_general_election,14,usable,usable,0.0485,0.057999999999999996,-0.9499999999999995,2026-09-08T15:00:00Z,2026-08-25T15:00:00Z,same_contract_descriptive
KXHOUSERACE-KY02-26-D,KXHOUSERACE,KXHOUSERACE-KY02-26,Will Democratic win the House race for KY-02?,Megan Wingfield,,active,US_2026_general_election,28,usable,usable,0.0485,0.057999999999999996,-0.9499999999999995,2026-09-08T15:00:00Z,2026-08-11T15:00:00Z,same_contract_descriptive
KXHOUSERACE-KY01-26-R,KXHOUSERACE,KXHOUSERACE-KY01-26,Will Republican win the House race for KY-01?,James Comer,,active,US_2026_general_election,7,usable,usable,0.96,0.9475,1.2499999999999956,2026-09-08T14:00:00Z,2026-09-01T12:00:00Z,same_contract_descriptive
KXHOUSERACE-KY01-26-R,KXHOUSERACE,KXHOUSERACE-KY01-26,Will Republican win the House race for KY-01?,James Comer,,active,US_2026_general_election,14,usable,usable,0.96,0.944,1.6000000000000014,2026-09-08T14:00:00Z,2026-08-25T11:00:00Z,same_contract_descriptive
KXHOUSERACE-KY01-26-R,KXHOUSERACE,KXHOUSERACE-KY01-26,Will Republican win the House race for KY-01?,James Comer,,active,US_2026_general_election,28,usable,usable,0.96,0.953,0.7000000000000006,2026-09-08T14:00:00Z,2026-08-11T15:00:00Z,same_contract_descriptive
KXHOUSERACE-KY01-26-D,KXHOUSERACE,KXHOUSERACE-KY01-26,Will Democratic win the House race for KY-01?,Drew Williams,,active,US_2026_general_election,7,usable,usable,0.034,0.04,-0.5999999999999999,2026-09-08T14:00:00Z,2026-09-01T11:00:00Z,same_contract_descriptive
KXHOUSERACE-KY01-26-D,KXHOUSERACE,KXHOUSERACE-KY01-26,Will Democratic win the House race for KY-01?,Drew Williams,,active,US_2026_general_election,14,usable,usable,0.034,0.052000000000000005,-1.8000000000000003,2026-09-08T14:00:00Z,2026-08-25T11:00:00Z,same_contract_descriptive
KXHOUSERACE-KY01-26-D,KXHOUSERACE,KXHOUSERACE-KY01-26,Will Democratic win the House race for KY-01?,Drew Williams,,active,US_2026_general_election,28,usable,usable,0.034,0.047,-1.2999999999999998,2026-09-08T14:00:00Z,2026-08-11T15:00:00Z,same_contract_descriptive
KXHOUSERACE-KS03-26-R,KXHOUSERACE,KXHOUSERACE-KS03-26,Will Republican win the House race for KS-03?,Eric Jenkins,,active,US_2026_general_election,7,stale_observation,usable,,0.041,,2026-09-06T18:00:00Z,2026-09-01T12:00:00Z,not_comparable
KXHOUSERACE-KS03-26-R,KXHOUSERACE,KXHOUSERACE-KS03-26,Will Republican win the House race for KS-03?,Eric Jenkins,,active,US_2026_general_election,14,stale_observation,usable,,0.0625,,2026-09-06T18:00:00Z,2026-08-25T11:00:00Z,not_comparable
KXHOUSERACE-KS03-26-R,KXHOUSERACE,KXHOUSERACE-KS03-26,Will Republican win the House race for KS-03?,Eric Jenkins,,active,US_2026_general_election,28,stale_observation,usable,,0.069,,2026-09-06T18:00:00Z,2026-08-11T15:00:00Z,not_comparable
KXHOUSERACE-KS03-26-D,KXHOUSERACE,KXHOUSERACE-KS03-26,Will Democratic win the House race for KS-03?,Sharice Davids,,active,US_2026_general_election,7,usable,usable,0.9470000000000001,0.9624999999999999,-1.5499999999999847,2026-09-08T15:00:00Z,2026-09-01T14:00:00Z,same_contract_descriptive
KXHOUSERACE-KS03-26-D,KXHOUSERACE,KXHOUSERACE-KS03-26,Will Democratic win the House race for KS-03?,Sharice Davids,,active,US_2026_general_election,14,usable,usable,0.9470000000000001,0.9345,1.2500000000000067,2026-09-08T15:00:00Z,2026-08-25T13:00:00Z,same_contract_descriptive
KXHOUSERACE-KS03-26-D,KXHOUSERACE,KXHOUSERACE-KS03-26,Will Democratic win the House race for KS-03?,Sharice Davids,,active,US_2026_general_election,28,usable,usable,0.9470000000000001,0.931,1.6000000000000014,2026-09-08T15:00:00Z,2026-08-11T15:00:00Z,same_contract_descriptive
KXHOUSERACE-KS04-26-R,KXHOUSERACE,KXHOUSERACE-KS04-26,Will Republican win the House race for KS-04?,Ron Estes,,active,US_2026_general_election,7,usable,usable,0.9415,0.9604999999999999,-1.8999999999999906,2026-09-08T15:00:00Z,2026-09-01T15:00:00Z,same_contract_descriptive
KXHOUSERACE-KS04-26-R,KXHOUSERACE,KXHOUSERACE-KS04-26,Will Republican win the House race for KS-04?,Ron Estes,,active,US_2026_general_election,14,usable,usable,0.9415,0.948,-0.649999999999995,2026-09-08T15:00:00Z,2026-08-24T17:00:00Z,same_contract_descriptive
KXHOUSERACE-KS04-26-R,KXHOUSERACE,KXHOUSERACE-KS04-26,Will Republican win the House race for KS-04?,Ron Estes,,active,US_2026_general_election,28,usable,usable,0.9415,0.95,-0.8499999999999952,2026-09-08T15:00:00Z,2026-08-11T15:00:00Z,same_contract_descriptive
KXHOUSERACE-KS04-26-D,KXHOUSERACE,KXHOUSERACE-KS04-26,Will Democratic win the House race for KS-04?,Katy Tyndell,,active,US_2026_general_election,7,usable,usable,0.045000000000000005,0.04,0.5000000000000004,2026-09-08T15:00:00Z,2026-09-01T12:00:00Z,same_contract_descriptive
KXHOUSERACE-KS04-26-D,KXHOUSERACE,KXHOUSERACE-KS04-26,Will Democratic win the House race for KS-04?,Katy Tyndell,,active,US_2026_general_election,14,usable,usable,0.045000000000000005,0.053000000000000005,-0.8,2026-09-08T15:00:00Z,2026-08-25T15:00:00Z,same_contract_descriptive
KXHOUSERACE-KS04-26-D,KXHOUSERACE,KXHOUSERACE-KS04-26,Will Democratic win the House race for KS-04?,Katy Tyndell,,active,US_2026_general_election,28,usable,usable,0.045000000000000005,0.05,-0.4999999999999998,2026-09-08T15:00:00Z,2026-08-11T15:00:00Z,same_contract_descriptive
KXHOUSERACE-KS02-26-R,KXHOUSERACE,KXHOUSERACE-KS02-26,Will Republican win the House race for KS-02?,Derek Schmidt,,active,US_2026_general_election,7,usable,usable,0.9225,0.9199999999999999,0.2500000000000058,2026-09-08T14:00:00Z,2026-09-01T15:00:00Z,same_contract_descriptive
KXHOUSERACE-KS02-26-R,KXHOUSERACE,KXHOUSERACE-KS02-26,Will Republican win the House race for KS-02?,Derek Schmidt,,active,US_2026_general_election,14,usable,usable,0.9225,0.9245,-0.20000000000000018,2026-09-08T14:00:00Z,2026-08-25T15:00:00Z,same_contract_descriptive
KXHOUSERACE-KS02-26-R,KXHOUSERACE,KXHOUSERACE-KS02-26,Will Republican win the House race for KS-02?,Derek Schmidt,,active,US_2026_general_election,28,usable,usable,0.9225,0.929,-0.6500000000000061,2026-09-08T14:00:00Z,2026-08-11T15:00:00Z,same_contract_descriptive
KXHOUSERACE-KS02-26-D,KXHOUSERACE,KXHOUSERACE-KS02-26,Will Democratic win the House race for KS-02?,Don Coover,,active,US_2026_general_election,7,usable,usable,0.07400000000000001,0.10200000000000001,-2.8,2026-09-08T15:00:00Z,2026-09-01T15:00:00Z,same_contract_descriptive
KXHOUSERACE-KS02-26-D,KXHOUSERACE,KXHOUSERACE-KS02-26,Will Democratic win the House race for KS-02?,Don Coover,,active,US_2026_general_election,14,usable,usable,0.07400000000000001,0.07050000000000001,0.3500000000000003,2026-09-08T15:00:00Z,2026-08-25T13:00:00Z,same_contract_descriptive
KXHOUSERACE-KS02-26-D,KXHOUSERACE,KXHOUSERACE-KS02-26,Will Democratic win the House race for KS-02?,Don Coover,,active,US_2026_general_election,28,usable,usable,0.07400000000000001,0.071,0.30000000000000165,2026-09-08T15:00:00Z,2026-08-11T15:00:00Z,same_contract_descriptive
KXHOUSERACE-KS01-26-R,KXHOUSERACE,KXHOUSERACE-KS01-26,Will Republican win the House race for KS-01?,Tracey Mann,,active,US_2026_general_election,7,usable,usable,0.935,0.9395,-0.44999999999999485,2026-09-08T15:00:00Z,2026-09-01T15:00:00Z,same_contract_descriptive
KXHOUSERACE-KS01-26-R,KXHOUSERACE,KXHOUSERACE-KS01-26,Will Republican win the House race for KS-01?,Tracey Mann,,active,US_2026_general_election,14,usable,usable,0.935,0.9335,0.15000000000000568,2026-09-08T15:00:00Z,2026-08-25T07:00:00Z,same_contract_descriptive
KXHOUSERACE-KS01-26-R,KXHOUSERACE,KXHOUSERACE-KS01-26,Will Republican win the House race for KS-01?,Tracey Mann,,active,US_2026_general_election,28,usable,usable,0.935,0.931,0.40000000000000036,2026-09-08T15:00:00Z,2026-08-11T15:00:00Z,same_contract_descriptive
KXHOUSERACE-KS01-26-D,KXHOUSERACE,KXHOUSERACE-KS01-26,Will Democratic win the House race for KS-01?,Lauren Reinhold,,active,US_2026_general_election,7,usable,usable,0.05499999999999999,0.050499999999999996,0.44999999999999973,2026-09-08T14:00:00Z,2026-09-01T12:00:00Z,same_contract_descriptive
KXHOUSERACE-KS01-26-D,KXHOUSERACE,KXHOUSERACE-KS01-26,Will Democratic win the House race for KS-01?,Lauren Reinhold,,active,US_2026_general_election,14,usable,usable,0.05499999999999999,0.0625,-0.7500000000000007,2026-09-08T14:00:00Z,2026-08-25T06:00:00Z,same_contract_descriptive
KXHOUSERACE-KS01-26-D,KXHOUSERACE,KXHOUSERACE-KS01-26,Will Democratic win the House race for KS-01?,Lauren Reinhold,,active,US_2026_general_election,28,usable,usable,0.05499999999999999,0.062,-0.7000000000000006,2026-09-08T14:00:00Z,2026-08-11T15:00:00Z,same_contract_descriptive
KXHOUSERACE-IN09-26-R,KXHOUSERACE,KXHOUSERACE-IN09-26,Will Republican win the House race for IN-09?,Erin Houchin,,active,US_2026_general_election,7,usable,usable,0.959,0.94,1.9000000000000017,2026-09-08T10:00:00Z,2026-09-01T14:00:00Z,same_contract_descriptive
KXHOUSERACE-IN09-26-R,KXHOUSERACE,KXHOUSERACE-IN09-26,Will Republican win the House race for IN-09?,Erin Houchin,,active,US_2026_general_election,14,usable,usable,0.959,0.9315,2.749999999999997,2026-09-08T10:00:00Z,2026-08-25T15:00:00Z,same_contract_descriptive
KXHOUSERACE-IN09-26-R,KXHOUSERACE,KXHOUSERACE-IN09-26,Will Republican win the House race for IN-09?,Erin Houchin,,active,US_2026_general_election,28,usable,usable,0.959,0.937,2.199999999999991,2026-09-08T10:00:00Z,2026-08-11T15:00:00Z,same_contract_descriptive
KXHOUSERACE-IN09-26-D,KXHOUSERACE,KXHOUSERACE-IN09-26,Will Democratic win the House race for IN-09?,Brad Meyer,,active,US_2026_general_election,7,usable,usable,0.027,0.0645,-3.7500000000000004,2026-09-08T10:00:00Z,2026-09-01T14:00:00Z,same_contract_descriptive
KXHOUSERACE-IN09-26-D,KXHOUSERACE,KXHOUSERACE-IN09-26,Will Democratic win the House race for IN-09?,Brad Meyer,,active,US_2026_general_election,14,usable,usable,0.027,0.065,-3.8000000000000007,2026-09-08T10:00:00Z,2026-08-25T13:00:00Z,same_contract_descriptive
KXHOUSERACE-IN09-26-D,KXHOUSERACE,KXHOUSERACE-IN09-26,Will Democratic win the House race for IN-09?,Brad Meyer,,active,US_2026_general_election,28,usable,usable,0.027,0.0635,-3.6500000000000004,2026-09-08T10:00:00Z,2026-08-11T15:00:00Z,same_contract_descriptive
KXHOUSERACE-IN08-26-R,KXHOUSERACE,KXHOUSERACE-IN08-26,Will Republican win the House race for IN-08?,Mark Messmer,,active,US_2026_general_election,7,usable,usable,0.9485,0.942,0.6500000000000061,2026-09-08T15:00:00Z,2026-09-01T12:00:00Z,same_contract_descriptive
KXHOUSERACE-IN08-26-R,KXHOUSERACE,KXHOUSERACE-IN08-26,Will Republican win the House race for IN-08?,Mark Messmer,,active,US_2026_general_election,14,usable,usable,0.9485,0.9470000000000001,0.14999999999999458,2026-09-08T15:00:00Z,2026-08-25T11:00:00Z,same_contract_descriptive
KXHOUSERACE-IN08-26-R,KXHOUSERACE,KXHOUSERACE-IN08-26,Will Republican win the House race for IN-08?,Mark Messmer,,active,US_2026_general_election,28,usable,usable,0.9485,0.959,-1.0499999999999954,2026-09-08T15:00:00Z,2026-08-11T15:00:00Z,same_contract_descriptive
KXHOUSERACE-IN08-26-D,KXHOUSERACE,KXHOUSERACE-IN08-26,Will Democratic win the House race for IN-08?,Mary Allen,,active,US_2026_general_election,7,usable,usable,0.043,0.041,0.19999999999999948,2026-09-08T14:00:00Z,2026-08-31T23:00:00Z,same_contract_descriptive
KXHOUSERACE-IN08-26-D,KXHOUSERACE,KXHOUSERACE-IN08-26,Will Democratic win the House race for IN-08?,Mary Allen,,active,US_2026_general_election,14,usable,usable,0.043,0.041,0.19999999999999948,2026-09-08T14:00:00Z,2026-08-25T11:00:00Z,same_contract_descriptive
KXHOUSERACE-IN08-26-D,KXHOUSERACE,KXHOUSERACE-IN08-26,Will Democratic win the House race for IN-08?,Mary Allen,,active,US_2026_general_election,28,usable,usable,0.043,0.041,0.19999999999999948,2026-09-08T14:00:00Z,2026-08-11T15:00:00Z,same_contract_descriptive
KXHOUSERACE-IN06-26-R,KXHOUSERACE,KXHOUSERACE-IN06-26,Will Republican win the House race for IN-06?,Jefferson Shreve,,active,US_2026_general_election,7,usable,usable,0.9515,0.9515,0.0,2026-09-08T15:00:00Z,2026-09-01T12:00:00Z,same_contract_descriptive
KXHOUSERACE-IN06-26-R,KXHOUSERACE,KXHOUSERACE-IN06-26,Will Republican win the House race for IN-06?,Jefferson Shreve,,active,US_2026_general_election,14,usable,usable,0.9515,0.952,-0.04999999999999449,2026-09-08T15:00:00Z,2026-08-24T17:00:00Z,same_contract_descriptive
KXHOUSERACE-IN06-26-R,KXHOUSERACE,KXHOUSERACE-IN06-26,Will Republican win the House race for IN-06?,Jefferson Shreve,,active,US_2026_general_election,28,usable,usable,0.9515,0.959,-0.7499999999999951,2026-09-08T15:00:00Z,2026-08-11T15:00:00Z,same_contract_descriptive
KXHOUSERACE-IN06-26-D,KXHOUSERACE,KXHOUSERACE-IN06-26,Will Democratic win the House race for IN-06?,Cynthia Wirth,,active,US_2026_general_election,7,usable,usable,0.0405,0.041,-0.050000000000000044,2026-09-08T14:00:00Z,2026-09-01T12:00:00Z,same_contract_descriptive
KXHOUSERACE-IN06-26-D,KXHOUSERACE,KXHOUSERACE-IN06-26,Will Democratic win the House race for IN-06?,Cynthia Wirth,,active,US_2026_general_election,14,usable,usable,0.0405,0.0405,0.0,2026-09-08T14:00:00Z,2026-08-25T07:00:00Z,same_contract_descriptive
KXHOUSERACE-IN06-26-D,KXHOUSERACE,KXHOUSERACE-IN06-26,Will Democratic win the House race for IN-06?,Cynthia Wirth,,active,US_2026_general_election,28,usable,usable,0.0405,0.041,-0.050000000000000044,2026-09-08T14:00:00Z,2026-08-11T15:00:00Z,same_contract_descriptive
KXHOUSERACE-IN03-26-R,KXHOUSERACE,KXHOUSERACE-IN03-26,Will Republican win the House race for IN-03?,Marlin Stutzman,,active,US_2026_general_election,7,usable,usable,0.9615,0.9470000000000001,1.4499999999999957,2026-09-08T14:00:00Z,2026-09-01T12:00:00Z,same_contract_descriptive
KXHOUSERACE-IN03-26-R,KXHOUSERACE,KXHOUSERACE-IN03-26,Will Republican win the House race for IN-03?,Marlin Stutzman,,active,US_2026_general_election,14,usable,usable,0.9615,0.9470000000000001,1.4499999999999957,2026-09-08T14:00:00Z,2026-08-25T11:00:00Z,same_contract_descriptive
KXHOUSERACE-IN03-26-R,KXHOUSERACE,KXHOUSERACE-IN03-26,Will Republican win the House race for IN-03?,Marlin Stutzman,,active,US_2026_general_election,28,usable,usable,0.9615,0.959,0.2500000000000058,2026-09-08T14:00:00Z,2026-08-11T15:00:00Z,same_contract_descriptive
KXHOUSERACE-IN03-26-D,KXHOUSERACE,KXHOUSERACE-IN03-26,Will Democratic win the House race for IN-03?,Kelly Thompson,,active,US_2026_general_election,7,usable,usable,0.035500000000000004,0.041,-0.5499999999999998,2026-09-08T15:00:00Z,2026-09-01T12:00:00Z,same_contract_descriptive
KXHOUSERACE-IN03-26-D,KXHOUSERACE,KXHOUSERACE-IN03-26,Will Democratic win the House race for IN-03?,Kelly Thompson,,active,US_2026_general_election,14,usable,usable,0.035500000000000004,0.041,-0.5499999999999998,2026-09-08T15:00:00Z,2026-08-25T07:00:00Z,same_contract_descriptive
KXHOUSERACE-IN03-26-D,KXHOUSERACE,KXHOUSERACE-IN03-26,Will Democratic win the House race for IN-03?,Kelly Thompson,,active,US_2026_general_election,28,usable,usable,0.035500000000000004,0.041,-0.5499999999999998,2026-09-08T15:00:00Z,2026-08-11T15:00:00Z,same_contract_descriptive
KXHOUSERACE-IN05-26-R,KXHOUSERACE,KXHOUSERACE-IN05-26,Will Republican win the House race for IN-05?,Victoria Spartz,,active,US_2026_general_election,7,usable,usable,0.85,0.85,0.0,2026-09-08T15:00:00Z,2026-09-01T15:00:00Z,same_contract_descriptive
KXHOUSERACE-IN05-26-R,KXHOUSERACE,KXHOUSERACE-IN05-26,Will Republican win the House race for IN-05?,Victoria Spartz,,active,US_2026_general_election,14,usable,usable,0.85,0.855,-0.5000000000000004,2026-09-08T15:00:00Z,2026-08-25T15:00:00Z,same_contract_descriptive
KXHOUSERACE-IN05-26-R,KXHOUSERACE,KXHOUSERACE-IN05-26,Will Republican win the House race for IN-05?,Victoria Spartz,,active,US_2026_general_election,28,usable,usable,0.85,0.805,4.499999999999993,2026-09-08T15:00:00Z,2026-08-11T15:00:00Z,same_contract_descriptive
KXHOUSERACE-IN05-26-D,KXHOUSERACE,KXHOUSERACE-IN05-26,Will Democratic win the House race for IN-05?,J.D. Ford,,active,US_2026_general_election,7,usable,usable,0.135,0.14500000000000002,-1.0000000000000009,2026-09-08T15:00:00Z,2026-09-01T15:00:00Z,same_contract_descriptive
KXHOUSERACE-IN05-26-D,KXHOUSERACE,KXHOUSERACE-IN05-26,Will Democratic win the House race for IN-05?,J.D. Ford,,active,US_2026_general_election,14,usable,usable,0.135,0.14500000000000002,-1.0000000000000009,2026-09-08T15:00:00Z,2026-08-25T15:00:00Z,same_contract_descriptive
KXHOUSERACE-IN05-26-D,KXHOUSERACE,KXHOUSERACE-IN05-26,Will Democratic win the House race for IN-05?,J.D. Ford,,active,US_2026_general_election,28,usable,usable,0.135,0.20500000000000002,-7.000000000000001,2026-09-08T15:00:00Z,2026-08-11T15:00:00Z,same_contract_descriptive
KXHOUSERACE-IN04-26-R,KXHOUSERACE,KXHOUSERACE-IN04-26,Will Republican win the House race for IN-04?,Jim Baird,,active,US_2026_general_election,7,usable,usable,0.942,0.9259999999999999,1.6000000000000014,2026-09-08T14:00:00Z,2026-09-01T12:00:00Z,same_contract_descriptive
KXHOUSERACE-IN04-26-R,KXHOUSERACE,KXHOUSERACE-IN04-26,Will Republican win the House race for IN-04?,Jim Baird,,active,US_2026_general_election,14,usable,usable,0.942,0.9275,1.4499999999999957,2026-09-08T14:00:00Z,2026-08-25T13:00:00Z,same_contract_descriptive
KXHOUSERACE-IN04-26-R,KXHOUSERACE,KXHOUSERACE-IN04-26,Will Republican win the House race for IN-04?,Jim Baird,,active,US_2026_general_election,28,usable,usable,0.942,0.92,2.199999999999991,2026-09-08T14:00:00Z,2026-08-11T15:00:00Z,same_contract_descriptive
KXHOUSERACE-IN04-26-D,KXHOUSERACE,KXHOUSERACE-IN04-26,Will Democratic win the House race for IN-04?,Drew Cox,,active,US_2026_general_election,7,usable,usable,0.032,0.0615,-2.9499999999999997,2026-09-08T10:00:00Z,2026-09-01T13:00:00Z,same_contract_descriptive
KXHOUSERACE-IN04-26-D,KXHOUSERACE,KXHOUSERACE-IN04-26,Will Democratic win the House race for IN-04?,Drew Cox,,active,US_2026_general_election,14,usable,stale_observation,0.032,,,2026-09-08T10:00:00Z,2026-08-24T09:00:00Z,not_comparable
KXHOUSERACE-IN04-26-D,KXHOUSERACE,KXHOUSERACE-IN04-26,Will Democratic win the House race for IN-04?,Drew Cox,,active,US_2026_general_election,28,usable,usable,0.032,0.0775,-4.55,2026-09-08T10:00:00Z,2026-08-11T15:00:00Z,same_contract_descriptive
KXHOUSERACE-IN02-26-R,KXHOUSERACE,KXHOUSERACE-IN02-26,Will Republican win the House race for IN-02?,Rudy Yakym,,active,US_2026_general_election,7,usable,usable,0.97,0.972,-0.20000000000000018,2026-09-08T12:00:00Z,2026-09-01T15:00:00Z,same_contract_descriptive
KXHOUSERACE-IN02-26-R,KXHOUSERACE,KXHOUSERACE-IN02-26,Will Republican win the House race for IN-02?,Rudy Yakym,,active,US_2026_general_election,14,usable,usable,0.97,0.9359999999999999,3.400000000000003,2026-09-08T12:00:00Z,2026-08-25T11:00:00Z,same_contract_descriptive
KXHOUSERACE-IN02-26-R,KXHOUSERACE,KXHOUSERACE-IN02-26,Will Republican win the House race for IN-02?,Rudy Yakym,,active,US_2026_general_election,28,usable,usable,0.97,0.9275,4.249999999999998,2026-09-08T12:00:00Z,2026-08-11T15:00:00Z,same_contract_descriptive
KXHOUSERACE-IN02-26-D,KXHOUSERACE,KXHOUSERACE-IN02-26,Will Democratic win the House race for IN-02?,Jamee Decio,,active,US_2026_general_election,7,usable,usable,0.037,0.027999999999999997,0.9000000000000001,2026-09-08T09:00:00Z,2026-09-01T14:00:00Z,same_contract_descriptive
KXHOUSERACE-IN02-26-D,KXHOUSERACE,KXHOUSERACE-IN02-26,Will Democratic win the House race for IN-02?,Jamee Decio,,active,US_2026_general_election,14,usable,usable,0.037,0.065,-2.8000000000000003,2026-09-08T09:00:00Z,2026-08-25T14:00:00Z,same_contract_descriptive
KXHOUSERACE-IN02-26-D,KXHOUSERACE,KXHOUSERACE-IN02-26,Will Democratic win the House race for IN-02?,Jamee Decio,,active,US_2026_general_election,28,usable,usable,0.037,0.07250000000000001,-3.550000000000001,2026-09-08T09:00:00Z,2026-08-11T15:00:00Z,same_contract_descriptive
KXHOUSERACE-IL15-26-R,KXHOUSERACE,KXHOUSERACE-IL15-26,Will Republican win the House race for IL-15?,Mary Miller,,active,US_2026_general_election,7,usable,usable,0.956,0.9390000000000001,1.6999999999999904,2026-09-08T14:00:00Z,2026-09-01T12:00:00Z,same_contract_descriptive
KXHOUSERACE-IL15-26-R,KXHOUSERACE,KXHOUSERACE-IL15-26,Will Republican win the House race for IL-15?,Mary Miller,,active,US_2026_general_election,14,usable,usable,0.956,0.94,1.6000000000000014,2026-09-08T14:00:00Z,2026-08-25T07:00:00Z,same_contract_descriptive
KXHOUSERACE-IL15-26-R,KXHOUSERACE,KXHOUSERACE-IL15-26,Will Republican win the House race for IL-15?,Mary Miller,,active,US_2026_general_election,28,usable,usable,0.956,0.9339999999999999,2.200000000000002,2026-09-08T14:00:00Z,2026-08-11T15:00:00Z,same_contract_descriptive
KXHOUSERACE-IL15-26-D,KXHOUSERACE,KXHOUSERACE-IL15-26,Will Democratic win the House race for IL-15?,Jennifer Todd,,active,US_2026_general_election,7,usable,usable,0.026500000000000003,0.036000000000000004,-0.9500000000000002,2026-09-08T15:00:00Z,2026-09-01T12:00:00Z,same_contract_descriptive
KXHOUSERACE-IL15-26-D,KXHOUSERACE,KXHOUSERACE-IL15-26,Will Democratic win the House race for IL-15?,Jennifer Todd,,active,US_2026_general_election,14,usable,usable,0.026500000000000003,0.041,-1.45,2026-09-08T15:00:00Z,2026-08-25T06:00:00Z,same_contract_descriptive
KXHOUSERACE-IL15-26-D,KXHOUSERACE,KXHOUSERACE-IL15-26,Will Democratic win the House race for IL-15?,Jennifer Todd,,active,US_2026_general_election,28,usable,usable,0.026500000000000003,0.0495,-2.3,2026-09-08T15:00:00Z,2026-08-11T15:00:00Z,same_contract_descriptive
KXHOUSERACE-IL16-26-R,KXHOUSERACE,KXHOUSERACE-IL16-26,Will Republican win the House race for IL-16?,Darin LaHood,,active,US_2026_general_election,7,usable,usable,0.9410000000000001,0.919,2.200000000000002,2026-09-08T14:00:00Z,2026-09-01T12:00:00Z,same_contract_descriptive
KXHOUSERACE-IL16-26-R,KXHOUSERACE,KXHOUSERACE-IL16-26,Will Republican win the House race for IL-16?,Darin LaHood,,active,US_2026_general_election,14,usable,usable,0.9410000000000001,0.9275,1.3500000000000068,2026-09-08T14:00:00Z,2026-08-25T13:00:00Z,same_contract_descriptive
KXHOUSERACE-IL16-26-R,KXHOUSERACE,KXHOUSERACE-IL16-26,Will Republican win the House race for IL-16?,Darin LaHood,,active,US_2026_general_election,28,usable,usable,0.9410000000000001,0.9145000000000001,2.649999999999997,2026-09-08T14:00:00Z,2026-08-11T15:00:00Z,same_contract_descriptive
KXHOUSERACE-IL16-26-D,KXHOUSERACE,KXHOUSERACE-IL16-26,Will Democratic win the House race for IL-16?,Paul Nolley,,active,US_2026_general_election,7,usable,usable,0.05,0.0805,-3.05,2026-09-08T15:00:00Z,2026-09-01T13:00:00Z,same_contract_descriptive
KXHOUSERACE-IL16-26-D,KXHOUSERACE,KXHOUSERACE-IL16-26,Will Democratic win the House race for IL-16?,Paul Nolley,,active,US_2026_general_election,14,usable,usable,0.05,0.0725,-2.249999999999999,2026-09-08T15:00:00Z,2026-08-25T13:00:00Z,same_contract_descriptive
KXHOUSERACE-IL16-26-D,KXHOUSERACE,KXHOUSERACE-IL16-26,Will Democratic win the House race for IL-16?,Paul Nolley,,active,US_2026_general_election,28,usable,usable,0.05,0.08549999999999999,-3.549999999999999,2026-09-08T15:00:00Z,2026-08-11T15:00:00Z,same_contract_descriptive
KXHOUSERACE-IL13-26-R,KXHOUSERACE,KXHOUSERACE-IL13-26,Will Republican win the House race for IL-13?,Jeff Wilson,,active,US_2026_general_election,7,usable,usable,0.043,0.0415,0.14999999999999944,2026-09-08T15:00:00Z,2026-09-01T12:00:00Z,same_contract_descriptive
KXHOUSERACE-IL13-26-R,KXHOUSERACE,KXHOUSERACE-IL13-26,Will Republican win the House race for IL-13?,Jeff Wilson,,active,US_2026_general_election,14,usable,usable,0.043,0.0405,0.24999999999999953,2026-09-08T15:00:00Z,2026-08-24T17:00:00Z,same_contract_descriptive
KXHOUSERACE-IL13-26-R,KXHOUSERACE,KXHOUSERACE-IL13-26,Will Republican win the House race for IL-13?,Jeff Wilson,,active,US_2026_general_election,28,usable,usable,0.043,0.041,0.19999999999999948,2026-09-08T15:00:00Z,2026-08-11T15:00:00Z,same_contract_descriptive
KXHOUSERACE-IL13-26-D,KXHOUSERACE,KXHOUSERACE-IL13-26,Will Democratic win the House race for IL-13?,Nikki Budzinski,,active,US_2026_general_election,7,usable,usable,0.952,0.9515,0.04999999999999449,2026-09-08T14:00:00Z,2026-09-01T12:00:00Z,same_contract_descriptive
KXHOUSERACE-IL13-26-D,KXHOUSERACE,KXHOUSERACE-IL13-26,Will Democratic win the House race for IL-13?,Nikki Budzinski,,active,US_2026_general_election,14,usable,usable,0.952,0.9550000000000001,-0.30000000000001137,2026-09-08T14:00:00Z,2026-08-24T17:00:00Z,same_contract_descriptive
KXHOUSERACE-IL13-26-D,KXHOUSERACE,KXHOUSERACE-IL13-26,Will Democratic win the House race for IL-13?,Nikki Budzinski,,active,US_2026_general_election,28,usable,usable,0.952,0.959,-0.7000000000000006,2026-09-08T14:00:00Z,2026-08-11T15:00:00Z,same_contract_descriptive
KXHOUSERACE-IL14-26-R,KXHOUSERACE,KXHOUSERACE-IL14-26,Will Republican win the House race for IL-14?,James Marter,,active,US_2026_general_election,7,usable,usable,0.0375,0.0165,2.0999999999999996,2026-09-08T15:00:00Z,2026-09-01T15:00:00Z,same_contract_descriptive
KXHOUSERACE-IL14-26-R,KXHOUSERACE,KXHOUSERACE-IL14-26,Will Republican win the House race for IL-14?,James Marter,,active,US_2026_general_election,14,usable,usable,0.0375,0.036500000000000005,0.0999999999999994,2026-09-08T15:00:00Z,2026-08-25T14:00:00Z,same_contract_descriptive
KXHOUSERACE-IL14-26-R,KXHOUSERACE,KXHOUSERACE-IL14-26,Will Republican win the House race for IL-14?,James Marter,,active,US_2026_general_election,28,usable,usable,0.0375,0.0365,0.10000000000000009,2026-09-08T15:00:00Z,2026-08-11T15:00:00Z,same_contract_descriptive
KXHOUSERACE-IL14-26-D,KXHOUSERACE,KXHOUSERACE-IL14-26,Will Democratic win the House race for IL-14?,Lauren Underwood,,active,US_2026_general_election,7,usable,usable,0.9630000000000001,0.9835,-2.0499999999999963,2026-09-08T14:00:00Z,2026-09-01T15:00:00Z,same_contract_descriptive
KXHOUSERACE-IL14-26-D,KXHOUSERACE,KXHOUSERACE-IL14-26,Will Democratic win the House race for IL-14?,Lauren Underwood,,active,US_2026_general_election,14,usable,usable,0.9630000000000001,0.9595,0.35000000000000586,2026-09-08T14:00:00Z,2026-08-25T14:00:00Z,same_contract_descriptive
KXHOUSERACE-IL14-26-D,KXHOUSERACE,KXHOUSERACE-IL14-26,Will Democratic win the House race for IL-14?,Lauren Underwood,,active,US_2026_general_election,28,usable,usable,0.9630000000000001,0.963,1.1102230246251565e-14,2026-09-08T14:00:00Z,2026-08-11T15:00:00Z,same_contract_descriptive
KXHOUSERACE-IL12-26-R,KXHOUSERACE,KXHOUSERACE-IL12-26,Will Republican win the House race for IL-12?,Mike Bost,,active,US_2026_general_election,7,usable,usable,0.942,0.9315,1.0499999999999954,2026-09-08T14:00:00Z,2026-09-01T15:00:00Z,same_contract_descriptive
KXHOUSERACE-IL12-26-R,KXHOUSERACE,KXHOUSERACE-IL12-26,Will Republican win the House race for IL-12?,Mike Bost,,active,US_2026_general_election,14,usable,usable,0.942,0.9390000000000001,0.29999999999998916,2026-09-08T14:00:00Z,2026-08-25T15:00:00Z,same_contract_descriptive
KXHOUSERACE-IL12-26-R,KXHOUSERACE,KXHOUSERACE-IL12-26,Will Republican win the House race for IL-12?,Mike Bost,,active,US_2026_general_election,28,usable,usable,0.942,0.9279999999999999,1.4000000000000012,2026-09-08T14:00:00Z,2026-08-11T15:00:00Z,same_contract_descriptive
KXHOUSERACE-IL12-26-D,KXHOUSERACE,KXHOUSERACE-IL12-26,Will Democratic win the House race for IL-12?,Julie Fortier,,active,US_2026_general_election,7,usable,usable,0.049499999999999995,0.0615,-1.2000000000000004,2026-09-08T14:00:00Z,2026-09-01T15:00:00Z,same_contract_descriptive
KXHOUSERACE-IL12-26-D,KXHOUSERACE,KXHOUSERACE-IL12-26,Will Democratic win the House race for IL-12?,Julie Fortier,,active,US_2026_general_election,14,usable,usable,0.049499999999999995,0.0625,-1.3000000000000005,2026-09-08T14:00:00Z,2026-08-25T15:00:00Z,same_contract_descriptive
KXHOUSERACE-IL12-26-D,KXHOUSERACE,KXHOUSERACE-IL12-26,Will Democratic win the House race for IL-12?,Julie Fortier,,active,US_2026_general_election,28,usable,usable,0.049499999999999995,0.072,-2.25,2026-09-08T14:00:00Z,2026-08-11T15:00:00Z,same_contract_descriptive
KXHOUSERACE-IL10-26-R,KXHOUSERACE,KXHOUSERACE-IL10-26,Will Republican win the House race for IL-10?,Carl Lambrecht,,active,US_2026_general_election,7,usable,usable,0.0325,0.036,-0.34999999999999964,2026-09-08T15:00:00Z,2026-09-01T03:00:00Z,same_contract_descriptive
KXHOUSERACE-IL10-26-R,KXHOUSERACE,KXHOUSERACE-IL10-26,Will Republican win the House race for IL-10?,Carl Lambrecht,,active,US_2026_general_election,14,usable,usable,0.0325,0.035500000000000004,-0.30000000000000027,2026-09-08T15:00:00Z,2026-08-25T15:00:00Z,same_contract_descriptive
KXHOUSERACE-IL10-26-R,KXHOUSERACE,KXHOUSERACE-IL10-26,Will Republican win the House race for IL-10?,Carl Lambrecht,,active,US_2026_general_election,28,usable,usable,0.0325,0.035500000000000004,-0.30000000000000027,2026-09-08T15:00:00Z,2026-08-11T15:00:00Z,same_contract_descriptive
KXHOUSERACE-IL10-26-D,KXHOUSERACE,KXHOUSERACE-IL10-26,Will Democratic win the House race for IL-10?,Brad Schneider,,active,US_2026_general_election,7,usable,usable,0.971,0.9544999999999999,1.650000000000007,2026-09-08T09:00:00Z,2026-09-01T12:00:00Z,same_contract_descriptive
KXHOUSERACE-IL10-26-D,KXHOUSERACE,KXHOUSERACE-IL10-26,Will Democratic win the House race for IL-10?,Brad Schneider,,active,US_2026_general_election,14,usable,usable,0.971,0.9555,1.5499999999999958,2026-09-08T09:00:00Z,2026-08-25T11:00:00Z,same_contract_descriptive
KXHOUSERACE-IL10-26-D,KXHOUSERACE,KXHOUSERACE-IL10-26,Will Democratic win the House race for IL-10?,Brad Schneider,,active,US_2026_general_election,28,usable,usable,0.971,0.96,1.100000000000001,2026-09-08T09:00:00Z,2026-08-11T15:00:00Z,same_contract_descriptive
KXHOUSERACE-IL11-26-R,KXHOUSERACE,KXHOUSERACE-IL11-26,Will Republican win the House race for IL-11?,Jeff Walter,,active,US_2026_general_election,7,stale_observation,usable,,0.047,,2026-09-07T07:00:00Z,2026-09-01T12:00:00Z,not_comparable
KXHOUSERACE-IL11-26-R,KXHOUSERACE,KXHOUSERACE-IL11-26,Will Republican win the House race for IL-11?,Jeff Walter,,active,US_2026_general_election,14,stale_observation,usable,,0.046,,2026-09-07T07:00:00Z,2026-08-25T12:00:00Z,not_comparable
KXHOUSERACE-IL11-26-R,KXHOUSERACE,KXHOUSERACE-IL11-26,Will Republican win the House race for IL-11?,Jeff Walter,,active,US_2026_general_election,28,stale_observation,usable,,0.047,,2026-09-07T07:00:00Z,2026-08-11T15:00:00Z,not_comparable
KXHOUSERACE-IL11-26-D,KXHOUSERACE,KXHOUSERACE-IL11-26,Will Democratic win the House race for IL-11?,Bill Foster,,active,US_2026_general_election,7,usable,usable,0.9475,0.9495,-0.20000000000000018,2026-09-08T14:00:00Z,2026-09-01T12:00:00Z,same_contract_descriptive
KXHOUSERACE-IL11-26-D,KXHOUSERACE,KXHOUSERACE-IL11-26,Will Democratic win the House race for IL-11?,Bill Foster,,active,US_2026_general_election,14,usable,usable,0.9475,0.95,-0.24999999999999467,2026-09-08T14:00:00Z,2026-08-24T20:00:00Z,same_contract_descriptive
KXHOUSERACE-IL11-26-D,KXHOUSERACE,KXHOUSERACE-IL11-26,Will Democratic win the House race for IL-11?,Bill Foster,,active,US_2026_general_election,28,usable,usable,0.9475,0.953,-0.5499999999999949,2026-09-08T14:00:00Z,2026-08-11T15:00:00Z,same_contract_descriptive
KXHOUSERACE-IL09-26-R,KXHOUSERACE,KXHOUSERACE-IL09-26,Will Republican win the House race for IL-09?,John Elleson,,active,US_2026_general_election,7,usable,usable,0.030500000000000003,0.0305,3.469446951953614e-16,2026-09-08T14:00:00Z,2026-09-01T12:00:00Z,same_contract_descriptive
KXHOUSERACE-IL09-26-R,KXHOUSERACE,KXHOUSERACE-IL09-26,Will Republican win the House race for IL-09?,John Elleson,,active,US_2026_general_election,14,usable,usable,0.030500000000000003,0.031,-0.0499999999999997,2026-09-08T14:00:00Z,2026-08-24T17:00:00Z,same_contract_descriptive
KXHOUSERACE-IL09-26-R,KXHOUSERACE,KXHOUSERACE-IL09-26,Will Republican win the House race for IL-09?,John Elleson,,active,US_2026_general_election,28,usable,usable,0.030500000000000003,0.03,0.05000000000000039,2026-09-08T14:00:00Z,2026-08-11T15:00:00Z,same_contract_descriptive
KXHOUSERACE-IL09-26-D,KXHOUSERACE,KXHOUSERACE-IL09-26,Will Democratic win the House race for IL-09?,Daniel Biss,,active,US_2026_general_election,7,usable,usable,0.9735,0.974,-0.04999999999999449,2026-09-08T15:00:00Z,2026-09-01T15:00:00Z,same_contract_descriptive
KXHOUSERACE-IL09-26-D,KXHOUSERACE,KXHOUSERACE-IL09-26,Will Democratic win the House race for IL-09?,Daniel Biss,,active,US_2026_general_election,14,usable,usable,0.9735,0.965,0.8500000000000063,2026-09-08T15:00:00Z,2026-08-24T17:00:00Z,same_contract_descriptive
KXHOUSERACE-IL09-26-D,KXHOUSERACE,KXHOUSERACE-IL09-26,Will Democratic win the House race for IL-09?,Daniel Biss,,active,US_2026_general_election,28,usable,usable,0.9735,0.97,0.35000000000000586,2026-09-08T15:00:00Z,2026-08-11T15:00:00Z,same_contract_descriptive
KXHOUSERACE-IL07-26-R,KXHOUSERACE,KXHOUSERACE-IL07-26,Will Republican win the House race for IL-07?,Chad Koppie,,active,US_2026_general_election,7,usable,stale_observation,0.023,,,2026-09-08T14:00:00Z,2026-08-31T13:00:00Z,not_comparable
KXHOUSERACE-IL07-26-R,KXHOUSERACE,KXHOUSERACE-IL07-26,Will Republican win the House race for IL-07?,Chad Koppie,,active,US_2026_general_election,14,usable,usable,0.023,0.024,-0.10000000000000009,2026-09-08T14:00:00Z,2026-08-25T05:00:00Z,same_contract_descriptive
KXHOUSERACE-IL07-26-R,KXHOUSERACE,KXHOUSERACE-IL07-26,Will Republican win the House race for IL-07?,Chad Koppie,,active,US_2026_general_election,28,usable,usable,0.023,0.015000000000000001,0.7999999999999998,2026-09-08T14:00:00Z,2026-08-11T15:00:00Z,same_contract_descriptive
KXHOUSERACE-IL07-26-D,KXHOUSERACE,KXHOUSERACE-IL07-26,Will Democratic win the House race for IL-07?,La Shawn Ford,,active,US_2026_general_election,7,stale_observation,stale_observation,,,,2026-09-06T21:00:00Z,2026-08-31T07:00:00Z,not_comparable
KXHOUSERACE-IL07-26-D,KXHOUSERACE,KXHOUSERACE-IL07-26,Will Democratic win the House race for IL-07?,La Shawn Ford,,active,US_2026_general_election,14,stale_observation,usable,,0.9764999999999999,,2026-09-06T21:00:00Z,2026-08-25T01:00:00Z,not_comparable
KXHOUSERACE-IL07-26-D,KXHOUSERACE,KXHOUSERACE-IL07-26,Will Democratic win the House race for IL-07?,La Shawn Ford,,active,US_2026_general_election,28,stale_observation,usable,,0.9804999999999999,,2026-09-06T21:00:00Z,2026-08-11T15:00:00Z,not_comparable
KXHOUSERACE-IL08-26-R,KXHOUSERACE,KXHOUSERACE-IL08-26,Will Republican win the House race for IL-08?,Jennifer Davis,,active,US_2026_general_election,7,usable,usable,0.0615,0.082,-2.0500000000000003,2026-09-08T14:00:00Z,2026-09-01T12:00:00Z,same_contract_descriptive
KXHOUSERACE-IL08-26-R,KXHOUSERACE,KXHOUSERACE-IL08-26,Will Republican win the House race for IL-08?,Jennifer Davis,,active,US_2026_general_election,14,usable,usable,0.0615,0.076,-1.45,2026-09-08T14:00:00Z,2026-08-25T07:00:00Z,same_contract_descriptive
KXHOUSERACE-IL08-26-R,KXHOUSERACE,KXHOUSERACE-IL08-26,Will Republican win the House race for IL-08?,Jennifer Davis,,active,US_2026_general_election,28,usable,usable,0.0615,0.0865,-2.4999999999999996,2026-09-08T14:00:00Z,2026-08-11T15:00:00Z,same_contract_descriptive
KXHOUSERACE-IL08-26-D,KXHOUSERACE,KXHOUSERACE-IL08-26,Will Democratic win the House race for IL-08?,Melissa Bean,,active,US_2026_general_election,7,usable,usable,0.9279999999999999,0.9175,1.0499999999999954,2026-09-08T15:00:00Z,2026-09-01T12:00:00Z,same_contract_descriptive
KXHOUSERACE-IL08-26-D,KXHOUSERACE,KXHOUSERACE-IL08-26,Will Democratic win the House race for IL-08?,Melissa Bean,,active,US_2026_general_election,14,usable,usable,0.9279999999999999,0.9239999999999999,0.40000000000000036,2026-09-08T15:00:00Z,2026-08-25T07:00:00Z,same_contract_descriptive
KXHOUSERACE-IL08-26-D,KXHOUSERACE,KXHOUSERACE-IL08-26,Will Democratic win the House race for IL-08?,Melissa Bean,,active,US_2026_general_election,28,usable,usable,0.9279999999999999,0.9135,1.4499999999999957,2026-09-08T15:00:00Z,2026-08-11T15:00:00Z,same_contract_descriptive
KXHOUSERACE-IL06-26-R,KXHOUSERACE,KXHOUSERACE-IL06-26,Will Republican win the House race for IL-06?,Niki Conforti,,active,US_2026_general_election,7,stale_observation,usable,,0.026,,2026-09-04T20:00:00Z,2026-08-31T23:00:00Z,not_comparable
KXHOUSERACE-IL06-26-R,KXHOUSERACE,KXHOUSERACE-IL06-26,Will Republican win the House race for IL-06?,Niki Conforti,,active,US_2026_general_election,14,stale_observation,usable,,0.025500000000000002,,2026-09-04T20:00:00Z,2026-08-25T15:00:00Z,not_comparable
KXHOUSERACE-IL06-26-R,KXHOUSERACE,KXHOUSERACE-IL06-26,Will Republican win the House race for IL-06?,Niki Conforti,,active,US_2026_general_election,28,stale_observation,usable,,0.016,,2026-09-04T20:00:00Z,2026-08-11T15:00:00Z,not_comparable
KXHOUSERACE-IL06-26-D,KXHOUSERACE,KXHOUSERACE-IL06-26,Will Democratic win the House race for IL-06?,Sean Casten,,active,US_2026_general_election,7,stale_observation,usable,,0.974,,2026-09-04T20:00:00Z,2026-08-31T23:00:00Z,not_comparable
KXHOUSERACE-IL06-26-D,KXHOUSERACE,KXHOUSERACE-IL06-26,Will Democratic win the House race for IL-06?,Sean Casten,,active,US_2026_general_election,14,stale_observation,usable,,0.97,,2026-09-04T20:00:00Z,2026-08-24T17:00:00Z,not_comparable
KXHOUSERACE-IL06-26-D,KXHOUSERACE,KXHOUSERACE-IL06-26,Will Democratic win the House race for IL-06?,Sean Casten,,active,US_2026_general_election,28,stale_observation,usable,,0.9795,,2026-09-04T20:00:00Z,2026-08-11T15:00:00Z,not_comparable
KXHOUSERACE-IL05-26-R,KXHOUSERACE,KXHOUSERACE-IL05-26,Will Republican win the House race for IL-05?,Tommy Hanson,,active,US_2026_general_election,7,usable,usable,0.018500000000000003,0.018500000000000003,0.0,2026-09-08T15:00:00Z,2026-09-01T15:00:00Z,same_contract_descriptive
KXHOUSERACE-IL05-26-R,KXHOUSERACE,KXHOUSERACE-IL05-26,Will Republican win the House race for IL-05?,Tommy Hanson,,active,US_2026_general_election,14,usable,usable,0.018500000000000003,0.024,-0.5499999999999998,2026-09-08T15:00:00Z,2026-08-24T17:00:00Z,same_contract_descriptive
KXHOUSERACE-IL05-26-R,KXHOUSERACE,KXHOUSERACE-IL05-26,Will Republican win the House race for IL-05?,Tommy Hanson,,active,US_2026_general_election,28,usable,usable,0.018500000000000003,0.0145,0.4000000000000002,2026-09-08T15:00:00Z,2026-08-11T15:00:00Z,same_contract_descriptive
KXHOUSERACE-IL05-26-D,KXHOUSERACE,KXHOUSERACE-IL05-26,Will Democratic win the House race for IL-05?,Mike Quigley,,active,US_2026_general_election,7,usable,usable,0.9815,0.9815,0.0,2026-09-08T15:00:00Z,2026-09-01T15:00:00Z,same_contract_descriptive
KXHOUSERACE-IL05-26-D,KXHOUSERACE,KXHOUSERACE-IL05-26,Will Democratic win the House race for IL-05?,Mike Quigley,,active,US_2026_general_election,14,usable,usable,0.9815,0.9724999999999999,0.9000000000000119,2026-09-08T15:00:00Z,2026-08-24T17:00:00Z,same_contract_descriptive
KXHOUSERACE-IL05-26-D,KXHOUSERACE,KXHOUSERACE-IL05-26,Will Democratic win the House race for IL-05?,Mike Quigley,,active,US_2026_general_election,28,usable,usable,0.9815,0.981,0.050000000000005596,2026-09-08T15:00:00Z,2026-08-11T15:00:00Z,same_contract_descriptive
KXHOUSERACE-IL04-26-R,KXHOUSERACE,KXHOUSERACE-IL04-26,Will Republican win the House race for IL-04?,Lupe Castillo,,active,US_2026_general_election,7,usable,usable,0.0365,0.056999999999999995,-2.05,2026-09-08T14:00:00Z,2026-09-01T12:00:00Z,same_contract_descriptive
KXHOUSERACE-IL04-26-R,KXHOUSERACE,KXHOUSERACE-IL04-26,Will Republican win the House race for IL-04?,Lupe Castillo,,active,US_2026_general_election,14,usable,usable,0.0365,0.0305,0.5999999999999999,2026-09-08T14:00:00Z,2026-08-24T17:00:00Z,same_contract_descriptive
KXHOUSERACE-IL04-26-R,KXHOUSERACE,KXHOUSERACE-IL04-26,Will Republican win the House race for IL-04?,Lupe Castillo,,active,US_2026_general_election,28,usable,usable,0.0365,0.032,0.44999999999999973,2026-09-08T14:00:00Z,2026-08-11T15:00:00Z,same_contract_descriptive
KXHOUSERACE-IL04-26-D,KXHOUSERACE,KXHOUSERACE-IL04-26,Will Democratic win the House race for IL-04?,Patty Garcia,,active,US_2026_general_election,7,usable,usable,0.9530000000000001,0.9415,1.1500000000000066,2026-09-08T15:00:00Z,2026-08-31T23:00:00Z,same_contract_descriptive
KXHOUSERACE-IL04-26-D,KXHOUSERACE,KXHOUSERACE-IL04-26,Will Democratic win the House race for IL-04?,Patty Garcia,,active,US_2026_general_election,14,usable,usable,0.9530000000000001,0.9695,-1.649999999999996,2026-09-08T15:00:00Z,2026-08-24T21:00:00Z,same_contract_descriptive
KXHOUSERACE-IL04-26-D,KXHOUSERACE,KXHOUSERACE-IL04-26,Will Democratic win the House race for IL-04?,Patty Garcia,,active,US_2026_general_election,28,usable,usable,0.9530000000000001,0.968,-1.4999999999999902,2026-09-08T15:00:00Z,2026-08-11T15:00:00Z,same_contract_descriptive
KXHOUSERACE-IL03-26-R,KXHOUSERACE,KXHOUSERACE-IL03-26,Will Republican win the House race for IL-03?,Angel Oakley,,active,US_2026_general_election,7,stale_observation,usable,,0.025500000000000002,,2026-09-06T21:00:00Z,2026-08-31T23:00:00Z,not_comparable
KXHOUSERACE-IL03-26-R,KXHOUSERACE,KXHOUSERACE-IL03-26,Will Republican win the House race for IL-03?,Angel Oakley,,active,US_2026_general_election,14,stale_observation,usable,,0.025500000000000002,,2026-09-06T21:00:00Z,2026-08-24T17:00:00Z,not_comparable
KXHOUSERACE-IL03-26-R,KXHOUSERACE,KXHOUSERACE-IL03-26,Will Republican win the House race for IL-03?,Angel Oakley,,active,US_2026_general_election,28,stale_observation,usable,,0.017,,2026-09-06T21:00:00Z,2026-08-11T15:00:00Z,not_comparable
KXHOUSERACE-IL03-26-D,KXHOUSERACE,KXHOUSERACE-IL03-26,Will Democratic win the House race for IL-03?,Delia Ramirez,,active,US_2026_general_election,7,stale_observation,stale_observation,,,,2026-09-04T13:00:00Z,2026-08-31T14:00:00Z,not_comparable
KXHOUSERACE-IL03-26-D,KXHOUSERACE,KXHOUSERACE-IL03-26,Will Democratic win the House race for IL-03?,Delia Ramirez,,active,US_2026_general_election,14,stale_observation,usable,,0.97,,2026-09-04T13:00:00Z,2026-08-24T17:00:00Z,not_comparable
KXHOUSERACE-IL03-26-D,KXHOUSERACE,KXHOUSERACE-IL03-26,Will Democratic win the House race for IL-03?,Delia Ramirez,,active,US_2026_general_election,28,stale_observation,usable,,0.979,,2026-09-04T13:00:00Z,2026-08-11T15:00:00Z,not_comparable
KXHOUSERACE-IL02-26-R,KXHOUSERACE,KXHOUSERACE-IL02-26,Will Republican win the House race for IL-02?,Michael Noack,,active,US_2026_general_election,7,stale_observation,usable,,0.0205,,2026-09-06T21:00:00Z,2026-08-31T20:00:00Z,not_comparable
KXHOUSERACE-IL02-26-R,KXHOUSERACE,KXHOUSERACE-IL02-26,Will Republican win the House race for IL-02?,Michael Noack,,active,US_2026_general_election,14,stale_observation,usable,,0.02,,2026-09-06T21:00:00Z,2026-08-25T15:00:00Z,not_comparable
KXHOUSERACE-IL02-26-R,KXHOUSERACE,KXHOUSERACE-IL02-26,Will Republican win the House race for IL-02?,Michael Noack,,active,US_2026_general_election,28,stale_observation,usable,,0.017,,2026-09-06T21:00:00Z,2026-08-11T15:00:00Z,not_comparable
KXHOUSERACE-IL02-26-D,KXHOUSERACE,KXHOUSERACE-IL02-26,Will Democratic win the House race for IL-02?,Donna Miller,,active,US_2026_general_election,7,stale_observation,usable,,0.973,,2026-09-04T20:00:00Z,2026-09-01T02:00:00Z,not_comparable
KXHOUSERACE-IL02-26-D,KXHOUSERACE,KXHOUSERACE-IL02-26,Will Democratic win the House race for IL-02?,Donna Miller,,active,US_2026_general_election,14,stale_observation,usable,,0.974,,2026-09-04T20:00:00Z,2026-08-24T17:00:00Z,not_comparable
KXHOUSERACE-IL02-26-D,KXHOUSERACE,KXHOUSERACE-IL02-26,Will Democratic win the House race for IL-02?,Donna Miller,,active,US_2026_general_election,28,stale_observation,usable,,0.983,,2026-09-04T20:00:00Z,2026-08-11T15:00:00Z,not_comparable
KXHOUSERACE-IL01-26-R,KXHOUSERACE,KXHOUSERACE-IL01-26,Will Republican win the House race for IL-01?,Christian Maxwell,,active,US_2026_general_election,7,usable,usable,0.0295,0.0635,-3.4000000000000004,2026-09-08T14:00:00Z,2026-09-01T15:00:00Z,same_contract_descriptive
KXHOUSERACE-IL01-26-R,KXHOUSERACE,KXHOUSERACE-IL01-26,Will Republican win the House race for IL-01?,Christian Maxwell,,active,US_2026_general_election,14,usable,usable,0.0295,0.0595,-3.0,2026-09-08T14:00:00Z,2026-08-25T15:00:00Z,same_contract_descriptive
KXHOUSERACE-IL01-26-R,KXHOUSERACE,KXHOUSERACE-IL01-26,Will Republican win the House race for IL-01?,Christian Maxwell,,active,US_2026_general_election,28,usable,usable,0.0295,0.0865,-5.699999999999999,2026-09-08T14:00:00Z,2026-08-11T15:00:00Z,same_contract_descriptive
KXHOUSERACE-IL01-26-D,KXHOUSERACE,KXHOUSERACE-IL01-26,Will Democratic win the House race for IL-01?,Jonathan Jackson,,active,US_2026_general_election,7,usable,usable,0.97,0.938,3.200000000000003,2026-09-08T14:00:00Z,2026-09-01T12:00:00Z,same_contract_descriptive
KXHOUSERACE-IL01-26-D,KXHOUSERACE,KXHOUSERACE-IL01-26,Will Democratic win the House race for IL-01?,Jonathan Jackson,,active,US_2026_general_election,14,usable,usable,0.97,0.937,3.299999999999992,2026-09-08T14:00:00Z,2026-08-25T11:00:00Z,same_contract_descriptive
KXHOUSERACE-IL01-26-D,KXHOUSERACE,KXHOUSERACE-IL01-26,Will Democratic win the House race for IL-01?,Jonathan Jackson,,active,US_2026_general_election,28,usable,usable,0.97,0.9135,5.6499999999999995,2026-09-08T14:00:00Z,2026-08-11T15:00:00Z,same_contract_descriptive
KXHOUSERACE-ID02-26-R,KXHOUSERACE,KXHOUSERACE-ID02-26,Will Republican win the House race for ID-02?,Mike Simpson,,active,US_2026_general_election,7,usable,usable,0.9359999999999999,0.958,-2.200000000000002,2026-09-08T15:00:00Z,2026-09-01T10:00:00Z,same_contract_descriptive
KXHOUSERACE-ID02-26-R,KXHOUSERACE,KXHOUSERACE-ID02-26,Will Republican win the House race for ID-02?,Mike Simpson,,active,US_2026_general_election,14,usable,usable,0.9359999999999999,0.9359999999999999,0.0,2026-09-08T15:00:00Z,2026-08-25T13:00:00Z,same_contract_descriptive
KXHOUSERACE-ID02-26-R,KXHOUSERACE,KXHOUSERACE-ID02-26,Will Republican win the House race for ID-02?,Mike Simpson,,active,US_2026_general_election,28,usable,usable,0.9359999999999999,0.9319999999999999,0.40000000000000036,2026-09-08T15:00:00Z,2026-08-11T15:00:00Z,same_contract_descriptive
KXHOUSERACE-ID02-26-D,KXHOUSERACE,KXHOUSERACE-ID02-26,Will Democratic win the House race for ID-02?,Elinor Gilbreath,,active,US_2026_general_election,7,usable,usable,0.0625,0.042499999999999996,2.0000000000000004,2026-09-08T15:00:00Z,2026-09-01T12:00:00Z,same_contract_descriptive
KXHOUSERACE-ID02-26-D,KXHOUSERACE,KXHOUSERACE-ID02-26,Will Democratic win the House race for ID-02?,Elinor Gilbreath,,active,US_2026_general_election,14,usable,usable,0.0625,0.064,-0.15000000000000013,2026-09-08T15:00:00Z,2026-08-25T13:00:00Z,same_contract_descriptive
KXHOUSERACE-ID02-26-D,KXHOUSERACE,KXHOUSERACE-ID02-26,Will Democratic win the House race for ID-02?,Elinor Gilbreath,,active,US_2026_general_election,28,usable,usable,0.0625,0.068,-0.5500000000000005,2026-09-08T15:00:00Z,2026-08-11T15:00:00Z,same_contract_descriptive
KXHOUSERACE-ID01-26-R,KXHOUSERACE,KXHOUSERACE-ID01-26,Will Republican win the House race for ID-01?,Russ Fulcher,,active,US_2026_general_election,7,stale_observation,stale_observation,,,,2026-09-07T00:00:00Z,2026-08-31T11:00:00Z,not_comparable
KXHOUSERACE-ID01-26-R,KXHOUSERACE,KXHOUSERACE-ID01-26,Will Republican win the House race for ID-01?,Russ Fulcher,,active,US_2026_general_election,14,stale_observation,usable,,0.9655,,2026-09-07T00:00:00Z,2026-08-24T17:00:00Z,not_comparable
KXHOUSERACE-ID01-26-R,KXHOUSERACE,KXHOUSERACE-ID01-26,Will Republican win the House race for ID-01?,Russ Fulcher,,active,US_2026_general_election,28,stale_observation,usable,,0.962,,2026-09-07T00:00:00Z,2026-08-11T15:00:00Z,not_comparable
KXHOUSERACE-ID01-26-D,KXHOUSERACE,KXHOUSERACE-ID01-26,Will Democratic win the House race for ID-01?,Kaylee Peterson,,active,US_2026_general_election,7,stale_observation,usable,,0.0325,,2026-09-06T20:00:00Z,2026-08-31T23:00:00Z,not_comparable
KXHOUSERACE-ID01-26-D,KXHOUSERACE,KXHOUSERACE-ID01-26,Will Democratic win the House race for ID-01?,Kaylee Peterson,,active,US_2026_general_election,14,stale_observation,usable,,0.033,,2026-09-06T20:00:00Z,2026-08-25T10:00:00Z,not_comparable
KXHOUSERACE-ID01-26-D,KXHOUSERACE,KXHOUSERACE-ID01-26,Will Democratic win the House race for ID-01?,Kaylee Peterson,,active,US_2026_general_election,28,stale_observation,usable,,0.041,,2026-09-06T20:00:00Z,2026-08-11T15:00:00Z,not_comparable
KXHOUSERACE-IA04-26-R,KXHOUSERACE,KXHOUSERACE-IA04-26,Will Republican win the House race for IA-04?,Chris McGowan,,active,US_2026_general_election,7,usable,usable,0.944,0.9365,0.7499999999999951,2026-09-08T14:00:00Z,2026-09-01T12:00:00Z,same_contract_descriptive
KXHOUSERACE-IA04-26-R,KXHOUSERACE,KXHOUSERACE-IA04-26,Will Republican win the House race for IA-04?,Chris McGowan,,active,US_2026_general_election,14,usable,usable,0.944,0.9235,2.0499999999999963,2026-09-08T14:00:00Z,2026-08-25T13:00:00Z,same_contract_descriptive
KXHOUSERACE-IA04-26-R,KXHOUSERACE,KXHOUSERACE-IA04-26,Will Republican win the House race for IA-04?,Chris McGowan,,active,US_2026_general_election,28,usable,usable,0.944,0.914,2.9999999999999916,2026-09-08T14:00:00Z,2026-08-11T15:00:00Z,same_contract_descriptive
KXHOUSERACE-IA04-26-D,KXHOUSERACE,KXHOUSERACE-IA04-26,Will Democratic win the House race for IA-04?,Dave Dawson,,active,US_2026_general_election,7,usable,usable,0.0465,0.056,-0.9500000000000002,2026-09-08T14:00:00Z,2026-09-01T12:00:00Z,same_contract_descriptive
KXHOUSERACE-IA04-26-D,KXHOUSERACE,KXHOUSERACE-IA04-26,Will Democratic win the House race for IA-04?,Dave Dawson,,active,US_2026_general_election,14,usable,usable,0.0465,0.076,-2.9499999999999997,2026-09-08T14:00:00Z,2026-08-25T13:00:00Z,same_contract_descriptive
KXHOUSERACE-IA04-26-D,KXHOUSERACE,KXHOUSERACE-IA04-26,Will Democratic win the House race for IA-04?,Dave Dawson,,active,US_2026_general_election,28,usable,usable,0.0465,0.0865,-3.9999999999999996,2026-09-08T14:00:00Z,2026-08-11T15:00:00Z,same_contract_descriptive
KXHOUSERACE-IA02-26-R,KXHOUSERACE,KXHOUSERACE-IA02-26,Will Republican win the House race for IA-02?,Joe Mitchell,,active,US_2026_general_election,7,usable,usable,0.5449999999999999,0.55,-0.5000000000000115,2026-09-08T15:00:00Z,2026-09-01T15:00:00Z,same_contract_descriptive
KXHOUSERACE-IA02-26-R,KXHOUSERACE,KXHOUSERACE-IA02-26,Will Republican win the House race for IA-02?,Joe Mitchell,,active,US_2026_general_election,14,usable,usable,0.5449999999999999,0.55,-0.5000000000000115,2026-09-08T15:00:00Z,2026-08-25T11:00:00Z,same_contract_descriptive
KXHOUSERACE-IA02-26-R,KXHOUSERACE,KXHOUSERACE-IA02-26,Will Republican win the House race for IA-02?,Joe Mitchell,,active,US_2026_general_election,28,usable,usable,0.5449999999999999,0.555,-1.000000000000012,2026-09-08T15:00:00Z,2026-08-11T15:00:00Z,same_contract_descriptive
KXHOUSERACE-IA02-26-D,KXHOUSERACE,KXHOUSERACE-IA02-26,Will Democratic win the House race for IA-02?,Lindsay James,,active,US_2026_general_election,7,usable,usable,0.47,0.46499999999999997,0.5000000000000004,2026-09-08T15:00:00Z,2026-09-01T15:00:00Z,same_contract_descriptive
KXHOUSERACE-IA02-26-D,KXHOUSERACE,KXHOUSERACE-IA02-26,Will Democratic win the House race for IA-02?,Lindsay James,,active,US_2026_general_election,14,usable,usable,0.47,0.45999999999999996,1.0000000000000009,2026-09-08T15:00:00Z,2026-08-25T15:00:00Z,same_contract_descriptive
KXHOUSERACE-IA02-26-D,KXHOUSERACE,KXHOUSERACE-IA02-26,Will Democratic win the House race for IA-02?,Lindsay James,,active,US_2026_general_election,28,usable,usable,0.47,0.445,2.4999999999999964,2026-09-08T15:00:00Z,2026-08-11T15:00:00Z,same_contract_descriptive
KXHOUSERACE-HI02-26-R,KXHOUSERACE,KXHOUSERACE-HI02-26,Will Republican win the House race for HI-02?,Brenton Awa,,active,US_2026_general_election,7,usable,usable,0.0355,0.035,0.04999999999999935,2026-09-08T15:00:00Z,2026-09-01T12:00:00Z,same_contract_descriptive
KXHOUSERACE-HI02-26-R,KXHOUSERACE,KXHOUSERACE-HI02-26,Will Republican win the House race for HI-02?,Brenton Awa,,active,US_2026_general_election,14,usable,usable,0.0355,0.07100000000000001,-3.550000000000001,2026-09-08T15:00:00Z,2026-08-25T14:00:00Z,same_contract_descriptive
KXHOUSERACE-HI02-26-R,KXHOUSERACE,KXHOUSERACE-HI02-26,Will Republican win the House race for HI-02?,Brenton Awa,,active,US_2026_general_election,28,usable,usable,0.0355,0.032,0.34999999999999964,2026-09-08T15:00:00Z,2026-08-11T15:00:00Z,same_contract_descriptive
KXHOUSERACE-HI02-26-D,KXHOUSERACE,KXHOUSERACE-HI02-26,Will Democratic win the House race for HI-02?,Jill Tokuda,,active,US_2026_general_election,7,usable,usable,0.956,0.9565,-0.050000000000005596,2026-09-08T14:00:00Z,2026-09-01T15:00:00Z,same_contract_descriptive
KXHOUSERACE-HI02-26-D,KXHOUSERACE,KXHOUSERACE-HI02-26,Will Democratic win the House race for HI-02?,Jill Tokuda,,active,US_2026_general_election,14,usable,usable,0.956,0.929,2.6999999999999913,2026-09-08T14:00:00Z,2026-08-25T07:00:00Z,same_contract_descriptive
KXHOUSERACE-HI02-26-D,KXHOUSERACE,KXHOUSERACE-HI02-26,Will Democratic win the House race for HI-02?,Jill Tokuda,,active,US_2026_general_election,28,usable,usable,0.956,0.963,-0.7000000000000006,2026-09-08T14:00:00Z,2026-08-11T15:00:00Z,same_contract_descriptive
KXHOUSERACE-HI01-26-R,KXHOUSERACE,KXHOUSERACE-HI01-26,Will Republican win the House race for HI-01?,Adriel Lam,,active,US_2026_general_election,7,usable,usable,0.0135,0.013000000000000001,0.04999999999999987,2026-09-08T14:00:00Z,2026-09-01T12:00:00Z,same_contract_descriptive
KXHOUSERACE-HI01-26-R,KXHOUSERACE,KXHOUSERACE-HI01-26,Will Republican win the House race for HI-01?,Adriel Lam,,active,US_2026_general_election,14,usable,stale_observation,0.0135,,,2026-09-08T14:00:00Z,2026-08-24T09:00:00Z,not_comparable
KXHOUSERACE-HI01-26-R,KXHOUSERACE,KXHOUSERACE-HI01-26,Will Republican win the House race for HI-01?,Adriel Lam,,active,US_2026_general_election,28,usable,stale_observation,0.0135,,,2026-09-08T14:00:00Z,2026-08-09T07:00:00Z,not_comparable
KXHOUSERACE-HI01-26-D,KXHOUSERACE,KXHOUSERACE-HI01-26,Will Democratic win the House race for HI-01?,Ed Case,,active,US_2026_general_election,7,usable,usable,0.9864999999999999,0.987,-0.050000000000005596,2026-09-08T14:00:00Z,2026-09-01T15:00:00Z,same_contract_descriptive
KXHOUSERACE-HI01-26-D,KXHOUSERACE,KXHOUSERACE-HI01-26,Will Democratic win the House race for HI-01?,Ed Case,,active,US_2026_general_election,14,usable,stale_observation,0.9864999999999999,,,2026-09-08T14:00:00Z,2026-08-24T09:00:00Z,not_comparable
KXHOUSERACE-HI01-26-D,KXHOUSERACE,KXHOUSERACE-HI01-26,Will Democratic win the House race for HI-01?,Ed Case,,active,US_2026_general_election,28,usable,stale_observation,0.9864999999999999,,,2026-09-08T14:00:00Z,2026-08-09T07:00:00Z,not_comparable
KXHOUSERACE-GA14-26-R,KXHOUSERACE,KXHOUSERACE-GA14-26,Will Republican win the House race for GA-14?,Clay Fuller,,active,US_2026_general_election,7,usable,stale_observation,0.9715,,,2026-09-08T00:00:00Z,2026-08-31T14:00:00Z,not_comparable
KXHOUSERACE-GA14-26-R,KXHOUSERACE,KXHOUSERACE-GA14-26,Will Republican win the House race for GA-14?,Clay Fuller,,active,US_2026_general_election,14,usable,stale_observation,0.9715,,,2026-09-08T00:00:00Z,2026-08-20T05:00:00Z,not_comparable
KXHOUSERACE-GA14-26-R,KXHOUSERACE,KXHOUSERACE-GA14-26,Will Republican win the House race for GA-14?,Clay Fuller,,active,US_2026_general_election,28,usable,usable,0.9715,0.948,2.3500000000000076,2026-09-08T00:00:00Z,2026-08-11T15:00:00Z,same_contract_descriptive
KXHOUSERACE-GA14-26-D,KXHOUSERACE,KXHOUSERACE-GA14-26,Will Democratic win the House race for GA-14?,Shawn Harris,,active,US_2026_general_election,7,usable,usable,0.0485,0.0485,0.0,2026-09-08T15:00:00Z,2026-09-01T15:00:00Z,same_contract_descriptive
KXHOUSERACE-GA14-26-D,KXHOUSERACE,KXHOUSERACE-GA14-26,Will Democratic win the House race for GA-14?,Shawn Harris,,active,US_2026_general_election,14,usable,usable,0.0485,0.0485,0.0,2026-09-08T15:00:00Z,2026-08-25T14:00:00Z,same_contract_descriptive
KXHOUSERACE-GA14-26-D,KXHOUSERACE,KXHOUSERACE-GA14-26,Will Democratic win the House race for GA-14?,Shawn Harris,,active,US_2026_general_election,28,usable,usable,0.0485,0.052000000000000005,-0.3500000000000003,2026-09-08T15:00:00Z,2026-08-11T15:00:00Z,same_contract_descriptive
KXHOUSERACE-GA13-26-R,KXHOUSERACE,KXHOUSERACE-GA13-26,Will Republican win the House race for GA-13?,Jonathan Chavez,,active,US_2026_general_election,7,stale_observation,usable,,0.037000000000000005,,2026-09-07T07:00:00Z,2026-09-01T15:00:00Z,not_comparable
KXHOUSERACE-GA13-26-R,KXHOUSERACE,KXHOUSERACE-GA13-26,Will Republican win the House race for GA-13?,Jonathan Chavez,,active,US_2026_general_election,14,stale_observation,usable,,0.056499999999999995,,2026-09-07T07:00:00Z,2026-08-25T15:00:00Z,not_comparable
KXHOUSERACE-GA13-26-R,KXHOUSERACE,KXHOUSERACE-GA13-26,Will Republican win the House race for GA-13?,Jonathan Chavez,,active,US_2026_general_election,28,stale_observation,usable,,0.048,,2026-09-07T07:00:00Z,2026-08-11T15:00:00Z,not_comparable
KXHOUSERACE-GA13-26-D,KXHOUSERACE,KXHOUSERACE-GA13-26,Will Democratic win the House race for GA-13?,Jasmine Clark,,active,US_2026_general_election,7,usable,usable,0.967,0.9530000000000001,1.3999999999999901,2026-09-08T10:00:00Z,2026-09-01T12:00:00Z,same_contract_descriptive
KXHOUSERACE-GA13-26-D,KXHOUSERACE,KXHOUSERACE-GA13-26,Will Democratic win the House race for GA-13?,Jasmine Clark,,active,US_2026_general_election,14,usable,usable,0.967,0.9430000000000001,2.399999999999991,2026-09-08T10:00:00Z,2026-08-25T15:00:00Z,same_contract_descriptive
KXHOUSERACE-GA13-26-D,KXHOUSERACE,KXHOUSERACE-GA13-26,Will Democratic win the House race for GA-13?,Jasmine Clark,,active,US_2026_general_election,28,usable,usable,0.967,0.9504999999999999,1.650000000000007,2026-09-08T10:00:00Z,2026-08-11T15:00:00Z,same_contract_descriptive
KXHOUSERACE-GA12-26-R,KXHOUSERACE,KXHOUSERACE-GA12-26,Will Republican win the House race for GA-12?,Rick Allen,,active,US_2026_general_election,7,usable,usable,0.9195,0.878,4.149999999999999,2026-09-08T15:00:00Z,2026-09-01T12:00:00Z,same_contract_descriptive
KXHOUSERACE-GA12-26-R,KXHOUSERACE,KXHOUSERACE-GA12-26,Will Republican win the House race for GA-12?,Rick Allen,,active,US_2026_general_election,14,usable,usable,0.9195,0.8775,4.200000000000004,2026-09-08T15:00:00Z,2026-08-25T09:00:00Z,same_contract_descriptive
KXHOUSERACE-GA12-26-R,KXHOUSERACE,KXHOUSERACE-GA12-26,Will Republican win the House race for GA-12?,Rick Allen,,active,US_2026_general_election,28,usable,usable,0.9195,0.88,3.949999999999998,2026-09-08T15:00:00Z,2026-08-11T15:00:00Z,same_contract_descriptive
KXHOUSERACE-GA12-26-D,KXHOUSERACE,KXHOUSERACE-GA12-26,Will Democratic win the House race for GA-12?,Ceretta Smith,,active,US_2026_general_election,7,usable,usable,0.0795,0.122,-4.25,2026-09-08T15:00:00Z,2026-09-01T12:00:00Z,same_contract_descriptive
KXHOUSERACE-GA12-26-D,KXHOUSERACE,KXHOUSERACE-GA12-26,Will Democratic win the House race for GA-12?,Ceretta Smith,,active,US_2026_general_election,14,usable,usable,0.0795,0.125,-4.55,2026-09-08T15:00:00Z,2026-08-25T14:00:00Z,same_contract_descriptive
KXHOUSERACE-GA12-26-D,KXHOUSERACE,KXHOUSERACE-GA12-26,Will Democratic win the House race for GA-12?,Ceretta Smith,,active,US_2026_general_election,28,usable,usable,0.0795,0.125,-4.55,2026-09-08T15:00:00Z,2026-08-11T15:00:00Z,same_contract_descriptive
KXHOUSERACE-GA11-26-R,KXHOUSERACE,KXHOUSERACE-GA11-26,Will Republican win the House race for GA-11?,John Cowan,,active,US_2026_general_election,7,usable,usable,0.9485,0.94,0.8500000000000063,2026-09-08T14:00:00Z,2026-09-01T12:00:00Z,same_contract_descriptive
KXHOUSERACE-GA11-26-R,KXHOUSERACE,KXHOUSERACE-GA11-26,Will Republican win the House race for GA-11?,John Cowan,,active,US_2026_general_election,14,usable,usable,0.9485,0.94,0.8500000000000063,2026-09-08T14:00:00Z,2026-08-25T13:00:00Z,same_contract_descriptive
KXHOUSERACE-GA11-26-R,KXHOUSERACE,KXHOUSERACE-GA11-26,Will Republican win the House race for GA-11?,John Cowan,,active,US_2026_general_election,28,usable,usable,0.9485,0.94,0.8500000000000063,2026-09-08T14:00:00Z,2026-08-11T15:00:00Z,same_contract_descriptive
KXHOUSERACE-GA11-26-D,KXHOUSERACE,KXHOUSERACE-GA11-26,Will Democratic win the House race for GA-11?,Chris Harden,,active,US_2026_general_election,7,usable,usable,0.0405,0.0495,-0.9000000000000001,2026-09-08T15:00:00Z,2026-09-01T12:00:00Z,same_contract_descriptive
KXHOUSERACE-GA11-26-D,KXHOUSERACE,KXHOUSERACE-GA11-26,Will Democratic win the House race for GA-11?,Chris Harden,,active,US_2026_general_election,14,usable,usable,0.0405,0.06,-1.9499999999999997,2026-09-08T15:00:00Z,2026-08-25T13:00:00Z,same_contract_descriptive
KXHOUSERACE-GA11-26-D,KXHOUSERACE,KXHOUSERACE-GA11-26,Will Democratic win the House race for GA-11?,Chris Harden,,active,US_2026_general_election,28,usable,usable,0.0405,0.06,-1.9499999999999997,2026-09-08T15:00:00Z,2026-08-11T15:00:00Z,same_contract_descriptive
KXHOUSERACE-GA10-26-R,KXHOUSERACE,KXHOUSERACE-GA10-26,Will Republican win the House race for GA-10?,Houston Gaines,,active,US_2026_general_election,7,usable,usable,0.9515,0.9265,2.500000000000002,2026-09-08T14:00:00Z,2026-09-01T12:00:00Z,same_contract_descriptive
KXHOUSERACE-GA10-26-R,KXHOUSERACE,KXHOUSERACE-GA10-26,Will Republican win the House race for GA-10?,Houston Gaines,,active,US_2026_general_election,14,usable,usable,0.9515,0.9339999999999999,1.750000000000007,2026-09-08T14:00:00Z,2026-08-25T13:00:00Z,same_contract_descriptive
KXHOUSERACE-GA10-26-R,KXHOUSERACE,KXHOUSERACE-GA10-26,Will Republican win the House race for GA-10?,Houston Gaines,,active,US_2026_general_election,28,usable,usable,0.9515,0.931,2.0499999999999963,2026-09-08T14:00:00Z,2026-08-11T15:00:00Z,same_contract_descriptive
KXHOUSERACE-GA10-26-D,KXHOUSERACE,KXHOUSERACE-GA10-26,Will Democratic win the House race for GA-10?,Pamela DeLancy,,active,US_2026_general_election,7,usable,usable,0.042,0.073,-3.099999999999999,2026-09-08T14:00:00Z,2026-09-01T12:00:00Z,same_contract_descriptive
KXHOUSERACE-GA10-26-D,KXHOUSERACE,KXHOUSERACE-GA10-26,Will Democratic win the House race for GA-10?,Pamela DeLancy,,active,US_2026_general_election,14,usable,usable,0.042,0.066,-2.4,2026-09-08T14:00:00Z,2026-08-25T13:00:00Z,same_contract_descriptive
KXHOUSERACE-GA10-26-D,KXHOUSERACE,KXHOUSERACE-GA10-26,Will Democratic win the House race for GA-10?,Pamela DeLancy,,active,US_2026_general_election,28,usable,usable,0.042,0.069,-2.7,2026-09-08T14:00:00Z,2026-08-11T15:00:00Z,same_contract_descriptive
KXHOUSERACE-GA09-26-R,KXHOUSERACE,KXHOUSERACE-GA09-26,Will Republican win the House race for GA-09?,Andrew Clyde,,active,US_2026_general_election,7,usable,usable,0.953,0.9485,0.44999999999999485,2026-09-08T14:00:00Z,2026-09-01T12:00:00Z,same_contract_descriptive
KXHOUSERACE-GA09-26-R,KXHOUSERACE,KXHOUSERACE-GA09-26,Will Republican win the House race for GA-09?,Andrew Clyde,,active,US_2026_general_election,14,usable,usable,0.953,0.9470000000000001,0.5999999999999894,2026-09-08T14:00:00Z,2026-08-24T17:00:00Z,same_contract_descriptive
KXHOUSERACE-GA09-26-R,KXHOUSERACE,KXHOUSERACE-GA09-26,Will Republican win the House race for GA-09?,Andrew Clyde,,active,US_2026_general_election,28,usable,usable,0.953,0.953,0.0,2026-09-08T14:00:00Z,2026-08-11T01:00:00Z,same_contract_descriptive
KXHOUSERACE-GA09-26-D,KXHOUSERACE,KXHOUSERACE-GA09-26,Will Democratic win the House race for GA-09?,Caitlyn Gegen,,active,US_2026_general_election,7,usable,usable,0.044,0.047,-0.30000000000000027,2026-09-08T13:00:00Z,2026-09-01T13:00:00Z,same_contract_descriptive
KXHOUSERACE-GA09-26-D,KXHOUSERACE,KXHOUSERACE-GA09-26,Will Democratic win the House race for GA-09?,Caitlyn Gegen,,active,US_2026_general_election,14,usable,usable,0.044,0.049,-0.5000000000000004,2026-09-08T13:00:00Z,2026-08-25T12:00:00Z,same_contract_descriptive
KXHOUSERACE-GA09-26-D,KXHOUSERACE,KXHOUSERACE-GA09-26,Will Democratic win the House race for GA-09?,Caitlyn Gegen,,active,US_2026_general_election,28,usable,usable,0.044,0.0485,-0.4500000000000004,2026-09-08T13:00:00Z,2026-08-11T15:00:00Z,same_contract_descriptive
KXHOUSERACE-GA07-26-R,KXHOUSERACE,KXHOUSERACE-GA07-26,Will Republican win the House race for GA-07?,Rich McCormick,,active,US_2026_general_election,7,usable,usable,0.9319999999999999,0.9495,-1.750000000000007,2026-09-08T15:00:00Z,2026-09-01T12:00:00Z,same_contract_descriptive
KXHOUSERACE-GA07-26-R,KXHOUSERACE,KXHOUSERACE-GA07-26,Will Republican win the House race for GA-07?,Rich McCormick,,active,US_2026_general_election,14,usable,usable,0.9319999999999999,0.9365,-0.45000000000000595,2026-09-08T15:00:00Z,2026-08-25T06:00:00Z,same_contract_descriptive
KXHOUSERACE-GA07-26-R,KXHOUSERACE,KXHOUSERACE-GA07-26,Will Republican win the House race for GA-07?,Rich McCormick,,active,US_2026_general_election,28,usable,usable,0.9319999999999999,0.937,-0.5000000000000115,2026-09-08T15:00:00Z,2026-08-11T15:00:00Z,same_contract_descriptive
KXHOUSERACE-GA07-26-D,KXHOUSERACE,KXHOUSERACE-GA07-26,Will Democratic win the House race for GA-07?,Anthony Kozycki,,active,US_2026_general_election,7,usable,usable,0.068,0.0455,2.2500000000000004,2026-09-08T15:00:00Z,2026-09-01T12:00:00Z,same_contract_descriptive
KXHOUSERACE-GA07-26-D,KXHOUSERACE,KXHOUSERACE-GA07-26,Will Democratic win the House race for GA-07?,Anthony Kozycki,,active,US_2026_general_election,14,usable,usable,0.068,0.063,0.5000000000000004,2026-09-08T15:00:00Z,2026-08-25T15:00:00Z,same_contract_descriptive
KXHOUSERACE-GA07-26-D,KXHOUSERACE,KXHOUSERACE-GA07-26,Will Democratic win the House race for GA-07?,Anthony Kozycki,,active,US_2026_general_election,28,usable,usable,0.068,0.063,0.5000000000000004,2026-09-08T15:00:00Z,2026-08-11T15:00:00Z,same_contract_descriptive
KXHOUSERACE-GA08-26-R,KXHOUSERACE,KXHOUSERACE-GA08-26,Will Republican win the House race for GA-08?,Austin Scott,,active,US_2026_general_election,7,usable,usable,0.9450000000000001,0.933,1.200000000000001,2026-09-08T14:00:00Z,2026-09-01T15:00:00Z,same_contract_descriptive
KXHOUSERACE-GA08-26-R,KXHOUSERACE,KXHOUSERACE-GA08-26,Will Republican win the House race for GA-08?,Austin Scott,,active,US_2026_general_election,14,usable,usable,0.9450000000000001,0.9235,2.1500000000000075,2026-09-08T14:00:00Z,2026-08-25T07:00:00Z,same_contract_descriptive
KXHOUSERACE-GA08-26-R,KXHOUSERACE,KXHOUSERACE-GA08-26,Will Republican win the House race for GA-08?,Austin Scott,,active,US_2026_general_election,28,usable,usable,0.9450000000000001,0.9225000000000001,2.2499999999999964,2026-09-08T14:00:00Z,2026-08-11T15:00:00Z,same_contract_descriptive
KXHOUSERACE-GA08-26-D,KXHOUSERACE,KXHOUSERACE-GA08-26,Will Democratic win the House race for GA-08?,Kelly Esti,,active,US_2026_general_election,7,usable,usable,0.0335,0.062,-2.8499999999999996,2026-09-08T15:00:00Z,2026-09-01T12:00:00Z,same_contract_descriptive
KXHOUSERACE-GA08-26-D,KXHOUSERACE,KXHOUSERACE-GA08-26,Will Democratic win the House race for GA-08?,Kelly Esti,,active,US_2026_general_election,14,usable,usable,0.0335,0.07200000000000001,-3.8500000000000005,2026-09-08T15:00:00Z,2026-08-25T07:00:00Z,same_contract_descriptive
KXHOUSERACE-GA08-26-D,KXHOUSERACE,KXHOUSERACE-GA08-26,Will Democratic win the House race for GA-08?,Kelly Esti,,active,US_2026_general_election,28,usable,usable,0.0335,0.078,-4.45,2026-09-08T15:00:00Z,2026-08-11T15:00:00Z,same_contract_descriptive
KXHOUSERACE-GA05-26-R,KXHOUSERACE,KXHOUSERACE-GA05-26,Will Republican win the House race for GA-05?,John Salvesen,,active,US_2026_general_election,7,usable,stale_observation,0.0205,,,2026-09-08T15:00:00Z,2026-08-20T08:00:00Z,not_comparable
KXHOUSERACE-GA05-26-R,KXHOUSERACE,KXHOUSERACE-GA05-26,Will Republican win the House race for GA-05?,John Salvesen,,active,US_2026_general_election,14,usable,stale_observation,0.0205,,,2026-09-08T15:00:00Z,2026-08-20T08:00:00Z,not_comparable
KXHOUSERACE-GA05-26-R,KXHOUSERACE,KXHOUSERACE-GA05-26,Will Republican win the House race for GA-05?,John Salvesen,,active,US_2026_general_election,28,usable,usable,0.0205,0.02,0.050000000000000044,2026-09-08T15:00:00Z,2026-08-11T15:00:00Z,same_contract_descriptive
KXHOUSERACE-GA05-26-D,KXHOUSERACE,KXHOUSERACE-GA05-26,Will Democratic win the House race for GA-05?,Nikema Williams,,active,US_2026_general_election,7,stale_observation,usable,,0.979,,2026-09-06T20:00:00Z,2026-09-01T03:00:00Z,not_comparable
KXHOUSERACE-GA05-26-D,KXHOUSERACE,KXHOUSERACE-GA05-26,Will Democratic win the House race for GA-05?,Nikema Williams,,active,US_2026_general_election,14,stale_observation,usable,,0.9744999999999999,,2026-09-06T20:00:00Z,2026-08-24T17:00:00Z,not_comparable
KXHOUSERACE-GA05-26-D,KXHOUSERACE,KXHOUSERACE-GA05-26,Will Democratic win the House race for GA-05?,Nikema Williams,,active,US_2026_general_election,28,stale_observation,usable,,0.9775,,2026-09-06T20:00:00Z,2026-08-11T15:00:00Z,not_comparable
KXHOUSERACE-GA06-26-R,KXHOUSERACE,KXHOUSERACE-GA06-26,Will Republican win the House race for GA-06?,Kevin Martin,,active,US_2026_general_election,7,usable,usable,0.033,0.036000000000000004,-0.30000000000000027,2026-09-08T14:00:00Z,2026-09-01T12:00:00Z,same_contract_descriptive
KXHOUSERACE-GA06-26-R,KXHOUSERACE,KXHOUSERACE-GA06-26,Will Republican win the House race for GA-06?,Kevin Martin,,active,US_2026_general_election,14,usable,usable,0.033,0.0405,-0.75,2026-09-08T14:00:00Z,2026-08-25T15:00:00Z,same_contract_descriptive
KXHOUSERACE-GA06-26-R,KXHOUSERACE,KXHOUSERACE-GA06-26,Will Republican win the House race for GA-06?,Kevin Martin,,active,US_2026_general_election,28,usable,usable,0.033,0.041,-0.8,2026-09-08T14:00:00Z,2026-08-11T15:00:00Z,same_contract_descriptive
KXHOUSERACE-GA06-26-D,KXHOUSERACE,KXHOUSERACE-GA06-26,Will Democratic win the House race for GA-06?,Lucy McBath,,active,US_2026_general_election,7,usable,usable,0.9624999999999999,0.9530000000000001,0.9499999999999842,2026-09-08T15:00:00Z,2026-09-01T12:00:00Z,same_contract_descriptive
KXHOUSERACE-GA06-26-D,KXHOUSERACE,KXHOUSERACE-GA06-26,Will Democratic win the House race for GA-06?,Lucy McBath,,active,US_2026_general_election,14,usable,usable,0.9624999999999999,0.959,0.34999999999999476,2026-09-08T15:00:00Z,2026-08-25T11:00:00Z,same_contract_descriptive
KXHOUSERACE-GA06-26-D,KXHOUSERACE,KXHOUSERACE-GA06-26,Will Democratic win the House race for GA-06?,Lucy McBath,,active,US_2026_general_election,28,usable,usable,0.9624999999999999,0.959,0.34999999999999476,2026-09-08T15:00:00Z,2026-08-11T15:00:00Z,same_contract_descriptive
KXHOUSERACE-GA04-26-R,KXHOUSERACE,KXHOUSERACE-GA04-26,Will Republican win the House race for GA-04?,James Duffie,,active,US_2026_general_election,7,usable,usable,0.012,0.0175,-0.5500000000000002,2026-09-08T09:00:00Z,2026-09-01T12:00:00Z,same_contract_descriptive
KXHOUSERACE-GA04-26-R,KXHOUSERACE,KXHOUSERACE-GA04-26,Will Republican win the House race for GA-04?,James Duffie,,active,US_2026_general_election,14,usable,usable,0.012,0.0175,-0.5500000000000002,2026-09-08T09:00:00Z,2026-08-25T11:00:00Z,same_contract_descriptive
KXHOUSERACE-GA04-26-R,KXHOUSERACE,KXHOUSERACE-GA04-26,Will Republican win the House race for GA-04?,James Duffie,,active,US_2026_general_election,28,usable,usable,0.012,0.023,-1.0999999999999999,2026-09-08T09:00:00Z,2026-08-11T15:00:00Z,same_contract_descriptive
KXHOUSERACE-GA04-26-D,KXHOUSERACE,KXHOUSERACE-GA04-26,Will Democratic win the House race for GA-04?,Hank Johnson,,active,US_2026_general_election,7,usable,stale_observation,0.9824999999999999,,,2026-09-08T14:00:00Z,2026-08-30T15:00:00Z,not_comparable
KXHOUSERACE-GA04-26-D,KXHOUSERACE,KXHOUSERACE-GA04-26,Will Democratic win the House race for GA-04?,Hank Johnson,,active,US_2026_general_election,14,usable,stale_observation,0.9824999999999999,,,2026-09-08T14:00:00Z,2026-07-30T17:00:00Z,not_comparable
KXHOUSERACE-GA04-26-D,KXHOUSERACE,KXHOUSERACE-GA04-26,Will Democratic win the House race for GA-04?,Hank Johnson,,active,US_2026_general_election,28,usable,stale_observation,0.9824999999999999,,,2026-09-08T14:00:00Z,2026-07-30T17:00:00Z,not_comparable
KXHOUSERACE-GA03-26-R,KXHOUSERACE,KXHOUSERACE-GA03-26,Will Republican win the House race for GA-03?,Brian Jack,,active,US_2026_general_election,7,usable,usable,0.954,0.946,0.8000000000000007,2026-09-08T14:00:00Z,2026-09-01T12:00:00Z,same_contract_descriptive
KXHOUSERACE-GA03-26-R,KXHOUSERACE,KXHOUSERACE-GA03-26,Will Republican win the House race for GA-03?,Brian Jack,,active,US_2026_general_election,14,usable,usable,0.954,0.9435,1.0499999999999954,2026-09-08T14:00:00Z,2026-08-24T17:00:00Z,same_contract_descriptive
KXHOUSERACE-GA03-26-R,KXHOUSERACE,KXHOUSERACE-GA03-26,Will Republican win the House race for GA-03?,Brian Jack,,active,US_2026_general_election,28,usable,usable,0.954,0.944,1.0000000000000009,2026-09-08T14:00:00Z,2026-08-11T15:00:00Z,same_contract_descriptive
KXHOUSERACE-GA03-26-D,KXHOUSERACE,KXHOUSERACE-GA03-26,Will Democratic win the House race for GA-03?,Maura Keller,,active,US_2026_general_election,7,usable,usable,0.042,0.0485,-0.6499999999999999,2026-09-08T15:00:00Z,2026-09-01T12:00:00Z,same_contract_descriptive
KXHOUSERACE-GA03-26-D,KXHOUSERACE,KXHOUSERACE-GA03-26,Will Democratic win the House race for GA-03?,Maura Keller,,active,US_2026_general_election,14,usable,usable,0.042,0.055999999999999994,-1.3999999999999992,2026-09-08T15:00:00Z,2026-08-25T07:00:00Z,same_contract_descriptive
KXHOUSERACE-GA03-26-D,KXHOUSERACE,KXHOUSERACE-GA03-26,Will Democratic win the House race for GA-03?,Maura Keller,,active,US_2026_general_election,28,usable,usable,0.042,0.0505,-0.8500000000000001,2026-09-08T15:00:00Z,2026-08-11T15:00:00Z,same_contract_descriptive
KXHOUSERACE-GA01-26-R,KXHOUSERACE,KXHOUSERACE-GA01-26,Will Republican win the House race for GA-01?,Jim Kingston,,active,US_2026_general_election,7,usable,usable,0.893,0.899,-0.6000000000000005,2026-09-08T15:00:00Z,2026-09-01T12:00:00Z,same_contract_descriptive
KXHOUSERACE-GA01-26-R,KXHOUSERACE,KXHOUSERACE-GA01-26,Will Republican win the House race for GA-01?,Jim Kingston,,active,US_2026_general_election,14,usable,usable,0.893,0.899,-0.6000000000000005,2026-09-08T15:00:00Z,2026-08-25T07:00:00Z,same_contract_descriptive
KXHOUSERACE-GA01-26-R,KXHOUSERACE,KXHOUSERACE-GA01-26,Will Republican win the House race for GA-01?,Jim Kingston,,active,US_2026_general_election,28,usable,usable,0.893,0.8945000000000001,-0.15000000000000568,2026-09-08T15:00:00Z,2026-08-11T15:00:00Z,same_contract_descriptive
KXHOUSERACE-GA01-26-D,KXHOUSERACE,KXHOUSERACE-GA01-26,Will Democratic win the House race for GA-01?,Amanda Hollowell,,active,US_2026_general_election,7,usable,usable,0.10700000000000001,0.10600000000000001,0.10000000000000009,2026-09-08T15:00:00Z,2026-09-01T15:00:00Z,same_contract_descriptive
KXHOUSERACE-GA01-26-D,KXHOUSERACE,KXHOUSERACE-GA01-26,Will Democratic win the House race for GA-01?,Amanda Hollowell,,active,US_2026_general_election,14,usable,usable,0.10700000000000001,0.101,0.6000000000000005,2026-09-08T15:00:00Z,2026-08-25T15:00:00Z,same_contract_descriptive
KXHOUSERACE-GA01-26-D,KXHOUSERACE,KXHOUSERACE-GA01-26,Will Democratic win the House race for GA-01?,Amanda Hollowell,,active,US_2026_general_election,28,usable,usable,0.10700000000000001,0.1055,0.15000000000000152,2026-09-08T15:00:00Z,2026-08-11T15:00:00Z,same_contract_descriptive
KXHOUSERACE-GA02-26-R,KXHOUSERACE,KXHOUSERACE-GA02-26,Will Republican win the House race for GA-02?,Matt Day,,active,US_2026_general_election,7,usable,usable,0.034,0.054000000000000006,-2.0000000000000004,2026-09-08T14:00:00Z,2026-09-01T15:00:00Z,same_contract_descriptive
KXHOUSERACE-GA02-26-R,KXHOUSERACE,KXHOUSERACE-GA02-26,Will Republican win the House race for GA-02?,Matt Day,,active,US_2026_general_election,14,usable,usable,0.034,0.037500000000000006,-0.3500000000000003,2026-09-08T14:00:00Z,2026-08-25T15:00:00Z,same_contract_descriptive
KXHOUSERACE-GA02-26-R,KXHOUSERACE,KXHOUSERACE-GA02-26,Will Republican win the House race for GA-02?,Matt Day,,active,US_2026_general_election,28,usable,usable,0.034,0.035,-0.10000000000000009,2026-09-08T14:00:00Z,2026-08-11T15:00:00Z,same_contract_descriptive
KXHOUSERACE-GA02-26-D,KXHOUSERACE,KXHOUSERACE-GA02-26,Will Democratic win the House race for GA-02?,Sanford Bishop,,active,US_2026_general_election,7,usable,usable,0.9635,0.9545,0.9000000000000008,2026-09-08T15:00:00Z,2026-09-01T12:00:00Z,same_contract_descriptive
KXHOUSERACE-GA02-26-D,KXHOUSERACE,KXHOUSERACE-GA02-26,Will Democratic win the House race for GA-02?,Sanford Bishop,,active,US_2026_general_election,14,usable,usable,0.9635,0.956,0.7500000000000062,2026-09-08T15:00:00Z,2026-08-25T11:00:00Z,same_contract_descriptive
KXHOUSERACE-GA02-26-D,KXHOUSERACE,KXHOUSERACE-GA02-26,Will Democratic win the House race for GA-02?,Sanford Bishop,,active,US_2026_general_election,28,usable,usable,0.9635,0.965,-0.14999999999999458,2026-09-08T15:00:00Z,2026-08-11T15:00:00Z,same_contract_descriptive
KXHOUSERACE-FL28-26-R,KXHOUSERACE,KXHOUSERACE-FL28-26,Will Republican win the House race for FL-28?,Carlos Giménez,,active,US_2026_general_election,7,usable,usable,0.9195,0.9195,0.0,2026-09-08T15:00:00Z,2026-09-01T12:00:00Z,same_contract_descriptive
KXHOUSERACE-FL28-26-R,KXHOUSERACE,KXHOUSERACE-FL28-26,Will Republican win the House race for FL-28?,Carlos Giménez,,active,US_2026_general_election,14,usable,usable,0.9195,0.915,0.44999999999999485,2026-09-08T15:00:00Z,2026-08-25T11:00:00Z,same_contract_descriptive
KXHOUSERACE-FL28-26-R,KXHOUSERACE,KXHOUSERACE-FL28-26,Will Republican win the House race for FL-28?,Carlos Giménez,,active,US_2026_general_election,28,usable,usable,0.9195,0.916,0.34999999999999476,2026-09-08T15:00:00Z,2026-08-11T15:00:00Z,same_contract_descriptive
KXHOUSERACE-FL28-26-D,KXHOUSERACE,KXHOUSERACE-FL28-26,Will Democratic win the House race for FL-28?,Phil Ehr,,active,US_2026_general_election,7,usable,usable,0.075,0.0795,-0.4500000000000004,2026-09-08T15:00:00Z,2026-09-01T14:00:00Z,same_contract_descriptive
KXHOUSERACE-FL28-26-D,KXHOUSERACE,KXHOUSERACE-FL28-26,Will Democratic win the House race for FL-28?,Phil Ehr,,active,US_2026_general_election,14,usable,usable,0.075,0.07450000000000001,0.04999999999999866,2026-09-08T15:00:00Z,2026-08-25T11:00:00Z,same_contract_descriptive
KXHOUSERACE-FL28-26-D,KXHOUSERACE,KXHOUSERACE-FL28-26,Will Democratic win the House race for FL-28?,Phil Ehr,,active,US_2026_general_election,28,usable,usable,0.075,0.084,-0.9000000000000008,2026-09-08T15:00:00Z,2026-08-11T15:00:00Z,same_contract_descriptive
KXHOUSERACE-FL26-26-R,KXHOUSERACE,KXHOUSERACE-FL26-26,Will Republican win the House race for FL-26?,Mario Díaz-Balart,,active,US_2026_general_election,7,stale_observation,stale_observation,,,,2026-09-06T18:00:00Z,2026-08-30T23:00:00Z,not_comparable
KXHOUSERACE-FL26-26-R,KXHOUSERACE,KXHOUSERACE-FL26-26,Will Republican win the House race for FL-26?,Mario Díaz-Balart,,active,US_2026_general_election,14,stale_observation,usable,,0.895,,2026-09-06T18:00:00Z,2026-08-24T17:00:00Z,not_comparable
KXHOUSERACE-FL26-26-R,KXHOUSERACE,KXHOUSERACE-FL26-26,Will Republican win the House race for FL-26?,Mario Díaz-Balart,,active,US_2026_general_election,28,stale_observation,usable,,0.895,,2026-09-06T18:00:00Z,2026-08-11T15:00:00Z,not_comparable
KXHOUSERACE-FL26-26-D,KXHOUSERACE,KXHOUSERACE-FL26-26,Will Democratic win the House race for FL-26?,Nicole Locklin,,active,US_2026_general_election,7,usable,usable,0.105,0.11,-0.5000000000000004,2026-09-08T14:00:00Z,2026-09-01T15:00:00Z,same_contract_descriptive
KXHOUSERACE-FL26-26-D,KXHOUSERACE,KXHOUSERACE-FL26-26,Will Democratic win the House race for FL-26?,Nicole Locklin,,active,US_2026_general_election,14,usable,usable,0.105,0.11,-0.5000000000000004,2026-09-08T14:00:00Z,2026-08-25T15:00:00Z,same_contract_descriptive
KXHOUSERACE-FL26-26-D,KXHOUSERACE,KXHOUSERACE-FL26-26,Will Democratic win the House race for FL-26?,Nicole Locklin,,active,US_2026_general_election,28,usable,usable,0.105,0.105,0.0,2026-09-08T14:00:00Z,2026-08-11T15:00:00Z,same_contract_descriptive
KXHOUSERACE-FL27-26-R,KXHOUSERACE,KXHOUSERACE-FL27-26,Will Republican win the House race for FL-27?,Maria Elvira Salazar,,active,US_2026_general_election,7,usable,usable,0.815,0.815,0.0,2026-09-08T14:00:00Z,2026-09-01T12:00:00Z,same_contract_descriptive
KXHOUSERACE-FL27-26-R,KXHOUSERACE,KXHOUSERACE-FL27-26,Will Republican win the House race for FL-27?,Maria Elvira Salazar,,active,US_2026_general_election,14,usable,usable,0.815,0.8200000000000001,-0.5000000000000115,2026-09-08T14:00:00Z,2026-08-25T14:00:00Z,same_contract_descriptive
KXHOUSERACE-FL27-26-R,KXHOUSERACE,KXHOUSERACE-FL27-26,Will Republican win the House race for FL-27?,Maria Elvira Salazar,,active,US_2026_general_election,28,usable,usable,0.815,0.845,-3.0000000000000027,2026-09-08T14:00:00Z,2026-08-11T15:00:00Z,same_contract_descriptive
KXHOUSERACE-FL27-26-D,KXHOUSERACE,KXHOUSERACE-FL27-26,Will Democratic win the House race for FL-27?,Eliott Rodriguez,,active,US_2026_general_election,7,usable,usable,0.19,0.16999999999999998,2.0000000000000018,2026-09-08T14:00:00Z,2026-09-01T14:00:00Z,same_contract_descriptive
KXHOUSERACE-FL27-26-D,KXHOUSERACE,KXHOUSERACE-FL27-26,Will Democratic win the House race for FL-27?,Eliott Rodriguez,,active,US_2026_general_election,14,usable,usable,0.19,0.175,1.5000000000000013,2026-09-08T14:00:00Z,2026-08-25T14:00:00Z,same_contract_descriptive
KXHOUSERACE-FL27-26-D,KXHOUSERACE,KXHOUSERACE-FL27-26,Will Democratic win the House race for FL-27?,Eliott Rodriguez,,active,US_2026_general_election,28,usable,usable,0.19,0.15000000000000002,3.9999999999999982,2026-09-08T14:00:00Z,2026-08-11T15:00:00Z,same_contract_descriptive
KXHOUSERACE-FL25-26-R,KXHOUSERACE,KXHOUSERACE-FL25-26,Will Republican win the House race for FL-25?,Scott Singer,,active,US_2026_general_election,7,usable,usable,0.305,0.275,2.9999999999999973,2026-09-08T15:00:00Z,2026-09-01T15:00:00Z,same_contract_descriptive
KXHOUSERACE-FL25-26-R,KXHOUSERACE,KXHOUSERACE-FL25-26,Will Republican win the House race for FL-25?,Scott Singer,,active,US_2026_general_election,14,usable,usable,0.305,0.33,-2.500000000000002,2026-09-08T15:00:00Z,2026-08-25T11:00:00Z,same_contract_descriptive
KXHOUSERACE-FL25-26-R,KXHOUSERACE,KXHOUSERACE-FL25-26,Will Republican win the House race for FL-25?,Scott Singer,,active,US_2026_general_election,28,usable,usable,0.305,0.31,-0.5000000000000004,2026-09-08T15:00:00Z,2026-08-11T15:00:00Z,same_contract_descriptive
KXHOUSERACE-FL25-26-D,KXHOUSERACE,KXHOUSERACE-FL25-26,Will Democratic win the House race for FL-25?,Jared Moskowitz,,active,US_2026_general_election,7,usable,usable,0.705,0.705,0.0,2026-09-08T15:00:00Z,2026-09-01T15:00:00Z,same_contract_descriptive
KXHOUSERACE-FL25-26-D,KXHOUSERACE,KXHOUSERACE-FL25-26,Will Democratic win the House race for FL-25?,Jared Moskowitz,,active,US_2026_general_election,14,usable,usable,0.705,0.665,3.9999999999999925,2026-09-08T15:00:00Z,2026-08-25T14:00:00Z,same_contract_descriptive
KXHOUSERACE-FL25-26-D,KXHOUSERACE,KXHOUSERACE-FL25-26,Will Democratic win the House race for FL-25?,Jared Moskowitz,,active,US_2026_general_election,28,usable,usable,0.705,0.685,1.9999999999999907,2026-09-08T15:00:00Z,2026-08-11T15:00:00Z,same_contract_descriptive
KXHOUSERACE-FL24-26-R,KXHOUSERACE,KXHOUSERACE-FL24-26,Will Republican win the House race for FL-24?,Mayonna Te Brown,,active,US_2026_general_election,7,stale_observation,usable,,0.028499999999999998,,2026-09-01T02:00:00Z,2026-09-01T02:00:00Z,not_comparable
KXHOUSERACE-FL24-26-R,KXHOUSERACE,KXHOUSERACE-FL24-26,Will Republican win the House race for FL-24?,Mayonna Te Brown,,active,US_2026_general_election,14,stale_observation,stale_observation,,,,2026-09-01T02:00:00Z,2026-08-24T01:00:00Z,not_comparable
KXHOUSERACE-FL24-26-R,KXHOUSERACE,KXHOUSERACE-FL24-26,Will Republican win the House race for FL-24?,Mayonna Te Brown,,active,US_2026_general_election,28,stale_observation,usable,,0.0315,,2026-09-01T02:00:00Z,2026-08-11T15:00:00Z,not_comparable
KXHOUSERACE-FL24-26-D,KXHOUSERACE,KXHOUSERACE-FL24-26,Will Democratic win the House race for FL-24?,Oliver Gilbert,,active,US_2026_general_election,7,usable,usable,0.9655,0.9695,-0.40000000000000036,2026-09-07T23:00:00Z,2026-09-01T11:00:00Z,same_contract_descriptive
KXHOUSERACE-FL24-26-D,KXHOUSERACE,KXHOUSERACE-FL24-26,Will Democratic win the House race for FL-24?,Oliver Gilbert,,active,US_2026_general_election,14,usable,usable,0.9655,0.9655,0.0,2026-09-07T23:00:00Z,2026-08-24T17:00:00Z,same_contract_descriptive
KXHOUSERACE-FL24-26-D,KXHOUSERACE,KXHOUSERACE-FL24-26,Will Democratic win the House race for FL-24?,Oliver Gilbert,,active,US_2026_general_election,28,usable,usable,0.9655,0.9675,-0.20000000000000018,2026-09-07T23:00:00Z,2026-08-11T15:00:00Z,same_contract_descriptive
KXHOUSERACE-FL22-26-R,KXHOUSERACE,KXHOUSERACE-FL22-26,Will Republican win the House race for FL-22?,Casey Askar,,active,US_2026_general_election,7,usable,usable,0.575,0.56,1.4999999999999902,2026-09-08T15:00:00Z,2026-09-01T15:00:00Z,same_contract_descriptive
KXHOUSERACE-FL22-26-R,KXHOUSERACE,KXHOUSERACE-FL22-26,Will Republican win the House race for FL-22?,Casey Askar,,active,US_2026_general_election,14,usable,usable,0.575,0.565,1.0000000000000009,2026-09-08T15:00:00Z,2026-08-25T12:00:00Z,same_contract_descriptive
KXHOUSERACE-FL22-26-R,KXHOUSERACE,KXHOUSERACE-FL22-26,Will Republican win the House race for FL-22?,Casey Askar,,active,US_2026_general_election,28,usable,usable,0.575,0.69,-11.5,2026-09-08T15:00:00Z,2026-08-11T15:00:00Z,same_contract_descriptive
KXHOUSERACE-FL22-26-D,KXHOUSERACE,KXHOUSERACE-FL22-26,Will Democratic win the House race for FL-22?,Pia Dandiya,,active,US_2026_general_election,7,usable,usable,0.445,0.45999999999999996,-1.4999999999999958,2026-09-08T06:00:00Z,2026-09-01T14:00:00Z,same_contract_descriptive
KXHOUSERACE-FL22-26-D,KXHOUSERACE,KXHOUSERACE-FL22-26,Will Democratic win the House race for FL-22?,Pia Dandiya,,active,US_2026_general_election,14,usable,usable,0.445,0.45499999999999996,-0.9999999999999953,2026-09-08T06:00:00Z,2026-08-25T15:00:00Z,same_contract_descriptive
KXHOUSERACE-FL22-26-D,KXHOUSERACE,KXHOUSERACE-FL22-26,Will Democratic win the House race for FL-22?,Pia Dandiya,,active,US_2026_general_election,28,usable,usable,0.445,0.31,13.5,2026-09-08T06:00:00Z,2026-08-11T15:00:00Z,same_contract_descriptive
KXHOUSERACE-FL21-26-R,KXHOUSERACE,KXHOUSERACE-FL21-26,Will Republican win the House race for FL-21?,Brian Mast,,active,US_2026_general_election,7,stale_observation,usable,,0.9099999999999999,,2026-09-06T19:00:00Z,2026-09-01T15:00:00Z,not_comparable
KXHOUSERACE-FL21-26-R,KXHOUSERACE,KXHOUSERACE-FL21-26,Will Republican win the House race for FL-21?,Brian Mast,,active,US_2026_general_election,14,stale_observation,usable,,0.9115,,2026-09-06T19:00:00Z,2026-08-25T15:00:00Z,not_comparable
KXHOUSERACE-FL21-26-R,KXHOUSERACE,KXHOUSERACE-FL21-26,Will Republican win the House race for FL-21?,Brian Mast,,active,US_2026_general_election,28,stale_observation,usable,,0.9125000000000001,,2026-09-06T19:00:00Z,2026-08-11T15:00:00Z,not_comparable
KXHOUSERACE-FL21-26-D,KXHOUSERACE,KXHOUSERACE-FL21-26,Will Democratic win the House race for FL-21?,James Martin,,active,US_2026_general_election,7,usable,usable,0.091,0.0955,-0.4500000000000004,2026-09-08T15:00:00Z,2026-09-01T15:00:00Z,same_contract_descriptive
KXHOUSERACE-FL21-26-D,KXHOUSERACE,KXHOUSERACE-FL21-26,Will Democratic win the House race for FL-21?,James Martin,,active,US_2026_general_election,14,usable,usable,0.091,0.0785,1.2499999999999998,2026-09-08T15:00:00Z,2026-08-25T15:00:00Z,same_contract_descriptive
KXHOUSERACE-FL21-26-D,KXHOUSERACE,KXHOUSERACE-FL21-26,Will Democratic win the House race for FL-21?,James Martin,,active,US_2026_general_election,28,usable,usable,0.091,0.0875,0.3500000000000003,2026-09-08T15:00:00Z,2026-08-11T15:00:00Z,same_contract_descriptive
KXHOUSERACE-FL20-26-R,KXHOUSERACE,KXHOUSERACE-FL20-26,Will Republican win the House race for FL-20?,Brent Andersen,,active,US_2026_general_election,7,usable,usable,0.032,0.034,-0.20000000000000018,2026-09-08T15:00:00Z,2026-09-01T12:00:00Z,same_contract_descriptive
KXHOUSERACE-FL20-26-R,KXHOUSERACE,KXHOUSERACE-FL20-26,Will Republican win the House race for FL-20?,Brent Andersen,,active,US_2026_general_election,14,usable,usable,0.032,0.024,0.8,2026-09-08T15:00:00Z,2026-08-25T11:00:00Z,same_contract_descriptive
KXHOUSERACE-FL20-26-R,KXHOUSERACE,KXHOUSERACE-FL20-26,Will Republican win the House race for FL-20?,Brent Andersen,,active,US_2026_general_election,28,usable,usable,0.032,0.046,-1.4,2026-09-08T15:00:00Z,2026-08-11T15:00:00Z,same_contract_descriptive
KXHOUSERACE-FL20-26-D,KXHOUSERACE,KXHOUSERACE-FL20-26,Will Democratic win the House race for FL-20?,Debbie Wasserman Schultz,,active,US_2026_general_election,7,usable,usable,0.9515,0.9475,0.40000000000000036,2026-09-08T14:00:00Z,2026-09-01T07:00:00Z,same_contract_descriptive
KXHOUSERACE-FL20-26-D,KXHOUSERACE,KXHOUSERACE-FL20-26,Will Democratic win the House race for FL-20?,Debbie Wasserman Schultz,,active,US_2026_general_election,14,usable,usable,0.9515,0.948,0.35000000000000586,2026-09-08T14:00:00Z,2026-08-25T00:00:00Z,same_contract_descriptive
KXHOUSERACE-FL20-26-D,KXHOUSERACE,KXHOUSERACE-FL20-26,Will Democratic win the House race for FL-20?,Debbie Wasserman Schultz,,active,US_2026_general_election,28,usable,usable,0.9515,0.954,-0.24999999999999467,2026-09-08T14:00:00Z,2026-08-11T01:00:00Z,same_contract_descriptive
KXHOUSERACE-FL19-26-R,KXHOUSERACE,KXHOUSERACE-FL19-26,Will Republican win the House race for FL-19?,Jim Schwartzel,,active,US_2026_general_election,7,usable,usable,0.9535,0.9325,2.100000000000002,2026-09-08T14:00:00Z,2026-09-01T12:00:00Z,same_contract_descriptive
KXHOUSERACE-FL19-26-R,KXHOUSERACE,KXHOUSERACE-FL19-26,Will Republican win the House race for FL-19?,Jim Schwartzel,,active,US_2026_general_election,14,usable,usable,0.9535,0.9275,2.6000000000000023,2026-09-08T14:00:00Z,2026-08-25T11:00:00Z,same_contract_descriptive
KXHOUSERACE-FL19-26-R,KXHOUSERACE,KXHOUSERACE-FL19-26,Will Republican win the House race for FL-19?,Jim Schwartzel,,active,US_2026_general_election,28,usable,usable,0.9535,0.92,3.3499999999999974,2026-09-08T14:00:00Z,2026-08-11T15:00:00Z,same_contract_descriptive
KXHOUSERACE-FL19-26-D,KXHOUSERACE,KXHOUSERACE-FL19-26,Will Democratic win the House race for FL-19?,Victor Arias,,active,US_2026_general_election,7,usable,usable,0.053000000000000005,0.063,-0.9999999999999996,2026-09-08T14:00:00Z,2026-09-01T12:00:00Z,same_contract_descriptive
KXHOUSERACE-FL19-26-D,KXHOUSERACE,KXHOUSERACE-FL19-26,Will Democratic win the House race for FL-19?,Victor Arias,,active,US_2026_general_election,14,usable,usable,0.053000000000000005,0.067,-1.4,2026-09-08T14:00:00Z,2026-08-25T07:00:00Z,same_contract_descriptive
KXHOUSERACE-FL19-26-D,KXHOUSERACE,KXHOUSERACE-FL19-26,Will Democratic win the House race for FL-19?,Victor Arias,,active,US_2026_general_election,28,usable,usable,0.053000000000000005,0.08,-2.6999999999999997,2026-09-08T14:00:00Z,2026-08-11T15:00:00Z,same_contract_descriptive
KXHOUSERACE-FL16-26-R,KXHOUSERACE,KXHOUSERACE-FL16-26,Will Republican win the House race for FL-16?,Sydney Gruters,,active,US_2026_general_election,7,usable,usable,0.815,0.825,-1.0000000000000009,2026-09-08T15:00:00Z,2026-09-01T15:00:00Z,same_contract_descriptive
KXHOUSERACE-FL16-26-R,KXHOUSERACE,KXHOUSERACE-FL16-26,Will Republican win the House race for FL-16?,Sydney Gruters,,active,US_2026_general_election,14,usable,usable,0.815,0.8200000000000001,-0.5000000000000115,2026-09-08T15:00:00Z,2026-08-25T13:00:00Z,same_contract_descriptive
KXHOUSERACE-FL16-26-R,KXHOUSERACE,KXHOUSERACE-FL16-26,Will Republican win the House race for FL-16?,Sydney Gruters,,active,US_2026_general_election,28,usable,usable,0.815,0.815,0.0,2026-09-08T15:00:00Z,2026-08-11T15:00:00Z,same_contract_descriptive
KXHOUSERACE-FL16-26-D,KXHOUSERACE,KXHOUSERACE-FL16-26,Will Democratic win the House race for FL-16?,Kelly Kirschner,,active,US_2026_general_election,7,usable,usable,0.19,0.18,1.0000000000000009,2026-09-08T15:00:00Z,2026-09-01T15:00:00Z,same_contract_descriptive
KXHOUSERACE-FL16-26-D,KXHOUSERACE,KXHOUSERACE-FL16-26,Will Democratic win the House race for FL-16?,Kelly Kirschner,,active,US_2026_general_election,14,usable,usable,0.19,0.18,1.0000000000000009,2026-09-08T15:00:00Z,2026-08-25T07:00:00Z,same_contract_descriptive
KXHOUSERACE-FL16-26-D,KXHOUSERACE,KXHOUSERACE-FL16-26,Will Democratic win the House race for FL-16?,Kelly Kirschner,,active,US_2026_general_election,28,usable,usable,0.19,0.185,0.5000000000000004,2026-09-08T15:00:00Z,2026-08-11T15:00:00Z,same_contract_descriptive
KXHOUSERACE-FL18-26-R,KXHOUSERACE,KXHOUSERACE-FL18-26,Will Republican win the House race for FL-18?,Scott Franklin,,active,US_2026_general_election,7,usable,usable,0.9199999999999999,0.9195,0.04999999999999449,2026-09-08T14:00:00Z,2026-09-01T14:00:00Z,same_contract_descriptive
KXHOUSERACE-FL18-26-R,KXHOUSERACE,KXHOUSERACE-FL18-26,Will Republican win the House race for FL-18?,Scott Franklin,,active,US_2026_general_election,14,usable,usable,0.9199999999999999,0.9325,-1.2500000000000067,2026-09-08T14:00:00Z,2026-08-25T13:00:00Z,same_contract_descriptive
KXHOUSERACE-FL18-26-R,KXHOUSERACE,KXHOUSERACE-FL18-26,Will Republican win the House race for FL-18?,Scott Franklin,,active,US_2026_general_election,28,usable,usable,0.9199999999999999,0.931,-1.100000000000012,2026-09-08T14:00:00Z,2026-08-11T15:00:00Z,same_contract_descriptive
KXHOUSERACE-FL18-26-D,KXHOUSERACE,KXHOUSERACE-FL18-26,Will Democratic win the House race for FL-18?,Curtis Gibson,,active,US_2026_general_election,7,usable,usable,0.0625,0.0675,-0.5000000000000004,2026-09-08T15:00:00Z,2026-09-01T15:00:00Z,same_contract_descriptive
KXHOUSERACE-FL18-26-D,KXHOUSERACE,KXHOUSERACE-FL18-26,Will Democratic win the House race for FL-18?,Curtis Gibson,,active,US_2026_general_election,14,usable,usable,0.0625,0.0675,-0.5000000000000004,2026-09-08T15:00:00Z,2026-08-25T06:00:00Z,same_contract_descriptive
KXHOUSERACE-FL18-26-D,KXHOUSERACE,KXHOUSERACE-FL18-26,Will Democratic win the House race for FL-18?,Curtis Gibson,,active,US_2026_general_election,28,usable,usable,0.0625,0.069,-0.6500000000000006,2026-09-08T15:00:00Z,2026-08-11T15:00:00Z,same_contract_descriptive
KXHOUSERACE-FL17-26-R,KXHOUSERACE,KXHOUSERACE-FL17-26,Will Republican win the House race for FL-17?,Greg Steube,,active,US_2026_general_election,7,usable,usable,0.946,0.9295,1.649999999999996,2026-09-08T14:00:00Z,2026-09-01T12:00:00Z,same_contract_descriptive
KXHOUSERACE-FL17-26-R,KXHOUSERACE,KXHOUSERACE-FL17-26,Will Republican win the House race for FL-17?,Greg Steube,,active,US_2026_general_election,14,usable,usable,0.946,0.9485,-0.2500000000000058,2026-09-08T14:00:00Z,2026-08-25T02:00:00Z,same_contract_descriptive
KXHOUSERACE-FL17-26-R,KXHOUSERACE,KXHOUSERACE-FL17-26,Will Republican win the House race for FL-17?,Greg Steube,,active,US_2026_general_election,28,usable,usable,0.946,0.9524999999999999,-0.649999999999995,2026-09-08T14:00:00Z,2026-08-11T15:00:00Z,same_contract_descriptive
KXHOUSERACE-FL17-26-D,KXHOUSERACE,KXHOUSERACE-FL17-26,Will Democratic win the House race for FL-17?,Matthew Montavon,,active,US_2026_general_election,7,usable,usable,0.043500000000000004,0.0475,-0.3999999999999997,2026-09-08T15:00:00Z,2026-09-01T12:00:00Z,same_contract_descriptive
KXHOUSERACE-FL17-26-D,KXHOUSERACE,KXHOUSERACE-FL17-26,Will Democratic win the House race for FL-17?,Matthew Montavon,,active,US_2026_general_election,14,usable,usable,0.043500000000000004,0.0475,-0.3999999999999997,2026-09-08T15:00:00Z,2026-08-25T02:00:00Z,same_contract_descriptive
KXHOUSERACE-FL17-26-D,KXHOUSERACE,KXHOUSERACE-FL17-26,Will Democratic win the House race for FL-17?,Matthew Montavon,,active,US_2026_general_election,28,usable,usable,0.043500000000000004,0.047,-0.34999999999999964,2026-09-08T15:00:00Z,2026-08-11T15:00:00Z,same_contract_descriptive
KXHOUSERACE-FL14-26-R,KXHOUSERACE,KXHOUSERACE-FL14-26,Will Republican win the House race for FL-14?,Mike Beltran,,active,US_2026_general_election,7,usable,usable,0.375,0.33,4.499999999999998,2026-09-08T15:00:00Z,2026-09-01T08:00:00Z,same_contract_descriptive
KXHOUSERACE-FL14-26-R,KXHOUSERACE,KXHOUSERACE-FL14-26,Will Republican win the House race for FL-14?,Mike Beltran,,active,US_2026_general_election,14,usable,usable,0.375,0.265,10.999999999999998,2026-09-08T15:00:00Z,2026-08-25T15:00:00Z,same_contract_descriptive
KXHOUSERACE-FL14-26-R,KXHOUSERACE,KXHOUSERACE-FL14-26,Will Republican win the House race for FL-14?,Mike Beltran,,active,US_2026_general_election,28,usable,usable,0.375,0.425,-4.999999999999999,2026-09-08T15:00:00Z,2026-08-11T15:00:00Z,same_contract_descriptive
KXHOUSERACE-FL14-26-D,KXHOUSERACE,KXHOUSERACE-FL14-26,Will Democratic win the House race for FL-14?,Kathy Castor,,active,US_2026_general_election,7,usable,usable,0.625,0.655,-3.0000000000000027,2026-09-08T15:00:00Z,2026-09-01T06:00:00Z,same_contract_descriptive
KXHOUSERACE-FL14-26-D,KXHOUSERACE,KXHOUSERACE-FL14-26,Will Democratic win the House race for FL-14?,Kathy Castor,,active,US_2026_general_election,14,usable,usable,0.625,0.75,-12.5,2026-09-08T15:00:00Z,2026-08-25T15:00:00Z,same_contract_descriptive
KXHOUSERACE-FL14-26-D,KXHOUSERACE,KXHOUSERACE-FL14-26,Will Democratic win the House race for FL-14?,Kathy Castor,,active,US_2026_general_election,28,usable,usable,0.625,0.575,5.000000000000004,2026-09-08T15:00:00Z,2026-08-11T15:00:00Z,same_contract_descriptive
KXHOUSERACE-FL15-26-R,KXHOUSERACE,KXHOUSERACE-FL15-26,Will Republican win the House race for FL-15?,Laurel Lee,,active,US_2026_general_election,7,usable,usable,0.9135,0.9,1.3499999999999956,2026-09-08T15:00:00Z,2026-09-01T15:00:00Z,same_contract_descriptive
KXHOUSERACE-FL15-26-R,KXHOUSERACE,KXHOUSERACE-FL15-26,Will Republican win the House race for FL-15?,Laurel Lee,,active,US_2026_general_election,14,usable,usable,0.9135,0.905,0.8499999999999952,2026-09-08T15:00:00Z,2026-08-25T15:00:00Z,same_contract_descriptive
KXHOUSERACE-FL15-26-R,KXHOUSERACE,KXHOUSERACE-FL15-26,Will Republican win the House race for FL-15?,Laurel Lee,,active,US_2026_general_election,28,usable,usable,0.9135,0.875,3.849999999999998,2026-09-08T15:00:00Z,2026-08-11T15:00:00Z,same_contract_descriptive
KXHOUSERACE-FL15-26-D,KXHOUSERACE,KXHOUSERACE-FL15-26,Will Democratic win the House race for FL-15?,Robert People,,active,US_2026_general_election,7,usable,usable,0.07150000000000001,0.11,-3.849999999999999,2026-09-08T15:00:00Z,2026-09-01T15:00:00Z,same_contract_descriptive
KXHOUSERACE-FL15-26-D,KXHOUSERACE,KXHOUSERACE-FL15-26,Will Democratic win the House race for FL-15?,Robert People,,active,US_2026_general_election,14,usable,usable,0.07150000000000001,0.09,-1.8499999999999988,2026-09-08T15:00:00Z,2026-08-25T13:00:00Z,same_contract_descriptive
KXHOUSERACE-FL15-26-D,KXHOUSERACE,KXHOUSERACE-FL15-26,Will Democratic win the House race for FL-15?,Robert People,,active,US_2026_general_election,28,usable,usable,0.07150000000000001,0.125,-5.35,2026-09-08T15:00:00Z,2026-08-11T15:00:00Z,same_contract_descriptive
KXHOUSERACE-FL12-26-R,KXHOUSERACE,KXHOUSERACE-FL12-26,Will Republican win the House race for FL-12?,Gus Bilirakis,,active,US_2026_general_election,7,usable,usable,0.9275,0.875,5.249999999999999,2026-09-08T15:00:00Z,2026-09-01T14:00:00Z,same_contract_descriptive
KXHOUSERACE-FL12-26-R,KXHOUSERACE,KXHOUSERACE-FL12-26,Will Republican win the House race for FL-12?,Gus Bilirakis,,active,US_2026_general_election,14,usable,usable,0.9275,0.855,7.250000000000001,2026-09-08T15:00:00Z,2026-08-25T15:00:00Z,same_contract_descriptive
KXHOUSERACE-FL12-26-R,KXHOUSERACE,KXHOUSERACE-FL12-26,Will Republican win the House race for FL-12?,Gus Bilirakis,,active,US_2026_general_election,28,usable,usable,0.9275,0.865,6.25,2026-09-08T15:00:00Z,2026-08-11T15:00:00Z,same_contract_descriptive
KXHOUSERACE-FL12-26-D,KXHOUSERACE,KXHOUSERACE-FL12-26,Will Democratic win the House race for FL-12?,Kimberly Overman,,active,US_2026_general_election,7,usable,usable,0.07350000000000001,0.121,-4.749999999999998,2026-09-08T15:00:00Z,2026-09-01T15:00:00Z,same_contract_descriptive
KXHOUSERACE-FL12-26-D,KXHOUSERACE,KXHOUSERACE-FL12-26,Will Democratic win the House race for FL-12?,Kimberly Overman,,active,US_2026_general_election,14,usable,usable,0.07350000000000001,0.14500000000000002,-7.15,2026-09-08T15:00:00Z,2026-08-25T07:00:00Z,same_contract_descriptive
KXHOUSERACE-FL12-26-D,KXHOUSERACE,KXHOUSERACE-FL12-26,Will Democratic win the House race for FL-12?,Kimberly Overman,,active,US_2026_general_election,28,usable,usable,0.07350000000000001,0.135,-6.15,2026-09-08T15:00:00Z,2026-08-11T15:00:00Z,same_contract_descriptive
KXHOUSERACE-FL11-26-R,KXHOUSERACE,KXHOUSERACE-FL11-26,Will Republican win the House race for FL-11?,Joe Strada,,active,US_2026_general_election,7,usable,usable,0.855,0.855,0.0,2026-09-08T15:00:00Z,2026-09-01T15:00:00Z,same_contract_descriptive
KXHOUSERACE-FL11-26-R,KXHOUSERACE,KXHOUSERACE-FL11-26,Will Republican win the House race for FL-11?,Joe Strada,,active,US_2026_general_election,14,usable,usable,0.855,0.85,0.5000000000000004,2026-09-08T15:00:00Z,2026-08-25T07:00:00Z,same_contract_descriptive
KXHOUSERACE-FL11-26-R,KXHOUSERACE,KXHOUSERACE-FL11-26,Will Republican win the House race for FL-11?,Joe Strada,,active,US_2026_general_election,28,usable,usable,0.855,0.835,2.0000000000000018,2026-09-08T15:00:00Z,2026-08-11T15:00:00Z,same_contract_descriptive
KXHOUSERACE-FL11-26-D,KXHOUSERACE,KXHOUSERACE-FL11-26,Will Democratic win the House race for FL-11?,James Pericola,,active,US_2026_general_election,7,usable,usable,0.14500000000000002,0.115,3.0000000000000013,2026-09-08T15:00:00Z,2026-08-31T23:00:00Z,same_contract_descriptive
KXHOUSERACE-FL11-26-D,KXHOUSERACE,KXHOUSERACE-FL11-26,Will Democratic win the House race for FL-11?,James Pericola,,active,US_2026_general_election,14,usable,usable,0.14500000000000002,0.125,2.0000000000000018,2026-09-08T15:00:00Z,2026-08-25T07:00:00Z,same_contract_descriptive
KXHOUSERACE-FL11-26-D,KXHOUSERACE,KXHOUSERACE-FL11-26,Will Democratic win the House race for FL-11?,James Pericola,,active,US_2026_general_election,28,usable,usable,0.14500000000000002,0.135,1.0000000000000009,2026-09-08T15:00:00Z,2026-08-11T15:00:00Z,same_contract_descriptive
KXHOUSERACE-FL10-26-R,KXHOUSERACE,KXHOUSERACE-FL10-26,Will Republican win the House race for FL-10?,Republican party,,active,US_2026_general_election,7,usable,usable,0.036500000000000005,0.035500000000000004,0.10000000000000009,2026-09-08T14:00:00Z,2026-09-01T12:00:00Z,same_contract_descriptive
KXHOUSERACE-FL10-26-R,KXHOUSERACE,KXHOUSERACE-FL10-26,Will Republican win the House race for FL-10?,Republican party,,active,US_2026_general_election,14,usable,usable,0.036500000000000005,0.0285,0.8000000000000004,2026-09-08T14:00:00Z,2026-08-25T14:00:00Z,same_contract_descriptive
KXHOUSERACE-FL10-26-R,KXHOUSERACE,KXHOUSERACE-FL10-26,Will Republican win the House race for FL-10?,Republican party,,active,US_2026_general_election,28,usable,usable,0.036500000000000005,0.04,-0.34999999999999964,2026-09-08T14:00:00Z,2026-08-11T15:00:00Z,same_contract_descriptive
KXHOUSERACE-FL10-26-D,KXHOUSERACE,KXHOUSERACE-FL10-26,Will Democratic win the House race for FL-10?,Maxwell Frost,,active,US_2026_general_election,7,usable,usable,0.9615,0.9624999999999999,-0.09999999999998899,2026-09-08T02:00:00Z,2026-09-01T14:00:00Z,same_contract_descriptive
KXHOUSERACE-FL10-26-D,KXHOUSERACE,KXHOUSERACE-FL10-26,Will Democratic win the House race for FL-10?,Maxwell Frost,,active,US_2026_general_election,14,usable,usable,0.9615,0.9595,0.20000000000000018,2026-09-08T02:00:00Z,2026-08-24T20:00:00Z,same_contract_descriptive
KXHOUSERACE-FL10-26-D,KXHOUSERACE,KXHOUSERACE-FL10-26,Will Democratic win the House race for FL-10?,Maxwell Frost,,active,US_2026_general_election,28,usable,usable,0.9615,0.96,0.15000000000000568,2026-09-08T02:00:00Z,2026-08-11T15:00:00Z,same_contract_descriptive
KXHOUSERACE-FL09-26-R,KXHOUSERACE,KXHOUSERACE-FL09-26,Will Republican win the House race for FL-09?,Dan Green,,active,US_2026_general_election,7,usable,usable,0.655,0.675,-2.0000000000000018,2026-09-08T15:00:00Z,2026-09-01T15:00:00Z,same_contract_descriptive
KXHOUSERACE-FL09-26-R,KXHOUSERACE,KXHOUSERACE-FL09-26,Will Republican win the House race for FL-09?,Dan Green,,active,US_2026_general_election,14,usable,usable,0.655,0.73,-7.499999999999996,2026-09-08T15:00:00Z,2026-08-25T15:00:00Z,same_contract_descriptive
KXHOUSERACE-FL09-26-R,KXHOUSERACE,KXHOUSERACE-FL09-26,Will Republican win the House race for FL-09?,Dan Green,,active,US_2026_general_election,28,usable,usable,0.655,0.725,-6.999999999999995,2026-09-08T15:00:00Z,2026-08-11T15:00:00Z,same_contract_descriptive
KXHOUSERACE-FL09-26-D,KXHOUSERACE,KXHOUSERACE-FL09-26,Will Democratic win the House race for FL-09?,Darren Soto,,active,US_2026_general_election,7,usable,usable,0.35,0.32499999999999996,2.500000000000002,2026-09-08T15:00:00Z,2026-09-01T15:00:00Z,same_contract_descriptive
KXHOUSERACE-FL09-26-D,KXHOUSERACE,KXHOUSERACE-FL09-26,Will Democratic win the House race for FL-09?,Darren Soto,,active,US_2026_general_election,14,usable,usable,0.35,0.275,7.499999999999996,2026-09-08T15:00:00Z,2026-08-25T11:00:00Z,same_contract_descriptive
KXHOUSERACE-FL09-26-D,KXHOUSERACE,KXHOUSERACE-FL09-26,Will Democratic win the House race for FL-09?,Darren Soto,,active,US_2026_general_election,28,usable,usable,0.35,0.265,8.499999999999996,2026-09-08T15:00:00Z,2026-08-11T15:00:00Z,same_contract_descriptive
KXHOUSERACE-FL08-26-R,KXHOUSERACE,KXHOUSERACE-FL08-26,Will Republican win the House race for FL-08?,Mike Haridopolos,,active,US_2026_general_election,7,usable,usable,0.9365,0.9450000000000001,-0.8500000000000063,2026-09-08T15:00:00Z,2026-09-01T15:00:00Z,same_contract_descriptive
KXHOUSERACE-FL08-26-R,KXHOUSERACE,KXHOUSERACE-FL08-26,Will Republican win the House race for FL-08?,Mike Haridopolos,,active,US_2026_general_election,14,usable,usable,0.9365,0.917,1.9499999999999962,2026-09-08T15:00:00Z,2026-08-24T17:00:00Z,same_contract_descriptive
KXHOUSERACE-FL08-26-R,KXHOUSERACE,KXHOUSERACE-FL08-26,Will Republican win the House race for FL-08?,Mike Haridopolos,,active,US_2026_general_election,28,usable,usable,0.9365,0.9395,-0.30000000000000027,2026-09-08T15:00:00Z,2026-08-11T15:00:00Z,same_contract_descriptive
KXHOUSERACE-FL08-26-D,KXHOUSERACE,KXHOUSERACE-FL08-26,Will Democratic win the House race for FL-08?,Jennifer Jenkins,,active,US_2026_general_election,7,usable,usable,0.061,0.058,0.2999999999999996,2026-09-08T15:00:00Z,2026-09-01T15:00:00Z,same_contract_descriptive
KXHOUSERACE-FL08-26-D,KXHOUSERACE,KXHOUSERACE-FL08-26,Will Democratic win the House race for FL-08?,Jennifer Jenkins,,active,US_2026_general_election,14,usable,usable,0.061,0.0825,-2.1500000000000004,2026-09-08T15:00:00Z,2026-08-25T07:00:00Z,same_contract_descriptive
KXHOUSERACE-FL08-26-D,KXHOUSERACE,KXHOUSERACE-FL08-26,Will Democratic win the House race for FL-08?,Jennifer Jenkins,,active,US_2026_general_election,28,usable,usable,0.061,0.0605,0.050000000000000044,2026-09-08T15:00:00Z,2026-08-11T15:00:00Z,same_contract_descriptive
KXHOUSERACE-FL07-26-R,KXHOUSERACE,KXHOUSERACE-FL07-26,Will Republican win the House race for FL-07?,Ryan Elijah,,active,US_2026_general_election,7,usable,usable,0.675,0.685,-1.0000000000000009,2026-09-08T15:00:00Z,2026-09-01T11:00:00Z,same_contract_descriptive
KXHOUSERACE-FL07-26-R,KXHOUSERACE,KXHOUSERACE-FL07-26,Will Republican win the House race for FL-07?,Ryan Elijah,,active,US_2026_general_election,14,usable,usable,0.675,0.675,0.0,2026-09-08T15:00:00Z,2026-08-25T15:00:00Z,same_contract_descriptive
KXHOUSERACE-FL07-26-R,KXHOUSERACE,KXHOUSERACE-FL07-26,Will Republican win the House race for FL-07?,Ryan Elijah,,active,US_2026_general_election,28,usable,usable,0.675,0.685,-1.0000000000000009,2026-09-08T15:00:00Z,2026-08-11T15:00:00Z,same_contract_descriptive
KXHOUSERACE-FL07-26-D,KXHOUSERACE,KXHOUSERACE-FL07-26,Will Democratic win the House race for FL-07?,Bale Dalton,,active,US_2026_general_election,7,usable,usable,0.31,0.335,-2.500000000000002,2026-09-08T15:00:00Z,2026-09-01T14:00:00Z,same_contract_descriptive
KXHOUSERACE-FL07-26-D,KXHOUSERACE,KXHOUSERACE-FL07-26,Will Democratic win the House race for FL-07?,Bale Dalton,,active,US_2026_general_election,14,usable,usable,0.31,0.32,-1.0000000000000009,2026-09-08T15:00:00Z,2026-08-25T11:00:00Z,same_contract_descriptive
KXHOUSERACE-FL07-26-D,KXHOUSERACE,KXHOUSERACE-FL07-26,Will Democratic win the House race for FL-07?,Bale Dalton,,active,US_2026_general_election,28,usable,usable,0.31,0.315,-0.5000000000000004,2026-09-08T15:00:00Z,2026-08-11T15:00:00Z,same_contract_descriptive
KXHOUSERACE-FL05-26-R,KXHOUSERACE,KXHOUSERACE-FL05-26,Will Republican win the House race for FL-05?,John Rutherford,,active,US_2026_general_election,7,usable,usable,0.9105000000000001,0.91,0.050000000000005596,2026-09-08T14:00:00Z,2026-08-31T23:00:00Z,same_contract_descriptive
KXHOUSERACE-FL05-26-R,KXHOUSERACE,KXHOUSERACE-FL05-26,Will Republican win the House race for FL-05?,John Rutherford,,active,US_2026_general_election,14,usable,stale_observation,0.9105000000000001,,,2026-09-08T14:00:00Z,2026-08-22T00:00:00Z,not_comparable
KXHOUSERACE-FL05-26-R,KXHOUSERACE,KXHOUSERACE-FL05-26,Will Republican win the House race for FL-05?,John Rutherford,,active,US_2026_general_election,28,usable,usable,0.9105000000000001,0.9285,-1.7999999999999905,2026-09-08T14:00:00Z,2026-08-11T15:00:00Z,same_contract_descriptive
KXHOUSERACE-FL05-26-D,KXHOUSERACE,KXHOUSERACE-FL05-26,Will Democratic win the House race for FL-05?,Rachel Grage,,active,US_2026_general_election,7,usable,usable,0.07250000000000001,0.07300000000000001,-0.050000000000000044,2026-09-08T14:00:00Z,2026-08-31T22:00:00Z,same_contract_descriptive
KXHOUSERACE-FL05-26-D,KXHOUSERACE,KXHOUSERACE-FL05-26,Will Democratic win the House race for FL-05?,Rachel Grage,,active,US_2026_general_election,14,usable,usable,0.07250000000000001,0.0735,-0.0999999999999987,2026-09-08T14:00:00Z,2026-08-25T12:00:00Z,same_contract_descriptive
KXHOUSERACE-FL05-26-D,KXHOUSERACE,KXHOUSERACE-FL05-26,Will Democratic win the House race for FL-05?,Rachel Grage,,active,US_2026_general_election,28,usable,usable,0.07250000000000001,0.068,0.4500000000000004,2026-09-08T14:00:00Z,2026-08-11T15:00:00Z,same_contract_descriptive
KXHOUSERACE-FL06-26-R,KXHOUSERACE,KXHOUSERACE-FL06-26,Will Republican win the House race for FL-06?,Randy Fine,,active,US_2026_general_election,7,usable,usable,0.9684999999999999,0.962,0.649999999999995,2026-09-08T14:00:00Z,2026-09-01T13:00:00Z,same_contract_descriptive
KXHOUSERACE-FL06-26-R,KXHOUSERACE,KXHOUSERACE-FL06-26,Will Republican win the House race for FL-06?,Randy Fine,,active,US_2026_general_election,14,usable,usable,0.9684999999999999,0.935,3.3499999999999863,2026-09-08T14:00:00Z,2026-08-24T17:00:00Z,same_contract_descriptive
KXHOUSERACE-FL06-26-R,KXHOUSERACE,KXHOUSERACE-FL06-26,Will Republican win the House race for FL-06?,Randy Fine,,active,US_2026_general_election,28,usable,usable,0.9684999999999999,0.9299999999999999,3.849999999999998,2026-09-08T14:00:00Z,2026-08-11T15:00:00Z,same_contract_descriptive
KXHOUSERACE-FL06-26-D,KXHOUSERACE,KXHOUSERACE-FL06-26,Will Democratic win the House race for FL-06?,Eric Yonce,,active,US_2026_general_election,7,usable,usable,0.036000000000000004,0.031,0.5000000000000004,2026-09-08T15:00:00Z,2026-09-01T13:00:00Z,same_contract_descriptive
KXHOUSERACE-FL06-26-D,KXHOUSERACE,KXHOUSERACE-FL06-26,Will Democratic win the House race for FL-06?,Eric Yonce,,active,US_2026_general_election,14,usable,usable,0.036000000000000004,0.053000000000000005,-1.7000000000000002,2026-09-08T15:00:00Z,2026-08-25T06:00:00Z,same_contract_descriptive
KXHOUSERACE-FL06-26-D,KXHOUSERACE,KXHOUSERACE-FL06-26,Will Democratic win the House race for FL-06?,Eric Yonce,,active,US_2026_general_election,28,usable,usable,0.036000000000000004,0.0625,-2.6499999999999995,2026-09-08T15:00:00Z,2026-08-11T15:00:00Z,same_contract_descriptive
KXHOUSERACE-FL04-26-R,KXHOUSERACE,KXHOUSERACE-FL04-26,Will Republican win the House race for FL-04?,Aaron Bean,,active,US_2026_general_election,7,stale_observation,usable,,0.86,,2026-09-05T21:00:00Z,2026-09-01T15:00:00Z,not_comparable
KXHOUSERACE-FL04-26-R,KXHOUSERACE,KXHOUSERACE-FL04-26,Will Republican win the House race for FL-04?,Aaron Bean,,active,US_2026_general_election,14,stale_observation,usable,,0.86,,2026-09-05T21:00:00Z,2026-08-25T15:00:00Z,not_comparable
KXHOUSERACE-FL04-26-R,KXHOUSERACE,KXHOUSERACE-FL04-26,Will Republican win the House race for FL-04?,Aaron Bean,,active,US_2026_general_election,28,stale_observation,usable,,0.855,,2026-09-05T21:00:00Z,2026-08-11T15:00:00Z,not_comparable
KXHOUSERACE-FL04-26-D,KXHOUSERACE,KXHOUSERACE-FL04-26,Will Democratic win the House race for FL-04?,LaShonda Holloway,,active,US_2026_general_election,7,usable,usable,0.135,0.14500000000000002,-1.0000000000000009,2026-09-08T15:00:00Z,2026-09-01T15:00:00Z,same_contract_descriptive
KXHOUSERACE-FL04-26-D,KXHOUSERACE,KXHOUSERACE-FL04-26,Will Democratic win the House race for FL-04?,LaShonda Holloway,,active,US_2026_general_election,14,usable,usable,0.135,0.12000000000000001,1.5,2026-09-08T15:00:00Z,2026-08-25T15:00:00Z,same_contract_descriptive
KXHOUSERACE-FL04-26-D,KXHOUSERACE,KXHOUSERACE-FL04-26,Will Democratic win the House race for FL-04?,LaShonda Holloway,,active,US_2026_general_election,28,usable,usable,0.135,0.14500000000000002,-1.0000000000000009,2026-09-08T15:00:00Z,2026-08-11T15:00:00Z,same_contract_descriptive
KXHOUSERACE-FL03-26-R,KXHOUSERACE,KXHOUSERACE-FL03-26,Will Republican win the House race for FL-03?,Kat Cammack,,active,US_2026_general_election,7,usable,usable,0.938,0.9279999999999999,1.0000000000000009,2026-09-08T14:00:00Z,2026-08-31T23:00:00Z,same_contract_descriptive
KXHOUSERACE-FL03-26-R,KXHOUSERACE,KXHOUSERACE-FL03-26,Will Republican win the House race for FL-03?,Kat Cammack,,active,US_2026_general_election,14,usable,usable,0.938,0.9410000000000001,-0.30000000000001137,2026-09-08T14:00:00Z,2026-08-25T14:00:00Z,same_contract_descriptive
KXHOUSERACE-FL03-26-R,KXHOUSERACE,KXHOUSERACE-FL03-26,Will Republican win the House race for FL-03?,Kat Cammack,,active,US_2026_general_election,28,usable,usable,0.938,0.9410000000000001,-0.30000000000001137,2026-09-08T14:00:00Z,2026-08-11T15:00:00Z,same_contract_descriptive
KXHOUSERACE-FL03-26-D,KXHOUSERACE,KXHOUSERACE-FL03-26,Will Democratic win the House race for FL-03?,Seth Harp,,active,US_2026_general_election,7,usable,usable,0.057999999999999996,0.059,-0.10000000000000009,2026-09-08T15:00:00Z,2026-09-01T15:00:00Z,same_contract_descriptive
KXHOUSERACE-FL03-26-D,KXHOUSERACE,KXHOUSERACE-FL03-26,Will Democratic win the House race for FL-03?,Seth Harp,,active,US_2026_general_election,14,usable,usable,0.057999999999999996,0.059,-0.10000000000000009,2026-09-08T15:00:00Z,2026-08-25T15:00:00Z,same_contract_descriptive
KXHOUSERACE-FL03-26-D,KXHOUSERACE,KXHOUSERACE-FL03-26,Will Democratic win the House race for FL-03?,Seth Harp,,active,US_2026_general_election,28,usable,usable,0.057999999999999996,0.059,-0.10000000000000009,2026-09-08T15:00:00Z,2026-08-11T15:00:00Z,same_contract_descriptive
KXHOUSERACE-FL02-26-R,KXHOUSERACE,KXHOUSERACE-FL02-26,Will Republican win the House race for FL-02?,Austin Rogers,,active,US_2026_general_election,7,usable,usable,0.915,0.9159999999999999,-0.09999999999998899,2026-09-08T15:00:00Z,2026-09-01T15:00:00Z,same_contract_descriptive
KXHOUSERACE-FL02-26-R,KXHOUSERACE,KXHOUSERACE-FL02-26,Will Republican win the House race for FL-02?,Austin Rogers,,active,US_2026_general_election,14,usable,usable,0.915,0.85,6.500000000000005,2026-09-08T15:00:00Z,2026-08-25T11:00:00Z,same_contract_descriptive
KXHOUSERACE-FL02-26-R,KXHOUSERACE,KXHOUSERACE-FL02-26,Will Republican win the House race for FL-02?,Austin Rogers,,active,US_2026_general_election,28,usable,usable,0.915,0.907,0.8000000000000007,2026-09-08T15:00:00Z,2026-08-11T15:00:00Z,same_contract_descriptive
KXHOUSERACE-FL02-26-D,KXHOUSERACE,KXHOUSERACE-FL02-26,Will Democratic win the House race for FL-02?,Amanda Green,,active,US_2026_general_election,7,usable,usable,0.07350000000000001,0.08349999999999999,-0.9999999999999981,2026-09-08T14:00:00Z,2026-09-01T15:00:00Z,same_contract_descriptive
KXHOUSERACE-FL02-26-D,KXHOUSERACE,KXHOUSERACE-FL02-26,Will Democratic win the House race for FL-02?,Amanda Green,,active,US_2026_general_election,14,usable,usable,0.07350000000000001,0.14,-6.65,2026-09-08T14:00:00Z,2026-08-25T13:00:00Z,same_contract_descriptive
KXHOUSERACE-FL02-26-D,KXHOUSERACE,KXHOUSERACE-FL02-26,Will Democratic win the House race for FL-02?,Amanda Green,,active,US_2026_general_election,28,usable,usable,0.07350000000000001,0.0935,-1.9999999999999991,2026-09-08T14:00:00Z,2026-08-11T15:00:00Z,same_contract_descriptive
KXHOUSERACE-DEAL-26-R,KXHOUSERACE,KXHOUSERACE-DEAL-26,Will Republican win the House race for DE-AL?,Republican party,,active,US_2026_general_election,7,usable,usable,0.027,0.027,0.0,2026-09-08T14:00:00Z,2026-09-01T12:00:00Z,same_contract_descriptive
KXHOUSERACE-DEAL-26-R,KXHOUSERACE,KXHOUSERACE-DEAL-26,Will Republican win the House race for DE-AL?,Republican party,,active,US_2026_general_election,14,usable,usable,0.027,0.0275,-0.050000000000000044,2026-09-08T14:00:00Z,2026-08-24T17:00:00Z,same_contract_descriptive
KXHOUSERACE-DEAL-26-R,KXHOUSERACE,KXHOUSERACE-DEAL-26,Will Republican win the House race for DE-AL?,Republican party,,active,US_2026_general_election,28,usable,usable,0.027,0.017,0.9999999999999999,2026-09-08T14:00:00Z,2026-08-11T15:00:00Z,same_contract_descriptive
KXHOUSERACE-DEAL-26-D,KXHOUSERACE,KXHOUSERACE-DEAL-26,Will Democratic win the House race for DE-AL?,Democratic party,,active,US_2026_general_election,7,usable,usable,0.9724999999999999,0.9724999999999999,0.0,2026-09-08T14:00:00Z,2026-09-01T12:00:00Z,same_contract_descriptive
KXHOUSERACE-DEAL-26-D,KXHOUSERACE,KXHOUSERACE-DEAL-26,Will Democratic win the House race for DE-AL?,Democratic party,,active,US_2026_general_election,14,usable,usable,0.9724999999999999,0.9724999999999999,0.0,2026-09-08T14:00:00Z,2026-08-24T17:00:00Z,same_contract_descriptive
KXHOUSERACE-DEAL-26-D,KXHOUSERACE,KXHOUSERACE-DEAL-26,Will Democratic win the House race for DE-AL?,Democratic party,,active,US_2026_general_election,28,usable,usable,0.9724999999999999,0.983,-1.0500000000000065,2026-09-08T14:00:00Z,2026-08-11T15:00:00Z,same_contract_descriptive
KXHOUSERACE-FL01-26-R,KXHOUSERACE,KXHOUSERACE-FL01-26,Will Republican win the House race for FL-01?,Jimmy Patronis,,active,US_2026_general_election,7,usable,usable,0.9645,0.9595,0.5000000000000004,2026-09-08T14:00:00Z,2026-09-01T14:00:00Z,same_contract_descriptive
KXHOUSERACE-FL01-26-R,KXHOUSERACE,KXHOUSERACE-FL01-26,Will Republican win the House race for FL-01?,Jimmy Patronis,,active,US_2026_general_election,14,usable,usable,0.9645,0.9490000000000001,1.5499999999999958,2026-09-08T14:00:00Z,2026-08-24T17:00:00Z,same_contract_descriptive
KXHOUSERACE-FL01-26-R,KXHOUSERACE,KXHOUSERACE-FL01-26,Will Republican win the House race for FL-01?,Jimmy Patronis,,active,US_2026_general_election,28,usable,usable,0.9645,0.953,1.1500000000000066,2026-09-08T14:00:00Z,2026-08-11T15:00:00Z,same_contract_descriptive
KXHOUSERACE-FL01-26-D,KXHOUSERACE,KXHOUSERACE-FL01-26,Will Democratic win the House race for FL-01?,Gay Valimont,,active,US_2026_general_election,7,usable,usable,0.033,0.032,0.10000000000000009,2026-09-08T14:00:00Z,2026-09-01T12:00:00Z,same_contract_descriptive
KXHOUSERACE-FL01-26-D,KXHOUSERACE,KXHOUSERACE-FL01-26,Will Democratic win the House race for FL-01?,Gay Valimont,,active,US_2026_general_election,14,usable,usable,0.033,0.047,-1.4,2026-09-08T14:00:00Z,2026-08-25T09:00:00Z,same_contract_descriptive
KXHOUSERACE-FL01-26-D,KXHOUSERACE,KXHOUSERACE-FL01-26,Will Democratic win the House race for FL-01?,Gay Valimont,,active,US_2026_general_election,28,usable,usable,0.033,0.047,-1.4,2026-09-08T14:00:00Z,2026-08-11T15:00:00Z,same_contract_descriptive
KXHOUSERACE-DCAL-26-R,KXHOUSERACE,KXHOUSERACE-DCAL-26,Will Republican win the House race for DC-AL?,Republican party,,active,US_2026_general_election,7,stale_observation,usable,,0.505,,2026-09-04T21:00:00Z,2026-08-31T23:00:00Z,not_comparable
KXHOUSERACE-DCAL-26-R,KXHOUSERACE,KXHOUSERACE-DCAL-26,Will Republican win the House race for DC-AL?,Republican party,,active,US_2026_general_election,14,stale_observation,missing_usable_quote,,,,2026-09-04T21:00:00Z,,not_comparable
KXHOUSERACE-DCAL-26-R,KXHOUSERACE,KXHOUSERACE-DCAL-26,Will Republican win the House race for DC-AL?,Republican party,,active,US_2026_general_election,28,stale_observation,missing_usable_quote,,,,2026-09-04T21:00:00Z,,not_comparable
KXHOUSERACE-DCAL-26-D,KXHOUSERACE,KXHOUSERACE-DCAL-26,Will Democratic win the House race for DC-AL?,Democratic party,,active,US_2026_general_election,7,stale_observation,usable,,0.505,,2026-09-04T21:00:00Z,2026-08-31T23:00:00Z,not_comparable
KXHOUSERACE-DCAL-26-D,KXHOUSERACE,KXHOUSERACE-DCAL-26,Will Democratic win the House race for DC-AL?,Democratic party,,active,US_2026_general_election,14,stale_observation,missing_usable_quote,,,,2026-09-04T21:00:00Z,,not_comparable
KXHOUSERACE-DCAL-26-D,KXHOUSERACE,KXHOUSERACE-DCAL-26,Will Democratic win the House race for DC-AL?,Democratic party,,active,US_2026_general_election,28,stale_observation,missing_usable_quote,,,,2026-09-04T21:00:00Z,,not_comparable
KXHOUSERACE-CT04-26-R,KXHOUSERACE,KXHOUSERACE-CT04-26,Will Republican win the House race for CT-04?,Michael Goldstein,,active,US_2026_general_election,7,usable,stale_observation,0.03,,,2026-09-08T14:00:00Z,2026-08-20T08:00:00Z,not_comparable
KXHOUSERACE-CT04-26-R,KXHOUSERACE,KXHOUSERACE-CT04-26,Will Republican win the House race for CT-04?,Michael Goldstein,,active,US_2026_general_election,14,usable,stale_observation,0.03,,,2026-09-08T14:00:00Z,2026-08-20T08:00:00Z,not_comparable
KXHOUSERACE-CT04-26-R,KXHOUSERACE,KXHOUSERACE-CT04-26,Will Republican win the House race for CT-04?,Michael Goldstein,,active,US_2026_general_election,28,usable,usable,0.03,0.032,-0.20000000000000018,2026-09-08T14:00:00Z,2026-08-11T15:00:00Z,same_contract_descriptive
KXHOUSERACE-CT04-26-D,KXHOUSERACE,KXHOUSERACE-CT04-26,Will Democratic win the House race for CT-04?,Jim Himes,,active,US_2026_general_election,7,usable,usable,0.969,0.9695,-0.050000000000005596,2026-09-08T15:00:00Z,2026-09-01T03:00:00Z,same_contract_descriptive
KXHOUSERACE-CT04-26-D,KXHOUSERACE,KXHOUSERACE-CT04-26,Will Democratic win the House race for CT-04?,Jim Himes,,active,US_2026_general_election,14,usable,usable,0.969,0.9695,-0.050000000000005596,2026-09-08T15:00:00Z,2026-08-25T04:00:00Z,same_contract_descriptive
KXHOUSERACE-CT04-26-D,KXHOUSERACE,KXHOUSERACE-CT04-26,Will Democratic win the House race for CT-04?,Jim Himes,,active,US_2026_general_election,28,usable,usable,0.969,0.968,0.10000000000000009,2026-09-08T15:00:00Z,2026-08-11T15:00:00Z,same_contract_descriptive
KXHOUSERACE-CT02-26-R,KXHOUSERACE,KXHOUSERACE-CT02-26,Will Republican win the House race for CT-02?,George Austin,,active,US_2026_general_election,7,usable,usable,0.026000000000000002,0.0325,-0.6499999999999999,2026-09-08T14:00:00Z,2026-09-01T12:00:00Z,same_contract_descriptive
KXHOUSERACE-CT02-26-R,KXHOUSERACE,KXHOUSERACE-CT02-26,Will Republican win the House race for CT-02?,George Austin,,active,US_2026_general_election,14,usable,usable,0.026000000000000002,0.033,-0.7,2026-09-08T14:00:00Z,2026-08-24T17:00:00Z,same_contract_descriptive
KXHOUSERACE-CT02-26-R,KXHOUSERACE,KXHOUSERACE-CT02-26,Will Republican win the House race for CT-02?,George Austin,,active,US_2026_general_election,28,usable,usable,0.026000000000000002,0.0275,-0.1499999999999998,2026-09-08T14:00:00Z,2026-08-11T15:00:00Z,same_contract_descriptive
KXHOUSERACE-CT02-26-D,KXHOUSERACE,KXHOUSERACE-CT02-26,Will Democratic win the House race for CT-02?,Joe Courtney,,active,US_2026_general_election,7,usable,usable,0.965,0.9670000000000001,-0.20000000000001128,2026-09-08T14:00:00Z,2026-09-01T12:00:00Z,same_contract_descriptive
KXHOUSERACE-CT02-26-D,KXHOUSERACE,KXHOUSERACE-CT02-26,Will Democratic win the House race for CT-02?,Joe Courtney,,active,US_2026_general_election,14,usable,usable,0.965,0.9630000000000001,0.19999999999998908,2026-09-08T14:00:00Z,2026-08-24T17:00:00Z,same_contract_descriptive
KXHOUSERACE-CT02-26-D,KXHOUSERACE,KXHOUSERACE-CT02-26,Will Democratic win the House race for CT-02?,Joe Courtney,,active,US_2026_general_election,28,usable,usable,0.965,0.972,-0.7000000000000006,2026-09-08T14:00:00Z,2026-08-11T15:00:00Z,same_contract_descriptive
KXHOUSERACE-CT03-26-R,KXHOUSERACE,KXHOUSERACE-CT03-26,Will Republican win the House race for CT-03?,Christopher Lancia,,active,US_2026_general_election,7,usable,usable,0.031,0.031,0.0,2026-09-08T15:00:00Z,2026-08-31T23:00:00Z,same_contract_descriptive
KXHOUSERACE-CT03-26-R,KXHOUSERACE,KXHOUSERACE-CT03-26,Will Republican win the House race for CT-03?,Christopher Lancia,,active,US_2026_general_election,14,usable,usable,0.031,0.0305,0.050000000000000044,2026-09-08T15:00:00Z,2026-08-24T17:00:00Z,same_contract_descriptive
KXHOUSERACE-CT03-26-R,KXHOUSERACE,KXHOUSERACE-CT03-26,Will Republican win the House race for CT-03?,Christopher Lancia,,active,US_2026_general_election,28,usable,usable,0.031,0.026000000000000002,0.4999999999999998,2026-09-08T15:00:00Z,2026-08-11T15:00:00Z,same_contract_descriptive
KXHOUSERACE-CT03-26-D,KXHOUSERACE,KXHOUSERACE-CT03-26,Will Democratic win the House race for CT-03?,Rosa DeLauro,,active,US_2026_general_election,7,usable,usable,0.9684999999999999,0.969,-0.050000000000005596,2026-09-08T14:00:00Z,2026-08-31T23:00:00Z,same_contract_descriptive
KXHOUSERACE-CT03-26-D,KXHOUSERACE,KXHOUSERACE-CT03-26,Will Democratic win the House race for CT-03?,Rosa DeLauro,,active,US_2026_general_election,14,usable,usable,0.9684999999999999,0.9675,0.09999999999998899,2026-09-08T14:00:00Z,2026-08-25T06:00:00Z,same_contract_descriptive
KXHOUSERACE-CT03-26-D,KXHOUSERACE,KXHOUSERACE-CT03-26,Will Democratic win the House race for CT-03?,Rosa DeLauro,,active,US_2026_general_election,28,usable,usable,0.9684999999999999,0.974,-0.550000000000006,2026-09-08T14:00:00Z,2026-08-11T15:00:00Z,same_contract_descriptive
KXHOUSERACE-CT01-26-R,KXHOUSERACE,KXHOUSERACE-CT01-26,Will Republican win the House race for CT-01?,Amy Chai,,active,US_2026_general_election,7,usable,usable,0.0385,0.0415,-0.30000000000000027,2026-09-08T14:00:00Z,2026-09-01T15:00:00Z,same_contract_descriptive
KXHOUSERACE-CT01-26-R,KXHOUSERACE,KXHOUSERACE-CT01-26,Will Republican win the House race for CT-01?,Amy Chai,,active,US_2026_general_election,14,usable,usable,0.0385,0.038,0.050000000000000044,2026-09-08T14:00:00Z,2026-08-25T09:00:00Z,same_contract_descriptive
KXHOUSERACE-CT01-26-R,KXHOUSERACE,KXHOUSERACE-CT01-26,Will Republican win the House race for CT-01?,Amy Chai,,active,US_2026_general_election,28,usable,usable,0.0385,0.037,0.15000000000000013,2026-09-08T14:00:00Z,2026-08-11T15:00:00Z,same_contract_descriptive
KXHOUSERACE-CT01-26-D,KXHOUSERACE,KXHOUSERACE-CT01-26,Will Democratic win the House race for CT-01?,Luke Bronin,,active,US_2026_general_election,7,usable,usable,0.9635,0.9570000000000001,0.649999999999995,2026-09-08T09:00:00Z,2026-09-01T15:00:00Z,same_contract_descriptive
KXHOUSERACE-CT01-26-D,KXHOUSERACE,KXHOUSERACE-CT01-26,Will Democratic win the House race for CT-01?,Luke Bronin,,active,US_2026_general_election,14,usable,usable,0.9635,0.961,0.2500000000000058,2026-09-08T09:00:00Z,2026-08-25T11:00:00Z,same_contract_descriptive
KXHOUSERACE-CT01-26-D,KXHOUSERACE,KXHOUSERACE-CT01-26,Will Democratic win the House race for CT-01?,Luke Bronin,,active,US_2026_general_election,28,usable,usable,0.9635,0.9635,0.0,2026-09-08T09:00:00Z,2026-08-11T15:00:00Z,same_contract_descriptive
KXHOUSERACE-CO07-26-R,KXHOUSERACE,KXHOUSERACE-CO07-26,Will Republican win the House race for CO-07?,Tim Bennett,,active,US_2026_general_election,7,usable,usable,0.035500000000000004,0.0365,-0.0999999999999994,2026-09-08T15:00:00Z,2026-09-01T12:00:00Z,same_contract_descriptive
KXHOUSERACE-CO07-26-R,KXHOUSERACE,KXHOUSERACE-CO07-26,Will Republican win the House race for CO-07?,Tim Bennett,,active,US_2026_general_election,14,usable,usable,0.035500000000000004,0.037,-0.14999999999999944,2026-09-08T15:00:00Z,2026-08-24T17:00:00Z,same_contract_descriptive
KXHOUSERACE-CO07-26-R,KXHOUSERACE,KXHOUSERACE-CO07-26,Will Republican win the House race for CO-07?,Tim Bennett,,active,US_2026_general_election,28,usable,usable,0.035500000000000004,0.036,-0.04999999999999935,2026-09-08T15:00:00Z,2026-08-11T15:00:00Z,same_contract_descriptive
KXHOUSERACE-CO07-26-D,KXHOUSERACE,KXHOUSERACE-CO07-26,Will Democratic win the House race for CO-07?,Brittany Pettersen,,active,US_2026_general_election,7,usable,usable,0.9684999999999999,0.968,0.04999999999999449,2026-09-08T15:00:00Z,2026-09-01T15:00:00Z,same_contract_descriptive
KXHOUSERACE-CO07-26-D,KXHOUSERACE,KXHOUSERACE-CO07-26,Will Democratic win the House race for CO-07?,Brittany Pettersen,,active,US_2026_general_election,14,usable,usable,0.9684999999999999,0.9544999999999999,1.4000000000000012,2026-09-08T15:00:00Z,2026-08-25T11:00:00Z,same_contract_descriptive
KXHOUSERACE-CO07-26-D,KXHOUSERACE,KXHOUSERACE-CO07-26,Will Democratic win the House race for CO-07?,Brittany Pettersen,,active,US_2026_general_election,28,usable,usable,0.9684999999999999,0.9595,0.8999999999999897,2026-09-08T15:00:00Z,2026-08-11T15:00:00Z,same_contract_descriptive
KXHOUSERACE-CO06-26-R,KXHOUSERACE,KXHOUSERACE-CO06-26,Will Republican win the House race for CO-06?,Jason Clark,,active,US_2026_general_election,7,usable,usable,0.0235,0.0245,-0.10000000000000009,2026-09-08T15:00:00Z,2026-09-01T14:00:00Z,same_contract_descriptive
KXHOUSERACE-CO06-26-R,KXHOUSERACE,KXHOUSERACE-CO06-26,Will Republican win the House race for CO-06?,Jason Clark,,active,US_2026_general_election,14,usable,usable,0.0235,0.022000000000000002,0.1499999999999998,2026-09-08T15:00:00Z,2026-08-24T17:00:00Z,same_contract_descriptive
KXHOUSERACE-CO06-26-R,KXHOUSERACE,KXHOUSERACE-CO06-26,Will Republican win the House race for CO-06?,Jason Clark,,active,US_2026_general_election,28,usable,usable,0.0235,0.026000000000000002,-0.2500000000000002,2026-09-08T15:00:00Z,2026-08-11T15:00:00Z,same_contract_descriptive
KXHOUSERACE-CO06-26-D,KXHOUSERACE,KXHOUSERACE-CO06-26,Will Democratic win the House race for CO-06?,Jason Crow,,active,US_2026_general_election,7,usable,usable,0.976,0.9755,0.04999999999999449,2026-09-08T14:00:00Z,2026-09-01T15:00:00Z,same_contract_descriptive
KXHOUSERACE-CO06-26-D,KXHOUSERACE,KXHOUSERACE-CO06-26,Will Democratic win the House race for CO-06?,Jason Crow,,active,US_2026_general_election,14,usable,stale_observation,0.976,,,2026-09-08T14:00:00Z,2026-08-15T00:00:00Z,not_comparable
KXHOUSERACE-CO06-26-D,KXHOUSERACE,KXHOUSERACE-CO06-26,Will Democratic win the House race for CO-06?,Jason Crow,,active,US_2026_general_election,28,usable,usable,0.976,0.9624999999999999,1.3500000000000068,2026-09-08T14:00:00Z,2026-08-11T15:00:00Z,same_contract_descriptive
KXHOUSERACE-CO04-26-R,KXHOUSERACE,KXHOUSERACE-CO04-26,Will Republican win the House race for CO-04?,Lauren Boebert,,active,US_2026_general_election,7,usable,usable,0.655,0.665,-1.0000000000000009,2026-09-08T15:00:00Z,2026-09-01T15:00:00Z,same_contract_descriptive
KXHOUSERACE-CO04-26-R,KXHOUSERACE,KXHOUSERACE-CO04-26,Will Republican win the House race for CO-04?,Lauren Boebert,,active,US_2026_general_election,14,usable,usable,0.655,0.675,-2.0000000000000018,2026-09-08T15:00:00Z,2026-08-25T14:00:00Z,same_contract_descriptive
KXHOUSERACE-CO04-26-R,KXHOUSERACE,KXHOUSERACE-CO04-26,Will Republican win the House race for CO-04?,Lauren Boebert,,active,US_2026_general_election,28,usable,usable,0.655,0.675,-2.0000000000000018,2026-09-08T15:00:00Z,2026-08-11T15:00:00Z,same_contract_descriptive
KXHOUSERACE-CO04-26-D,KXHOUSERACE,KXHOUSERACE-CO04-26,Will Democratic win the House race for CO-04?,Eileen Laubacher,,active,US_2026_general_election,7,usable,usable,0.345,0.345,0.0,2026-09-08T15:00:00Z,2026-09-01T15:00:00Z,same_contract_descriptive
KXHOUSERACE-CO04-26-D,KXHOUSERACE,KXHOUSERACE-CO04-26,Will Democratic win the House race for CO-04?,Eileen Laubacher,,active,US_2026_general_election,14,usable,usable,0.345,0.335,0.9999999999999953,2026-09-08T15:00:00Z,2026-08-25T13:00:00Z,same_contract_descriptive
KXHOUSERACE-CO04-26-D,KXHOUSERACE,KXHOUSERACE-CO04-26,Will Democratic win the House race for CO-04?,Eileen Laubacher,,active,US_2026_general_election,28,usable,usable,0.345,0.335,0.9999999999999953,2026-09-08T15:00:00Z,2026-08-11T15:00:00Z,same_contract_descriptive
KXHOUSERACE-CO05-26-R,KXHOUSERACE,KXHOUSERACE-CO05-26,Will Republican win the House race for CO-05?,Jeff Crank,,active,US_2026_general_election,7,usable,usable,0.72,0.7150000000000001,0.49999999999998934,2026-09-08T15:00:00Z,2026-09-01T15:00:00Z,same_contract_descriptive
KXHOUSERACE-CO05-26-R,KXHOUSERACE,KXHOUSERACE-CO05-26,Will Republican win the House race for CO-05?,Jeff Crank,,active,US_2026_general_election,14,usable,usable,0.72,0.74,-2.0000000000000018,2026-09-08T15:00:00Z,2026-08-25T11:00:00Z,same_contract_descriptive
KXHOUSERACE-CO05-26-R,KXHOUSERACE,KXHOUSERACE-CO05-26,Will Republican win the House race for CO-05?,Jeff Crank,,active,US_2026_general_election,28,usable,usable,0.72,0.735,-1.5000000000000013,2026-09-08T15:00:00Z,2026-08-11T15:00:00Z,same_contract_descriptive
KXHOUSERACE-CO05-26-D,KXHOUSERACE,KXHOUSERACE-CO05-26,Will Democratic win the House race for CO-05?,Jessica Killin,,active,US_2026_general_election,7,usable,usable,0.295,0.28500000000000003,0.9999999999999953,2026-09-08T15:00:00Z,2026-09-01T15:00:00Z,same_contract_descriptive
KXHOUSERACE-CO05-26-D,KXHOUSERACE,KXHOUSERACE-CO05-26,Will Democratic win the House race for CO-05?,Jessica Killin,,active,US_2026_general_election,14,usable,usable,0.295,0.255,3.9999999999999982,2026-09-08T15:00:00Z,2026-08-25T11:00:00Z,same_contract_descriptive
KXHOUSERACE-CO05-26-D,KXHOUSERACE,KXHOUSERACE-CO05-26,Will Democratic win the House race for CO-05?,Jessica Killin,,active,US_2026_general_election,28,usable,usable,0.295,0.265,2.9999999999999973,2026-09-08T15:00:00Z,2026-08-11T15:00:00Z,same_contract_descriptive
KXHOUSERACE-CO02-26-R,KXHOUSERACE,KXHOUSERACE-CO02-26,Will Republican win the House race for CO-02?,Kelley Dennison,,active,US_2026_general_election,7,usable,usable,0.0385,0.043,-0.44999999999999973,2026-09-08T15:00:00Z,2026-09-01T08:00:00Z,same_contract_descriptive
KXHOUSERACE-CO02-26-R,KXHOUSERACE,KXHOUSERACE-CO02-26,Will Republican win the House race for CO-02?,Kelley Dennison,,active,US_2026_general_election,14,usable,usable,0.0385,0.043,-0.44999999999999973,2026-09-08T15:00:00Z,2026-08-24T17:00:00Z,same_contract_descriptive
KXHOUSERACE-CO02-26-R,KXHOUSERACE,KXHOUSERACE-CO02-26,Will Republican win the House race for CO-02?,Kelley Dennison,,active,US_2026_general_election,28,usable,usable,0.0385,0.043500000000000004,-0.5000000000000004,2026-09-08T15:00:00Z,2026-08-11T15:00:00Z,same_contract_descriptive
KXHOUSERACE-CO02-26-D,KXHOUSERACE,KXHOUSERACE-CO02-26,Will Democratic win the House race for CO-02?,Joe Neguse,,active,US_2026_general_election,7,usable,usable,0.96,0.9615,-0.15000000000000568,2026-09-08T15:00:00Z,2026-09-01T11:00:00Z,same_contract_descriptive
KXHOUSERACE-CO02-26-D,KXHOUSERACE,KXHOUSERACE-CO02-26,Will Democratic win the House race for CO-02?,Joe Neguse,,active,US_2026_general_election,14,usable,usable,0.96,0.9610000000000001,-0.10000000000001119,2026-09-08T15:00:00Z,2026-08-25T11:00:00Z,same_contract_descriptive
KXHOUSERACE-CO02-26-D,KXHOUSERACE,KXHOUSERACE-CO02-26,Will Democratic win the House race for CO-02?,Joe Neguse,,active,US_2026_general_election,28,usable,usable,0.96,0.9504999999999999,0.9500000000000064,2026-09-08T15:00:00Z,2026-08-11T15:00:00Z,same_contract_descriptive
KXHOUSERACE-CA52-26-R,KXHOUSERACE,KXHOUSERACE-CA52-26,Will Republican win the House race for CA-52?,Jeff Belle,,active,US_2026_general_election,7,usable,usable,0.04,0.0405,-0.050000000000000044,2026-09-08T14:00:00Z,2026-09-01T13:00:00Z,same_contract_descriptive
KXHOUSERACE-CA52-26-R,KXHOUSERACE,KXHOUSERACE-CA52-26,Will Republican win the House race for CA-52?,Jeff Belle,,active,US_2026_general_election,14,usable,usable,0.04,0.027,1.3,2026-09-08T14:00:00Z,2026-08-24T17:00:00Z,same_contract_descriptive
KXHOUSERACE-CA52-26-R,KXHOUSERACE,KXHOUSERACE-CA52-26,Will Republican win the House race for CA-52?,Jeff Belle,,active,US_2026_general_election,28,usable,usable,0.04,0.028999999999999998,1.1000000000000003,2026-09-08T14:00:00Z,2026-08-11T15:00:00Z,same_contract_descriptive
KXHOUSERACE-CA52-26-D,KXHOUSERACE,KXHOUSERACE-CA52-26,Will Democratic win the House race for CA-52?,Juan Vargas,,active,US_2026_general_election,7,usable,usable,0.958,0.9495,0.8499999999999952,2026-09-08T15:00:00Z,2026-09-01T03:00:00Z,same_contract_descriptive
KXHOUSERACE-CA52-26-D,KXHOUSERACE,KXHOUSERACE-CA52-26,Will Democratic win the House race for CA-52?,Juan Vargas,,active,US_2026_general_election,14,usable,usable,0.958,0.956,0.20000000000000018,2026-09-08T15:00:00Z,2026-08-25T15:00:00Z,same_contract_descriptive
KXHOUSERACE-CA52-26-D,KXHOUSERACE,KXHOUSERACE-CA52-26,Will Democratic win the House race for CA-52?,Juan Vargas,,active,US_2026_general_election,28,usable,usable,0.958,0.966,-0.8000000000000007,2026-09-08T15:00:00Z,2026-08-11T15:00:00Z,same_contract_descriptive
KXHOUSERACE-CA51-26-R,KXHOUSERACE,KXHOUSERACE-CA51-26,Will Republican win the House race for CA-51?,Ricardo Cabrera,,active,US_2026_general_election,7,usable,usable,0.027,0.0275,-0.050000000000000044,2026-09-08T15:00:00Z,2026-09-01T15:00:00Z,same_contract_descriptive
KXHOUSERACE-CA51-26-R,KXHOUSERACE,KXHOUSERACE-CA51-26,Will Republican win the House race for CA-51?,Ricardo Cabrera,,active,US_2026_general_election,14,usable,usable,0.027,0.0275,-0.050000000000000044,2026-09-08T15:00:00Z,2026-08-24T17:00:00Z,same_contract_descriptive
KXHOUSERACE-CA51-26-R,KXHOUSERACE,KXHOUSERACE-CA51-26,Will Republican win the House race for CA-51?,Ricardo Cabrera,,active,US_2026_general_election,28,usable,usable,0.027,0.017,0.9999999999999999,2026-09-08T15:00:00Z,2026-08-11T15:00:00Z,same_contract_descriptive
KXHOUSERACE-CA51-26-D,KXHOUSERACE,KXHOUSERACE-CA51-26,Will Democratic win the House race for CA-51?,Sara Jacobs,,active,US_2026_general_election,7,usable,usable,0.9724999999999999,0.9724999999999999,0.0,2026-09-08T15:00:00Z,2026-09-01T15:00:00Z,same_contract_descriptive
KXHOUSERACE-CA51-26-D,KXHOUSERACE,KXHOUSERACE-CA51-26,Will Democratic win the House race for CA-51?,Sara Jacobs,,active,US_2026_general_election,14,usable,usable,0.9724999999999999,0.9684999999999999,0.40000000000000036,2026-09-08T15:00:00Z,2026-08-24T17:00:00Z,same_contract_descriptive
KXHOUSERACE-CA51-26-D,KXHOUSERACE,KXHOUSERACE-CA51-26,Will Democratic win the House race for CA-51?,Sara Jacobs,,active,US_2026_general_election,28,usable,usable,0.9724999999999999,0.979,-0.6500000000000061,2026-09-08T15:00:00Z,2026-08-11T15:00:00Z,same_contract_descriptive
KXHOUSERACE-CA50-26-R,KXHOUSERACE,KXHOUSERACE-CA50-26,Will Republican win the House race for CA-50?,Stephen Cohen,,active,US_2026_general_election,7,usable,usable,0.038,0.0385,-0.050000000000000044,2026-09-08T14:00:00Z,2026-09-01T15:00:00Z,same_contract_descriptive
KXHOUSERACE-CA50-26-R,KXHOUSERACE,KXHOUSERACE-CA50-26,Will Republican win the House race for CA-50?,Stephen Cohen,,active,US_2026_general_election,14,usable,usable,0.038,0.038,0.0,2026-09-08T14:00:00Z,2026-08-25T07:00:00Z,same_contract_descriptive
KXHOUSERACE-CA50-26-R,KXHOUSERACE,KXHOUSERACE-CA50-26,Will Republican win the House race for CA-50?,Stephen Cohen,,active,US_2026_general_election,28,usable,usable,0.038,0.038,0.0,2026-09-08T14:00:00Z,2026-08-11T15:00:00Z,same_contract_descriptive
KXHOUSERACE-CA50-26-D,KXHOUSERACE,KXHOUSERACE-CA50-26,Will Democratic win the House race for CA-50?,Scott Peters,,active,US_2026_general_election,7,usable,usable,0.9615,0.9615,0.0,2026-09-08T14:00:00Z,2026-09-01T12:00:00Z,same_contract_descriptive
KXHOUSERACE-CA50-26-D,KXHOUSERACE,KXHOUSERACE-CA50-26,Will Democratic win the House race for CA-50?,Scott Peters,,active,US_2026_general_election,14,usable,usable,0.9615,0.958,0.35000000000000586,2026-09-08T14:00:00Z,2026-08-24T17:00:00Z,same_contract_descriptive
KXHOUSERACE-CA50-26-D,KXHOUSERACE,KXHOUSERACE-CA50-26,Will Democratic win the House race for CA-50?,Scott Peters,,active,US_2026_general_election,28,usable,usable,0.9615,0.962,-0.04999999999999449,2026-09-08T14:00:00Z,2026-08-11T15:00:00Z,same_contract_descriptive
KXHOUSERACE-CA48-26-R,KXHOUSERACE,KXHOUSERACE-CA48-26,Will Republican win the House race for CA-48?,Jim Desmond,,active,US_2026_general_election,7,usable,usable,0.098,0.088,1.0000000000000009,2026-09-08T15:00:00Z,2026-09-01T12:00:00Z,same_contract_descriptive
KXHOUSERACE-CA48-26-R,KXHOUSERACE,KXHOUSERACE-CA48-26,Will Republican win the House race for CA-48?,Jim Desmond,,active,US_2026_general_election,14,usable,usable,0.098,0.088,1.0000000000000009,2026-09-08T15:00:00Z,2026-08-25T07:00:00Z,same_contract_descriptive
KXHOUSERACE-CA48-26-R,KXHOUSERACE,KXHOUSERACE-CA48-26,Will Republican win the House race for CA-48?,Jim Desmond,,active,US_2026_general_election,28,usable,usable,0.098,0.0875,1.050000000000001,2026-09-08T15:00:00Z,2026-08-11T15:00:00Z,same_contract_descriptive
KXHOUSERACE-CA48-26-D,KXHOUSERACE,KXHOUSERACE-CA48-26,Will Democratic win the House race for CA-48?,Marni von Wilpert,,active,US_2026_general_election,7,usable,usable,0.87,0.87,0.0,2026-09-08T13:00:00Z,2026-09-01T06:00:00Z,same_contract_descriptive
KXHOUSERACE-CA48-26-D,KXHOUSERACE,KXHOUSERACE-CA48-26,Will Democratic win the House race for CA-48?,Marni von Wilpert,,active,US_2026_general_election,14,usable,usable,0.87,0.8925000000000001,-2.2500000000000075,2026-09-08T13:00:00Z,2026-08-25T11:00:00Z,same_contract_descriptive
KXHOUSERACE-CA48-26-D,KXHOUSERACE,KXHOUSERACE-CA48-26,Will Democratic win the House race for CA-48?,Marni von Wilpert,,active,US_2026_general_election,28,usable,usable,0.87,0.8975,-2.749999999999997,2026-09-08T13:00:00Z,2026-08-11T15:00:00Z,same_contract_descriptive
KXHOUSERACE-CA46-26-R,KXHOUSERACE,KXHOUSERACE-CA46-26,Will Republican win the House race for CA-46?,David Pan,,active,US_2026_general_election,7,usable,usable,0.054000000000000006,0.056999999999999995,-0.2999999999999989,2026-09-08T14:00:00Z,2026-09-01T12:00:00Z,same_contract_descriptive
KXHOUSERACE-CA46-26-R,KXHOUSERACE,KXHOUSERACE-CA46-26,Will Republican win the House race for CA-46?,David Pan,,active,US_2026_general_election,14,usable,usable,0.054000000000000006,0.056999999999999995,-0.2999999999999989,2026-09-08T14:00:00Z,2026-08-25T07:00:00Z,same_contract_descriptive
KXHOUSERACE-CA46-26-R,KXHOUSERACE,KXHOUSERACE-CA46-26,Will Republican win the House race for CA-46?,David Pan,,active,US_2026_general_election,28,usable,usable,0.054000000000000006,0.056999999999999995,-0.2999999999999989,2026-09-08T14:00:00Z,2026-08-11T15:00:00Z,same_contract_descriptive
KXHOUSERACE-CA46-26-D,KXHOUSERACE,KXHOUSERACE-CA46-26,Will Democratic win the House race for CA-46?,Lou Correa,,active,US_2026_general_election,7,usable,usable,0.9430000000000001,0.9430000000000001,0.0,2026-09-08T14:00:00Z,2026-09-01T12:00:00Z,same_contract_descriptive
KXHOUSERACE-CA46-26-D,KXHOUSERACE,KXHOUSERACE-CA46-26,Will Democratic win the House race for CA-46?,Lou Correa,,active,US_2026_general_election,14,usable,usable,0.9430000000000001,0.9425,0.050000000000005596,2026-09-08T14:00:00Z,2026-08-24T17:00:00Z,same_contract_descriptive
KXHOUSERACE-CA46-26-D,KXHOUSERACE,KXHOUSERACE-CA46-26,Will Democratic win the House race for CA-46?,Lou Correa,,active,US_2026_general_election,28,usable,usable,0.9430000000000001,0.9430000000000001,0.0,2026-09-08T14:00:00Z,2026-08-11T15:00:00Z,same_contract_descriptive
KXHOUSERACE-CA44-26-R,KXHOUSERACE,KXHOUSERACE-CA44-26,Will Republican win the House race for CA-44?,Genevieve Angel,,active,US_2026_general_election,7,usable,stale_observation,0.025500000000000002,,,2026-09-08T14:00:00Z,2026-08-27T18:00:00Z,not_comparable
KXHOUSERACE-CA44-26-R,KXHOUSERACE,KXHOUSERACE-CA44-26,Will Republican win the House race for CA-44?,Genevieve Angel,,active,US_2026_general_election,14,usable,usable,0.025500000000000002,0.025500000000000002,0.0,2026-09-08T14:00:00Z,2026-08-24T17:00:00Z,same_contract_descriptive
KXHOUSERACE-CA44-26-R,KXHOUSERACE,KXHOUSERACE-CA44-26,Will Republican win the House race for CA-44?,Genevieve Angel,,active,US_2026_general_election,28,usable,usable,0.025500000000000002,0.017,0.8500000000000001,2026-09-08T14:00:00Z,2026-08-11T15:00:00Z,same_contract_descriptive
KXHOUSERACE-CA44-26-D,KXHOUSERACE,KXHOUSERACE-CA44-26,Will Democratic win the House race for CA-44?,Nanette Barragán,,active,US_2026_general_election,7,stale_observation,stale_observation,,,,2026-08-27T08:00:00Z,2026-08-27T08:00:00Z,not_comparable
KXHOUSERACE-CA44-26-D,KXHOUSERACE,KXHOUSERACE-CA44-26,Will Democratic win the House race for CA-44?,Nanette Barragán,,active,US_2026_general_election,14,stale_observation,usable,,0.97,,2026-08-27T08:00:00Z,2026-08-24T17:00:00Z,not_comparable
KXHOUSERACE-CA44-26-D,KXHOUSERACE,KXHOUSERACE-CA44-26,Will Democratic win the House race for CA-44?,Nanette Barragán,,active,US_2026_general_election,28,stale_observation,usable,,0.979,,2026-08-27T08:00:00Z,2026-08-11T15:00:00Z,not_comparable
KXHOUSERACE-CA43-26-R,KXHOUSERACE,KXHOUSERACE-CA43-26,Will Republican win the House race for CA-43?,Cristian Morales,,active,US_2026_general_election,7,usable,usable,0.031,0.031,0.0,2026-09-08T14:00:00Z,2026-09-01T15:00:00Z,same_contract_descriptive
KXHOUSERACE-CA43-26-R,KXHOUSERACE,KXHOUSERACE-CA43-26,Will Republican win the House race for CA-43?,Cristian Morales,,active,US_2026_general_election,14,usable,usable,0.031,0.025,0.5999999999999999,2026-09-08T14:00:00Z,2026-08-24T17:00:00Z,same_contract_descriptive
KXHOUSERACE-CA43-26-R,KXHOUSERACE,KXHOUSERACE-CA43-26,Will Republican win the House race for CA-43?,Cristian Morales,,active,US_2026_general_election,28,usable,usable,0.031,0.015000000000000001,1.6,2026-09-08T14:00:00Z,2026-08-11T15:00:00Z,same_contract_descriptive
KXHOUSERACE-CA43-26-D,KXHOUSERACE,KXHOUSERACE-CA43-26,Will Democratic win the House race for CA-43?,Maxine Waters,,active,US_2026_general_election,7,usable,usable,0.9465,0.9470000000000001,-0.050000000000005596,2026-09-08T14:00:00Z,2026-09-01T15:00:00Z,same_contract_descriptive
KXHOUSERACE-CA43-26-D,KXHOUSERACE,KXHOUSERACE-CA43-26,Will Democratic win the House race for CA-43?,Maxine Waters,,active,US_2026_general_election,14,usable,usable,0.9465,0.9744999999999999,-2.7999999999999914,2026-09-08T14:00:00Z,2026-08-24T17:00:00Z,same_contract_descriptive
KXHOUSERACE-CA43-26-D,KXHOUSERACE,KXHOUSERACE-CA43-26,Will Democratic win the House race for CA-43?,Maxine Waters,,active,US_2026_general_election,28,usable,usable,0.9465,0.9804999999999999,-3.399999999999992,2026-09-08T14:00:00Z,2026-08-11T15:00:00Z,same_contract_descriptive
KXHOUSERACE-CA39-26-R,KXHOUSERACE,KXHOUSERACE-CA39-26,Will Republican win the House race for CA-39?,Steve Manos,,active,US_2026_general_election,7,usable,usable,0.035500000000000004,0.0385,-0.2999999999999996,2026-09-08T14:00:00Z,2026-09-01T13:00:00Z,same_contract_descriptive
KXHOUSERACE-CA39-26-R,KXHOUSERACE,KXHOUSERACE-CA39-26,Will Republican win the House race for CA-39?,Steve Manos,,active,US_2026_general_election,14,usable,usable,0.035500000000000004,0.0375,-0.19999999999999948,2026-09-08T14:00:00Z,2026-08-25T15:00:00Z,same_contract_descriptive
KXHOUSERACE-CA39-26-R,KXHOUSERACE,KXHOUSERACE-CA39-26,Will Republican win the House race for CA-39?,Steve Manos,,active,US_2026_general_election,28,usable,usable,0.035500000000000004,0.0425,-0.7,2026-09-08T14:00:00Z,2026-08-11T15:00:00Z,same_contract_descriptive
KXHOUSERACE-CA39-26-D,KXHOUSERACE,KXHOUSERACE-CA39-26,Will Democratic win the House race for CA-39?,Mark Takano,,active,US_2026_general_election,7,usable,usable,0.9595,0.97,-1.0499999999999954,2026-09-08T15:00:00Z,2026-09-01T13:00:00Z,same_contract_descriptive
KXHOUSERACE-CA39-26-D,KXHOUSERACE,KXHOUSERACE-CA39-26,Will Democratic win the House race for CA-39?,Mark Takano,,active,US_2026_general_election,14,usable,usable,0.9595,0.9565,0.30000000000000027,2026-09-08T15:00:00Z,2026-08-25T07:00:00Z,same_contract_descriptive
KXHOUSERACE-CA39-26-D,KXHOUSERACE,KXHOUSERACE-CA39-26,Will Democratic win the House race for CA-39?,Mark Takano,,active,US_2026_general_election,28,usable,usable,0.9595,0.958,0.15000000000000568,2026-09-08T15:00:00Z,2026-08-11T15:00:00Z,same_contract_descriptive
KXHOUSERACE-CA42-26-R,KXHOUSERACE,KXHOUSERACE-CA42-26,Will Republican win the House race for CA-42?,Brian Burley,,active,US_2026_general_election,7,usable,usable,0.027,0.0265,0.050000000000000044,2026-09-08T15:00:00Z,2026-08-31T23:00:00Z,same_contract_descriptive
KXHOUSERACE-CA42-26-R,KXHOUSERACE,KXHOUSERACE-CA42-26,Will Republican win the House race for CA-42?,Brian Burley,,active,US_2026_general_election,14,usable,usable,0.027,0.0265,0.050000000000000044,2026-09-08T15:00:00Z,2026-08-24T17:00:00Z,same_contract_descriptive
KXHOUSERACE-CA42-26-R,KXHOUSERACE,KXHOUSERACE-CA42-26,Will Republican win the House race for CA-42?,Brian Burley,,active,US_2026_general_election,28,usable,usable,0.027,0.017,0.9999999999999999,2026-09-08T15:00:00Z,2026-08-11T15:00:00Z,same_contract_descriptive
KXHOUSERACE-CA42-26-D,KXHOUSERACE,KXHOUSERACE-CA42-26,Will Democratic win the House race for CA-42?,Robert Garcia,,active,US_2026_general_election,7,usable,usable,0.973,0.9735,-0.050000000000005596,2026-09-08T15:00:00Z,2026-08-31T23:00:00Z,same_contract_descriptive
KXHOUSERACE-CA42-26-D,KXHOUSERACE,KXHOUSERACE-CA42-26,Will Democratic win the House race for CA-42?,Robert Garcia,,active,US_2026_general_election,14,usable,usable,0.973,0.969,0.40000000000000036,2026-09-08T15:00:00Z,2026-08-24T17:00:00Z,same_contract_descriptive
KXHOUSERACE-CA42-26-D,KXHOUSERACE,KXHOUSERACE-CA42-26,Will Democratic win the House race for CA-42?,Robert Garcia,,active,US_2026_general_election,28,usable,usable,0.973,0.979,-0.6000000000000005,2026-09-08T15:00:00Z,2026-08-11T15:00:00Z,same_contract_descriptive
KXHOUSERACE-CA38-26-R,KXHOUSERACE,KXHOUSERACE-CA38-26,Will Republican win the House race for CA-38?,Pedro Antonio Casas,,active,US_2026_general_election,7,usable,usable,0.0195,0.0265,-0.7,2026-09-08T09:00:00Z,2026-09-01T14:00:00Z,same_contract_descriptive
KXHOUSERACE-CA38-26-R,KXHOUSERACE,KXHOUSERACE-CA38-26,Will Republican win the House race for CA-38?,Pedro Antonio Casas,,active,US_2026_general_election,14,usable,usable,0.0195,0.026000000000000002,-0.6500000000000002,2026-09-08T09:00:00Z,2026-08-25T11:00:00Z,same_contract_descriptive
KXHOUSERACE-CA38-26-R,KXHOUSERACE,KXHOUSERACE-CA38-26,Will Republican win the House race for CA-38?,Pedro Antonio Casas,,active,US_2026_general_election,28,usable,usable,0.0195,0.027000000000000003,-0.7500000000000003,2026-09-08T09:00:00Z,2026-08-11T15:00:00Z,same_contract_descriptive
KXHOUSERACE-CA38-26-D,KXHOUSERACE,KXHOUSERACE-CA38-26,Will Democratic win the House race for CA-38?,Hilda Solis,,active,US_2026_general_election,7,usable,usable,0.9684999999999999,0.968,0.04999999999999449,2026-09-08T15:00:00Z,2026-09-01T14:00:00Z,same_contract_descriptive
KXHOUSERACE-CA38-26-D,KXHOUSERACE,KXHOUSERACE-CA38-26,Will Democratic win the House race for CA-38?,Hilda Solis,,active,US_2026_general_election,14,usable,usable,0.9684999999999999,0.969,-0.050000000000005596,2026-09-08T15:00:00Z,2026-08-25T11:00:00Z,same_contract_descriptive
KXHOUSERACE-CA38-26-D,KXHOUSERACE,KXHOUSERACE-CA38-26,Will Democratic win the House race for CA-38?,Hilda Solis,,active,US_2026_general_election,28,usable,usable,0.9684999999999999,0.973,-0.45000000000000595,2026-09-08T15:00:00Z,2026-08-11T15:00:00Z,same_contract_descriptive
KXHOUSERACE-CA35-26-R,KXHOUSERACE,KXHOUSERACE-CA35-26,Will Republican win the House race for CA-35?,Mike Cargile,,active,US_2026_general_election,7,stale_observation,usable,,0.0275,,2026-09-04T20:00:00Z,2026-08-31T23:00:00Z,not_comparable
KXHOUSERACE-CA35-26-R,KXHOUSERACE,KXHOUSERACE-CA35-26,Will Republican win the House race for CA-35?,Mike Cargile,,active,US_2026_general_election,14,stale_observation,usable,,0.0275,,2026-09-04T20:00:00Z,2026-08-25T07:00:00Z,not_comparable
KXHOUSERACE-CA35-26-R,KXHOUSERACE,KXHOUSERACE-CA35-26,Will Republican win the House race for CA-35?,Mike Cargile,,active,US_2026_general_election,28,stale_observation,usable,,0.018000000000000002,,2026-09-04T20:00:00Z,2026-08-11T15:00:00Z,not_comparable
KXHOUSERACE-CA35-26-D,KXHOUSERACE,KXHOUSERACE-CA35-26,Will Democratic win the House race for CA-35?,Norma Torres,,active,US_2026_general_election,7,usable,usable,0.9724999999999999,0.9724999999999999,0.0,2026-09-08T15:00:00Z,2026-08-31T23:00:00Z,same_contract_descriptive
KXHOUSERACE-CA35-26-D,KXHOUSERACE,KXHOUSERACE-CA35-26,Will Democratic win the House race for CA-35?,Norma Torres,,active,US_2026_general_election,14,usable,usable,0.9724999999999999,0.968,0.44999999999999485,2026-09-08T15:00:00Z,2026-08-24T17:00:00Z,same_contract_descriptive
KXHOUSERACE-CA35-26-D,KXHOUSERACE,KXHOUSERACE-CA35-26,Will Democratic win the House race for CA-35?,Norma Torres,,active,US_2026_general_election,28,usable,usable,0.9724999999999999,0.9784999999999999,-0.6000000000000005,2026-09-08T15:00:00Z,2026-08-11T15:00:00Z,same_contract_descriptive
KXHOUSERACE-CA36-26-R,KXHOUSERACE,KXHOUSERACE-CA36-26,Will Republican win the House race for CA-36?,Houston Brignano,,active,US_2026_general_election,7,usable,usable,0.0385,0.037000000000000005,0.14999999999999944,2026-09-08T09:00:00Z,2026-09-01T12:00:00Z,same_contract_descriptive
KXHOUSERACE-CA36-26-R,KXHOUSERACE,KXHOUSERACE-CA36-26,Will Republican win the House race for CA-36?,Houston Brignano,,active,US_2026_general_election,14,usable,usable,0.0385,0.042,-0.3500000000000003,2026-09-08T09:00:00Z,2026-08-25T15:00:00Z,same_contract_descriptive
KXHOUSERACE-CA36-26-R,KXHOUSERACE,KXHOUSERACE-CA36-26,Will Republican win the House race for CA-36?,Houston Brignano,,active,US_2026_general_election,28,usable,usable,0.0385,0.05450000000000001,-1.6000000000000008,2026-09-08T09:00:00Z,2026-08-11T15:00:00Z,same_contract_descriptive
KXHOUSERACE-CA36-26-D,KXHOUSERACE,KXHOUSERACE-CA36-26,Will Democratic win the House race for CA-36?,Ted Lieu,,active,US_2026_general_election,7,usable,usable,0.9605,0.9605,0.0,2026-09-08T14:00:00Z,2026-09-01T12:00:00Z,same_contract_descriptive
KXHOUSERACE-CA36-26-D,KXHOUSERACE,KXHOUSERACE-CA36-26,Will Democratic win the House race for CA-36?,Ted Lieu,,active,US_2026_general_election,14,usable,usable,0.9605,0.9555,0.5000000000000004,2026-09-08T14:00:00Z,2026-08-25T11:00:00Z,same_contract_descriptive
KXHOUSERACE-CA36-26-D,KXHOUSERACE,KXHOUSERACE-CA36-26,Will Democratic win the House race for CA-36?,Ted Lieu,,active,US_2026_general_election,28,usable,usable,0.9605,0.9450000000000001,1.5499999999999958,2026-09-08T14:00:00Z,2026-08-11T15:00:00Z,same_contract_descriptive
KXHOUSERACE-CA33-26-R,KXHOUSERACE,KXHOUSERACE-CA33-26,Will Republican win the House race for CA-33?,Stephanie Vargas,,active,US_2026_general_election,7,usable,usable,0.035,0.0345,0.050000000000000044,2026-09-08T15:00:00Z,2026-09-01T12:00:00Z,same_contract_descriptive
KXHOUSERACE-CA33-26-R,KXHOUSERACE,KXHOUSERACE-CA33-26,Will Republican win the House race for CA-33?,Stephanie Vargas,,active,US_2026_general_election,14,usable,usable,0.035,0.035,0.0,2026-09-08T15:00:00Z,2026-08-24T17:00:00Z,same_contract_descriptive
KXHOUSERACE-CA33-26-R,KXHOUSERACE,KXHOUSERACE-CA33-26,Will Republican win the House race for CA-33?,Stephanie Vargas,,active,US_2026_general_election,28,usable,usable,0.035,0.032,0.30000000000000027,2026-09-08T15:00:00Z,2026-08-11T15:00:00Z,same_contract_descriptive
KXHOUSERACE-CA33-26-D,KXHOUSERACE,KXHOUSERACE-CA33-26,Will Democratic win the House race for CA-33?,Pete Aguilar,,active,US_2026_general_election,7,usable,usable,0.9635,0.9635,0.0,2026-09-08T14:00:00Z,2026-09-01T12:00:00Z,same_contract_descriptive
KXHOUSERACE-CA33-26-D,KXHOUSERACE,KXHOUSERACE-CA33-26,Will Democratic win the House race for CA-33?,Pete Aguilar,,active,US_2026_general_election,14,usable,usable,0.9635,0.9635,0.0,2026-09-08T14:00:00Z,2026-08-25T11:00:00Z,same_contract_descriptive
KXHOUSERACE-CA33-26-D,KXHOUSERACE,KXHOUSERACE-CA33-26,Will Democratic win the House race for CA-33?,Pete Aguilar,,active,US_2026_general_election,28,usable,usable,0.9635,0.968,-0.44999999999999485,2026-09-08T14:00:00Z,2026-08-11T15:00:00Z,same_contract_descriptive
KXHOUSERACE-CA32-26-R,KXHOUSERACE,KXHOUSERACE-CA32-26,Will Republican win the House race for CA-32?,Larry Thompson,,active,US_2026_general_election,7,usable,usable,0.034,0.034,0.0,2026-09-08T15:00:00Z,2026-09-01T12:00:00Z,same_contract_descriptive
KXHOUSERACE-CA32-26-R,KXHOUSERACE,KXHOUSERACE-CA32-26,Will Republican win the House race for CA-32?,Larry Thompson,,active,US_2026_general_election,14,usable,usable,0.034,0.033,0.10000000000000009,2026-09-08T15:00:00Z,2026-08-25T15:00:00Z,same_contract_descriptive
KXHOUSERACE-CA32-26-R,KXHOUSERACE,KXHOUSERACE-CA32-26,Will Republican win the House race for CA-32?,Larry Thompson,,active,US_2026_general_election,28,usable,usable,0.034,0.0175,1.6500000000000001,2026-09-08T15:00:00Z,2026-08-11T15:00:00Z,same_contract_descriptive
KXHOUSERACE-CA32-26-D,KXHOUSERACE,KXHOUSERACE-CA32-26,Will Democratic win the House race for CA-32?,Brad Sherman,,active,US_2026_general_election,7,usable,usable,0.966,0.966,0.0,2026-09-08T09:00:00Z,2026-09-01T12:00:00Z,same_contract_descriptive
KXHOUSERACE-CA32-26-D,KXHOUSERACE,KXHOUSERACE-CA32-26,Will Democratic win the House race for CA-32?,Brad Sherman,,active,US_2026_general_election,14,usable,usable,0.966,0.962,0.40000000000000036,2026-09-08T09:00:00Z,2026-08-25T15:00:00Z,same_contract_descriptive
KXHOUSERACE-CA32-26-D,KXHOUSERACE,KXHOUSERACE-CA32-26,Will Democratic win the House race for CA-32?,Brad Sherman,,active,US_2026_general_election,28,usable,usable,0.966,0.977,-1.100000000000001,2026-09-08T09:00:00Z,2026-08-11T15:00:00Z,same_contract_descriptive
KXHOUSERACE-CA31-26-R,KXHOUSERACE,KXHOUSERACE-CA31-26,Will Republican win the House race for CA-31?,Eric Ching,,active,US_2026_general_election,7,usable,usable,0.0275,0.027,0.050000000000000044,2026-09-08T14:00:00Z,2026-09-01T12:00:00Z,same_contract_descriptive
KXHOUSERACE-CA31-26-R,KXHOUSERACE,KXHOUSERACE-CA31-26,Will Republican win the House race for CA-31?,Eric Ching,,active,US_2026_general_election,14,usable,usable,0.0275,0.0275,0.0,2026-09-08T14:00:00Z,2026-08-24T17:00:00Z,same_contract_descriptive
KXHOUSERACE-CA31-26-R,KXHOUSERACE,KXHOUSERACE-CA31-26,Will Republican win the House race for CA-31?,Eric Ching,,active,US_2026_general_election,28,usable,usable,0.0275,0.017,1.0499999999999998,2026-09-08T14:00:00Z,2026-08-11T15:00:00Z,same_contract_descriptive
KXHOUSERACE-CA31-26-D,KXHOUSERACE,KXHOUSERACE-CA31-26,Will Democratic win the House race for CA-31?,Gil Cisneros,,active,US_2026_general_election,7,usable,usable,0.9724999999999999,0.9724999999999999,0.0,2026-09-08T15:00:00Z,2026-09-01T12:00:00Z,same_contract_descriptive
KXHOUSERACE-CA31-26-D,KXHOUSERACE,KXHOUSERACE-CA31-26,Will Democratic win the House race for CA-31?,Gil Cisneros,,active,US_2026_general_election,14,usable,usable,0.9724999999999999,0.9684999999999999,0.40000000000000036,2026-09-08T15:00:00Z,2026-08-24T17:00:00Z,same_contract_descriptive
KXHOUSERACE-CA31-26-D,KXHOUSERACE,KXHOUSERACE-CA31-26,Will Democratic win the House race for CA-31?,Gil Cisneros,,active,US_2026_general_election,28,usable,usable,0.9724999999999999,0.979,-0.6500000000000061,2026-09-08T15:00:00Z,2026-08-11T15:00:00Z,same_contract_descriptive
KXHOUSERACE-CA30-26-R,KXHOUSERACE,KXHOUSERACE-CA30-26,Will Republican win the House race for CA-30?,Scott Meyers,,active,US_2026_general_election,7,usable,usable,0.029,0.027,0.20000000000000018,2026-09-08T05:00:00Z,2026-09-01T12:00:00Z,same_contract_descriptive
KXHOUSERACE-CA30-26-R,KXHOUSERACE,KXHOUSERACE-CA30-26,Will Republican win the House race for CA-30?,Scott Meyers,,active,US_2026_general_election,14,usable,usable,0.029,0.0315,-0.2499999999999999,2026-09-08T05:00:00Z,2026-08-24T17:00:00Z,same_contract_descriptive
KXHOUSERACE-CA30-26-R,KXHOUSERACE,KXHOUSERACE-CA30-26,Will Republican win the House race for CA-30?,Scott Meyers,,active,US_2026_general_election,28,usable,usable,0.029,0.026000000000000002,0.29999999999999993,2026-09-08T05:00:00Z,2026-08-11T15:00:00Z,same_contract_descriptive
KXHOUSERACE-CA30-26-D,KXHOUSERACE,KXHOUSERACE-CA30-26,Will Democratic win the House race for CA-30?,Laura Friedman,,active,US_2026_general_election,7,stale_observation,usable,,0.973,,2026-09-06T20:00:00Z,2026-09-01T12:00:00Z,not_comparable
KXHOUSERACE-CA30-26-D,KXHOUSERACE,KXHOUSERACE-CA30-26,Will Democratic win the House race for CA-30?,Laura Friedman,,active,US_2026_general_election,14,stale_observation,usable,,0.9644999999999999,,2026-09-06T20:00:00Z,2026-08-24T17:00:00Z,not_comparable
KXHOUSERACE-CA30-26-D,KXHOUSERACE,KXHOUSERACE-CA30-26,Will Democratic win the House race for CA-30?,Laura Friedman,,active,US_2026_general_election,28,stale_observation,usable,,0.974,,2026-09-06T20:00:00Z,2026-08-11T15:00:00Z,not_comparable
KXHOUSERACE-CA28-26-R,KXHOUSERACE,KXHOUSERACE-CA28-26,Will Republican win the House race for CA-28?,April Verlato,,active,US_2026_general_election,7,usable,usable,0.048,0.048,0.0,2026-09-08T15:00:00Z,2026-09-01T11:00:00Z,same_contract_descriptive
KXHOUSERACE-CA28-26-R,KXHOUSERACE,KXHOUSERACE-CA28-26,Will Republican win the House race for CA-28?,April Verlato,,active,US_2026_general_election,14,usable,usable,0.048,0.048,0.0,2026-09-08T15:00:00Z,2026-08-25T00:00:00Z,same_contract_descriptive
KXHOUSERACE-CA28-26-R,KXHOUSERACE,KXHOUSERACE-CA28-26,Will Republican win the House race for CA-28?,April Verlato,,active,US_2026_general_election,28,usable,usable,0.048,0.0485,-0.050000000000000044,2026-09-08T15:00:00Z,2026-08-11T15:00:00Z,same_contract_descriptive
KXHOUSERACE-CA28-26-D,KXHOUSERACE,KXHOUSERACE-CA28-26,Will Democratic win the House race for CA-28?,Judy Chu,,active,US_2026_general_election,7,usable,usable,0.966,0.9470000000000001,1.8999999999999906,2026-09-08T14:00:00Z,2026-09-01T11:00:00Z,same_contract_descriptive
KXHOUSERACE-CA28-26-D,KXHOUSERACE,KXHOUSERACE-CA28-26,Will Democratic win the House race for CA-28?,Judy Chu,,active,US_2026_general_election,14,usable,usable,0.966,0.9470000000000001,1.8999999999999906,2026-09-08T14:00:00Z,2026-08-25T13:00:00Z,same_contract_descriptive
KXHOUSERACE-CA28-26-D,KXHOUSERACE,KXHOUSERACE-CA28-26,Will Democratic win the House race for CA-28?,Judy Chu,,active,US_2026_general_election,28,usable,usable,0.966,0.9515,1.4499999999999957,2026-09-08T14:00:00Z,2026-08-11T15:00:00Z,same_contract_descriptive
KXHOUSERACE-CA25-26-R,KXHOUSERACE,KXHOUSERACE-CA25-26,Will Republican win the House race for CA-25?,Joe Males,,active,US_2026_general_election,7,usable,usable,0.043,0.031,1.1999999999999997,2026-09-08T15:00:00Z,2026-09-01T12:00:00Z,same_contract_descriptive
KXHOUSERACE-CA25-26-R,KXHOUSERACE,KXHOUSERACE-CA25-26,Will Republican win the House race for CA-25?,Joe Males,,active,US_2026_general_election,14,usable,usable,0.043,0.06,-1.7000000000000002,2026-09-08T15:00:00Z,2026-08-25T13:00:00Z,same_contract_descriptive
KXHOUSERACE-CA25-26-R,KXHOUSERACE,KXHOUSERACE-CA25-26,Will Republican win the House race for CA-25?,Joe Males,,active,US_2026_general_election,28,usable,usable,0.043,0.0605,-1.7500000000000002,2026-09-08T15:00:00Z,2026-08-11T15:00:00Z,same_contract_descriptive
KXHOUSERACE-CA25-26-D,KXHOUSERACE,KXHOUSERACE-CA25-26,Will Democratic win the House race for CA-25?,Raul Ruiz,,active,US_2026_general_election,7,usable,usable,0.9470000000000001,0.967,-1.9999999999999907,2026-09-08T15:00:00Z,2026-09-01T12:00:00Z,same_contract_descriptive
KXHOUSERACE-CA25-26-D,KXHOUSERACE,KXHOUSERACE-CA25-26,Will Democratic win the House race for CA-25?,Raul Ruiz,,active,US_2026_general_election,14,usable,usable,0.9470000000000001,0.9405,0.6500000000000061,2026-09-08T15:00:00Z,2026-08-25T13:00:00Z,same_contract_descriptive
KXHOUSERACE-CA25-26-D,KXHOUSERACE,KXHOUSERACE-CA25-26,Will Democratic win the House race for CA-25?,Raul Ruiz,,active,US_2026_general_election,28,usable,usable,0.9470000000000001,0.9390000000000001,0.8000000000000007,2026-09-08T15:00:00Z,2026-08-11T15:00:00Z,same_contract_descriptive
KXHOUSERACE-CA26-26-R,KXHOUSERACE,KXHOUSERACE-CA26-26,Will Republican win the House race for CA-26?,Sam Gallucci,,active,US_2026_general_election,7,usable,stale_observation,0.031,,,2026-09-08T15:00:00Z,2026-08-20T08:00:00Z,not_comparable
KXHOUSERACE-CA26-26-R,KXHOUSERACE,KXHOUSERACE-CA26-26,Will Republican win the House race for CA-26?,Sam Gallucci,,active,US_2026_general_election,14,usable,stale_observation,0.031,,,2026-09-08T15:00:00Z,2026-08-20T08:00:00Z,not_comparable
KXHOUSERACE-CA26-26-R,KXHOUSERACE,KXHOUSERACE-CA26-26,Will Republican win the House race for CA-26?,Sam Gallucci,,active,US_2026_general_election,28,usable,usable,0.031,0.027000000000000003,0.3999999999999997,2026-09-08T15:00:00Z,2026-08-11T15:00:00Z,same_contract_descriptive
KXHOUSERACE-CA26-26-D,KXHOUSERACE,KXHOUSERACE-CA26-26,Will Democratic win the House race for CA-26?,Jacqui Irwin,,active,US_2026_general_election,7,usable,usable,0.968,0.9684999999999999,-0.04999999999999449,2026-09-08T15:00:00Z,2026-08-31T23:00:00Z,same_contract_descriptive
KXHOUSERACE-CA26-26-D,KXHOUSERACE,KXHOUSERACE-CA26-26,Will Democratic win the House race for CA-26?,Jacqui Irwin,,active,US_2026_general_election,14,usable,usable,0.968,0.964,0.40000000000000036,2026-09-08T15:00:00Z,2026-08-24T17:00:00Z,same_contract_descriptive
KXHOUSERACE-CA26-26-D,KXHOUSERACE,KXHOUSERACE-CA26-26,Will Democratic win the House race for CA-26?,Jacqui Irwin,,active,US_2026_general_election,28,usable,usable,0.968,0.973,-0.5000000000000004,2026-09-08T15:00:00Z,2026-08-11T15:00:00Z,same_contract_descriptive
KXHOUSERACE-CA24-26-R,KXHOUSERACE,KXHOUSERACE-CA24-26,Will Republican win the House race for CA-24?,Bob Smith,,active,US_2026_general_election,7,usable,stale_observation,0.0325,,,2026-09-08T14:00:00Z,2026-08-28T13:00:00Z,not_comparable
KXHOUSERACE-CA24-26-R,KXHOUSERACE,KXHOUSERACE-CA24-26,Will Republican win the House race for CA-24?,Bob Smith,,active,US_2026_general_election,14,usable,usable,0.0325,0.0325,0.0,2026-09-08T14:00:00Z,2026-08-25T09:00:00Z,same_contract_descriptive
KXHOUSERACE-CA24-26-R,KXHOUSERACE,KXHOUSERACE-CA24-26,Will Republican win the House race for CA-24?,Bob Smith,,active,US_2026_general_election,28,usable,stale_observation,0.0325,,,2026-09-08T14:00:00Z,2026-07-29T23:00:00Z,not_comparable
KXHOUSERACE-CA24-26-D,KXHOUSERACE,KXHOUSERACE-CA24-26,Will Democratic win the House race for CA-24?,Salud Carbajal,,active,US_2026_general_election,7,usable,usable,0.9625,0.9625,0.0,2026-09-08T14:00:00Z,2026-08-31T23:00:00Z,same_contract_descriptive
KXHOUSERACE-CA24-26-D,KXHOUSERACE,KXHOUSERACE-CA24-26,Will Democratic win the House race for CA-24?,Salud Carbajal,,active,US_2026_general_election,14,usable,usable,0.9625,0.967,-0.44999999999999485,2026-09-08T14:00:00Z,2026-08-24T17:00:00Z,same_contract_descriptive
KXHOUSERACE-CA24-26-D,KXHOUSERACE,KXHOUSERACE-CA24-26,Will Democratic win the House race for CA-24?,Salud Carbajal,,active,US_2026_general_election,28,usable,usable,0.9625,0.9775,-1.5000000000000013,2026-09-08T14:00:00Z,2026-08-11T15:00:00Z,same_contract_descriptive
KXHOUSERACE-CA20-26-R,KXHOUSERACE,KXHOUSERACE-CA20-26,Will Republican win the House race for CA-20?,Vince Fong,,active,US_2026_general_election,7,stale_observation,usable,,0.952,,2026-09-04T20:00:00Z,2026-08-31T23:00:00Z,not_comparable
KXHOUSERACE-CA20-26-R,KXHOUSERACE,KXHOUSERACE-CA20-26,Will Republican win the House race for CA-20?,Vince Fong,,active,US_2026_general_election,14,stale_observation,usable,,0.952,,2026-09-04T20:00:00Z,2026-08-24T17:00:00Z,not_comparable
KXHOUSERACE-CA20-26-R,KXHOUSERACE,KXHOUSERACE-CA20-26,Will Republican win the House race for CA-20?,Vince Fong,,active,US_2026_general_election,28,stale_observation,usable,,0.959,,2026-09-04T20:00:00Z,2026-08-11T15:00:00Z,not_comparable
KXHOUSERACE-CA20-26-D,KXHOUSERACE,KXHOUSERACE-CA20-26,Will Democratic win the House race for CA-20?,Sandra Van Scotter,,active,US_2026_general_election,7,usable,usable,0.041,0.041,0.0,2026-09-08T15:00:00Z,2026-09-01T06:00:00Z,same_contract_descriptive
KXHOUSERACE-CA20-26-D,KXHOUSERACE,KXHOUSERACE-CA20-26,Will Democratic win the House race for CA-20?,Sandra Van Scotter,,active,US_2026_general_election,14,usable,usable,0.041,0.041,0.0,2026-09-08T15:00:00Z,2026-08-25T02:00:00Z,same_contract_descriptive
KXHOUSERACE-CA20-26-D,KXHOUSERACE,KXHOUSERACE-CA20-26,Will Democratic win the House race for CA-20?,Sandra Van Scotter,,active,US_2026_general_election,28,usable,usable,0.041,0.041,0.0,2026-09-08T15:00:00Z,2026-08-11T15:00:00Z,same_contract_descriptive
KXHOUSERACE-CA23-26-R,KXHOUSERACE,KXHOUSERACE-CA23-26,Will Republican win the House race for CA-23?,Jay Obernolte,,active,US_2026_general_election,7,usable,usable,0.9485,0.9285,2.0000000000000018,2026-09-08T14:00:00Z,2026-09-01T15:00:00Z,same_contract_descriptive
KXHOUSERACE-CA23-26-R,KXHOUSERACE,KXHOUSERACE-CA23-26,Will Republican win the House race for CA-23?,Jay Obernolte,,active,US_2026_general_election,14,usable,usable,0.9485,0.9295,1.9000000000000017,2026-09-08T14:00:00Z,2026-08-25T07:00:00Z,same_contract_descriptive
KXHOUSERACE-CA23-26-R,KXHOUSERACE,KXHOUSERACE-CA23-26,Will Republican win the House race for CA-23?,Jay Obernolte,,active,US_2026_general_election,28,usable,usable,0.9485,0.9239999999999999,2.4500000000000077,2026-09-08T14:00:00Z,2026-08-11T15:00:00Z,same_contract_descriptive
KXHOUSERACE-CA23-26-D,KXHOUSERACE,KXHOUSERACE-CA23-26,Will Democratic win the House race for CA-23?,Tessa Lynn Hodge,,active,US_2026_general_election,7,usable,usable,0.0475,0.07100000000000001,-2.3500000000000005,2026-09-08T15:00:00Z,2026-09-01T15:00:00Z,same_contract_descriptive
KXHOUSERACE-CA23-26-D,KXHOUSERACE,KXHOUSERACE-CA23-26,Will Democratic win the House race for CA-23?,Tessa Lynn Hodge,,active,US_2026_general_election,14,usable,usable,0.0475,0.07100000000000001,-2.3500000000000005,2026-09-08T15:00:00Z,2026-08-25T07:00:00Z,same_contract_descriptive
KXHOUSERACE-CA23-26-D,KXHOUSERACE,KXHOUSERACE-CA23-26,Will Democratic win the House race for CA-23?,Tessa Lynn Hodge,,active,US_2026_general_election,28,usable,usable,0.0475,0.07250000000000001,-2.500000000000001,2026-09-08T15:00:00Z,2026-08-11T15:00:00Z,same_contract_descriptive
KXHOUSERACE-CA19-26-R,KXHOUSERACE,KXHOUSERACE-CA19-26,Will Republican win the House race for CA-19?,Peter Verbica,,active,US_2026_general_election,7,usable,stale_observation,0.0245,,,2026-09-08T15:00:00Z,2026-08-24T17:00:00Z,not_comparable
KXHOUSERACE-CA19-26-R,KXHOUSERACE,KXHOUSERACE-CA19-26,Will Republican win the House race for CA-19?,Peter Verbica,,active,US_2026_general_election,14,usable,usable,0.0245,0.028,-0.35,2026-09-08T15:00:00Z,2026-08-24T17:00:00Z,same_contract_descriptive
KXHOUSERACE-CA19-26-R,KXHOUSERACE,KXHOUSERACE-CA19-26,Will Republican win the House race for CA-19?,Peter Verbica,,active,US_2026_general_election,28,usable,usable,0.0245,0.020999999999999998,0.3500000000000003,2026-09-08T15:00:00Z,2026-08-11T15:00:00Z,same_contract_descriptive
KXHOUSERACE-CA19-26-D,KXHOUSERACE,KXHOUSERACE-CA19-26,Will Democratic win the House race for CA-19?,Jimmy Panetta,,active,US_2026_general_election,7,stale_observation,stale_observation,,,,2026-08-24T17:00:00Z,2026-08-24T17:00:00Z,not_comparable
KXHOUSERACE-CA19-26-D,KXHOUSERACE,KXHOUSERACE-CA19-26,Will Democratic win the House race for CA-19?,Jimmy Panetta,,active,US_2026_general_election,14,stale_observation,usable,,0.972,,2026-08-24T17:00:00Z,2026-08-24T17:00:00Z,not_comparable
KXHOUSERACE-CA19-26-D,KXHOUSERACE,KXHOUSERACE-CA19-26,Will Democratic win the House race for CA-19?,Jimmy Panetta,,active,US_2026_general_election,28,stale_observation,usable,,0.979,,2026-08-24T17:00:00Z,2026-08-11T15:00:00Z,not_comparable
KXHOUSERACE-CA18-26-R,KXHOUSERACE,KXHOUSERACE-CA18-26,Will Republican win the House race for CA-18?,Shane Lewis,,active,US_2026_general_election,7,stale_observation,usable,,0.018000000000000002,,2026-09-01T07:00:00Z,2026-09-01T07:00:00Z,not_comparable
KXHOUSERACE-CA18-26-R,KXHOUSERACE,KXHOUSERACE-CA18-26,Will Republican win the House race for CA-18?,Shane Lewis,,active,US_2026_general_election,14,stale_observation,usable,,0.018000000000000002,,2026-09-01T07:00:00Z,2026-08-24T17:00:00Z,not_comparable
KXHOUSERACE-CA18-26-R,KXHOUSERACE,KXHOUSERACE-CA18-26,Will Republican win the House race for CA-18?,Shane Lewis,,active,US_2026_general_election,28,stale_observation,usable,,0.0165,,2026-09-01T07:00:00Z,2026-08-11T15:00:00Z,not_comparable
KXHOUSERACE-CA18-26-D,KXHOUSERACE,KXHOUSERACE-CA18-26,Will Democratic win the House race for CA-18?,Zoe Lofgren,,active,US_2026_general_election,7,stale_observation,usable,,0.9755,,2026-09-04T20:00:00Z,2026-09-01T07:00:00Z,not_comparable
KXHOUSERACE-CA18-26-D,KXHOUSERACE,KXHOUSERACE-CA18-26,Will Democratic win the House race for CA-18?,Zoe Lofgren,,active,US_2026_general_election,14,stale_observation,usable,,0.9695,,2026-09-04T20:00:00Z,2026-08-24T17:00:00Z,not_comparable
KXHOUSERACE-CA18-26-D,KXHOUSERACE,KXHOUSERACE-CA18-26,Will Democratic win the House race for CA-18?,Zoe Lofgren,,active,US_2026_general_election,28,stale_observation,usable,,0.9795,,2026-09-04T20:00:00Z,2026-08-11T15:00:00Z,not_comparable
KXHOUSERACE-CA17-26-R,KXHOUSERACE,KXHOUSERACE-CA17-26,Will Republican win the House race for CA-17?,Ritesh Tandon,,active,US_2026_general_election,7,stale_observation,usable,,0.023,,2026-09-04T20:00:00Z,2026-08-31T23:00:00Z,not_comparable
KXHOUSERACE-CA17-26-R,KXHOUSERACE,KXHOUSERACE-CA17-26,Will Republican win the House race for CA-17?,Ritesh Tandon,,active,US_2026_general_election,14,stale_observation,usable,,0.029500000000000002,,2026-09-04T20:00:00Z,2026-08-24T17:00:00Z,not_comparable
KXHOUSERACE-CA17-26-R,KXHOUSERACE,KXHOUSERACE-CA17-26,Will Republican win the House race for CA-17?,Ritesh Tandon,,active,US_2026_general_election,28,stale_observation,usable,,0.024,,2026-09-04T20:00:00Z,2026-08-11T15:00:00Z,not_comparable
KXHOUSERACE-CA17-26-D,KXHOUSERACE,KXHOUSERACE-CA17-26,Will Democratic win the House race for CA-17?,Ro Khanna,,active,US_2026_general_election,7,usable,usable,0.9675,0.967,0.050000000000005596,2026-09-08T09:00:00Z,2026-09-01T12:00:00Z,same_contract_descriptive
KXHOUSERACE-CA17-26-D,KXHOUSERACE,KXHOUSERACE-CA17-26,Will Democratic win the House race for CA-17?,Ro Khanna,,active,US_2026_general_election,14,usable,usable,0.9675,0.9604999999999999,0.7000000000000117,2026-09-08T09:00:00Z,2026-08-25T11:00:00Z,same_contract_descriptive
KXHOUSERACE-CA17-26-D,KXHOUSERACE,KXHOUSERACE-CA17-26,Will Democratic win the House race for CA-17?,Ro Khanna,,active,US_2026_general_election,28,usable,usable,0.9675,0.976,-0.8499999999999952,2026-09-08T09:00:00Z,2026-08-11T15:00:00Z,same_contract_descriptive
KXHOUSERACE-CA16-26-R,KXHOUSERACE,KXHOUSERACE-CA16-26,Will Republican win the House race for CA-16?,Peter Sundin Soulé,,active,US_2026_general_election,7,usable,usable,0.023,0.0235,-0.050000000000000044,2026-09-08T05:00:00Z,2026-09-01T12:00:00Z,same_contract_descriptive
KXHOUSERACE-CA16-26-R,KXHOUSERACE,KXHOUSERACE-CA16-26,Will Republican win the House race for CA-16?,Peter Sundin Soulé,,active,US_2026_general_election,14,usable,usable,0.023,0.0345,-1.1500000000000004,2026-09-08T05:00:00Z,2026-08-24T20:00:00Z,same_contract_descriptive
KXHOUSERACE-CA16-26-R,KXHOUSERACE,KXHOUSERACE-CA16-26,Will Republican win the House race for CA-16?,Peter Sundin Soulé,,active,US_2026_general_election,28,usable,usable,0.023,0.0445,-2.15,2026-09-08T05:00:00Z,2026-08-11T15:00:00Z,same_contract_descriptive
KXHOUSERACE-CA16-26-D,KXHOUSERACE,KXHOUSERACE-CA16-26,Will Democratic win the House race for CA-16?,Sam Liccardo,,active,US_2026_general_election,7,usable,usable,0.982,0.9764999999999999,0.550000000000006,2026-09-08T09:00:00Z,2026-09-01T12:00:00Z,same_contract_descriptive
KXHOUSERACE-CA16-26-D,KXHOUSERACE,KXHOUSERACE-CA16-26,Will Democratic win the House race for CA-16?,Sam Liccardo,,active,US_2026_general_election,14,usable,usable,0.982,0.9704999999999999,1.1500000000000066,2026-09-08T09:00:00Z,2026-08-25T13:00:00Z,same_contract_descriptive
KXHOUSERACE-CA16-26-D,KXHOUSERACE,KXHOUSERACE-CA16-26,Will Democratic win the House race for CA-16?,Sam Liccardo,,active,US_2026_general_election,28,usable,usable,0.982,0.955,2.7000000000000024,2026-09-08T09:00:00Z,2026-08-11T15:00:00Z,same_contract_descriptive
KXHOUSERACE-CA15-26-R,KXHOUSERACE,KXHOUSERACE-CA15-26,Will Republican win the House race for CA-15?,Charles Hoelter,,active,US_2026_general_election,7,usable,usable,0.034999999999999996,0.034999999999999996,0.0,2026-09-08T15:00:00Z,2026-09-01T14:00:00Z,same_contract_descriptive
KXHOUSERACE-CA15-26-R,KXHOUSERACE,KXHOUSERACE-CA15-26,Will Republican win the House race for CA-15?,Charles Hoelter,,active,US_2026_general_election,14,usable,usable,0.034999999999999996,0.0355,-0.050000000000000044,2026-09-08T15:00:00Z,2026-08-25T14:00:00Z,same_contract_descriptive
KXHOUSERACE-CA15-26-R,KXHOUSERACE,KXHOUSERACE-CA15-26,Will Republican win the House race for CA-15?,Charles Hoelter,,active,US_2026_general_election,28,usable,usable,0.034999999999999996,0.03,0.4999999999999998,2026-09-08T15:00:00Z,2026-08-11T15:00:00Z,same_contract_descriptive
KXHOUSERACE-CA15-26-D,KXHOUSERACE,KXHOUSERACE-CA15-26,Will Democratic win the House race for CA-15?,Kevin Mullin,,active,US_2026_general_election,7,usable,usable,0.9635,0.9575,0.6000000000000005,2026-09-08T09:00:00Z,2026-09-01T12:00:00Z,same_contract_descriptive
KXHOUSERACE-CA15-26-D,KXHOUSERACE,KXHOUSERACE-CA15-26,Will Democratic win the House race for CA-15?,Kevin Mullin,,active,US_2026_general_election,14,usable,usable,0.9635,0.964,-0.04999999999999449,2026-09-08T09:00:00Z,2026-08-25T11:00:00Z,same_contract_descriptive
KXHOUSERACE-CA15-26-D,KXHOUSERACE,KXHOUSERACE-CA15-26,Will Democratic win the House race for CA-15?,Kevin Mullin,,active,US_2026_general_election,28,usable,stale_observation,0.9635,,,2026-09-08T09:00:00Z,2026-08-05T03:00:00Z,not_comparable
KXHOUSERACE-CA10-26-R,KXHOUSERACE,KXHOUSERACE-CA10-26,Will Republican win the House race for CA-10?,Jeff Frese,,active,US_2026_general_election,7,usable,usable,0.031,0.031,0.0,2026-09-08T14:00:00Z,2026-09-01T12:00:00Z,same_contract_descriptive
KXHOUSERACE-CA10-26-R,KXHOUSERACE,KXHOUSERACE-CA10-26,Will Republican win the House race for CA-10?,Jeff Frese,,active,US_2026_general_election,14,usable,usable,0.031,0.0315,-0.050000000000000044,2026-09-08T14:00:00Z,2026-08-24T17:00:00Z,same_contract_descriptive
KXHOUSERACE-CA10-26-R,KXHOUSERACE,KXHOUSERACE-CA10-26,Will Republican win the House race for CA-10?,Jeff Frese,,active,US_2026_general_election,28,usable,usable,0.031,0.025,0.5999999999999999,2026-09-08T14:00:00Z,2026-08-11T15:00:00Z,same_contract_descriptive
KXHOUSERACE-CA10-26-D,KXHOUSERACE,KXHOUSERACE-CA10-26,Will Democratic win the House race for CA-10?,Mark DeSaulnier,,active,US_2026_general_election,7,usable,usable,0.969,0.9684999999999999,0.050000000000005596,2026-09-08T15:00:00Z,2026-09-01T15:00:00Z,same_contract_descriptive
KXHOUSERACE-CA10-26-D,KXHOUSERACE,KXHOUSERACE-CA10-26,Will Democratic win the House race for CA-10?,Mark DeSaulnier,,active,US_2026_general_election,14,usable,usable,0.969,0.965,0.40000000000000036,2026-09-08T15:00:00Z,2026-08-24T17:00:00Z,same_contract_descriptive
KXHOUSERACE-CA10-26-D,KXHOUSERACE,KXHOUSERACE-CA10-26,Will Democratic win the House race for CA-10?,Mark DeSaulnier,,active,US_2026_general_election,28,usable,usable,0.969,0.975,-0.6000000000000005,2026-09-08T15:00:00Z,2026-08-11T15:00:00Z,same_contract_descriptive
KXHOUSERACE-CA08-26-R,KXHOUSERACE,KXHOUSERACE-CA08-26,Will Republican win the House race for CA-08?,Rudy Recile,,active,US_2026_general_election,7,usable,usable,0.0305,0.015,1.55,2026-09-08T14:00:00Z,2026-09-01T05:00:00Z,same_contract_descriptive
KXHOUSERACE-CA08-26-R,KXHOUSERACE,KXHOUSERACE-CA08-26,Will Republican win the House race for CA-08?,Rudy Recile,,active,US_2026_general_election,14,usable,stale_observation,0.0305,,,2026-09-08T14:00:00Z,2026-08-24T09:00:00Z,not_comparable
KXHOUSERACE-CA08-26-R,KXHOUSERACE,KXHOUSERACE-CA08-26,Will Republican win the House race for CA-08?,Rudy Recile,,active,US_2026_general_election,28,usable,usable,0.0305,0.035,-0.4500000000000004,2026-09-08T14:00:00Z,2026-08-11T15:00:00Z,same_contract_descriptive
KXHOUSERACE-CA08-26-D,KXHOUSERACE,KXHOUSERACE-CA08-26,Will Democratic win the House race for CA-08?,John Garamendi,,active,US_2026_general_election,7,usable,usable,0.9675,0.9835,-1.6000000000000014,2026-09-08T08:00:00Z,2026-09-01T06:00:00Z,same_contract_descriptive
KXHOUSERACE-CA08-26-D,KXHOUSERACE,KXHOUSERACE-CA08-26,Will Democratic win the House race for CA-08?,John Garamendi,,active,US_2026_general_election,14,usable,usable,0.9675,0.9605,0.7000000000000006,2026-09-08T08:00:00Z,2026-08-24T17:00:00Z,same_contract_descriptive
KXHOUSERACE-CA08-26-D,KXHOUSERACE,KXHOUSERACE-CA08-26,Will Democratic win the House race for CA-08?,John Garamendi,,active,US_2026_general_election,28,usable,usable,0.9675,0.9655,0.20000000000000018,2026-09-08T08:00:00Z,2026-08-11T15:00:00Z,same_contract_descriptive
KXHOUSERACE-CA06-26-R,KXHOUSERACE,KXHOUSERACE-CA06-26,Will Republican win the House race for CA-06?,Republican party,,active,US_2026_general_election,7,usable,usable,0.0155,0.0075,0.8,2026-09-08T09:00:00Z,2026-08-31T20:00:00Z,same_contract_descriptive
KXHOUSERACE-CA06-26-R,KXHOUSERACE,KXHOUSERACE-CA06-26,Will Republican win the House race for CA-06?,Republican party,,active,US_2026_general_election,14,usable,usable,0.0155,0.0125,0.29999999999999993,2026-09-08T09:00:00Z,2026-08-24T20:00:00Z,same_contract_descriptive
KXHOUSERACE-CA06-26-R,KXHOUSERACE,KXHOUSERACE-CA06-26,Will Republican win the House race for CA-06?,Republican party,,active,US_2026_general_election,28,usable,usable,0.0155,0.0055,1.0,2026-09-08T09:00:00Z,2026-08-11T13:00:00Z,same_contract_descriptive
KXHOUSERACE-CA06-26-D,KXHOUSERACE,KXHOUSERACE-CA06-26,Will Democratic win the House race for CA-06?,Richard Pan,,active,US_2026_general_election,7,usable,usable,0.95,0.9505,-0.050000000000005596,2026-09-08T09:00:00Z,2026-09-01T13:00:00Z,same_contract_descriptive
KXHOUSERACE-CA06-26-D,KXHOUSERACE,KXHOUSERACE-CA06-26,Will Democratic win the House race for CA-06?,Richard Pan,,active,US_2026_general_election,14,usable,usable,0.95,0.9275,2.2499999999999964,2026-09-08T09:00:00Z,2026-08-25T11:00:00Z,same_contract_descriptive
KXHOUSERACE-CA06-26-D,KXHOUSERACE,KXHOUSERACE-CA06-26,Will Democratic win the House race for CA-06?,Richard Pan,,active,US_2026_general_election,28,usable,usable,0.95,0.967,-1.7000000000000015,2026-09-08T09:00:00Z,2026-08-11T15:00:00Z,same_contract_descriptive
KXHOUSERACE-CA05-26-R,KXHOUSERACE,KXHOUSERACE-CA05-26,Will Republican win the House race for CA-05?,Tom McClintock,,active,US_2026_general_election,7,usable,usable,0.9305,0.9445,-1.4000000000000012,2026-09-08T14:00:00Z,2026-09-01T10:00:00Z,same_contract_descriptive
KXHOUSERACE-CA05-26-R,KXHOUSERACE,KXHOUSERACE-CA05-26,Will Republican win the House race for CA-05?,Tom McClintock,,active,US_2026_general_election,14,usable,usable,0.9305,0.9239999999999999,0.6500000000000061,2026-09-08T14:00:00Z,2026-08-25T13:00:00Z,same_contract_descriptive
KXHOUSERACE-CA05-26-R,KXHOUSERACE,KXHOUSERACE-CA05-26,Will Republican win the House race for CA-05?,Tom McClintock,,active,US_2026_general_election,28,usable,usable,0.9305,0.9235,0.7000000000000006,2026-09-08T14:00:00Z,2026-08-11T15:00:00Z,same_contract_descriptive
KXHOUSERACE-CA05-26-D,KXHOUSERACE,KXHOUSERACE-CA05-26,Will Democratic win the House race for CA-05?,Michael Masuda,,active,US_2026_general_election,7,usable,usable,0.063,0.0445,1.8500000000000003,2026-09-08T09:00:00Z,2026-09-01T12:00:00Z,same_contract_descriptive
KXHOUSERACE-CA05-26-D,KXHOUSERACE,KXHOUSERACE-CA05-26,Will Democratic win the House race for CA-05?,Michael Masuda,,active,US_2026_general_election,14,usable,usable,0.063,0.057999999999999996,0.5000000000000004,2026-09-08T09:00:00Z,2026-08-25T15:00:00Z,same_contract_descriptive
KXHOUSERACE-CA05-26-D,KXHOUSERACE,KXHOUSERACE-CA05-26,Will Democratic win the House race for CA-05?,Michael Masuda,,active,US_2026_general_election,28,usable,usable,0.063,0.0775,-1.45,2026-09-08T09:00:00Z,2026-08-11T15:00:00Z,same_contract_descriptive
KXHOUSERACE-CA02-26-R,KXHOUSERACE,KXHOUSERACE-CA02-26,Will Republican win the House race for CA-02?,Robin Littau,,active,US_2026_general_election,7,usable,usable,0.029,0.029,0.0,2026-09-08T15:00:00Z,2026-09-01T03:00:00Z,same_contract_descriptive
KXHOUSERACE-CA02-26-R,KXHOUSERACE,KXHOUSERACE-CA02-26,Will Republican win the House race for CA-02?,Robin Littau,,active,US_2026_general_election,14,usable,usable,0.029,0.028,0.10000000000000009,2026-09-08T15:00:00Z,2026-08-25T00:00:00Z,same_contract_descriptive
KXHOUSERACE-CA02-26-R,KXHOUSERACE,KXHOUSERACE-CA02-26,Will Republican win the House race for CA-02?,Robin Littau,,active,US_2026_general_election,28,usable,usable,0.029,0.020999999999999998,0.8000000000000004,2026-09-08T15:00:00Z,2026-08-11T15:00:00Z,same_contract_descriptive
KXHOUSERACE-CA02-26-D,KXHOUSERACE,KXHOUSERACE-CA02-26,Will Democratic win the House race for CA-02?,Jared Huffman,,active,US_2026_general_election,7,usable,usable,0.971,0.971,0.0,2026-09-08T15:00:00Z,2026-09-01T03:00:00Z,same_contract_descriptive
KXHOUSERACE-CA02-26-D,KXHOUSERACE,KXHOUSERACE-CA02-26,Will Democratic win the House race for CA-02?,Jared Huffman,,active,US_2026_general_election,14,usable,usable,0.971,0.968,0.30000000000000027,2026-09-08T15:00:00Z,2026-08-24T17:00:00Z,same_contract_descriptive
KXHOUSERACE-CA02-26-D,KXHOUSERACE,KXHOUSERACE-CA02-26,Will Democratic win the House race for CA-02?,Jared Huffman,,active,US_2026_general_election,28,usable,usable,0.971,0.977,-0.6000000000000005,2026-09-08T15:00:00Z,2026-08-11T15:00:00Z,same_contract_descriptive
KXHOUSERACE-AZ09-26-R,KXHOUSERACE,KXHOUSERACE-AZ09-26,Will Republican win the House race for AZ-09?,Paul Gosar,,active,US_2026_general_election,7,usable,usable,0.9555,0.9415,1.4000000000000012,2026-09-08T14:00:00Z,2026-09-01T12:00:00Z,same_contract_descriptive
KXHOUSERACE-AZ09-26-R,KXHOUSERACE,KXHOUSERACE-AZ09-26,Will Republican win the House race for AZ-09?,Paul Gosar,,active,US_2026_general_election,14,usable,usable,0.9555,0.94,1.550000000000007,2026-09-08T14:00:00Z,2026-08-25T11:00:00Z,same_contract_descriptive
KXHOUSERACE-AZ09-26-R,KXHOUSERACE,KXHOUSERACE-AZ09-26,Will Republican win the House race for AZ-09?,Paul Gosar,,active,US_2026_general_election,28,usable,usable,0.9555,0.933,2.2499999999999964,2026-09-08T14:00:00Z,2026-08-11T15:00:00Z,same_contract_descriptive
KXHOUSERACE-AZ09-26-D,KXHOUSERACE,KXHOUSERACE-AZ09-26,Will Democratic win the House race for AZ-09?,Dani Sterbinsky,,active,US_2026_general_election,7,usable,usable,0.041499999999999995,0.0625,-2.1000000000000005,2026-09-08T14:00:00Z,2026-09-01T12:00:00Z,same_contract_descriptive
KXHOUSERACE-AZ09-26-D,KXHOUSERACE,KXHOUSERACE-AZ09-26,Will Democratic win the House race for AZ-09?,Dani Sterbinsky,,active,US_2026_general_election,14,usable,usable,0.041499999999999995,0.065,-2.3500000000000005,2026-09-08T14:00:00Z,2026-08-25T07:00:00Z,same_contract_descriptive
KXHOUSERACE-AZ09-26-D,KXHOUSERACE,KXHOUSERACE-AZ09-26,Will Democratic win the House race for AZ-09?,Dani Sterbinsky,,active,US_2026_general_election,28,usable,usable,0.041499999999999995,0.067,-2.5500000000000007,2026-09-08T14:00:00Z,2026-08-11T15:00:00Z,same_contract_descriptive
KXHOUSERACE-AZ08-26-R,KXHOUSERACE,KXHOUSERACE-AZ08-26,Will Republican win the House race for AZ-08?,Abe Hamadeh,,active,US_2026_general_election,7,usable,usable,0.855,0.855,0.0,2026-09-08T15:00:00Z,2026-09-01T15:00:00Z,same_contract_descriptive
KXHOUSERACE-AZ08-26-R,KXHOUSERACE,KXHOUSERACE-AZ08-26,Will Republican win the House race for AZ-08?,Abe Hamadeh,,active,US_2026_general_election,14,usable,usable,0.855,0.86,-0.5000000000000004,2026-09-08T15:00:00Z,2026-08-25T07:00:00Z,same_contract_descriptive
KXHOUSERACE-AZ08-26-R,KXHOUSERACE,KXHOUSERACE-AZ08-26,Will Republican win the House race for AZ-08?,Abe Hamadeh,,active,US_2026_general_election,28,usable,usable,0.855,0.87,-1.5000000000000013,2026-09-08T15:00:00Z,2026-08-11T15:00:00Z,same_contract_descriptive
KXHOUSERACE-AZ08-26-D,KXHOUSERACE,KXHOUSERACE-AZ08-26,Will Democratic win the House race for AZ-08?,Bernadette Greene-Placentia,,active,US_2026_general_election,7,usable,usable,0.1355,0.1355,0.0,2026-09-08T15:00:00Z,2026-09-01T15:00:00Z,same_contract_descriptive
KXHOUSERACE-AZ08-26-D,KXHOUSERACE,KXHOUSERACE-AZ08-26,Will Democratic win the House race for AZ-08?,Bernadette Greene-Placentia,,active,US_2026_general_election,14,usable,usable,0.1355,0.134,0.15000000000000013,2026-09-08T15:00:00Z,2026-08-25T11:00:00Z,same_contract_descriptive
KXHOUSERACE-AZ08-26-D,KXHOUSERACE,KXHOUSERACE-AZ08-26,Will Democratic win the House race for AZ-08?,Bernadette Greene-Placentia,,active,US_2026_general_election,28,usable,usable,0.1355,0.125,1.050000000000001,2026-09-08T15:00:00Z,2026-08-11T15:00:00Z,same_contract_descriptive
KXHOUSERACE-AZ04-26-R,KXHOUSERACE,KXHOUSERACE-AZ04-26,Will Republican win the House race for AZ-04?,Zuhdi Jasser,,active,US_2026_general_election,7,usable,usable,0.043,0.043,0.0,2026-09-08T14:00:00Z,2026-09-01T14:00:00Z,same_contract_descriptive
KXHOUSERACE-AZ04-26-R,KXHOUSERACE,KXHOUSERACE-AZ04-26,Will Republican win the House race for AZ-04?,Zuhdi Jasser,,active,US_2026_general_election,14,usable,usable,0.043,0.042499999999999996,0.050000000000000044,2026-09-08T14:00:00Z,2026-08-25T11:00:00Z,same_contract_descriptive
KXHOUSERACE-AZ04-26-R,KXHOUSERACE,KXHOUSERACE-AZ04-26,Will Republican win the House race for AZ-04?,Zuhdi Jasser,,active,US_2026_general_election,28,usable,usable,0.043,0.0425,0.04999999999999935,2026-09-08T14:00:00Z,2026-08-11T15:00:00Z,same_contract_descriptive
KXHOUSERACE-AZ04-26-D,KXHOUSERACE,KXHOUSERACE-AZ04-26,Will Democratic win the House race for AZ-04?,Greg Stanton,,active,US_2026_general_election,7,usable,usable,0.9450000000000001,0.9435,0.15000000000000568,2026-09-08T14:00:00Z,2026-09-01T12:00:00Z,same_contract_descriptive
KXHOUSERACE-AZ04-26-D,KXHOUSERACE,KXHOUSERACE-AZ04-26,Will Democratic win the House race for AZ-04?,Greg Stanton,,active,US_2026_general_election,14,usable,usable,0.9450000000000001,0.9430000000000001,0.20000000000000018,2026-09-08T14:00:00Z,2026-08-25T11:00:00Z,same_contract_descriptive
KXHOUSERACE-AZ04-26-D,KXHOUSERACE,KXHOUSERACE-AZ04-26,Will Democratic win the House race for AZ-04?,Greg Stanton,,active,US_2026_general_election,28,usable,usable,0.9450000000000001,0.9484999999999999,-0.34999999999998366,2026-09-08T14:00:00Z,2026-08-11T15:00:00Z,same_contract_descriptive
KXHOUSERACE-AR04-26-R,KXHOUSERACE,KXHOUSERACE-AR04-26,Will Republican win the House race for AR-04?,Bruce Westerman,,active,US_2026_general_election,7,usable,usable,0.954,0.968,-1.4000000000000012,2026-09-08T15:00:00Z,2026-09-01T15:00:00Z,same_contract_descriptive
KXHOUSERACE-AR04-26-R,KXHOUSERACE,KXHOUSERACE-AR04-26,Will Republican win the House race for AR-04?,Bruce Westerman,,active,US_2026_general_election,14,usable,usable,0.954,0.9535,0.04999999999999449,2026-09-08T15:00:00Z,2026-08-25T11:00:00Z,same_contract_descriptive
KXHOUSERACE-AR04-26-R,KXHOUSERACE,KXHOUSERACE-AR04-26,Will Republican win the House race for AR-04?,Bruce Westerman,,active,US_2026_general_election,28,usable,usable,0.954,0.9584999999999999,-0.44999999999999485,2026-09-08T15:00:00Z,2026-08-11T15:00:00Z,same_contract_descriptive
KXHOUSERACE-AR04-26-D,KXHOUSERACE,KXHOUSERACE-AR04-26,Will Democratic win the House race for AR-04?,James Russell,,active,US_2026_general_election,7,usable,usable,0.0455,0.0455,0.0,2026-09-08T14:00:00Z,2026-09-01T12:00:00Z,same_contract_descriptive
KXHOUSERACE-AR04-26-D,KXHOUSERACE,KXHOUSERACE-AR04-26,Will Democratic win the House race for AR-04?,James Russell,,active,US_2026_general_election,14,usable,usable,0.0455,0.046,-0.050000000000000044,2026-09-08T14:00:00Z,2026-08-25T14:00:00Z,same_contract_descriptive
KXHOUSERACE-AR04-26-D,KXHOUSERACE,KXHOUSERACE-AR04-26,Will Democratic win the House race for AR-04?,James Russell,,active,US_2026_general_election,28,usable,usable,0.0455,0.037,0.8500000000000001,2026-09-08T14:00:00Z,2026-08-11T15:00:00Z,same_contract_descriptive
KXHOUSERACE-AZ07-26-R,KXHOUSERACE,KXHOUSERACE-AZ07-26,Will Republican win the House race for AZ-07?,Daniel Francis Butierez Sr.,,active,US_2026_general_election,7,usable,usable,0.034,0.0395,-0.5499999999999998,2026-09-08T14:00:00Z,2026-09-01T12:00:00Z,same_contract_descriptive
KXHOUSERACE-AZ07-26-R,KXHOUSERACE,KXHOUSERACE-AZ07-26,Will Republican win the House race for AZ-07?,Daniel Francis Butierez Sr.,,active,US_2026_general_election,14,usable,usable,0.034,0.035,-0.10000000000000009,2026-09-08T14:00:00Z,2026-08-24T17:00:00Z,same_contract_descriptive
KXHOUSERACE-AZ07-26-R,KXHOUSERACE,KXHOUSERACE-AZ07-26,Will Republican win the House race for AZ-07?,Daniel Francis Butierez Sr.,,active,US_2026_general_election,28,usable,usable,0.034,0.032,0.20000000000000018,2026-09-08T14:00:00Z,2026-08-11T15:00:00Z,same_contract_descriptive
KXHOUSERACE-AZ07-26-D,KXHOUSERACE,KXHOUSERACE-AZ07-26,Will Democratic win the House race for AZ-07?,Adelita Grijalva,,active,US_2026_general_election,7,usable,usable,0.96,0.96,0.0,2026-09-08T14:00:00Z,2026-09-01T12:00:00Z,same_contract_descriptive
KXHOUSERACE-AZ07-26-D,KXHOUSERACE,KXHOUSERACE-AZ07-26,Will Democratic win the House race for AZ-07?,Adelita Grijalva,,active,US_2026_general_election,14,usable,usable,0.96,0.9615,-0.15000000000000568,2026-09-08T14:00:00Z,2026-08-24T17:00:00Z,same_contract_descriptive
KXHOUSERACE-AZ07-26-D,KXHOUSERACE,KXHOUSERACE-AZ07-26,Will Democratic win the House race for AZ-07?,Adelita Grijalva,,active,US_2026_general_election,28,usable,usable,0.96,0.968,-0.8000000000000007,2026-09-08T14:00:00Z,2026-08-11T15:00:00Z,same_contract_descriptive
KXHOUSERACE-AZ05-26-R,KXHOUSERACE,KXHOUSERACE-AZ05-26,Will Republican win the House race for AZ-05?,Mark Lamb,,active,US_2026_general_election,7,usable,usable,0.91,0.9185000000000001,-0.8500000000000063,2026-09-08T15:00:00Z,2026-09-01T09:00:00Z,same_contract_descriptive
KXHOUSERACE-AZ05-26-R,KXHOUSERACE,KXHOUSERACE-AZ05-26,Will Republican win the House race for AZ-05?,Mark Lamb,,active,US_2026_general_election,14,usable,usable,0.91,0.9115,-0.14999999999999458,2026-09-08T15:00:00Z,2026-08-25T14:00:00Z,same_contract_descriptive
KXHOUSERACE-AZ05-26-R,KXHOUSERACE,KXHOUSERACE-AZ05-26,Will Republican win the House race for AZ-05?,Mark Lamb,,active,US_2026_general_election,28,usable,usable,0.91,0.885,2.500000000000002,2026-09-08T15:00:00Z,2026-08-11T15:00:00Z,same_contract_descriptive
KXHOUSERACE-AZ05-26-D,KXHOUSERACE,KXHOUSERACE-AZ05-26,Will Democratic win the House race for AZ-05?,Elizabeth Lee,,active,US_2026_general_election,7,usable,usable,0.1065,0.10350000000000001,0.2999999999999989,2026-09-08T15:00:00Z,2026-09-01T15:00:00Z,same_contract_descriptive
KXHOUSERACE-AZ05-26-D,KXHOUSERACE,KXHOUSERACE-AZ05-26,Will Democratic win the House race for AZ-05?,Elizabeth Lee,,active,US_2026_general_election,14,usable,usable,0.1065,0.0935,1.2999999999999998,2026-09-08T15:00:00Z,2026-08-25T13:00:00Z,same_contract_descriptive
KXHOUSERACE-AZ05-26-D,KXHOUSERACE,KXHOUSERACE-AZ05-26,Will Democratic win the House race for AZ-05?,Elizabeth Lee,,active,US_2026_general_election,28,usable,usable,0.1065,0.113,-0.6500000000000006,2026-09-08T15:00:00Z,2026-08-11T15:00:00Z,same_contract_descriptive
KXHOUSERACE-AR03-26-R,KXHOUSERACE,KXHOUSERACE-AR03-26,Will Republican win the House race for AR-03?,Steve Womack,,active,US_2026_general_election,7,usable,usable,0.9585,0.9575,0.10000000000000009,2026-09-08T09:00:00Z,2026-09-01T12:00:00Z,same_contract_descriptive
KXHOUSERACE-AR03-26-R,KXHOUSERACE,KXHOUSERACE-AR03-26,Will Republican win the House race for AR-03?,Steve Womack,,active,US_2026_general_election,14,usable,usable,0.9585,0.9595,-0.10000000000000009,2026-09-08T09:00:00Z,2026-08-25T11:00:00Z,same_contract_descriptive
KXHOUSERACE-AR03-26-R,KXHOUSERACE,KXHOUSERACE-AR03-26,Will Republican win the House race for AR-03?,Steve Womack,,active,US_2026_general_election,28,usable,usable,0.9585,0.974,-1.5499999999999958,2026-09-08T09:00:00Z,2026-08-11T15:00:00Z,same_contract_descriptive
KXHOUSERACE-AR03-26-D,KXHOUSERACE,KXHOUSERACE-AR03-26,Will Democratic win the House race for AR-03?,Robb Ryerse,,active,US_2026_general_election,7,usable,usable,0.0365,0.037,-0.050000000000000044,2026-09-08T15:00:00Z,2026-09-01T12:00:00Z,same_contract_descriptive
KXHOUSERACE-AR03-26-D,KXHOUSERACE,KXHOUSERACE-AR03-26,Will Democratic win the House race for AR-03?,Robb Ryerse,,active,US_2026_general_election,14,usable,usable,0.0365,0.032,0.44999999999999973,2026-09-08T15:00:00Z,2026-08-24T17:00:00Z,same_contract_descriptive
KXHOUSERACE-AR03-26-D,KXHOUSERACE,KXHOUSERACE-AR03-26,Will Democratic win the House race for AR-03?,Robb Ryerse,,active,US_2026_general_election,28,usable,usable,0.0365,0.026000000000000002,1.0499999999999996,2026-09-08T15:00:00Z,2026-08-11T15:00:00Z,same_contract_descriptive
KXHOUSERACE-AR02-26-R,KXHOUSERACE,KXHOUSERACE-AR02-26,Will Republican win the House race for AR-02?,French Hill,,active,US_2026_general_election,7,stale_observation,usable,,0.865,,2026-09-06T21:00:00Z,2026-09-01T15:00:00Z,not_comparable
KXHOUSERACE-AR02-26-R,KXHOUSERACE,KXHOUSERACE-AR02-26,Will Republican win the House race for AR-02?,French Hill,,active,US_2026_general_election,14,stale_observation,usable,,0.86,,2026-09-06T21:00:00Z,2026-08-25T07:00:00Z,not_comparable
KXHOUSERACE-AR02-26-R,KXHOUSERACE,KXHOUSERACE-AR02-26,Will Republican win the House race for AR-02?,French Hill,,active,US_2026_general_election,28,stale_observation,usable,,0.865,,2026-09-06T21:00:00Z,2026-08-11T15:00:00Z,not_comparable
KXHOUSERACE-AR02-26-D,KXHOUSERACE,KXHOUSERACE-AR02-26,Will Democratic win the House race for AR-02?,Chris Jones,,active,US_2026_general_election,7,usable,usable,0.12000000000000001,0.14,-2.0000000000000004,2026-09-08T14:00:00Z,2026-09-01T15:00:00Z,same_contract_descriptive
KXHOUSERACE-AR02-26-D,KXHOUSERACE,KXHOUSERACE-AR02-26,Will Democratic win the House race for AR-02?,Chris Jones,,active,US_2026_general_election,14,usable,usable,0.12000000000000001,0.15,-2.9999999999999987,2026-09-08T14:00:00Z,2026-08-24T17:00:00Z,same_contract_descriptive
KXHOUSERACE-AR02-26-D,KXHOUSERACE,KXHOUSERACE-AR02-26,Will Democratic win the House race for AR-02?,Chris Jones,,active,US_2026_general_election,28,usable,usable,0.12000000000000001,0.135,-1.5,2026-09-08T14:00:00Z,2026-08-11T15:00:00Z,same_contract_descriptive
KXHOUSERACE-AL06-26-R,KXHOUSERACE,KXHOUSERACE-AL06-26,Will Republican win the House race for AL-06?,Gary Palmer,,active,US_2026_general_election,7,usable,usable,0.9530000000000001,0.9545,-0.14999999999999458,2026-09-08T14:00:00Z,2026-09-01T12:00:00Z,same_contract_descriptive
KXHOUSERACE-AL06-26-R,KXHOUSERACE,KXHOUSERACE-AL06-26,Will Republican win the House race for AL-06?,Gary Palmer,,active,US_2026_general_election,14,usable,usable,0.9530000000000001,0.9595,-0.649999999999995,2026-09-08T14:00:00Z,2026-08-25T11:00:00Z,same_contract_descriptive
KXHOUSERACE-AL06-26-R,KXHOUSERACE,KXHOUSERACE-AL06-26,Will Republican win the House race for AL-06?,Gary Palmer,,active,US_2026_general_election,28,usable,usable,0.9530000000000001,0.955,-0.19999999999998908,2026-09-08T14:00:00Z,2026-08-11T15:00:00Z,same_contract_descriptive
KXHOUSERACE-AL06-26-D,KXHOUSERACE,KXHOUSERACE-AL06-26,Will Democratic win the House race for AL-06?,Maurice Mercer,,active,US_2026_general_election,7,usable,usable,0.0455,0.0455,0.0,2026-09-08T14:00:00Z,2026-09-01T12:00:00Z,same_contract_descriptive
KXHOUSERACE-AL06-26-D,KXHOUSERACE,KXHOUSERACE-AL06-26,Will Democratic win the House race for AL-06?,Maurice Mercer,,active,US_2026_general_election,14,usable,usable,0.0455,0.0405,0.4999999999999998,2026-09-08T14:00:00Z,2026-08-24T17:00:00Z,same_contract_descriptive
KXHOUSERACE-AL06-26-D,KXHOUSERACE,KXHOUSERACE-AL06-26,Will Democratic win the House race for AL-06?,Maurice Mercer,,active,US_2026_general_election,28,usable,usable,0.0455,0.045,0.050000000000000044,2026-09-08T14:00:00Z,2026-08-11T15:00:00Z,same_contract_descriptive
KXHOUSERACE-AL07-26-R,KXHOUSERACE,KXHOUSERACE-AL07-26,Will Republican win the House race for AL-07?,Ammie Akin,,active,US_2026_general_election,7,usable,usable,0.039,0.042,-0.30000000000000027,2026-09-08T14:00:00Z,2026-09-01T15:00:00Z,same_contract_descriptive
KXHOUSERACE-AL07-26-R,KXHOUSERACE,KXHOUSERACE-AL07-26,Will Republican win the House race for AL-07?,Ammie Akin,,active,US_2026_general_election,14,usable,usable,0.039,0.0425,-0.3500000000000003,2026-09-08T14:00:00Z,2026-08-25T12:00:00Z,same_contract_descriptive
KXHOUSERACE-AL07-26-R,KXHOUSERACE,KXHOUSERACE-AL07-26,Will Republican win the House race for AL-07?,Ammie Akin,,active,US_2026_general_election,28,usable,usable,0.039,0.0475,-0.8500000000000001,2026-09-08T14:00:00Z,2026-08-11T15:00:00Z,same_contract_descriptive
KXHOUSERACE-AL07-26-D,KXHOUSERACE,KXHOUSERACE-AL07-26,Will Democratic win the House race for AL-07?,Terri Sewell,,active,US_2026_general_election,7,usable,usable,0.9624999999999999,0.938,2.4499999999999966,2026-09-08T14:00:00Z,2026-09-01T12:00:00Z,same_contract_descriptive
KXHOUSERACE-AL07-26-D,KXHOUSERACE,KXHOUSERACE-AL07-26,Will Democratic win the House race for AL-07?,Terri Sewell,,active,US_2026_general_election,14,usable,usable,0.9624999999999999,0.9455,1.6999999999999904,2026-09-08T14:00:00Z,2026-08-25T11:00:00Z,same_contract_descriptive
KXHOUSERACE-AL07-26-D,KXHOUSERACE,KXHOUSERACE-AL07-26,Will Democratic win the House race for AL-07?,Terri Sewell,,active,US_2026_general_election,28,usable,usable,0.9624999999999999,0.9410000000000001,2.1499999999999853,2026-09-08T14:00:00Z,2026-08-11T15:00:00Z,same_contract_descriptive
KXHOUSERACE-AL05-26-R,KXHOUSERACE,KXHOUSERACE-AL05-26,Will Republican win the House race for AL-05?,Dale Strong,,active,US_2026_general_election,7,usable,usable,0.958,0.9275,3.049999999999997,2026-09-08T10:00:00Z,2026-09-01T15:00:00Z,same_contract_descriptive
KXHOUSERACE-AL05-26-R,KXHOUSERACE,KXHOUSERACE-AL05-26,Will Republican win the House race for AL-05?,Dale Strong,,active,US_2026_general_election,14,usable,usable,0.958,0.9319999999999999,2.6000000000000023,2026-09-08T10:00:00Z,2026-08-25T13:00:00Z,same_contract_descriptive
KXHOUSERACE-AL05-26-R,KXHOUSERACE,KXHOUSERACE-AL05-26,Will Republican win the House race for AL-05?,Dale Strong,,active,US_2026_general_election,28,usable,usable,0.958,0.937,2.0999999999999908,2026-09-08T10:00:00Z,2026-08-11T15:00:00Z,same_contract_descriptive
KXHOUSERACE-AL05-26-D,KXHOUSERACE,KXHOUSERACE-AL05-26,Will Democratic win the House race for AL-05?,Andrew Sneed,,active,US_2026_general_election,7,usable,usable,0.0275,0.07250000000000001,-4.500000000000001,2026-09-08T15:00:00Z,2026-09-01T12:00:00Z,same_contract_descriptive
KXHOUSERACE-AL05-26-D,KXHOUSERACE,KXHOUSERACE-AL05-26,Will Democratic win the House race for AL-05?,Andrew Sneed,,active,US_2026_general_election,14,usable,usable,0.0275,0.0675,-4.000000000000001,2026-09-08T15:00:00Z,2026-08-25T13:00:00Z,same_contract_descriptive
KXHOUSERACE-AL05-26-D,KXHOUSERACE,KXHOUSERACE-AL05-26,Will Democratic win the House race for AL-05?,Andrew Sneed,,active,US_2026_general_election,28,usable,usable,0.0275,0.0755,-4.8,2026-09-08T15:00:00Z,2026-08-11T15:00:00Z,same_contract_descriptive
KXHOUSERACE-AL04-26-R,KXHOUSERACE,KXHOUSERACE-AL04-26,Will Republican win the House race for AL-04?,Robert Aderholt,,active,US_2026_general_election,7,usable,usable,0.967,0.966,0.10000000000000009,2026-09-08T14:00:00Z,2026-09-01T12:00:00Z,same_contract_descriptive
KXHOUSERACE-AL04-26-R,KXHOUSERACE,KXHOUSERACE-AL04-26,Will Republican win the House race for AL-04?,Robert Aderholt,,active,US_2026_general_election,14,usable,usable,0.967,0.966,0.10000000000000009,2026-09-08T14:00:00Z,2026-08-25T15:00:00Z,same_contract_descriptive
KXHOUSERACE-AL04-26-R,KXHOUSERACE,KXHOUSERACE-AL04-26,Will Republican win the House race for AL-04?,Robert Aderholt,,active,US_2026_general_election,28,usable,usable,0.967,0.964,0.30000000000000027,2026-09-08T14:00:00Z,2026-08-11T15:00:00Z,same_contract_descriptive
KXHOUSERACE-AL04-26-D,KXHOUSERACE,KXHOUSERACE-AL04-26,Will Democratic win the House race for AL-04?,Amanda Pusczek,,active,US_2026_general_election,7,usable,usable,0.024,0.03,-0.5999999999999999,2026-09-08T14:00:00Z,2026-09-01T12:00:00Z,same_contract_descriptive
KXHOUSERACE-AL04-26-D,KXHOUSERACE,KXHOUSERACE-AL04-26,Will Democratic win the House race for AL-04?,Amanda Pusczek,,active,US_2026_general_election,14,usable,usable,0.024,0.027,-0.29999999999999993,2026-09-08T14:00:00Z,2026-08-24T20:00:00Z,same_contract_descriptive
KXHOUSERACE-AL04-26-D,KXHOUSERACE,KXHOUSERACE-AL04-26,Will Democratic win the House race for AL-04?,Amanda Pusczek,,active,US_2026_general_election,28,usable,usable,0.024,0.036,-1.1999999999999997,2026-09-08T14:00:00Z,2026-08-11T15:00:00Z,same_contract_descriptive
KXHOUSERACE-AL03-26-R,KXHOUSERACE,KXHOUSERACE-AL03-26,Will Republican win the House race for AL-03?,Mike Rogers,,active,US_2026_general_election,7,usable,usable,0.98,0.9795,0.04999999999999449,2026-09-08T14:00:00Z,2026-09-01T12:00:00Z,same_contract_descriptive
KXHOUSERACE-AL03-26-R,KXHOUSERACE,KXHOUSERACE-AL03-26,Will Republican win the House race for AL-03?,Mike Rogers,,active,US_2026_general_election,14,usable,usable,0.98,0.97,1.0000000000000009,2026-09-08T14:00:00Z,2026-08-25T11:00:00Z,same_contract_descriptive
KXHOUSERACE-AL03-26-R,KXHOUSERACE,KXHOUSERACE-AL03-26,Will Republican win the House race for AL-03?,Mike Rogers,,active,US_2026_general_election,28,usable,usable,0.98,0.974,0.6000000000000005,2026-09-08T14:00:00Z,2026-08-11T15:00:00Z,same_contract_descriptive
KXHOUSERACE-AL03-26-D,KXHOUSERACE,KXHOUSERACE-AL03-26,Will Democratic win the House race for AL-03?,Lee McInnis,,active,US_2026_general_election,7,usable,usable,0.0225,0.035,-1.2500000000000004,2026-09-08T10:00:00Z,2026-09-01T12:00:00Z,same_contract_descriptive
KXHOUSERACE-AL03-26-D,KXHOUSERACE,KXHOUSERACE-AL03-26,Will Democratic win the House race for AL-03?,Lee McInnis,,active,US_2026_general_election,14,usable,usable,0.0225,0.026000000000000002,-0.3500000000000003,2026-09-08T10:00:00Z,2026-08-25T11:00:00Z,same_contract_descriptive
KXHOUSERACE-AL03-26-D,KXHOUSERACE,KXHOUSERACE-AL03-26,Will Democratic win the House race for AL-03?,Lee McInnis,,active,US_2026_general_election,28,usable,usable,0.0225,0.026000000000000002,-0.3500000000000003,2026-09-08T10:00:00Z,2026-08-11T15:00:00Z,same_contract_descriptive
KXHOUSERACE-AL02-26-R,KXHOUSERACE,KXHOUSERACE-AL02-26,Will Republican win the House race for AL-02?,Rhett Marques,,active,US_2026_general_election,7,usable,usable,0.715,0.765,-5.000000000000004,2026-09-08T15:00:00Z,2026-09-01T15:00:00Z,same_contract_descriptive
KXHOUSERACE-AL02-26-R,KXHOUSERACE,KXHOUSERACE-AL02-26,Will Republican win the House race for AL-02?,Rhett Marques,,active,US_2026_general_election,14,usable,usable,0.715,0.775,-6.000000000000005,2026-09-08T15:00:00Z,2026-08-25T14:00:00Z,same_contract_descriptive
KXHOUSERACE-AL02-26-R,KXHOUSERACE,KXHOUSERACE-AL02-26,Will Republican win the House race for AL-02?,Rhett Marques,,active,US_2026_general_election,28,usable,usable,0.715,0.775,-6.000000000000005,2026-09-08T15:00:00Z,2026-08-11T15:00:00Z,same_contract_descriptive
KXHOUSERACE-AL02-26-D,KXHOUSERACE,KXHOUSERACE-AL02-26,Will Democratic win the House race for AL-02?,Shomari Figures,,active,US_2026_general_election,7,usable,usable,0.28500000000000003,0.24,4.5000000000000036,2026-09-08T15:00:00Z,2026-08-31T16:00:00Z,same_contract_descriptive
KXHOUSERACE-AL02-26-D,KXHOUSERACE,KXHOUSERACE-AL02-26,Will Democratic win the House race for AL-02?,Shomari Figures,,active,US_2026_general_election,14,usable,usable,0.28500000000000003,0.235,5.000000000000004,2026-09-08T15:00:00Z,2026-08-25T15:00:00Z,same_contract_descriptive
KXHOUSERACE-AL02-26-D,KXHOUSERACE,KXHOUSERACE-AL02-26,Will Democratic win the House race for AL-02?,Shomari Figures,,active,US_2026_general_election,28,usable,usable,0.28500000000000003,0.22499999999999998,6.000000000000005,2026-09-08T15:00:00Z,2026-08-11T15:00:00Z,same_contract_descriptive
KXHOUSERACE-AR01-26-R,KXHOUSERACE,KXHOUSERACE-AR01-26,Will Republican win the House race for AR-01?,Rick Crawford,,active,US_2026_general_election,7,usable,usable,0.974,0.9715,0.24999999999999467,2026-09-08T15:00:00Z,2026-09-01T12:00:00Z,same_contract_descriptive
KXHOUSERACE-AR01-26-R,KXHOUSERACE,KXHOUSERACE-AR01-26,Will Republican win the House race for AR-01?,Rick Crawford,,active,US_2026_general_election,14,usable,usable,0.974,0.9755,-0.15000000000000568,2026-09-08T15:00:00Z,2026-08-25T15:00:00Z,same_contract_descriptive
KXHOUSERACE-AR01-26-R,KXHOUSERACE,KXHOUSERACE-AR01-26,Will Republican win the House race for AR-01?,Rick Crawford,,active,US_2026_general_election,28,usable,usable,0.974,0.977,-0.30000000000000027,2026-09-08T15:00:00Z,2026-08-11T15:00:00Z,same_contract_descriptive
KXHOUSERACE-AR01-26-D,KXHOUSERACE,KXHOUSERACE-AR01-26,Will Democratic win the House race for AR-01?,Terri Yarbrough Green,,active,US_2026_general_election,7,usable,usable,0.020999999999999998,0.0205,0.0499999999999997,2026-09-08T09:00:00Z,2026-09-01T12:00:00Z,same_contract_descriptive
KXHOUSERACE-AR01-26-D,KXHOUSERACE,KXHOUSERACE-AR01-26,Will Democratic win the House race for AR-01?,Terri Yarbrough Green,,active,US_2026_general_election,14,usable,usable,0.020999999999999998,0.020999999999999998,0.0,2026-09-08T09:00:00Z,2026-08-25T15:00:00Z,same_contract_descriptive
KXHOUSERACE-AR01-26-D,KXHOUSERACE,KXHOUSERACE-AR01-26,Will Democratic win the House race for AR-01?,Terri Yarbrough Green,,active,US_2026_general_election,28,usable,usable,0.020999999999999998,0.026000000000000002,-0.5000000000000004,2026-09-08T09:00:00Z,2026-08-11T15:00:00Z,same_contract_descriptive
KXHOUSERACE-CA01-26-R,KXHOUSERACE,KXHOUSERACE-CA01-26,Will Republican win the House race for CA-01?,James Gallagher,,active,US_2026_general_election,7,usable,usable,0.0295,0.05500000000000001,-2.5500000000000007,2026-09-08T14:00:00Z,2026-09-01T15:00:00Z,same_contract_descriptive
KXHOUSERACE-CA01-26-R,KXHOUSERACE,KXHOUSERACE-CA01-26,Will Republican win the House race for CA-01?,James Gallagher,,active,US_2026_general_election,14,usable,usable,0.0295,0.0495,-2.0000000000000004,2026-09-08T14:00:00Z,2026-08-25T15:00:00Z,same_contract_descriptive
KXHOUSERACE-CA01-26-R,KXHOUSERACE,KXHOUSERACE-CA01-26,Will Republican win the House race for CA-01?,James Gallagher,,active,US_2026_general_election,28,usable,usable,0.0295,0.04,-1.0500000000000003,2026-09-08T14:00:00Z,2026-08-11T15:00:00Z,same_contract_descriptive
KXHOUSERACE-CA01-26-D,KXHOUSERACE,KXHOUSERACE-CA01-26,Will Democratic win the House race for CA-01?,Mike McGuire,,active,US_2026_general_election,7,usable,usable,0.9575,0.9595,-0.20000000000000018,2026-09-08T15:00:00Z,2026-09-01T15:00:00Z,same_contract_descriptive
KXHOUSERACE-CA01-26-D,KXHOUSERACE,KXHOUSERACE-CA01-26,Will Democratic win the House race for CA-01?,Mike McGuire,,active,US_2026_general_election,14,usable,usable,0.9575,0.9605,-0.30000000000000027,2026-09-08T15:00:00Z,2026-08-25T14:00:00Z,same_contract_descriptive
KXHOUSERACE-CA01-26-D,KXHOUSERACE,KXHOUSERACE-CA01-26,Will Democratic win the House race for CA-01?,Mike McGuire,,active,US_2026_general_election,28,usable,usable,0.9575,0.96,-0.24999999999999467,2026-09-08T15:00:00Z,2026-08-11T15:00:00Z,same_contract_descriptive
KXHOUSERACE-AL01-26-R,KXHOUSERACE,KXHOUSERACE-AL01-26,Will Republican win the House race for AL-01?,Jerry Carl,,active,US_2026_general_election,7,usable,usable,0.9545,0.9550000000000001,-0.050000000000005596,2026-09-07T23:00:00Z,2026-09-01T13:00:00Z,same_contract_descriptive
KXHOUSERACE-AL01-26-R,KXHOUSERACE,KXHOUSERACE-AL01-26,Will Republican win the House race for AL-01?,Jerry Carl,,active,US_2026_general_election,14,usable,usable,0.9545,0.9545,0.0,2026-09-07T23:00:00Z,2026-08-25T07:00:00Z,same_contract_descriptive
KXHOUSERACE-AL01-26-R,KXHOUSERACE,KXHOUSERACE-AL01-26,Will Republican win the House race for AL-01?,Jerry Carl,,active,US_2026_general_election,28,usable,usable,0.9545,0.955,-0.04999999999999449,2026-09-07T23:00:00Z,2026-08-11T15:00:00Z,same_contract_descriptive
KXHOUSERACE-AL01-26-D,KXHOUSERACE,KXHOUSERACE-AL01-26,Will Democratic win the House race for AL-01?,Clyde Jones,,active,US_2026_general_election,7,usable,usable,0.0455,0.0485,-0.30000000000000027,2026-09-08T15:00:00Z,2026-09-01T12:00:00Z,same_contract_descriptive
KXHOUSERACE-AL01-26-D,KXHOUSERACE,KXHOUSERACE-AL01-26,Will Democratic win the House race for AL-01?,Clyde Jones,,active,US_2026_general_election,14,usable,usable,0.0455,0.051000000000000004,-0.5500000000000005,2026-09-08T15:00:00Z,2026-08-25T15:00:00Z,same_contract_descriptive
KXHOUSERACE-AL01-26-D,KXHOUSERACE,KXHOUSERACE-AL01-26,Will Democratic win the House race for AL-01?,Clyde Jones,,active,US_2026_general_election,28,usable,usable,0.0455,0.045,0.050000000000000044,2026-09-08T15:00:00Z,2026-08-11T15:00:00Z,same_contract_descriptive
KXHOUSERACE-AZ03-26-R,KXHOUSERACE,KXHOUSERACE-AZ03-26,Will Republican win the House race for AZ-03?,Republican party,,active,US_2026_general_election,7,stale_observation,usable,,0.0175,,2026-09-05T20:00:00Z,2026-09-01T12:00:00Z,not_comparable
KXHOUSERACE-AZ03-26-R,KXHOUSERACE,KXHOUSERACE-AZ03-26,Will Republican win the House race for AZ-03?,Republican party,,active,US_2026_general_election,14,stale_observation,usable,,0.0175,,2026-09-05T20:00:00Z,2026-08-24T17:00:00Z,not_comparable
KXHOUSERACE-AZ03-26-R,KXHOUSERACE,KXHOUSERACE-AZ03-26,Will Republican win the House race for AZ-03?,Republican party,,active,US_2026_general_election,28,stale_observation,usable,,0.018000000000000002,,2026-09-05T20:00:00Z,2026-08-11T15:00:00Z,not_comparable
KXHOUSERACE-AZ03-26-D,KXHOUSERACE,KXHOUSERACE-AZ03-26,Will Democratic win the House race for AZ-03?,Yassamin Ansari,,active,US_2026_general_election,7,usable,usable,0.974,0.978,-0.40000000000000036,2026-09-08T08:00:00Z,2026-09-01T12:00:00Z,same_contract_descriptive
KXHOUSERACE-AZ03-26-D,KXHOUSERACE,KXHOUSERACE-AZ03-26,Will Democratic win the House race for AZ-03?,Yassamin Ansari,,active,US_2026_general_election,14,usable,usable,0.974,0.9695,0.44999999999999485,2026-09-08T08:00:00Z,2026-08-24T17:00:00Z,same_contract_descriptive
KXHOUSERACE-AZ03-26-D,KXHOUSERACE,KXHOUSERACE-AZ03-26,Will Democratic win the House race for AZ-03?,Yassamin Ansari,,active,US_2026_general_election,28,usable,usable,0.974,0.979,-0.5000000000000004,2026-09-08T08:00:00Z,2026-08-11T15:00:00Z,same_contract_descriptive
KXHOUSERACE-CO01-26-R,KXHOUSERACE,KXHOUSERACE-CO01-26,Will Republican win the House race for CO-01?,Christy Peterson,,active,US_2026_general_election,7,usable,usable,0.025,0.0495,-2.45,2026-09-07T21:00:00Z,2026-09-01T12:00:00Z,same_contract_descriptive
KXHOUSERACE-CO01-26-R,KXHOUSERACE,KXHOUSERACE-CO01-26,Will Republican win the House race for CO-01?,Christy Peterson,,active,US_2026_general_election,14,usable,usable,0.025,0.053,-2.8,2026-09-07T21:00:00Z,2026-08-25T15:00:00Z,same_contract_descriptive
KXHOUSERACE-CO01-26-R,KXHOUSERACE,KXHOUSERACE-CO01-26,Will Republican win the House race for CO-01?,Christy Peterson,,active,US_2026_general_election,28,usable,usable,0.025,0.053500000000000006,-2.8500000000000005,2026-09-07T21:00:00Z,2026-08-11T15:00:00Z,same_contract_descriptive
KXHOUSERACE-CO01-26-D,KXHOUSERACE,KXHOUSERACE-CO01-26,Will Democratic win the House race for CO-01?,Melat Kiros,,active,US_2026_general_election,7,usable,usable,0.9695,0.95,1.9500000000000073,2026-09-08T14:00:00Z,2026-09-01T12:00:00Z,same_contract_descriptive
KXHOUSERACE-CO01-26-D,KXHOUSERACE,KXHOUSERACE-CO01-26,Will Democratic win the House race for CO-01?,Melat Kiros,,active,US_2026_general_election,14,usable,usable,0.9695,0.946,2.3500000000000076,2026-09-08T14:00:00Z,2026-08-25T13:00:00Z,same_contract_descriptive
KXHOUSERACE-CO01-26-D,KXHOUSERACE,KXHOUSERACE-CO01-26,Will Democratic win the House race for CO-01?,Melat Kiros,,active,US_2026_general_election,28,usable,usable,0.9695,0.946,2.3500000000000076,2026-09-08T14:00:00Z,2026-08-11T15:00:00Z,same_contract_descriptive
KXHOUSETURNOUT-26NOV03-BELOW90,KXHOUSETURNOUT,KXHOUSETURNOUT-26NOV03,Will the total 2026 U.S. House turnout be less than 90 million?,Less than 90 million,,active,US_2026_general_election,7,stale_observation,stale_observation,,,,2026-09-06T03:00:00Z,2026-08-30T00:00:00Z,not_comparable
KXHOUSETURNOUT-26NOV03-BELOW90,KXHOUSETURNOUT,KXHOUSETURNOUT-26NOV03,Will the total 2026 U.S. House turnout be less than 90 million?,Less than 90 million,,active,US_2026_general_election,14,stale_observation,stale_observation,,,,2026-09-06T03:00:00Z,2026-08-20T08:00:00Z,not_comparable
KXHOUSETURNOUT-26NOV03-BELOW90,KXHOUSETURNOUT,KXHOUSETURNOUT-26NOV03,Will the total 2026 U.S. House turnout be less than 90 million?,Less than 90 million,,active,US_2026_general_election,28,stale_observation,stale_observation,,,,2026-09-06T03:00:00Z,2026-08-06T21:00:00Z,not_comparable
KXHOUSETURNOUT-26NOV03-ABOVE125,KXHOUSETURNOUT,KXHOUSETURNOUT-26NOV03,Will the total 2026 U.S. House turnout be at least 125 million?,125 million and above,,active,US_2026_general_election,7,usable,usable,0.245,0.235,1.0000000000000009,2026-09-08T09:00:00Z,2026-08-31T23:00:00Z,same_contract_descriptive
KXHOUSETURNOUT-26NOV03-ABOVE125,KXHOUSETURNOUT,KXHOUSETURNOUT-26NOV03,Will the total 2026 U.S. House turnout be at least 125 million?,125 million and above,,active,US_2026_general_election,14,usable,usable,0.245,0.235,1.0000000000000009,2026-09-08T09:00:00Z,2026-08-25T12:00:00Z,same_contract_descriptive
KXHOUSETURNOUT-26NOV03-ABOVE125,KXHOUSETURNOUT,KXHOUSETURNOUT-26NOV03,Will the total 2026 U.S. House turnout be at least 125 million?,125 million and above,,active,US_2026_general_election,28,usable,stale_observation,0.245,,,2026-09-08T09:00:00Z,2026-08-08T17:00:00Z,not_comparable
KXHOUSETURNOUT-26NOV03-95,KXHOUSETURNOUT,KXHOUSETURNOUT-26NOV03,Will the total 2026 U.S. House turnout be between 95 and 99.99 million?,95 to 99.99 million,,active,US_2026_general_election,7,usable,stale_observation,0.009999999999999998,,,2026-09-08T12:00:00Z,2026-08-30T00:00:00Z,not_comparable
KXHOUSETURNOUT-26NOV03-95,KXHOUSETURNOUT,KXHOUSETURNOUT-26NOV03,Will the total 2026 U.S. House turnout be between 95 and 99.99 million?,95 to 99.99 million,,active,US_2026_general_election,14,usable,usable,0.009999999999999998,0.035500000000000004,-2.5500000000000007,2026-09-08T12:00:00Z,2026-08-25T15:00:00Z,same_contract_descriptive
KXHOUSETURNOUT-26NOV03-95,KXHOUSETURNOUT,KXHOUSETURNOUT-26NOV03,Will the total 2026 U.S. House turnout be between 95 and 99.99 million?,95 to 99.99 million,,active,US_2026_general_election,28,usable,stale_observation,0.009999999999999998,,,2026-09-08T12:00:00Z,2026-08-03T01:00:00Z,not_comparable
KXHOUSETURNOUT-26NOV03-90,KXHOUSETURNOUT,KXHOUSETURNOUT-26NOV03,Will the total 2026 U.S. House turnout be between 90 and 94.99 million?,90 to 94.99 million,,active,US_2026_general_election,7,usable,stale_observation,0.0115,,,2026-09-08T12:00:00Z,2026-08-30T00:00:00Z,not_comparable
KXHOUSETURNOUT-26NOV03-90,KXHOUSETURNOUT,KXHOUSETURNOUT-26NOV03,Will the total 2026 U.S. House turnout be between 90 and 94.99 million?,90 to 94.99 million,,active,US_2026_general_election,14,usable,stale_observation,0.0115,,,2026-09-08T12:00:00Z,2026-08-20T23:00:00Z,not_comparable
KXHOUSETURNOUT-26NOV03-90,KXHOUSETURNOUT,KXHOUSETURNOUT-26NOV03,Will the total 2026 U.S. House turnout be between 90 and 94.99 million?,90 to 94.99 million,,active,US_2026_general_election,28,usable,usable,0.0115,0.0325,-2.1,2026-09-08T12:00:00Z,2026-08-11T07:00:00Z,same_contract_descriptive
KXHOUSETURNOUT-26NOV03-120,KXHOUSETURNOUT,KXHOUSETURNOUT-26NOV03,Will the total 2026 U.S. House turnout be between 120 and 124.99 million?,120 to 124.99 million,,active,US_2026_general_election,7,usable,usable,0.22499999999999998,0.24,-1.5000000000000013,2026-09-08T15:00:00Z,2026-09-01T14:00:00Z,same_contract_descriptive
KXHOUSETURNOUT-26NOV03-120,KXHOUSETURNOUT,KXHOUSETURNOUT-26NOV03,Will the total 2026 U.S. House turnout be between 120 and 124.99 million?,120 to 124.99 million,,active,US_2026_general_election,14,usable,usable,0.22499999999999998,0.255,-3.0000000000000027,2026-09-08T15:00:00Z,2026-08-25T12:00:00Z,same_contract_descriptive
KXHOUSETURNOUT-26NOV03-120,KXHOUSETURNOUT,KXHOUSETURNOUT-26NOV03,Will the total 2026 U.S. House turnout be between 120 and 124.99 million?,120 to 124.99 million,,active,US_2026_general_election,28,usable,usable,0.22499999999999998,0.22,0.49999999999999767,2026-09-08T15:00:00Z,2026-08-10T22:00:00Z,same_contract_descriptive
KXHOUSETURNOUT-26NOV03-115,KXHOUSETURNOUT,KXHOUSETURNOUT-26NOV03,Will the total 2026 U.S. House turnout be between 115 and 119.99 million?,115 to 119.99 million,,active,US_2026_general_election,7,usable,usable,0.21000000000000002,0.20500000000000002,0.5000000000000004,2026-09-08T14:00:00Z,2026-09-01T08:00:00Z,same_contract_descriptive
KXHOUSETURNOUT-26NOV03-115,KXHOUSETURNOUT,KXHOUSETURNOUT-26NOV03,Will the total 2026 U.S. House turnout be between 115 and 119.99 million?,115 to 119.99 million,,active,US_2026_general_election,14,usable,usable,0.21000000000000002,0.20500000000000002,0.5000000000000004,2026-09-08T14:00:00Z,2026-08-25T15:00:00Z,same_contract_descriptive
KXHOUSETURNOUT-26NOV03-115,KXHOUSETURNOUT,KXHOUSETURNOUT-26NOV03,Will the total 2026 U.S. House turnout be between 115 and 119.99 million?,115 to 119.99 million,,active,US_2026_general_election,28,usable,stale_observation,0.21000000000000002,,,2026-09-08T14:00:00Z,2026-08-07T19:00:00Z,not_comparable
KXHOUSETURNOUT-26NOV03-110,KXHOUSETURNOUT,KXHOUSETURNOUT-26NOV03,Will the total 2026 U.S. House turnout be between 110 and 114.99 million?,110 to 114.99 million,,active,US_2026_general_election,7,usable,usable,0.175,0.16999999999999998,0.5000000000000004,2026-09-08T14:00:00Z,2026-09-01T12:00:00Z,same_contract_descriptive
KXHOUSETURNOUT-26NOV03-110,KXHOUSETURNOUT,KXHOUSETURNOUT-26NOV03,Will the total 2026 U.S. House turnout be between 110 and 114.99 million?,110 to 114.99 million,,active,US_2026_general_election,14,usable,usable,0.175,0.16999999999999998,0.5000000000000004,2026-09-08T14:00:00Z,2026-08-25T11:00:00Z,same_contract_descriptive
KXHOUSETURNOUT-26NOV03-110,KXHOUSETURNOUT,KXHOUSETURNOUT-26NOV03,Will the total 2026 U.S. House turnout be between 110 and 114.99 million?,110 to 114.99 million,,active,US_2026_general_election,28,usable,stale_observation,0.175,,,2026-09-08T14:00:00Z,2026-08-07T19:00:00Z,not_comparable
KXHOUSETURNOUT-26NOV03-105,KXHOUSETURNOUT,KXHOUSETURNOUT-26NOV03,Will the total 2026 U.S. House turnout be between 105 and 109.99 million?,105 to 109.99 million,,active,US_2026_general_election,7,usable,stale_observation,0.078,,,2026-09-08T14:00:00Z,2026-08-30T00:00:00Z,not_comparable
KXHOUSETURNOUT-26NOV03-105,KXHOUSETURNOUT,KXHOUSETURNOUT-26NOV03,Will the total 2026 U.S. House turnout be between 105 and 109.99 million?,105 to 109.99 million,,active,US_2026_general_election,14,usable,usable,0.078,0.078,0.0,2026-09-08T14:00:00Z,2026-08-25T14:00:00Z,same_contract_descriptive
KXHOUSETURNOUT-26NOV03-105,KXHOUSETURNOUT,KXHOUSETURNOUT-26NOV03,Will the total 2026 U.S. House turnout be between 105 and 109.99 million?,105 to 109.99 million,,active,US_2026_general_election,28,usable,stale_observation,0.078,,,2026-09-08T14:00:00Z,2026-08-07T19:00:00Z,not_comparable
KXHOUSETURNOUT-26NOV03-100,KXHOUSETURNOUT,KXHOUSETURNOUT-26NOV03,Will the total 2026 U.S. House turnout be between 100 and 104.99 million?,100 to 104.99 million,,active,US_2026_general_election,7,usable,usable,0.052,0.040999999999999995,1.1000000000000003,2026-09-08T12:00:00Z,2026-09-01T12:00:00Z,same_contract_descriptive
KXHOUSETURNOUT-26NOV03-100,KXHOUSETURNOUT,KXHOUSETURNOUT-26NOV03,Will the total 2026 U.S. House turnout be between 100 and 104.99 million?,100 to 104.99 million,,active,US_2026_general_election,14,usable,usable,0.052,0.050499999999999996,0.15000000000000013,2026-09-08T12:00:00Z,2026-08-25T12:00:00Z,same_contract_descriptive
KXHOUSETURNOUT-26NOV03-100,KXHOUSETURNOUT,KXHOUSETURNOUT-26NOV03,Will the total 2026 U.S. House turnout be between 100 and 104.99 million?,100 to 104.99 million,,active,US_2026_general_election,28,usable,stale_observation,0.052,,,2026-09-08T12:00:00Z,2026-08-03T02:00:00Z,not_comparable
KXHOUSETX32-26-R,KXHOUSETX32,KXHOUSETX32-26,Will Republican win the House race for TX-32?,Jace Yarbrough,,active,US_2026_general_election,7,usable,usable,0.825,0.775,4.999999999999993,2026-09-08T14:00:00Z,2026-08-31T23:00:00Z,same_contract_descriptive
KXHOUSETX32-26-R,KXHOUSETX32,KXHOUSETX32-26,Will Republican win the House race for TX-32?,Jace Yarbrough,,active,US_2026_general_election,14,usable,usable,0.825,0.8,2.499999999999991,2026-09-08T14:00:00Z,2026-08-24T17:00:00Z,same_contract_descriptive
KXHOUSETX32-26-R,KXHOUSETX32,KXHOUSETX32-26,Will Republican win the House race for TX-32?,Jace Yarbrough,,active,US_2026_general_election,28,usable,stale_observation,0.825,,,2026-09-08T14:00:00Z,2026-08-10T01:00:00Z,not_comparable
KXHOUSETX32-26-D,KXHOUSETX32,KXHOUSETX32-26,Will Democratic win the House race for TX-32?,Dan Barrios,,active,US_2026_general_election,7,usable,usable,0.185,0.225,-4.000000000000001,2026-09-08T14:00:00Z,2026-08-31T23:00:00Z,same_contract_descriptive
KXHOUSETX32-26-D,KXHOUSETX32,KXHOUSETX32-26,Will Democratic win the House race for TX-32?,Dan Barrios,,active,US_2026_general_election,14,usable,usable,0.185,0.22999999999999998,-4.499999999999998,2026-09-08T14:00:00Z,2026-08-24T17:00:00Z,same_contract_descriptive
KXHOUSETX32-26-D,KXHOUSETX32,KXHOUSETX32-26,Will Democratic win the House race for TX-32?,Dan Barrios,,active,US_2026_general_election,28,usable,usable,0.185,0.195,-1.0000000000000009,2026-09-08T14:00:00Z,2026-08-11T13:00:00Z,same_contract_descriptive
KXHOUSETX35-26-R,KXHOUSETX35,KXHOUSETX35-26,Will Republican win the House race for TX-35?,Carlos De La Cruz,,active,US_2026_general_election,7,usable,usable,0.475,0.35,12.5,2026-09-08T14:00:00Z,2026-09-01T15:00:00Z,same_contract_descriptive
KXHOUSETX35-26-R,KXHOUSETX35,KXHOUSETX35-26,Will Republican win the House race for TX-35?,Carlos De La Cruz,,active,US_2026_general_election,14,usable,usable,0.475,0.48,-0.5000000000000004,2026-09-08T14:00:00Z,2026-08-25T13:00:00Z,same_contract_descriptive
KXHOUSETX35-26-R,KXHOUSETX35,KXHOUSETX35-26,Will Republican win the House race for TX-35?,Carlos De La Cruz,,active,US_2026_general_election,28,usable,usable,0.475,0.5,-2.500000000000002,2026-09-08T14:00:00Z,2026-08-11T15:00:00Z,same_contract_descriptive
KXHOUSETX35-26-D,KXHOUSETX35,KXHOUSETX35-26,Will Democratic win the House race for TX-35?,Johnny C. Garcia,,active,US_2026_general_election,7,usable,usable,0.535,0.595,-5.999999999999995,2026-09-08T07:00:00Z,2026-09-01T08:00:00Z,same_contract_descriptive
KXHOUSETX35-26-D,KXHOUSETX35,KXHOUSETX35-26,Will Democratic win the House race for TX-35?,Johnny C. Garcia,,active,US_2026_general_election,14,usable,usable,0.535,0.535,0.0,2026-09-08T07:00:00Z,2026-08-24T18:00:00Z,same_contract_descriptive
KXHOUSETX35-26-D,KXHOUSETX35,KXHOUSETX35-26,Will Democratic win the House race for TX-35?,Johnny C. Garcia,,active,US_2026_general_election,28,usable,usable,0.535,0.505,3.0000000000000027,2026-09-08T07:00:00Z,2026-08-11T10:00:00Z,same_contract_descriptive
KXHOUSETX9-26-R,KXHOUSETX9,KXHOUSETX9-26,Will Republican win the House race for TX-09?,Alex Mealer,,active,US_2026_general_election,7,usable,usable,0.8300000000000001,0.8049999999999999,2.5000000000000133,2026-09-08T14:00:00Z,2026-09-01T15:00:00Z,same_contract_descriptive
KXHOUSETX9-26-R,KXHOUSETX9,KXHOUSETX9-26,Will Republican win the House race for TX-09?,Alex Mealer,,active,US_2026_general_election,14,usable,usable,0.8300000000000001,0.855,-2.499999999999991,2026-09-08T14:00:00Z,2026-08-24T17:00:00Z,same_contract_descriptive
KXHOUSETX9-26-R,KXHOUSETX9,KXHOUSETX9-26,Will Republican win the House race for TX-09?,Alex Mealer,,active,US_2026_general_election,28,usable,usable,0.8300000000000001,0.81,2.0000000000000018,2026-09-08T14:00:00Z,2026-08-11T13:00:00Z,same_contract_descriptive
KXHOUSETX9-26-D,KXHOUSETX9,KXHOUSETX9-26,Will Democratic win the House race for TX-09?,Leticia Gutierrez,,active,US_2026_general_election,7,usable,usable,0.17,0.175,-0.49999999999999767,2026-09-08T14:00:00Z,2026-08-31T23:00:00Z,same_contract_descriptive
KXHOUSETX9-26-D,KXHOUSETX9,KXHOUSETX9-26,Will Democratic win the House race for TX-09?,Leticia Gutierrez,,active,US_2026_general_election,14,usable,usable,0.17,0.15,2.0000000000000018,2026-09-08T14:00:00Z,2026-08-24T17:00:00Z,same_contract_descriptive
KXHOUSETX9-26-D,KXHOUSETX9,KXHOUSETX9-26,Will Democratic win the House race for TX-09?,Leticia Gutierrez,,active,US_2026_general_election,28,usable,usable,0.17,0.20500000000000002,-3.5000000000000004,2026-09-08T14:00:00Z,2026-08-11T04:00:00Z,same_contract_descriptive
KXHOUSEUT01-26-R,KXHOUSEUT01,KXHOUSEUT01-26,Will Republican win the House race for UT-01?,Riley Owen,,active,US_2026_general_election,7,stale_observation,usable,,0.041,,2026-09-07T00:00:00Z,2026-08-31T23:00:00Z,not_comparable
KXHOUSEUT01-26-R,KXHOUSEUT01,KXHOUSEUT01-26,Will Republican win the House race for UT-01?,Riley Owen,,active,US_2026_general_election,14,stale_observation,usable,,0.041,,2026-09-07T00:00:00Z,2026-08-24T17:00:00Z,not_comparable
KXHOUSEUT01-26-R,KXHOUSEUT01,KXHOUSEUT01-26,Will Republican win the House race for UT-01?,Riley Owen,,active,US_2026_general_election,28,stale_observation,stale_observation,,,,2026-09-07T00:00:00Z,2026-08-03T03:00:00Z,not_comparable
KXHOUSEUT01-26-D,KXHOUSEUT01,KXHOUSEUT01-26,Will Democratic win the House race for UT-01?,Ben McAdams,,active,US_2026_general_election,7,stale_observation,usable,,0.9475,,2026-09-07T00:00:00Z,2026-08-31T23:00:00Z,not_comparable
KXHOUSEUT01-26-D,KXHOUSEUT01,KXHOUSEUT01-26,Will Democratic win the House race for UT-01?,Ben McAdams,,active,US_2026_general_election,14,stale_observation,usable,,0.9475,,2026-09-07T00:00:00Z,2026-08-24T18:00:00Z,not_comparable
KXHOUSEUT01-26-D,KXHOUSEUT01,KXHOUSEUT01-26,Will Democratic win the House race for UT-01?,Ben McAdams,,active,US_2026_general_election,28,stale_observation,stale_observation,,,,2026-09-07T00:00:00Z,2026-08-07T20:00:00Z,not_comparable
KXHOUSEUT02-26-R,KXHOUSEUT02,KXHOUSEUT02-26,Will Republican win the House race for UT-02?,Blake Moore,,active,US_2026_general_election,7,stale_observation,usable,,0.9425,,2026-09-07T00:00:00Z,2026-08-31T23:00:00Z,not_comparable
KXHOUSEUT02-26-R,KXHOUSEUT02,KXHOUSEUT02-26,Will Republican win the House race for UT-02?,Blake Moore,,active,US_2026_general_election,14,stale_observation,usable,,0.9425,,2026-09-07T00:00:00Z,2026-08-24T17:00:00Z,not_comparable
KXHOUSEUT02-26-R,KXHOUSEUT02,KXHOUSEUT02-26,Will Republican win the House race for UT-02?,Blake Moore,,active,US_2026_general_election,28,stale_observation,usable,,0.915,,2026-09-07T00:00:00Z,2026-08-11T15:00:00Z,not_comparable
KXHOUSEUT02-26-D,KXHOUSEUT02,KXHOUSEUT02-26,Will Democratic win the House race for UT-02?,Peter Crosby,,active,US_2026_general_election,7,stale_observation,usable,,0.04,,2026-09-04T20:00:00Z,2026-08-31T23:00:00Z,not_comparable
KXHOUSEUT02-26-D,KXHOUSEUT02,KXHOUSEUT02-26,Will Democratic win the House race for UT-02?,Peter Crosby,,active,US_2026_general_election,14,stale_observation,usable,,0.04,,2026-09-04T20:00:00Z,2026-08-24T17:00:00Z,not_comparable
KXHOUSEUT02-26-D,KXHOUSEUT02,KXHOUSEUT02-26,Will Democratic win the House race for UT-02?,Peter Crosby,,active,US_2026_general_election,28,stale_observation,usable,,0.12000000000000001,,2026-09-04T20:00:00Z,2026-08-11T14:00:00Z,not_comparable
KXHOUSEUT03-26-R,KXHOUSEUT03,KXHOUSEUT03-26,Will Republican win the House race for UT-03?,Celeste Maloy,,active,US_2026_general_election,7,stale_observation,usable,,0.9450000000000001,,2026-09-06T20:00:00Z,2026-09-01T06:00:00Z,not_comparable
KXHOUSEUT03-26-R,KXHOUSEUT03,KXHOUSEUT03-26,Will Republican win the House race for UT-03?,Celeste Maloy,,active,US_2026_general_election,14,stale_observation,usable,,0.927,,2026-09-06T20:00:00Z,2026-08-24T17:00:00Z,not_comparable
KXHOUSEUT03-26-R,KXHOUSEUT03,KXHOUSEUT03-26,Will Republican win the House race for UT-03?,Celeste Maloy,,active,US_2026_general_election,28,stale_observation,usable,,0.9385,,2026-09-06T20:00:00Z,2026-08-11T14:00:00Z,not_comparable
KXHOUSEUT03-26-D,KXHOUSEUT03,KXHOUSEUT03-26,Will Democratic win the House race for UT-03?,Kent Udell,,active,US_2026_general_election,7,stale_observation,usable,,0.065,,2026-09-07T01:00:00Z,2026-09-01T15:00:00Z,not_comparable
KXHOUSEUT03-26-D,KXHOUSEUT03,KXHOUSEUT03-26,Will Democratic win the House race for UT-03?,Kent Udell,,active,US_2026_general_election,14,stale_observation,usable,,0.068,,2026-09-07T01:00:00Z,2026-08-24T17:00:00Z,not_comparable
KXHOUSEUT03-26-D,KXHOUSEUT03,KXHOUSEUT03-26,Will Democratic win the House race for UT-03?,Kent Udell,,active,US_2026_general_election,28,stale_observation,usable,,0.048,,2026-09-07T01:00:00Z,2026-08-11T15:00:00Z,not_comparable
KXHOUSEVA10-26-R,KXHOUSEVA10,KXHOUSEVA10-26,Will a Republican win the House race for VA-10?,Dave Beckwith,,active,US_2026_general_election,7,stale_observation,usable,,0.0285,,2026-09-04T20:00:00Z,2026-08-31T23:00:00Z,not_comparable
KXHOUSEVA10-26-R,KXHOUSEVA10,KXHOUSEVA10-26,Will a Republican win the House race for VA-10?,Dave Beckwith,,active,US_2026_general_election,14,stale_observation,usable,,0.0285,,2026-09-04T20:00:00Z,2026-08-24T23:00:00Z,not_comparable
KXHOUSEVA10-26-R,KXHOUSEVA10,KXHOUSEVA10-26,Will a Republican win the House race for VA-10?,Dave Beckwith,,active,US_2026_general_election,28,stale_observation,stale_observation,,,,2026-09-04T20:00:00Z,2026-08-07T15:00:00Z,not_comparable
KXHOUSEVA10-26-D,KXHOUSEVA10,KXHOUSEVA10-26,Will a Democrat win the House race for VA-10?,Suhas Subramanyam,,active,US_2026_general_election,7,stale_observation,usable,,0.9624999999999999,,2026-09-04T20:00:00Z,2026-08-31T23:00:00Z,not_comparable
KXHOUSEVA10-26-D,KXHOUSEVA10,KXHOUSEVA10-26,Will a Democrat win the House race for VA-10?,Suhas Subramanyam,,active,US_2026_general_election,14,stale_observation,usable,,0.9624999999999999,,2026-09-04T20:00:00Z,2026-08-24T17:00:00Z,not_comparable
KXHOUSEVA10-26-D,KXHOUSEVA10,KXHOUSEVA10-26,Will a Democrat win the House race for VA-10?,Suhas Subramanyam,,active,US_2026_general_election,28,stale_observation,stale_observation,,,,2026-09-04T20:00:00Z,2026-08-09T21:00:00Z,not_comparable
KXHOUSEWA8-26-R,KXHOUSEWA8,KXHOUSEWA8-26,Will a Republican win the House race for WA-08?,Republican party,,active,US_2026_general_election,7,stale_observation,usable,,0.0375,,2026-09-06T20:00:00Z,2026-08-31T23:00:00Z,not_comparable
KXHOUSEWA8-26-R,KXHOUSEWA8,KXHOUSEWA8-26,Will a Republican win the House race for WA-08?,Republican party,,active,US_2026_general_election,14,stale_observation,stale_observation,,,,2026-09-06T20:00:00Z,2026-08-21T21:00:00Z,not_comparable
KXHOUSEWA8-26-R,KXHOUSEWA8,KXHOUSEWA8-26,Will a Republican win the House race for WA-08?,Republican party,,active,US_2026_general_election,28,stale_observation,stale_observation,,,,2026-09-06T20:00:00Z,2026-08-05T18:00:00Z,not_comparable
KXHOUSEWA8-26-D,KXHOUSEWA8,KXHOUSEWA8-26,Will a Democrat win the House race for WA-08?,Democratic party,,active,US_2026_general_election,7,stale_observation,usable,,0.972,,2026-09-06T20:00:00Z,2026-08-31T23:00:00Z,not_comparable
KXHOUSEWA8-26-D,KXHOUSEWA8,KXHOUSEWA8-26,Will a Democrat win the House race for WA-08?,Democratic party,,active,US_2026_general_election,14,stale_observation,usable,,0.9724999999999999,,2026-09-06T20:00:00Z,2026-08-24T17:00:00Z,not_comparable
KXHOUSEWA8-26-D,KXHOUSEWA8,KXHOUSEWA8-26,Will a Democrat win the House race for WA-08?,Democratic party,,active,US_2026_general_election,28,stale_observation,stale_observation,,,,2026-09-06T20:00:00Z,2026-08-05T18:00:00Z,not_comparable
KXHOUSEWINSTATE-AZD-E6,KXHOUSEWINSTATE,KXHOUSEWINSTATE-AZD,Will Democrats win exactly 6 seats in the 2026 U.S. House of Representatives elections in Arizona?,6,,active,US_2026_general_election,7,usable,usable,0.185,0.16,2.4999999999999996,2026-09-08T14:00:00Z,2026-09-01T14:00:00Z,same_contract_descriptive
KXHOUSEWINSTATE-AZD-E6,KXHOUSEWINSTATE,KXHOUSEWINSTATE-AZD,Will Democrats win exactly 6 seats in the 2026 U.S. House of Representatives elections in Arizona?,6,,active,US_2026_general_election,14,usable,usable,0.185,0.175,1.0000000000000009,2026-09-08T14:00:00Z,2026-08-25T08:00:00Z,same_contract_descriptive
KXHOUSEWINSTATE-AZD-E6,KXHOUSEWINSTATE,KXHOUSEWINSTATE-AZD,Will Democrats win exactly 6 seats in the 2026 U.S. House of Representatives elections in Arizona?,6,,active,US_2026_general_election,28,usable,missing_usable_quote,0.185,,,2026-09-08T14:00:00Z,,not_comparable
KXHOUSEWINSTATE-AZD-E5,KXHOUSEWINSTATE,KXHOUSEWINSTATE-AZD,Will Democrats win exactly 5 seats in the 2026 U.S. House of Representatives elections in Arizona?,5,,active,US_2026_general_election,7,usable,usable,0.625,0.55,7.499999999999996,2026-09-08T14:00:00Z,2026-09-01T14:00:00Z,same_contract_descriptive
KXHOUSEWINSTATE-AZD-E5,KXHOUSEWINSTATE,KXHOUSEWINSTATE-AZD,Will Democrats win exactly 5 seats in the 2026 U.S. House of Representatives elections in Arizona?,5,,active,US_2026_general_election,14,usable,usable,0.625,0.535,8.999999999999996,2026-09-08T14:00:00Z,2026-08-25T14:00:00Z,same_contract_descriptive
KXHOUSEWINSTATE-AZD-E5,KXHOUSEWINSTATE,KXHOUSEWINSTATE-AZD,Will Democrats win exactly 5 seats in the 2026 U.S. House of Representatives elections in Arizona?,5,,active,US_2026_general_election,28,usable,missing_usable_quote,0.625,,,2026-09-08T14:00:00Z,,not_comparable
KXHOUSEWINSTATE-AZD-E4,KXHOUSEWINSTATE,KXHOUSEWINSTATE-AZD,Will Democrats win exactly 4 seats in the 2026 U.S. House of Representatives elections in Arizona?,4,,active,US_2026_general_election,7,usable,usable,0.12,0.175,-5.499999999999999,2026-09-08T14:00:00Z,2026-08-31T23:00:00Z,same_contract_descriptive
KXHOUSEWINSTATE-AZD-E4,KXHOUSEWINSTATE,KXHOUSEWINSTATE-AZD,Will Democrats win exactly 4 seats in the 2026 U.S. House of Representatives elections in Arizona?,4,,active,US_2026_general_election,14,usable,usable,0.12,0.16,-4.000000000000001,2026-09-08T14:00:00Z,2026-08-25T11:00:00Z,same_contract_descriptive
KXHOUSEWINSTATE-AZD-E4,KXHOUSEWINSTATE,KXHOUSEWINSTATE-AZD,Will Democrats win exactly 4 seats in the 2026 U.S. House of Representatives elections in Arizona?,4,,active,US_2026_general_election,28,usable,missing_usable_quote,0.12,,,2026-09-08T14:00:00Z,,not_comparable
KXHOUSEWINSTATE-AZD-E3,KXHOUSEWINSTATE,KXHOUSEWINSTATE-AZD,Will Democrats win exactly 3 seats in the 2026 U.S. House of Representatives elections in Arizona?,3,,active,US_2026_general_election,7,stale_observation,usable,,0.07,,2026-09-05T06:00:00Z,2026-09-01T12:00:00Z,not_comparable
KXHOUSEWINSTATE-AZD-E3,KXHOUSEWINSTATE,KXHOUSEWINSTATE-AZD,Will Democrats win exactly 3 seats in the 2026 U.S. House of Representatives elections in Arizona?,3,,active,US_2026_general_election,14,stale_observation,usable,,0.045,,2026-09-05T06:00:00Z,2026-08-24T17:00:00Z,not_comparable
KXHOUSEWINSTATE-AZD-E3,KXHOUSEWINSTATE,KXHOUSEWINSTATE-AZD,Will Democrats win exactly 3 seats in the 2026 U.S. House of Representatives elections in Arizona?,3,,active,US_2026_general_election,28,stale_observation,missing_usable_quote,,,,2026-09-05T06:00:00Z,,not_comparable
KXHOUSEWINSTATE-AZD-B3,KXHOUSEWINSTATE,KXHOUSEWINSTATE-AZD,Will Democrats win fewer than 3 seats in the 2026 U.S. House of Representatives elections in Arizona?,Below 3,,active,US_2026_general_election,7,stale_observation,stale_observation,,,,2026-08-30T14:00:00Z,2026-08-30T14:00:00Z,not_comparable
KXHOUSEWINSTATE-AZD-B3,KXHOUSEWINSTATE,KXHOUSEWINSTATE-AZD,Will Democrats win fewer than 3 seats in the 2026 U.S. House of Representatives elections in Arizona?,Below 3,,active,US_2026_general_election,14,stale_observation,stale_observation,,,,2026-08-30T14:00:00Z,2026-08-23T11:00:00Z,not_comparable
KXHOUSEWINSTATE-AZD-B3,KXHOUSEWINSTATE,KXHOUSEWINSTATE-AZD,Will Democrats win fewer than 3 seats in the 2026 U.S. House of Representatives elections in Arizona?,Below 3,,active,US_2026_general_election,28,stale_observation,missing_usable_quote,,,,2026-08-30T14:00:00Z,,not_comparable
KXHOUSEWINSTATE-AZD-A6,KXHOUSEWINSTATE,KXHOUSEWINSTATE-AZD,Will Democrats win more than 6 seats in the 2026 U.S. House of Representatives elections in Arizona?,Above 6,,active,US_2026_general_election,7,stale_observation,usable,,0.05,,2026-09-05T06:00:00Z,2026-08-31T23:00:00Z,not_comparable
KXHOUSEWINSTATE-AZD-A6,KXHOUSEWINSTATE,KXHOUSEWINSTATE-AZD,Will Democrats win more than 6 seats in the 2026 U.S. House of Representatives elections in Arizona?,Above 6,,active,US_2026_general_election,14,stale_observation,stale_observation,,,,2026-09-05T06:00:00Z,2026-08-24T09:00:00Z,not_comparable
KXHOUSEWINSTATE-AZD-A6,KXHOUSEWINSTATE,KXHOUSEWINSTATE-AZD,Will Democrats win more than 6 seats in the 2026 U.S. House of Representatives elections in Arizona?,Above 6,,active,US_2026_general_election,28,stale_observation,missing_usable_quote,,,,2026-09-05T06:00:00Z,,not_comparable
KXHOUSEWINSTATE-MID-E9,KXHOUSEWINSTATE,KXHOUSEWINSTATE-MID,Will Democrats win exactly 9 seats in the 2026 U.S. House of Representatives elections in Michigan?,9,,active,US_2026_general_election,7,usable,usable,0.20500000000000002,0.18,2.500000000000002,2026-09-08T14:00:00Z,2026-09-01T12:00:00Z,same_contract_descriptive
KXHOUSEWINSTATE-MID-E9,KXHOUSEWINSTATE,KXHOUSEWINSTATE-MID,Will Democrats win exactly 9 seats in the 2026 U.S. House of Representatives elections in Michigan?,9,,active,US_2026_general_election,14,usable,stale_observation,0.20500000000000002,,,2026-09-08T14:00:00Z,2026-08-24T08:00:00Z,not_comparable
KXHOUSEWINSTATE-MID-E9,KXHOUSEWINSTATE,KXHOUSEWINSTATE-MID,Will Democrats win exactly 9 seats in the 2026 U.S. House of Representatives elections in Michigan?,9,,active,US_2026_general_election,28,usable,missing_usable_quote,0.20500000000000002,,,2026-09-08T14:00:00Z,,not_comparable
KXHOUSEWINSTATE-MID-E8,KXHOUSEWINSTATE,KXHOUSEWINSTATE-MID,Will Democrats win exactly 8 seats in the 2026 U.S. House of Representatives elections in Michigan?,8,,active,US_2026_general_election,7,usable,usable,0.41500000000000004,0.54,-12.5,2026-09-08T14:00:00Z,2026-09-01T14:00:00Z,same_contract_descriptive
KXHOUSEWINSTATE-MID-E8,KXHOUSEWINSTATE,KXHOUSEWINSTATE-MID,Will Democrats win exactly 8 seats in the 2026 U.S. House of Representatives elections in Michigan?,8,,active,US_2026_general_election,14,usable,usable,0.41500000000000004,0.535,-12.0,2026-09-08T14:00:00Z,2026-08-25T11:00:00Z,same_contract_descriptive
KXHOUSEWINSTATE-MID-E8,KXHOUSEWINSTATE,KXHOUSEWINSTATE-MID,Will Democrats win exactly 8 seats in the 2026 U.S. House of Representatives elections in Michigan?,8,,active,US_2026_general_election,28,usable,missing_usable_quote,0.41500000000000004,,,2026-09-08T14:00:00Z,,not_comparable
KXHOUSEWINSTATE-MID-E7,KXHOUSEWINSTATE,KXHOUSEWINSTATE-MID,Will Democrats win exactly 7 seats in the 2026 U.S. House of Representatives elections in Michigan?,7,,active,US_2026_general_election,7,usable,usable,0.16,0.14,1.9999999999999991,2026-09-08T13:00:00Z,2026-09-01T14:00:00Z,same_contract_descriptive
KXHOUSEWINSTATE-MID-E7,KXHOUSEWINSTATE,KXHOUSEWINSTATE-MID,Will Democrats win exactly 7 seats in the 2026 U.S. House of Representatives elections in Michigan?,7,,active,US_2026_general_election,14,usable,usable,0.16,0.1,6.0,2026-09-08T13:00:00Z,2026-08-25T14:00:00Z,same_contract_descriptive
KXHOUSEWINSTATE-MID-E7,KXHOUSEWINSTATE,KXHOUSEWINSTATE-MID,Will Democrats win exactly 7 seats in the 2026 U.S. House of Representatives elections in Michigan?,7,,active,US_2026_general_election,28,usable,missing_usable_quote,0.16,,,2026-09-08T13:00:00Z,,not_comparable
KXHOUSEWINSTATE-MID-E6,KXHOUSEWINSTATE,KXHOUSEWINSTATE-MID,Will Democrats win exactly 6 seats in the 2026 U.S. House of Representatives elections in Michigan?,6,,active,US_2026_general_election,7,usable,usable,0.15,0.08499999999999999,6.5,2026-09-08T14:00:00Z,2026-09-01T14:00:00Z,same_contract_descriptive
KXHOUSEWINSTATE-MID-E6,KXHOUSEWINSTATE,KXHOUSEWINSTATE-MID,Will Democrats win exactly 6 seats in the 2026 U.S. House of Representatives elections in Michigan?,6,,active,US_2026_general_election,14,usable,usable,0.15,0.095,5.499999999999999,2026-09-08T14:00:00Z,2026-08-25T13:00:00Z,same_contract_descriptive
KXHOUSEWINSTATE-MID-E6,KXHOUSEWINSTATE,KXHOUSEWINSTATE-MID,Will Democrats win exactly 6 seats in the 2026 U.S. House of Representatives elections in Michigan?,6,,active,US_2026_general_election,28,usable,missing_usable_quote,0.15,,,2026-09-08T14:00:00Z,,not_comparable
KXHOUSEWINSTATE-MID-E5,KXHOUSEWINSTATE,KXHOUSEWINSTATE-MID,Will Democrats win exactly 5 seats in the 2026 U.S. House of Representatives elections in Michigan?,5,,active,US_2026_general_election,7,stale_observation,stale_observation,,,,2026-08-27T08:00:00Z,2026-08-27T08:00:00Z,not_comparable
KXHOUSEWINSTATE-MID-E5,KXHOUSEWINSTATE,KXHOUSEWINSTATE-MID,Will Democrats win exactly 5 seats in the 2026 U.S. House of Representatives elections in Michigan?,5,,active,US_2026_general_election,14,stale_observation,stale_observation,,,,2026-08-27T08:00:00Z,2026-08-24T00:00:00Z,not_comparable
KXHOUSEWINSTATE-MID-E5,KXHOUSEWINSTATE,KXHOUSEWINSTATE-MID,Will Democrats win exactly 5 seats in the 2026 U.S. House of Representatives elections in Michigan?,5,,active,US_2026_general_election,28,stale_observation,missing_usable_quote,,,,2026-08-27T08:00:00Z,,not_comparable
KXHOUSEWINSTATE-MID-B5,KXHOUSEWINSTATE,KXHOUSEWINSTATE-MID,Will Democrats win fewer than 5 seats in the 2026 U.S. House of Representatives elections in Michigan?,Below 5,,active,US_2026_general_election,7,stale_observation,stale_observation,,,,2026-08-27T08:00:00Z,2026-08-27T08:00:00Z,not_comparable
KXHOUSEWINSTATE-MID-B5,KXHOUSEWINSTATE,KXHOUSEWINSTATE-MID,Will Democrats win fewer than 5 seats in the 2026 U.S. House of Representatives elections in Michigan?,Below 5,,active,US_2026_general_election,14,stale_observation,stale_observation,,,,2026-08-27T08:00:00Z,2026-08-24T00:00:00Z,not_comparable
KXHOUSEWINSTATE-MID-B5,KXHOUSEWINSTATE,KXHOUSEWINSTATE-MID,Will Democrats win fewer than 5 seats in the 2026 U.S. House of Representatives elections in Michigan?,Below 5,,active,US_2026_general_election,28,stale_observation,missing_usable_quote,,,,2026-08-27T08:00:00Z,,not_comparable
KXHOUSEWINSTATE-MID-A9,KXHOUSEWINSTATE,KXHOUSEWINSTATE-MID,Will Democrats win more than 9 seats in the 2026 U.S. House of Representatives elections in Michigan?,Above 9,,active,US_2026_general_election,7,usable,usable,0.03,0.025,0.4999999999999998,2026-09-08T13:00:00Z,2026-09-01T06:00:00Z,same_contract_descriptive
KXHOUSEWINSTATE-MID-A9,KXHOUSEWINSTATE,KXHOUSEWINSTATE-MID,Will Democrats win more than 9 seats in the 2026 U.S. House of Representatives elections in Michigan?,Above 9,,active,US_2026_general_election,14,usable,stale_observation,0.03,,,2026-09-08T13:00:00Z,2026-08-24T04:00:00Z,not_comparable
KXHOUSEWINSTATE-MID-A9,KXHOUSEWINSTATE,KXHOUSEWINSTATE-MID,Will Democrats win more than 9 seats in the 2026 U.S. House of Representatives elections in Michigan?,Above 9,,active,US_2026_general_election,28,usable,missing_usable_quote,0.03,,,2026-09-08T13:00:00Z,,not_comparable
KXHOUSEWINSTATE-GAD-E7,KXHOUSEWINSTATE,KXHOUSEWINSTATE-GAD,Will Democrats win exactly 7 seats in the 2026 U.S. House of Representatives elections in Georgia?,7,,active,US_2026_general_election,7,stale_observation,usable,,0.030000000000000002,,2026-09-04T20:00:00Z,2026-08-31T23:00:00Z,not_comparable
KXHOUSEWINSTATE-GAD-E7,KXHOUSEWINSTATE,KXHOUSEWINSTATE-GAD,Will Democrats win exactly 7 seats in the 2026 U.S. House of Representatives elections in Georgia?,7,,active,US_2026_general_election,14,stale_observation,usable,,0.025,,2026-09-04T20:00:00Z,2026-08-24T17:00:00Z,not_comparable
KXHOUSEWINSTATE-GAD-E7,KXHOUSEWINSTATE,KXHOUSEWINSTATE-GAD,Will Democrats win exactly 7 seats in the 2026 U.S. House of Representatives elections in Georgia?,7,,active,US_2026_general_election,28,stale_observation,missing_usable_quote,,,,2026-09-04T20:00:00Z,,not_comparable
KXHOUSEWINSTATE-GAD-E6,KXHOUSEWINSTATE,KXHOUSEWINSTATE-GAD,Will Democrats win exactly 6 seats in the 2026 U.S. House of Representatives elections in Georgia?,6,,active,US_2026_general_election,7,usable,usable,0.07,0.065,0.5000000000000004,2026-09-08T09:00:00Z,2026-09-01T14:00:00Z,same_contract_descriptive
KXHOUSEWINSTATE-GAD-E6,KXHOUSEWINSTATE,KXHOUSEWINSTATE-GAD,Will Democrats win exactly 6 seats in the 2026 U.S. House of Representatives elections in Georgia?,6,,active,US_2026_general_election,14,usable,usable,0.07,0.085,-1.5,2026-09-08T09:00:00Z,2026-08-25T11:00:00Z,same_contract_descriptive
KXHOUSEWINSTATE-GAD-E6,KXHOUSEWINSTATE,KXHOUSEWINSTATE-GAD,Will Democrats win exactly 6 seats in the 2026 U.S. House of Representatives elections in Georgia?,6,,active,US_2026_general_election,28,usable,missing_usable_quote,0.07,,,2026-09-08T09:00:00Z,,not_comparable
KXHOUSEWINSTATE-GAD-E5,KXHOUSEWINSTATE,KXHOUSEWINSTATE-GAD,Will Democrats win exactly 5 seats in the 2026 U.S. House of Representatives elections in Georgia?,5,,active,US_2026_general_election,7,usable,usable,0.865,0.865,0.0,2026-09-08T11:00:00Z,2026-09-01T14:00:00Z,same_contract_descriptive
KXHOUSEWINSTATE-GAD-E5,KXHOUSEWINSTATE,KXHOUSEWINSTATE-GAD,Will Democrats win exactly 5 seats in the 2026 U.S. House of Representatives elections in Georgia?,5,,active,US_2026_general_election,14,usable,stale_observation,0.865,,,2026-09-08T11:00:00Z,2026-08-24T09:00:00Z,not_comparable
KXHOUSEWINSTATE-GAD-E5,KXHOUSEWINSTATE,KXHOUSEWINSTATE-GAD,Will Democrats win exactly 5 seats in the 2026 U.S. House of Representatives elections in Georgia?,5,,active,US_2026_general_election,28,usable,missing_usable_quote,0.865,,,2026-09-08T11:00:00Z,,not_comparable
KXHOUSEWINSTATE-GAD-B5,KXHOUSEWINSTATE,KXHOUSEWINSTATE-GAD,Will Democrats win fewer than 5 seats in the 2026 U.S. House of Representatives elections in Georgia?,Below 5,,active,US_2026_general_election,7,stale_observation,usable,,0.030000000000000002,,2026-09-04T20:00:00Z,2026-08-31T23:00:00Z,not_comparable
KXHOUSEWINSTATE-GAD-B5,KXHOUSEWINSTATE,KXHOUSEWINSTATE-GAD,Will Democrats win fewer than 5 seats in the 2026 U.S. House of Representatives elections in Georgia?,Below 5,,active,US_2026_general_election,14,stale_observation,usable,,0.025,,2026-09-04T20:00:00Z,2026-08-24T17:00:00Z,not_comparable
KXHOUSEWINSTATE-GAD-B5,KXHOUSEWINSTATE,KXHOUSEWINSTATE-GAD,Will Democrats win fewer than 5 seats in the 2026 U.S. House of Representatives elections in Georgia?,Below 5,,active,US_2026_general_election,28,stale_observation,missing_usable_quote,,,,2026-09-04T20:00:00Z,,not_comparable
KXHOUSEWINSTATE-GAD-A7,KXHOUSEWINSTATE,KXHOUSEWINSTATE-GAD,Will Democrats win more than 7 seats in the 2026 U.S. House of Representatives elections in Georgia?,Above 7,,active,US_2026_general_election,7,stale_observation,usable,,0.030000000000000002,,2026-09-04T20:00:00Z,2026-08-31T23:00:00Z,not_comparable
KXHOUSEWINSTATE-GAD-A7,KXHOUSEWINSTATE,KXHOUSEWINSTATE-GAD,Will Democrats win more than 7 seats in the 2026 U.S. House of Representatives elections in Georgia?,Above 7,,active,US_2026_general_election,14,stale_observation,stale_observation,,,,2026-09-04T20:00:00Z,2026-08-23T20:00:00Z,not_comparable
KXHOUSEWINSTATE-GAD-A7,KXHOUSEWINSTATE,KXHOUSEWINSTATE-GAD,Will Democrats win more than 7 seats in the 2026 U.S. House of Representatives elections in Georgia?,Above 7,,active,US_2026_general_election,28,stale_observation,missing_usable_quote,,,,2026-09-04T20:00:00Z,,not_comparable
KXHOUSEWINSTATE-NCD-E7,KXHOUSEWINSTATE,KXHOUSEWINSTATE-NCD,Will Democrats win exactly 7 seats in the 2026 U.S. House of Representatives elections in North Carolina?,7,,active,US_2026_general_election,7,usable,stale_observation,0.06,,,2026-09-08T09:00:00Z,2026-08-31T08:00:00Z,not_comparable
KXHOUSEWINSTATE-NCD-E7,KXHOUSEWINSTATE,KXHOUSEWINSTATE-NCD,Will Democrats win exactly 7 seats in the 2026 U.S. House of Representatives elections in North Carolina?,7,,active,US_2026_general_election,14,usable,usable,0.06,0.05,0.9999999999999996,2026-09-08T09:00:00Z,2026-08-25T09:00:00Z,same_contract_descriptive
KXHOUSEWINSTATE-NCD-E7,KXHOUSEWINSTATE,KXHOUSEWINSTATE-NCD,Will Democrats win exactly 7 seats in the 2026 U.S. House of Representatives elections in North Carolina?,7,,active,US_2026_general_election,28,usable,missing_usable_quote,0.06,,,2026-09-08T09:00:00Z,,not_comparable
KXHOUSEWINSTATE-NCD-E6,KXHOUSEWINSTATE,KXHOUSEWINSTATE-NCD,Will Democrats win exactly 6 seats in the 2026 U.S. House of Representatives elections in North Carolina?,6,,active,US_2026_general_election,7,usable,stale_observation,0.115,,,2026-09-08T09:00:00Z,2026-08-27T22:00:00Z,not_comparable
KXHOUSEWINSTATE-NCD-E6,KXHOUSEWINSTATE,KXHOUSEWINSTATE-NCD,Will Democrats win exactly 6 seats in the 2026 U.S. House of Representatives elections in North Carolina?,6,,active,US_2026_general_election,14,usable,stale_observation,0.115,,,2026-09-08T09:00:00Z,2026-08-24T03:00:00Z,not_comparable
KXHOUSEWINSTATE-NCD-E6,KXHOUSEWINSTATE,KXHOUSEWINSTATE-NCD,Will Democrats win exactly 6 seats in the 2026 U.S. House of Representatives elections in North Carolina?,6,,active,US_2026_general_election,28,usable,missing_usable_quote,0.115,,,2026-09-08T09:00:00Z,,not_comparable
KXHOUSEWINSTATE-NCD-E5,KXHOUSEWINSTATE,KXHOUSEWINSTATE-NCD,Will Democrats win exactly 5 seats in the 2026 U.S. House of Representatives elections in North Carolina?,5,,active,US_2026_general_election,7,usable,usable,0.275,0.335,-6.0,2026-09-08T14:00:00Z,2026-09-01T02:00:00Z,same_contract_descriptive
KXHOUSEWINSTATE-NCD-E5,KXHOUSEWINSTATE,KXHOUSEWINSTATE-NCD,Will Democrats win exactly 5 seats in the 2026 U.S. House of Representatives elections in North Carolina?,5,,active,US_2026_general_election,14,usable,usable,0.275,0.335,-6.0,2026-09-08T14:00:00Z,2026-08-25T13:00:00Z,same_contract_descriptive
KXHOUSEWINSTATE-NCD-E5,KXHOUSEWINSTATE,KXHOUSEWINSTATE-NCD,Will Democrats win exactly 5 seats in the 2026 U.S. House of Representatives elections in North Carolina?,5,,active,US_2026_general_election,28,usable,missing_usable_quote,0.275,,,2026-09-08T14:00:00Z,,not_comparable
KXHOUSEWINSTATE-NCD-E4,KXHOUSEWINSTATE,KXHOUSEWINSTATE-NCD,Will Democrats win exactly 4 seats in the 2026 U.S. House of Representatives elections in North Carolina?,4,,active,US_2026_general_election,7,usable,usable,0.25,0.265,-1.5000000000000013,2026-09-08T09:00:00Z,2026-09-01T14:00:00Z,same_contract_descriptive
KXHOUSEWINSTATE-NCD-E4,KXHOUSEWINSTATE,KXHOUSEWINSTATE-NCD,Will Democrats win exactly 4 seats in the 2026 U.S. House of Representatives elections in North Carolina?,4,,active,US_2026_general_election,14,usable,usable,0.25,0.305,-5.499999999999999,2026-09-08T09:00:00Z,2026-08-25T04:00:00Z,same_contract_descriptive
KXHOUSEWINSTATE-NCD-E4,KXHOUSEWINSTATE,KXHOUSEWINSTATE-NCD,Will Democrats win exactly 4 seats in the 2026 U.S. House of Representatives elections in North Carolina?,4,,active,US_2026_general_election,28,usable,missing_usable_quote,0.25,,,2026-09-08T09:00:00Z,,not_comparable
KXHOUSEWINSTATE-NCD-E3,KXHOUSEWINSTATE,KXHOUSEWINSTATE-NCD,Will Democrats win exactly 3 seats in the 2026 U.S. House of Representatives elections in North Carolina?,3,,active,US_2026_general_election,7,usable,usable,0.16999999999999998,0.185,-1.5000000000000013,2026-09-08T09:00:00Z,2026-09-01T12:00:00Z,same_contract_descriptive
KXHOUSEWINSTATE-NCD-E3,KXHOUSEWINSTATE,KXHOUSEWINSTATE-NCD,Will Democrats win exactly 3 seats in the 2026 U.S. House of Representatives elections in North Carolina?,3,,active,US_2026_general_election,14,usable,usable,0.16999999999999998,0.195,-2.500000000000002,2026-09-08T09:00:00Z,2026-08-25T04:00:00Z,same_contract_descriptive
KXHOUSEWINSTATE-NCD-E3,KXHOUSEWINSTATE,KXHOUSEWINSTATE-NCD,Will Democrats win exactly 3 seats in the 2026 U.S. House of Representatives elections in North Carolina?,3,,active,US_2026_general_election,28,usable,missing_usable_quote,0.16999999999999998,,,2026-09-08T09:00:00Z,,not_comparable
KXHOUSEWINSTATE-NCD-B3,KXHOUSEWINSTATE,KXHOUSEWINSTATE-NCD,Will Democrats win fewer than 3 seats in the 2026 U.S. House of Representatives elections in North Carolina?,Below 3,,active,US_2026_general_election,7,stale_observation,usable,,0.01,,2026-09-05T16:00:00Z,2026-09-01T12:00:00Z,not_comparable
KXHOUSEWINSTATE-NCD-B3,KXHOUSEWINSTATE,KXHOUSEWINSTATE-NCD,Will Democrats win fewer than 3 seats in the 2026 U.S. House of Representatives elections in North Carolina?,Below 3,,active,US_2026_general_election,14,stale_observation,stale_observation,,,,2026-09-05T16:00:00Z,2026-08-24T00:00:00Z,not_comparable
KXHOUSEWINSTATE-NCD-B3,KXHOUSEWINSTATE,KXHOUSEWINSTATE-NCD,Will Democrats win fewer than 3 seats in the 2026 U.S. House of Representatives elections in North Carolina?,Below 3,,active,US_2026_general_election,28,stale_observation,missing_usable_quote,,,,2026-09-05T16:00:00Z,,not_comparable
KXHOUSEWINSTATE-NCD-A7,KXHOUSEWINSTATE,KXHOUSEWINSTATE-NCD,Will Democrats win more than 7 seats in the 2026 U.S. House of Representatives elections in North Carolina?,Above 7,,active,US_2026_general_election,7,stale_observation,usable,,0.005,,2026-09-02T21:00:00Z,2026-09-01T08:00:00Z,not_comparable
KXHOUSEWINSTATE-NCD-A7,KXHOUSEWINSTATE,KXHOUSEWINSTATE-NCD,Will Democrats win more than 7 seats in the 2026 U.S. House of Representatives elections in North Carolina?,Above 7,,active,US_2026_general_election,14,stale_observation,stale_observation,,,,2026-09-02T21:00:00Z,2026-08-23T23:00:00Z,not_comparable
KXHOUSEWINSTATE-NCD-A7,KXHOUSEWINSTATE,KXHOUSEWINSTATE-NCD,Will Democrats win more than 7 seats in the 2026 U.S. House of Representatives elections in North Carolina?,Above 7,,active,US_2026_general_election,28,stale_observation,missing_usable_quote,,,,2026-09-02T21:00:00Z,,not_comparable
KXHOUSEWINSTATE-OHD-E8,KXHOUSEWINSTATE,KXHOUSEWINSTATE-OHD,Will Democrats win exactly 8 seats in the 2026 U.S. House of Representatives elections in Ohio?,8,,active,US_2026_general_election,7,usable,usable,0.09,0.08499999999999999,0.5000000000000004,2026-09-08T09:00:00Z,2026-09-01T14:00:00Z,same_contract_descriptive
KXHOUSEWINSTATE-OHD-E8,KXHOUSEWINSTATE,KXHOUSEWINSTATE-OHD,Will Democrats win exactly 8 seats in the 2026 U.S. House of Representatives elections in Ohio?,8,,active,US_2026_general_election,14,usable,usable,0.09,0.085,0.49999999999999906,2026-09-08T09:00:00Z,2026-08-24T17:00:00Z,same_contract_descriptive
KXHOUSEWINSTATE-OHD-E8,KXHOUSEWINSTATE,KXHOUSEWINSTATE-OHD,Will Democrats win exactly 8 seats in the 2026 U.S. House of Representatives elections in Ohio?,8,,active,US_2026_general_election,28,usable,missing_usable_quote,0.09,,,2026-09-08T09:00:00Z,,not_comparable
KXHOUSEWINSTATE-OHD-E7,KXHOUSEWINSTATE,KXHOUSEWINSTATE-OHD,Will Democrats win exactly 7 seats in the 2026 U.S. House of Representatives elections in Ohio?,7,,active,US_2026_general_election,7,usable,usable,0.125,0.125,0.0,2026-09-08T09:00:00Z,2026-09-01T14:00:00Z,same_contract_descriptive
KXHOUSEWINSTATE-OHD-E7,KXHOUSEWINSTATE,KXHOUSEWINSTATE-OHD,Will Democrats win exactly 7 seats in the 2026 U.S. House of Representatives elections in Ohio?,7,,active,US_2026_general_election,14,usable,usable,0.125,0.105,2.0000000000000004,2026-09-08T09:00:00Z,2026-08-24T17:00:00Z,same_contract_descriptive
KXHOUSEWINSTATE-OHD-E7,KXHOUSEWINSTATE,KXHOUSEWINSTATE-OHD,Will Democrats win exactly 7 seats in the 2026 U.S. House of Representatives elections in Ohio?,7,,active,US_2026_general_election,28,usable,missing_usable_quote,0.125,,,2026-09-08T09:00:00Z,,not_comparable
KXHOUSEWINSTATE-OHD-E6,KXHOUSEWINSTATE,KXHOUSEWINSTATE-OHD,Will Democrats win exactly 6 seats in the 2026 U.S. House of Representatives elections in Ohio?,6,,active,US_2026_general_election,7,usable,usable,0.475,0.45499999999999996,2.0000000000000018,2026-09-08T15:00:00Z,2026-09-01T15:00:00Z,same_contract_descriptive
KXHOUSEWINSTATE-OHD-E6,KXHOUSEWINSTATE,KXHOUSEWINSTATE-OHD,Will Democrats win exactly 6 seats in the 2026 U.S. House of Representatives elections in Ohio?,6,,active,US_2026_general_election,14,usable,usable,0.475,0.475,0.0,2026-09-08T15:00:00Z,2026-08-25T14:00:00Z,same_contract_descriptive
KXHOUSEWINSTATE-OHD-E6,KXHOUSEWINSTATE,KXHOUSEWINSTATE-OHD,Will Democrats win exactly 6 seats in the 2026 U.S. House of Representatives elections in Ohio?,6,,active,US_2026_general_election,28,usable,missing_usable_quote,0.475,,,2026-09-08T15:00:00Z,,not_comparable
KXHOUSEWINSTATE-OHD-E5,KXHOUSEWINSTATE,KXHOUSEWINSTATE-OHD,Will Democrats win exactly 5 seats in the 2026 U.S. House of Representatives elections in Ohio?,5,,active,US_2026_general_election,7,usable,usable,0.21500000000000002,0.22,-0.49999999999999767,2026-09-08T10:00:00Z,2026-09-01T15:00:00Z,same_contract_descriptive
KXHOUSEWINSTATE-OHD-E5,KXHOUSEWINSTATE,KXHOUSEWINSTATE-OHD,Will Democrats win exactly 5 seats in the 2026 U.S. House of Representatives elections in Ohio?,5,,active,US_2026_general_election,14,usable,stale_observation,0.21500000000000002,,,2026-09-08T10:00:00Z,2026-08-23T05:00:00Z,not_comparable
KXHOUSEWINSTATE-OHD-E5,KXHOUSEWINSTATE,KXHOUSEWINSTATE-OHD,Will Democrats win exactly 5 seats in the 2026 U.S. House of Representatives elections in Ohio?,5,,active,US_2026_general_election,28,usable,missing_usable_quote,0.21500000000000002,,,2026-09-08T10:00:00Z,,not_comparable
KXHOUSEWINSTATE-OHD-E4,KXHOUSEWINSTATE,KXHOUSEWINSTATE-OHD,Will Democrats win exactly 4 seats in the 2026 U.S. House of Representatives elections in Ohio?,4,,active,US_2026_general_election,7,usable,usable,0.07,0.065,0.5000000000000004,2026-09-08T14:00:00Z,2026-09-01T14:00:00Z,same_contract_descriptive
KXHOUSEWINSTATE-OHD-E4,KXHOUSEWINSTATE,KXHOUSEWINSTATE-OHD,Will Democrats win exactly 4 seats in the 2026 U.S. House of Representatives elections in Ohio?,4,,active,US_2026_general_election,14,usable,usable,0.07,0.07,0.0,2026-09-08T14:00:00Z,2026-08-25T14:00:00Z,same_contract_descriptive
KXHOUSEWINSTATE-OHD-E4,KXHOUSEWINSTATE,KXHOUSEWINSTATE-OHD,Will Democrats win exactly 4 seats in the 2026 U.S. House of Representatives elections in Ohio?,4,,active,US_2026_general_election,28,usable,missing_usable_quote,0.07,,,2026-09-08T14:00:00Z,,not_comparable
KXHOUSEWINSTATE-OHD-B4,KXHOUSEWINSTATE,KXHOUSEWINSTATE-OHD,Will Democrats win fewer than 4 seats in the 2026 U.S. House of Representatives elections in Ohio?,Below 4,,active,US_2026_general_election,7,stale_observation,usable,,0.025,,2026-09-04T20:00:00Z,2026-08-31T23:00:00Z,not_comparable
KXHOUSEWINSTATE-OHD-B4,KXHOUSEWINSTATE,KXHOUSEWINSTATE-OHD,Will Democrats win fewer than 4 seats in the 2026 U.S. House of Representatives elections in Ohio?,Below 4,,active,US_2026_general_election,14,stale_observation,usable,,0.025,,2026-09-04T20:00:00Z,2026-08-24T17:00:00Z,not_comparable
KXHOUSEWINSTATE-OHD-B4,KXHOUSEWINSTATE,KXHOUSEWINSTATE-OHD,Will Democrats win fewer than 4 seats in the 2026 U.S. House of Representatives elections in Ohio?,Below 4,,active,US_2026_general_election,28,stale_observation,missing_usable_quote,,,,2026-09-04T20:00:00Z,,not_comparable
KXHOUSEWINSTATE-OHD-A8,KXHOUSEWINSTATE,KXHOUSEWINSTATE-OHD,Will Democrats win more than 8 seats in the 2026 U.S. House of Representatives elections in Ohio?,Above 8,,active,US_2026_general_election,7,stale_observation,usable,,0.025,,2026-09-04T20:00:00Z,2026-08-31T23:00:00Z,not_comparable
KXHOUSEWINSTATE-OHD-A8,KXHOUSEWINSTATE,KXHOUSEWINSTATE-OHD,Will Democrats win more than 8 seats in the 2026 U.S. House of Representatives elections in Ohio?,Above 8,,active,US_2026_general_election,14,stale_observation,usable,,0.025,,2026-09-04T20:00:00Z,2026-08-24T17:00:00Z,not_comparable
KXHOUSEWINSTATE-OHD-A8,KXHOUSEWINSTATE,KXHOUSEWINSTATE-OHD,Will Democrats win more than 8 seats in the 2026 U.S. House of Representatives elections in Ohio?,Above 8,,active,US_2026_general_election,28,stale_observation,missing_usable_quote,,,,2026-09-04T20:00:00Z,,not_comparable
KXHOUSEWINSTATE-ILD-E14,KXHOUSEWINSTATE,KXHOUSEWINSTATE-ILD,Will Democrats win exactly 14 seats in the 2026 U.S. House of Representatives elections in Illinois?,14,,active,US_2026_general_election,7,stale_observation,usable,,0.925,,2026-09-04T20:00:00Z,2026-09-01T14:00:00Z,not_comparable
KXHOUSEWINSTATE-ILD-E14,KXHOUSEWINSTATE,KXHOUSEWINSTATE-ILD,Will Democrats win exactly 14 seats in the 2026 U.S. House of Representatives elections in Illinois?,14,,active,US_2026_general_election,14,stale_observation,usable,,0.91,,2026-09-04T20:00:00Z,2026-08-25T08:00:00Z,not_comparable
KXHOUSEWINSTATE-ILD-E14,KXHOUSEWINSTATE,KXHOUSEWINSTATE-ILD,Will Democrats win exactly 14 seats in the 2026 U.S. House of Representatives elections in Illinois?,14,,active,US_2026_general_election,28,stale_observation,missing_usable_quote,,,,2026-09-04T20:00:00Z,,not_comparable
KXHOUSEWINSTATE-ILD-E13,KXHOUSEWINSTATE,KXHOUSEWINSTATE-ILD,Will Democrats win exactly 13 seats in the 2026 U.S. House of Representatives elections in Illinois?,13,,active,US_2026_general_election,7,stale_observation,usable,,0.030000000000000002,,2026-09-04T20:00:00Z,2026-08-31T23:00:00Z,not_comparable
KXHOUSEWINSTATE-ILD-E13,KXHOUSEWINSTATE,KXHOUSEWINSTATE-ILD,Will Democrats win exactly 13 seats in the 2026 U.S. House of Representatives elections in Illinois?,13,,active,US_2026_general_election,14,stale_observation,stale_observation,,,,2026-09-04T20:00:00Z,2026-08-23T10:00:00Z,not_comparable
KXHOUSEWINSTATE-ILD-E13,KXHOUSEWINSTATE,KXHOUSEWINSTATE-ILD,Will Democrats win exactly 13 seats in the 2026 U.S. House of Representatives elections in Illinois?,13,,active,US_2026_general_election,28,stale_observation,missing_usable_quote,,,,2026-09-04T20:00:00Z,,not_comparable
KXHOUSEWINSTATE-ILD-E12,KXHOUSEWINSTATE,KXHOUSEWINSTATE-ILD,Will Democrats win exactly 12 seats in the 2026 U.S. House of Representatives elections in Illinois?,12,,active,US_2026_general_election,7,stale_observation,usable,,0.01,,2026-09-01T12:00:00Z,2026-09-01T12:00:00Z,not_comparable
KXHOUSEWINSTATE-ILD-E12,KXHOUSEWINSTATE,KXHOUSEWINSTATE-ILD,Will Democrats win exactly 12 seats in the 2026 U.S. House of Representatives elections in Illinois?,12,,active,US_2026_general_election,14,stale_observation,stale_observation,,,,2026-09-01T12:00:00Z,2026-08-23T10:00:00Z,not_comparable
KXHOUSEWINSTATE-ILD-E12,KXHOUSEWINSTATE,KXHOUSEWINSTATE-ILD,Will Democrats win exactly 12 seats in the 2026 U.S. House of Representatives elections in Illinois?,12,,active,US_2026_general_election,28,stale_observation,missing_usable_quote,,,,2026-09-01T12:00:00Z,,not_comparable
KXHOUSEWINSTATE-ILD-B12,KXHOUSEWINSTATE,KXHOUSEWINSTATE-ILD,Will Democrats win fewer than 12 seats in the 2026 U.S. House of Representatives elections in Illinois?,Below 12,,active,US_2026_general_election,7,stale_observation,usable,,0.01,,2026-09-01T12:00:00Z,2026-09-01T12:00:00Z,not_comparable
KXHOUSEWINSTATE-ILD-B12,KXHOUSEWINSTATE,KXHOUSEWINSTATE-ILD,Will Democrats win fewer than 12 seats in the 2026 U.S. House of Representatives elections in Illinois?,Below 12,,active,US_2026_general_election,14,stale_observation,stale_observation,,,,2026-09-01T12:00:00Z,2026-08-24T00:00:00Z,not_comparable
KXHOUSEWINSTATE-ILD-B12,KXHOUSEWINSTATE,KXHOUSEWINSTATE-ILD,Will Democrats win fewer than 12 seats in the 2026 U.S. House of Representatives elections in Illinois?,Below 12,,active,US_2026_general_election,28,stale_observation,missing_usable_quote,,,,2026-09-01T12:00:00Z,,not_comparable
KXHOUSEWINSTATE-ILD-A14,KXHOUSEWINSTATE,KXHOUSEWINSTATE-ILD,Will Democrats win more than 14 seats in the 2026 U.S. House of Representatives elections in Illinois?,Above 14,,active,US_2026_general_election,7,stale_observation,usable,,0.05500000000000001,,2026-09-04T20:00:00Z,2026-08-31T23:00:00Z,not_comparable
KXHOUSEWINSTATE-ILD-A14,KXHOUSEWINSTATE,KXHOUSEWINSTATE-ILD,Will Democrats win more than 14 seats in the 2026 U.S. House of Representatives elections in Illinois?,Above 14,,active,US_2026_general_election,14,stale_observation,usable,,0.05,,2026-09-04T20:00:00Z,2026-08-24T19:00:00Z,not_comparable
KXHOUSEWINSTATE-ILD-A14,KXHOUSEWINSTATE,KXHOUSEWINSTATE-ILD,Will Democrats win more than 14 seats in the 2026 U.S. House of Representatives elections in Illinois?,Above 14,,active,US_2026_general_election,28,stale_observation,missing_usable_quote,,,,2026-09-04T20:00:00Z,,not_comparable
KXHOUSEWINSTATE-PAD-E9,KXHOUSEWINSTATE,KXHOUSEWINSTATE-PAD,Will Democrats win exactly 9 seats in the 2026 U.S. House of Representatives elections in Pennsylvania?,9,,active,US_2026_general_election,7,usable,usable,0.33499999999999996,0.325,0.9999999999999953,2026-09-08T14:00:00Z,2026-09-01T12:00:00Z,same_contract_descriptive
KXHOUSEWINSTATE-PAD-E9,KXHOUSEWINSTATE,KXHOUSEWINSTATE-PAD,Will Democrats win exactly 9 seats in the 2026 U.S. House of Representatives elections in Pennsylvania?,9,,active,US_2026_general_election,14,usable,usable,0.33499999999999996,0.31,2.4999999999999964,2026-09-08T14:00:00Z,2026-08-25T14:00:00Z,same_contract_descriptive
KXHOUSEWINSTATE-PAD-E9,KXHOUSEWINSTATE,KXHOUSEWINSTATE-PAD,Will Democrats win exactly 9 seats in the 2026 U.S. House of Representatives elections in Pennsylvania?,9,,active,US_2026_general_election,28,usable,missing_usable_quote,0.33499999999999996,,,2026-09-08T14:00:00Z,,not_comparable
KXHOUSEWINSTATE-PAD-E8,KXHOUSEWINSTATE,KXHOUSEWINSTATE-PAD,Will Democrats win exactly 8 seats in the 2026 U.S. House of Representatives elections in Pennsylvania?,8,,active,US_2026_general_election,7,usable,usable,0.07,0.065,0.5000000000000004,2026-09-08T09:00:00Z,2026-09-01T14:00:00Z,same_contract_descriptive
KXHOUSEWINSTATE-PAD-E8,KXHOUSEWINSTATE,KXHOUSEWINSTATE-PAD,Will Democrats win exactly 8 seats in the 2026 U.S. House of Representatives elections in Pennsylvania?,8,,active,US_2026_general_election,14,usable,usable,0.07,0.060000000000000005,1.0000000000000002,2026-09-08T09:00:00Z,2026-08-24T21:00:00Z,same_contract_descriptive
KXHOUSEWINSTATE-PAD-E8,KXHOUSEWINSTATE,KXHOUSEWINSTATE-PAD,Will Democrats win exactly 8 seats in the 2026 U.S. House of Representatives elections in Pennsylvania?,8,,active,US_2026_general_election,28,usable,missing_usable_quote,0.07,,,2026-09-08T09:00:00Z,,not_comparable
KXHOUSEWINSTATE-PAD-E7,KXHOUSEWINSTATE,KXHOUSEWINSTATE-PAD,Will Democrats win exactly 7 seats in the 2026 U.S. House of Representatives elections in Pennsylvania?,7,,active,US_2026_general_election,7,stale_observation,stale_observation,,,,2026-09-05T09:00:00Z,2026-08-30T09:00:00Z,not_comparable
KXHOUSEWINSTATE-PAD-E7,KXHOUSEWINSTATE,KXHOUSEWINSTATE-PAD,Will Democrats win exactly 7 seats in the 2026 U.S. House of Representatives elections in Pennsylvania?,7,,active,US_2026_general_election,14,stale_observation,usable,,0.04,,2026-09-05T09:00:00Z,2026-08-25T09:00:00Z,not_comparable
KXHOUSEWINSTATE-PAD-E7,KXHOUSEWINSTATE,KXHOUSEWINSTATE-PAD,Will Democrats win exactly 7 seats in the 2026 U.S. House of Representatives elections in Pennsylvania?,7,,active,US_2026_general_election,28,stale_observation,missing_usable_quote,,,,2026-09-05T09:00:00Z,,not_comparable
KXHOUSEWINSTATE-PAD-E12,KXHOUSEWINSTATE,KXHOUSEWINSTATE-PAD,Will Democrats win exactly 12 seats in the 2026 U.S. House of Representatives elections in Pennsylvania?,12,,active,US_2026_general_election,7,stale_observation,usable,,0.025,,2026-09-04T19:00:00Z,2026-09-01T12:00:00Z,not_comparable
KXHOUSEWINSTATE-PAD-E12,KXHOUSEWINSTATE,KXHOUSEWINSTATE-PAD,Will Democrats win exactly 12 seats in the 2026 U.S. House of Representatives elections in Pennsylvania?,12,,active,US_2026_general_election,14,stale_observation,usable,,0.035,,2026-09-04T19:00:00Z,2026-08-24T17:00:00Z,not_comparable
KXHOUSEWINSTATE-PAD-E12,KXHOUSEWINSTATE,KXHOUSEWINSTATE-PAD,Will Democrats win exactly 12 seats in the 2026 U.S. House of Representatives elections in Pennsylvania?,12,,active,US_2026_general_election,28,stale_observation,missing_usable_quote,,,,2026-09-04T19:00:00Z,,not_comparable
KXHOUSEWINSTATE-PAD-E11,KXHOUSEWINSTATE,KXHOUSEWINSTATE-PAD,Will Democrats win exactly 11 seats in the 2026 U.S. House of Representatives elections in Pennsylvania?,11,,active,US_2026_general_election,7,usable,usable,0.32,0.32499999999999996,-0.4999999999999949,2026-09-08T14:00:00Z,2026-09-01T14:00:00Z,same_contract_descriptive
KXHOUSEWINSTATE-PAD-E11,KXHOUSEWINSTATE,KXHOUSEWINSTATE-PAD,Will Democrats win exactly 11 seats in the 2026 U.S. House of Representatives elections in Pennsylvania?,11,,active,US_2026_general_election,14,usable,usable,0.32,0.255,6.5,2026-09-08T14:00:00Z,2026-08-25T01:00:00Z,same_contract_descriptive
KXHOUSEWINSTATE-PAD-E11,KXHOUSEWINSTATE,KXHOUSEWINSTATE-PAD,Will Democrats win exactly 11 seats in the 2026 U.S. House of Representatives elections in Pennsylvania?,11,,active,US_2026_general_election,28,usable,missing_usable_quote,0.32,,,2026-09-08T14:00:00Z,,not_comparable
KXHOUSEWINSTATE-PAD-E10,KXHOUSEWINSTATE,KXHOUSEWINSTATE-PAD,Will Democrats win exactly 10 seats in the 2026 U.S. House of Representatives elections in Pennsylvania?,10,,active,US_2026_general_election,7,usable,usable,0.175,0.175,0.0,2026-09-08T10:00:00Z,2026-09-01T12:00:00Z,same_contract_descriptive
KXHOUSEWINSTATE-PAD-E10,KXHOUSEWINSTATE,KXHOUSEWINSTATE-PAD,Will Democrats win exactly 10 seats in the 2026 U.S. House of Representatives elections in Pennsylvania?,10,,active,US_2026_general_election,14,usable,usable,0.175,0.235,-6.0,2026-09-08T10:00:00Z,2026-08-25T04:00:00Z,same_contract_descriptive
KXHOUSEWINSTATE-PAD-E10,KXHOUSEWINSTATE,KXHOUSEWINSTATE-PAD,Will Democrats win exactly 10 seats in the 2026 U.S. House of Representatives elections in Pennsylvania?,10,,active,US_2026_general_election,28,usable,missing_usable_quote,0.175,,,2026-09-08T10:00:00Z,,not_comparable
KXHOUSEWINSTATE-PAD-B7,KXHOUSEWINSTATE,KXHOUSEWINSTATE-PAD,Will Democrats win fewer than 7 seats in the 2026 U.S. House of Representatives elections in Pennsylvania?,Below 7,,active,US_2026_general_election,7,stale_observation,stale_observation,,,,2026-09-03T10:00:00Z,2026-08-30T09:00:00Z,not_comparable
KXHOUSEWINSTATE-PAD-B7,KXHOUSEWINSTATE,KXHOUSEWINSTATE-PAD,Will Democrats win fewer than 7 seats in the 2026 U.S. House of Representatives elections in Pennsylvania?,Below 7,,active,US_2026_general_election,14,stale_observation,stale_observation,,,,2026-09-03T10:00:00Z,2026-08-23T15:00:00Z,not_comparable
KXHOUSEWINSTATE-PAD-B7,KXHOUSEWINSTATE,KXHOUSEWINSTATE-PAD,Will Democrats win fewer than 7 seats in the 2026 U.S. House of Representatives elections in Pennsylvania?,Below 7,,active,US_2026_general_election,28,stale_observation,missing_usable_quote,,,,2026-09-03T10:00:00Z,,not_comparable
KXHOUSEWINSTATE-PAD-A12,KXHOUSEWINSTATE,KXHOUSEWINSTATE-PAD,Will Democrats win more than 12 seats in the 2026 U.S. House of Representatives elections in Pennsylvania?,Above 12,,active,US_2026_general_election,7,stale_observation,stale_observation,,,,2026-08-26T22:00:00Z,2026-08-26T22:00:00Z,not_comparable
KXHOUSEWINSTATE-PAD-A12,KXHOUSEWINSTATE,KXHOUSEWINSTATE-PAD,Will Democrats win more than 12 seats in the 2026 U.S. House of Representatives elections in Pennsylvania?,Above 12,,active,US_2026_general_election,14,stale_observation,usable,,0.005,,2026-08-26T22:00:00Z,2026-08-25T09:00:00Z,not_comparable
KXHOUSEWINSTATE-PAD-A12,KXHOUSEWINSTATE,KXHOUSEWINSTATE-PAD,Will Democrats win more than 12 seats in the 2026 U.S. House of Representatives elections in Pennsylvania?,Above 12,,active,US_2026_general_election,28,stale_observation,missing_usable_quote,,,,2026-08-26T22:00:00Z,,not_comparable
KXHOUSEWINSTATE-NYD-E23,KXHOUSEWINSTATE,KXHOUSEWINSTATE-NYD,Will Democrats win exactly 23 seats in the 2026 U.S. House of Representatives elections in New York?,23,,active,US_2026_general_election,7,stale_observation,usable,,0.04,,2026-09-04T20:00:00Z,2026-08-31T23:00:00Z,not_comparable
KXHOUSEWINSTATE-NYD-E23,KXHOUSEWINSTATE,KXHOUSEWINSTATE-NYD,Will Democrats win exactly 23 seats in the 2026 U.S. House of Representatives elections in New York?,23,,active,US_2026_general_election,14,stale_observation,stale_observation,,,,2026-09-04T20:00:00Z,2026-08-23T10:00:00Z,not_comparable
KXHOUSEWINSTATE-NYD-E23,KXHOUSEWINSTATE,KXHOUSEWINSTATE-NYD,Will Democrats win exactly 23 seats in the 2026 U.S. House of Representatives elections in New York?,23,,active,US_2026_general_election,28,stale_observation,missing_usable_quote,,,,2026-09-04T20:00:00Z,,not_comparable
KXHOUSEWINSTATE-NYD-E22,KXHOUSEWINSTATE,KXHOUSEWINSTATE-NYD,Will Democrats win exactly 22 seats in the 2026 U.S. House of Representatives elections in New York?,22,,active,US_2026_general_election,7,usable,usable,0.07,0.075,-0.49999999999999906,2026-09-08T09:00:00Z,2026-09-01T12:00:00Z,same_contract_descriptive
KXHOUSEWINSTATE-NYD-E22,KXHOUSEWINSTATE,KXHOUSEWINSTATE-NYD,Will Democrats win exactly 22 seats in the 2026 U.S. House of Representatives elections in New York?,22,,active,US_2026_general_election,14,usable,stale_observation,0.07,,,2026-09-08T09:00:00Z,2026-08-24T14:00:00Z,not_comparable
KXHOUSEWINSTATE-NYD-E22,KXHOUSEWINSTATE,KXHOUSEWINSTATE-NYD,Will Democrats win exactly 22 seats in the 2026 U.S. House of Representatives elections in New York?,22,,active,US_2026_general_election,28,usable,missing_usable_quote,0.07,,,2026-09-08T09:00:00Z,,not_comparable
KXHOUSEWINSTATE-NYD-E21,KXHOUSEWINSTATE,KXHOUSEWINSTATE-NYD,Will Democrats win exactly 21 seats in the 2026 U.S. House of Representatives elections in New York?,21,,active,US_2026_general_election,7,usable,usable,0.10500000000000001,0.095,1.0000000000000009,2026-09-08T09:00:00Z,2026-09-01T14:00:00Z,same_contract_descriptive
KXHOUSEWINSTATE-NYD-E21,KXHOUSEWINSTATE,KXHOUSEWINSTATE-NYD,Will Democrats win exactly 21 seats in the 2026 U.S. House of Representatives elections in New York?,21,,active,US_2026_general_election,14,usable,usable,0.10500000000000001,0.11499999999999999,-0.9999999999999981,2026-09-08T09:00:00Z,2026-08-24T17:00:00Z,same_contract_descriptive
KXHOUSEWINSTATE-NYD-E21,KXHOUSEWINSTATE,KXHOUSEWINSTATE-NYD,Will Democrats win exactly 21 seats in the 2026 U.S. House of Representatives elections in New York?,21,,active,US_2026_general_election,28,usable,missing_usable_quote,0.10500000000000001,,,2026-09-08T09:00:00Z,,not_comparable
KXHOUSEWINSTATE-NYD-E20,KXHOUSEWINSTATE,KXHOUSEWINSTATE-NYD,Will Democrats win exactly 20 seats in the 2026 U.S. House of Representatives elections in New York?,20,,active,US_2026_general_election,7,usable,usable,0.375,0.365,1.0000000000000009,2026-09-08T06:00:00Z,2026-09-01T14:00:00Z,same_contract_descriptive
KXHOUSEWINSTATE-NYD-E20,KXHOUSEWINSTATE,KXHOUSEWINSTATE-NYD,Will Democrats win exactly 20 seats in the 2026 U.S. House of Representatives elections in New York?,20,,active,US_2026_general_election,14,usable,usable,0.375,0.345,3.0000000000000027,2026-09-08T06:00:00Z,2026-08-25T13:00:00Z,same_contract_descriptive
KXHOUSEWINSTATE-NYD-E20,KXHOUSEWINSTATE,KXHOUSEWINSTATE-NYD,Will Democrats win exactly 20 seats in the 2026 U.S. House of Representatives elections in New York?,20,,active,US_2026_general_election,28,usable,missing_usable_quote,0.375,,,2026-09-08T06:00:00Z,,not_comparable
KXHOUSEWINSTATE-NYD-E19,KXHOUSEWINSTATE,KXHOUSEWINSTATE-NYD,Will Democrats win exactly 19 seats in the 2026 U.S. House of Representatives elections in New York?,19,,active,US_2026_general_election,7,usable,usable,0.27,0.265,0.5000000000000004,2026-09-08T14:00:00Z,2026-09-01T14:00:00Z,same_contract_descriptive
KXHOUSEWINSTATE-NYD-E19,KXHOUSEWINSTATE,KXHOUSEWINSTATE-NYD,Will Democrats win exactly 19 seats in the 2026 U.S. House of Representatives elections in New York?,19,,active,US_2026_general_election,14,usable,usable,0.27,0.32,-4.999999999999999,2026-09-08T14:00:00Z,2026-08-25T14:00:00Z,same_contract_descriptive
KXHOUSEWINSTATE-NYD-E19,KXHOUSEWINSTATE,KXHOUSEWINSTATE-NYD,Will Democrats win exactly 19 seats in the 2026 U.S. House of Representatives elections in New York?,19,,active,US_2026_general_election,28,usable,missing_usable_quote,0.27,,,2026-09-08T14:00:00Z,,not_comparable
KXHOUSEWINSTATE-NYD-E18,KXHOUSEWINSTATE,KXHOUSEWINSTATE-NYD,Will Democrats win exactly 18 seats in the 2026 U.S. House of Representatives elections in New York?,18,,active,US_2026_general_election,7,usable,usable,0.07,0.065,0.5000000000000004,2026-09-08T15:00:00Z,2026-09-01T14:00:00Z,same_contract_descriptive
KXHOUSEWINSTATE-NYD-E18,KXHOUSEWINSTATE,KXHOUSEWINSTATE-NYD,Will Democrats win exactly 18 seats in the 2026 U.S. House of Representatives elections in New York?,18,,active,US_2026_general_election,14,usable,usable,0.07,0.065,0.5000000000000004,2026-09-08T15:00:00Z,2026-08-25T01:00:00Z,same_contract_descriptive
KXHOUSEWINSTATE-NYD-E18,KXHOUSEWINSTATE,KXHOUSEWINSTATE-NYD,Will Democrats win exactly 18 seats in the 2026 U.S. House of Representatives elections in New York?,18,,active,US_2026_general_election,28,usable,missing_usable_quote,0.07,,,2026-09-08T15:00:00Z,,not_comparable
KXHOUSEWINSTATE-NYD-E17,KXHOUSEWINSTATE,KXHOUSEWINSTATE-NYD,Will Democrats win exactly 17 seats in the 2026 U.S. House of Representatives elections in New York?,17,,active,US_2026_general_election,7,stale_observation,stale_observation,,,,2026-08-30T18:00:00Z,2026-08-30T18:00:00Z,not_comparable
KXHOUSEWINSTATE-NYD-E17,KXHOUSEWINSTATE,KXHOUSEWINSTATE-NYD,Will Democrats win exactly 17 seats in the 2026 U.S. House of Representatives elections in New York?,17,,active,US_2026_general_election,14,stale_observation,stale_observation,,,,2026-08-30T18:00:00Z,2026-08-24T04:00:00Z,not_comparable
KXHOUSEWINSTATE-NYD-E17,KXHOUSEWINSTATE,KXHOUSEWINSTATE-NYD,Will Democrats win exactly 17 seats in the 2026 U.S. House of Representatives elections in New York?,17,,active,US_2026_general_election,28,stale_observation,missing_usable_quote,,,,2026-08-30T18:00:00Z,,not_comparable
KXHOUSEWINSTATE-NYD-E16,KXHOUSEWINSTATE,KXHOUSEWINSTATE-NYD,Will Democrats win exactly 16 seats in the 2026 U.S. House of Representatives elections in New York?,16,,active,US_2026_general_election,7,stale_observation,stale_observation,,,,2026-08-23T17:00:00Z,2026-08-23T17:00:00Z,not_comparable
KXHOUSEWINSTATE-NYD-E16,KXHOUSEWINSTATE,KXHOUSEWINSTATE-NYD,Will Democrats win exactly 16 seats in the 2026 U.S. House of Representatives elections in New York?,16,,active,US_2026_general_election,14,stale_observation,stale_observation,,,,2026-08-23T17:00:00Z,2026-08-23T17:00:00Z,not_comparable
KXHOUSEWINSTATE-NYD-E16,KXHOUSEWINSTATE,KXHOUSEWINSTATE-NYD,Will Democrats win exactly 16 seats in the 2026 U.S. House of Representatives elections in New York?,16,,active,US_2026_general_election,28,stale_observation,missing_usable_quote,,,,2026-08-23T17:00:00Z,,not_comparable
KXHOUSEWINSTATE-NYD-B16,KXHOUSEWINSTATE,KXHOUSEWINSTATE-NYD,Will Democrats win fewer than 16 seats in the 2026 U.S. House of Representatives elections in New York?,Below 16,,active,US_2026_general_election,7,usable,usable,0.02,0.015,0.5000000000000001,2026-09-08T09:00:00Z,2026-09-01T12:00:00Z,same_contract_descriptive
KXHOUSEWINSTATE-NYD-B16,KXHOUSEWINSTATE,KXHOUSEWINSTATE-NYD,Will Democrats win fewer than 16 seats in the 2026 U.S. House of Representatives elections in New York?,Below 16,,active,US_2026_general_election,14,usable,stale_observation,0.02,,,2026-09-08T09:00:00Z,2026-08-23T17:00:00Z,not_comparable
KXHOUSEWINSTATE-NYD-B16,KXHOUSEWINSTATE,KXHOUSEWINSTATE-NYD,Will Democrats win fewer than 16 seats in the 2026 U.S. House of Representatives elections in New York?,Below 16,,active,US_2026_general_election,28,usable,missing_usable_quote,0.02,,,2026-09-08T09:00:00Z,,not_comparable
KXHOUSEWINSTATE-NYD-A23,KXHOUSEWINSTATE,KXHOUSEWINSTATE-NYD,Will Democrats win more than 23 seats in the 2026 U.S. House of Representatives elections in New York?,Above 23,,active,US_2026_general_election,7,usable,usable,0.035,0.035,0.0,2026-09-08T09:00:00Z,2026-09-01T12:00:00Z,same_contract_descriptive
KXHOUSEWINSTATE-NYD-A23,KXHOUSEWINSTATE,KXHOUSEWINSTATE-NYD,Will Democrats win more than 23 seats in the 2026 U.S. House of Representatives elections in New York?,Above 23,,active,US_2026_general_election,14,usable,stale_observation,0.035,,,2026-09-08T09:00:00Z,2026-08-23T10:00:00Z,not_comparable
KXHOUSEWINSTATE-NYD-A23,KXHOUSEWINSTATE,KXHOUSEWINSTATE-NYD,Will Democrats win more than 23 seats in the 2026 U.S. House of Representatives elections in New York?,Above 23,,active,US_2026_general_election,28,usable,missing_usable_quote,0.035,,,2026-09-08T09:00:00Z,,not_comparable
KXHOUSEWINSTATE-SCD-E2,KXHOUSEWINSTATE,KXHOUSEWINSTATE-SCD,Will Democrats win exactly 2 seats in the 2026 U.S. House of Representatives elections in South Carolina?,2,,active,US_2026_general_election,7,usable,usable,0.17,0.165,0.5000000000000004,2026-09-08T14:00:00Z,2026-09-01T14:00:00Z,same_contract_descriptive
KXHOUSEWINSTATE-SCD-E2,KXHOUSEWINSTATE,KXHOUSEWINSTATE-SCD,Will Democrats win exactly 2 seats in the 2026 U.S. House of Representatives elections in South Carolina?,2,,active,US_2026_general_election,14,usable,usable,0.17,0.165,0.5000000000000004,2026-09-08T14:00:00Z,2026-08-25T11:00:00Z,same_contract_descriptive
KXHOUSEWINSTATE-SCD-E2,KXHOUSEWINSTATE,KXHOUSEWINSTATE-SCD,Will Democrats win exactly 2 seats in the 2026 U.S. House of Representatives elections in South Carolina?,2,,active,US_2026_general_election,28,usable,stale_observation,0.17,,,2026-09-08T14:00:00Z,2026-08-09T23:00:00Z,not_comparable
KXHOUSEWINSTATE-SCD-E1,KXHOUSEWINSTATE,KXHOUSEWINSTATE-SCD,Will Democrats win exactly 1 seats in the 2026 U.S. House of Representatives elections in South Carolina?,1,,active,US_2026_general_election,7,usable,usable,0.755,0.755,0.0,2026-09-08T09:00:00Z,2026-09-01T14:00:00Z,same_contract_descriptive
KXHOUSEWINSTATE-SCD-E1,KXHOUSEWINSTATE,KXHOUSEWINSTATE-SCD,Will Democrats win exactly 1 seats in the 2026 U.S. House of Representatives elections in South Carolina?,1,,active,US_2026_general_election,14,usable,stale_observation,0.755,,,2026-09-08T09:00:00Z,2026-08-23T23:00:00Z,not_comparable
KXHOUSEWINSTATE-SCD-E1,KXHOUSEWINSTATE,KXHOUSEWINSTATE-SCD,Will Democrats win exactly 1 seats in the 2026 U.S. House of Representatives elections in South Carolina?,1,,active,US_2026_general_election,28,usable,stale_observation,0.755,,,2026-09-08T09:00:00Z,2026-08-09T23:00:00Z,not_comparable
KXHOUSEWINSTATE-SCD-E0,KXHOUSEWINSTATE,KXHOUSEWINSTATE-SCD,Will Democrats win exactly 0 seats in the 2026 U.S. House of Representatives elections in South Carolina?,0,,active,US_2026_general_election,7,usable,stale_observation,0.01,,,2026-09-07T21:00:00Z,2026-08-27T20:00:00Z,not_comparable
KXHOUSEWINSTATE-SCD-E0,KXHOUSEWINSTATE,KXHOUSEWINSTATE-SCD,Will Democrats win exactly 0 seats in the 2026 U.S. House of Representatives elections in South Carolina?,0,,active,US_2026_general_election,14,usable,usable,0.01,0.015,-0.49999999999999994,2026-09-07T21:00:00Z,2026-08-25T13:00:00Z,same_contract_descriptive
KXHOUSEWINSTATE-SCD-E0,KXHOUSEWINSTATE,KXHOUSEWINSTATE-SCD,Will Democrats win exactly 0 seats in the 2026 U.S. House of Representatives elections in South Carolina?,0,,active,US_2026_general_election,28,usable,usable,0.01,0.02,-1.0,2026-09-07T21:00:00Z,2026-08-11T13:00:00Z,same_contract_descriptive
KXHOUSEWINSTATE-SCD-A2,KXHOUSEWINSTATE,KXHOUSEWINSTATE-SCD,Will Democrats win more than 2 seats in the 2026 U.S. House of Representatives elections in South Carolina?,Above 2,,active,US_2026_general_election,7,usable,usable,0.08499999999999999,0.1,-1.5000000000000013,2026-09-08T14:00:00Z,2026-09-01T12:00:00Z,same_contract_descriptive
KXHOUSEWINSTATE-SCD-A2,KXHOUSEWINSTATE,KXHOUSEWINSTATE-SCD,Will Democrats win more than 2 seats in the 2026 U.S. House of Representatives elections in South Carolina?,Above 2,,active,US_2026_general_election,14,usable,usable,0.08499999999999999,0.08,0.49999999999999906,2026-09-08T14:00:00Z,2026-08-25T11:00:00Z,same_contract_descriptive
KXHOUSEWINSTATE-SCD-A2,KXHOUSEWINSTATE,KXHOUSEWINSTATE-SCD,Will Democrats win more than 2 seats in the 2026 U.S. House of Representatives elections in South Carolina?,Above 2,,active,US_2026_general_election,28,usable,stale_observation,0.08499999999999999,,,2026-09-08T14:00:00Z,2026-08-09T15:00:00Z,not_comparable
KXHOUSEWINSTATE-UTD-E2,KXHOUSEWINSTATE,KXHOUSEWINSTATE-UTD,Will Democrats win exactly 2 seats in the 2026 U.S. House of Representatives elections in Utah?,2,,active,US_2026_general_election,7,stale_observation,usable,,0.034999999999999996,,2026-09-04T21:00:00Z,2026-09-01T06:00:00Z,not_comparable
KXHOUSEWINSTATE-UTD-E2,KXHOUSEWINSTATE,KXHOUSEWINSTATE-UTD,Will Democrats win exactly 2 seats in the 2026 U.S. House of Representatives elections in Utah?,2,,active,US_2026_general_election,14,stale_observation,usable,,0.055,,2026-09-04T21:00:00Z,2026-08-25T13:00:00Z,not_comparable
KXHOUSEWINSTATE-UTD-E2,KXHOUSEWINSTATE,KXHOUSEWINSTATE-UTD,Will Democrats win exactly 2 seats in the 2026 U.S. House of Representatives elections in Utah?,2,,active,US_2026_general_election,28,stale_observation,stale_observation,,,,2026-09-04T21:00:00Z,2026-08-10T03:00:00Z,not_comparable
KXHOUSEWINSTATE-UTD-E1,KXHOUSEWINSTATE,KXHOUSEWINSTATE-UTD,Will Democrats win exactly 1 seats in the 2026 U.S. House of Representatives elections in Utah?,1,,active,US_2026_general_election,7,usable,usable,0.95,0.95,0.0,2026-09-08T09:00:00Z,2026-09-01T14:00:00Z,same_contract_descriptive
KXHOUSEWINSTATE-UTD-E1,KXHOUSEWINSTATE,KXHOUSEWINSTATE-UTD,Will Democrats win exactly 1 seats in the 2026 U.S. House of Representatives elections in Utah?,1,,active,US_2026_general_election,14,usable,usable,0.95,0.95,0.0,2026-09-08T09:00:00Z,2026-08-25T11:00:00Z,same_contract_descriptive
KXHOUSEWINSTATE-UTD-E1,KXHOUSEWINSTATE,KXHOUSEWINSTATE-UTD,Will Democrats win exactly 1 seats in the 2026 U.S. House of Representatives elections in Utah?,1,,active,US_2026_general_election,28,usable,stale_observation,0.95,,,2026-09-08T09:00:00Z,2026-08-02T03:00:00Z,not_comparable
KXHOUSEWINSTATE-UTD-E0,KXHOUSEWINSTATE,KXHOUSEWINSTATE-UTD,Will Democrats win exactly 0 seats in the 2026 U.S. House of Representatives elections in Utah?,0,,active,US_2026_general_election,7,stale_observation,usable,,0.034999999999999996,,2026-09-04T20:00:00Z,2026-08-31T23:00:00Z,not_comparable
KXHOUSEWINSTATE-UTD-E0,KXHOUSEWINSTATE,KXHOUSEWINSTATE-UTD,Will Democrats win exactly 0 seats in the 2026 U.S. House of Representatives elections in Utah?,0,,active,US_2026_general_election,14,stale_observation,usable,,0.04,,2026-09-04T20:00:00Z,2026-08-25T13:00:00Z,not_comparable
KXHOUSEWINSTATE-UTD-E0,KXHOUSEWINSTATE,KXHOUSEWINSTATE-UTD,Will Democrats win exactly 0 seats in the 2026 U.S. House of Representatives elections in Utah?,0,,active,US_2026_general_election,28,stale_observation,stale_observation,,,,2026-09-04T20:00:00Z,2026-08-10T05:00:00Z,not_comparable
KXHOUSEWINSTATE-UTD-A2,KXHOUSEWINSTATE,KXHOUSEWINSTATE-UTD,Will Democrats win more than 2 seats in the 2026 U.S. House of Representatives elections in Utah?,Above 2,,active,US_2026_general_election,7,stale_observation,usable,,0.034999999999999996,,2026-09-04T21:00:00Z,2026-09-01T06:00:00Z,not_comparable
KXHOUSEWINSTATE-UTD-A2,KXHOUSEWINSTATE,KXHOUSEWINSTATE-UTD,Will Democrats win more than 2 seats in the 2026 U.S. House of Representatives elections in Utah?,Above 2,,active,US_2026_general_election,14,stale_observation,usable,,0.04,,2026-09-04T21:00:00Z,2026-08-25T13:00:00Z,not_comparable
KXHOUSEWINSTATE-UTD-A2,KXHOUSEWINSTATE,KXHOUSEWINSTATE-UTD,Will Democrats win more than 2 seats in the 2026 U.S. House of Representatives elections in Utah?,Above 2,,active,US_2026_general_election,28,stale_observation,stale_observation,,,,2026-09-04T21:00:00Z,2026-08-10T05:00:00Z,not_comparable
KXHOUSEWINSTATE-TND-E2,KXHOUSEWINSTATE,KXHOUSEWINSTATE-TND,Will Democrats win exactly 2 seats in the 2026 U.S. House of Representatives elections in Tennessee?,2,,active,US_2026_general_election,7,stale_observation,usable,,0.05,,2026-09-06T20:00:00Z,2026-08-31T23:00:00Z,not_comparable
KXHOUSEWINSTATE-TND-E2,KXHOUSEWINSTATE,KXHOUSEWINSTATE-TND,Will Democrats win exactly 2 seats in the 2026 U.S. House of Representatives elections in Tennessee?,2,,active,US_2026_general_election,14,stale_observation,stale_observation,,,,2026-09-06T20:00:00Z,2026-08-23T19:00:00Z,not_comparable
KXHOUSEWINSTATE-TND-E2,KXHOUSEWINSTATE,KXHOUSEWINSTATE-TND,Will Democrats win exactly 2 seats in the 2026 U.S. House of Representatives elections in Tennessee?,2,,active,US_2026_general_election,28,stale_observation,stale_observation,,,,2026-09-06T20:00:00Z,2026-08-10T03:00:00Z,not_comparable
KXHOUSEWINSTATE-TND-E1,KXHOUSEWINSTATE,KXHOUSEWINSTATE-TND,Will Democrats win exactly 1 seats in the 2026 U.S. House of Representatives elections in Tennessee?,1,,active,US_2026_general_election,7,usable,usable,0.12,0.22,-10.0,2026-09-08T15:00:00Z,2026-09-01T14:00:00Z,same_contract_descriptive
KXHOUSEWINSTATE-TND-E1,KXHOUSEWINSTATE,KXHOUSEWINSTATE-TND,Will Democrats win exactly 1 seats in the 2026 U.S. House of Representatives elections in Tennessee?,1,,active,US_2026_general_election,14,usable,usable,0.12,0.22,-10.0,2026-09-08T15:00:00Z,2026-08-25T08:00:00Z,same_contract_descriptive
KXHOUSEWINSTATE-TND-E1,KXHOUSEWINSTATE,KXHOUSEWINSTATE-TND,Will Democrats win exactly 1 seats in the 2026 U.S. House of Representatives elections in Tennessee?,1,,active,US_2026_general_election,28,usable,usable,0.12,0.25,-13.0,2026-09-08T15:00:00Z,2026-08-11T14:00:00Z,same_contract_descriptive
KXHOUSEWINSTATE-TND-E0,KXHOUSEWINSTATE,KXHOUSEWINSTATE-TND,Will Democrats win exactly 0 seats in the 2026 U.S. House of Representatives elections in Tennessee?,0,,active,US_2026_general_election,7,usable,usable,0.865,0.725,14.000000000000002,2026-09-08T09:00:00Z,2026-08-31T23:00:00Z,same_contract_descriptive
KXHOUSEWINSTATE-TND-E0,KXHOUSEWINSTATE,KXHOUSEWINSTATE-TND,Will Democrats win exactly 0 seats in the 2026 U.S. House of Representatives elections in Tennessee?,0,,active,US_2026_general_election,14,usable,stale_observation,0.865,,,2026-09-08T09:00:00Z,2026-08-23T19:00:00Z,not_comparable
KXHOUSEWINSTATE-TND-E0,KXHOUSEWINSTATE,KXHOUSEWINSTATE-TND,Will Democrats win exactly 0 seats in the 2026 U.S. House of Representatives elections in Tennessee?,0,,active,US_2026_general_election,28,usable,stale_observation,0.865,,,2026-09-08T09:00:00Z,2026-08-07T08:00:00Z,not_comparable
KXHOUSEWINSTATE-TND-A2,KXHOUSEWINSTATE,KXHOUSEWINSTATE-TND,Will Democrats win more than 2 seats in the 2026 U.S. House of Representatives elections in Tennessee?,Above 2,,active,US_2026_general_election,7,stale_observation,usable,,0.030000000000000002,,2026-09-06T20:00:00Z,2026-09-01T00:00:00Z,not_comparable
KXHOUSEWINSTATE-TND-A2,KXHOUSEWINSTATE,KXHOUSEWINSTATE-TND,Will Democrats win more than 2 seats in the 2026 U.S. House of Representatives elections in Tennessee?,Above 2,,active,US_2026_general_election,14,stale_observation,stale_observation,,,,2026-09-06T20:00:00Z,2026-08-23T19:00:00Z,not_comparable
KXHOUSEWINSTATE-TND-A2,KXHOUSEWINSTATE,KXHOUSEWINSTATE-TND,Will Democrats win more than 2 seats in the 2026 U.S. House of Representatives elections in Tennessee?,Above 2,,active,US_2026_general_election,28,stale_observation,stale_observation,,,,2026-09-06T20:00:00Z,2026-08-10T03:00:00Z,not_comparable
KXHOUSEWINSTATE-ALD-E2,KXHOUSEWINSTATE,KXHOUSEWINSTATE-ALD,Will Democrats win exactly 2 seats in the 2026 U.S. House of Representatives elections in Alabama?,2,,active,US_2026_general_election,7,usable,usable,0.19,0.195,-0.5000000000000004,2026-09-08T09:00:00Z,2026-09-01T15:00:00Z,same_contract_descriptive
KXHOUSEWINSTATE-ALD-E2,KXHOUSEWINSTATE,KXHOUSEWINSTATE-ALD,Will Democrats win exactly 2 seats in the 2026 U.S. House of Representatives elections in Alabama?,2,,active,US_2026_general_election,14,usable,usable,0.19,0.19,0.0,2026-09-08T09:00:00Z,2026-08-25T11:00:00Z,same_contract_descriptive
KXHOUSEWINSTATE-ALD-E2,KXHOUSEWINSTATE,KXHOUSEWINSTATE-ALD,Will Democrats win exactly 2 seats in the 2026 U.S. House of Representatives elections in Alabama?,2,,active,US_2026_general_election,28,usable,stale_observation,0.19,,,2026-09-08T09:00:00Z,2026-08-09T23:00:00Z,not_comparable
KXHOUSEWINSTATE-ALD-E1,KXHOUSEWINSTATE,KXHOUSEWINSTATE-ALD,Will Democrats win exactly 1 seats in the 2026 U.S. House of Representatives elections in Alabama?,1,,active,US_2026_general_election,7,usable,usable,0.725,0.725,0.0,2026-09-08T14:00:00Z,2026-09-01T12:00:00Z,same_contract_descriptive
KXHOUSEWINSTATE-ALD-E1,KXHOUSEWINSTATE,KXHOUSEWINSTATE-ALD,Will Democrats win exactly 1 seats in the 2026 U.S. House of Representatives elections in Alabama?,1,,active,US_2026_general_election,14,usable,usable,0.725,0.72,0.5000000000000004,2026-09-08T14:00:00Z,2026-08-25T11:00:00Z,same_contract_descriptive
KXHOUSEWINSTATE-ALD-E1,KXHOUSEWINSTATE,KXHOUSEWINSTATE-ALD,Will Democrats win exactly 1 seats in the 2026 U.S. House of Representatives elections in Alabama?,1,,active,US_2026_general_election,28,usable,stale_observation,0.725,,,2026-09-08T14:00:00Z,2026-08-06T11:00:00Z,not_comparable
KXHOUSEWINSTATE-ALD-E0,KXHOUSEWINSTATE,KXHOUSEWINSTATE-ALD,Will Democrats win exactly 0 seats in the 2026 U.S. House of Representatives elections in Alabama?,0,,active,US_2026_general_election,7,usable,usable,0.075,0.08499999999999999,-0.9999999999999996,2026-09-08T14:00:00Z,2026-09-01T14:00:00Z,same_contract_descriptive
KXHOUSEWINSTATE-ALD-E0,KXHOUSEWINSTATE,KXHOUSEWINSTATE-ALD,Will Democrats win exactly 0 seats in the 2026 U.S. House of Representatives elections in Alabama?,0,,active,US_2026_general_election,14,usable,usable,0.075,0.08499999999999999,-0.9999999999999996,2026-09-08T14:00:00Z,2026-08-25T11:00:00Z,same_contract_descriptive
KXHOUSEWINSTATE-ALD-E0,KXHOUSEWINSTATE,KXHOUSEWINSTATE-ALD,Will Democrats win exactly 0 seats in the 2026 U.S. House of Representatives elections in Alabama?,0,,active,US_2026_general_election,28,usable,stale_observation,0.075,,,2026-09-08T14:00:00Z,2026-08-09T23:00:00Z,not_comparable
KXHOUSEWINSTATE-ALD-A2,KXHOUSEWINSTATE,KXHOUSEWINSTATE-ALD,Will Democrats win more than 2 seats in the 2026 U.S. House of Representatives elections in Alabama?,Above 2,,active,US_2026_general_election,7,stale_observation,stale_observation,,,,2026-08-13T11:00:00Z,2026-08-13T11:00:00Z,not_comparable
KXHOUSEWINSTATE-ALD-A2,KXHOUSEWINSTATE,KXHOUSEWINSTATE-ALD,Will Democrats win more than 2 seats in the 2026 U.S. House of Representatives elections in Alabama?,Above 2,,active,US_2026_general_election,14,stale_observation,stale_observation,,,,2026-08-13T11:00:00Z,2026-08-13T11:00:00Z,not_comparable
KXHOUSEWINSTATE-ALD-A2,KXHOUSEWINSTATE,KXHOUSEWINSTATE-ALD,Will Democrats win more than 2 seats in the 2026 U.S. House of Representatives elections in Alabama?,Above 2,,active,US_2026_general_election,28,stale_observation,stale_observation,,,,2026-08-13T11:00:00Z,2026-08-10T03:00:00Z,not_comparable
KXHOUSEWINSTATE-LAD-E2,KXHOUSEWINSTATE,KXHOUSEWINSTATE-LAD,Will Democrats win exactly 2 seats in the 2026 U.S. House of Representatives elections in Louisiana?,2,,active,US_2026_general_election,7,usable,usable,0.04,0.04,0.0,2026-09-08T09:00:00Z,2026-09-01T12:00:00Z,same_contract_descriptive
KXHOUSEWINSTATE-LAD-E2,KXHOUSEWINSTATE,KXHOUSEWINSTATE-LAD,Will Democrats win exactly 2 seats in the 2026 U.S. House of Representatives elections in Louisiana?,2,,active,US_2026_general_election,14,usable,usable,0.04,0.04,0.0,2026-09-08T09:00:00Z,2026-08-25T11:00:00Z,same_contract_descriptive
KXHOUSEWINSTATE-LAD-E2,KXHOUSEWINSTATE,KXHOUSEWINSTATE-LAD,Will Democrats win exactly 2 seats in the 2026 U.S. House of Representatives elections in Louisiana?,2,,active,US_2026_general_election,28,usable,stale_observation,0.04,,,2026-09-08T09:00:00Z,2026-08-10T03:00:00Z,not_comparable
KXHOUSEWINSTATE-LAD-E1,KXHOUSEWINSTATE,KXHOUSEWINSTATE-LAD,Will Democrats win exactly 1 seats in the 2026 U.S. House of Representatives elections in Louisiana?,1,,active,US_2026_general_election,7,usable,usable,0.925,0.925,0.0,2026-09-08T15:00:00Z,2026-09-01T14:00:00Z,same_contract_descriptive
KXHOUSEWINSTATE-LAD-E1,KXHOUSEWINSTATE,KXHOUSEWINSTATE-LAD,Will Democrats win exactly 1 seats in the 2026 U.S. House of Representatives elections in Louisiana?,1,,active,US_2026_general_election,14,usable,usable,0.925,0.925,0.0,2026-09-08T15:00:00Z,2026-08-25T14:00:00Z,same_contract_descriptive
KXHOUSEWINSTATE-LAD-E1,KXHOUSEWINSTATE,KXHOUSEWINSTATE-LAD,Will Democrats win exactly 1 seats in the 2026 U.S. House of Representatives elections in Louisiana?,1,,active,US_2026_general_election,28,usable,usable,0.925,0.925,0.0,2026-09-08T15:00:00Z,2026-08-11T15:00:00Z,same_contract_descriptive
KXHOUSEWINSTATE-LAD-E0,KXHOUSEWINSTATE,KXHOUSEWINSTATE-LAD,Will Democrats win exactly 0 seats in the 2026 U.S. House of Representatives elections in Louisiana?,0,,active,US_2026_general_election,7,stale_observation,usable,,0.034999999999999996,,2026-09-07T00:00:00Z,2026-09-01T14:00:00Z,not_comparable
KXHOUSEWINSTATE-LAD-E0,KXHOUSEWINSTATE,KXHOUSEWINSTATE-LAD,Will Democrats win exactly 0 seats in the 2026 U.S. House of Representatives elections in Louisiana?,0,,active,US_2026_general_election,14,stale_observation,usable,,0.034999999999999996,,2026-09-07T00:00:00Z,2026-08-25T08:00:00Z,not_comparable
KXHOUSEWINSTATE-LAD-E0,KXHOUSEWINSTATE,KXHOUSEWINSTATE-LAD,Will Democrats win exactly 0 seats in the 2026 U.S. House of Representatives elections in Louisiana?,0,,active,US_2026_general_election,28,stale_observation,stale_observation,,,,2026-09-07T00:00:00Z,2026-08-10T03:00:00Z,not_comparable
KXHOUSEWINSTATE-LAD-A2,KXHOUSEWINSTATE,KXHOUSEWINSTATE-LAD,Will Democrats win more than 2 seats in the 2026 U.S. House of Representatives elections in Louisiana?,Above 2,,active,US_2026_general_election,7,stale_observation,usable,,0.03,,2026-09-06T02:00:00Z,2026-08-31T23:00:00Z,not_comparable
KXHOUSEWINSTATE-LAD-A2,KXHOUSEWINSTATE,KXHOUSEWINSTATE-LAD,Will Democrats win more than 2 seats in the 2026 U.S. House of Representatives elections in Louisiana?,Above 2,,active,US_2026_general_election,14,stale_observation,stale_observation,,,,2026-09-06T02:00:00Z,2026-08-21T21:00:00Z,not_comparable
KXHOUSEWINSTATE-LAD-A2,KXHOUSEWINSTATE,KXHOUSEWINSTATE-LAD,Will Democrats win more than 2 seats in the 2026 U.S. House of Representatives elections in Louisiana?,Above 2,,active,US_2026_general_election,28,stale_observation,stale_observation,,,,2026-09-06T02:00:00Z,2026-08-10T03:00:00Z,not_comparable
KXHOUSEWINSTATE-FLD-B4,KXHOUSEWINSTATE,KXHOUSEWINSTATE-FLD,Will Democrats win fewer than 4 seats in the 2026 U.S. House of Representatives elections in Florida?,Below 4,,active,US_2026_general_election,7,usable,usable,0.04,0.045,-0.4999999999999998,2026-09-08T08:00:00Z,2026-09-01T00:00:00Z,same_contract_descriptive
KXHOUSEWINSTATE-FLD-B4,KXHOUSEWINSTATE,KXHOUSEWINSTATE-FLD,Will Democrats win fewer than 4 seats in the 2026 U.S. House of Representatives elections in Florida?,Below 4,,active,US_2026_general_election,14,usable,stale_observation,0.04,,,2026-09-08T08:00:00Z,2026-08-21T21:00:00Z,not_comparable
KXHOUSEWINSTATE-FLD-B4,KXHOUSEWINSTATE,KXHOUSEWINSTATE-FLD,Will Democrats win fewer than 4 seats in the 2026 U.S. House of Representatives elections in Florida?,Below 4,,active,US_2026_general_election,28,usable,stale_observation,0.04,,,2026-09-08T08:00:00Z,2026-08-10T03:00:00Z,not_comparable
KXHOUSEWINSTATE-FLD-A10,KXHOUSEWINSTATE,KXHOUSEWINSTATE-FLD,Will Democrats win more than 10 seats in the 2026 U.S. House of Representatives elections in Florida?,Above 10,,active,US_2026_general_election,7,stale_observation,usable,,0.11,,2026-09-05T01:00:00Z,2026-09-01T14:00:00Z,not_comparable
KXHOUSEWINSTATE-FLD-A10,KXHOUSEWINSTATE,KXHOUSEWINSTATE-FLD,Will Democrats win more than 10 seats in the 2026 U.S. House of Representatives elections in Florida?,Above 10,,active,US_2026_general_election,14,stale_observation,usable,,0.12,,2026-09-05T01:00:00Z,2026-08-25T08:00:00Z,not_comparable
KXHOUSEWINSTATE-FLD-A10,KXHOUSEWINSTATE,KXHOUSEWINSTATE-FLD,Will Democrats win more than 10 seats in the 2026 U.S. House of Representatives elections in Florida?,Above 10,,active,US_2026_general_election,28,stale_observation,stale_observation,,,,2026-09-05T01:00:00Z,2026-08-09T23:00:00Z,not_comparable
KXHOUSEWINSTATE-FLD-9-9,KXHOUSEWINSTATE,KXHOUSEWINSTATE-FLD,Will Democrats win 9 seats in the 2026 U.S. House of Representatives elections in Florida?,9,,active,US_2026_general_election,7,usable,usable,0.060000000000000005,0.055,0.5000000000000004,2026-09-08T14:00:00Z,2026-09-01T14:00:00Z,same_contract_descriptive
KXHOUSEWINSTATE-FLD-9-9,KXHOUSEWINSTATE,KXHOUSEWINSTATE-FLD,Will Democrats win 9 seats in the 2026 U.S. House of Representatives elections in Florida?,9,,active,US_2026_general_election,14,usable,usable,0.060000000000000005,0.065,-0.4999999999999998,2026-09-08T14:00:00Z,2026-08-25T08:00:00Z,same_contract_descriptive
KXHOUSEWINSTATE-FLD-9-9,KXHOUSEWINSTATE,KXHOUSEWINSTATE-FLD,Will Democrats win 9 seats in the 2026 U.S. House of Representatives elections in Florida?,9,,active,US_2026_general_election,28,usable,stale_observation,0.060000000000000005,,,2026-09-08T14:00:00Z,2026-08-10T05:00:00Z,not_comparable
KXHOUSEWINSTATE-FLD-8-8,KXHOUSEWINSTATE,KXHOUSEWINSTATE-FLD,Will Democrats win 8 seats in the 2026 U.S. House of Representatives elections in Florida?,8,,active,US_2026_general_election,7,usable,usable,0.12,0.12,0.0,2026-09-08T14:00:00Z,2026-09-01T14:00:00Z,same_contract_descriptive
KXHOUSEWINSTATE-FLD-8-8,KXHOUSEWINSTATE,KXHOUSEWINSTATE-FLD,Will Democrats win 8 seats in the 2026 U.S. House of Representatives elections in Florida?,8,,active,US_2026_general_election,14,usable,usable,0.12,0.125,-0.5000000000000004,2026-09-08T14:00:00Z,2026-08-25T14:00:00Z,same_contract_descriptive
KXHOUSEWINSTATE-FLD-8-8,KXHOUSEWINSTATE,KXHOUSEWINSTATE-FLD,Will Democrats win 8 seats in the 2026 U.S. House of Representatives elections in Florida?,8,,active,US_2026_general_election,28,usable,stale_observation,0.12,,,2026-09-08T14:00:00Z,2026-08-09T23:00:00Z,not_comparable
KXHOUSEWINSTATE-FLD-7-7,KXHOUSEWINSTATE,KXHOUSEWINSTATE-FLD,Will Democrats win 7 seats in the 2026 U.S. House of Representatives elections in Florida?,7,,active,US_2026_general_election,7,usable,usable,0.19,0.19,0.0,2026-09-08T14:00:00Z,2026-09-01T14:00:00Z,same_contract_descriptive
KXHOUSEWINSTATE-FLD-7-7,KXHOUSEWINSTATE,KXHOUSEWINSTATE-FLD,Will Democrats win 7 seats in the 2026 U.S. House of Representatives elections in Florida?,7,,active,US_2026_general_election,14,usable,usable,0.19,0.195,-0.5000000000000004,2026-09-08T14:00:00Z,2026-08-25T14:00:00Z,same_contract_descriptive
KXHOUSEWINSTATE-FLD-7-7,KXHOUSEWINSTATE,KXHOUSEWINSTATE-FLD,Will Democrats win 7 seats in the 2026 U.S. House of Representatives elections in Florida?,7,,active,US_2026_general_election,28,usable,stale_observation,0.19,,,2026-09-08T14:00:00Z,2026-08-09T23:00:00Z,not_comparable
KXHOUSEWINSTATE-FLD-6-6,KXHOUSEWINSTATE,KXHOUSEWINSTATE-FLD,Will Democrats win 6 seats in the 2026 U.S. House of Representatives elections in Florida?,6,,active,US_2026_general_election,7,usable,usable,0.15,0.14,0.9999999999999981,2026-09-07T23:00:00Z,2026-09-01T14:00:00Z,same_contract_descriptive
KXHOUSEWINSTATE-FLD-6-6,KXHOUSEWINSTATE,KXHOUSEWINSTATE-FLD,Will Democrats win 6 seats in the 2026 U.S. House of Representatives elections in Florida?,6,,active,US_2026_general_election,14,usable,usable,0.15,0.14500000000000002,0.49999999999999767,2026-09-07T23:00:00Z,2026-08-25T14:00:00Z,same_contract_descriptive
KXHOUSEWINSTATE-FLD-6-6,KXHOUSEWINSTATE,KXHOUSEWINSTATE-FLD,Will Democrats win 6 seats in the 2026 U.S. House of Representatives elections in Florida?,6,,active,US_2026_general_election,28,usable,stale_observation,0.15,,,2026-09-07T23:00:00Z,2026-08-10T05:00:00Z,not_comparable
KXHOUSEWINSTATE-FLD-5-5,KXHOUSEWINSTATE,KXHOUSEWINSTATE-FLD,Will Democrats win 5 seats in the 2026 U.S. House of Representatives elections in Florida?,5,,active,US_2026_general_election,7,stale_observation,usable,,0.09,,2026-09-05T18:00:00Z,2026-09-01T14:00:00Z,not_comparable
KXHOUSEWINSTATE-FLD-5-5,KXHOUSEWINSTATE,KXHOUSEWINSTATE-FLD,Will Democrats win 5 seats in the 2026 U.S. House of Representatives elections in Florida?,5,,active,US_2026_general_election,14,stale_observation,usable,,0.08,,2026-09-05T18:00:00Z,2026-08-25T11:00:00Z,not_comparable
KXHOUSEWINSTATE-FLD-5-5,KXHOUSEWINSTATE,KXHOUSEWINSTATE-FLD,Will Democrats win 5 seats in the 2026 U.S. House of Representatives elections in Florida?,5,,active,US_2026_general_election,28,stale_observation,stale_observation,,,,2026-09-05T18:00:00Z,2026-08-10T05:00:00Z,not_comparable
KXHOUSEWINSTATE-FLD-4-4,KXHOUSEWINSTATE,KXHOUSEWINSTATE-FLD,Will Democrats win 4 seats in the 2026 U.S. House of Representatives elections in Florida?,4,,active,US_2026_general_election,7,usable,usable,0.155,0.155,0.0,2026-09-07T21:00:00Z,2026-09-01T14:00:00Z,same_contract_descriptive
KXHOUSEWINSTATE-FLD-4-4,KXHOUSEWINSTATE,KXHOUSEWINSTATE-FLD,Will Democrats win 4 seats in the 2026 U.S. House of Representatives elections in Florida?,4,,active,US_2026_general_election,14,usable,usable,0.155,0.16,-0.5000000000000004,2026-09-07T21:00:00Z,2026-08-25T11:00:00Z,same_contract_descriptive
KXHOUSEWINSTATE-FLD-4-4,KXHOUSEWINSTATE,KXHOUSEWINSTATE-FLD,Will Democrats win 4 seats in the 2026 U.S. House of Representatives elections in Florida?,4,,active,US_2026_general_election,28,usable,stale_observation,0.155,,,2026-09-07T21:00:00Z,2026-08-09T23:00:00Z,not_comparable
KXHOUSEWINSTATE-FLD-10-10,KXHOUSEWINSTATE,KXHOUSEWINSTATE-FLD,Will Democrats win 10 seats in the 2026 U.S. House of Representatives elections in Florida?,10,,active,US_2026_general_election,7,stale_observation,usable,,0.08499999999999999,,2026-09-06T00:00:00Z,2026-09-01T14:00:00Z,not_comparable
KXHOUSEWINSTATE-FLD-10-10,KXHOUSEWINSTATE,KXHOUSEWINSTATE-FLD,Will Democrats win 10 seats in the 2026 U.S. House of Representatives elections in Florida?,10,,active,US_2026_general_election,14,stale_observation,usable,,0.065,,2026-09-06T00:00:00Z,2026-08-25T08:00:00Z,not_comparable
KXHOUSEWINSTATE-FLD-10-10,KXHOUSEWINSTATE,KXHOUSEWINSTATE-FLD,Will Democrats win 10 seats in the 2026 U.S. House of Representatives elections in Florida?,10,,active,US_2026_general_election,28,stale_observation,stale_observation,,,,2026-09-06T00:00:00Z,2026-08-10T05:00:00Z,not_comparable
KXMDSD2-26-PCOR,KXMDSD2,KXMDSD2-26,Who will win the 2026 Maryland State Senate District 2 general election?,Paul Corderman,,active,US_2026_general_election,7,usable,usable,0.935,0.955,-1.9999999999999907,2026-09-08T09:00:00Z,2026-09-01T07:00:00Z,same_contract_descriptive
KXMDSD2-26-PCOR,KXMDSD2,KXMDSD2-26,Who will win the 2026 Maryland State Senate District 2 general election?,Paul Corderman,,active,US_2026_general_election,14,usable,usable,0.935,0.915,2.0000000000000018,2026-09-08T09:00:00Z,2026-08-25T15:00:00Z,same_contract_descriptive
KXMDSD2-26-PCOR,KXMDSD2,KXMDSD2-26,Who will win the 2026 Maryland State Senate District 2 general election?,Paul Corderman,,active,US_2026_general_election,28,usable,missing_usable_quote,0.935,,,2026-09-08T09:00:00Z,,not_comparable
KXMDSD2-26-EBUR,KXMDSD2,KXMDSD2-26,Who will win the 2026 Maryland State Senate District 2 general election?,Eric Van Buren,,active,US_2026_general_election,7,usable,usable,0.06,0.025,3.4999999999999996,2026-09-08T09:00:00Z,2026-09-01T12:00:00Z,same_contract_descriptive
KXMDSD2-26-EBUR,KXMDSD2,KXMDSD2-26,Who will win the 2026 Maryland State Senate District 2 general election?,Eric Van Buren,,active,US_2026_general_election,14,usable,usable,0.06,0.07500000000000001,-1.5000000000000013,2026-09-08T09:00:00Z,2026-08-25T15:00:00Z,same_contract_descriptive
KXMDSD2-26-EBUR,KXMDSD2,KXMDSD2-26,Who will win the 2026 Maryland State Senate District 2 general election?,Eric Van Buren,,active,US_2026_general_election,28,usable,missing_usable_quote,0.06,,,2026-09-08T09:00:00Z,,not_comparable
KXMOSD8-26-KING,KXMOSD8,KXMOSD8-26,Who will win the 2026 Missouri State Senate District 8 general election?,Keri Ingle,,active,US_2026_general_election,7,usable,usable,0.31,0.31,0.0,2026-09-08T15:00:00Z,2026-09-01T15:00:00Z,same_contract_descriptive
KXMOSD8-26-KING,KXMOSD8,KXMOSD8-26,Who will win the 2026 Missouri State Senate District 8 general election?,Keri Ingle,,active,US_2026_general_election,14,usable,usable,0.31,0.30500000000000005,0.4999999999999949,2026-09-08T15:00:00Z,2026-08-25T15:00:00Z,same_contract_descriptive
KXMOSD8-26-KING,KXMOSD8,KXMOSD8-26,Who will win the 2026 Missouri State Senate District 8 general election?,Keri Ingle,,active,US_2026_general_election,28,usable,missing_usable_quote,0.31,,,2026-09-08T15:00:00Z,,not_comparable
KXMOSD8-26-JPAT,KXMOSD8,KXMOSD8-26,Who will win the 2026 Missouri State Senate District 8 general election?,Jon Patterson,,active,US_2026_general_election,7,usable,usable,0.745,0.715,3.0000000000000027,2026-09-08T15:00:00Z,2026-09-01T11:00:00Z,same_contract_descriptive
KXMOSD8-26-JPAT,KXMOSD8,KXMOSD8-26,Who will win the 2026 Missouri State Senate District 8 general election?,Jon Patterson,,active,US_2026_general_election,14,usable,usable,0.745,0.6950000000000001,4.999999999999993,2026-09-08T15:00:00Z,2026-08-25T15:00:00Z,same_contract_descriptive
KXMOSD8-26-JPAT,KXMOSD8,KXMOSD8-26,Who will win the 2026 Missouri State Senate District 8 general election?,Jon Patterson,,active,US_2026_general_election,28,usable,missing_usable_quote,0.745,,,2026-09-08T15:00:00Z,,not_comparable
KXPAHD12-26-STIM,KXPAHD12,KXPAHD12-26,Who will win the Pennsylvania State House District 12 general election?,Scott Timko,,active,US_2026_general_election,7,stale_observation,stale_observation,,,,2026-08-23T19:00:00Z,2026-08-23T19:00:00Z,not_comparable
KXPAHD12-26-STIM,KXPAHD12,KXPAHD12-26,Who will win the Pennsylvania State House District 12 general election?,Scott Timko,,active,US_2026_general_election,14,stale_observation,stale_observation,,,,2026-08-23T19:00:00Z,2026-08-23T19:00:00Z,not_comparable
KXPAHD12-26-STIM,KXPAHD12,KXPAHD12-26,Who will win the Pennsylvania State House District 12 general election?,Scott Timko,,active,US_2026_general_election,28,stale_observation,missing_usable_quote,,,,2026-08-23T19:00:00Z,,not_comparable
KXPAHD12-26-BDUK,KXPAHD12,KXPAHD12-26,Who will win the Pennsylvania State House District 12 general election?,Brandon Dukes,,active,US_2026_general_election,7,stale_observation,stale_observation,,,,2026-08-23T13:00:00Z,2026-08-23T13:00:00Z,not_comparable
KXPAHD12-26-BDUK,KXPAHD12,KXPAHD12-26,Who will win the Pennsylvania State House District 12 general election?,Brandon Dukes,,active,US_2026_general_election,14,stale_observation,stale_observation,,,,2026-08-23T13:00:00Z,2026-08-23T13:00:00Z,not_comparable
KXPAHD12-26-BDUK,KXPAHD12,KXPAHD12-26,Who will win the Pennsylvania State House District 12 general election?,Brandon Dukes,,active,US_2026_general_election,28,stale_observation,missing_usable_quote,,,,2026-08-23T13:00:00Z,,not_comparable
KXPAHOUSE-262-GOP,KXPAHOUSE,KXPAHOUSE-262,Who will win the Pennsylvania State House election?,Republican party,,active,US_2026_general_election,7,stale_observation,usable,,0.16499999999999998,,2026-09-05T12:00:00Z,2026-08-31T23:00:00Z,not_comparable
KXPAHOUSE-262-GOP,KXPAHOUSE,KXPAHOUSE-262,Who will win the Pennsylvania State House election?,Republican party,,active,US_2026_general_election,14,stale_observation,usable,,0.165,,2026-09-05T12:00:00Z,2026-08-24T17:00:00Z,not_comparable
KXPAHOUSE-262-GOP,KXPAHOUSE,KXPAHOUSE-262,Who will win the Pennsylvania State House election?,Republican party,,active,US_2026_general_election,28,stale_observation,stale_observation,,,,2026-09-05T12:00:00Z,2026-08-06T08:00:00Z,not_comparable
KXPAHOUSE-262-DEM,KXPAHOUSE,KXPAHOUSE-262,Who will win the Pennsylvania State House election?,Democratic party,,active,US_2026_general_election,7,stale_observation,usable,,0.8300000000000001,,2026-09-05T12:00:00Z,2026-09-01T11:00:00Z,not_comparable
KXPAHOUSE-262-DEM,KXPAHOUSE,KXPAHOUSE-262,Who will win the Pennsylvania State House election?,Democratic party,,active,US_2026_general_election,14,stale_observation,usable,,0.8300000000000001,,2026-09-05T12:00:00Z,2026-08-25T11:00:00Z,not_comparable
KXPAHOUSE-262-DEM,KXPAHOUSE,KXPAHOUSE-262,Who will win the Pennsylvania State House election?,Democratic party,,active,US_2026_general_election,28,stale_observation,stale_observation,,,,2026-09-05T12:00:00Z,2026-08-05T16:00:00Z,not_comparable
KXPAHOUSE-26-GOP,KXPAHOUSE,KXPAHOUSE-26,Who will win Pennsylvania State House election?,Republican party,,active,US_2026_general_election,7,missing_usable_quote,missing_usable_quote,,,,,,not_comparable
KXPAHOUSE-26-GOP,KXPAHOUSE,KXPAHOUSE-26,Who will win Pennsylvania State House election?,Republican party,,active,US_2026_general_election,14,missing_usable_quote,missing_usable_quote,,,,,,not_comparable
KXPAHOUSE-26-GOP,KXPAHOUSE,KXPAHOUSE-26,Who will win Pennsylvania State House election?,Republican party,,active,US_2026_general_election,28,missing_usable_quote,missing_usable_quote,,,,,,not_comparable
KXPAHOUSE-26-DEM,KXPAHOUSE,KXPAHOUSE-26,Who will win Pennsylvania State House election?,Democratic party,,active,US_2026_general_election,7,missing_usable_quote,missing_usable_quote,,,,,,not_comparable
KXPAHOUSE-26-DEM,KXPAHOUSE,KXPAHOUSE-26,Who will win Pennsylvania State House election?,Democratic party,,active,US_2026_general_election,14,missing_usable_quote,missing_usable_quote,,,,,,not_comparable
KXPAHOUSE-26-DEM,KXPAHOUSE,KXPAHOUSE-26,Who will win Pennsylvania State House election?,Democratic party,,active,US_2026_general_election,28,missing_usable_quote,missing_usable_quote,,,,,,not_comparable
KXPASEN-262-R,KXPASEN,KXPASEN-262,Who will win the 2026 Pennsylvania State Senate election?,Republican party,,active,US_2026_general_election,7,stale_observation,usable,,0.5549999999999999,,2026-09-04T20:00:00Z,2026-08-31T23:00:00Z,not_comparable
KXPASEN-262-R,KXPASEN,KXPASEN-262,Who will win the 2026 Pennsylvania State Senate election?,Republican party,,active,US_2026_general_election,14,stale_observation,usable,,0.5449999999999999,,2026-09-04T20:00:00Z,2026-08-25T14:00:00Z,not_comparable
KXPASEN-262-R,KXPASEN,KXPASEN-262,Who will win the 2026 Pennsylvania State Senate election?,Republican party,,active,US_2026_general_election,28,stale_observation,usable,,0.56,,2026-09-04T20:00:00Z,2026-08-10T18:00:00Z,not_comparable
KXPASEN-262-D,KXPASEN,KXPASEN-262,Who will win the 2026 Pennsylvania State Senate election?,Democratic party,,active,US_2026_general_election,7,stale_observation,usable,,0.46499999999999997,,2026-09-06T17:00:00Z,2026-08-31T23:00:00Z,not_comparable
KXPASEN-262-D,KXPASEN,KXPASEN-262,Who will win the 2026 Pennsylvania State Senate election?,Democratic party,,active,US_2026_general_election,14,stale_observation,usable,,0.46499999999999997,,2026-09-06T17:00:00Z,2026-08-24T19:00:00Z,not_comparable
KXPASEN-262-D,KXPASEN,KXPASEN-262,Who will win the 2026 Pennsylvania State Senate election?,Democratic party,,active,US_2026_general_election,28,stale_observation,missing_usable_quote,,,,2026-09-06T17:00:00Z,,not_comparable
KXPASEN-26-R,KXPASEN,KXPASEN-26,Who will win the 2026 Pennsylvania State Senate election?,Republican Party,,inactive,US_2026_general_election,7,missing_usable_quote,missing_usable_quote,,,,,,not_comparable
KXPASEN-26-R,KXPASEN,KXPASEN-26,Who will win the 2026 Pennsylvania State Senate election?,Republican Party,,inactive,US_2026_general_election,14,missing_usable_quote,missing_usable_quote,,,,,,not_comparable
KXPASEN-26-R,KXPASEN,KXPASEN-26,Who will win the 2026 Pennsylvania State Senate election?,Republican Party,,inactive,US_2026_general_election,28,missing_usable_quote,missing_usable_quote,,,,,,not_comparable
KXPASEN-26-D,KXPASEN,KXPASEN-26,Who will win the 2026 Pennsylvania State Senate election?,Democratic Party,,inactive,US_2026_general_election,7,missing_usable_quote,missing_usable_quote,,,,,,not_comparable
KXPASEN-26-D,KXPASEN,KXPASEN-26,Who will win the 2026 Pennsylvania State Senate election?,Democratic Party,,inactive,US_2026_general_election,14,missing_usable_quote,missing_usable_quote,,,,,,not_comparable
KXPASEN-26-D,KXPASEN,KXPASEN-26,Who will win the 2026 Pennsylvania State Senate election?,Democratic Party,,inactive,US_2026_general_election,28,missing_usable_quote,missing_usable_quote,,,,,,not_comparable
KXSTATELEG-TXSENA26-R,KXSTATELEG,KXSTATELEG-TXSENA26,Who will win the Texas Senate?,Republican party,,active,US_2026_general_election,7,usable,usable,0.9199999999999999,0.9199999999999999,0.0,2026-09-08T09:00:00Z,2026-09-01T12:00:00Z,same_contract_descriptive
KXSTATELEG-TXSENA26-R,KXSTATELEG,KXSTATELEG-TXSENA26,Who will win the Texas Senate?,Republican party,,active,US_2026_general_election,14,usable,usable,0.9199999999999999,0.925,-0.5000000000000115,2026-09-08T09:00:00Z,2026-08-25T13:00:00Z,same_contract_descriptive
KXSTATELEG-TXSENA26-R,KXSTATELEG,KXSTATELEG-TXSENA26,Who will win the Texas Senate?,Republican party,,active,US_2026_general_election,28,usable,stale_observation,0.9199999999999999,,,2026-09-08T09:00:00Z,2026-08-07T21:00:00Z,not_comparable
KXSTATELEG-TXSENA26-D,KXSTATELEG,KXSTATELEG-TXSENA26,Who will win the Texas Senate?,Democratic party,,active,US_2026_general_election,7,usable,usable,0.07,0.065,0.5000000000000004,2026-09-08T09:00:00Z,2026-09-01T12:00:00Z,same_contract_descriptive
KXSTATELEG-TXSENA26-D,KXSTATELEG,KXSTATELEG-TXSENA26,Who will win the Texas Senate?,Democratic party,,active,US_2026_general_election,14,usable,usable,0.07,0.06,1.0000000000000009,2026-09-08T09:00:00Z,2026-08-25T11:00:00Z,same_contract_descriptive
KXSTATELEG-TXSENA26-D,KXSTATELEG,KXSTATELEG-TXSENA26,Who will win the Texas Senate?,Democratic party,,active,US_2026_general_election,28,usable,usable,0.07,0.07,0.0,2026-09-08T09:00:00Z,2026-08-11T14:00:00Z,same_contract_descriptive
KXSTATELEG-TXHOUS26-R,KXSTATELEG,KXSTATELEG-TXHOUS26,Who will win the Texas House of Representatives?,Republican party,,active,US_2026_general_election,7,usable,usable,0.86,0.84,2.0000000000000018,2026-09-08T02:00:00Z,2026-09-01T10:00:00Z,same_contract_descriptive
KXSTATELEG-TXHOUS26-R,KXSTATELEG,KXSTATELEG-TXHOUS26,Who will win the Texas House of Representatives?,Republican party,,active,US_2026_general_election,14,usable,stale_observation,0.86,,,2026-09-08T02:00:00Z,2026-08-11T09:00:00Z,not_comparable
KXSTATELEG-TXHOUS26-R,KXSTATELEG,KXSTATELEG-TXHOUS26,Who will win the Texas House of Representatives?,Republican party,,active,US_2026_general_election,28,usable,usable,0.86,0.84,2.0000000000000018,2026-09-08T02:00:00Z,2026-08-11T09:00:00Z,same_contract_descriptive
KXSTATELEG-TXHOUS26-D,KXSTATELEG,KXSTATELEG-TXHOUS26,Who will win the Texas House of Representatives?,Democratic party,,active,US_2026_general_election,7,usable,usable,0.15,0.155,-0.5000000000000004,2026-09-08T15:00:00Z,2026-09-01T14:00:00Z,same_contract_descriptive
KXSTATELEG-TXHOUS26-D,KXSTATELEG,KXSTATELEG-TXHOUS26,Who will win the Texas House of Representatives?,Democratic party,,active,US_2026_general_election,14,usable,stale_observation,0.15,,,2026-09-08T15:00:00Z,2026-08-12T13:00:00Z,not_comparable
KXSTATELEG-TXHOUS26-D,KXSTATELEG,KXSTATELEG-TXHOUS26,Who will win the Texas House of Representatives?,Democratic party,,active,US_2026_general_election,28,usable,usable,0.15,0.15000000000000002,-2.7755575615628914e-15,2026-09-08T15:00:00Z,2026-08-11T15:00:00Z,same_contract_descriptive
KXSTATELEG-NVSENA26-R,KXSTATELEG,KXSTATELEG-NVSENA26,Who will win the Nevada Senate?,Republican party,,active,US_2026_general_election,7,usable,usable,0.025,0.030000000000000002,-0.5000000000000001,2026-09-08T09:00:00Z,2026-09-01T12:00:00Z,same_contract_descriptive
KXSTATELEG-NVSENA26-R,KXSTATELEG,KXSTATELEG-NVSENA26,Who will win the Nevada Senate?,Republican party,,active,US_2026_general_election,14,usable,usable,0.025,0.030000000000000002,-0.5000000000000001,2026-09-08T09:00:00Z,2026-08-25T11:00:00Z,same_contract_descriptive
KXSTATELEG-NVSENA26-R,KXSTATELEG,KXSTATELEG-NVSENA26,Who will win the Nevada Senate?,Republican party,,active,US_2026_general_election,28,usable,usable,0.025,0.034999999999999996,-0.9999999999999996,2026-09-08T09:00:00Z,2026-08-11T12:00:00Z,same_contract_descriptive
KXSTATELEG-NVSENA26-D,KXSTATELEG,KXSTATELEG-NVSENA26,Who will win the Nevada Senate?,Democratic party,,active,US_2026_general_election,7,stale_observation,stale_observation,,,,2026-08-12T14:00:00Z,2026-08-12T14:00:00Z,not_comparable
KXSTATELEG-NVSENA26-D,KXSTATELEG,KXSTATELEG-NVSENA26,Who will win the Nevada Senate?,Democratic party,,active,US_2026_general_election,14,stale_observation,stale_observation,,,,2026-08-12T14:00:00Z,2026-08-12T14:00:00Z,not_comparable
KXSTATELEG-NVSENA26-D,KXSTATELEG,KXSTATELEG-NVSENA26,Who will win the Nevada Senate?,Democratic party,,active,US_2026_general_election,28,stale_observation,stale_observation,,,,2026-08-12T14:00:00Z,2026-08-07T19:00:00Z,not_comparable
KXSTATELEG-NVASSE26-R,KXSTATELEG,KXSTATELEG-NVASSE26,Who will win the Nevada Assembly?,Republican party,,active,US_2026_general_election,7,stale_observation,usable,,0.055,,2026-09-04T20:00:00Z,2026-09-01T14:00:00Z,not_comparable
KXSTATELEG-NVASSE26-R,KXSTATELEG,KXSTATELEG-NVASSE26,Who will win the Nevada Assembly?,Republican party,,active,US_2026_general_election,14,stale_observation,stale_observation,,,,2026-09-04T20:00:00Z,2026-08-11T20:00:00Z,not_comparable
KXSTATELEG-NVASSE26-R,KXSTATELEG,KXSTATELEG-NVASSE26,Who will win the Nevada Assembly?,Republican party,,active,US_2026_general_election,28,stale_observation,stale_observation,,,,2026-09-04T20:00:00Z,2026-07-30T18:00:00Z,not_comparable
KXSTATELEG-NVASSE26-D,KXSTATELEG,KXSTATELEG-NVASSE26,Who will win the Nevada Assembly?,Democratic party,,active,US_2026_general_election,7,stale_observation,usable,,0.9450000000000001,,2026-09-04T20:00:00Z,2026-09-01T00:00:00Z,not_comparable
KXSTATELEG-NVASSE26-D,KXSTATELEG,KXSTATELEG-NVASSE26,Who will win the Nevada Assembly?,Democratic party,,active,US_2026_general_election,14,stale_observation,stale_observation,,,,2026-09-04T20:00:00Z,2026-08-11T20:00:00Z,not_comparable
KXSTATELEG-NVASSE26-D,KXSTATELEG,KXSTATELEG-NVASSE26,Who will win the Nevada Assembly?,Democratic party,,active,US_2026_general_election,28,stale_observation,stale_observation,,,,2026-09-04T20:00:00Z,2026-07-30T18:00:00Z,not_comparable
KXSTATELEG-FLSENA26-R,KXSTATELEG,KXSTATELEG-FLSENA26,Who will win the Florida Senate?,Republican party,,active,US_2026_general_election,7,stale_observation,usable,,0.9199999999999999,,2026-09-06T20:00:00Z,2026-09-01T10:00:00Z,not_comparable
KXSTATELEG-FLSENA26-R,KXSTATELEG,KXSTATELEG-FLSENA26,Who will win the Florida Senate?,Republican party,,active,US_2026_general_election,14,stale_observation,stale_observation,,,,2026-09-06T20:00:00Z,2026-08-12T06:00:00Z,not_comparable
KXSTATELEG-FLSENA26-R,KXSTATELEG,KXSTATELEG-FLSENA26,Who will win the Florida Senate?,Republican party,,active,US_2026_general_election,28,stale_observation,stale_observation,,,,2026-09-06T20:00:00Z,2026-08-09T19:00:00Z,not_comparable
KXSTATELEG-FLSENA26-D,KXSTATELEG,KXSTATELEG-FLSENA26,Who will win the Florida Senate?,Democratic party,,active,US_2026_general_election,7,stale_observation,usable,,0.08,,2026-09-06T20:00:00Z,2026-09-01T14:00:00Z,not_comparable
KXSTATELEG-FLSENA26-D,KXSTATELEG,KXSTATELEG-FLSENA26,Who will win the Florida Senate?,Democratic party,,active,US_2026_general_election,14,stale_observation,usable,,0.060000000000000005,,2026-09-06T20:00:00Z,2026-08-25T13:00:00Z,not_comparable
KXSTATELEG-FLSENA26-D,KXSTATELEG,KXSTATELEG-FLSENA26,Who will win the Florida Senate?,Democratic party,,active,US_2026_general_election,28,stale_observation,stale_observation,,,,2026-09-06T20:00:00Z,2026-08-10T00:00:00Z,not_comparable
KXSTATELEG-FLHOUS26-R,KXSTATELEG,KXSTATELEG-FLHOUS26,Who will win the Florida House of Representatives?,Republican party,,active,US_2026_general_election,7,stale_observation,usable,,0.925,,2026-09-04T20:00:00Z,2026-09-01T09:00:00Z,not_comparable
KXSTATELEG-FLHOUS26-R,KXSTATELEG,KXSTATELEG-FLHOUS26,Who will win the Florida House of Representatives?,Republican party,,active,US_2026_general_election,14,stale_observation,usable,,0.95,,2026-09-04T20:00:00Z,2026-08-25T11:00:00Z,not_comparable
KXSTATELEG-FLHOUS26-R,KXSTATELEG,KXSTATELEG-FLHOUS26,Who will win the Florida House of Representatives?,Republican party,,active,US_2026_general_election,28,stale_observation,stale_observation,,,,2026-09-04T20:00:00Z,2026-08-08T22:00:00Z,not_comparable
KXSTATELEG-FLHOUS26-D,KXSTATELEG,KXSTATELEG-FLHOUS26,Who will win the Florida House of Representatives?,Democratic party,,active,US_2026_general_election,7,usable,usable,0.08,0.07500000000000001,0.49999999999999906,2026-09-08T09:00:00Z,2026-09-01T12:00:00Z,same_contract_descriptive
KXSTATELEG-FLHOUS26-D,KXSTATELEG,KXSTATELEG-FLHOUS26,Who will win the Florida House of Representatives?,Democratic party,,active,US_2026_general_election,14,usable,usable,0.08,0.055,2.5,2026-09-08T09:00:00Z,2026-08-25T13:00:00Z,same_contract_descriptive
KXSTATELEG-FLHOUS26-D,KXSTATELEG,KXSTATELEG-FLHOUS26,Who will win the Florida House of Representatives?,Democratic party,,active,US_2026_general_election,28,usable,stale_observation,0.08,,,2026-09-08T09:00:00Z,2026-08-10T00:00:00Z,not_comparable
KXSTATELEG-GASEN26-R,KXSTATELEG,KXSTATELEG-GASEN26,Who will win the Georgia State Senate?,Republican party,,active,US_2026_general_election,7,stale_observation,usable,,0.825,,2026-09-04T20:00:00Z,2026-09-01T00:00:00Z,not_comparable
KXSTATELEG-GASEN26-R,KXSTATELEG,KXSTATELEG-GASEN26,Who will win the Georgia State Senate?,Republican party,,active,US_2026_general_election,14,stale_observation,stale_observation,,,,2026-09-04T20:00:00Z,2026-07-15T23:00:00Z,not_comparable
KXSTATELEG-GASEN26-R,KXSTATELEG,KXSTATELEG-GASEN26,Who will win the Georgia State Senate?,Republican party,,active,US_2026_general_election,28,stale_observation,stale_observation,,,,2026-09-04T20:00:00Z,2026-07-15T23:00:00Z,not_comparable
KXSTATELEG-GASEN26-D,KXSTATELEG,KXSTATELEG-GASEN26,Who will win the Georgia State Senate?,Democratic party,,active,US_2026_general_election,7,stale_observation,usable,,0.175,,2026-09-04T20:00:00Z,2026-09-01T00:00:00Z,not_comparable
KXSTATELEG-GASEN26-D,KXSTATELEG,KXSTATELEG-GASEN26,Who will win the Georgia State Senate?,Democratic party,,active,US_2026_general_election,14,stale_observation,usable,,0.14,,2026-09-04T20:00:00Z,2026-08-25T04:00:00Z,not_comparable
KXSTATELEG-GASEN26-D,KXSTATELEG,KXSTATELEG-GASEN26,Who will win the Georgia State Senate?,Democratic party,,active,US_2026_general_election,28,stale_observation,stale_observation,,,,2026-09-04T20:00:00Z,2026-07-15T23:00:00Z,not_comparable
KXSTATELEG-GAHOUSE26-R,KXSTATELEG,KXSTATELEG-GAHOUSE26,Who will win the Georgia State House?,Republican party,,active,US_2026_general_election,7,stale_observation,usable,,0.655,,2026-08-31T23:00:00Z,2026-08-31T23:00:00Z,not_comparable
KXSTATELEG-GAHOUSE26-R,KXSTATELEG,KXSTATELEG-GAHOUSE26,Who will win the Georgia State House?,Republican party,,active,US_2026_general_election,14,stale_observation,usable,,0.69,,2026-08-31T23:00:00Z,2026-08-25T11:00:00Z,not_comparable
KXSTATELEG-GAHOUSE26-R,KXSTATELEG,KXSTATELEG-GAHOUSE26,Who will win the Georgia State House?,Republican party,,active,US_2026_general_election,28,stale_observation,stale_observation,,,,2026-08-31T23:00:00Z,2026-08-05T04:00:00Z,not_comparable
KXSTATELEG-GAHOUSE26-D,KXSTATELEG,KXSTATELEG-GAHOUSE26,Who will win the Georgia State House?,Democratic party,,active,US_2026_general_election,7,usable,usable,0.365,0.36,0.5000000000000004,2026-09-08T15:00:00Z,2026-09-01T15:00:00Z,same_contract_descriptive
KXSTATELEG-GAHOUSE26-D,KXSTATELEG,KXSTATELEG-GAHOUSE26,Who will win the Georgia State House?,Democratic party,,active,US_2026_general_election,14,usable,stale_observation,0.365,,,2026-09-08T15:00:00Z,2026-08-12T07:00:00Z,not_comparable
KXSTATELEG-GAHOUSE26-D,KXSTATELEG,KXSTATELEG-GAHOUSE26,Who will win the Georgia State House?,Democratic party,,active,US_2026_general_election,28,usable,stale_observation,0.365,,,2026-09-08T15:00:00Z,2026-08-09T23:00:00Z,not_comparable
KXSTATELEG-WISEN26-R,KXSTATELEG,KXSTATELEG-WISEN26,Who will win the Wisconsin State Senate?,Republican party,,active,US_2026_general_election,7,stale_observation,usable,,0.255,,2026-09-04T20:00:00Z,2026-09-01T14:00:00Z,not_comparable
KXSTATELEG-WISEN26-R,KXSTATELEG,KXSTATELEG-WISEN26,Who will win the Wisconsin State Senate?,Republican party,,active,US_2026_general_election,14,stale_observation,stale_observation,,,,2026-09-04T20:00:00Z,2026-08-12T06:00:00Z,not_comparable
KXSTATELEG-WISEN26-R,KXSTATELEG,KXSTATELEG-WISEN26,Who will win the Wisconsin State Senate?,Republican party,,active,US_2026_general_election,28,stale_observation,stale_observation,,,,2026-09-04T20:00:00Z,2026-08-09T23:00:00Z,not_comparable
KXSTATELEG-WISEN26-D,KXSTATELEG,KXSTATELEG-WISEN26,Who will win the Wisconsin State Senate?,Democratic party,,active,US_2026_general_election,7,usable,usable,0.75,0.75,0.0,2026-09-07T20:00:00Z,2026-09-01T02:00:00Z,same_contract_descriptive
KXSTATELEG-WISEN26-D,KXSTATELEG,KXSTATELEG-WISEN26,Who will win the Wisconsin State Senate?,Democratic party,,active,US_2026_general_election,14,usable,stale_observation,0.75,,,2026-09-07T20:00:00Z,2026-08-12T14:00:00Z,not_comparable
KXSTATELEG-WISEN26-D,KXSTATELEG,KXSTATELEG-WISEN26,Who will win the Wisconsin State Senate?,Democratic party,,active,US_2026_general_election,28,usable,stale_observation,0.75,,,2026-09-07T20:00:00Z,2026-08-07T19:00:00Z,not_comparable
KXSTATELEG-WIASSEMBLY26-R,KXSTATELEG,KXSTATELEG-WIASSEMBLY26,Who will win the Wisconsin State Assembly?,Republican party,,active,US_2026_general_election,7,usable,usable,0.365,0.365,0.0,2026-09-08T09:00:00Z,2026-09-01T12:00:00Z,same_contract_descriptive
KXSTATELEG-WIASSEMBLY26-R,KXSTATELEG,KXSTATELEG-WIASSEMBLY26,Who will win the Wisconsin State Assembly?,Republican party,,active,US_2026_general_election,14,usable,stale_observation,0.365,,,2026-09-08T09:00:00Z,2026-08-12T08:00:00Z,not_comparable
KXSTATELEG-WIASSEMBLY26-R,KXSTATELEG,KXSTATELEG-WIASSEMBLY26,Who will win the Wisconsin State Assembly?,Republican party,,active,US_2026_general_election,28,usable,stale_observation,0.365,,,2026-09-08T09:00:00Z,2026-08-05T04:00:00Z,not_comparable
KXSTATELEG-WIASSEMBLY26-D,KXSTATELEG,KXSTATELEG-WIASSEMBLY26,Who will win the Wisconsin State Assembly?,Democratic party,,active,US_2026_general_election,7,usable,usable,0.63,0.63,0.0,2026-09-08T09:00:00Z,2026-09-01T11:00:00Z,same_contract_descriptive
KXSTATELEG-WIASSEMBLY26-D,KXSTATELEG,KXSTATELEG-WIASSEMBLY26,Who will win the Wisconsin State Assembly?,Democratic party,,active,US_2026_general_election,14,usable,stale_observation,0.63,,,2026-09-08T09:00:00Z,2026-08-12T07:00:00Z,not_comparable
KXSTATELEG-WIASSEMBLY26-D,KXSTATELEG,KXSTATELEG-WIASSEMBLY26,Who will win the Wisconsin State Assembly?,Democratic party,,active,US_2026_general_election,28,usable,usable,0.63,0.5449999999999999,8.500000000000007,2026-09-08T09:00:00Z,2026-08-11T01:00:00Z,same_contract_descriptive
KXSTATELEG-OHSEN26-R,KXSTATELEG,KXSTATELEG-OHSEN26,Who will win the Ohio State Senate?,Republican party,,active,US_2026_general_election,7,stale_observation,usable,,0.91,,2026-09-01T12:00:00Z,2026-09-01T12:00:00Z,not_comparable
KXSTATELEG-OHSEN26-R,KXSTATELEG,KXSTATELEG-OHSEN26,Who will win the Ohio State Senate?,Republican party,,active,US_2026_general_election,14,stale_observation,stale_observation,,,,2026-09-01T12:00:00Z,2026-08-12T14:00:00Z,not_comparable
KXSTATELEG-OHSEN26-R,KXSTATELEG,KXSTATELEG-OHSEN26,Who will win the Ohio State Senate?,Republican party,,active,US_2026_general_election,28,stale_observation,missing_usable_quote,,,,2026-09-01T12:00:00Z,,not_comparable
KXSTATELEG-OHSEN26-D,KXSTATELEG,KXSTATELEG-OHSEN26,Who will win the Ohio State Senate?,Democratic party,,active,US_2026_general_election,7,usable,usable,0.105,0.105,0.0,2026-09-08T09:00:00Z,2026-09-01T12:00:00Z,same_contract_descriptive
KXSTATELEG-OHSEN26-D,KXSTATELEG,KXSTATELEG-OHSEN26,Who will win the Ohio State Senate?,Democratic party,,active,US_2026_general_election,14,usable,stale_observation,0.105,,,2026-09-08T09:00:00Z,2026-08-12T14:00:00Z,not_comparable
KXSTATELEG-OHSEN26-D,KXSTATELEG,KXSTATELEG-OHSEN26,Who will win the Ohio State Senate?,Democratic party,,active,US_2026_general_election,28,usable,missing_usable_quote,0.105,,,2026-09-08T09:00:00Z,,not_comparable
KXSTATELEG-OHHOUSE26-R,KXSTATELEG,KXSTATELEG-OHHOUSE26,Who will win the Ohio State House?,Republican party,,active,US_2026_general_election,7,usable,usable,0.875,0.875,0.0,2026-09-08T09:00:00Z,2026-09-01T12:00:00Z,same_contract_descriptive
KXSTATELEG-OHHOUSE26-R,KXSTATELEG,KXSTATELEG-OHHOUSE26,Who will win the Ohio State House?,Republican party,,active,US_2026_general_election,14,usable,usable,0.875,0.875,0.0,2026-09-08T09:00:00Z,2026-08-25T11:00:00Z,same_contract_descriptive
KXSTATELEG-OHHOUSE26-R,KXSTATELEG,KXSTATELEG-OHHOUSE26,Who will win the Ohio State House?,Republican party,,active,US_2026_general_election,28,usable,usable,0.875,0.87,0.5000000000000004,2026-09-08T09:00:00Z,2026-08-10T21:00:00Z,same_contract_descriptive
KXSTATELEG-OHHOUSE26-D,KXSTATELEG,KXSTATELEG-OHHOUSE26,Who will win the Ohio State House?,Democratic party,,active,US_2026_general_election,7,usable,usable,0.13,0.13,0.0,2026-09-08T09:00:00Z,2026-09-01T12:00:00Z,same_contract_descriptive
KXSTATELEG-OHHOUSE26-D,KXSTATELEG,KXSTATELEG-OHHOUSE26,Who will win the Ohio State House?,Democratic party,,active,US_2026_general_election,14,usable,usable,0.13,0.145,-1.4999999999999987,2026-09-08T09:00:00Z,2026-08-25T13:00:00Z,same_contract_descriptive
KXSTATELEG-OHHOUSE26-D,KXSTATELEG,KXSTATELEG-OHHOUSE26,Who will win the Ohio State House?,Democratic party,,active,US_2026_general_election,28,usable,usable,0.13,0.135,-0.5000000000000004,2026-09-08T09:00:00Z,2026-08-10T21:00:00Z,same_contract_descriptive
KXSTATELEG-NCSEN26-R,KXSTATELEG,KXSTATELEG-NCSEN26,Who will win the North Carolina State Senate?,Republican party,,active,US_2026_general_election,7,usable,usable,0.9,0.875,2.500000000000002,2026-09-08T09:00:00Z,2026-09-01T12:00:00Z,same_contract_descriptive
KXSTATELEG-NCSEN26-R,KXSTATELEG,KXSTATELEG-NCSEN26,Who will win the North Carolina State Senate?,Republican party,,active,US_2026_general_election,14,usable,usable,0.9,0.925,-2.500000000000002,2026-09-08T09:00:00Z,2026-08-25T11:00:00Z,same_contract_descriptive
KXSTATELEG-NCSEN26-R,KXSTATELEG,KXSTATELEG-NCSEN26,Who will win the North Carolina State Senate?,Republican party,,active,US_2026_general_election,28,usable,stale_observation,0.9,,,2026-09-08T09:00:00Z,2026-08-09T23:00:00Z,not_comparable
KXSTATELEG-NCSEN26-D,KXSTATELEG,KXSTATELEG-NCSEN26,Who will win the North Carolina State Senate?,Democratic party,,active,US_2026_general_election,7,usable,usable,0.095,0.12000000000000001,-2.500000000000001,2026-09-07T23:00:00Z,2026-09-01T14:00:00Z,same_contract_descriptive
KXSTATELEG-NCSEN26-D,KXSTATELEG,KXSTATELEG-NCSEN26,Who will win the North Carolina State Senate?,Democratic party,,active,US_2026_general_election,14,usable,usable,0.095,0.07,2.4999999999999996,2026-09-07T23:00:00Z,2026-08-25T11:00:00Z,same_contract_descriptive
KXSTATELEG-NCSEN26-D,KXSTATELEG,KXSTATELEG-NCSEN26,Who will win the North Carolina State Senate?,Democratic party,,active,US_2026_general_election,28,usable,stale_observation,0.095,,,2026-09-07T23:00:00Z,2026-08-09T23:00:00Z,not_comparable
KXSTATELEG-NCHOUSE26-R,KXSTATELEG,KXSTATELEG-NCHOUSE26,Who will win the North Carolina State House?,Republican party,,active,US_2026_general_election,7,stale_observation,usable,,0.825,,2026-09-06T20:00:00Z,2026-08-31T23:00:00Z,not_comparable
KXSTATELEG-NCHOUSE26-R,KXSTATELEG,KXSTATELEG-NCHOUSE26,Who will win the North Carolina State House?,Republican party,,active,US_2026_general_election,14,stale_observation,stale_observation,,,,2026-09-06T20:00:00Z,2026-08-13T20:00:00Z,not_comparable
KXSTATELEG-NCHOUSE26-R,KXSTATELEG,KXSTATELEG-NCHOUSE26,Who will win the North Carolina State House?,Republican party,,active,US_2026_general_election,28,stale_observation,stale_observation,,,,2026-09-06T20:00:00Z,2026-07-18T00:00:00Z,not_comparable
KXSTATELEG-NCHOUSE26-D,KXSTATELEG,KXSTATELEG-NCHOUSE26,Who will win the North Carolina State House?,Democratic party,,active,US_2026_general_election,7,usable,usable,0.18,0.18,0.0,2026-09-08T09:00:00Z,2026-09-01T11:00:00Z,same_contract_descriptive
KXSTATELEG-NCHOUSE26-D,KXSTATELEG,KXSTATELEG-NCHOUSE26,Who will win the North Carolina State House?,Democratic party,,active,US_2026_general_election,14,usable,stale_observation,0.18,,,2026-09-08T09:00:00Z,2026-08-12T14:00:00Z,not_comparable
KXSTATELEG-NCHOUSE26-D,KXSTATELEG,KXSTATELEG-NCHOUSE26,Who will win the North Carolina State House?,Democratic party,,active,US_2026_general_election,28,usable,stale_observation,0.18,,,2026-09-08T09:00:00Z,2026-08-03T16:00:00Z,not_comparable
KXSTATELEG-NHSEN26-R,KXSTATELEG,KXSTATELEG-NHSEN26,Who will win the New Hampshire State Senate?,Republican party,,active,US_2026_general_election,7,usable,usable,0.675,0.675,0.0,2026-09-08T09:00:00Z,2026-09-01T12:00:00Z,same_contract_descriptive
KXSTATELEG-NHSEN26-R,KXSTATELEG,KXSTATELEG-NHSEN26,Who will win the New Hampshire State Senate?,Republican party,,active,US_2026_general_election,14,usable,stale_observation,0.675,,,2026-09-08T09:00:00Z,2026-08-07T18:00:00Z,not_comparable
KXSTATELEG-NHSEN26-R,KXSTATELEG,KXSTATELEG-NHSEN26,Who will win the New Hampshire State Senate?,Republican party,,active,US_2026_general_election,28,usable,stale_observation,0.675,,,2026-09-08T09:00:00Z,2026-08-07T18:00:00Z,not_comparable
KXSTATELEG-NHSEN26-D,KXSTATELEG,KXSTATELEG-NHSEN26,Who will win the New Hampshire State Senate?,Democratic party,,active,US_2026_general_election,7,stale_observation,usable,,0.31999999999999995,,2026-09-06T20:00:00Z,2026-09-01T11:00:00Z,not_comparable
KXSTATELEG-NHSEN26-D,KXSTATELEG,KXSTATELEG-NHSEN26,Who will win the New Hampshire State Senate?,Democratic party,,active,US_2026_general_election,14,stale_observation,stale_observation,,,,2026-09-06T20:00:00Z,2026-08-01T14:00:00Z,not_comparable
KXSTATELEG-NHSEN26-D,KXSTATELEG,KXSTATELEG-NHSEN26,Who will win the New Hampshire State Senate?,Democratic party,,active,US_2026_general_election,28,stale_observation,stale_observation,,,,2026-09-06T20:00:00Z,2026-08-01T14:00:00Z,not_comparable
KXSTATELEG-NHHOUSE26-R,KXSTATELEG,KXSTATELEG-NHHOUSE26,Who will win the New Hampshire State House?,Republican party,,active,US_2026_general_election,7,stale_observation,usable,,0.375,,2026-09-06T20:00:00Z,2026-09-01T00:00:00Z,not_comparable
KXSTATELEG-NHHOUSE26-R,KXSTATELEG,KXSTATELEG-NHHOUSE26,Who will win the New Hampshire State House?,Republican party,,active,US_2026_general_election,14,stale_observation,stale_observation,,,,2026-09-06T20:00:00Z,2026-08-11T16:00:00Z,not_comparable
KXSTATELEG-NHHOUSE26-R,KXSTATELEG,KXSTATELEG-NHHOUSE26,Who will win the New Hampshire State House?,Republican party,,active,US_2026_general_election,28,stale_observation,stale_observation,,,,2026-09-06T20:00:00Z,2026-08-08T04:00:00Z,not_comparable
KXSTATELEG-NHHOUSE26-D,KXSTATELEG,KXSTATELEG-NHHOUSE26,Who will win the New Hampshire State House?,Democratic party,,active,US_2026_general_election,7,stale_observation,usable,,0.625,,2026-09-06T20:00:00Z,2026-09-01T06:00:00Z,not_comparable
KXSTATELEG-NHHOUSE26-D,KXSTATELEG,KXSTATELEG-NHHOUSE26,Who will win the New Hampshire State House?,Democratic party,,active,US_2026_general_election,14,stale_observation,stale_observation,,,,2026-09-06T20:00:00Z,2026-08-02T01:00:00Z,not_comparable
KXSTATELEG-NHHOUSE26-D,KXSTATELEG,KXSTATELEG-NHHOUSE26,Who will win the New Hampshire State House?,Democratic party,,active,US_2026_general_election,28,stale_observation,stale_observation,,,,2026-09-06T20:00:00Z,2026-08-02T01:00:00Z,not_comparable
KXSTATELEG-MNSEN26-R,KXSTATELEG,KXSTATELEG-MNSEN26,Who will win the Minnesota State Senate?,Republican party,,active,US_2026_general_election,7,usable,usable,0.155,0.22,-6.5,2026-09-08T11:00:00Z,2026-09-01T11:00:00Z,same_contract_descriptive
KXSTATELEG-MNSEN26-R,KXSTATELEG,KXSTATELEG-MNSEN26,Who will win the Minnesota State Senate?,Republican party,,active,US_2026_general_election,14,usable,stale_observation,0.155,,,2026-09-08T11:00:00Z,2026-08-18T05:00:00Z,not_comparable
KXSTATELEG-MNSEN26-R,KXSTATELEG,KXSTATELEG-MNSEN26,Who will win the Minnesota State Senate?,Republican party,,active,US_2026_general_election,28,usable,usable,0.155,0.22,-6.5,2026-09-08T11:00:00Z,2026-08-11T15:00:00Z,same_contract_descriptive
KXSTATELEG-MNSEN26-D,KXSTATELEG,KXSTATELEG-MNSEN26,Who will win the Minnesota State Senate?,Democratic party,,active,US_2026_general_election,7,usable,usable,0.845,0.775,6.999999999999995,2026-09-08T11:00:00Z,2026-09-01T12:00:00Z,same_contract_descriptive
KXSTATELEG-MNSEN26-D,KXSTATELEG,KXSTATELEG-MNSEN26,Who will win the Minnesota State Senate?,Democratic party,,active,US_2026_general_election,14,usable,stale_observation,0.845,,,2026-09-08T11:00:00Z,2026-08-14T02:00:00Z,not_comparable
KXSTATELEG-MNSEN26-D,KXSTATELEG,KXSTATELEG-MNSEN26,Who will win the Minnesota State Senate?,Democratic party,,active,US_2026_general_election,28,usable,stale_observation,0.845,,,2026-09-08T11:00:00Z,2026-08-09T03:00:00Z,not_comparable
KXSTATELEG-MNHOUSE26-R,KXSTATELEG,KXSTATELEG-MNHOUSE26,Who will win the Minnesota State House?,Republican party,,active,US_2026_general_election,7,usable,usable,0.14500000000000002,0.23,-8.5,2026-09-08T09:00:00Z,2026-09-01T11:00:00Z,same_contract_descriptive
KXSTATELEG-MNHOUSE26-R,KXSTATELEG,KXSTATELEG-MNHOUSE26,Who will win the Minnesota State House?,Republican party,,active,US_2026_general_election,14,usable,usable,0.14500000000000002,0.135,1.0000000000000009,2026-09-08T09:00:00Z,2026-08-25T11:00:00Z,same_contract_descriptive
KXSTATELEG-MNHOUSE26-R,KXSTATELEG,KXSTATELEG-MNHOUSE26,Who will win the Minnesota State House?,Republican party,,active,US_2026_general_election,28,usable,stale_observation,0.14500000000000002,,,2026-09-08T09:00:00Z,2026-08-07T01:00:00Z,not_comparable
KXSTATELEG-MNHOUSE26-D,KXSTATELEG,KXSTATELEG-MNHOUSE26,Who will win the Minnesota State House?,Democratic party,,active,US_2026_general_election,7,usable,usable,0.78,0.77,1.0000000000000009,2026-09-08T09:00:00Z,2026-09-01T11:00:00Z,same_contract_descriptive
KXSTATELEG-MNHOUSE26-D,KXSTATELEG,KXSTATELEG-MNHOUSE26,Who will win the Minnesota State House?,Democratic party,,active,US_2026_general_election,14,usable,usable,0.78,0.87,-8.999999999999996,2026-09-08T09:00:00Z,2026-08-25T11:00:00Z,same_contract_descriptive
KXSTATELEG-MNHOUSE26-D,KXSTATELEG,KXSTATELEG-MNHOUSE26,Who will win the Minnesota State House?,Democratic party,,active,US_2026_general_election,28,usable,stale_observation,0.78,,,2026-09-08T09:00:00Z,2026-08-07T01:00:00Z,not_comparable
KXSTATELEG-MISEN26-R,KXSTATELEG,KXSTATELEG-MISEN26,Who will win the Michigan State Senate?,Republican party,,active,US_2026_general_election,7,usable,usable,0.255,0.31000000000000005,-5.500000000000005,2026-09-08T14:00:00Z,2026-09-01T15:00:00Z,same_contract_descriptive
KXSTATELEG-MISEN26-R,KXSTATELEG,KXSTATELEG-MISEN26,Who will win the Michigan State Senate?,Republican party,,active,US_2026_general_election,14,usable,usable,0.255,0.24,1.5000000000000013,2026-09-08T14:00:00Z,2026-08-25T11:00:00Z,same_contract_descriptive
KXSTATELEG-MISEN26-R,KXSTATELEG,KXSTATELEG-MISEN26,Who will win the Michigan State Senate?,Republican party,,active,US_2026_general_election,28,usable,usable,0.255,0.31000000000000005,-5.500000000000005,2026-09-08T14:00:00Z,2026-08-11T15:00:00Z,same_contract_descriptive
KXSTATELEG-MISEN26-D,KXSTATELEG,KXSTATELEG-MISEN26,Who will win the Michigan State Senate?,Democratic party,,active,US_2026_general_election,7,usable,usable,0.75,0.76,-1.0000000000000009,2026-09-08T09:00:00Z,2026-09-01T15:00:00Z,same_contract_descriptive
KXSTATELEG-MISEN26-D,KXSTATELEG,KXSTATELEG-MISEN26,Who will win the Michigan State Senate?,Democratic party,,active,US_2026_general_election,14,usable,usable,0.75,0.7749999999999999,-2.499999999999991,2026-09-08T09:00:00Z,2026-08-25T12:00:00Z,same_contract_descriptive
KXSTATELEG-MISEN26-D,KXSTATELEG,KXSTATELEG-MISEN26,Who will win the Michigan State Senate?,Democratic party,,active,US_2026_general_election,28,usable,usable,0.75,0.725,2.500000000000002,2026-09-08T09:00:00Z,2026-08-11T03:00:00Z,same_contract_descriptive
KXSTATELEG-MIHOUSE26-R,KXSTATELEG,KXSTATELEG-MIHOUSE26,Who will win the Michigan State House?,Republican party,,active,US_2026_general_election,7,usable,usable,0.35,0.35,0.0,2026-09-08T09:00:00Z,2026-09-01T14:00:00Z,same_contract_descriptive
KXSTATELEG-MIHOUSE26-R,KXSTATELEG,KXSTATELEG-MIHOUSE26,Who will win the Michigan State House?,Republican party,,active,US_2026_general_election,14,usable,stale_observation,0.35,,,2026-09-08T09:00:00Z,2026-08-12T07:00:00Z,not_comparable
KXSTATELEG-MIHOUSE26-R,KXSTATELEG,KXSTATELEG-MIHOUSE26,Who will win the Michigan State House?,Republican party,,active,US_2026_general_election,28,usable,stale_observation,0.35,,,2026-09-08T09:00:00Z,2026-08-09T23:00:00Z,not_comparable
KXSTATELEG-MIHOUSE26-D,KXSTATELEG,KXSTATELEG-MIHOUSE26,Who will win the Michigan State House?,Democratic party,,active,US_2026_general_election,7,usable,usable,0.65,0.655,-0.5000000000000004,2026-09-08T09:00:00Z,2026-09-01T12:00:00Z,same_contract_descriptive
KXSTATELEG-MIHOUSE26-D,KXSTATELEG,KXSTATELEG-MIHOUSE26,Who will win the Michigan State House?,Democratic party,,active,US_2026_general_election,14,usable,stale_observation,0.65,,,2026-09-08T09:00:00Z,2026-08-12T07:00:00Z,not_comparable
KXSTATELEG-MIHOUSE26-D,KXSTATELEG,KXSTATELEG-MIHOUSE26,Who will win the Michigan State House?,Democratic party,,active,US_2026_general_election,28,usable,stale_observation,0.65,,,2026-09-08T09:00:00Z,2026-08-02T04:00:00Z,not_comparable
KXSTATELEG-MESEN26-R,KXSTATELEG,KXSTATELEG-MESEN26,Who will win the Maine State Senate?,Republican party,,active,US_2026_general_election,7,usable,usable,0.175,0.175,0.0,2026-09-08T09:00:00Z,2026-09-01T12:00:00Z,same_contract_descriptive
KXSTATELEG-MESEN26-R,KXSTATELEG,KXSTATELEG-MESEN26,Who will win the Maine State Senate?,Republican party,,active,US_2026_general_election,14,usable,stale_observation,0.175,,,2026-09-08T09:00:00Z,2026-08-13T08:00:00Z,not_comparable
KXSTATELEG-MESEN26-R,KXSTATELEG,KXSTATELEG-MESEN26,Who will win the Maine State Senate?,Republican party,,active,US_2026_general_election,28,usable,stale_observation,0.175,,,2026-09-08T09:00:00Z,2026-08-10T15:00:00Z,not_comparable
KXSTATELEG-MESEN26-D,KXSTATELEG,KXSTATELEG-MESEN26,Who will win the Maine State Senate?,Democratic party,,active,US_2026_general_election,7,usable,usable,0.8200000000000001,0.8200000000000001,0.0,2026-09-08T09:00:00Z,2026-09-01T11:00:00Z,same_contract_descriptive
KXSTATELEG-MESEN26-D,KXSTATELEG,KXSTATELEG-MESEN26,Who will win the Maine State Senate?,Democratic party,,active,US_2026_general_election,14,usable,stale_observation,0.8200000000000001,,,2026-09-08T09:00:00Z,2026-08-17T21:00:00Z,not_comparable
KXSTATELEG-MESEN26-D,KXSTATELEG,KXSTATELEG-MESEN26,Who will win the Maine State Senate?,Democratic party,,active,US_2026_general_election,28,usable,usable,0.8200000000000001,0.835,-1.4999999999999902,2026-09-08T09:00:00Z,2026-08-10T18:00:00Z,same_contract_descriptive
KXSTATELEG-MEHOUSE26-R,KXSTATELEG,KXSTATELEG-MEHOUSE26,Who will win the Maine State House?,Republican party,,active,US_2026_general_election,7,usable,usable,0.17,0.17,0.0,2026-09-08T09:00:00Z,2026-09-01T14:00:00Z,same_contract_descriptive
KXSTATELEG-MEHOUSE26-R,KXSTATELEG,KXSTATELEG-MEHOUSE26,Who will win the Maine State House?,Republican party,,active,US_2026_general_election,14,usable,stale_observation,0.17,,,2026-09-08T09:00:00Z,2026-08-12T14:00:00Z,not_comparable
KXSTATELEG-MEHOUSE26-R,KXSTATELEG,KXSTATELEG-MEHOUSE26,Who will win the Maine State House?,Republican party,,active,US_2026_general_election,28,usable,stale_observation,0.17,,,2026-09-08T09:00:00Z,2026-08-09T23:00:00Z,not_comparable
KXSTATELEG-MEHOUSE26-D,KXSTATELEG,KXSTATELEG-MEHOUSE26,Who will win the Maine State House?,Democratic party,,active,US_2026_general_election,7,usable,usable,0.8300000000000001,0.825,0.5000000000000115,2026-09-08T09:00:00Z,2026-09-01T14:00:00Z,same_contract_descriptive
KXSTATELEG-MEHOUSE26-D,KXSTATELEG,KXSTATELEG-MEHOUSE26,Who will win the Maine State House?,Democratic party,,active,US_2026_general_election,14,usable,stale_observation,0.8300000000000001,,,2026-09-08T09:00:00Z,2026-08-15T16:00:00Z,not_comparable
KXSTATELEG-MEHOUSE26-D,KXSTATELEG,KXSTATELEG-MEHOUSE26,Who will win the Maine State House?,Democratic party,,active,US_2026_general_election,28,usable,stale_observation,0.8300000000000001,,,2026-09-08T09:00:00Z,2026-08-09T23:00:00Z,not_comparable
KXSTATELEG-IASEN26-R,KXSTATELEG,KXSTATELEG-IASEN26,Who will win the Iowa State Senate?,Republican party,,active,US_2026_general_election,7,stale_observation,usable,,0.85,,2026-09-04T20:00:00Z,2026-08-31T23:00:00Z,not_comparable
KXSTATELEG-IASEN26-R,KXSTATELEG,KXSTATELEG-IASEN26,Who will win the Iowa State Senate?,Republican party,,active,US_2026_general_election,14,stale_observation,usable,,0.8799999999999999,,2026-09-04T20:00:00Z,2026-08-24T17:00:00Z,not_comparable
KXSTATELEG-IASEN26-R,KXSTATELEG,KXSTATELEG-IASEN26,Who will win the Iowa State Senate?,Republican party,,active,US_2026_general_election,28,stale_observation,stale_observation,,,,2026-09-04T20:00:00Z,2026-07-22T15:00:00Z,not_comparable
KXSTATELEG-IASEN26-D,KXSTATELEG,KXSTATELEG-IASEN26,Who will win the Iowa State Senate?,Democratic party,,active,US_2026_general_election,7,usable,usable,0.15,0.15,0.0,2026-09-08T09:00:00Z,2026-09-01T11:00:00Z,same_contract_descriptive
KXSTATELEG-IASEN26-D,KXSTATELEG,KXSTATELEG-IASEN26,Who will win the Iowa State Senate?,Democratic party,,active,US_2026_general_election,14,usable,usable,0.15,0.10500000000000001,4.499999999999998,2026-09-08T09:00:00Z,2026-08-25T03:00:00Z,same_contract_descriptive
KXSTATELEG-IASEN26-D,KXSTATELEG,KXSTATELEG-IASEN26,Who will win the Iowa State Senate?,Democratic party,,active,US_2026_general_election,28,usable,missing_usable_quote,0.15,,,2026-09-08T09:00:00Z,,not_comparable
KXSTATELEG-IAHOUSE26-R,KXSTATELEG,KXSTATELEG-IAHOUSE26,Who will win the Iowa State House?,Republican party,,active,US_2026_general_election,7,stale_observation,usable,,0.8300000000000001,,2026-09-06T20:00:00Z,2026-09-01T00:00:00Z,not_comparable
KXSTATELEG-IAHOUSE26-R,KXSTATELEG,KXSTATELEG-IAHOUSE26,Who will win the Iowa State House?,Republican party,,active,US_2026_general_election,14,stale_observation,usable,,0.905,,2026-09-06T20:00:00Z,2026-08-25T11:00:00Z,not_comparable
KXSTATELEG-IAHOUSE26-R,KXSTATELEG,KXSTATELEG-IAHOUSE26,Who will win the Iowa State House?,Republican party,,active,US_2026_general_election,28,stale_observation,stale_observation,,,,2026-09-06T20:00:00Z,2026-07-22T15:00:00Z,not_comparable
KXSTATELEG-IAHOUSE26-D,KXSTATELEG,KXSTATELEG-IAHOUSE26,Who will win the Iowa State House?,Democratic party,,active,US_2026_general_election,7,usable,usable,0.155,0.16,-0.5000000000000004,2026-09-08T09:00:00Z,2026-09-01T11:00:00Z,same_contract_descriptive
KXSTATELEG-IAHOUSE26-D,KXSTATELEG,KXSTATELEG-IAHOUSE26,Who will win the Iowa State House?,Democratic party,,active,US_2026_general_election,14,usable,usable,0.155,0.115,3.9999999999999996,2026-09-08T09:00:00Z,2026-08-25T11:00:00Z,same_contract_descriptive
KXSTATELEG-IAHOUSE26-D,KXSTATELEG,KXSTATELEG-IAHOUSE26,Who will win the Iowa State House?,Democratic party,,active,US_2026_general_election,28,usable,missing_usable_quote,0.155,,,2026-09-08T09:00:00Z,,not_comparable
KXSTATELEG-AZHOUSE26-R,KXSTATELEG,KXSTATELEG-AZHOUSE26,Who will win the Arizona State House?,Republican party,,active,US_2026_general_election,7,usable,usable,0.52,0.52,0.0,2026-09-08T09:00:00Z,2026-09-01T11:00:00Z,same_contract_descriptive
KXSTATELEG-AZHOUSE26-R,KXSTATELEG,KXSTATELEG-AZHOUSE26,Who will win the Arizona State House?,Republican party,,active,US_2026_general_election,14,usable,missing_usable_quote,0.52,,,2026-09-08T09:00:00Z,,not_comparable
KXSTATELEG-AZHOUSE26-R,KXSTATELEG,KXSTATELEG-AZHOUSE26,Who will win the Arizona State House?,Republican party,,active,US_2026_general_election,28,usable,missing_usable_quote,0.52,,,2026-09-08T09:00:00Z,,not_comparable
KXSTATELEG-AZHOUSE26-D,KXSTATELEG,KXSTATELEG-AZHOUSE26,Who will win the Arizona State House?,Democratic party,,active,US_2026_general_election,7,stale_observation,usable,,0.495,,2026-08-31T23:00:00Z,2026-08-31T23:00:00Z,not_comparable
KXSTATELEG-AZHOUSE26-D,KXSTATELEG,KXSTATELEG-AZHOUSE26,Who will win the Arizona State House?,Democratic party,,active,US_2026_general_election,14,stale_observation,missing_usable_quote,,,,2026-08-31T23:00:00Z,,not_comparable
KXSTATELEG-AZHOUSE26-D,KXSTATELEG,KXSTATELEG-AZHOUSE26,Who will win the Arizona State House?,Democratic party,,active,US_2026_general_election,28,stale_observation,missing_usable_quote,,,,2026-08-31T23:00:00Z,,not_comparable
KXSTATELEG-AKSEN26-R,KXSTATELEG,KXSTATELEG-AKSEN26,Who will win the Alaska State Senate?,Republican party,,active,US_2026_general_election,7,stale_observation,usable,,0.855,,2026-09-04T20:00:00Z,2026-09-01T00:00:00Z,not_comparable
KXSTATELEG-AKSEN26-R,KXSTATELEG,KXSTATELEG-AKSEN26,Who will win the Alaska State Senate?,Republican party,,active,US_2026_general_election,14,stale_observation,stale_observation,,,,2026-09-04T20:00:00Z,2026-07-31T14:00:00Z,not_comparable
KXSTATELEG-AKSEN26-R,KXSTATELEG,KXSTATELEG-AKSEN26,Who will win the Alaska State Senate?,Republican party,,active,US_2026_general_election,28,stale_observation,stale_observation,,,,2026-09-04T20:00:00Z,2026-07-31T14:00:00Z,not_comparable
KXSTATELEG-AKSEN26-D,KXSTATELEG,KXSTATELEG-AKSEN26,Who will win the Alaska State Senate?,Democratic party,,active,US_2026_general_election,7,stale_observation,usable,,0.145,,2026-09-04T20:00:00Z,2026-09-01T00:00:00Z,not_comparable
KXSTATELEG-AKSEN26-D,KXSTATELEG,KXSTATELEG-AKSEN26,Who will win the Alaska State Senate?,Democratic party,,active,US_2026_general_election,14,stale_observation,stale_observation,,,,2026-09-04T20:00:00Z,2026-07-23T03:00:00Z,not_comparable
KXSTATELEG-AKSEN26-D,KXSTATELEG,KXSTATELEG-AKSEN26,Who will win the Alaska State Senate?,Democratic party,,active,US_2026_general_election,28,stale_observation,stale_observation,,,,2026-09-04T20:00:00Z,2026-07-23T03:00:00Z,not_comparable
KXSTATELEG-AKHOUSE26-R,KXSTATELEG,KXSTATELEG-AKHOUSE26,Who will win the Alaska State House?,Republican party,,active,US_2026_general_election,7,stale_observation,usable,,0.835,,2026-09-04T20:00:00Z,2026-09-01T14:00:00Z,not_comparable
KXSTATELEG-AKHOUSE26-R,KXSTATELEG,KXSTATELEG-AKHOUSE26,Who will win the Alaska State House?,Republican party,,active,US_2026_general_election,14,stale_observation,stale_observation,,,,2026-09-04T20:00:00Z,2026-08-12T07:00:00Z,not_comparable
KXSTATELEG-AKHOUSE26-R,KXSTATELEG,KXSTATELEG-AKHOUSE26,Who will win the Alaska State House?,Republican party,,active,US_2026_general_election,28,stale_observation,stale_observation,,,,2026-09-04T20:00:00Z,2026-08-09T23:00:00Z,not_comparable
KXSTATELEG-AKHOUSE26-D,KXSTATELEG,KXSTATELEG-AKHOUSE26,Who will win the Alaska State House?,Democratic party,,active,US_2026_general_election,7,stale_observation,usable,,0.17,,2026-09-04T20:00:00Z,2026-09-01T14:00:00Z,not_comparable
KXSTATELEG-AKHOUSE26-D,KXSTATELEG,KXSTATELEG-AKHOUSE26,Who will win the Alaska State House?,Democratic party,,active,US_2026_general_election,14,stale_observation,stale_observation,,,,2026-09-04T20:00:00Z,2026-08-12T07:00:00Z,not_comparable
KXSTATELEG-AKHOUSE26-D,KXSTATELEG,KXSTATELEG-AKHOUSE26,Who will win the Alaska State House?,Democratic party,,active,US_2026_general_election,28,stale_observation,stale_observation,,,,2026-09-04T20:00:00Z,2026-08-09T23:00:00Z,not_comparable
KXSTATELEG-AZSEN26-R,KXSTATELEG,KXSTATELEG-AZSEN26,Who will win the Arizona State Senate?,Republican party,,active,US_2026_general_election,7,stale_observation,usable,,0.33499999999999996,,2026-09-04T20:00:00Z,2026-08-31T23:00:00Z,not_comparable
KXSTATELEG-AZSEN26-R,KXSTATELEG,KXSTATELEG-AZSEN26,Who will win the Arizona State Senate?,Republican party,,active,US_2026_general_election,14,stale_observation,stale_observation,,,,2026-09-04T20:00:00Z,2026-08-11T22:00:00Z,not_comparable
KXSTATELEG-AZSEN26-R,KXSTATELEG,KXSTATELEG-AZSEN26,Who will win the Arizona State Senate?,Republican party,,active,US_2026_general_election,28,stale_observation,stale_observation,,,,2026-09-04T20:00:00Z,2026-08-06T04:00:00Z,not_comparable
KXSTATELEG-AZSEN26-D,KXSTATELEG,KXSTATELEG-AZSEN26,Who will win the Arizona State Senate?,Democratic party,,active,US_2026_general_election,7,usable,usable,0.6599999999999999,0.6599999999999999,0.0,2026-09-08T09:00:00Z,2026-09-01T11:00:00Z,same_contract_descriptive
KXSTATELEG-AZSEN26-D,KXSTATELEG,KXSTATELEG-AZSEN26,Who will win the Arizona State Senate?,Democratic party,,active,US_2026_general_election,14,usable,stale_observation,0.6599999999999999,,,2026-09-08T09:00:00Z,2026-08-08T02:00:00Z,not_comparable
KXSTATELEG-AZSEN26-D,KXSTATELEG,KXSTATELEG-AZSEN26,Who will win the Arizona State Senate?,Democratic party,,active,US_2026_general_election,28,usable,stale_observation,0.6599999999999999,,,2026-09-08T09:00:00Z,2026-08-08T02:00:00Z,not_comparable
SENATEAK-26-D,SENATEAK,SENATEAK-26,Will Democratics win the Senate race in Alaska?,Democratic party,,active,US_2026_general_election,7,usable,usable,0.645,0.645,0.0,2026-09-08T15:00:00Z,2026-09-01T15:00:00Z,same_contract_descriptive
SENATEAK-26-D,SENATEAK,SENATEAK-26,Will Democratics win the Senate race in Alaska?,Democratic party,,active,US_2026_general_election,14,usable,usable,0.645,0.615,3.0000000000000027,2026-09-08T15:00:00Z,2026-08-25T15:00:00Z,same_contract_descriptive
SENATEAK-26-D,SENATEAK,SENATEAK-26,Will Democratics win the Senate race in Alaska?,Democratic party,,active,US_2026_general_election,28,usable,usable,0.645,0.545,9.999999999999998,2026-09-08T15:00:00Z,2026-08-11T15:00:00Z,same_contract_descriptive
SENATEAK-26-R,SENATEAK,SENATEAK-26,Will Republicans win the Senate race in Alaska?,Republican party,,active,US_2026_general_election,7,usable,usable,0.355,0.365,-1.0000000000000009,2026-09-08T14:00:00Z,2026-09-01T15:00:00Z,same_contract_descriptive
SENATEAK-26-R,SENATEAK,SENATEAK-26,Will Republicans win the Senate race in Alaska?,Republican party,,active,US_2026_general_election,14,usable,usable,0.355,0.385,-3.0000000000000027,2026-09-08T14:00:00Z,2026-08-25T15:00:00Z,same_contract_descriptive
SENATEAK-26-R,SENATEAK,SENATEAK-26,Will Republicans win the Senate race in Alaska?,Republican party,,active,US_2026_general_election,28,usable,usable,0.355,0.455,-10.000000000000004,2026-09-08T14:00:00Z,2026-08-11T15:00:00Z,same_contract_descriptive
SENATEAL-26-R,SENATEAL,SENATEAL-26,Will Republicans win the Senate race in Alabama?,Barry Moore,,active,US_2026_general_election,7,usable,usable,0.9684999999999999,0.9684999999999999,0.0,2026-09-08T09:00:00Z,2026-09-01T14:00:00Z,same_contract_descriptive
SENATEAL-26-R,SENATEAL,SENATEAL-26,Will Republicans win the Senate race in Alabama?,Barry Moore,,active,US_2026_general_election,14,usable,usable,0.9684999999999999,0.9535,1.4999999999999902,2026-09-08T09:00:00Z,2026-08-24T17:00:00Z,same_contract_descriptive
SENATEAL-26-R,SENATEAL,SENATEAL-26,Will Republicans win the Senate race in Alabama?,Barry Moore,,active,US_2026_general_election,28,usable,stale_observation,0.9684999999999999,,,2026-09-08T09:00:00Z,2026-08-07T17:00:00Z,not_comparable
SENATEAL-26-D,SENATEAL,SENATEAL-26,Will Democratics win the Senate race in Alabama?,Everett Wess,,active,US_2026_general_election,7,usable,usable,0.028999999999999998,0.028999999999999998,0.0,2026-09-08T04:00:00Z,2026-09-01T14:00:00Z,same_contract_descriptive
SENATEAL-26-D,SENATEAL,SENATEAL-26,Will Democratics win the Senate race in Alabama?,Everett Wess,,active,US_2026_general_election,14,usable,stale_observation,0.028999999999999998,,,2026-09-08T04:00:00Z,2026-08-24T01:00:00Z,not_comparable
SENATEAL-26-D,SENATEAL,SENATEAL-26,Will Democratics win the Senate race in Alabama?,Everett Wess,,active,US_2026_general_election,28,usable,stale_observation,0.028999999999999998,,,2026-09-08T04:00:00Z,2026-08-08T08:00:00Z,not_comparable
SENATEAR-26-R,SENATEAR,SENATEAR-26,Will Republicans win the Senate race in Arkansas?,Tom Cotton,,active,US_2026_general_election,7,usable,usable,0.9359999999999999,0.932,0.39999999999998925,2026-09-07T23:00:00Z,2026-09-01T15:00:00Z,same_contract_descriptive
SENATEAR-26-R,SENATEAR,SENATEAR-26,Will Republicans win the Senate race in Arkansas?,Tom Cotton,,active,US_2026_general_election,14,usable,usable,0.9359999999999999,0.935,0.09999999999998899,2026-09-07T23:00:00Z,2026-08-25T15:00:00Z,same_contract_descriptive
SENATEAR-26-R,SENATEAR,SENATEAR-26,Will Republicans win the Senate race in Arkansas?,Tom Cotton,,active,US_2026_general_election,28,usable,stale_observation,0.9359999999999999,,,2026-09-07T23:00:00Z,2026-08-10T15:00:00Z,not_comparable
SENATEAR-26-D,SENATEAR,SENATEAR-26,Will Democratics win the Senate race in Arkansas?,Hallie Shoffner,,active,US_2026_general_election,7,usable,usable,0.0625,0.07050000000000001,-0.8000000000000007,2026-09-08T14:00:00Z,2026-09-01T15:00:00Z,same_contract_descriptive
SENATEAR-26-D,SENATEAR,SENATEAR-26,Will Democratics win the Senate race in Arkansas?,Hallie Shoffner,,active,US_2026_general_election,14,usable,usable,0.0625,0.068,-0.5500000000000005,2026-09-08T14:00:00Z,2026-08-25T15:00:00Z,same_contract_descriptive
SENATEAR-26-D,SENATEAR,SENATEAR-26,Will Democratics win the Senate race in Arkansas?,Hallie Shoffner,,active,US_2026_general_election,28,usable,usable,0.0625,0.0615,0.10000000000000009,2026-09-08T14:00:00Z,2026-08-11T13:00:00Z,same_contract_descriptive
SENATECO-26-D,SENATECO,SENATECO-26,Will Democratics win the Senate race in Colorado?,John Hickenlooper,,active,US_2026_general_election,7,usable,usable,0.9664999999999999,0.964,0.24999999999999467,2026-09-07T23:00:00Z,2026-09-01T14:00:00Z,same_contract_descriptive
SENATECO-26-D,SENATECO,SENATECO-26,Will Democratics win the Senate race in Colorado?,John Hickenlooper,,active,US_2026_general_election,14,usable,usable,0.9664999999999999,0.961,0.5499999999999949,2026-09-07T23:00:00Z,2026-08-25T15:00:00Z,same_contract_descriptive
SENATECO-26-D,SENATECO,SENATECO-26,Will Democratics win the Senate race in Colorado?,John Hickenlooper,,active,US_2026_general_election,28,usable,usable,0.9664999999999999,0.965,0.14999999999999458,2026-09-07T23:00:00Z,2026-08-11T15:00:00Z,same_contract_descriptive
SENATECO-26-R,SENATECO,SENATECO-26,Will Republicans win the Senate race in Colorado?,Mark Baisley,,active,US_2026_general_election,7,usable,usable,0.03,0.03,0.0,2026-09-08T15:00:00Z,2026-09-01T05:00:00Z,same_contract_descriptive
SENATECO-26-R,SENATECO,SENATECO-26,Will Republicans win the Senate race in Colorado?,Mark Baisley,,active,US_2026_general_election,14,usable,stale_observation,0.03,,,2026-09-08T15:00:00Z,2026-08-23T22:00:00Z,not_comparable
SENATECO-26-R,SENATECO,SENATECO-26,Will Republicans win the Senate race in Colorado?,Mark Baisley,,active,US_2026_general_election,28,usable,usable,0.03,0.0285,0.1499999999999998,2026-09-08T15:00:00Z,2026-08-11T07:00:00Z,same_contract_descriptive
SENATEDE-26-R,SENATEDE,SENATEDE-26,Will Republicans win the Senate race in Delaware?,Republican party,,active,US_2026_general_election,7,usable,usable,0.024,0.024,0.0,2026-09-07T23:00:00Z,2026-09-01T15:00:00Z,same_contract_descriptive
SENATEDE-26-R,SENATEDE,SENATEDE-26,Will Republicans win the Senate race in Delaware?,Republican party,,active,US_2026_general_election,14,usable,usable,0.024,0.0185,0.5500000000000002,2026-09-07T23:00:00Z,2026-08-25T15:00:00Z,same_contract_descriptive
SENATEDE-26-R,SENATEDE,SENATEDE-26,Will Republicans win the Senate race in Delaware?,Republican party,,active,US_2026_general_election,28,usable,stale_observation,0.024,,,2026-09-07T23:00:00Z,2026-08-10T05:00:00Z,not_comparable
SENATEDE-26-D,SENATEDE,SENATEDE-26,Will Democratics win the Senate race in Delaware?,Democratic party,,active,US_2026_general_election,7,usable,usable,0.976,0.976,0.0,2026-09-08T11:00:00Z,2026-09-01T15:00:00Z,same_contract_descriptive
SENATEDE-26-D,SENATEDE,SENATEDE-26,Will Democratics win the Senate race in Delaware?,Democratic party,,active,US_2026_general_election,14,usable,usable,0.976,0.975,0.10000000000000009,2026-09-08T11:00:00Z,2026-08-25T15:00:00Z,same_contract_descriptive
SENATEDE-26-D,SENATEDE,SENATEDE-26,Will Democratics win the Senate race in Delaware?,Democratic party,,active,US_2026_general_election,28,usable,stale_observation,0.976,,,2026-09-08T11:00:00Z,2026-08-09T15:00:00Z,not_comparable
SENATEFLS-26-R,SENATEFLS,SENATEFLS-26,Will Republicans win the Senate race in Florida?,Ashley Moody,,active,US_2026_general_election,7,usable,usable,0.9075,0.9185000000000001,-1.100000000000012,2026-09-08T15:00:00Z,2026-09-01T15:00:00Z,same_contract_descriptive
SENATEFLS-26-R,SENATEFLS,SENATEFLS-26,Will Republicans win the Senate race in Florida?,Ashley Moody,,active,US_2026_general_election,14,usable,usable,0.9075,0.9175,-1.0000000000000009,2026-09-08T15:00:00Z,2026-08-25T15:00:00Z,same_contract_descriptive
SENATEFLS-26-R,SENATEFLS,SENATEFLS-26,Will Republicans win the Senate race in Florida?,Ashley Moody,,active,US_2026_general_election,28,usable,usable,0.9075,0.865,4.249999999999998,2026-09-08T15:00:00Z,2026-08-11T15:00:00Z,same_contract_descriptive
SENATEFLS-26-D,SENATEFLS,SENATEFLS-26,Will Democratics win the Senate race in Florida?,Angie Nixon,,active,US_2026_general_election,7,usable,usable,0.0905,0.08449999999999999,0.6000000000000005,2026-09-08T15:00:00Z,2026-09-01T15:00:00Z,same_contract_descriptive
SENATEFLS-26-D,SENATEFLS,SENATEFLS-26,Will Democratics win the Senate race in Florida?,Angie Nixon,,active,US_2026_general_election,14,usable,usable,0.0905,0.08249999999999999,0.8000000000000007,2026-09-08T15:00:00Z,2026-08-25T15:00:00Z,same_contract_descriptive
SENATEFLS-26-D,SENATEFLS,SENATEFLS-26,Will Democratics win the Senate race in Florida?,Angie Nixon,,active,US_2026_general_election,28,usable,usable,0.0905,0.135,-4.450000000000001,2026-09-08T15:00:00Z,2026-08-11T15:00:00Z,same_contract_descriptive
SENATEGA-26-D,SENATEGA,SENATEGA-26,Will Democratics win the Senate race in Georgia?,Jon Ossoff,,active,US_2026_general_election,7,usable,usable,0.929,0.9265000000000001,0.24999999999999467,2026-09-08T15:00:00Z,2026-09-01T15:00:00Z,same_contract_descriptive
SENATEGA-26-D,SENATEGA,SENATEGA-26,Will Democratics win the Senate race in Georgia?,Jon Ossoff,,active,US_2026_general_election,14,usable,usable,0.929,0.917,1.200000000000001,2026-09-08T15:00:00Z,2026-08-25T15:00:00Z,same_contract_descriptive
SENATEGA-26-D,SENATEGA,SENATEGA-26,Will Democratics win the Senate race in Georgia?,Jon Ossoff,,active,US_2026_general_election,28,usable,usable,0.929,0.9165000000000001,1.2499999999999956,2026-09-08T15:00:00Z,2026-08-11T15:00:00Z,same_contract_descriptive
SENATEGA-26-R,SENATEGA,SENATEGA-26,Will Republicans win the Senate race in Georgia?,Mike Collins,,active,US_2026_general_election,7,usable,usable,0.07300000000000001,0.0745,-0.14999999999999875,2026-09-08T15:00:00Z,2026-09-01T15:00:00Z,same_contract_descriptive
SENATEGA-26-R,SENATEGA,SENATEGA-26,Will Republicans win the Senate race in Georgia?,Mike Collins,,active,US_2026_general_election,14,usable,usable,0.07300000000000001,0.0805,-0.7499999999999993,2026-09-08T15:00:00Z,2026-08-25T15:00:00Z,same_contract_descriptive
SENATEGA-26-R,SENATEGA,SENATEGA-26,Will Republicans win the Senate race in Georgia?,Mike Collins,,active,US_2026_general_election,28,usable,usable,0.07300000000000001,0.086,-1.2999999999999985,2026-09-08T15:00:00Z,2026-08-11T15:00:00Z,same_contract_descriptive
SENATEIA-26-R,SENATEIA,SENATEIA-26,Will Republicans win the Senate race in Iowa?,Ashley Hinson,,active,US_2026_general_election,7,usable,usable,0.645,0.615,3.0000000000000027,2026-09-08T15:00:00Z,2026-09-01T15:00:00Z,same_contract_descriptive
SENATEIA-26-R,SENATEIA,SENATEIA-26,Will Republicans win the Senate race in Iowa?,Ashley Hinson,,active,US_2026_general_election,14,usable,usable,0.645,0.575,7.000000000000006,2026-09-08T15:00:00Z,2026-08-25T15:00:00Z,same_contract_descriptive
SENATEIA-26-R,SENATEIA,SENATEIA-26,Will Republicans win the Senate race in Iowa?,Ashley Hinson,,active,US_2026_general_election,28,usable,usable,0.645,0.595,5.000000000000004,2026-09-08T15:00:00Z,2026-08-11T15:00:00Z,same_contract_descriptive
SENATEIA-26-D,SENATEIA,SENATEIA-26,Will Democratics win the Senate race in Iowa?,Josh Turek,,active,US_2026_general_election,7,usable,usable,0.365,0.395,-3.0000000000000027,2026-09-08T15:00:00Z,2026-09-01T15:00:00Z,same_contract_descriptive
SENATEIA-26-D,SENATEIA,SENATEIA-26,Will Democratics win the Senate race in Iowa?,Josh Turek,,active,US_2026_general_election,14,usable,usable,0.365,0.435,-7.000000000000001,2026-09-08T15:00:00Z,2026-08-25T15:00:00Z,same_contract_descriptive
SENATEIA-26-D,SENATEIA,SENATEIA-26,Will Democratics win the Senate race in Iowa?,Josh Turek,,active,US_2026_general_election,28,usable,usable,0.365,0.405,-4.0000000000000036,2026-09-08T15:00:00Z,2026-08-11T10:00:00Z,same_contract_descriptive
SENATEID-26-TACH,SENATEID,SENATEID-26,Will Todd Achilless win the Senate race in Idaho?,Todd Achilles,,active,US_2026_general_election,7,usable,usable,0.035,0.04,-0.4999999999999998,2026-09-08T15:00:00Z,2026-09-01T14:00:00Z,same_contract_descriptive
SENATEID-26-TACH,SENATEID,SENATEID-26,Will Todd Achilless win the Senate race in Idaho?,Todd Achilles,,active,US_2026_general_election,14,usable,usable,0.035,0.05,-1.5,2026-09-08T15:00:00Z,2026-08-25T13:00:00Z,same_contract_descriptive
SENATEID-26-TACH,SENATEID,SENATEID-26,Will Todd Achilless win the Senate race in Idaho?,Todd Achilles,,active,US_2026_general_election,28,usable,usable,0.035,0.060000000000000005,-2.5,2026-09-08T15:00:00Z,2026-08-11T04:00:00Z,same_contract_descriptive
SENATEID-26-R,SENATEID,SENATEID-26,Will Republicans win the Senate race in Idaho?,Jim Risch,,active,US_2026_general_election,7,usable,usable,0.9635,0.9584999999999999,0.5000000000000115,2026-09-08T06:00:00Z,2026-09-01T14:00:00Z,same_contract_descriptive
SENATEID-26-R,SENATEID,SENATEID-26,Will Republicans win the Senate race in Idaho?,Jim Risch,,active,US_2026_general_election,14,usable,usable,0.9635,0.9564999999999999,0.7000000000000117,2026-09-08T06:00:00Z,2026-08-25T15:00:00Z,same_contract_descriptive
SENATEID-26-R,SENATEID,SENATEID-26,Will Republicans win the Senate race in Idaho?,Jim Risch,,active,US_2026_general_election,28,usable,usable,0.9635,0.9375,2.6000000000000023,2026-09-08T06:00:00Z,2026-08-11T03:00:00Z,same_contract_descriptive
SENATEID-26-D,SENATEID,SENATEID-26,Will Democratics win the Senate race in Idaho?,David Roth,,active,US_2026_general_election,7,stale_observation,usable,,0.0075,,2026-09-05T04:00:00Z,2026-09-01T05:00:00Z,not_comparable
SENATEID-26-D,SENATEID,SENATEID-26,Will Democratics win the Senate race in Idaho?,David Roth,,active,US_2026_general_election,14,stale_observation,usable,,0.011,,2026-09-05T04:00:00Z,2026-08-25T13:00:00Z,not_comparable
SENATEID-26-D,SENATEID,SENATEID-26,Will Democratics win the Senate race in Idaho?,David Roth,,active,US_2026_general_election,28,stale_observation,stale_observation,,,,2026-09-05T04:00:00Z,2026-08-09T07:00:00Z,not_comparable
SENATEIL-26-R,SENATEIL,SENATEIL-26,Will Republicans win the Senate race in Illinois?,Don Tracy,,active,US_2026_general_election,7,usable,usable,0.0195,0.022,-0.2499999999999999,2026-09-08T15:00:00Z,2026-09-01T12:00:00Z,same_contract_descriptive
SENATEIL-26-R,SENATEIL,SENATEIL-26,Will Republicans win the Senate race in Illinois?,Don Tracy,,active,US_2026_general_election,14,usable,usable,0.0195,0.0295,-0.9999999999999999,2026-09-08T15:00:00Z,2026-08-25T14:00:00Z,same_contract_descriptive
SENATEIL-26-R,SENATEIL,SENATEIL-26,Will Republicans win the Senate race in Illinois?,Don Tracy,,active,US_2026_general_election,28,usable,stale_observation,0.0195,,,2026-09-08T15:00:00Z,2026-08-09T16:00:00Z,not_comparable
SENATEIL-26-D,SENATEIL,SENATEIL-26,Will Democratics win the Senate race in Illinois?,Juliana Stratton,,active,US_2026_general_election,7,usable,usable,0.9755,0.974,0.15000000000000568,2026-09-08T15:00:00Z,2026-09-01T15:00:00Z,same_contract_descriptive
SENATEIL-26-D,SENATEIL,SENATEIL-26,Will Democratics win the Senate race in Illinois?,Juliana Stratton,,active,US_2026_general_election,14,usable,usable,0.9755,0.9644999999999999,1.100000000000012,2026-09-08T15:00:00Z,2026-08-24T17:00:00Z,same_contract_descriptive
SENATEIL-26-D,SENATEIL,SENATEIL-26,Will Democratics win the Senate race in Illinois?,Juliana Stratton,,active,US_2026_general_election,28,usable,usable,0.9755,0.9755,0.0,2026-09-08T15:00:00Z,2026-08-11T13:00:00Z,same_contract_descriptive
SENATEKS-26-R,SENATEKS,SENATEKS-26,Will Republicans win the Senate race in Kansas?,Roger Marshall,,active,US_2026_general_election,7,usable,usable,0.825,0.825,0.0,2026-09-08T15:00:00Z,2026-09-01T15:00:00Z,same_contract_descriptive
SENATEKS-26-R,SENATEKS,SENATEKS-26,Will Republicans win the Senate race in Kansas?,Roger Marshall,,active,US_2026_general_election,14,usable,usable,0.825,0.825,0.0,2026-09-08T15:00:00Z,2026-08-25T14:00:00Z,same_contract_descriptive
SENATEKS-26-R,SENATEKS,SENATEKS-26,Will Republicans win the Senate race in Kansas?,Roger Marshall,,active,US_2026_general_election,28,usable,usable,0.825,0.805,1.9999999999999907,2026-09-08T15:00:00Z,2026-08-11T13:00:00Z,same_contract_descriptive
SENATEKS-26-D,SENATEKS,SENATEKS-26,Will Democratics win the Senate race in Kansas?,Adam Hamilton,,active,US_2026_general_election,7,usable,usable,0.175,0.185,-1.0000000000000009,2026-09-08T15:00:00Z,2026-09-01T15:00:00Z,same_contract_descriptive
SENATEKS-26-D,SENATEKS,SENATEKS-26,Will Democratics win the Senate race in Kansas?,Adam Hamilton,,active,US_2026_general_election,14,usable,usable,0.175,0.195,-2.0000000000000018,2026-09-08T15:00:00Z,2026-08-25T15:00:00Z,same_contract_descriptive
SENATEKS-26-D,SENATEKS,SENATEKS-26,Will Democratics win the Senate race in Kansas?,Adam Hamilton,,active,US_2026_general_election,28,usable,usable,0.175,0.195,-2.0000000000000018,2026-09-08T15:00:00Z,2026-08-11T14:00:00Z,same_contract_descriptive
SENATELA-26-R,SENATELA,SENATELA-26,Will Republicans win the Senate race in Kentucky?,Andy Barr,,active,US_2026_general_election,7,usable,usable,0.947,0.9425,0.44999999999999485,2026-09-08T15:00:00Z,2026-09-01T15:00:00Z,same_contract_descriptive
SENATELA-26-R,SENATELA,SENATELA-26,Will Republicans win the Senate race in Kentucky?,Andy Barr,,active,US_2026_general_election,14,usable,usable,0.947,0.9365,1.0499999999999954,2026-09-08T15:00:00Z,2026-08-25T09:00:00Z,same_contract_descriptive
SENATELA-26-R,SENATELA,SENATELA-26,Will Republicans win the Senate race in Kentucky?,Andy Barr,,active,US_2026_general_election,28,usable,usable,0.947,0.929,1.7999999999999905,2026-09-08T15:00:00Z,2026-08-11T07:00:00Z,same_contract_descriptive
SENATELA-26-D,SENATELA,SENATELA-26,Will Democratics win the Senate race in Kentucky?,Charles Booker,,active,US_2026_general_election,7,usable,usable,0.052000000000000005,0.057499999999999996,-0.5499999999999992,2026-09-08T15:00:00Z,2026-09-01T14:00:00Z,same_contract_descriptive
SENATELA-26-D,SENATELA,SENATELA-26,Will Democratics win the Senate race in Kentucky?,Charles Booker,,active,US_2026_general_election,14,usable,usable,0.052000000000000005,0.057499999999999996,-0.5499999999999992,2026-09-08T15:00:00Z,2026-08-25T01:00:00Z,same_contract_descriptive
SENATELA-26-D,SENATELA,SENATELA-26,Will Democratics win the Senate race in Kentucky?,Charles Booker,,active,US_2026_general_election,28,usable,usable,0.052000000000000005,0.0625,-1.0499999999999996,2026-09-08T15:00:00Z,2026-08-11T07:00:00Z,same_contract_descriptive
SENATEMA-26-R,SENATEMA,SENATEMA-26,Will Republicans win the Senate race in Massachusetts?,John Deaton,,active,US_2026_general_election,7,usable,usable,0.0195,0.0225,-0.29999999999999993,2026-09-07T22:00:00Z,2026-09-01T09:00:00Z,same_contract_descriptive
SENATEMA-26-R,SENATEMA,SENATEMA-26,Will Republicans win the Senate race in Massachusetts?,John Deaton,,active,US_2026_general_election,14,usable,usable,0.0195,0.0235,-0.4,2026-09-07T22:00:00Z,2026-08-25T14:00:00Z,same_contract_descriptive
SENATEMA-26-R,SENATEMA,SENATEMA-26,Will Republicans win the Senate race in Massachusetts?,John Deaton,,active,US_2026_general_election,28,usable,usable,0.0195,0.017,0.2499999999999999,2026-09-07T22:00:00Z,2026-08-11T01:00:00Z,same_contract_descriptive
SENATEMA-26-D,SENATEMA,SENATEMA-26,Will Democratics win the Senate race in Massachusetts?,Ed Markey,,active,US_2026_general_election,7,usable,usable,0.9735,0.9735,0.0,2026-09-08T15:00:00Z,2026-09-01T14:00:00Z,same_contract_descriptive
SENATEMA-26-D,SENATEMA,SENATEMA-26,Will Democratics win the Senate race in Massachusetts?,Ed Markey,,active,US_2026_general_election,14,usable,usable,0.9735,0.9744999999999999,-0.09999999999998899,2026-09-08T15:00:00Z,2026-08-25T14:00:00Z,same_contract_descriptive
SENATEMA-26-D,SENATEMA,SENATEMA-26,Will Democratics win the Senate race in Massachusetts?,Ed Markey,,active,US_2026_general_election,28,usable,usable,0.9735,0.978,-0.44999999999999485,2026-09-08T15:00:00Z,2026-08-11T09:00:00Z,same_contract_descriptive
SENATEME-26-R,SENATEME,SENATEME-26,Will Republicans win the Senate race in Maine?,Susan Collins,,active,US_2026_general_election,7,usable,usable,0.315,0.31,0.5000000000000004,2026-09-08T15:00:00Z,2026-09-01T15:00:00Z,same_contract_descriptive
SENATEME-26-R,SENATEME,SENATEME-26,Will Republicans win the Senate race in Maine?,Susan Collins,,active,US_2026_general_election,14,usable,usable,0.315,0.305,1.0000000000000009,2026-09-08T15:00:00Z,2026-08-25T15:00:00Z,same_contract_descriptive
SENATEME-26-R,SENATEME,SENATEME-26,Will Republicans win the Senate race in Maine?,Susan Collins,,active,US_2026_general_election,28,usable,usable,0.315,0.355,-3.9999999999999982,2026-09-08T15:00:00Z,2026-08-11T15:00:00Z,same_contract_descriptive
SENATEME-26-D,SENATEME,SENATEME-26,Will Democratics win the Senate race in Maine?,Troy Jackson,,active,US_2026_general_election,7,usable,usable,0.675,0.695,-1.9999999999999907,2026-09-08T15:00:00Z,2026-09-01T15:00:00Z,same_contract_descriptive
SENATEME-26-D,SENATEME,SENATEME-26,Will Democratics win the Senate race in Maine?,Troy Jackson,,active,US_2026_general_election,14,usable,usable,0.675,0.685,-1.0000000000000009,2026-09-08T15:00:00Z,2026-08-25T15:00:00Z,same_contract_descriptive
SENATEME-26-D,SENATEME,SENATEME-26,Will Democratics win the Senate race in Maine?,Troy Jackson,,active,US_2026_general_election,28,usable,usable,0.675,0.645,3.0000000000000027,2026-09-08T15:00:00Z,2026-08-11T15:00:00Z,same_contract_descriptive
SENATEMI-26-R,SENATEMI,SENATEMI-26,Will Republicans win the Senate race in Michigan?,Mike Rogers,,active,US_2026_general_election,7,usable,usable,0.36,0.355,0.5000000000000004,2026-09-08T15:00:00Z,2026-09-01T15:00:00Z,same_contract_descriptive
SENATEMI-26-R,SENATEMI,SENATEMI-26,Will Republicans win the Senate race in Michigan?,Mike Rogers,,active,US_2026_general_election,14,usable,usable,0.36,0.395,-3.500000000000003,2026-09-08T15:00:00Z,2026-08-25T15:00:00Z,same_contract_descriptive
SENATEMI-26-R,SENATEMI,SENATEMI-26,Will Republicans win the Senate race in Michigan?,Mike Rogers,,active,US_2026_general_election,28,usable,usable,0.36,0.455,-9.500000000000004,2026-09-08T15:00:00Z,2026-08-11T15:00:00Z,same_contract_descriptive
SENATEMI-26-D,SENATEMI,SENATEMI-26,Will Democratics win the Senate race in Michigan?,Abdul El-Sayed,,active,US_2026_general_election,7,usable,usable,0.635,0.64,-0.5000000000000004,2026-09-08T15:00:00Z,2026-09-01T15:00:00Z,same_contract_descriptive
SENATEMI-26-D,SENATEMI,SENATEMI-26,Will Democratics win the Senate race in Michigan?,Abdul El-Sayed,,active,US_2026_general_election,14,usable,usable,0.635,0.605,3.0000000000000027,2026-09-08T15:00:00Z,2026-08-25T15:00:00Z,same_contract_descriptive
SENATEMI-26-D,SENATEMI,SENATEMI-26,Will Democratics win the Senate race in Michigan?,Abdul El-Sayed,,active,US_2026_general_election,28,usable,usable,0.635,0.555,7.9999999999999964,2026-09-08T15:00:00Z,2026-08-11T15:00:00Z,same_contract_descriptive
SENATEMN-26-R,SENATEMN,SENATEMN-26,Will Republicans win the Senate race in Minnesota?,Michele Tafoya,,active,US_2026_general_election,7,usable,usable,0.08549999999999999,0.0905,-0.5000000000000004,2026-09-08T14:00:00Z,2026-09-01T15:00:00Z,same_contract_descriptive
SENATEMN-26-R,SENATEMN,SENATEMN-26,Will Republicans win the Senate race in Minnesota?,Michele Tafoya,,active,US_2026_general_election,14,usable,usable,0.08549999999999999,0.0945,-0.9000000000000008,2026-09-08T14:00:00Z,2026-08-25T15:00:00Z,same_contract_descriptive
SENATEMN-26-R,SENATEMN,SENATEMN-26,Will Republicans win the Senate race in Minnesota?,Michele Tafoya,,active,US_2026_general_election,28,usable,usable,0.08549999999999999,0.0685,1.6999999999999988,2026-09-08T14:00:00Z,2026-08-11T15:00:00Z,same_contract_descriptive
SENATEMN-26-D,SENATEMN,SENATEMN-26,Will Democratic (DFL)s win the Senate race in Minnesota?,Peggy Flanagan,,active,US_2026_general_election,7,usable,usable,0.918,0.914,0.40000000000000036,2026-09-08T15:00:00Z,2026-09-01T15:00:00Z,same_contract_descriptive
SENATEMN-26-D,SENATEMN,SENATEMN-26,Will Democratic (DFL)s win the Senate race in Minnesota?,Peggy Flanagan,,active,US_2026_general_election,14,usable,usable,0.918,0.905,1.3000000000000012,2026-09-08T15:00:00Z,2026-08-25T15:00:00Z,same_contract_descriptive
SENATEMN-26-D,SENATEMN,SENATEMN-26,Will Democratic (DFL)s win the Senate race in Minnesota?,Peggy Flanagan,,active,US_2026_general_election,28,usable,usable,0.918,0.9410000000000001,-2.300000000000002,2026-09-08T15:00:00Z,2026-08-11T12:00:00Z,same_contract_descriptive
SENATEMS-26-R,SENATEMS,SENATEMS-26,Will Republicans win the Senate race in Mississippi?,Cindy Hyde-Smith,,active,US_2026_general_election,7,usable,usable,0.9415,0.9365000000000001,0.49999999999998934,2026-09-08T05:00:00Z,2026-09-01T15:00:00Z,same_contract_descriptive
SENATEMS-26-R,SENATEMS,SENATEMS-26,Will Republicans win the Senate race in Mississippi?,Cindy Hyde-Smith,,active,US_2026_general_election,14,usable,usable,0.9415,0.9265000000000001,1.4999999999999902,2026-09-08T05:00:00Z,2026-08-25T08:00:00Z,same_contract_descriptive
SENATEMS-26-R,SENATEMS,SENATEMS-26,Will Republicans win the Senate race in Mississippi?,Cindy Hyde-Smith,,active,US_2026_general_election,28,usable,usable,0.9415,0.9345,0.7000000000000006,2026-09-08T05:00:00Z,2026-08-11T15:00:00Z,same_contract_descriptive
SENATEMS-26-D,SENATEMS,SENATEMS-26,Will Democratics win the Senate race in Mississippi?,Scott Colom,,active,US_2026_general_election,7,usable,usable,0.06,0.07550000000000001,-1.5500000000000014,2026-09-08T15:00:00Z,2026-09-01T15:00:00Z,same_contract_descriptive
SENATEMS-26-D,SENATEMS,SENATEMS-26,Will Democratics win the Senate race in Mississippi?,Scott Colom,,active,US_2026_general_election,14,usable,usable,0.06,0.0805,-2.0500000000000003,2026-09-08T15:00:00Z,2026-08-25T13:00:00Z,same_contract_descriptive
SENATEMS-26-D,SENATEMS,SENATEMS-26,Will Democratics win the Senate race in Mississippi?,Scott Colom,,active,US_2026_general_election,28,usable,usable,0.06,0.0675,-0.7500000000000007,2026-09-08T15:00:00Z,2026-08-11T15:00:00Z,same_contract_descriptive
SENATEMT-26-IND,SENATEMT,SENATEMT-26,Will Independents win the Senate race in Montana?,Seth Bodnar,,active,US_2026_general_election,7,usable,usable,0.0765,0.08549999999999999,-0.8999999999999995,2026-09-08T07:00:00Z,2026-09-01T15:00:00Z,same_contract_descriptive
SENATEMT-26-IND,SENATEMT,SENATEMT-26,Will Independents win the Senate race in Montana?,Seth Bodnar,,active,US_2026_general_election,14,usable,usable,0.0765,0.0885,-1.1999999999999997,2026-09-08T07:00:00Z,2026-08-25T15:00:00Z,same_contract_descriptive
SENATEMT-26-IND,SENATEMT,SENATEMT-26,Will Independents win the Senate race in Montana?,Seth Bodnar,,active,US_2026_general_election,28,usable,usable,0.0765,0.0975,-2.1000000000000005,2026-09-08T07:00:00Z,2026-08-11T15:00:00Z,same_contract_descriptive
SENATEMT-26-R,SENATEMT,SENATEMT-26,Will Republicans win the Senate race in Montana?,Kurt Alme,,active,US_2026_general_election,7,usable,usable,0.908,0.905,0.30000000000000027,2026-09-08T15:00:00Z,2026-09-01T14:00:00Z,same_contract_descriptive
SENATEMT-26-R,SENATEMT,SENATEMT-26,Will Republicans win the Senate race in Montana?,Kurt Alme,,active,US_2026_general_election,14,usable,usable,0.908,0.907,0.10000000000000009,2026-09-08T15:00:00Z,2026-08-25T15:00:00Z,same_contract_descriptive
SENATEMT-26-R,SENATEMT,SENATEMT-26,Will Republicans win the Senate race in Montana?,Kurt Alme,,active,US_2026_general_election,28,usable,usable,0.908,0.8975,1.0500000000000065,2026-09-08T15:00:00Z,2026-08-11T15:00:00Z,same_contract_descriptive
SENATEMT-26-D,SENATEMT,SENATEMT-26,Will Democratics win the Senate race in Montana?,Alani Bankhead,,active,US_2026_general_election,7,usable,usable,0.0135,0.009,0.45000000000000007,2026-09-08T08:00:00Z,2026-09-01T14:00:00Z,same_contract_descriptive
SENATEMT-26-D,SENATEMT,SENATEMT-26,Will Democratics win the Senate race in Montana?,Alani Bankhead,,active,US_2026_general_election,14,usable,usable,0.0135,0.0125,0.09999999999999992,2026-09-08T08:00:00Z,2026-08-25T09:00:00Z,same_contract_descriptive
SENATEMT-26-D,SENATEMT,SENATEMT-26,Will Democratics win the Senate race in Montana?,Alani Bankhead,,active,US_2026_general_election,28,usable,usable,0.0135,0.0135,0.0,2026-09-08T08:00:00Z,2026-08-11T15:00:00Z,same_contract_descriptive
SENATENC-26-R,SENATENC,SENATENC-26,Will Republicans win the Senate race in North Carolina?,Michael Whatley,,active,US_2026_general_election,7,usable,usable,0.0895,0.088,0.15000000000000013,2026-09-08T14:00:00Z,2026-09-01T15:00:00Z,same_contract_descriptive
SENATENC-26-R,SENATENC,SENATENC-26,Will Republicans win the Senate race in North Carolina?,Michael Whatley,,active,US_2026_general_election,14,usable,usable,0.0895,0.081,0.8499999999999994,2026-09-08T14:00:00Z,2026-08-25T15:00:00Z,same_contract_descriptive
SENATENC-26-R,SENATENC,SENATENC-26,Will Republicans win the Senate race in North Carolina?,Michael Whatley,,active,US_2026_general_election,28,usable,usable,0.0895,0.092,-0.2500000000000002,2026-09-08T14:00:00Z,2026-08-11T15:00:00Z,same_contract_descriptive
SENATENC-26-D,SENATENC,SENATENC-26,Will Democratics win the Senate race in North Carolina?,Roy Cooper,,active,US_2026_general_election,7,usable,usable,0.9135,0.9115,0.20000000000000018,2026-09-08T15:00:00Z,2026-09-01T14:00:00Z,same_contract_descriptive
SENATENC-26-D,SENATENC,SENATENC-26,Will Democratics win the Senate race in North Carolina?,Roy Cooper,,active,US_2026_general_election,14,usable,usable,0.9135,0.9215,-0.8000000000000007,2026-09-08T15:00:00Z,2026-08-25T15:00:00Z,same_contract_descriptive
SENATENC-26-D,SENATENC,SENATENC-26,Will Democratics win the Senate race in North Carolina?,Roy Cooper,,active,US_2026_general_election,28,usable,usable,0.9135,0.911,0.24999999999999467,2026-09-08T15:00:00Z,2026-08-11T15:00:00Z,same_contract_descriptive
SENATENE-26-DOSB,SENATENE,SENATENE-26,Will Dan Osborn (as an independent)s win the Senate race in Nebraska?,Dan Osborn,,active,US_2026_general_election,7,usable,usable,0.28500000000000003,0.305,-1.9999999999999962,2026-09-08T15:00:00Z,2026-09-01T15:00:00Z,same_contract_descriptive
SENATENE-26-DOSB,SENATENE,SENATENE-26,Will Dan Osborn (as an independent)s win the Senate race in Nebraska?,Dan Osborn,,active,US_2026_general_election,14,usable,usable,0.28500000000000003,0.28500000000000003,0.0,2026-09-08T15:00:00Z,2026-08-25T15:00:00Z,same_contract_descriptive
SENATENE-26-DOSB,SENATENE,SENATENE-26,Will Dan Osborn (as an independent)s win the Senate race in Nebraska?,Dan Osborn,,active,US_2026_general_election,28,usable,usable,0.28500000000000003,0.28500000000000003,0.0,2026-09-08T15:00:00Z,2026-08-11T13:00:00Z,same_contract_descriptive
SENATENE-26-R,SENATENE,SENATENE-26,Will Republicans win the Senate race in Nebraska?,Pete Ricketts,,active,US_2026_general_election,7,usable,usable,0.72,0.695,2.500000000000002,2026-09-08T15:00:00Z,2026-09-01T15:00:00Z,same_contract_descriptive
SENATENE-26-R,SENATENE,SENATENE-26,Will Republicans win the Senate race in Nebraska?,Pete Ricketts,,active,US_2026_general_election,14,usable,usable,0.72,0.695,2.500000000000002,2026-09-08T15:00:00Z,2026-08-25T15:00:00Z,same_contract_descriptive
SENATENE-26-R,SENATENE,SENATENE-26,Will Republicans win the Senate race in Nebraska?,Pete Ricketts,,active,US_2026_general_election,28,usable,usable,0.72,0.715,0.5000000000000004,2026-09-08T15:00:00Z,2026-08-11T13:00:00Z,same_contract_descriptive
SENATENE-26-D,SENATENE,SENATENE-26,Will Democratics win the Senate race in Nebraska?,Cindy Burbank,,active,US_2026_general_election,7,usable,usable,0.0035,0.003,0.05,2026-09-08T15:00:00Z,2026-08-31T20:00:00Z,same_contract_descriptive
SENATENE-26-D,SENATENE,SENATENE-26,Will Democratics win the Senate race in Nebraska?,Cindy Burbank,,active,US_2026_general_election,14,usable,usable,0.0035,0.002,0.15,2026-09-08T15:00:00Z,2026-08-25T14:00:00Z,same_contract_descriptive
SENATENE-26-D,SENATENE,SENATENE-26,Will Democratics win the Senate race in Nebraska?,Cindy Burbank,,active,US_2026_general_election,28,usable,usable,0.0035,0.003,0.05,2026-09-08T15:00:00Z,2026-08-11T03:00:00Z,same_contract_descriptive
SENATENH-26-R,SENATENH,SENATENH-26,Will Republicans win the Senate race in New Hampshire?,Republican party,,active,US_2026_general_election,7,usable,usable,0.185,0.165,1.9999999999999991,2026-09-08T15:00:00Z,2026-09-01T15:00:00Z,same_contract_descriptive
SENATENH-26-R,SENATENH,SENATENH-26,Will Republicans win the Senate race in New Hampshire?,Republican party,,active,US_2026_general_election,14,usable,usable,0.185,0.11499999999999999,7.000000000000001,2026-09-08T15:00:00Z,2026-08-25T15:00:00Z,same_contract_descriptive
SENATENH-26-R,SENATENH,SENATENH-26,Will Republicans win the Senate race in New Hampshire?,Republican party,,active,US_2026_general_election,28,usable,usable,0.185,0.11499999999999999,7.000000000000001,2026-09-08T15:00:00Z,2026-08-11T07:00:00Z,same_contract_descriptive
SENATENH-26-D,SENATENH,SENATENH-26,Will Democratics win the Senate race in New Hampshire?,Democratic party,,active,US_2026_general_election,7,usable,usable,0.825,0.835,-1.0000000000000009,2026-09-08T15:00:00Z,2026-09-01T15:00:00Z,same_contract_descriptive
SENATENH-26-D,SENATENH,SENATENH-26,Will Democratics win the Senate race in New Hampshire?,Democratic party,,active,US_2026_general_election,14,usable,usable,0.825,0.9,-7.500000000000007,2026-09-08T15:00:00Z,2026-08-25T14:00:00Z,same_contract_descriptive
SENATENH-26-D,SENATENH,SENATENH-26,Will Democratics win the Senate race in New Hampshire?,Democratic party,,active,US_2026_general_election,28,usable,usable,0.825,0.885,-6.000000000000005,2026-09-08T15:00:00Z,2026-08-11T13:00:00Z,same_contract_descriptive
SENATENJ-26-D,SENATENJ,SENATENJ-26,Will Democratics win the Senate race in New Jersey?,Cory Booker,,active,US_2026_general_election,7,usable,usable,0.9764999999999999,0.9795,-0.30000000000001137,2026-09-08T15:00:00Z,2026-09-01T02:00:00Z,same_contract_descriptive
SENATENJ-26-D,SENATENJ,SENATENJ-26,Will Democratics win the Senate race in New Jersey?,Cory Booker,,active,US_2026_general_election,14,usable,usable,0.9764999999999999,0.969,0.7499999999999951,2026-09-08T15:00:00Z,2026-08-25T01:00:00Z,same_contract_descriptive
SENATENJ-26-D,SENATENJ,SENATENJ-26,Will Democratics win the Senate race in New Jersey?,Cory Booker,,active,US_2026_general_election,28,usable,usable,0.9764999999999999,0.9604999999999999,1.6000000000000014,2026-09-08T15:00:00Z,2026-08-11T03:00:00Z,same_contract_descriptive
SENATENJ-26-R,SENATENJ,SENATENJ-26,Will Republicans win the Senate race in New Jersey?,Justin Murphy,,active,US_2026_general_election,7,usable,usable,0.014,0.0195,-0.5499999999999999,2026-09-08T13:00:00Z,2026-09-01T03:00:00Z,same_contract_descriptive
SENATENJ-26-R,SENATENJ,SENATENJ-26,Will Republicans win the Senate race in New Jersey?,Justin Murphy,,active,US_2026_general_election,14,usable,usable,0.014,0.015,-0.09999999999999992,2026-09-08T13:00:00Z,2026-08-25T15:00:00Z,same_contract_descriptive
SENATENJ-26-R,SENATENJ,SENATENJ-26,Will Republicans win the Senate race in New Jersey?,Justin Murphy,,active,US_2026_general_election,28,usable,usable,0.014,0.025500000000000002,-1.1500000000000001,2026-09-08T13:00:00Z,2026-08-11T15:00:00Z,same_contract_descriptive
SENATENM-26-R,SENATENM,SENATENM-26,Will Republicans win the Senate race in New Mexico?,Larry E. Marker,,active,US_2026_general_election,7,usable,usable,0.014499999999999999,0.025500000000000002,-1.1000000000000003,2026-09-08T04:00:00Z,2026-09-01T15:00:00Z,same_contract_descriptive
SENATENM-26-R,SENATENM,SENATENM-26,Will Republicans win the Senate race in New Mexico?,Larry E. Marker,,active,US_2026_general_election,14,usable,usable,0.014499999999999999,0.0345,-2.0000000000000004,2026-09-08T04:00:00Z,2026-08-25T15:00:00Z,same_contract_descriptive
SENATENM-26-R,SENATENM,SENATENM-26,Will Republicans win the Senate race in New Mexico?,Larry E. Marker,,active,US_2026_general_election,28,usable,usable,0.014499999999999999,0.0225,-0.8,2026-09-08T04:00:00Z,2026-08-11T14:00:00Z,same_contract_descriptive
SENATENM-26-D,SENATENM,SENATENM-26,Will Democratics win the Senate race in New Mexico?,Ben Ray Luján,,active,US_2026_general_election,7,usable,usable,0.9755,0.9724999999999999,0.30000000000001137,2026-09-07T23:00:00Z,2026-09-01T02:00:00Z,same_contract_descriptive
SENATENM-26-D,SENATENM,SENATENM-26,Will Democratics win the Senate race in New Mexico?,Ben Ray Luján,,active,US_2026_general_election,14,usable,usable,0.9755,0.964,1.1500000000000066,2026-09-07T23:00:00Z,2026-08-24T17:00:00Z,same_contract_descriptive
SENATENM-26-D,SENATENM,SENATENM-26,Will Democratics win the Senate race in New Mexico?,Ben Ray Luján,,active,US_2026_general_election,28,usable,stale_observation,0.9755,,,2026-09-07T23:00:00Z,2026-08-10T08:00:00Z,not_comparable
SENATEOHS-26-D,SENATEOHS,SENATEOHS-26,Will Democratics win the Senate race in Ohio?,Sherrod Brown,,active,US_2026_general_election,7,usable,usable,0.535,0.545,-1.0000000000000009,2026-09-08T15:00:00Z,2026-09-01T15:00:00Z,same_contract_descriptive
SENATEOHS-26-D,SENATEOHS,SENATEOHS-26,Will Democratics win the Senate race in Ohio?,Sherrod Brown,,active,US_2026_general_election,14,usable,usable,0.535,0.525,1.0000000000000009,2026-09-08T15:00:00Z,2026-08-25T15:00:00Z,same_contract_descriptive
SENATEOHS-26-D,SENATEOHS,SENATEOHS-26,Will Democratics win the Senate race in Ohio?,Sherrod Brown,,active,US_2026_general_election,28,usable,usable,0.535,0.495,4.0000000000000036,2026-09-08T15:00:00Z,2026-08-11T15:00:00Z,same_contract_descriptive
SENATEOHS-26-R,SENATEOHS,SENATEOHS-26,Will Republicans win the Senate race in Ohio?,Jon Husted,,active,US_2026_general_election,7,usable,usable,0.46499999999999997,0.45999999999999996,0.5000000000000004,2026-09-08T15:00:00Z,2026-09-01T15:00:00Z,same_contract_descriptive
SENATEOHS-26-R,SENATEOHS,SENATEOHS-26,Will Republicans win the Senate race in Ohio?,Jon Husted,,active,US_2026_general_election,14,usable,usable,0.46499999999999997,0.475,-1.0000000000000009,2026-09-08T15:00:00Z,2026-08-25T15:00:00Z,same_contract_descriptive
SENATEOHS-26-R,SENATEOHS,SENATEOHS-26,Will Republicans win the Senate race in Ohio?,Jon Husted,,active,US_2026_general_election,28,usable,usable,0.46499999999999997,0.515,-5.000000000000004,2026-09-08T15:00:00Z,2026-08-11T15:00:00Z,same_contract_descriptive
SENATEOK-26-D,SENATEOK,SENATEOK-26,Will Democratics win the Senate race in Oklahoma?,Democratic party,,active,US_2026_general_election,7,usable,usable,0.0395,0.027500000000000004,1.1999999999999997,2026-09-08T13:00:00Z,2026-09-01T14:00:00Z,same_contract_descriptive
SENATEOK-26-D,SENATEOK,SENATEOK-26,Will Democratics win the Senate race in Oklahoma?,Democratic party,,active,US_2026_general_election,14,usable,usable,0.0395,0.020499999999999997,1.9000000000000004,2026-09-08T13:00:00Z,2026-08-25T11:00:00Z,same_contract_descriptive
SENATEOK-26-D,SENATEOK,SENATEOK-26,Will Democratics win the Senate race in Oklahoma?,Democratic party,,active,US_2026_general_election,28,usable,stale_observation,0.0395,,,2026-09-08T13:00:00Z,2026-08-09T04:00:00Z,not_comparable
SENATEOK-26-R,SENATEOK,SENATEOK-26,Will Republicans win the Senate race in Oklahoma?,Kevin Hern,,active,US_2026_general_election,7,usable,usable,0.9544999999999999,0.9775,-2.300000000000013,2026-09-08T15:00:00Z,2026-09-01T14:00:00Z,same_contract_descriptive
SENATEOK-26-R,SENATEOK,SENATEOK-26,Will Republicans win the Senate race in Oklahoma?,Kevin Hern,,active,US_2026_general_election,14,usable,usable,0.9544999999999999,0.9695,-1.5000000000000124,2026-09-08T15:00:00Z,2026-08-25T14:00:00Z,same_contract_descriptive
SENATEOK-26-R,SENATEOK,SENATEOK-26,Will Republicans win the Senate race in Oklahoma?,Kevin Hern,,active,US_2026_general_election,28,usable,stale_observation,0.9544999999999999,,,2026-09-08T15:00:00Z,2026-08-10T05:00:00Z,not_comparable
SENATEOR-26-R,SENATEOR,SENATEOR-26,Will Republicans win the Senate race in Oregon?,David Brock Smith,,active,US_2026_general_election,7,usable,usable,0.013000000000000001,0.0175,-0.45000000000000007,2026-09-07T19:00:00Z,2026-08-31T23:00:00Z,same_contract_descriptive
SENATEOR-26-R,SENATEOR,SENATEOR-26,Will Republicans win the Senate race in Oregon?,David Brock Smith,,active,US_2026_general_election,14,usable,usable,0.013000000000000001,0.022000000000000002,-0.9000000000000001,2026-09-07T19:00:00Z,2026-08-25T15:00:00Z,same_contract_descriptive
SENATEOR-26-R,SENATEOR,SENATEOR-26,Will Republicans win the Senate race in Oregon?,David Brock Smith,,active,US_2026_general_election,28,usable,stale_observation,0.013000000000000001,,,2026-09-07T19:00:00Z,2026-08-09T16:00:00Z,not_comparable
SENATEOR-26-D,SENATEOR,SENATEOR-26,Will Democratics win the Senate race in Oregon?,Jeff Merkley,,active,US_2026_general_election,7,usable,usable,0.982,0.9784999999999999,0.35000000000000586,2026-09-08T15:00:00Z,2026-09-01T14:00:00Z,same_contract_descriptive
SENATEOR-26-D,SENATEOR,SENATEOR-26,Will Democratics win the Senate race in Oregon?,Jeff Merkley,,active,US_2026_general_election,14,usable,usable,0.982,0.9704999999999999,1.1500000000000066,2026-09-08T15:00:00Z,2026-08-25T15:00:00Z,same_contract_descriptive
SENATEOR-26-D,SENATEOR,SENATEOR-26,Will Democratics win the Senate race in Oregon?,Jeff Merkley,,active,US_2026_general_election,28,usable,usable,0.982,0.979,0.30000000000000027,2026-09-08T15:00:00Z,2026-08-11T01:00:00Z,same_contract_descriptive
SENATERI-26-D,SENATERI,SENATERI-26,Will Democratics win the Senate race in Rhode Island?,Democratic party,,active,US_2026_general_election,7,stale_observation,stale_observation,,,,2026-09-07T15:00:00Z,2026-08-29T14:00:00Z,not_comparable
SENATERI-26-D,SENATERI,SENATERI-26,Will Democratics win the Senate race in Rhode Island?,Democratic party,,active,US_2026_general_election,14,stale_observation,usable,,0.962,,2026-09-07T15:00:00Z,2026-08-25T02:00:00Z,not_comparable
SENATERI-26-D,SENATERI,SENATERI-26,Will Democratics win the Senate race in Rhode Island?,Democratic party,,active,US_2026_general_election,28,stale_observation,usable,,0.979,,2026-09-07T15:00:00Z,2026-08-11T07:00:00Z,not_comparable
SENATERI-26-R,SENATERI,SENATERI-26,Will Republicans win the Senate race in Rhode Island?,Republican party,,active,US_2026_general_election,7,usable,stale_observation,0.012,,,2026-09-08T09:00:00Z,2026-08-28T21:00:00Z,not_comparable
SENATERI-26-R,SENATERI,SENATERI-26,Will Republicans win the Senate race in Rhode Island?,Republican party,,active,US_2026_general_election,14,usable,stale_observation,0.012,,,2026-09-08T09:00:00Z,2026-08-19T00:00:00Z,not_comparable
SENATERI-26-R,SENATERI,SENATERI-26,Will Republicans win the Senate race in Rhode Island?,Republican party,,active,US_2026_general_election,28,usable,stale_observation,0.012,,,2026-09-08T09:00:00Z,2026-08-09T16:00:00Z,not_comparable
SENATESC-26-R,SENATESC,SENATESC-26,Will Republicans win the Senate race in South Carolina?,Darline Graham,,active,US_2026_general_election,7,usable,usable,0.855,0.875,-2.0000000000000018,2026-09-08T15:00:00Z,2026-09-01T15:00:00Z,same_contract_descriptive
SENATESC-26-R,SENATESC,SENATESC-26,Will Republicans win the Senate race in South Carolina?,Darline Graham,,active,US_2026_general_election,14,usable,usable,0.855,0.885,-3.0000000000000027,2026-09-08T15:00:00Z,2026-08-25T09:00:00Z,same_contract_descriptive
SENATESC-26-R,SENATESC,SENATESC-26,Will Republicans win the Senate race in South Carolina?,Darline Graham,,active,US_2026_general_election,28,usable,usable,0.855,0.875,-2.0000000000000018,2026-09-08T15:00:00Z,2026-08-11T15:00:00Z,same_contract_descriptive
SENATESC-26-D,SENATESC,SENATESC-26,Will Democratics win the Senate race in South Carolina?,Annie Andrews,,active,US_2026_general_election,7,usable,usable,0.14,0.125,1.5000000000000013,2026-09-08T15:00:00Z,2026-09-01T15:00:00Z,same_contract_descriptive
SENATESC-26-D,SENATESC,SENATESC-26,Will Democratics win the Senate race in South Carolina?,Annie Andrews,,active,US_2026_general_election,14,usable,usable,0.14,0.11499999999999999,2.500000000000002,2026-09-08T15:00:00Z,2026-08-25T15:00:00Z,same_contract_descriptive
SENATESC-26-D,SENATESC,SENATESC-26,Will Democratics win the Senate race in South Carolina?,Annie Andrews,,active,US_2026_general_election,28,usable,usable,0.14,0.125,1.5000000000000013,2026-09-08T15:00:00Z,2026-08-11T13:00:00Z,same_contract_descriptive
SENATESD-26-BBEN,SENATESD,SENATESD-26,Will Brian Bengss win the Senate race in South Dakota?,Brian Bengs,,active,US_2026_general_election,7,usable,usable,0.05,0.055,-0.4999999999999998,2026-09-08T15:00:00Z,2026-09-01T15:00:00Z,same_contract_descriptive
SENATESD-26-BBEN,SENATESD,SENATESD-26,Will Brian Bengss win the Senate race in South Dakota?,Brian Bengs,,active,US_2026_general_election,14,usable,usable,0.05,0.045,0.5000000000000004,2026-09-08T15:00:00Z,2026-08-25T01:00:00Z,same_contract_descriptive
SENATESD-26-BBEN,SENATESD,SENATESD-26,Will Brian Bengss win the Senate race in South Dakota?,Brian Bengs,,active,US_2026_general_election,28,usable,stale_observation,0.05,,,2026-09-08T15:00:00Z,2026-08-09T16:00:00Z,not_comparable
SENATESD-26-R,SENATESD,SENATESD-26,Will Republicans win the Senate race in South Dakota?,Mike Rounds,,active,US_2026_general_election,7,usable,usable,0.9495,0.9495,0.0,2026-09-08T15:00:00Z,2026-09-01T15:00:00Z,same_contract_descriptive
SENATESD-26-R,SENATESD,SENATESD-26,Will Republicans win the Senate race in South Dakota?,Mike Rounds,,active,US_2026_general_election,14,usable,usable,0.9495,0.9490000000000001,0.04999999999999449,2026-09-08T15:00:00Z,2026-08-25T04:00:00Z,same_contract_descriptive
SENATESD-26-R,SENATESD,SENATESD-26,Will Republicans win the Senate race in South Dakota?,Mike Rounds,,active,US_2026_general_election,28,usable,usable,0.9495,0.9385,1.100000000000001,2026-09-08T15:00:00Z,2026-08-11T13:00:00Z,same_contract_descriptive
SENATESD-26-D,SENATESD,SENATESD-26,Will Democratics win the Senate race in South Dakota?,Julian Beaudion,,active,US_2026_general_election,7,usable,usable,0.005,0.0085,-0.35000000000000003,2026-09-08T10:00:00Z,2026-09-01T07:00:00Z,same_contract_descriptive
SENATESD-26-D,SENATESD,SENATESD-26,Will Democratics win the Senate race in South Dakota?,Julian Beaudion,,active,US_2026_general_election,14,usable,usable,0.005,0.025,-2.0,2026-09-08T10:00:00Z,2026-08-24T17:00:00Z,same_contract_descriptive
SENATESD-26-D,SENATESD,SENATESD-26,Will Democratics win the Senate race in South Dakota?,Julian Beaudion,,active,US_2026_general_election,28,usable,usable,0.005,0.0125,-0.7500000000000001,2026-09-08T10:00:00Z,2026-08-11T15:00:00Z,same_contract_descriptive
SENATETN-26-R,SENATETN,SENATETN-26,Will Republicans win the Senate race in Tennessee?,Bill Hagerty,,active,US_2026_general_election,7,stale_observation,stale_observation,,,,2026-09-07T01:00:00Z,2026-08-29T06:00:00Z,not_comparable
SENATETN-26-R,SENATETN,SENATETN-26,Will Republicans win the Senate race in Tennessee?,Bill Hagerty,,active,US_2026_general_election,14,stale_observation,stale_observation,,,,2026-09-07T01:00:00Z,2026-08-22T17:00:00Z,not_comparable
SENATETN-26-R,SENATETN,SENATETN-26,Will Republicans win the Senate race in Tennessee?,Bill Hagerty,,active,US_2026_general_election,28,stale_observation,usable,,0.968,,2026-09-07T01:00:00Z,2026-08-10T20:00:00Z,not_comparable
SENATETN-26-D,SENATETN,SENATETN-26,Will Democratics win the Senate race in Tennessee?,Marquita Bradshaw,,active,US_2026_general_election,7,usable,usable,0.0295,0.0295,0.0,2026-09-08T15:00:00Z,2026-09-01T15:00:00Z,same_contract_descriptive
SENATETN-26-D,SENATETN,SENATETN-26,Will Democratics win the Senate race in Tennessee?,Marquita Bradshaw,,active,US_2026_general_election,14,usable,usable,0.0295,0.044,-1.45,2026-09-08T15:00:00Z,2026-08-25T15:00:00Z,same_contract_descriptive
SENATETN-26-D,SENATETN,SENATETN-26,Will Democratics win the Senate race in Tennessee?,Marquita Bradshaw,,active,US_2026_general_election,28,usable,usable,0.0295,0.035500000000000004,-0.6000000000000005,2026-09-08T15:00:00Z,2026-08-11T15:00:00Z,same_contract_descriptive
SENATETX-26-D,SENATETX,SENATETX-26,Will Democratics win the Senate race in Texas?,James Talarico,,active,US_2026_general_election,7,usable,usable,0.475,0.505,-3.0000000000000027,2026-09-08T15:00:00Z,2026-09-01T15:00:00Z,same_contract_descriptive
SENATETX-26-D,SENATETX,SENATETX-26,Will Democratics win the Senate race in Texas?,James Talarico,,active,US_2026_general_election,14,usable,usable,0.475,0.505,-3.0000000000000027,2026-09-08T15:00:00Z,2026-08-25T15:00:00Z,same_contract_descriptive
SENATETX-26-D,SENATETX,SENATETX-26,Will Democratics win the Senate race in Texas?,James Talarico,,active,US_2026_general_election,28,usable,usable,0.475,0.495,-2.0000000000000018,2026-09-08T15:00:00Z,2026-08-11T15:00:00Z,same_contract_descriptive
SENATETX-26-R,SENATETX,SENATETX-26,Will Republicans win the Senate race in Texas?,Ken Paxton,,active,US_2026_general_election,7,usable,usable,0.525,0.505,2.0000000000000018,2026-09-08T15:00:00Z,2026-09-01T15:00:00Z,same_contract_descriptive
SENATETX-26-R,SENATETX,SENATETX-26,Will Republicans win the Senate race in Texas?,Ken Paxton,,active,US_2026_general_election,14,usable,usable,0.525,0.505,2.0000000000000018,2026-09-08T15:00:00Z,2026-08-25T15:00:00Z,same_contract_descriptive
SENATETX-26-R,SENATETX,SENATETX-26,Will Republicans win the Senate race in Texas?,Ken Paxton,,active,US_2026_general_election,28,usable,usable,0.525,0.505,2.0000000000000018,2026-09-08T15:00:00Z,2026-08-11T15:00:00Z,same_contract_descriptive
SENATEVA-26-D,SENATEVA,SENATEVA-26,Will Democratics win the Senate race in Virginia?,Mark Warner,,active,US_2026_general_election,7,usable,usable,0.9775,0.975,0.2500000000000058,2026-09-08T05:00:00Z,2026-09-01T05:00:00Z,same_contract_descriptive
SENATEVA-26-D,SENATEVA,SENATEVA-26,Will Democratics win the Senate race in Virginia?,Mark Warner,,active,US_2026_general_election,14,usable,usable,0.9775,0.9735,0.40000000000000036,2026-09-08T05:00:00Z,2026-08-25T06:00:00Z,same_contract_descriptive
SENATEVA-26-D,SENATEVA,SENATEVA-26,Will Democratics win the Senate race in Virginia?,Mark Warner,,active,US_2026_general_election,28,usable,usable,0.9775,0.954,2.3500000000000076,2026-09-08T05:00:00Z,2026-08-11T01:00:00Z,same_contract_descriptive
SENATEVA-26-R,SENATEVA,SENATEVA-26,Will Republicans win the Senate race in Virginia?,Bert Mizusawa,,active,US_2026_general_election,7,usable,stale_observation,0.016,,,2026-09-08T14:00:00Z,2026-08-30T11:00:00Z,not_comparable
SENATEVA-26-R,SENATEVA,SENATEVA-26,Will Republicans win the Senate race in Virginia?,Bert Mizusawa,,active,US_2026_general_election,14,usable,usable,0.016,0.021,-0.5000000000000001,2026-09-08T14:00:00Z,2026-08-25T15:00:00Z,same_contract_descriptive
SENATEVA-26-R,SENATEVA,SENATEVA-26,Will Republicans win the Senate race in Virginia?,Bert Mizusawa,,active,US_2026_general_election,28,usable,stale_observation,0.016,,,2026-09-08T14:00:00Z,2026-08-10T11:00:00Z,not_comparable
SENATEWV-26-R,SENATEWV,SENATEWV-26,Will Republicans win the Senate race in West Virginia?,Shelley Moore Capito,,active,US_2026_general_election,7,usable,usable,0.978,0.9775,0.04999999999999449,2026-09-08T05:00:00Z,2026-09-01T15:00:00Z,same_contract_descriptive
SENATEWV-26-R,SENATEWV,SENATEWV-26,Will Republicans win the Senate race in West Virginia?,Shelley Moore Capito,,active,US_2026_general_election,14,usable,usable,0.978,0.9735,0.44999999999999485,2026-09-08T05:00:00Z,2026-08-24T17:00:00Z,same_contract_descriptive
SENATEWV-26-R,SENATEWV,SENATEWV-26,Will Republicans win the Senate race in West Virginia?,Shelley Moore Capito,,active,US_2026_general_election,28,usable,usable,0.978,0.971,0.7000000000000006,2026-09-08T05:00:00Z,2026-08-11T01:00:00Z,same_contract_descriptive
SENATEWV-26-D,SENATEWV,SENATEWV-26,Will Democratics win the Senate race in West Virginia?,Rachel Fetty Anderson,,active,US_2026_general_election,7,usable,usable,0.0185,0.019,-0.050000000000000044,2026-09-08T05:00:00Z,2026-09-01T15:00:00Z,same_contract_descriptive
SENATEWV-26-D,SENATEWV,SENATEWV-26,Will Democratics win the Senate race in West Virginia?,Rachel Fetty Anderson,,active,US_2026_general_election,14,usable,usable,0.0185,0.026000000000000002,-0.7500000000000003,2026-09-08T05:00:00Z,2026-08-25T01:00:00Z,same_contract_descriptive
SENATEWV-26-D,SENATEWV,SENATEWV-26,Will Democratics win the Senate race in West Virginia?,Rachel Fetty Anderson,,active,US_2026_general_election,28,usable,stale_observation,0.0185,,,2026-09-08T05:00:00Z,2026-08-09T16:00:00Z,not_comparable
SENATEWY-26-D,SENATEWY,SENATEWY-26,Will Democratics win the Senate race in Wyoming?,James Byrd,,active,US_2026_general_election,7,usable,usable,0.014499999999999999,0.0155,-0.10000000000000009,2026-09-07T23:00:00Z,2026-09-01T15:00:00Z,same_contract_descriptive
SENATEWY-26-D,SENATEWY,SENATEWY-26,Will Democratics win the Senate race in Wyoming?,James Byrd,,active,US_2026_general_election,14,usable,usable,0.014499999999999999,0.016,-0.15000000000000013,2026-09-07T23:00:00Z,2026-08-25T14:00:00Z,same_contract_descriptive
SENATEWY-26-D,SENATEWY,SENATEWY-26,Will Democratics win the Senate race in Wyoming?,James Byrd,,active,US_2026_general_election,28,usable,usable,0.014499999999999999,0.01,0.4499999999999999,2026-09-07T23:00:00Z,2026-08-11T03:00:00Z,same_contract_descriptive
SENATEWY-26-R,SENATEWY,SENATEWY-26,Will Republicans win the Senate race in Wyoming?,Harriet Hageman,,active,US_2026_general_election,7,usable,usable,0.989,0.989,0.0,2026-09-07T19:00:00Z,2026-09-01T15:00:00Z,same_contract_descriptive
SENATEWY-26-R,SENATEWY,SENATEWY-26,Will Republicans win the Senate race in Wyoming?,Harriet Hageman,,active,US_2026_general_election,14,usable,usable,0.989,0.984,0.5000000000000004,2026-09-07T19:00:00Z,2026-08-25T15:00:00Z,same_contract_descriptive
SENATEWY-26-R,SENATEWY,SENATEWY-26,Will Republicans win the Senate race in Wyoming?,Harriet Hageman,,active,US_2026_general_election,28,usable,usable,0.989,0.9815,0.7499999999999951,2026-09-07T19:00:00Z,2026-08-11T08:00:00Z,same_contract_descriptive
