ticker,series_ticker,event_ticker,title,yes_sub_title,issue_ids,status,scope,target_utc,quote_status,quote_observed_utc,age_hours,mid_probability,bid_usd,ask_usd,spread_probability,open_interest_contracts,staleness_limit
KX10Y2Y-26DEC31-T.7,KX10Y2Y,KX10Y2Y-26DEC31,"Will the 10-year minus 2-year Treasury spread be above .7% between Issuance and December 31, 2026?",Above .7%,fed_rates,active,US_or_global_US_relevant_proxy,2026-09-08T15:07:00Z,usable,2026-09-08T12:00:00Z,3.1166666666666667,0.405,0.31,0.5,0.19,116.88,bar_age_only_actual_quote_update_time_unavailable
KX10Y2Y-26DEC31-T.8,KX10Y2Y,KX10Y2Y-26DEC31,"Will the 10-year minus 2-year Treasury spread be above .8% between Issuance and December 31, 2026?",Above .8%,fed_rates,active,US_or_global_US_relevant_proxy,2026-09-08T15:07:00Z,usable,2026-09-08T10:00:00Z,5.116666666666666,0.245,0.15,0.34,0.19000000000000003,31.67,bar_age_only_actual_quote_update_time_unavailable
KX10Y2Y-26DEC31-T.9,KX10Y2Y,KX10Y2Y-26DEC31,"Will the 10-year minus 2-year Treasury spread be above .9% between Issuance and December 31, 2026?",Above .9%,fed_rates,active,US_or_global_US_relevant_proxy,2026-09-08T15:07:00Z,usable,2026-09-08T10:00:00Z,5.116666666666666,0.13,0.03,0.23,0.2,301.0,bar_age_only_actual_quote_update_time_unavailable
KX10Y2Y-26DEC31-T1.00,KX10Y2Y,KX10Y2Y-26DEC31,"Will the 10-year minus 2-year Treasury spread be above 1.00% between Issuance and December 31, 2026?",Above 1.00%,fed_rates,active,US_or_global_US_relevant_proxy,2026-09-08T15:07:00Z,usable,2026-09-08T12:00:00Z,3.1166666666666667,0.135,0.07,0.2,0.13,1367.83,bar_age_only_actual_quote_update_time_unavailable
KX10Y2YDATE-26DEC31-T70,KX10Y2YDATE,KX10Y2YDATE-26DEC31,"Will daily 10-Year Treasury Constant Maturity minus the 2-year Treasury Constant Maturity for December 31, 2026 be above 70bps?",Above 70bps,fed_rates,active,US_or_global_US_relevant_proxy,2026-09-08T15:07:00Z,usable,2026-09-08T15:00:00Z,0.11666666666666667,0.20500000000000002,0.14,0.27,0.13,384.98,bar_age_only_actual_quote_update_time_unavailable
KX10Y2YDATE-26DEC31-T60,KX10Y2YDATE,KX10Y2YDATE-26DEC31,"Will daily 10-Year Treasury Constant Maturity minus the 2-year Treasury Constant Maturity for December 31, 2026 be above 60bps?",Above 60bps,fed_rates,active,US_or_global_US_relevant_proxy,2026-09-08T15:07:00Z,usable,2026-09-08T15:00:00Z,0.11666666666666667,0.22,0.2,0.24,0.03999999999999998,262.97,bar_age_only_actual_quote_update_time_unavailable
KX10Y2YDATE-26DEC31-T50,KX10Y2YDATE,KX10Y2YDATE-26DEC31,"Will daily 10-Year Treasury Constant Maturity minus the 2-year Treasury Constant Maturity for December 31, 2026 be above 50bps?",Above 50bps,fed_rates,active,US_or_global_US_relevant_proxy,2026-09-08T15:07:00Z,usable,2026-09-08T15:00:00Z,0.11666666666666667,0.275,0.26,0.29,0.02999999999999997,243.67,bar_age_only_actual_quote_update_time_unavailable
KX10Y2YDATE-26DEC31-T40,KX10Y2YDATE,KX10Y2YDATE-26DEC31,"Will daily 10-Year Treasury Constant Maturity minus the 2-year Treasury Constant Maturity for December 31, 2026 be above 40bps?",Above 40bps,fed_rates,active,US_or_global_US_relevant_proxy,2026-09-08T15:07:00Z,usable,2026-09-08T15:00:00Z,0.11666666666666667,0.595,0.52,0.67,0.15000000000000002,974.43,bar_age_only_actual_quote_update_time_unavailable
KX10Y2YDATE-26DEC31-T-30,KX10Y2YDATE,KX10Y2YDATE-26DEC31,"Will daily 10-Year Treasury Constant Maturity minus the 2-year Treasury Constant Maturity for December 31, 2026 be above -30bps?",Above -30bps,fed_rates,active,US_or_global_US_relevant_proxy,2026-09-08T15:07:00Z,usable,2026-09-08T14:00:00Z,1.1166666666666667,0.9450000000000001,0.89,1.0,0.10999999999999999,217.17,bar_age_only_actual_quote_update_time_unavailable
KX10Y2YDATE-26DEC31-T30,KX10Y2YDATE,KX10Y2YDATE-26DEC31,"Will daily 10-Year Treasury Constant Maturity minus the 2-year Treasury Constant Maturity for December 31, 2026 be above 30bps?",Above 30bps,fed_rates,active,US_or_global_US_relevant_proxy,2026-09-08T15:07:00Z,usable,2026-09-08T15:00:00Z,0.11666666666666667,0.725,0.63,0.82,0.18999999999999995,321.25,bar_age_only_actual_quote_update_time_unavailable
KX10Y2YDATE-26DEC31-T-20,KX10Y2YDATE,KX10Y2YDATE-26DEC31,"Will daily 10-Year Treasury Constant Maturity minus the 2-year Treasury Constant Maturity for December 31, 2026 be above -20bps?",Above -20bps,fed_rates,active,US_or_global_US_relevant_proxy,2026-09-08T15:07:00Z,usable,2026-09-08T09:00:00Z,6.116666666666666,0.935,0.87,1.0,0.13,208.01,bar_age_only_actual_quote_update_time_unavailable
KX10Y2YDATE-26DEC31-T20,KX10Y2YDATE,KX10Y2YDATE-26DEC31,"Will daily 10-Year Treasury Constant Maturity minus the 2-year Treasury Constant Maturity for December 31, 2026 be above 20bps?",Above 20bps,fed_rates,active,US_or_global_US_relevant_proxy,2026-09-08T15:07:00Z,usable,2026-09-08T15:00:00Z,0.11666666666666667,0.7649999999999999,0.71,0.82,0.10999999999999999,238.82,bar_age_only_actual_quote_update_time_unavailable
KX10Y2YDATE-26DEC31-T-10,KX10Y2YDATE,KX10Y2YDATE-26DEC31,"Will daily 10-Year Treasury Constant Maturity minus the 2-year Treasury Constant Maturity for December 31, 2026 be above -10bps?",Above -10bps,fed_rates,active,US_or_global_US_relevant_proxy,2026-09-08T15:07:00Z,usable,2026-09-08T15:00:00Z,0.11666666666666667,0.905,0.81,1.0,0.18999999999999995,51.0,bar_age_only_actual_quote_update_time_unavailable
KX10Y2YDATE-26DEC31-T10,KX10Y2YDATE,KX10Y2YDATE-26DEC31,"Will daily 10-Year Treasury Constant Maturity minus the 2-year Treasury Constant Maturity for December 31, 2026 be above 10bps?",Above 10bps,fed_rates,active,US_or_global_US_relevant_proxy,2026-09-08T15:07:00Z,usable,2026-09-08T09:00:00Z,6.116666666666666,0.76,0.72,0.8,0.08000000000000007,209.06,bar_age_only_actual_quote_update_time_unavailable
KX10Y2YDATE-26DEC31-T0,KX10Y2YDATE,KX10Y2YDATE-26DEC31,"Will daily 10-Year Treasury Constant Maturity minus the 2-year Treasury Constant Maturity for December 31, 2026 be above 0bps?",Above 0bps,fed_rates,active,US_or_global_US_relevant_proxy,2026-09-08T15:07:00Z,usable,2026-09-08T15:00:00Z,0.11666666666666667,0.855,0.76,0.95,0.18999999999999995,159.0,bar_age_only_actual_quote_update_time_unavailable
KX30YMORTW-26SEP10-T6.76,KX30YMORTW,KX30YMORTW-26SEP10,"Will the average U.S. 30-year fixed-rate mortgage rate for Sep 10, 2026 be above 6.76%?",Above 6.76%,housing,active,US_or_global_US_relevant_proxy,2026-09-08T15:07:00Z,usable,2026-09-08T15:00:00Z,0.11666666666666667,0.54,0.49,0.59,0.09999999999999998,0.12,bar_age_only_actual_quote_update_time_unavailable
KX30YMORTW-26SEP10-T6.75,KX30YMORTW,KX30YMORTW-26SEP10,"Will the average U.S. 30-year fixed-rate mortgage rate for Sep 10, 2026 be above 6.75%?",Above 6.75%,housing,active,US_or_global_US_relevant_proxy,2026-09-08T15:07:00Z,usable,2026-09-08T15:00:00Z,0.11666666666666667,0.7,0.65,0.75,0.09999999999999998,0.01,bar_age_only_actual_quote_update_time_unavailable
KX30YMORTW-26SEP10-T6.74,KX30YMORTW,KX30YMORTW-26SEP10,"Will the average U.S. 30-year fixed-rate mortgage rate for Sep 10, 2026 be above 6.74%?",Above 6.74%,housing,active,US_or_global_US_relevant_proxy,2026-09-08T15:07:00Z,usable,2026-09-08T15:00:00Z,0.11666666666666667,0.745,0.7,0.79,0.09000000000000008,145.84,bar_age_only_actual_quote_update_time_unavailable
KX30YMORTW-26SEP10-T6.73,KX30YMORTW,KX30YMORTW-26SEP10,"Will the average U.S. 30-year fixed-rate mortgage rate for Sep 10, 2026 be above 6.73%?",Above 6.73%,housing,active,US_or_global_US_relevant_proxy,2026-09-08T15:07:00Z,usable,2026-09-08T15:00:00Z,0.11666666666666667,0.8899999999999999,0.84,0.94,0.09999999999999998,0.01,bar_age_only_actual_quote_update_time_unavailable
KX30YMORTW-26SEP10-T6.72,KX30YMORTW,KX30YMORTW-26SEP10,"Will the average U.S. 30-year fixed-rate mortgage rate for Sep 10, 2026 be above 6.72%?",Above 6.72%,housing,active,US_or_global_US_relevant_proxy,2026-09-08T15:07:00Z,usable,2026-09-08T15:00:00Z,0.11666666666666667,0.935,0.89,0.98,0.08999999999999997,0.01,bar_age_only_actual_quote_update_time_unavailable
KX30YMORTW-26SEP10-T6.71,KX30YMORTW,KX30YMORTW-26SEP10,"Will the average U.S. 30-year fixed-rate mortgage rate for Sep 10, 2026 be above 6.71%?",Above 6.71%,housing,active,US_or_global_US_relevant_proxy,2026-09-08T15:07:00Z,usable,2026-09-08T15:00:00Z,0.11666666666666667,0.95,0.92,0.98,0.05999999999999994,0.0,bar_age_only_actual_quote_update_time_unavailable
KX30YMORTW-26SEP10-T6.70,KX30YMORTW,KX30YMORTW-26SEP10,"Will the average U.S. 30-year fixed-rate mortgage rate for Sep 10, 2026 be above 6.70%?",Above 6.70%,housing,active,US_or_global_US_relevant_proxy,2026-09-08T15:07:00Z,usable,2026-09-08T15:00:00Z,0.11666666666666667,0.9550000000000001,0.93,0.98,0.04999999999999993,0.0,bar_age_only_actual_quote_update_time_unavailable
KX30YMORTW-26SEP10-T6.69,KX30YMORTW,KX30YMORTW-26SEP10,"Will the average U.S. 30-year fixed-rate mortgage rate for Sep 10, 2026 be above 6.69%?",Above 6.69%,housing,active,US_or_global_US_relevant_proxy,2026-09-08T15:07:00Z,usable,2026-09-08T14:00:00Z,1.1166666666666667,0.965,0.95,0.98,0.030000000000000027,63.37,bar_age_only_actual_quote_update_time_unavailable
KX30YMORTW-26SEP10-T6.68,KX30YMORTW,KX30YMORTW-26SEP10,"Will the average U.S. 30-year fixed-rate mortgage rate for Sep 10, 2026 be above 6.68%?",Above 6.68%,housing,active,US_or_global_US_relevant_proxy,2026-09-08T15:07:00Z,usable,2026-09-08T12:00:00Z,3.1166666666666667,0.975,0.95,1.0,0.050000000000000044,140.0,bar_age_only_actual_quote_update_time_unavailable
KX30YMORTW-26SEP10-T6.67,KX30YMORTW,KX30YMORTW-26SEP10,"Will the average U.S. 30-year fixed-rate mortgage rate for Sep 10, 2026 be above 6.67%?",Above 6.67%,housing,active,US_or_global_US_relevant_proxy,2026-09-08T15:07:00Z,usable,2026-09-08T00:00:00Z,15.116666666666667,0.975,0.95,1.0,0.050000000000000044,15.0,bar_age_only_actual_quote_update_time_unavailable
KX30YMORTW-26SEP10-T6.66,KX30YMORTW,KX30YMORTW-26SEP10,"Will the average U.S. 30-year fixed-rate mortgage rate for Sep 10, 2026 be above 6.66%?",Above 6.66%,housing,active,US_or_global_US_relevant_proxy,2026-09-08T15:07:00Z,stale_observation,2026-09-07T14:00:00Z,25.116666666666667,,,,,,
KX30YMORTW-26SEP10-T6.65,KX30YMORTW,KX30YMORTW-26SEP10,"Will the average U.S. 30-year fixed-rate mortgage rate for Sep 10, 2026 be above 6.65%?",Above 6.65%,housing,active,US_or_global_US_relevant_proxy,2026-09-08T15:07:00Z,stale_observation,2026-09-06T04:00:00Z,59.11666666666667,,,,,,
KX30YMORTW-26SEP10-T6.64,KX30YMORTW,KX30YMORTW-26SEP10,"Will the average U.S. 30-year fixed-rate mortgage rate for Sep 10, 2026 be above 6.64%?",Above 6.64%,housing,active,US_or_global_US_relevant_proxy,2026-09-08T15:07:00Z,stale_observation,2026-09-06T04:00:00Z,59.11666666666667,,,,,,
KX30YMORTW-26SEP03-T6.71,KX30YMORTW,KX30YMORTW-26SEP03,"Will the average U.S. 30-year fixed-rate mortgage rate for Sep 3, 2026 be above 6.71%?",Above 6.71%,housing,finalized,US_or_global_US_relevant_proxy,,closed_before_frozen_asof,,,,,,,,
KX30YMORTW-26SEP03-T6.70,KX30YMORTW,KX30YMORTW-26SEP03,"Will the average U.S. 30-year fixed-rate mortgage rate for Sep 3, 2026 be above 6.70%?",Above 6.70%,housing,finalized,US_or_global_US_relevant_proxy,,closed_before_frozen_asof,,,,,,,,
KX30YMORTW-26SEP03-T6.69,KX30YMORTW,KX30YMORTW-26SEP03,"Will the average U.S. 30-year fixed-rate mortgage rate for Sep 3, 2026 be above 6.69%?",Above 6.69%,housing,finalized,US_or_global_US_relevant_proxy,,closed_before_frozen_asof,,,,,,,,
KX30YMORTW-26SEP03-T6.68,KX30YMORTW,KX30YMORTW-26SEP03,"Will the average U.S. 30-year fixed-rate mortgage rate for Sep 3, 2026 be above 6.68%?",Above 6.68%,housing,finalized,US_or_global_US_relevant_proxy,,closed_before_frozen_asof,,,,,,,,
KX30YMORTW-26SEP03-T6.67,KX30YMORTW,KX30YMORTW-26SEP03,"Will the average U.S. 30-year fixed-rate mortgage rate for Sep 3, 2026 be above 6.67%?",Above 6.67%,housing,finalized,US_or_global_US_relevant_proxy,,closed_before_frozen_asof,,,,,,,,
KX30YMORTW-26SEP03-T6.66,KX30YMORTW,KX30YMORTW-26SEP03,"Will the average U.S. 30-year fixed-rate mortgage rate for Sep 3, 2026 be above 6.66%?",Above 6.66%,housing,finalized,US_or_global_US_relevant_proxy,,closed_before_frozen_asof,,,,,,,,
KX30YMORTW-26SEP03-T6.65,KX30YMORTW,KX30YMORTW-26SEP03,"Will the average U.S. 30-year fixed-rate mortgage rate for Sep 3, 2026 be above 6.65%?",Above 6.65%,housing,finalized,US_or_global_US_relevant_proxy,,closed_before_frozen_asof,,,,,,,,
KX30YMORTW-26SEP03-T6.64,KX30YMORTW,KX30YMORTW-26SEP03,"Will the average U.S. 30-year fixed-rate mortgage rate for Sep 3, 2026 be above 6.64%?",Above 6.64%,housing,finalized,US_or_global_US_relevant_proxy,,closed_before_frozen_asof,,,,,,,,
KX30YMORTW-26SEP03-T6.63,KX30YMORTW,KX30YMORTW-26SEP03,"Will the average U.S. 30-year fixed-rate mortgage rate for Sep 3, 2026 be above 6.63%?",Above 6.63%,housing,finalized,US_or_global_US_relevant_proxy,,closed_before_frozen_asof,,,,,,,,
KX30YMORTW-26SEP03-T6.62,KX30YMORTW,KX30YMORTW-26SEP03,"Will the average U.S. 30-year fixed-rate mortgage rate for Sep 3, 2026 be above 6.62%?",Above 6.62%,housing,finalized,US_or_global_US_relevant_proxy,,closed_before_frozen_asof,,,,,,,,
KX30YMORTW-26SEP03-T6.61,KX30YMORTW,KX30YMORTW-26SEP03,"Will the average U.S. 30-year fixed-rate mortgage rate for Sep 3, 2026 be above 6.61%?",Above 6.61%,housing,finalized,US_or_global_US_relevant_proxy,,closed_before_frozen_asof,,,,,,,,
KX30YMORTW-26SEP03-T6.60,KX30YMORTW,KX30YMORTW-26SEP03,"Will the average U.S. 30-year fixed-rate mortgage rate for Sep 3, 2026 be above 6.60%?",Above 6.60%,housing,finalized,US_or_global_US_relevant_proxy,,closed_before_frozen_asof,,,,,,,,
KX30YMORTW-26SEP03-T6.59,KX30YMORTW,KX30YMORTW-26SEP03,"Will the average U.S. 30-year fixed-rate mortgage rate for Sep 3, 2026 be above 6.59%?",Above 6.59%,housing,finalized,US_or_global_US_relevant_proxy,,closed_before_frozen_asof,,,,,,,,
KX30YMORTW-26AUG27-T6.71,KX30YMORTW,KX30YMORTW-26AUG27,"Will the average U.S. 30-year fixed-rate mortgage rate for Aug 27, 2026 be above 6.71%?",Above 6.71%,housing,finalized,US_or_global_US_relevant_proxy,,closed_before_frozen_asof,,,,,,,,
KX30YMORTW-26AUG27-T6.70,KX30YMORTW,KX30YMORTW-26AUG27,"Will the average U.S. 30-year fixed-rate mortgage rate for Aug 27, 2026 be above 6.70%?",Above 6.70%,housing,finalized,US_or_global_US_relevant_proxy,,closed_before_frozen_asof,,,,,,,,
KX30YMORTW-26AUG27-T6.69,KX30YMORTW,KX30YMORTW-26AUG27,"Will the average U.S. 30-year fixed-rate mortgage rate for Aug 27, 2026 be above 6.69%?",Above 6.69%,housing,finalized,US_or_global_US_relevant_proxy,,closed_before_frozen_asof,,,,,,,,
KX30YMORTW-26AUG27-T6.68,KX30YMORTW,KX30YMORTW-26AUG27,"Will the average U.S. 30-year fixed-rate mortgage rate for Aug 27, 2026 be above 6.68%?",Above 6.68%,housing,finalized,US_or_global_US_relevant_proxy,,closed_before_frozen_asof,,,,,,,,
KX30YMORTW-26AUG27-T6.67,KX30YMORTW,KX30YMORTW-26AUG27,"Will the average U.S. 30-year fixed-rate mortgage rate for Aug 27, 2026 be above 6.67%?",Above 6.67%,housing,finalized,US_or_global_US_relevant_proxy,,closed_before_frozen_asof,,,,,,,,
KX30YMORTW-26AUG27-T6.66,KX30YMORTW,KX30YMORTW-26AUG27,"Will the average U.S. 30-year fixed-rate mortgage rate for Aug 27, 2026 be above 6.66%?",Above 6.66%,housing,finalized,US_or_global_US_relevant_proxy,,closed_before_frozen_asof,,,,,,,,
KX30YMORTW-26AUG27-T6.65,KX30YMORTW,KX30YMORTW-26AUG27,"Will the average U.S. 30-year fixed-rate mortgage rate for Aug 27, 2026 be above 6.65%?",Above 6.65%,housing,finalized,US_or_global_US_relevant_proxy,,closed_before_frozen_asof,,,,,,,,
KX30YMORTW-26AUG27-T6.64,KX30YMORTW,KX30YMORTW-26AUG27,"Will the average U.S. 30-year fixed-rate mortgage rate for Aug 27, 2026 be above 6.64%?",Above 6.64%,housing,finalized,US_or_global_US_relevant_proxy,,closed_before_frozen_asof,,,,,,,,
KX30YMORTW-26AUG27-T6.63,KX30YMORTW,KX30YMORTW-26AUG27,"Will the average U.S. 30-year fixed-rate mortgage rate for Aug 27, 2026 be above 6.63%?",Above 6.63%,housing,finalized,US_or_global_US_relevant_proxy,,closed_before_frozen_asof,,,,,,,,
KX30YMORTW-26AUG27-T6.62,KX30YMORTW,KX30YMORTW-26AUG27,"Will the average U.S. 30-year fixed-rate mortgage rate for Aug 27, 2026 be above 6.62%?",Above 6.62%,housing,finalized,US_or_global_US_relevant_proxy,,closed_before_frozen_asof,,,,,,,,
KX30YMORTW-26AUG27-T6.61,KX30YMORTW,KX30YMORTW-26AUG27,"Will the average U.S. 30-year fixed-rate mortgage rate for Aug 27, 2026 be above 6.61%?",Above 6.61%,housing,finalized,US_or_global_US_relevant_proxy,,closed_before_frozen_asof,,,,,,,,
KX30YMORTW-26AUG27-T6.60,KX30YMORTW,KX30YMORTW-26AUG27,"Will the average U.S. 30-year fixed-rate mortgage rate for Aug 27, 2026 be above 6.60%?",Above 6.60%,housing,finalized,US_or_global_US_relevant_proxy,,closed_before_frozen_asof,,,,,,,,
KX30YMORTW-26AUG27-T6.59,KX30YMORTW,KX30YMORTW-26AUG27,"Will the average U.S. 30-year fixed-rate mortgage rate for Aug 27, 2026 be above 6.59%?",Above 6.59%,housing,finalized,US_or_global_US_relevant_proxy,,closed_before_frozen_asof,,,,,,,,
KXAAAGASED-26NOV03-5.00,KXAAAGASED,KXAAAGASED-26NOV03,Will average **gas prices** be above $5.00?,Above 5.00,energy_iran,active,US_or_global_US_relevant_proxy,2026-09-08T15:07:00Z,usable,2026-09-08T09:00:00Z,6.116666666666666,0.04,0.03,0.05,0.020000000000000004,5005.93,bar_age_only_actual_quote_update_time_unavailable
KXAAAGASED-26NOV03-4.75,KXAAAGASED,KXAAAGASED-26NOV03,Will average **gas prices** be above $4.75?,Above 4.75,energy_iran,active,US_or_global_US_relevant_proxy,2026-09-08T15:07:00Z,usable,2026-09-08T15:00:00Z,0.11666666666666667,0.045,0.04,0.05,0.010000000000000002,1979.58,bar_age_only_actual_quote_update_time_unavailable
KXAAAGASED-26NOV03-4.50,KXAAAGASED,KXAAAGASED-26NOV03,Will average **gas prices** be above $4.50?,Above 4.50,energy_iran,active,US_or_global_US_relevant_proxy,2026-09-08T15:07:00Z,usable,2026-09-08T15:00:00Z,0.11666666666666667,0.09,0.07,0.11,0.039999999999999994,4667.44,bar_age_only_actual_quote_update_time_unavailable
KXAAAGASED-26NOV03-4.25,KXAAAGASED,KXAAAGASED-26NOV03,Will average **gas prices** be above $4.25?,Above 4.25,energy_iran,active,US_or_global_US_relevant_proxy,2026-09-08T15:07:00Z,usable,2026-09-08T15:00:00Z,0.11666666666666667,0.15000000000000002,0.13,0.17,0.04000000000000001,10251.22,bar_age_only_actual_quote_update_time_unavailable
KXAAAGASED-26NOV03-4.00,KXAAAGASED,KXAAAGASED-26NOV03,Will average **gas prices** be above $4.00?,Above 4.00,energy_iran,active,US_or_global_US_relevant_proxy,2026-09-08T15:07:00Z,usable,2026-09-08T14:00:00Z,1.1166666666666667,0.405,0.39,0.42,0.02999999999999997,25829.48,bar_age_only_actual_quote_update_time_unavailable
KXAAAGASED-26NOV03-3.75,KXAAAGASED,KXAAAGASED-26NOV03,Will average **gas prices** be above $3.75?,Above 3.75,energy_iran,active,US_or_global_US_relevant_proxy,2026-09-08T15:07:00Z,usable,2026-09-08T15:00:00Z,0.11666666666666667,0.565,0.54,0.59,0.04999999999999993,33559.91,bar_age_only_actual_quote_update_time_unavailable
KXAAAGASED-26NOV03-3.50,KXAAAGASED,KXAAAGASED-26NOV03,Will average **gas prices** be above $3.50?,Above 3.50,energy_iran,active,US_or_global_US_relevant_proxy,2026-09-08T15:07:00Z,usable,2026-09-08T15:00:00Z,0.11666666666666667,0.835,0.83,0.84,0.010000000000000009,5671.44,bar_age_only_actual_quote_update_time_unavailable
KXAAAGASED-26NOV03-3.25,KXAAAGASED,KXAAAGASED-26NOV03,Will average **gas prices** be above $3.25?,Above 3.25,energy_iran,active,US_or_global_US_relevant_proxy,2026-09-08T15:07:00Z,usable,2026-09-08T15:00:00Z,0.11666666666666667,0.95,0.93,0.97,0.039999999999999925,13617.14,bar_age_only_actual_quote_update_time_unavailable
KXAAAGASED-26NOV03-3.00,KXAAAGASED,KXAAAGASED-26NOV03,Will average **gas prices** be above $3.00?,Above 3.00,energy_iran,active,US_or_global_US_relevant_proxy,2026-09-08T15:07:00Z,usable,2026-09-08T08:00:00Z,7.116666666666666,0.965,0.96,0.97,0.010000000000000009,6919.08,bar_age_only_actual_quote_update_time_unavailable
KXAAAGASED-26NOV03-2.75,KXAAAGASED,KXAAAGASED-26NOV03,Will average **gas prices** be above $2.75?,Above 2.75,energy_iran,active,US_or_global_US_relevant_proxy,2026-09-08T15:07:00Z,usable,2026-09-08T08:00:00Z,7.116666666666666,0.975,0.97,0.98,0.010000000000000009,3312.65,bar_age_only_actual_quote_update_time_unavailable
KXAAAGASED-26NOV03-2.50,KXAAAGASED,KXAAAGASED-26NOV03,Will average **gas prices** be above $2.50?,Above 2.50,energy_iran,active,US_or_global_US_relevant_proxy,2026-09-08T15:07:00Z,usable,2026-09-08T08:00:00Z,7.116666666666666,0.985,0.98,0.99,0.010000000000000009,1039.89,bar_age_only_actual_quote_update_time_unavailable
KXAAAGASM-26JUN30-3.89,KXAAAGASM,KXAAAGASM-26JUN30,Will average **gas prices** be above $3.89?,Above 3.89,energy_iran,finalized,US_or_global_US_relevant_proxy,,closed_before_frozen_asof,,,,,,,,
KXAAAGASM-26JUN30-3.88,KXAAAGASM,KXAAAGASM-26JUN30,Will average **gas prices** be above $3.88?,Above 3.88,energy_iran,finalized,US_or_global_US_relevant_proxy,,closed_before_frozen_asof,,,,,,,,
KXAAAGASM-26JUN30-3.87,KXAAAGASM,KXAAAGASM-26JUN30,Will average **gas prices** be above $3.87?,Above 3.87,energy_iran,finalized,US_or_global_US_relevant_proxy,,closed_before_frozen_asof,,,,,,,,
KXAAAGASM-26JUN30-3.86,KXAAAGASM,KXAAAGASM-26JUN30,Will average **gas prices** be above $3.86?,Above 3.86,energy_iran,finalized,US_or_global_US_relevant_proxy,,closed_before_frozen_asof,,,,,,,,
KXAAAGASM-26JUN30-3.84,KXAAAGASM,KXAAAGASM-26JUN30,Will average **gas prices** be above $3.84?,Above 3.84,energy_iran,finalized,US_or_global_US_relevant_proxy,,closed_before_frozen_asof,,,,,,,,
KXAAAGASM-26JUN30-3.83,KXAAAGASM,KXAAAGASM-26JUN30,Will average **gas prices** be above $3.83?,Above 3.83,energy_iran,finalized,US_or_global_US_relevant_proxy,,closed_before_frozen_asof,,,,,,,,
KXAAAGASM-26JUN30-3.82,KXAAAGASM,KXAAAGASM-26JUN30,Will average **gas prices** be above $3.82?,Above 3.82,energy_iran,finalized,US_or_global_US_relevant_proxy,,closed_before_frozen_asof,,,,,,,,
KXAAAGASM-26JUN30-3.81,KXAAAGASM,KXAAAGASM-26JUN30,Will average **gas prices** be above $3.81?,Above 3.81,energy_iran,finalized,US_or_global_US_relevant_proxy,,closed_before_frozen_asof,,,,,,,,
KXAAAGASM-26JUN30-3.85,KXAAAGASM,KXAAAGASM-26JUN30,Will average **gas prices** be above $3.85?,Above 3.85,energy_iran,finalized,US_or_global_US_relevant_proxy,,closed_before_frozen_asof,,,,,,,,
KXAAAGASM-26JUN30-3.75,KXAAAGASM,KXAAAGASM-26JUN30,Will average **gas prices** be above $3.75?,Above 3.75,energy_iran,finalized,US_or_global_US_relevant_proxy,,closed_before_frozen_asof,,,,,,,,
KXAAAGASM-26JUN30-3.65,KXAAAGASM,KXAAAGASM-26JUN30,Will average **gas prices** be above $3.65?,Above 3.65,energy_iran,finalized,US_or_global_US_relevant_proxy,,closed_before_frozen_asof,,,,,,,,
KXAAAGASM-26JUN30-5.00,KXAAAGASM,KXAAAGASM-26JUN30,Will average **gas prices** be above $5.00?,Above 5.00,energy_iran,finalized,US_or_global_US_relevant_proxy,,closed_before_frozen_asof,,,,,,,,
KXAAAGASM-26JUN30-4.90,KXAAAGASM,KXAAAGASM-26JUN30,Will average **gas prices** be above $4.90?,Above 4.90,energy_iran,finalized,US_or_global_US_relevant_proxy,,closed_before_frozen_asof,,,,,,,,
KXAAAGASM-26JUN30-4.80,KXAAAGASM,KXAAAGASM-26JUN30,Will average **gas prices** be above $4.80?,Above 4.80,energy_iran,finalized,US_or_global_US_relevant_proxy,,closed_before_frozen_asof,,,,,,,,
KXAAAGASM-26JUN30-4.70,KXAAAGASM,KXAAAGASM-26JUN30,Will average **gas prices** be above $4.70?,Above 4.70,energy_iran,finalized,US_or_global_US_relevant_proxy,,closed_before_frozen_asof,,,,,,,,
KXAAAGASM-26JUN30-4.60,KXAAAGASM,KXAAAGASM-26JUN30,Will average **gas prices** be above $4.60?,Above 4.60,energy_iran,finalized,US_or_global_US_relevant_proxy,,closed_before_frozen_asof,,,,,,,,
KXAAAGASM-26JUN30-4.50,KXAAAGASM,KXAAAGASM-26JUN30,Will average **gas prices** be above $4.50?,Above 4.50,energy_iran,finalized,US_or_global_US_relevant_proxy,,closed_before_frozen_asof,,,,,,,,
KXAAAGASM-26JUN30-4.40,KXAAAGASM,KXAAAGASM-26JUN30,Will average **gas prices** be above $4.40?,Above 4.40,energy_iran,finalized,US_or_global_US_relevant_proxy,,closed_before_frozen_asof,,,,,,,,
KXAAAGASM-26JUN30-4.30,KXAAAGASM,KXAAAGASM-26JUN30,Will average **gas prices** be above $4.30?,Above 4.30,energy_iran,finalized,US_or_global_US_relevant_proxy,,closed_before_frozen_asof,,,,,,,,
KXAAAGASM-26JUN30-4.20,KXAAAGASM,KXAAAGASM-26JUN30,Will average **gas prices** be above $4.20?,Above 4.20,energy_iran,finalized,US_or_global_US_relevant_proxy,,closed_before_frozen_asof,,,,,,,,
KXAAAGASM-26JUN30-4.10,KXAAAGASM,KXAAAGASM-26JUN30,Will average **gas prices** be above $4.10?,Above 4.10,energy_iran,finalized,US_or_global_US_relevant_proxy,,closed_before_frozen_asof,,,,,,,,
KXAAAGASM-26JUN30-4.00,KXAAAGASM,KXAAAGASM-26JUN30,Will average **gas prices** be above $4.00?,Above 4.00,energy_iran,finalized,US_or_global_US_relevant_proxy,,closed_before_frozen_asof,,,,,,,,
KXAAAGASM-26JUN30-3.90,KXAAAGASM,KXAAAGASM-26JUN30,Will average **gas prices** be above $3.90?,Above 3.90,energy_iran,finalized,US_or_global_US_relevant_proxy,,closed_before_frozen_asof,,,,,,,,
KXAAAGASM-26JUN30-3.80,KXAAAGASM,KXAAAGASM-26JUN30,Will average **gas prices** be above $3.80?,Above 3.80,energy_iran,finalized,US_or_global_US_relevant_proxy,,closed_before_frozen_asof,,,,,,,,
KXAAAGASM-26JUN30-3.70,KXAAAGASM,KXAAAGASM-26JUN30,Will average **gas prices** be above $3.70?,Above 3.70,energy_iran,finalized,US_or_global_US_relevant_proxy,,closed_before_frozen_asof,,,,,,,,
KXAAAGASM-26JUN30-3.60,KXAAAGASM,KXAAAGASM-26JUN30,Will average **gas prices** be above $3.60?,Above 3.60,energy_iran,finalized,US_or_global_US_relevant_proxy,,closed_before_frozen_asof,,,,,,,,
KXAAAGASM-26JUN30-3.50,KXAAAGASM,KXAAAGASM-26JUN30,Will average **gas prices** be above $3.50?,Above 3.50,energy_iran,finalized,US_or_global_US_relevant_proxy,,closed_before_frozen_asof,,,,,,,,
KXAAAGASM-26JUN30-3.40,KXAAAGASM,KXAAAGASM-26JUN30,Will average **gas prices** be above $3.40?,Above 3.40,energy_iran,finalized,US_or_global_US_relevant_proxy,,closed_before_frozen_asof,,,,,,,,
KXAAAGASM-26JUN30-3.30,KXAAAGASM,KXAAAGASM-26JUN30,Will average **gas prices** be above $3.30?,Above 3.30,energy_iran,finalized,US_or_global_US_relevant_proxy,,closed_before_frozen_asof,,,,,,,,
KXAAAGASM-26JUN30-3.20,KXAAAGASM,KXAAAGASM-26JUN30,Will average **gas prices** be above $3.20?,Above 3.20,energy_iran,finalized,US_or_global_US_relevant_proxy,,closed_before_frozen_asof,,,,,,,,
KXAAAGASM-26JUN30-3.10,KXAAAGASM,KXAAAGASM-26JUN30,Will average **gas prices** be above $3.10?,Above 3.10,energy_iran,finalized,US_or_global_US_relevant_proxy,,closed_before_frozen_asof,,,,,,,,
KXAAAGASM-26JUN30-3.00,KXAAAGASM,KXAAAGASM-26JUN30,Will average **gas prices** be above $3.00?,Above 3.00,energy_iran,finalized,US_or_global_US_relevant_proxy,,closed_before_frozen_asof,,,,,,,,
KXAAAGASM-26JUN30-2.90,KXAAAGASM,KXAAAGASM-26JUN30,Will average **gas prices** be above $2.90?,Above 2.90,energy_iran,finalized,US_or_global_US_relevant_proxy,,closed_before_frozen_asof,,,,,,,,
KXAAAGASM-26SEP30-5.00,KXAAAGASM,KXAAAGASM-26SEP30,Will average **gas prices** be above $5.00?,Above 5.00,energy_iran,active,US_or_global_US_relevant_proxy,2026-09-08T15:07:00Z,usable,2026-09-08T07:00:00Z,8.116666666666667,0.025,0.01,0.04,0.03,378.96,bar_age_only_actual_quote_update_time_unavailable
KXAAAGASM-26SEP30-4.90,KXAAAGASM,KXAAAGASM-26SEP30,Will average **gas prices** be above $4.90?,Above 4.90,energy_iran,active,US_or_global_US_relevant_proxy,2026-09-08T15:07:00Z,usable,2026-09-08T13:00:00Z,2.1166666666666667,0.025,0.02,0.03,0.009999999999999998,644.96,bar_age_only_actual_quote_update_time_unavailable
KXAAAGASM-26SEP30-4.80,KXAAAGASM,KXAAAGASM-26SEP30,Will average **gas prices** be above $4.80?,Above 4.80,energy_iran,active,US_or_global_US_relevant_proxy,2026-09-08T15:07:00Z,usable,2026-09-08T13:00:00Z,2.1166666666666667,0.02,0.01,0.03,0.019999999999999997,154.4,bar_age_only_actual_quote_update_time_unavailable
KXAAAGASM-26SEP30-4.70,KXAAAGASM,KXAAAGASM-26SEP30,Will average **gas prices** be above $4.70?,Above 4.70,energy_iran,active,US_or_global_US_relevant_proxy,2026-09-08T15:07:00Z,usable,2026-09-08T13:00:00Z,2.1166666666666667,0.02,0.01,0.03,0.019999999999999997,483.97,bar_age_only_actual_quote_update_time_unavailable
KXAAAGASM-26SEP30-4.60,KXAAAGASM,KXAAAGASM-26SEP30,Will average **gas prices** be above $4.60?,Above 4.60,energy_iran,active,US_or_global_US_relevant_proxy,2026-09-08T15:07:00Z,usable,2026-09-08T13:00:00Z,2.1166666666666667,0.035,0.03,0.04,0.010000000000000002,1293.0,bar_age_only_actual_quote_update_time_unavailable
KXAAAGASM-26SEP30-4.50,KXAAAGASM,KXAAAGASM-26SEP30,Will average **gas prices** be above $4.50?,Above 4.50,energy_iran,active,US_or_global_US_relevant_proxy,2026-09-08T15:07:00Z,usable,2026-09-08T15:00:00Z,0.11666666666666667,0.09,0.07,0.11,0.039999999999999994,1980.78,bar_age_only_actual_quote_update_time_unavailable
KXAAAGASM-26SEP30-4.40,KXAAAGASM,KXAAAGASM-26SEP30,Will average **gas prices** be above $4.40?,Above 4.40,energy_iran,active,US_or_global_US_relevant_proxy,2026-09-08T15:07:00Z,usable,2026-09-08T15:00:00Z,0.11666666666666667,0.125,0.11,0.14,0.030000000000000013,2108.29,bar_age_only_actual_quote_update_time_unavailable
KXAAAGASM-26SEP30-4.30,KXAAAGASM,KXAAAGASM-26SEP30,Will average **gas prices** be above $4.30?,Above 4.30,energy_iran,active,US_or_global_US_relevant_proxy,2026-09-08T15:07:00Z,usable,2026-09-08T15:00:00Z,0.11666666666666667,0.235,0.23,0.24,0.009999999999999981,1379.57,bar_age_only_actual_quote_update_time_unavailable
KXAAAGASM-26SEP30-4.20,KXAAAGASM,KXAAAGASM-26SEP30,Will average **gas prices** be above $4.20?,Above 4.20,energy_iran,active,US_or_global_US_relevant_proxy,2026-09-08T15:07:00Z,usable,2026-09-08T15:00:00Z,0.11666666666666667,0.41000000000000003,0.39,0.43,0.03999999999999998,3982.26,bar_age_only_actual_quote_update_time_unavailable
KXAAAGASM-26SEP30-4.10,KXAAAGASM,KXAAAGASM-26SEP30,Will average **gas prices** be above $4.10?,Above 4.10,energy_iran,active,US_or_global_US_relevant_proxy,2026-09-08T15:07:00Z,usable,2026-09-08T15:00:00Z,0.11666666666666667,0.7050000000000001,0.67,0.74,0.06999999999999995,6419.16,bar_age_only_actual_quote_update_time_unavailable
KXAAAGASM-26SEP30-4.00,KXAAAGASM,KXAAAGASM-26SEP30,Will average **gas prices** be above $4.00?,Above 4.00,energy_iran,active,US_or_global_US_relevant_proxy,2026-09-08T15:07:00Z,usable,2026-09-08T15:00:00Z,0.11666666666666667,0.835,0.8,0.87,0.06999999999999995,2596.43,bar_age_only_actual_quote_update_time_unavailable
KXAAAGASM-26SEP30-3.90,KXAAAGASM,KXAAAGASM-26SEP30,Will average **gas prices** be above $3.90?,Above 3.90,energy_iran,active,US_or_global_US_relevant_proxy,2026-09-08T15:07:00Z,usable,2026-09-08T15:00:00Z,0.11666666666666667,0.9299999999999999,0.91,0.95,0.039999999999999925,1380.77,bar_age_only_actual_quote_update_time_unavailable
KXAAAGASM-26SEP30-3.80,KXAAAGASM,KXAAAGASM-26SEP30,Will average **gas prices** be above $3.80?,Above 3.80,energy_iran,active,US_or_global_US_relevant_proxy,2026-09-08T15:07:00Z,usable,2026-09-08T13:00:00Z,2.1166666666666667,0.97,0.96,0.98,0.020000000000000018,298.09,bar_age_only_actual_quote_update_time_unavailable
KXAAAGASM-26SEP30-3.70,KXAAAGASM,KXAAAGASM-26SEP30,Will average **gas prices** be above $3.70?,Above 3.70,energy_iran,active,US_or_global_US_relevant_proxy,2026-09-08T15:07:00Z,usable,2026-09-08T11:00:00Z,4.116666666666666,0.98,0.97,0.99,0.020000000000000018,1109.65,bar_age_only_actual_quote_update_time_unavailable
KXAAAGASM-26SEP30-3.60,KXAAAGASM,KXAAAGASM-26SEP30,Will average **gas prices** be above $3.60?,Above 3.60,energy_iran,active,US_or_global_US_relevant_proxy,2026-09-08T15:07:00Z,usable,2026-09-08T08:00:00Z,7.116666666666666,0.995,0.99,1.0,0.010000000000000009,87.0,bar_age_only_actual_quote_update_time_unavailable
KXAAAGASM-26SEP30-3.50,KXAAAGASM,KXAAAGASM-26SEP30,Will average **gas prices** be above $3.50?,Above 3.50,energy_iran,active,US_or_global_US_relevant_proxy,2026-09-08T15:07:00Z,usable,2026-09-08T08:00:00Z,7.116666666666666,0.985,0.98,0.99,0.010000000000000009,426.0,bar_age_only_actual_quote_update_time_unavailable
KXAAAGASM-26SEP30-3.40,KXAAAGASM,KXAAAGASM-26SEP30,Will average **gas prices** be above $3.40?,Above 3.40,energy_iran,active,US_or_global_US_relevant_proxy,2026-09-08T15:07:00Z,usable,2026-09-08T08:00:00Z,7.116666666666666,0.985,0.98,0.99,0.010000000000000009,40.36,bar_age_only_actual_quote_update_time_unavailable
KXAAAGASM-26SEP30-3.30,KXAAAGASM,KXAAAGASM-26SEP30,Will average **gas prices** be above $3.30?,Above 3.30,energy_iran,active,US_or_global_US_relevant_proxy,2026-09-08T15:07:00Z,usable,2026-09-08T08:00:00Z,7.116666666666666,0.995,0.99,1.0,0.010000000000000009,20.18,bar_age_only_actual_quote_update_time_unavailable
KXAAAGASM-26SEP30-3.20,KXAAAGASM,KXAAAGASM-26SEP30,Will average **gas prices** be above $3.20?,Above 3.20,energy_iran,active,US_or_global_US_relevant_proxy,2026-09-08T15:07:00Z,usable,2026-09-08T08:00:00Z,7.116666666666666,0.995,0.99,1.0,0.010000000000000009,21.18,bar_age_only_actual_quote_update_time_unavailable
KXAAAGASM-26AUG31-4.09,KXAAAGASM,KXAAAGASM-26AUG31,Will average **gas prices** be above $4.09?,Above 4.09,energy_iran,finalized,US_or_global_US_relevant_proxy,,closed_before_frozen_asof,,,,,,,,
KXAAAGASM-26AUG31-4.08,KXAAAGASM,KXAAAGASM-26AUG31,Will average **gas prices** be above $4.08?,Above 4.08,energy_iran,finalized,US_or_global_US_relevant_proxy,,closed_before_frozen_asof,,,,,,,,
KXAAAGASM-26AUG31-4.07,KXAAAGASM,KXAAAGASM-26AUG31,Will average **gas prices** be above $4.07?,Above 4.07,energy_iran,finalized,US_or_global_US_relevant_proxy,,closed_before_frozen_asof,,,,,,,,
KXAAAGASM-26AUG31-4.06,KXAAAGASM,KXAAAGASM-26AUG31,Will average **gas prices** be above $4.06?,Above 4.06,energy_iran,finalized,US_or_global_US_relevant_proxy,,closed_before_frozen_asof,,,,,,,,
KXAAAGASM-26AUG31-4.05,KXAAAGASM,KXAAAGASM-26AUG31,Will average **gas prices** be above $4.05?,Above 4.05,energy_iran,finalized,US_or_global_US_relevant_proxy,,closed_before_frozen_asof,,,,,,,,
KXAAAGASM-26AUG31-4.04,KXAAAGASM,KXAAAGASM-26AUG31,Will average **gas prices** be above $4.04?,Above 4.04,energy_iran,finalized,US_or_global_US_relevant_proxy,,closed_before_frozen_asof,,,,,,,,
KXAAAGASM-26AUG31-4.03,KXAAAGASM,KXAAAGASM-26AUG31,Will average **gas prices** be above $4.03?,Above 4.03,energy_iran,finalized,US_or_global_US_relevant_proxy,,closed_before_frozen_asof,,,,,,,,
KXAAAGASM-26AUG31-4.02,KXAAAGASM,KXAAAGASM-26AUG31,Will average **gas prices** be above $4.02?,Above 4.02,energy_iran,finalized,US_or_global_US_relevant_proxy,,closed_before_frozen_asof,,,,,,,,
KXAAAGASM-26AUG31-4.01,KXAAAGASM,KXAAAGASM-26AUG31,Will average **gas prices** be above $4.01?,Above 4.01,energy_iran,finalized,US_or_global_US_relevant_proxy,,closed_before_frozen_asof,,,,,,,,
KXAAAGASM-26AUG31-4.19,KXAAAGASM,KXAAAGASM-26AUG31,Will average **gas prices** be above $4.19?,Above 4.19,energy_iran,finalized,US_or_global_US_relevant_proxy,,closed_before_frozen_asof,,,,,,,,
KXAAAGASM-26AUG31-4.18,KXAAAGASM,KXAAAGASM-26AUG31,Will average **gas prices** be above $4.18?,Above 4.18,energy_iran,finalized,US_or_global_US_relevant_proxy,,closed_before_frozen_asof,,,,,,,,
KXAAAGASM-26AUG31-4.17,KXAAAGASM,KXAAAGASM-26AUG31,Will average **gas prices** be above $4.17?,Above 4.17,energy_iran,finalized,US_or_global_US_relevant_proxy,,closed_before_frozen_asof,,,,,,,,
KXAAAGASM-26AUG31-4.16,KXAAAGASM,KXAAAGASM-26AUG31,Will average **gas prices** be above $4.16?,Above 4.16,energy_iran,finalized,US_or_global_US_relevant_proxy,,closed_before_frozen_asof,,,,,,,,
KXAAAGASM-26AUG31-4.15,KXAAAGASM,KXAAAGASM-26AUG31,Will average **gas prices** be above $4.15?,Above 4.15,energy_iran,finalized,US_or_global_US_relevant_proxy,,closed_before_frozen_asof,,,,,,,,
KXAAAGASM-26AUG31-4.14,KXAAAGASM,KXAAAGASM-26AUG31,Will average **gas prices** be above $4.14?,Above 4.14,energy_iran,finalized,US_or_global_US_relevant_proxy,,closed_before_frozen_asof,,,,,,,,
KXAAAGASM-26AUG31-4.13,KXAAAGASM,KXAAAGASM-26AUG31,Will average **gas prices** be above $4.13?,Above 4.13,energy_iran,finalized,US_or_global_US_relevant_proxy,,closed_before_frozen_asof,,,,,,,,
KXAAAGASM-26AUG31-4.12,KXAAAGASM,KXAAAGASM-26AUG31,Will average **gas prices** be above $4.12?,Above 4.12,energy_iran,finalized,US_or_global_US_relevant_proxy,,closed_before_frozen_asof,,,,,,,,
KXAAAGASM-26AUG31-4.11,KXAAAGASM,KXAAAGASM-26AUG31,Will average **gas prices** be above $4.11?,Above 4.11,energy_iran,finalized,US_or_global_US_relevant_proxy,,closed_before_frozen_asof,,,,,,,,
KXAAAGASM-26JUL31-4.11,KXAAAGASM,KXAAAGASM-26JUL31,Will average **gas prices** be above $4.11?,Above 4.11,energy_iran,finalized,US_or_global_US_relevant_proxy,,closed_before_frozen_asof,,,,,,,,
KXAAAGASM-26JUL31-4.09,KXAAAGASM,KXAAAGASM-26JUL31,Will average **gas prices** be above $4.09?,Above 4.09,energy_iran,finalized,US_or_global_US_relevant_proxy,,closed_before_frozen_asof,,,,,,,,
KXAAAGASM-26JUL31-4.07,KXAAAGASM,KXAAAGASM-26JUL31,Will average **gas prices** be above $4.07?,Above 4.07,energy_iran,finalized,US_or_global_US_relevant_proxy,,closed_before_frozen_asof,,,,,,,,
KXAAAGASM-26AUG31-5.00,KXAAAGASM,KXAAAGASM-26AUG31,Will average **gas prices** be above $5.00?,Above 5.00,energy_iran,finalized,US_or_global_US_relevant_proxy,,closed_before_frozen_asof,,,,,,,,
KXAAAGASM-26AUG31-4.90,KXAAAGASM,KXAAAGASM-26AUG31,Will average **gas prices** be above $4.90?,Above 4.90,energy_iran,finalized,US_or_global_US_relevant_proxy,,closed_before_frozen_asof,,,,,,,,
KXAAAGASM-26AUG31-4.80,KXAAAGASM,KXAAAGASM-26AUG31,Will average **gas prices** be above $4.80?,Above 4.80,energy_iran,finalized,US_or_global_US_relevant_proxy,,closed_before_frozen_asof,,,,,,,,
KXAAAGASM-26AUG31-4.70,KXAAAGASM,KXAAAGASM-26AUG31,Will average **gas prices** be above $4.70?,Above 4.70,energy_iran,finalized,US_or_global_US_relevant_proxy,,closed_before_frozen_asof,,,,,,,,
KXAAAGASM-26AUG31-4.60,KXAAAGASM,KXAAAGASM-26AUG31,Will average **gas prices** be above $4.60?,Above 4.60,energy_iran,finalized,US_or_global_US_relevant_proxy,,closed_before_frozen_asof,,,,,,,,
KXAAAGASM-26JUL31-4.28,KXAAAGASM,KXAAAGASM-26JUL31,Will average **gas prices** be above $4.28?,Above 4.28,energy_iran,finalized,US_or_global_US_relevant_proxy,,closed_before_frozen_asof,,,,,,,,
KXAAAGASM-26JUL31-4.26,KXAAAGASM,KXAAAGASM-26JUL31,Will average **gas prices** be above $4.26?,Above 4.26,energy_iran,finalized,US_or_global_US_relevant_proxy,,closed_before_frozen_asof,,,,,,,,
KXAAAGASM-26JUL31-4.24,KXAAAGASM,KXAAAGASM-26JUL31,Will average **gas prices** be above $4.24?,Above 4.24,energy_iran,finalized,US_or_global_US_relevant_proxy,,closed_before_frozen_asof,,,,,,,,
KXAAAGASM-26JUL31-4.22,KXAAAGASM,KXAAAGASM-26JUL31,Will average **gas prices** be above $4.22?,Above 4.22,energy_iran,finalized,US_or_global_US_relevant_proxy,,closed_before_frozen_asof,,,,,,,,
KXAAAGASM-26JUL31-4.18,KXAAAGASM,KXAAAGASM-26JUL31,Will average **gas prices** be above $4.18?,Above 4.18,energy_iran,finalized,US_or_global_US_relevant_proxy,,closed_before_frozen_asof,,,,,,,,
KXAAAGASM-26JUL31-4.16,KXAAAGASM,KXAAAGASM-26JUL31,Will average **gas prices** be above $4.16?,Above 4.16,energy_iran,finalized,US_or_global_US_relevant_proxy,,closed_before_frozen_asof,,,,,,,,
KXAAAGASM-26JUL31-4.14,KXAAAGASM,KXAAAGASM-26JUL31,Will average **gas prices** be above $4.14?,Above 4.14,energy_iran,finalized,US_or_global_US_relevant_proxy,,closed_before_frozen_asof,,,,,,,,
KXAAAGASM-26JUL31-4.12,KXAAAGASM,KXAAAGASM-26JUL31,Will average **gas prices** be above $4.12?,Above 4.12,energy_iran,finalized,US_or_global_US_relevant_proxy,,closed_before_frozen_asof,,,,,,,,
KXAAAGASM-26JUL31-4.08,KXAAAGASM,KXAAAGASM-26JUL31,Will average **gas prices** be above $4.08?,Above 4.08,energy_iran,finalized,US_or_global_US_relevant_proxy,,closed_before_frozen_asof,,,,,,,,
KXAAAGASM-26JUL31-4.06,KXAAAGASM,KXAAAGASM-26JUL31,Will average **gas prices** be above $4.06?,Above 4.06,energy_iran,finalized,US_or_global_US_relevant_proxy,,closed_before_frozen_asof,,,,,,,,
KXAAAGASM-26JUL31-4.04,KXAAAGASM,KXAAAGASM-26JUL31,Will average **gas prices** be above $4.04?,Above 4.04,energy_iran,finalized,US_or_global_US_relevant_proxy,,closed_before_frozen_asof,,,,,,,,
KXAAAGASM-26JUL31-4.02,KXAAAGASM,KXAAAGASM-26JUL31,Will average **gas prices** be above $4.02?,Above 4.02,energy_iran,finalized,US_or_global_US_relevant_proxy,,closed_before_frozen_asof,,,,,,,,
KXAAAGASM-26AUG31-4.50,KXAAAGASM,KXAAAGASM-26AUG31,Will average **gas prices** be above $4.50?,Above 4.50,energy_iran,finalized,US_or_global_US_relevant_proxy,,closed_before_frozen_asof,,,,,,,,
KXAAAGASM-26AUG31-4.40,KXAAAGASM,KXAAAGASM-26AUG31,Will average **gas prices** be above $4.40?,Above 4.40,energy_iran,finalized,US_or_global_US_relevant_proxy,,closed_before_frozen_asof,,,,,,,,
KXAAAGASM-26AUG31-4.30,KXAAAGASM,KXAAAGASM-26AUG31,Will average **gas prices** be above $4.30?,Above 4.30,energy_iran,finalized,US_or_global_US_relevant_proxy,,closed_before_frozen_asof,,,,,,,,
KXAAAGASM-26AUG31-4.20,KXAAAGASM,KXAAAGASM-26AUG31,Will average **gas prices** be above $4.20?,Above 4.20,energy_iran,finalized,US_or_global_US_relevant_proxy,,closed_before_frozen_asof,,,,,,,,
KXAAAGASM-26AUG31-4.10,KXAAAGASM,KXAAAGASM-26AUG31,Will average **gas prices** be above $4.10?,Above 4.10,energy_iran,finalized,US_or_global_US_relevant_proxy,,closed_before_frozen_asof,,,,,,,,
KXAAAGASM-26AUG31-4.00,KXAAAGASM,KXAAAGASM-26AUG31,Will average **gas prices** be above $4.00?,Above 4.00,energy_iran,finalized,US_or_global_US_relevant_proxy,,closed_before_frozen_asof,,,,,,,,
KXAAAGASM-26AUG31-3.90,KXAAAGASM,KXAAAGASM-26AUG31,Will average **gas prices** be above $3.90?,Above 3.90,energy_iran,finalized,US_or_global_US_relevant_proxy,,closed_before_frozen_asof,,,,,,,,
KXAAAGASM-26AUG31-3.80,KXAAAGASM,KXAAAGASM-26AUG31,Will average **gas prices** be above $3.80?,Above 3.80,energy_iran,finalized,US_or_global_US_relevant_proxy,,closed_before_frozen_asof,,,,,,,,
KXAAAGASM-26AUG31-3.70,KXAAAGASM,KXAAAGASM-26AUG31,Will average **gas prices** be above $3.70?,Above 3.70,energy_iran,finalized,US_or_global_US_relevant_proxy,,closed_before_frozen_asof,,,,,,,,
KXAAAGASM-26AUG31-3.60,KXAAAGASM,KXAAAGASM-26AUG31,Will average **gas prices** be above $3.60?,Above 3.60,energy_iran,finalized,US_or_global_US_relevant_proxy,,closed_before_frozen_asof,,,,,,,,
KXAAAGASM-26AUG31-3.50,KXAAAGASM,KXAAAGASM-26AUG31,Will average **gas prices** be above $3.50?,Above 3.50,energy_iran,finalized,US_or_global_US_relevant_proxy,,closed_before_frozen_asof,,,,,,,,
KXAAAGASM-26AUG31-3.40,KXAAAGASM,KXAAAGASM-26AUG31,Will average **gas prices** be above $3.40?,Above 3.40,energy_iran,finalized,US_or_global_US_relevant_proxy,,closed_before_frozen_asof,,,,,,,,
KXAAAGASM-26AUG31-3.30,KXAAAGASM,KXAAAGASM-26AUG31,Will average **gas prices** be above $3.30?,Above 3.30,energy_iran,finalized,US_or_global_US_relevant_proxy,,closed_before_frozen_asof,,,,,,,,
KXAAAGASM-26AUG31-3.20,KXAAAGASM,KXAAAGASM-26AUG31,Will average **gas prices** be above $3.20?,Above 3.20,energy_iran,finalized,US_or_global_US_relevant_proxy,,closed_before_frozen_asof,,,,,,,,
KXAAAGASM-26JUL31-4.50,KXAAAGASM,KXAAAGASM-26JUL31,Will average **gas prices** be above $4.50?,Above 4.50,energy_iran,finalized,US_or_global_US_relevant_proxy,,closed_before_frozen_asof,,,,,,,,
KXAAAGASM-26JUL31-4.40,KXAAAGASM,KXAAAGASM-26JUL31,Will average **gas prices** be above $4.40?,Above 4.40,energy_iran,finalized,US_or_global_US_relevant_proxy,,closed_before_frozen_asof,,,,,,,,
KXAAAGASM-26JUL31-4.30,KXAAAGASM,KXAAAGASM-26JUL31,Will average **gas prices** be above $4.30?,Above 4.30,energy_iran,finalized,US_or_global_US_relevant_proxy,,closed_before_frozen_asof,,,,,,,,
KXAAAGASM-26JUL31-4.20,KXAAAGASM,KXAAAGASM-26JUL31,Will average **gas prices** be above $4.20?,Above 4.20,energy_iran,finalized,US_or_global_US_relevant_proxy,,closed_before_frozen_asof,,,,,,,,
KXAAAGASM-26JUL31-4.10,KXAAAGASM,KXAAAGASM-26JUL31,Will average **gas prices** be above $4.10?,Above 4.10,energy_iran,finalized,US_or_global_US_relevant_proxy,,closed_before_frozen_asof,,,,,,,,
KXAAAGASM-26JUL31-4.00,KXAAAGASM,KXAAAGASM-26JUL31,Will average **gas prices** be above $4.00?,Above 4.00,energy_iran,finalized,US_or_global_US_relevant_proxy,,closed_before_frozen_asof,,,,,,,,
KXAAAGASM-26JUL31-3.90,KXAAAGASM,KXAAAGASM-26JUL31,Will average **gas prices** be above $3.90?,Above 3.90,energy_iran,finalized,US_or_global_US_relevant_proxy,,closed_before_frozen_asof,,,,,,,,
KXAAAGASM-26JUL31-3.80,KXAAAGASM,KXAAAGASM-26JUL31,Will average **gas prices** be above $3.80?,Above 3.80,energy_iran,finalized,US_or_global_US_relevant_proxy,,closed_before_frozen_asof,,,,,,,,
KXAAAGASM-26JUL31-3.70,KXAAAGASM,KXAAAGASM-26JUL31,Will average **gas prices** be above $3.70?,Above 3.70,energy_iran,finalized,US_or_global_US_relevant_proxy,,closed_before_frozen_asof,,,,,,,,
KXAAAGASM-26JUL31-3.60,KXAAAGASM,KXAAAGASM-26JUL31,Will average **gas prices** be above $3.60?,Above 3.60,energy_iran,finalized,US_or_global_US_relevant_proxy,,closed_before_frozen_asof,,,,,,,,
KXAAAGASM-26JUL31-3.50,KXAAAGASM,KXAAAGASM-26JUL31,Will average **gas prices** be above $3.50?,Above 3.50,energy_iran,finalized,US_or_global_US_relevant_proxy,,closed_before_frozen_asof,,,,,,,,
KXAAAGASM-26JUL31-3.40,KXAAAGASM,KXAAAGASM-26JUL31,Will average **gas prices** be above $3.40?,Above 3.40,energy_iran,finalized,US_or_global_US_relevant_proxy,,closed_before_frozen_asof,,,,,,,,
KXAAAGASM-26JUL31-3.30,KXAAAGASM,KXAAAGASM-26JUL31,Will average **gas prices** be above $3.30?,Above 3.30,energy_iran,finalized,US_or_global_US_relevant_proxy,,closed_before_frozen_asof,,,,,,,,
KXAAAGASM-26SEP30-3.10,KXAAAGASM,KXAAAGASM-26SEP30,Will average **gas prices** be above $3.10?,Above 3.10,energy_iran,active,US_or_global_US_relevant_proxy,2026-09-08T15:07:00Z,usable,2026-09-08T13:00:00Z,2.1166666666666667,0.995,0.99,1.0,0.010000000000000009,75.0,bar_age_only_actual_quote_update_time_unavailable
KXAAAGASM-26SEP30-3.00,KXAAAGASM,KXAAAGASM-26SEP30,Will average **gas prices** be above $3.00?,Above 3.00,energy_iran,active,US_or_global_US_relevant_proxy,2026-09-08T15:07:00Z,usable,2026-09-08T13:00:00Z,2.1166666666666667,0.995,0.99,1.0,0.010000000000000009,75.0,bar_age_only_actual_quote_update_time_unavailable
KXAAAGASM-26SEP30-2.90,KXAAAGASM,KXAAAGASM-26SEP30,Will average **gas prices** be above $2.90?,Above 2.90,energy_iran,active,US_or_global_US_relevant_proxy,2026-09-08T15:07:00Z,usable,2026-09-08T08:00:00Z,7.116666666666666,0.995,0.99,1.0,0.010000000000000009,157.82,bar_age_only_actual_quote_update_time_unavailable
KXAAAGASM-26SEP30-2.80,KXAAAGASM,KXAAAGASM-26SEP30,Will average **gas prices** be above $2.80?,Above 2.80,energy_iran,active,US_or_global_US_relevant_proxy,2026-09-08T15:07:00Z,usable,2026-09-08T08:00:00Z,7.116666666666666,0.995,0.99,1.0,0.010000000000000009,157.82,bar_age_only_actual_quote_update_time_unavailable
KXAAAGASM-26SEP30-2.70,KXAAAGASM,KXAAAGASM-26SEP30,Will average **gas prices** be above $2.70?,Above 2.70,energy_iran,active,US_or_global_US_relevant_proxy,2026-09-08T15:07:00Z,usable,2026-09-08T08:00:00Z,7.116666666666666,0.995,0.99,1.0,0.010000000000000009,368.51,bar_age_only_actual_quote_update_time_unavailable
KXAAAGASM-26SEP30-2.60,KXAAAGASM,KXAAAGASM-26SEP30,Will average **gas prices** be above $2.60?,Above 2.60,energy_iran,active,US_or_global_US_relevant_proxy,2026-09-08T15:07:00Z,usable,2026-09-08T08:00:00Z,7.116666666666666,0.995,0.99,1.0,0.010000000000000009,368.51,bar_age_only_actual_quote_update_time_unavailable
KXAAAGASM-26SEP30-2.50,KXAAAGASM,KXAAAGASM-26SEP30,Will average **gas prices** be above $2.50?,Above 2.50,energy_iran,active,US_or_global_US_relevant_proxy,2026-09-08T15:07:00Z,usable,2026-09-08T08:00:00Z,7.116666666666666,0.995,0.99,1.0,0.010000000000000009,275.0,bar_age_only_actual_quote_update_time_unavailable
KXAAAGASM-26AUG31-3.10,KXAAAGASM,KXAAAGASM-26AUG31,Will average **gas prices** be above $3.10?,Above 3.10,energy_iran,finalized,US_or_global_US_relevant_proxy,,closed_before_frozen_asof,,,,,,,,
KXAAAGASM-26AUG31-3.00,KXAAAGASM,KXAAAGASM-26AUG31,Will average **gas prices** be above $3.00?,Above 3.00,energy_iran,finalized,US_or_global_US_relevant_proxy,,closed_before_frozen_asof,,,,,,,,
KXAAAGASM-26AUG31-2.90,KXAAAGASM,KXAAAGASM-26AUG31,Will average **gas prices** be above $2.90?,Above 2.90,energy_iran,finalized,US_or_global_US_relevant_proxy,,closed_before_frozen_asof,,,,,,,,
KXAAAGASM-26AUG31-2.80,KXAAAGASM,KXAAAGASM-26AUG31,Will average **gas prices** be above $2.80?,Above 2.80,energy_iran,finalized,US_or_global_US_relevant_proxy,,closed_before_frozen_asof,,,,,,,,
KXAAAGASM-26AUG31-2.70,KXAAAGASM,KXAAAGASM-26AUG31,Will average **gas prices** be above $2.70?,Above 2.70,energy_iran,finalized,US_or_global_US_relevant_proxy,,closed_before_frozen_asof,,,,,,,,
KXAAAGASM-26AUG31-2.60,KXAAAGASM,KXAAAGASM-26AUG31,Will average **gas prices** be above $2.60?,Above 2.60,energy_iran,finalized,US_or_global_US_relevant_proxy,,closed_before_frozen_asof,,,,,,,,
KXAAAGASM-26AUG31-2.50,KXAAAGASM,KXAAAGASM-26AUG31,Will average **gas prices** be above $2.50?,Above 2.50,energy_iran,finalized,US_or_global_US_relevant_proxy,,closed_before_frozen_asof,,,,,,,,
KXAAAGASM-26JUL31-3.20,KXAAAGASM,KXAAAGASM-26JUL31,Will average **gas prices** be above $3.20?,Above 3.20,energy_iran,finalized,US_or_global_US_relevant_proxy,,closed_before_frozen_asof,,,,,,,,
KXAAAGASM-26JUL31-3.10,KXAAAGASM,KXAAAGASM-26JUL31,Will average **gas prices** be above $3.10?,Above 3.10,energy_iran,finalized,US_or_global_US_relevant_proxy,,closed_before_frozen_asof,,,,,,,,
KXAAAGASM-26JUL31-3.00,KXAAAGASM,KXAAAGASM-26JUL31,Will average **gas prices** be above $3.00?,Above 3.00,energy_iran,finalized,US_or_global_US_relevant_proxy,,closed_before_frozen_asof,,,,,,,,
KXAAAGASM-26JUL31-2.90,KXAAAGASM,KXAAAGASM-26JUL31,Will average **gas prices** be above $2.90?,Above 2.90,energy_iran,finalized,US_or_global_US_relevant_proxy,,closed_before_frozen_asof,,,,,,,,
KXAAAGASM-26JUL31-2.80,KXAAAGASM,KXAAAGASM-26JUL31,Will average **gas prices** be above $2.80?,Above 2.80,energy_iran,finalized,US_or_global_US_relevant_proxy,,closed_before_frozen_asof,,,,,,,,
KXAAAGASM-26JUL31-2.70,KXAAAGASM,KXAAAGASM-26JUL31,Will average **gas prices** be above $2.70?,Above 2.70,energy_iran,finalized,US_or_global_US_relevant_proxy,,closed_before_frozen_asof,,,,,,,,
KXAAAGASM-26JUL31-2.60,KXAAAGASM,KXAAAGASM-26JUL31,Will average **gas prices** be above $2.60?,Above 2.60,energy_iran,finalized,US_or_global_US_relevant_proxy,,closed_before_frozen_asof,,,,,,,,
KXAAAGASM-26JUL31-2.50,KXAAAGASM,KXAAAGASM-26JUL31,Will average **gas prices** be above $2.50?,Above 2.50,energy_iran,finalized,US_or_global_US_relevant_proxy,,closed_before_frozen_asof,,,,,,,,
KXBRENTMON-26JUN3017-T98.99,KXBRENTMON,KXBRENTMON-26JUN3017,"Will the brent crude oil close price be above 98.99 USD/Bbl on June 30, 2026 at 5:00 PM EDT?",above $98.99,energy_iran,finalized,US_or_global_US_relevant_proxy,,closed_before_frozen_asof,,,,,,,,
KXBRENTMON-26JUN3017-T96.99,KXBRENTMON,KXBRENTMON-26JUN3017,"Will the brent crude oil close price be above 96.99 USD/Bbl on June 30, 2026 at 5:00 PM EDT?",above $96.99,energy_iran,finalized,US_or_global_US_relevant_proxy,,closed_before_frozen_asof,,,,,,,,
KXBRENTMON-26JUN3017-T94.99,KXBRENTMON,KXBRENTMON-26JUN3017,"Will the brent crude oil close price be above 94.99 USD/Bbl on June 30, 2026 at 5:00 PM EDT?",above $94.99,energy_iran,finalized,US_or_global_US_relevant_proxy,,closed_before_frozen_asof,,,,,,,,
KXBRENTMON-26JUN3017-T92.99,KXBRENTMON,KXBRENTMON-26JUN3017,"Will the brent crude oil close price be above 92.99 USD/Bbl on June 30, 2026 at 5:00 PM EDT?",above $92.99,energy_iran,finalized,US_or_global_US_relevant_proxy,,closed_before_frozen_asof,,,,,,,,
KXBRENTMON-26JUN3017-T90.99,KXBRENTMON,KXBRENTMON-26JUN3017,"Will the brent crude oil close price be above 90.99 USD/Bbl on June 30, 2026 at 5:00 PM EDT?",above $90.99,energy_iran,finalized,US_or_global_US_relevant_proxy,,closed_before_frozen_asof,,,,,,,,
KXBRENTMON-26JUN3017-T88.99,KXBRENTMON,KXBRENTMON-26JUN3017,"Will the brent crude oil close price be above 88.99 USD/Bbl on June 30, 2026 at 5:00 PM EDT?",above $88.99,energy_iran,finalized,US_or_global_US_relevant_proxy,,closed_before_frozen_asof,,,,,,,,
KXBRENTMON-26JUN3017-T86.99,KXBRENTMON,KXBRENTMON-26JUN3017,"Will the brent crude oil close price be above 86.99 USD/Bbl on June 30, 2026 at 5:00 PM EDT?",above $86.99,energy_iran,finalized,US_or_global_US_relevant_proxy,,closed_before_frozen_asof,,,,,,,,
KXBRENTMON-26JUN3017-T84.99,KXBRENTMON,KXBRENTMON-26JUN3017,"Will the brent crude oil close price be above 84.99 USD/Bbl on June 30, 2026 at 5:00 PM EDT?",above $84.99,energy_iran,finalized,US_or_global_US_relevant_proxy,,closed_before_frozen_asof,,,,,,,,
KXBRENTMON-26JUN3017-T82.99,KXBRENTMON,KXBRENTMON-26JUN3017,"Will the brent crude oil close price be above 82.99 USD/Bbl on June 30, 2026 at 5:00 PM EDT?",above $82.99,energy_iran,finalized,US_or_global_US_relevant_proxy,,closed_before_frozen_asof,,,,,,,,
KXBRENTMON-26JUN3017-T80.99,KXBRENTMON,KXBRENTMON-26JUN3017,"Will the brent crude oil close price be above 80.99 USD/Bbl on June 30, 2026 at 5:00 PM EDT?",above $80.99,energy_iran,finalized,US_or_global_US_relevant_proxy,,closed_before_frozen_asof,,,,,,,,
KXBRENTMON-26JUN3017-T78.99,KXBRENTMON,KXBRENTMON-26JUN3017,"Will the brent crude oil close price be above 78.99 USD/Bbl on June 30, 2026 at 5:00 PM EDT?",above $78.99,energy_iran,finalized,US_or_global_US_relevant_proxy,,closed_before_frozen_asof,,,,,,,,
KXBRENTMON-26JUN3017-T76.99,KXBRENTMON,KXBRENTMON-26JUN3017,"Will the brent crude oil close price be above 76.99 USD/Bbl on June 30, 2026 at 5:00 PM EDT?",above $76.99,energy_iran,finalized,US_or_global_US_relevant_proxy,,closed_before_frozen_asof,,,,,,,,
KXBRENTMON-26JUN3017-T74.99,KXBRENTMON,KXBRENTMON-26JUN3017,"Will the brent crude oil close price be above 74.99 USD/Bbl on June 30, 2026 at 5:00 PM EDT?",above $74.99,energy_iran,finalized,US_or_global_US_relevant_proxy,,closed_before_frozen_asof,,,,,,,,
KXBRENTMON-26JUN3017-T112.99,KXBRENTMON,KXBRENTMON-26JUN3017,"Will the brent crude oil close price be above 112.99 USD/Bbl on June 30, 2026 at 5:00 PM EDT?",above $112.99,energy_iran,finalized,US_or_global_US_relevant_proxy,,closed_before_frozen_asof,,,,,,,,
KXBRENTMON-26JUN3017-T110.99,KXBRENTMON,KXBRENTMON-26JUN3017,"Will the brent crude oil close price be above 110.99 USD/Bbl on June 30, 2026 at 5:00 PM EDT?",above $110.99,energy_iran,finalized,US_or_global_US_relevant_proxy,,closed_before_frozen_asof,,,,,,,,
KXBRENTMON-26JUN3017-T108.99,KXBRENTMON,KXBRENTMON-26JUN3017,"Will the brent crude oil close price be above 108.99 USD/Bbl on June 30, 2026 at 5:00 PM EDT?",above $108.99,energy_iran,finalized,US_or_global_US_relevant_proxy,,closed_before_frozen_asof,,,,,,,,
KXBRENTMON-26JUN3017-T106.99,KXBRENTMON,KXBRENTMON-26JUN3017,"Will the brent crude oil close price be above 106.99 USD/Bbl on June 30, 2026 at 5:00 PM EDT?",above $106.99,energy_iran,finalized,US_or_global_US_relevant_proxy,,closed_before_frozen_asof,,,,,,,,
KXBRENTMON-26JUN3017-T104.99,KXBRENTMON,KXBRENTMON-26JUN3017,"Will the brent crude oil close price be above 104.99 USD/Bbl on June 30, 2026 at 5:00 PM EDT?",above $104.99,energy_iran,finalized,US_or_global_US_relevant_proxy,,closed_before_frozen_asof,,,,,,,,
KXBRENTMON-26JUN3017-T102.99,KXBRENTMON,KXBRENTMON-26JUN3017,"Will the brent crude oil close price be above 102.99 USD/Bbl on June 30, 2026 at 5:00 PM EDT?",above $102.99,energy_iran,finalized,US_or_global_US_relevant_proxy,,closed_before_frozen_asof,,,,,,,,
KXBRENTMON-26JUN3017-T100.99,KXBRENTMON,KXBRENTMON-26JUN3017,"Will the brent crude oil close price be above 100.99 USD/Bbl on June 30, 2026 at 5:00 PM EDT?",above $100.99,energy_iran,finalized,US_or_global_US_relevant_proxy,,closed_before_frozen_asof,,,,,,,,
KXBRENTMON-26SEP3017-T51.99,KXBRENTMON,KXBRENTMON-26SEP3017,"Will the brent crude oil close price be above 51.99 USD/Bbl on September 30, 2026 at 5:00 PM EDT?",Above $51.99,energy_iran,active,US_or_global_US_relevant_proxy,2026-09-08T15:07:00Z,usable,2026-09-08T15:00:00Z,0.11666666666666667,0.985,0.98,0.99,0.010000000000000009,0.0,bar_age_only_actual_quote_update_time_unavailable
KXBRENTMON-26SEP3017-T53.99,KXBRENTMON,KXBRENTMON-26SEP3017,"Will the brent crude oil close price be above 53.99 USD/Bbl on September 30, 2026 at 5:00 PM EDT?",Above $53.99,energy_iran,active,US_or_global_US_relevant_proxy,2026-09-08T15:07:00Z,usable,2026-09-08T15:00:00Z,0.11666666666666667,0.985,0.98,0.99,0.010000000000000009,0.0,bar_age_only_actual_quote_update_time_unavailable
KXBRENTMON-26SEP3017-T55.99,KXBRENTMON,KXBRENTMON-26SEP3017,"Will the brent crude oil close price be above 55.99 USD/Bbl on September 30, 2026 at 5:00 PM EDT?",Above $55.99,energy_iran,active,US_or_global_US_relevant_proxy,2026-09-08T15:07:00Z,usable,2026-09-08T15:00:00Z,0.11666666666666667,0.985,0.98,0.99,0.010000000000000009,0.0,bar_age_only_actual_quote_update_time_unavailable
KXBRENTMON-26SEP3017-T57.99,KXBRENTMON,KXBRENTMON-26SEP3017,"Will the brent crude oil close price be above 57.99 USD/Bbl on September 30, 2026 at 5:00 PM EDT?",Above $57.99,energy_iran,active,US_or_global_US_relevant_proxy,2026-09-08T15:07:00Z,usable,2026-09-08T15:00:00Z,0.11666666666666667,0.985,0.98,0.99,0.010000000000000009,0.0,bar_age_only_actual_quote_update_time_unavailable
KXBRENTMON-26SEP3017-T59.99,KXBRENTMON,KXBRENTMON-26SEP3017,"Will the brent crude oil close price be above 59.99 USD/Bbl on September 30, 2026 at 5:00 PM EDT?",Above $59.99,energy_iran,active,US_or_global_US_relevant_proxy,2026-09-08T15:07:00Z,usable,2026-09-08T15:00:00Z,0.11666666666666667,0.985,0.98,0.99,0.010000000000000009,0.0,bar_age_only_actual_quote_update_time_unavailable
KXBRENTMON-26SEP3017-T61.99,KXBRENTMON,KXBRENTMON-26SEP3017,"Will the brent crude oil close price be above 61.99 USD/Bbl on September 30, 2026 at 5:00 PM EDT?",Above $61.99,energy_iran,active,US_or_global_US_relevant_proxy,2026-09-08T15:07:00Z,usable,2026-09-08T15:00:00Z,0.11666666666666667,0.985,0.98,0.99,0.010000000000000009,0.0,bar_age_only_actual_quote_update_time_unavailable
KXBRENTMON-26SEP3017-T63.99,KXBRENTMON,KXBRENTMON-26SEP3017,"Will the brent crude oil close price be above 63.99 USD/Bbl on September 30, 2026 at 5:00 PM EDT?",Above $63.99,energy_iran,active,US_or_global_US_relevant_proxy,2026-09-08T15:07:00Z,usable,2026-09-08T15:00:00Z,0.11666666666666667,0.985,0.98,0.99,0.010000000000000009,0.0,bar_age_only_actual_quote_update_time_unavailable
KXBRENTMON-26SEP3017-T65.99,KXBRENTMON,KXBRENTMON-26SEP3017,"Will the brent crude oil close price be above 65.99 USD/Bbl on September 30, 2026 at 5:00 PM EDT?",Above $65.99,energy_iran,active,US_or_global_US_relevant_proxy,2026-09-08T15:07:00Z,usable,2026-09-08T15:00:00Z,0.11666666666666667,0.985,0.98,0.99,0.010000000000000009,0.0,bar_age_only_actual_quote_update_time_unavailable
KXBRENTMON-26SEP3017-T67.99,KXBRENTMON,KXBRENTMON-26SEP3017,"Will the brent crude oil close price be above 67.99 USD/Bbl on September 30, 2026 at 5:00 PM EDT?",Above $67.99,energy_iran,active,US_or_global_US_relevant_proxy,2026-09-08T15:07:00Z,usable,2026-09-08T15:00:00Z,0.11666666666666667,0.98,0.97,0.99,0.020000000000000018,0.0,bar_age_only_actual_quote_update_time_unavailable
KXBRENTMON-26SEP3017-T69.99,KXBRENTMON,KXBRENTMON-26SEP3017,"Will the brent crude oil close price be above 69.99 USD/Bbl on September 30, 2026 at 5:00 PM EDT?",Above $69.99,energy_iran,active,US_or_global_US_relevant_proxy,2026-09-08T15:07:00Z,usable,2026-09-08T15:00:00Z,0.11666666666666667,0.98,0.97,0.99,0.020000000000000018,0.0,bar_age_only_actual_quote_update_time_unavailable
KXBRENTMON-26SEP3017-T99.99,KXBRENTMON,KXBRENTMON-26SEP3017,"Will the brent crude oil close price be above 99.99 USD/Bbl on September 30, 2026 at 5:00 PM EDT?",Above $99.99,energy_iran,active,US_or_global_US_relevant_proxy,2026-09-08T15:07:00Z,usable,2026-09-08T15:00:00Z,0.11666666666666667,0.345,0.34,0.35,0.009999999999999953,3618.36,bar_age_only_actual_quote_update_time_unavailable
KXBRENTMON-26SEP3017-T97.99,KXBRENTMON,KXBRENTMON-26SEP3017,"Will the brent crude oil close price be above 97.99 USD/Bbl on September 30, 2026 at 5:00 PM EDT?",Above $97.99,energy_iran,active,US_or_global_US_relevant_proxy,2026-09-08T15:07:00Z,usable,2026-09-08T15:00:00Z,0.11666666666666667,0.425,0.41,0.44,0.030000000000000027,1820.53,bar_age_only_actual_quote_update_time_unavailable
KXBRENTMON-26SEP3017-T95.99,KXBRENTMON,KXBRENTMON-26SEP3017,"Will the brent crude oil close price be above 95.99 USD/Bbl on September 30, 2026 at 5:00 PM EDT?",Above $95.99,energy_iran,active,US_or_global_US_relevant_proxy,2026-09-08T15:07:00Z,usable,2026-09-08T15:00:00Z,0.11666666666666667,0.495,0.49,0.5,0.010000000000000009,4124.83,bar_age_only_actual_quote_update_time_unavailable
KXBRENTMON-26SEP3017-T93.99,KXBRENTMON,KXBRENTMON-26SEP3017,"Will the brent crude oil close price be above 93.99 USD/Bbl on September 30, 2026 at 5:00 PM EDT?",Above $93.99,energy_iran,active,US_or_global_US_relevant_proxy,2026-09-08T15:07:00Z,usable,2026-09-08T15:00:00Z,0.11666666666666667,0.575,0.57,0.58,0.010000000000000009,4930.15,bar_age_only_actual_quote_update_time_unavailable
KXBRENTMON-26SEP3017-T91.99,KXBRENTMON,KXBRENTMON-26SEP3017,"Will the brent crude oil close price be above 91.99 USD/Bbl on September 30, 2026 at 5:00 PM EDT?",Above $91.99,energy_iran,active,US_or_global_US_relevant_proxy,2026-09-08T15:07:00Z,usable,2026-09-08T15:00:00Z,0.11666666666666667,0.66,0.65,0.67,0.020000000000000018,3488.16,bar_age_only_actual_quote_update_time_unavailable
KXBRENTMON-26SEP3017-T89.99,KXBRENTMON,KXBRENTMON-26SEP3017,"Will the brent crude oil close price be above 89.99 USD/Bbl on September 30, 2026 at 5:00 PM EDT?",Above $89.99,energy_iran,active,US_or_global_US_relevant_proxy,2026-09-08T15:07:00Z,usable,2026-09-08T15:00:00Z,0.11666666666666667,0.73,0.72,0.74,0.020000000000000018,2616.2,bar_age_only_actual_quote_update_time_unavailable
KXBRENTMON-26SEP3017-T87.99,KXBRENTMON,KXBRENTMON-26SEP3017,"Will the brent crude oil close price be above 87.99 USD/Bbl on September 30, 2026 at 5:00 PM EDT?",Above $87.99,energy_iran,active,US_or_global_US_relevant_proxy,2026-09-08T15:07:00Z,usable,2026-09-08T15:00:00Z,0.11666666666666667,0.78,0.77,0.79,0.020000000000000018,3202.25,bar_age_only_actual_quote_update_time_unavailable
KXBRENTMON-26SEP3017-T85.99,KXBRENTMON,KXBRENTMON-26SEP3017,"Will the brent crude oil close price be above 85.99 USD/Bbl on September 30, 2026 at 5:00 PM EDT?",Above $85.99,energy_iran,active,US_or_global_US_relevant_proxy,2026-09-08T15:07:00Z,usable,2026-09-08T15:00:00Z,0.11666666666666667,0.855,0.84,0.87,0.030000000000000027,714.6,bar_age_only_actual_quote_update_time_unavailable
KXBRENTMON-26SEP3017-T83.99,KXBRENTMON,KXBRENTMON-26SEP3017,"Will the brent crude oil close price be above 83.99 USD/Bbl on September 30, 2026 at 5:00 PM EDT?",Above $83.99,energy_iran,active,US_or_global_US_relevant_proxy,2026-09-08T15:07:00Z,usable,2026-09-08T15:00:00Z,0.11666666666666667,0.895,0.88,0.91,0.030000000000000027,1525.05,bar_age_only_actual_quote_update_time_unavailable
KXBRENTMON-26SEP3017-T81.99,KXBRENTMON,KXBRENTMON-26SEP3017,"Will the brent crude oil close price be above 81.99 USD/Bbl on September 30, 2026 at 5:00 PM EDT?",Above $81.99,energy_iran,active,US_or_global_US_relevant_proxy,2026-09-08T15:07:00Z,usable,2026-09-08T15:00:00Z,0.11666666666666667,0.915,0.9,0.93,0.030000000000000027,987.57,bar_age_only_actual_quote_update_time_unavailable
KXBRENTMON-26SEP3017-T79.99,KXBRENTMON,KXBRENTMON-26SEP3017,"Will the brent crude oil close price be above 79.99 USD/Bbl on September 30, 2026 at 5:00 PM EDT?",Above $79.99,energy_iran,active,US_or_global_US_relevant_proxy,2026-09-08T15:07:00Z,usable,2026-09-08T15:00:00Z,0.11666666666666667,0.94,0.92,0.96,0.039999999999999925,492.2,bar_age_only_actual_quote_update_time_unavailable
KXBRENTMON-26SEP3017-T77.99,KXBRENTMON,KXBRENTMON-26SEP3017,"Will the brent crude oil close price be above 77.99 USD/Bbl on September 30, 2026 at 5:00 PM EDT?",Above $77.99,energy_iran,active,US_or_global_US_relevant_proxy,2026-09-08T15:07:00Z,usable,2026-09-08T15:00:00Z,0.11666666666666667,0.9450000000000001,0.93,0.96,0.029999999999999916,59.04,bar_age_only_actual_quote_update_time_unavailable
KXBRENTMON-26SEP3017-T75.99,KXBRENTMON,KXBRENTMON-26SEP3017,"Will the brent crude oil close price be above 75.99 USD/Bbl on September 30, 2026 at 5:00 PM EDT?",Above $75.99,energy_iran,active,US_or_global_US_relevant_proxy,2026-09-08T15:07:00Z,usable,2026-09-08T15:00:00Z,0.11666666666666667,0.9450000000000001,0.93,0.96,0.029999999999999916,17.67,bar_age_only_actual_quote_update_time_unavailable
KXBRENTMON-26SEP3017-T73.99,KXBRENTMON,KXBRENTMON-26SEP3017,"Will the brent crude oil close price be above 73.99 USD/Bbl on September 30, 2026 at 5:00 PM EDT?",Above $73.99,energy_iran,active,US_or_global_US_relevant_proxy,2026-09-08T15:07:00Z,usable,2026-09-08T15:00:00Z,0.11666666666666667,0.95,0.94,0.96,0.020000000000000018,102.28,bar_age_only_actual_quote_update_time_unavailable
KXBRENTMON-26SEP3017-T71.99,KXBRENTMON,KXBRENTMON-26SEP3017,"Will the brent crude oil close price be above 71.99 USD/Bbl on September 30, 2026 at 5:00 PM EDT?",Above $71.99,energy_iran,active,US_or_global_US_relevant_proxy,2026-09-08T15:07:00Z,usable,2026-09-08T15:00:00Z,0.11666666666666667,0.95,0.94,0.96,0.020000000000000018,4670.0,bar_age_only_actual_quote_update_time_unavailable
KXBRENTMON-26SEP3017-T109.99,KXBRENTMON,KXBRENTMON-26SEP3017,"Will the brent crude oil close price be above 109.99 USD/Bbl on September 30, 2026 at 5:00 PM EDT?",Above $109.99,energy_iran,active,US_or_global_US_relevant_proxy,2026-09-08T15:07:00Z,usable,2026-09-08T15:00:00Z,0.11666666666666667,0.11,0.09,0.13,0.04000000000000001,2616.35,bar_age_only_actual_quote_update_time_unavailable
KXBRENTMON-26SEP3017-T107.99,KXBRENTMON,KXBRENTMON-26SEP3017,"Will the brent crude oil close price be above 107.99 USD/Bbl on September 30, 2026 at 5:00 PM EDT?",Above $107.99,energy_iran,active,US_or_global_US_relevant_proxy,2026-09-08T15:07:00Z,usable,2026-09-08T15:00:00Z,0.11666666666666667,0.16,0.14,0.18,0.03999999999999998,529.06,bar_age_only_actual_quote_update_time_unavailable
KXBRENTMON-26SEP3017-T105.99,KXBRENTMON,KXBRENTMON-26SEP3017,"Will the brent crude oil close price be above 105.99 USD/Bbl on September 30, 2026 at 5:00 PM EDT?",Above $105.99,energy_iran,active,US_or_global_US_relevant_proxy,2026-09-08T15:07:00Z,usable,2026-09-08T15:00:00Z,0.11666666666666667,0.16499999999999998,0.15,0.18,0.03,1527.28,bar_age_only_actual_quote_update_time_unavailable
KXBRENTMON-26SEP3017-T103.99,KXBRENTMON,KXBRENTMON-26SEP3017,"Will the brent crude oil close price be above 103.99 USD/Bbl on September 30, 2026 at 5:00 PM EDT?",Above $103.99,energy_iran,active,US_or_global_US_relevant_proxy,2026-09-08T15:07:00Z,usable,2026-09-08T15:00:00Z,0.11666666666666667,0.2,0.19,0.21,0.01999999999999999,2684.47,bar_age_only_actual_quote_update_time_unavailable
KXBRENTMON-26SEP3017-T101.99,KXBRENTMON,KXBRENTMON-26SEP3017,"Will the brent crude oil close price be above 101.99 USD/Bbl on September 30, 2026 at 5:00 PM EDT?",Above $101.99,energy_iran,active,US_or_global_US_relevant_proxy,2026-09-08T15:07:00Z,usable,2026-09-08T15:00:00Z,0.11666666666666667,0.295,0.29,0.3,0.010000000000000009,2103.86,bar_age_only_actual_quote_update_time_unavailable
KXBRENTMON-26AUG3117-T98.99,KXBRENTMON,KXBRENTMON-26AUG3117,"Will the brent crude oil close price be above 98.99 USD/Bbl on August 31, 2026 at 5:00 PM EDT?",Above $98.99,energy_iran,finalized,US_or_global_US_relevant_proxy,,closed_before_frozen_asof,,,,,,,,
KXBRENTMON-26AUG3117-T96.99,KXBRENTMON,KXBRENTMON-26AUG3117,"Will the brent crude oil close price be above 96.99 USD/Bbl on August 31, 2026 at 5:00 PM EDT?",Above $96.99,energy_iran,finalized,US_or_global_US_relevant_proxy,,closed_before_frozen_asof,,,,,,,,
KXBRENTMON-26AUG3117-T94.99,KXBRENTMON,KXBRENTMON-26AUG3117,"Will the brent crude oil close price be above 94.99 USD/Bbl on August 31, 2026 at 5:00 PM EDT?",Above $94.99,energy_iran,finalized,US_or_global_US_relevant_proxy,,closed_before_frozen_asof,,,,,,,,
KXBRENTMON-26AUG3117-T92.99,KXBRENTMON,KXBRENTMON-26AUG3117,"Will the brent crude oil close price be above 92.99 USD/Bbl on August 31, 2026 at 5:00 PM EDT?",Above $92.99,energy_iran,finalized,US_or_global_US_relevant_proxy,,closed_before_frozen_asof,,,,,,,,
KXBRENTMON-26AUG3117-T90.99,KXBRENTMON,KXBRENTMON-26AUG3117,"Will the brent crude oil close price be above 90.99 USD/Bbl on August 31, 2026 at 5:00 PM EDT?",Above $90.99,energy_iran,finalized,US_or_global_US_relevant_proxy,,closed_before_frozen_asof,,,,,,,,
KXBRENTMON-26AUG3117-T88.99,KXBRENTMON,KXBRENTMON-26AUG3117,"Will the brent crude oil close price be above 88.99 USD/Bbl on August 31, 2026 at 5:00 PM EDT?",Above $88.99,energy_iran,finalized,US_or_global_US_relevant_proxy,,closed_before_frozen_asof,,,,,,,,
KXBRENTMON-26AUG3117-T86.99,KXBRENTMON,KXBRENTMON-26AUG3117,"Will the brent crude oil close price be above 86.99 USD/Bbl on August 31, 2026 at 5:00 PM EDT?",Above $86.99,energy_iran,finalized,US_or_global_US_relevant_proxy,,closed_before_frozen_asof,,,,,,,,
KXBRENTMON-26AUG3117-T84.99,KXBRENTMON,KXBRENTMON-26AUG3117,"Will the brent crude oil close price be above 84.99 USD/Bbl on August 31, 2026 at 5:00 PM EDT?",Above $84.99,energy_iran,finalized,US_or_global_US_relevant_proxy,,closed_before_frozen_asof,,,,,,,,
KXBRENTMON-26AUG3117-T82.99,KXBRENTMON,KXBRENTMON-26AUG3117,"Will the brent crude oil close price be above 82.99 USD/Bbl on August 31, 2026 at 5:00 PM EDT?",Above $82.99,energy_iran,finalized,US_or_global_US_relevant_proxy,,closed_before_frozen_asof,,,,,,,,
KXBRENTMON-26AUG3117-T80.99,KXBRENTMON,KXBRENTMON-26AUG3117,"Will the brent crude oil close price be above 80.99 USD/Bbl on August 31, 2026 at 5:00 PM EDT?",Above $80.99,energy_iran,finalized,US_or_global_US_relevant_proxy,,closed_before_frozen_asof,,,,,,,,
KXBRENTMON-26AUG3117-T78.99,KXBRENTMON,KXBRENTMON-26AUG3117,"Will the brent crude oil close price be above 78.99 USD/Bbl on August 31, 2026 at 5:00 PM EDT?",Above $78.99,energy_iran,finalized,US_or_global_US_relevant_proxy,,closed_before_frozen_asof,,,,,,,,
KXBRENTMON-26AUG3117-T76.99,KXBRENTMON,KXBRENTMON-26AUG3117,"Will the brent crude oil close price be above 76.99 USD/Bbl on August 31, 2026 at 5:00 PM EDT?",Above $76.99,energy_iran,finalized,US_or_global_US_relevant_proxy,,closed_before_frozen_asof,,,,,,,,
KXBRENTMON-26AUG3117-T74.99,KXBRENTMON,KXBRENTMON-26AUG3117,"Will the brent crude oil close price be above 74.99 USD/Bbl on August 31, 2026 at 5:00 PM EDT?",Above $74.99,energy_iran,finalized,US_or_global_US_relevant_proxy,,closed_before_frozen_asof,,,,,,,,
KXBRENTMON-26AUG3117-T72.99,KXBRENTMON,KXBRENTMON-26AUG3117,"Will the brent crude oil close price be above 72.99 USD/Bbl on August 31, 2026 at 5:00 PM EDT?",Above $72.99,energy_iran,finalized,US_or_global_US_relevant_proxy,,closed_before_frozen_asof,,,,,,,,
KXBRENTMON-26AUG3117-T70.99,KXBRENTMON,KXBRENTMON-26AUG3117,"Will the brent crude oil close price be above 70.99 USD/Bbl on August 31, 2026 at 5:00 PM EDT?",Above $70.99,energy_iran,finalized,US_or_global_US_relevant_proxy,,closed_before_frozen_asof,,,,,,,,
KXBRENTMON-26AUG3117-T108.99,KXBRENTMON,KXBRENTMON-26AUG3117,"Will the brent crude oil close price be above 108.99 USD/Bbl on August 31, 2026 at 5:00 PM EDT?",Above $108.99,energy_iran,finalized,US_or_global_US_relevant_proxy,,closed_before_frozen_asof,,,,,,,,
KXBRENTMON-26AUG3117-T106.99,KXBRENTMON,KXBRENTMON-26AUG3117,"Will the brent crude oil close price be above 106.99 USD/Bbl on August 31, 2026 at 5:00 PM EDT?",Above $106.99,energy_iran,finalized,US_or_global_US_relevant_proxy,,closed_before_frozen_asof,,,,,,,,
KXBRENTMON-26AUG3117-T104.99,KXBRENTMON,KXBRENTMON-26AUG3117,"Will the brent crude oil close price be above 104.99 USD/Bbl on August 31, 2026 at 5:00 PM EDT?",Above $104.99,energy_iran,finalized,US_or_global_US_relevant_proxy,,closed_before_frozen_asof,,,,,,,,
KXBRENTMON-26AUG3117-T102.99,KXBRENTMON,KXBRENTMON-26AUG3117,"Will the brent crude oil close price be above 102.99 USD/Bbl on August 31, 2026 at 5:00 PM EDT?",Above $102.99,energy_iran,finalized,US_or_global_US_relevant_proxy,,closed_before_frozen_asof,,,,,,,,
KXBRENTMON-26AUG3117-T100.99,KXBRENTMON,KXBRENTMON-26AUG3117,"Will the brent crude oil close price be above 100.99 USD/Bbl on August 31, 2026 at 5:00 PM EDT?",Above $100.99,energy_iran,finalized,US_or_global_US_relevant_proxy,,closed_before_frozen_asof,,,,,,,,
KXBRENTMON-26JUL3117-T108.99,KXBRENTMON,KXBRENTMON-26JUL3117,"Will the brent crude oil close price be above 108.99 USD/Bbl on July 31, 2026 at 5:00 PM EDT?",Above $108.99,energy_iran,finalized,US_or_global_US_relevant_proxy,,closed_before_frozen_asof,,,,,,,,
KXBRENTMON-26JUL3117-T106.99,KXBRENTMON,KXBRENTMON-26JUL3117,"Will the brent crude oil close price be above 106.99 USD/Bbl on July 31, 2026 at 5:00 PM EDT?",Above $106.99,energy_iran,finalized,US_or_global_US_relevant_proxy,,closed_before_frozen_asof,,,,,,,,
KXBRENTMON-26JUL3117-T104.99,KXBRENTMON,KXBRENTMON-26JUL3117,"Will the brent crude oil close price be above 104.99 USD/Bbl on July 31, 2026 at 5:00 PM EDT?",Above $104.99,energy_iran,finalized,US_or_global_US_relevant_proxy,,closed_before_frozen_asof,,,,,,,,
KXBRENTMON-26JUL3117-T102.99,KXBRENTMON,KXBRENTMON-26JUL3117,"Will the brent crude oil close price be above 102.99 USD/Bbl on July 31, 2026 at 5:00 PM EDT?",Above $102.99,energy_iran,finalized,US_or_global_US_relevant_proxy,,closed_before_frozen_asof,,,,,,,,
KXBRENTMON-26JUL3117-T100.99,KXBRENTMON,KXBRENTMON-26JUL3117,"Will the brent crude oil close price be above 100.99 USD/Bbl on July 31, 2026 at 5:00 PM EDT?",Above $100.99,energy_iran,finalized,US_or_global_US_relevant_proxy,,closed_before_frozen_asof,,,,,,,,
KXBRENTMON-26JUL3117-T98.99,KXBRENTMON,KXBRENTMON-26JUL3117,"Will the brent crude oil close price be above 98.99 USD/Bbl on July 31, 2026 at 5:00 PM EDT?",Above $98.99,energy_iran,finalized,US_or_global_US_relevant_proxy,,closed_before_frozen_asof,,,,,,,,
KXBRENTMON-26JUL3117-T96.99,KXBRENTMON,KXBRENTMON-26JUL3117,"Will the brent crude oil close price be above 96.99 USD/Bbl on July 31, 2026 at 5:00 PM EDT?",Above $96.99,energy_iran,finalized,US_or_global_US_relevant_proxy,,closed_before_frozen_asof,,,,,,,,
KXBRENTMON-26JUL3117-T94.99,KXBRENTMON,KXBRENTMON-26JUL3117,"Will the brent crude oil close price be above 94.99 USD/Bbl on July 31, 2026 at 5:00 PM EDT?",Above $94.99,energy_iran,finalized,US_or_global_US_relevant_proxy,,closed_before_frozen_asof,,,,,,,,
KXBRENTMON-26JUL3117-T92.99,KXBRENTMON,KXBRENTMON-26JUL3117,"Will the brent crude oil close price be above 92.99 USD/Bbl on July 31, 2026 at 5:00 PM EDT?",Above $92.99,energy_iran,finalized,US_or_global_US_relevant_proxy,,closed_before_frozen_asof,,,,,,,,
KXBRENTMON-26JUL3117-T90.99,KXBRENTMON,KXBRENTMON-26JUL3117,"Will the brent crude oil close price be above 90.99 USD/Bbl on July 31, 2026 at 5:00 PM EDT?",Above $90.99,energy_iran,finalized,US_or_global_US_relevant_proxy,,closed_before_frozen_asof,,,,,,,,
KXBRENTMON-26JUL3117-T88.99,KXBRENTMON,KXBRENTMON-26JUL3117,"Will the brent crude oil close price be above 88.99 USD/Bbl on July 31, 2026 at 5:00 PM EDT?",Above $88.99,energy_iran,finalized,US_or_global_US_relevant_proxy,,closed_before_frozen_asof,,,,,,,,
KXBRENTMON-26JUL3117-T86.99,KXBRENTMON,KXBRENTMON-26JUL3117,"Will the brent crude oil close price be above 86.99 USD/Bbl on July 31, 2026 at 5:00 PM EDT?",Above $86.99,energy_iran,finalized,US_or_global_US_relevant_proxy,,closed_before_frozen_asof,,,,,,,,
KXBRENTMON-26JUL3117-T84.99,KXBRENTMON,KXBRENTMON-26JUL3117,"Will the brent crude oil close price be above 84.99 USD/Bbl on July 31, 2026 at 5:00 PM EDT?",Above $84.99,energy_iran,finalized,US_or_global_US_relevant_proxy,,closed_before_frozen_asof,,,,,,,,
KXBRENTMON-26JUL3117-T82.99,KXBRENTMON,KXBRENTMON-26JUL3117,"Will the brent crude oil close price be above 82.99 USD/Bbl on July 31, 2026 at 5:00 PM EDT?",Above $82.99,energy_iran,finalized,US_or_global_US_relevant_proxy,,closed_before_frozen_asof,,,,,,,,
KXBRENTMON-26JUL3117-T80.99,KXBRENTMON,KXBRENTMON-26JUL3117,"Will the brent crude oil close price be above 80.99 USD/Bbl on July 31, 2026 at 5:00 PM EDT?",Above $80.99,energy_iran,finalized,US_or_global_US_relevant_proxy,,closed_before_frozen_asof,,,,,,,,
KXBRENTMON-26JUL3117-T78.99,KXBRENTMON,KXBRENTMON-26JUL3117,"Will the brent crude oil close price be above 78.99 USD/Bbl on July 31, 2026 at 5:00 PM EDT?",Above $78.99,energy_iran,finalized,US_or_global_US_relevant_proxy,,closed_before_frozen_asof,,,,,,,,
KXBRENTMON-26JUL3117-T76.99,KXBRENTMON,KXBRENTMON-26JUL3117,"Will the brent crude oil close price be above 76.99 USD/Bbl on July 31, 2026 at 5:00 PM EDT?",Above $76.99,energy_iran,finalized,US_or_global_US_relevant_proxy,,closed_before_frozen_asof,,,,,,,,
KXBRENTMON-26JUL3117-T74.99,KXBRENTMON,KXBRENTMON-26JUL3117,"Will the brent crude oil close price be above 74.99 USD/Bbl on July 31, 2026 at 5:00 PM EDT?",Above $74.99,energy_iran,finalized,US_or_global_US_relevant_proxy,,closed_before_frozen_asof,,,,,,,,
KXBRENTMON-26JUL3117-T72.99,KXBRENTMON,KXBRENTMON-26JUL3117,"Will the brent crude oil close price be above 72.99 USD/Bbl on July 31, 2026 at 5:00 PM EDT?",Above $72.99,energy_iran,finalized,US_or_global_US_relevant_proxy,,closed_before_frozen_asof,,,,,,,,
KXBRENTMON-26JUL3117-T70.99,KXBRENTMON,KXBRENTMON-26JUL3117,"Will the brent crude oil close price be above 70.99 USD/Bbl on July 31, 2026 at 5:00 PM EDT?",Above $70.99,energy_iran,finalized,US_or_global_US_relevant_proxy,,closed_before_frozen_asof,,,,,,,,
KXBRENTMON-26JUL3117-T68.99,KXBRENTMON,KXBRENTMON-26JUL3117,"Will the brent crude oil close price be above 68.99 USD/Bbl on July 31, 2026 at 5:00 PM EDT?",Above $68.99,energy_iran,finalized,US_or_global_US_relevant_proxy,,closed_before_frozen_asof,,,,,,,,
KXBRENTMON-26JUL3117-T66.99,KXBRENTMON,KXBRENTMON-26JUL3117,"Will the brent crude oil close price be above 66.99 USD/Bbl on July 31, 2026 at 5:00 PM EDT?",Above $66.99,energy_iran,finalized,US_or_global_US_relevant_proxy,,closed_before_frozen_asof,,,,,,,,
KXBRENTMON-26JUL3117-T64.99,KXBRENTMON,KXBRENTMON-26JUL3117,"Will the brent crude oil close price be above 64.99 USD/Bbl on July 31, 2026 at 5:00 PM EDT?",Above $64.99,energy_iran,finalized,US_or_global_US_relevant_proxy,,closed_before_frozen_asof,,,,,,,,
KXBRENTMON-26JUL3117-T62.99,KXBRENTMON,KXBRENTMON-26JUL3117,"Will the brent crude oil close price be above 62.99 USD/Bbl on July 31, 2026 at 5:00 PM EDT?",Above $62.99,energy_iran,finalized,US_or_global_US_relevant_proxy,,closed_before_frozen_asof,,,,,,,,
KXBRENTMON-26JUL3117-T60.99,KXBRENTMON,KXBRENTMON-26JUL3117,"Will the brent crude oil close price be above 60.99 USD/Bbl on July 31, 2026 at 5:00 PM EDT?",Above $60.99,energy_iran,finalized,US_or_global_US_relevant_proxy,,closed_before_frozen_asof,,,,,,,,
KXBRENTMON-26JUL3117-T58.99,KXBRENTMON,KXBRENTMON-26JUL3117,"Will the brent crude oil close price be above 58.99 USD/Bbl on July 31, 2026 at 5:00 PM EDT?",Above $58.99,energy_iran,finalized,US_or_global_US_relevant_proxy,,closed_before_frozen_asof,,,,,,,,
KXBRENTMON-26JUL3117-T56.99,KXBRENTMON,KXBRENTMON-26JUL3117,"Will the brent crude oil close price be above 56.99 USD/Bbl on July 31, 2026 at 5:00 PM EDT?",Above $56.99,energy_iran,finalized,US_or_global_US_relevant_proxy,,closed_before_frozen_asof,,,,,,,,
KXBRENTMON-26JUL3117-T54.99,KXBRENTMON,KXBRENTMON-26JUL3117,"Will the brent crude oil close price be above 54.99 USD/Bbl on July 31, 2026 at 5:00 PM EDT?",Above $54.99,energy_iran,finalized,US_or_global_US_relevant_proxy,,closed_before_frozen_asof,,,,,,,,
KXBRENTMON-26JUL3117-T52.99,KXBRENTMON,KXBRENTMON-26JUL3117,"Will the brent crude oil close price be above 52.99 USD/Bbl on July 31, 2026 at 5:00 PM EDT?",Above $52.99,energy_iran,finalized,US_or_global_US_relevant_proxy,,closed_before_frozen_asof,,,,,,,,
KXBRENTMON-26JUL3117-T50.99,KXBRENTMON,KXBRENTMON-26JUL3117,"Will the brent crude oil close price be above 50.99 USD/Bbl on July 31, 2026 at 5:00 PM EDT?",Above $50.99,energy_iran,finalized,US_or_global_US_relevant_proxy,,closed_before_frozen_asof,,,,,,,,
KXCPI-26MAY-T-0.3,KXCPI,KXCPI-26MAY,Will CPI rise more than -0.3% in May 2026?,Above -0.3%,affordability_inflation,finalized,US_or_global_US_relevant_proxy,,closed_before_frozen_asof,,,,,,,,
KXCPI-26MAY-T-0.2,KXCPI,KXCPI-26MAY,Will CPI rise more than -0.2% in May 2026?,Above -0.2%,affordability_inflation,finalized,US_or_global_US_relevant_proxy,,closed_before_frozen_asof,,,,,,,,
KXCPI-26MAY-T1.0,KXCPI,KXCPI-26MAY,Will CPI rise more than 1.0% in May 2026?,Above 1.0%,affordability_inflation,finalized,US_or_global_US_relevant_proxy,,closed_before_frozen_asof,,,,,,,,
KXCPI-26MAY-T0.9,KXCPI,KXCPI-26MAY,Will CPI rise more than 0.9% in May 2026?,Above 0.9%,affordability_inflation,finalized,US_or_global_US_relevant_proxy,,closed_before_frozen_asof,,,,,,,,
KXCPI-26MAY-T0.8,KXCPI,KXCPI-26MAY,Will CPI rise more than 0.8% in May 2026?,Above 0.8%,affordability_inflation,finalized,US_or_global_US_relevant_proxy,,closed_before_frozen_asof,,,,,,,,
KXCPI-26MAY-T0.7,KXCPI,KXCPI-26MAY,Will CPI rise more than 0.7% in May 2026?,Above 0.7%,affordability_inflation,finalized,US_or_global_US_relevant_proxy,,closed_before_frozen_asof,,,,,,,,
KXCPI-26MAY-T0.6,KXCPI,KXCPI-26MAY,Will CPI rise more than 0.6% in May 2026?,Above 0.6%,affordability_inflation,finalized,US_or_global_US_relevant_proxy,,closed_before_frozen_asof,,,,,,,,
KXCPI-26MAY-T0.5,KXCPI,KXCPI-26MAY,Will CPI rise more than 0.5% in May 2026?,Above 0.5%,affordability_inflation,finalized,US_or_global_US_relevant_proxy,,closed_before_frozen_asof,,,,,,,,
KXCPI-26MAY-T0.4,KXCPI,KXCPI-26MAY,Will CPI rise more than 0.4% in May 2026?,Above 0.4%,affordability_inflation,finalized,US_or_global_US_relevant_proxy,,closed_before_frozen_asof,,,,,,,,
KXCPI-26MAY-T0.3,KXCPI,KXCPI-26MAY,Will CPI rise more than 0.3% in May 2026?,Above 0.3%,affordability_inflation,finalized,US_or_global_US_relevant_proxy,,closed_before_frozen_asof,,,,,,,,
KXCPI-26MAY-T0.2,KXCPI,KXCPI-26MAY,Will CPI rise more than 0.2% in May 2026?,Above 0.2%,affordability_inflation,finalized,US_or_global_US_relevant_proxy,,closed_before_frozen_asof,,,,,,,,
KXCPI-26MAY-T0.1,KXCPI,KXCPI-26MAY,Will CPI rise more than 0.1% in May 2026?,Above 0.1%,affordability_inflation,finalized,US_or_global_US_relevant_proxy,,closed_before_frozen_asof,,,,,,,,
KXCPI-26MAY-T-0.1,KXCPI,KXCPI-26MAY,Will CPI rise more than -0.1% in May 2026?,Above -0.1%,affordability_inflation,finalized,US_or_global_US_relevant_proxy,,closed_before_frozen_asof,,,,,,,,
KXCPI-26MAY-T0.0,KXCPI,KXCPI-26MAY,Will CPI rise more than 0.0% in May 2026?,Above 0.0%,affordability_inflation,finalized,US_or_global_US_relevant_proxy,,closed_before_frozen_asof,,,,,,,,
KXCPI-26AUG-T1.0,KXCPI,KXCPI-26AUG,Will CPI rise more than 1.0% in August 2026?,Above 1.0%,affordability_inflation,active,US_or_global_US_relevant_proxy,2026-09-08T15:07:00Z,usable,2026-09-07T21:00:00Z,18.116666666666667,0.005,0.0,0.01,0.01,962.98,bar_age_only_actual_quote_update_time_unavailable
KXCPI-26AUG-T0.9,KXCPI,KXCPI-26AUG,Will CPI rise more than 0.9% in August 2026?,Above 0.9%,affordability_inflation,active,US_or_global_US_relevant_proxy,2026-09-08T15:07:00Z,stale_observation,2026-09-05T20:00:00Z,67.11666666666666,,,,,,
KXCPI-26AUG-T0.8,KXCPI,KXCPI-26AUG,Will CPI rise more than 0.8% in August 2026?,Above 0.8%,affordability_inflation,active,US_or_global_US_relevant_proxy,2026-09-08T15:07:00Z,usable,2026-09-07T16:00:00Z,23.116666666666667,0.01,0.0,0.02,0.02,14303.78,bar_age_only_actual_quote_update_time_unavailable
KXCPI-26AUG-T0.7,KXCPI,KXCPI-26AUG,Will CPI rise more than 0.7% in August 2026?,Above 0.7%,affordability_inflation,active,US_or_global_US_relevant_proxy,2026-09-08T15:07:00Z,usable,2026-09-08T15:00:00Z,0.11666666666666667,0.01,0.0,0.02,0.02,7625.86,bar_age_only_actual_quote_update_time_unavailable
KXCPI-26AUG-T0.6,KXCPI,KXCPI-26AUG,Will CPI rise more than 0.6% in August 2026?,Above 0.6%,affordability_inflation,active,US_or_global_US_relevant_proxy,2026-09-08T15:07:00Z,usable,2026-09-07T22:00:00Z,17.116666666666667,0.015,0.0,0.03,0.03,14823.45,bar_age_only_actual_quote_update_time_unavailable
KXCPI-26SEP-T0.6,KXCPI,KXCPI-26SEP,Will CPI rise more than 0.6% in September 2026?,Above 0.6%,affordability_inflation,active,US_or_global_US_relevant_proxy,2026-09-08T15:07:00Z,usable,2026-09-08T15:00:00Z,0.11666666666666667,0.17500000000000002,0.07,0.28,0.21000000000000002,513.51,bar_age_only_actual_quote_update_time_unavailable
KXCPI-26SEP-T-0.4,KXCPI,KXCPI-26SEP,Will CPI rise more than -0.4% in September 2026?,Above -0.4%,affordability_inflation,active,US_or_global_US_relevant_proxy,2026-09-08T15:07:00Z,usable,2026-09-08T15:00:00Z,0.11666666666666667,0.9450000000000001,0.91,0.98,0.06999999999999995,462.0,bar_age_only_actual_quote_update_time_unavailable
KXCPI-26SEP-T-0.3,KXCPI,KXCPI-26SEP,Will CPI rise more than -0.3% in September 2026?,Above -0.3%,affordability_inflation,active,US_or_global_US_relevant_proxy,2026-09-08T15:07:00Z,usable,2026-09-08T15:00:00Z,0.11666666666666667,0.9099999999999999,0.86,0.96,0.09999999999999998,34.99,bar_age_only_actual_quote_update_time_unavailable
KXCPI-26SEP-T-0.2,KXCPI,KXCPI-26SEP,Will CPI rise more than -0.2% in September 2026?,Above -0.2%,affordability_inflation,active,US_or_global_US_relevant_proxy,2026-09-08T15:07:00Z,usable,2026-09-08T15:00:00Z,0.11666666666666667,0.905,0.86,0.95,0.08999999999999997,398.0,bar_age_only_actual_quote_update_time_unavailable
KXCPI-26AUG-T-0.4,KXCPI,KXCPI-26AUG,Will CPI rise more than -0.4% in August 2026?,Above -0.4%,affordability_inflation,active,US_or_global_US_relevant_proxy,2026-09-08T15:07:00Z,usable,2026-09-08T13:00:00Z,2.1166666666666667,0.995,0.99,1.0,0.010000000000000009,17382.24,bar_age_only_actual_quote_update_time_unavailable
KXCPI-26AUG-T-0.3,KXCPI,KXCPI-26AUG,Will CPI rise more than -0.3% in August 2026?,Above -0.3%,affordability_inflation,active,US_or_global_US_relevant_proxy,2026-09-08T15:07:00Z,stale_observation,2026-09-03T08:00:00Z,127.11666666666666,,,,,,
KXCPI-26AUG-T-0.2,KXCPI,KXCPI-26AUG,Will CPI rise more than -0.2% in August 2026?,Above -0.2%,affordability_inflation,active,US_or_global_US_relevant_proxy,2026-09-08T15:07:00Z,stale_observation,2026-09-05T06:00:00Z,81.11666666666666,,,,,,
KXCPI-26JUL-T-0.4,KXCPI,KXCPI-26JUL,Will CPI rise more than -0.4% in July 2026?,Above -0.4%,affordability_inflation,finalized,US_or_global_US_relevant_proxy,,closed_before_frozen_asof,,,,,,,,
KXCPI-26JUL-T-0.3,KXCPI,KXCPI-26JUL,Will CPI rise more than -0.3% in July 2026?,Above -0.3%,affordability_inflation,finalized,US_or_global_US_relevant_proxy,,closed_before_frozen_asof,,,,,,,,
KXCPI-26JUL-T-0.2,KXCPI,KXCPI-26JUL,Will CPI rise more than -0.2% in July 2026?,Above -0.2%,affordability_inflation,finalized,US_or_global_US_relevant_proxy,,closed_before_frozen_asof,,,,,,,,
KXCPI-26JUN-T-0.3,KXCPI,KXCPI-26JUN,Will CPI rise more than -0.3% in June 2026?,Above -0.3%,affordability_inflation,finalized,US_or_global_US_relevant_proxy,,closed_before_frozen_asof,,,,,,,,
KXCPI-26JUN-T-0.2,KXCPI,KXCPI-26JUN,Will CPI rise more than -0.2% in June 2026?,Above -0.2%,affordability_inflation,finalized,US_or_global_US_relevant_proxy,,closed_before_frozen_asof,,,,,,,,
KXCPI-26NOV-T0.5,KXCPI,KXCPI-26NOV,Will CPI rise more than 0.5% in November 2026?,Above 0.5%,affordability_inflation,active,US_or_global_US_relevant_proxy,2026-09-08T15:07:00Z,stale_observation,2026-09-07T00:00:00Z,39.11666666666667,,,,,,
KXCPI-26NOV-T0.4,KXCPI,KXCPI-26NOV,Will CPI rise more than 0.4% in November 2026?,Above 0.4%,affordability_inflation,active,US_or_global_US_relevant_proxy,2026-09-08T15:07:00Z,stale_observation,2026-09-07T15:00:00Z,24.116666666666667,,,,,,
KXCPI-26NOV-T0.3,KXCPI,KXCPI-26NOV,Will CPI rise more than 0.3% in November 2026?,Above 0.3%,affordability_inflation,active,US_or_global_US_relevant_proxy,2026-09-08T15:07:00Z,stale_observation,2026-09-04T12:00:00Z,99.11666666666666,,,,,,
KXCPI-26NOV-T0.2,KXCPI,KXCPI-26NOV,Will CPI rise more than 0.2% in November 2026?,Above 0.2%,affordability_inflation,active,US_or_global_US_relevant_proxy,2026-09-08T15:07:00Z,stale_observation,2026-09-04T07:00:00Z,104.11666666666666,,,,,,
KXCPI-26NOV-T0.1,KXCPI,KXCPI-26NOV,Will CPI rise more than 0.1% in November 2026?,Above 0.1%,affordability_inflation,active,US_or_global_US_relevant_proxy,2026-09-08T15:07:00Z,stale_observation,2026-07-31T19:00:00Z,932.1166666666667,,,,,,
KXCPI-26NOV-T-0.1,KXCPI,KXCPI-26NOV,Will CPI rise more than -0.1% in November 2026?,Above -0.1%,affordability_inflation,active,US_or_global_US_relevant_proxy,2026-09-08T15:07:00Z,usable,2026-09-08T14:00:00Z,1.1166666666666667,0.875,0.75,1.0,0.25,219.0,bar_age_only_actual_quote_update_time_unavailable
KXCPI-26NOV-T0.0,KXCPI,KXCPI-26NOV,Will CPI rise more than 0.0% in November 2026?,Above 0.0%,affordability_inflation,active,US_or_global_US_relevant_proxy,2026-09-08T15:07:00Z,stale_observation,2026-08-23T15:00:00Z,384.1166666666667,,,,,,
KXCPI-26OCT-T0.5,KXCPI,KXCPI-26OCT,Will CPI rise more than 0.5% in October 2026?,Above 0.5%,affordability_inflation,active,US_or_global_US_relevant_proxy,2026-09-08T15:07:00Z,stale_observation,2026-09-07T00:00:00Z,39.11666666666667,,,,,,
KXCPI-26OCT-T0.4,KXCPI,KXCPI-26OCT,Will CPI rise more than 0.4% in October 2026?,Above 0.4%,affordability_inflation,active,US_or_global_US_relevant_proxy,2026-09-08T15:07:00Z,stale_observation,2026-07-10T14:00:00Z,1441.1166666666666,,,,,,
KXCPI-26OCT-T0.3,KXCPI,KXCPI-26OCT,Will CPI rise more than 0.3% in October 2026?,Above 0.3%,affordability_inflation,active,US_or_global_US_relevant_proxy,2026-09-08T15:07:00Z,stale_observation,2026-09-03T18:00:00Z,117.11666666666666,,,,,,
KXCPI-26OCT-T0.2,KXCPI,KXCPI-26OCT,Will CPI rise more than 0.2% in October 2026?,Above 0.2%,affordability_inflation,active,US_or_global_US_relevant_proxy,2026-09-08T15:07:00Z,stale_observation,2026-09-05T15:00:00Z,72.11666666666666,,,,,,
KXCPI-26OCT-T0.1,KXCPI,KXCPI-26OCT,Will CPI rise more than 0.1% in October 2026?,Above 0.1%,affordability_inflation,active,US_or_global_US_relevant_proxy,2026-09-08T15:07:00Z,stale_observation,2026-09-03T02:00:00Z,133.11666666666667,,,,,,
KXCPI-26OCT-T-0.1,KXCPI,KXCPI-26OCT,Will CPI rise more than -0.1% in October 2026?,Above -0.1%,affordability_inflation,active,US_or_global_US_relevant_proxy,2026-09-08T15:07:00Z,stale_observation,2026-08-24T21:00:00Z,354.1166666666667,,,,,,
KXCPI-26OCT-T0.0,KXCPI,KXCPI-26OCT,Will CPI rise more than 0.0% in October 2026?,Above 0.0%,affordability_inflation,active,US_or_global_US_relevant_proxy,2026-09-08T15:07:00Z,stale_observation,2026-07-31T18:00:00Z,933.1166666666667,,,,,,
KXCPI-26SEP-T0.5,KXCPI,KXCPI-26SEP,Will CPI rise more than 0.5% in September 2026?,Above 0.5%,affordability_inflation,active,US_or_global_US_relevant_proxy,2026-09-08T15:07:00Z,usable,2026-09-08T14:00:00Z,1.1166666666666667,0.24,0.18,0.3,0.12,851.18,bar_age_only_actual_quote_update_time_unavailable
KXCPI-26SEP-T0.4,KXCPI,KXCPI-26SEP,Will CPI rise more than 0.4% in September 2026?,Above 0.4%,affordability_inflation,active,US_or_global_US_relevant_proxy,2026-09-08T15:07:00Z,usable,2026-09-08T15:00:00Z,0.11666666666666667,0.325,0.31,0.34,0.030000000000000027,1120.42,bar_age_only_actual_quote_update_time_unavailable
KXCPI-26SEP-T0.3,KXCPI,KXCPI-26SEP,Will CPI rise more than 0.3% in September 2026?,Above 0.3%,affordability_inflation,active,US_or_global_US_relevant_proxy,2026-09-08T15:07:00Z,stale_observation,2026-09-02T04:00:00Z,155.11666666666667,,,,,,
KXCPI-26SEP-T0.2,KXCPI,KXCPI-26SEP,Will CPI rise more than 0.2% in September 2026?,Above 0.2%,affordability_inflation,active,US_or_global_US_relevant_proxy,2026-09-08T15:07:00Z,usable,2026-09-08T15:00:00Z,0.11666666666666667,0.73,0.62,0.84,0.21999999999999997,1044.72,bar_age_only_actual_quote_update_time_unavailable
KXCPI-26SEP-T0.1,KXCPI,KXCPI-26SEP,Will CPI rise more than 0.1% in September 2026?,Above 0.1%,affordability_inflation,active,US_or_global_US_relevant_proxy,2026-09-08T15:07:00Z,usable,2026-09-08T15:00:00Z,0.11666666666666667,0.81,0.69,0.93,0.2400000000000001,207.99,bar_age_only_actual_quote_update_time_unavailable
KXCPI-26SEP-T-0.1,KXCPI,KXCPI-26SEP,Will CPI rise more than -0.1% in September 2026?,Above -0.1%,affordability_inflation,active,US_or_global_US_relevant_proxy,2026-09-08T15:07:00Z,stale_observation,2026-09-07T15:00:00Z,24.116666666666667,,,,,,
KXCPI-26SEP-T0.0,KXCPI,KXCPI-26SEP,Will CPI rise more than 0.0% in September 2026?,Above 0.0%,affordability_inflation,active,US_or_global_US_relevant_proxy,2026-09-08T15:07:00Z,usable,2026-09-08T15:00:00Z,0.11666666666666667,0.825,0.72,0.93,0.21000000000000008,574.49,bar_age_only_actual_quote_update_time_unavailable
KXCPI-26AUG-T0.5,KXCPI,KXCPI-26AUG,Will CPI rise more than 0.5% in August 2026?,Above 0.5%,affordability_inflation,active,US_or_global_US_relevant_proxy,2026-09-08T15:07:00Z,usable,2026-09-08T15:00:00Z,0.11666666666666667,0.03,0.02,0.04,0.02,34745.31,bar_age_only_actual_quote_update_time_unavailable
KXCPI-26AUG-T0.4,KXCPI,KXCPI-26AUG,Will CPI rise more than 0.4% in August 2026?,Above 0.4%,affordability_inflation,active,US_or_global_US_relevant_proxy,2026-09-08T15:07:00Z,usable,2026-09-08T15:00:00Z,0.11666666666666667,0.11499999999999999,0.11,0.12,0.009999999999999995,27939.59,bar_age_only_actual_quote_update_time_unavailable
KXCPI-26AUG-T0.3,KXCPI,KXCPI-26AUG,Will CPI rise more than 0.3% in August 2026?,Above 0.3%,affordability_inflation,active,US_or_global_US_relevant_proxy,2026-09-08T15:07:00Z,usable,2026-09-08T15:00:00Z,0.11666666666666667,0.625,0.61,0.64,0.030000000000000027,25286.77,bar_age_only_actual_quote_update_time_unavailable
KXCPI-26AUG-T0.2,KXCPI,KXCPI-26AUG,Will CPI rise more than 0.2% in August 2026?,Above 0.2%,affordability_inflation,active,US_or_global_US_relevant_proxy,2026-09-08T15:07:00Z,usable,2026-09-08T15:00:00Z,0.11666666666666667,0.905,0.9,0.91,0.010000000000000009,16798.39,bar_age_only_actual_quote_update_time_unavailable
KXCPI-26AUG-T0.1,KXCPI,KXCPI-26AUG,Will CPI rise more than 0.1% in August 2026?,Above 0.1%,affordability_inflation,active,US_or_global_US_relevant_proxy,2026-09-08T15:07:00Z,usable,2026-09-08T14:00:00Z,1.1166666666666667,0.98,0.97,0.99,0.020000000000000018,17963.79,bar_age_only_actual_quote_update_time_unavailable
KXCPI-26AUG-T-0.1,KXCPI,KXCPI-26AUG,Will CPI rise more than -0.1% in August 2026?,Above -0.1%,affordability_inflation,active,US_or_global_US_relevant_proxy,2026-09-08T15:07:00Z,usable,2026-09-08T15:00:00Z,0.11666666666666667,0.985,0.97,1.0,0.030000000000000027,4432.14,bar_age_only_actual_quote_update_time_unavailable
KXCPI-26AUG-T0.0,KXCPI,KXCPI-26AUG,Will CPI rise more than 0.0% in August 2026?,Above 0.0%,affordability_inflation,active,US_or_global_US_relevant_proxy,2026-09-08T15:07:00Z,usable,2026-09-08T15:00:00Z,0.11666666666666667,0.985,0.97,1.0,0.030000000000000027,10870.63,bar_age_only_actual_quote_update_time_unavailable
KXCPI-26JUL-T0.5,KXCPI,KXCPI-26JUL,Will CPI rise more than 0.5% in July 2026?,Above 0.5%,affordability_inflation,finalized,US_or_global_US_relevant_proxy,,closed_before_frozen_asof,,,,,,,,
KXCPI-26JUL-T0.4,KXCPI,KXCPI-26JUL,Will CPI rise more than 0.4% in July 2026?,Above 0.4%,affordability_inflation,finalized,US_or_global_US_relevant_proxy,,closed_before_frozen_asof,,,,,,,,
KXCPI-26JUL-T0.3,KXCPI,KXCPI-26JUL,Will CPI rise more than 0.3% in July 2026?,Above 0.3%,affordability_inflation,finalized,US_or_global_US_relevant_proxy,,closed_before_frozen_asof,,,,,,,,
KXCPI-26JUL-T0.2,KXCPI,KXCPI-26JUL,Will CPI rise more than 0.2% in July 2026?,Above 0.2%,affordability_inflation,finalized,US_or_global_US_relevant_proxy,,closed_before_frozen_asof,,,,,,,,
KXCPI-26JUL-T0.1,KXCPI,KXCPI-26JUL,Will CPI rise more than 0.1% in July 2026?,Above 0.1%,affordability_inflation,finalized,US_or_global_US_relevant_proxy,,closed_before_frozen_asof,,,,,,,,
KXCPI-26JUL-T-0.1,KXCPI,KXCPI-26JUL,Will CPI rise more than -0.1% in July 2026?,Above -0.1%,affordability_inflation,finalized,US_or_global_US_relevant_proxy,,closed_before_frozen_asof,,,,,,,,
KXCPI-26JUL-T0.0,KXCPI,KXCPI-26JUL,Will CPI rise more than 0.0% in July 2026?,Above 0.0%,affordability_inflation,finalized,US_or_global_US_relevant_proxy,,closed_before_frozen_asof,,,,,,,,
KXCPI-26JUN-T0.5,KXCPI,KXCPI-26JUN,Will CPI rise more than 0.5% in June 2026?,Above 0.5%,affordability_inflation,finalized,US_or_global_US_relevant_proxy,,closed_before_frozen_asof,,,,,,,,
KXCPI-26JUN-T0.4,KXCPI,KXCPI-26JUN,Will CPI rise more than 0.4% in June 2026?,Above 0.4%,affordability_inflation,finalized,US_or_global_US_relevant_proxy,,closed_before_frozen_asof,,,,,,,,
KXCPI-26JUN-T0.3,KXCPI,KXCPI-26JUN,Will CPI rise more than 0.3% in June 2026?,Above 0.3%,affordability_inflation,finalized,US_or_global_US_relevant_proxy,,closed_before_frozen_asof,,,,,,,,
KXCPI-26JUN-T0.2,KXCPI,KXCPI-26JUN,Will CPI rise more than 0.2% in June 2026?,Above 0.2%,affordability_inflation,finalized,US_or_global_US_relevant_proxy,,closed_before_frozen_asof,,,,,,,,
KXCPI-26JUN-T0.1,KXCPI,KXCPI-26JUN,Will CPI rise more than 0.1% in June 2026?,Above 0.1%,affordability_inflation,finalized,US_or_global_US_relevant_proxy,,closed_before_frozen_asof,,,,,,,,
KXCPI-26JUN-T-0.1,KXCPI,KXCPI-26JUN,Will CPI rise more than -0.1% in June 2026?,Above -0.1%,affordability_inflation,finalized,US_or_global_US_relevant_proxy,,closed_before_frozen_asof,,,,,,,,
KXCPI-26JUN-T0.0,KXCPI,KXCPI-26JUN,Will CPI rise more than 0.0% in June 2026?,Above 0.0%,affordability_inflation,finalized,US_or_global_US_relevant_proxy,,closed_before_frozen_asof,,,,,,,,
KXCPICORE-26MAY-T1.0,KXCPICORE,KXCPICORE-26MAY,Will CPI Core rise more than 1.0% in May?,Above 1.0%,affordability_inflation,finalized,US_or_global_US_relevant_proxy,,closed_before_frozen_asof,,,,,,,,
KXCPICORE-26MAY-T0.9,KXCPICORE,KXCPICORE-26MAY,Will CPI Core rise more than 0.9% in May?,Above 0.9%,affordability_inflation,finalized,US_or_global_US_relevant_proxy,,closed_before_frozen_asof,,,,,,,,
KXCPICORE-26MAY-T0.8,KXCPICORE,KXCPICORE-26MAY,Will CPI Core rise more than 0.8% in May?,Above 0.8%,affordability_inflation,finalized,US_or_global_US_relevant_proxy,,closed_before_frozen_asof,,,,,,,,
KXCPICORE-26MAY-T0.7,KXCPICORE,KXCPICORE-26MAY,Will CPI Core rise more than 0.7% in May?,Above 0.7%,affordability_inflation,finalized,US_or_global_US_relevant_proxy,,closed_before_frozen_asof,,,,,,,,
KXCPICORE-26MAY-T0.6,KXCPICORE,KXCPICORE-26MAY,Will CPI Core rise more than 0.6% in May?,Above 0.6%,affordability_inflation,finalized,US_or_global_US_relevant_proxy,,closed_before_frozen_asof,,,,,,,,
KXCPICORE-26MAY-T0.5,KXCPICORE,KXCPICORE-26MAY,Will CPI Core rise more than 0.5% in May?,Above 0.5%,affordability_inflation,finalized,US_or_global_US_relevant_proxy,,closed_before_frozen_asof,,,,,,,,
KXCPICORE-26MAY-T0.4,KXCPICORE,KXCPICORE-26MAY,Will CPI Core rise more than 0.4% in May?,Above 0.4%,affordability_inflation,finalized,US_or_global_US_relevant_proxy,,closed_before_frozen_asof,,,,,,,,
KXCPICORE-26MAY-T0.3,KXCPICORE,KXCPICORE-26MAY,Will CPI Core rise more than 0.3% in May?,Above 0.3%,affordability_inflation,finalized,US_or_global_US_relevant_proxy,,closed_before_frozen_asof,,,,,,,,
KXCPICORE-26MAY-T0.2,KXCPICORE,KXCPICORE-26MAY,Will CPI Core rise more than 0.2% in May?,Above 0.2%,affordability_inflation,finalized,US_or_global_US_relevant_proxy,,closed_before_frozen_asof,,,,,,,,
KXCPICORE-26MAY-T0.1,KXCPICORE,KXCPICORE-26MAY,Will CPI Core rise more than 0.1% in May?,Above 0.1%,affordability_inflation,finalized,US_or_global_US_relevant_proxy,,closed_before_frozen_asof,,,,,,,,
KXCPICORE-26MAY-T0.0,KXCPICORE,KXCPICORE-26MAY,Will CPI Core rise more than 0.0% in May?,Above 0.0%,affordability_inflation,finalized,US_or_global_US_relevant_proxy,,closed_before_frozen_asof,,,,,,,,
KXCPICORE-26NOV-T1.0,KXCPICORE,KXCPICORE-26NOV,Will CPI Core rise more than 1.0% in November?,Above 1.0%,affordability_inflation,active,US_or_global_US_relevant_proxy,2026-09-08T15:07:00Z,stale_observation,2026-08-23T16:00:00Z,383.1166666666667,,,,,,
KXCPICORE-26NOV-T0.9,KXCPICORE,KXCPICORE-26NOV,Will CPI Core rise more than 0.9% in November?,Above 0.9%,affordability_inflation,active,US_or_global_US_relevant_proxy,2026-09-08T15:07:00Z,stale_observation,2026-08-09T03:00:00Z,732.1166666666667,,,,,,
KXCPICORE-26NOV-T0.8,KXCPICORE,KXCPICORE-26NOV,Will CPI Core rise more than 0.8% in November?,Above 0.8%,affordability_inflation,active,US_or_global_US_relevant_proxy,2026-09-08T15:07:00Z,stale_observation,2026-08-20T03:00:00Z,468.1166666666667,,,,,,
KXCPICORE-26NOV-T0.7,KXCPICORE,KXCPICORE-26NOV,Will CPI Core rise more than 0.7% in November?,Above 0.7%,affordability_inflation,active,US_or_global_US_relevant_proxy,2026-09-08T15:07:00Z,missing_usable_quote,,,,,,,,
KXCPICORE-26NOV-T0.6,KXCPICORE,KXCPICORE-26NOV,Will CPI Core rise more than 0.6% in November?,Above 0.6%,affordability_inflation,active,US_or_global_US_relevant_proxy,2026-09-08T15:07:00Z,missing_usable_quote,,,,,,,,
KXCPICORE-26NOV-T0.5,KXCPICORE,KXCPICORE-26NOV,Will CPI Core rise more than 0.5% in November?,Above 0.5%,affordability_inflation,active,US_or_global_US_relevant_proxy,2026-09-08T15:07:00Z,missing_usable_quote,,,,,,,,
KXCPICORE-26NOV-T0.4,KXCPICORE,KXCPICORE-26NOV,Will CPI Core rise more than 0.4% in November?,Above 0.4%,affordability_inflation,active,US_or_global_US_relevant_proxy,2026-09-08T15:07:00Z,stale_observation,2026-08-30T14:00:00Z,217.11666666666667,,,,,,
KXCPICORE-26NOV-T0.3,KXCPICORE,KXCPICORE-26NOV,Will CPI Core rise more than 0.3% in November?,Above 0.3%,affordability_inflation,active,US_or_global_US_relevant_proxy,2026-09-08T15:07:00Z,stale_observation,2026-09-01T13:00:00Z,170.11666666666667,,,,,,
KXCPICORE-26NOV-T0.2,KXCPICORE,KXCPICORE-26NOV,Will CPI Core rise more than 0.2% in November?,Above 0.2%,affordability_inflation,active,US_or_global_US_relevant_proxy,2026-09-08T15:07:00Z,stale_observation,2026-09-05T20:00:00Z,67.11666666666666,,,,,,
KXCPICORE-26NOV-T0.1,KXCPICORE,KXCPICORE-26NOV,Will CPI Core rise more than 0.1% in November?,Above 0.1%,affordability_inflation,active,US_or_global_US_relevant_proxy,2026-09-08T15:07:00Z,stale_observation,2026-09-01T18:00:00Z,165.11666666666667,,,,,,
KXCPICORE-26NOV-T0.0,KXCPICORE,KXCPICORE-26NOV,Will CPI Core rise more than 0.0% in November?,Above 0.0%,affordability_inflation,active,US_or_global_US_relevant_proxy,2026-09-08T15:07:00Z,stale_observation,2026-07-31T13:00:00Z,938.1166666666667,,,,,,
KXCPICORE-26OCT-T1.0,KXCPICORE,KXCPICORE-26OCT,Will CPI Core rise more than 1.0% in October?,Above 1.0%,affordability_inflation,active,US_or_global_US_relevant_proxy,2026-09-08T15:07:00Z,stale_observation,2026-08-21T02:00:00Z,445.1166666666667,,,,,,
KXCPICORE-26OCT-T0.9,KXCPICORE,KXCPICORE-26OCT,Will CPI Core rise more than 0.9% in October?,Above 0.9%,affordability_inflation,active,US_or_global_US_relevant_proxy,2026-09-08T15:07:00Z,stale_observation,2026-07-31T17:00:00Z,934.1166666666667,,,,,,
KXCPICORE-26OCT-T0.8,KXCPICORE,KXCPICORE-26OCT,Will CPI Core rise more than 0.8% in October?,Above 0.8%,affordability_inflation,active,US_or_global_US_relevant_proxy,2026-09-08T15:07:00Z,stale_observation,2026-08-29T07:00:00Z,248.11666666666667,,,,,,
KXCPICORE-26OCT-T0.7,KXCPICORE,KXCPICORE-26OCT,Will CPI Core rise more than 0.7% in October?,Above 0.7%,affordability_inflation,active,US_or_global_US_relevant_proxy,2026-09-08T15:07:00Z,missing_usable_quote,,,,,,,,
KXCPICORE-26OCT-T0.6,KXCPICORE,KXCPICORE-26OCT,Will CPI Core rise more than 0.6% in October?,Above 0.6%,affordability_inflation,active,US_or_global_US_relevant_proxy,2026-09-08T15:07:00Z,missing_usable_quote,,,,,,,,
KXCPICORE-26OCT-T0.5,KXCPICORE,KXCPICORE-26OCT,Will CPI Core rise more than 0.5% in October?,Above 0.5%,affordability_inflation,active,US_or_global_US_relevant_proxy,2026-09-08T15:07:00Z,stale_observation,2026-07-31T17:00:00Z,934.1166666666667,,,,,,
KXCPICORE-26OCT-T0.4,KXCPICORE,KXCPICORE-26OCT,Will CPI Core rise more than 0.4% in October?,Above 0.4%,affordability_inflation,active,US_or_global_US_relevant_proxy,2026-09-08T15:07:00Z,stale_observation,2026-07-17T20:00:00Z,1267.1166666666666,,,,,,
KXCPICORE-26OCT-T0.3,KXCPICORE,KXCPICORE-26OCT,Will CPI Core rise more than 0.3% in October?,Above 0.3%,affordability_inflation,active,US_or_global_US_relevant_proxy,2026-09-08T15:07:00Z,missing_usable_quote,,,,,,,,
KXCPICORE-26OCT-T0.2,KXCPICORE,KXCPICORE-26OCT,Will CPI Core rise more than 0.2% in October?,Above 0.2%,affordability_inflation,active,US_or_global_US_relevant_proxy,2026-09-08T15:07:00Z,stale_observation,2026-07-31T10:00:00Z,941.1166666666667,,,,,,
KXCPICORE-26OCT-T0.1,KXCPICORE,KXCPICORE-26OCT,Will CPI Core rise more than 0.1% in October?,Above 0.1%,affordability_inflation,active,US_or_global_US_relevant_proxy,2026-09-08T15:07:00Z,stale_observation,2026-07-31T03:00:00Z,948.1166666666667,,,,,,
KXCPICORE-26OCT-T0.0,KXCPICORE,KXCPICORE-26OCT,Will CPI Core rise more than 0.0% in October?,Above 0.0%,affordability_inflation,active,US_or_global_US_relevant_proxy,2026-09-08T15:07:00Z,missing_usable_quote,,,,,,,,
KXCPICORE-26SEP-T1.0,KXCPICORE,KXCPICORE-26SEP,Will CPI Core rise more than 1.0% in September?,Above 1.0%,affordability_inflation,active,US_or_global_US_relevant_proxy,2026-09-08T15:07:00Z,stale_observation,2026-07-31T17:00:00Z,934.1166666666667,,,,,,
KXCPICORE-26SEP-T0.9,KXCPICORE,KXCPICORE-26SEP,Will CPI Core rise more than 0.9% in September?,Above 0.9%,affordability_inflation,active,US_or_global_US_relevant_proxy,2026-09-08T15:07:00Z,stale_observation,2026-08-28T14:00:00Z,265.1166666666667,,,,,,
KXCPICORE-26SEP-T0.8,KXCPICORE,KXCPICORE-26SEP,Will CPI Core rise more than 0.8% in September?,Above 0.8%,affordability_inflation,active,US_or_global_US_relevant_proxy,2026-09-08T15:07:00Z,stale_observation,2026-07-31T17:00:00Z,934.1166666666667,,,,,,
KXCPICORE-26SEP-T0.7,KXCPICORE,KXCPICORE-26SEP,Will CPI Core rise more than 0.7% in September?,Above 0.7%,affordability_inflation,active,US_or_global_US_relevant_proxy,2026-09-08T15:07:00Z,missing_usable_quote,,,,,,,,
KXCPICORE-26SEP-T0.6,KXCPICORE,KXCPICORE-26SEP,Will CPI Core rise more than 0.6% in September?,Above 0.6%,affordability_inflation,active,US_or_global_US_relevant_proxy,2026-09-08T15:07:00Z,stale_observation,2026-07-31T17:00:00Z,934.1166666666667,,,,,,
KXCPICORE-26SEP-T0.5,KXCPICORE,KXCPICORE-26SEP,Will CPI Core rise more than 0.5% in September?,Above 0.5%,affordability_inflation,active,US_or_global_US_relevant_proxy,2026-09-08T15:07:00Z,stale_observation,2026-07-31T17:00:00Z,934.1166666666667,,,,,,
KXCPICORE-26SEP-T0.4,KXCPICORE,KXCPICORE-26SEP,Will CPI Core rise more than 0.4% in September?,Above 0.4%,affordability_inflation,active,US_or_global_US_relevant_proxy,2026-09-08T15:07:00Z,missing_usable_quote,,,,,,,,
KXCPICORE-26SEP-T0.3,KXCPICORE,KXCPICORE-26SEP,Will CPI Core rise more than 0.3% in September?,Above 0.3%,affordability_inflation,active,US_or_global_US_relevant_proxy,2026-09-08T15:07:00Z,missing_usable_quote,,,,,,,,
KXCPICORE-26SEP-T0.2,KXCPICORE,KXCPICORE-26SEP,Will CPI Core rise more than 0.2% in September?,Above 0.2%,affordability_inflation,active,US_or_global_US_relevant_proxy,2026-09-08T15:07:00Z,stale_observation,2026-09-01T11:00:00Z,172.11666666666667,,,,,,
KXCPICORE-26SEP-T0.1,KXCPICORE,KXCPICORE-26SEP,Will CPI Core rise more than 0.1% in September?,Above 0.1%,affordability_inflation,active,US_or_global_US_relevant_proxy,2026-09-08T15:07:00Z,stale_observation,2026-09-01T11:00:00Z,172.11666666666667,,,,,,
KXCPICORE-26SEP-T0.0,KXCPICORE,KXCPICORE-26SEP,Will CPI Core rise more than 0.0% in September?,Above 0.0%,affordability_inflation,active,US_or_global_US_relevant_proxy,2026-09-08T15:07:00Z,missing_usable_quote,,,,,,,,
KXCPICORE-26AUG-T1.0,KXCPICORE,KXCPICORE-26AUG,Will CPI Core rise more than 1.0% in August?,Above 1.0%,affordability_inflation,active,US_or_global_US_relevant_proxy,2026-09-08T15:07:00Z,stale_observation,2026-09-01T00:00:00Z,183.11666666666667,,,,,,
KXCPICORE-26AUG-T0.9,KXCPICORE,KXCPICORE-26AUG,Will CPI Core rise more than 0.9% in August?,Above 0.9%,affordability_inflation,active,US_or_global_US_relevant_proxy,2026-09-08T15:07:00Z,stale_observation,2026-08-25T19:00:00Z,332.1166666666667,,,,,,
KXCPICORE-26AUG-T0.8,KXCPICORE,KXCPICORE-26AUG,Will CPI Core rise more than 0.8% in August?,Above 0.8%,affordability_inflation,active,US_or_global_US_relevant_proxy,2026-09-08T15:07:00Z,usable,2026-09-08T15:00:00Z,0.11666666666666667,0.01,0.0,0.02,0.02,34.0,bar_age_only_actual_quote_update_time_unavailable
KXCPICORE-26AUG-T0.7,KXCPICORE,KXCPICORE-26AUG,Will CPI Core rise more than 0.7% in August?,Above 0.7%,affordability_inflation,active,US_or_global_US_relevant_proxy,2026-09-08T15:07:00Z,usable,2026-09-08T15:00:00Z,0.11666666666666667,0.02,0.0,0.04,0.04,38.19,bar_age_only_actual_quote_update_time_unavailable
KXCPICORE-26AUG-T0.6,KXCPICORE,KXCPICORE-26AUG,Will CPI Core rise more than 0.6% in August?,Above 0.6%,affordability_inflation,active,US_or_global_US_relevant_proxy,2026-09-08T15:07:00Z,usable,2026-09-08T15:00:00Z,0.11666666666666667,0.025,0.0,0.05,0.05,123.0,bar_age_only_actual_quote_update_time_unavailable
KXCPICORE-26AUG-T0.5,KXCPICORE,KXCPICORE-26AUG,Will CPI Core rise more than 0.5% in August?,Above 0.5%,affordability_inflation,active,US_or_global_US_relevant_proxy,2026-09-08T15:07:00Z,usable,2026-09-08T15:00:00Z,0.11666666666666667,0.015,0.0,0.03,0.03,61.0,bar_age_only_actual_quote_update_time_unavailable
KXCPICORE-26AUG-T0.4,KXCPICORE,KXCPICORE-26AUG,Will CPI Core rise more than 0.4% in August?,Above 0.4%,affordability_inflation,active,US_or_global_US_relevant_proxy,2026-09-08T15:07:00Z,usable,2026-09-08T15:00:00Z,0.11666666666666667,0.025,0.0,0.05,0.05,1097.0,bar_age_only_actual_quote_update_time_unavailable
KXCPICORE-26AUG-T0.3,KXCPICORE,KXCPICORE-26AUG,Will CPI Core rise more than 0.3% in August?,Above 0.3%,affordability_inflation,active,US_or_global_US_relevant_proxy,2026-09-08T15:07:00Z,stale_observation,2026-09-04T09:00:00Z,102.11666666666666,,,,,,
KXCPICORE-26AUG-T0.2,KXCPICORE,KXCPICORE-26AUG,Will CPI Core rise more than 0.2% in August?,Above 0.2%,affordability_inflation,active,US_or_global_US_relevant_proxy,2026-09-08T15:07:00Z,usable,2026-09-08T15:00:00Z,0.11666666666666667,0.35,0.32,0.38,0.06,1755.04,bar_age_only_actual_quote_update_time_unavailable
KXCPICORE-26AUG-T0.1,KXCPICORE,KXCPICORE-26AUG,Will CPI Core rise more than 0.1% in August?,Above 0.1%,affordability_inflation,active,US_or_global_US_relevant_proxy,2026-09-08T15:07:00Z,usable,2026-09-08T15:00:00Z,0.11666666666666667,0.825,0.8,0.85,0.04999999999999993,6383.37,bar_age_only_actual_quote_update_time_unavailable
KXCPICORE-26AUG-T0.0,KXCPICORE,KXCPICORE-26AUG,Will CPI Core rise more than 0.0% in August?,Above 0.0%,affordability_inflation,active,US_or_global_US_relevant_proxy,2026-09-08T15:07:00Z,usable,2026-09-08T15:00:00Z,0.11666666666666667,0.935,0.88,0.99,0.10999999999999999,6.0,bar_age_only_actual_quote_update_time_unavailable
KXCPICORE-26JUL-T1.0,KXCPICORE,KXCPICORE-26JUL,Will CPI Core rise more than 1.0% in July?,Above 1.0%,affordability_inflation,finalized,US_or_global_US_relevant_proxy,,closed_before_frozen_asof,,,,,,,,
KXCPICORE-26JUL-T0.9,KXCPICORE,KXCPICORE-26JUL,Will CPI Core rise more than 0.9% in July?,Above 0.9%,affordability_inflation,finalized,US_or_global_US_relevant_proxy,,closed_before_frozen_asof,,,,,,,,
KXCPICORE-26JUL-T0.8,KXCPICORE,KXCPICORE-26JUL,Will CPI Core rise more than 0.8% in July?,Above 0.8%,affordability_inflation,finalized,US_or_global_US_relevant_proxy,,closed_before_frozen_asof,,,,,,,,
KXCPICORE-26JUL-T0.7,KXCPICORE,KXCPICORE-26JUL,Will CPI Core rise more than 0.7% in July?,Above 0.7%,affordability_inflation,finalized,US_or_global_US_relevant_proxy,,closed_before_frozen_asof,,,,,,,,
KXCPICORE-26JUL-T0.6,KXCPICORE,KXCPICORE-26JUL,Will CPI Core rise more than 0.6% in July?,Above 0.6%,affordability_inflation,finalized,US_or_global_US_relevant_proxy,,closed_before_frozen_asof,,,,,,,,
KXCPICORE-26JUL-T0.5,KXCPICORE,KXCPICORE-26JUL,Will CPI Core rise more than 0.5% in July?,Above 0.5%,affordability_inflation,finalized,US_or_global_US_relevant_proxy,,closed_before_frozen_asof,,,,,,,,
KXCPICORE-26JUL-T0.4,KXCPICORE,KXCPICORE-26JUL,Will CPI Core rise more than 0.4% in July?,Above 0.4%,affordability_inflation,finalized,US_or_global_US_relevant_proxy,,closed_before_frozen_asof,,,,,,,,
KXCPICORE-26JUL-T0.3,KXCPICORE,KXCPICORE-26JUL,Will CPI Core rise more than 0.3% in July?,Above 0.3%,affordability_inflation,finalized,US_or_global_US_relevant_proxy,,closed_before_frozen_asof,,,,,,,,
KXCPICORE-26JUL-T0.2,KXCPICORE,KXCPICORE-26JUL,Will CPI Core rise more than 0.2% in July?,Above 0.2%,affordability_inflation,finalized,US_or_global_US_relevant_proxy,,closed_before_frozen_asof,,,,,,,,
KXCPICORE-26JUL-T0.1,KXCPICORE,KXCPICORE-26JUL,Will CPI Core rise more than 0.1% in July?,Above 0.1%,affordability_inflation,finalized,US_or_global_US_relevant_proxy,,closed_before_frozen_asof,,,,,,,,
KXCPICORE-26JUL-T0.0,KXCPICORE,KXCPICORE-26JUL,Will CPI Core rise more than 0.0% in July?,Above 0.0%,affordability_inflation,finalized,US_or_global_US_relevant_proxy,,closed_before_frozen_asof,,,,,,,,
KXCPICORE-26JUN-T1.0,KXCPICORE,KXCPICORE-26JUN,Will CPI Core rise more than 1.0% in June?,Above 1.0%,affordability_inflation,finalized,US_or_global_US_relevant_proxy,,closed_before_frozen_asof,,,,,,,,
KXCPICORE-26JUN-T0.9,KXCPICORE,KXCPICORE-26JUN,Will CPI Core rise more than 0.9% in June?,Above 0.9%,affordability_inflation,finalized,US_or_global_US_relevant_proxy,,closed_before_frozen_asof,,,,,,,,
KXCPICORE-26JUN-T0.8,KXCPICORE,KXCPICORE-26JUN,Will CPI Core rise more than 0.8% in June?,Above 0.8%,affordability_inflation,finalized,US_or_global_US_relevant_proxy,,closed_before_frozen_asof,,,,,,,,
KXCPICORE-26JUN-T0.7,KXCPICORE,KXCPICORE-26JUN,Will CPI Core rise more than 0.7% in June?,Above 0.7%,affordability_inflation,finalized,US_or_global_US_relevant_proxy,,closed_before_frozen_asof,,,,,,,,
KXCPICORE-26JUN-T0.6,KXCPICORE,KXCPICORE-26JUN,Will CPI Core rise more than 0.6% in June?,Above 0.6%,affordability_inflation,finalized,US_or_global_US_relevant_proxy,,closed_before_frozen_asof,,,,,,,,
KXCPICORE-26JUN-T0.5,KXCPICORE,KXCPICORE-26JUN,Will CPI Core rise more than 0.5% in June?,Above 0.5%,affordability_inflation,finalized,US_or_global_US_relevant_proxy,,closed_before_frozen_asof,,,,,,,,
KXCPICORE-26JUN-T0.4,KXCPICORE,KXCPICORE-26JUN,Will CPI Core rise more than 0.4% in June?,Above 0.4%,affordability_inflation,finalized,US_or_global_US_relevant_proxy,,closed_before_frozen_asof,,,,,,,,
KXCPICORE-26JUN-T0.3,KXCPICORE,KXCPICORE-26JUN,Will CPI Core rise more than 0.3% in June?,Above 0.3%,affordability_inflation,finalized,US_or_global_US_relevant_proxy,,closed_before_frozen_asof,,,,,,,,
KXCPICORE-26JUN-T0.2,KXCPICORE,KXCPICORE-26JUN,Will CPI Core rise more than 0.2% in June?,Above 0.2%,affordability_inflation,finalized,US_or_global_US_relevant_proxy,,closed_before_frozen_asof,,,,,,,,
KXCPICORE-26JUN-T0.1,KXCPICORE,KXCPICORE-26JUN,Will CPI Core rise more than 0.1% in June?,Above 0.1%,affordability_inflation,finalized,US_or_global_US_relevant_proxy,,closed_before_frozen_asof,,,,,,,,
KXCPICORE-26JUN-T0.0,KXCPICORE,KXCPICORE-26JUN,Will CPI Core rise more than 0.0% in June?,Above 0.0%,affordability_inflation,finalized,US_or_global_US_relevant_proxy,,closed_before_frozen_asof,,,,,,,,
KXCPICOREYOY-26MAY-T3.5,KXCPICOREYOY,KXCPICOREYOY-26MAY,Will the rate of core CPI inflation be above 3.5% for the year ending in May 2026?,Above 3.5%,affordability_inflation,finalized,US_or_global_US_relevant_proxy,,closed_before_frozen_asof,,,,,,,,
KXCPICOREYOY-26MAY-T3.4,KXCPICOREYOY,KXCPICOREYOY-26MAY,Will the rate of core CPI inflation be above 3.4% for the year ending in May 2026?,Above 3.4%,affordability_inflation,finalized,US_or_global_US_relevant_proxy,,closed_before_frozen_asof,,,,,,,,
KXCPICOREYOY-26MAY-T3.3,KXCPICOREYOY,KXCPICOREYOY-26MAY,Will the rate of core CPI inflation be above 3.3% for the year ending in May 2026?,Above 3.3%,affordability_inflation,finalized,US_or_global_US_relevant_proxy,,closed_before_frozen_asof,,,,,,,,
KXCPICOREYOY-26MAY-T3.2,KXCPICOREYOY,KXCPICOREYOY-26MAY,Will the rate of core CPI inflation be above 3.2% for the year ending in May 2026?,Above 3.2%,affordability_inflation,finalized,US_or_global_US_relevant_proxy,,closed_before_frozen_asof,,,,,,,,
KXCPICOREYOY-26MAY-T3.1,KXCPICOREYOY,KXCPICOREYOY-26MAY,Will the rate of core CPI inflation be above 3.1% for the year ending in May 2026?,Above 3.1%,affordability_inflation,finalized,US_or_global_US_relevant_proxy,,closed_before_frozen_asof,,,,,,,,
KXCPICOREYOY-26MAY-T3.0,KXCPICOREYOY,KXCPICOREYOY-26MAY,Will the rate of core CPI inflation be above 3.0% for the year ending in May 2026?,Above 3.0%,affordability_inflation,finalized,US_or_global_US_relevant_proxy,,closed_before_frozen_asof,,,,,,,,
KXCPICOREYOY-26MAY-T2.9,KXCPICOREYOY,KXCPICOREYOY-26MAY,Will the rate of core CPI inflation be above 2.9% for the year ending in May 2026?,Above 2.9%,affordability_inflation,finalized,US_or_global_US_relevant_proxy,,closed_before_frozen_asof,,,,,,,,
KXCPICOREYOY-26MAY-T2.8,KXCPICOREYOY,KXCPICOREYOY-26MAY,Will the rate of core CPI inflation be above 2.8% for the year ending in May 2026?,Above 2.8%,affordability_inflation,finalized,US_or_global_US_relevant_proxy,,closed_before_frozen_asof,,,,,,,,
KXCPICOREYOY-26MAY-T2.7,KXCPICOREYOY,KXCPICOREYOY-26MAY,Will the rate of core CPI inflation be above 2.7% for the year ending in May 2026?,Above 2.7%,affordability_inflation,finalized,US_or_global_US_relevant_proxy,,closed_before_frozen_asof,,,,,,,,
KXCPICOREYOY-26MAY-T2.6,KXCPICOREYOY,KXCPICOREYOY-26MAY,Will the rate of core CPI inflation be above 2.6% for the year ending in May 2026?,Above 2.6%,affordability_inflation,finalized,US_or_global_US_relevant_proxy,,closed_before_frozen_asof,,,,,,,,
KXCPICOREYOY-26MAY-T2.5,KXCPICOREYOY,KXCPICOREYOY-26MAY,Will the rate of core CPI inflation be above 2.5% for the year ending in May 2026?,Above 2.5%,affordability_inflation,finalized,US_or_global_US_relevant_proxy,,closed_before_frozen_asof,,,,,,,,
KXCPICOREYOY-26MAY-T2.4,KXCPICOREYOY,KXCPICOREYOY-26MAY,Will the rate of core CPI inflation be above 2.4% for the year ending in May 2026?,Above 2.4%,affordability_inflation,finalized,US_or_global_US_relevant_proxy,,closed_before_frozen_asof,,,,,,,,
KXCPICOREYOY-26MAY-T2.3,KXCPICOREYOY,KXCPICOREYOY-26MAY,Will the rate of core CPI inflation be above 2.3% for the year ending in May 2026?,Above 2.3%,affordability_inflation,finalized,US_or_global_US_relevant_proxy,,closed_before_frozen_asof,,,,,,,,
KXCPICOREYOY-26MAY-T2.2,KXCPICOREYOY,KXCPICOREYOY-26MAY,Will the rate of core CPI inflation be above 2.2% for the year ending in May 2026?,Above 2.2%,affordability_inflation,finalized,US_or_global_US_relevant_proxy,,closed_before_frozen_asof,,,,,,,,
KXCPICOREYOY-26MAY-T2.1,KXCPICOREYOY,KXCPICOREYOY-26MAY,Will the rate of core CPI inflation be above 2.1% for the year ending in May 2026?,Above 2.1%,affordability_inflation,finalized,US_or_global_US_relevant_proxy,,closed_before_frozen_asof,,,,,,,,
KXCPICOREYOY-26NOV-T2.0,KXCPICOREYOY,KXCPICOREYOY-26NOV,Will the rate of core CPI inflation be above 2.0% for the year ending in November 2026?,Above 2.0%,affordability_inflation,active,US_or_global_US_relevant_proxy,2026-09-08T15:07:00Z,stale_observation,2026-09-01T16:00:00Z,167.11666666666667,,,,,,
KXCPICOREYOY-26NOV-T3.5,KXCPICOREYOY,KXCPICOREYOY-26NOV,Will the rate of core CPI inflation be above 3.5% for the year ending in November 2026?,Above 3.5%,affordability_inflation,active,US_or_global_US_relevant_proxy,2026-09-08T15:07:00Z,stale_observation,2026-09-01T17:00:00Z,166.11666666666667,,,,,,
KXCPICOREYOY-26NOV-T3.4,KXCPICOREYOY,KXCPICOREYOY-26NOV,Will the rate of core CPI inflation be above 3.4% for the year ending in November 2026?,Above 3.4%,affordability_inflation,active,US_or_global_US_relevant_proxy,2026-09-08T15:07:00Z,stale_observation,2026-09-01T17:00:00Z,166.11666666666667,,,,,,
KXCPICOREYOY-26NOV-T3.3,KXCPICOREYOY,KXCPICOREYOY-26NOV,Will the rate of core CPI inflation be above 3.3% for the year ending in November 2026?,Above 3.3%,affordability_inflation,active,US_or_global_US_relevant_proxy,2026-09-08T15:07:00Z,stale_observation,2026-09-01T16:00:00Z,167.11666666666667,,,,,,
KXCPICOREYOY-26NOV-T3.2,KXCPICOREYOY,KXCPICOREYOY-26NOV,Will the rate of core CPI inflation be above 3.2% for the year ending in November 2026?,Above 3.2%,affordability_inflation,active,US_or_global_US_relevant_proxy,2026-09-08T15:07:00Z,missing_usable_quote,,,,,,,,
KXCPICOREYOY-26NOV-T3.1,KXCPICOREYOY,KXCPICOREYOY-26NOV,Will the rate of core CPI inflation be above 3.1% for the year ending in November 2026?,Above 3.1%,affordability_inflation,active,US_or_global_US_relevant_proxy,2026-09-08T15:07:00Z,stale_observation,2026-07-31T23:00:00Z,928.1166666666667,,,,,,
KXCPICOREYOY-26NOV-T3.0,KXCPICOREYOY,KXCPICOREYOY-26NOV,Will the rate of core CPI inflation be above 3.0% for the year ending in November 2026?,Above 3.0%,affordability_inflation,active,US_or_global_US_relevant_proxy,2026-09-08T15:07:00Z,stale_observation,2026-09-02T06:00:00Z,153.11666666666667,,,,,,
KXCPICOREYOY-26NOV-T2.9,KXCPICOREYOY,KXCPICOREYOY-26NOV,Will the rate of core CPI inflation be above 2.9% for the year ending in November 2026?,Above 2.9%,affordability_inflation,active,US_or_global_US_relevant_proxy,2026-09-08T15:07:00Z,missing_usable_quote,,,,,,,,
KXCPICOREYOY-26NOV-T2.8,KXCPICOREYOY,KXCPICOREYOY-26NOV,Will the rate of core CPI inflation be above 2.8% for the year ending in November 2026?,Above 2.8%,affordability_inflation,active,US_or_global_US_relevant_proxy,2026-09-08T15:07:00Z,stale_observation,2026-09-04T20:00:00Z,91.11666666666666,,,,,,
KXCPICOREYOY-26NOV-T2.7,KXCPICOREYOY,KXCPICOREYOY-26NOV,Will the rate of core CPI inflation be above 2.7% for the year ending in November 2026?,Above 2.7%,affordability_inflation,active,US_or_global_US_relevant_proxy,2026-09-08T15:07:00Z,stale_observation,2026-09-01T12:00:00Z,171.11666666666667,,,,,,
KXCPICOREYOY-26NOV-T2.6,KXCPICOREYOY,KXCPICOREYOY-26NOV,Will the rate of core CPI inflation be above 2.6% for the year ending in November 2026?,Above 2.6%,affordability_inflation,active,US_or_global_US_relevant_proxy,2026-09-08T15:07:00Z,stale_observation,2026-09-04T12:00:00Z,99.11666666666666,,,,,,
KXCPICOREYOY-26NOV-T2.5,KXCPICOREYOY,KXCPICOREYOY-26NOV,Will the rate of core CPI inflation be above 2.5% for the year ending in November 2026?,Above 2.5%,affordability_inflation,active,US_or_global_US_relevant_proxy,2026-09-08T15:07:00Z,stale_observation,2026-09-01T15:00:00Z,168.11666666666667,,,,,,
KXCPICOREYOY-26NOV-T2.4,KXCPICOREYOY,KXCPICOREYOY-26NOV,Will the rate of core CPI inflation be above 2.4% for the year ending in November 2026?,Above 2.4%,affordability_inflation,active,US_or_global_US_relevant_proxy,2026-09-08T15:07:00Z,stale_observation,2026-09-01T16:00:00Z,167.11666666666667,,,,,,
KXCPICOREYOY-26NOV-T2.3,KXCPICOREYOY,KXCPICOREYOY-26NOV,Will the rate of core CPI inflation be above 2.3% for the year ending in November 2026?,Above 2.3%,affordability_inflation,active,US_or_global_US_relevant_proxy,2026-09-08T15:07:00Z,stale_observation,2026-09-02T12:00:00Z,147.11666666666667,,,,,,
KXCPICOREYOY-26NOV-T2.2,KXCPICOREYOY,KXCPICOREYOY-26NOV,Will the rate of core CPI inflation be above 2.2% for the year ending in November 2026?,Above 2.2%,affordability_inflation,active,US_or_global_US_relevant_proxy,2026-09-08T15:07:00Z,stale_observation,2026-09-07T02:00:00Z,37.11666666666667,,,,,,
KXCPICOREYOY-26NOV-T2.1,KXCPICOREYOY,KXCPICOREYOY-26NOV,Will the rate of core CPI inflation be above 2.1% for the year ending in November 2026?,Above 2.1%,affordability_inflation,active,US_or_global_US_relevant_proxy,2026-09-08T15:07:00Z,stale_observation,2026-07-28T20:00:00Z,1003.1166666666667,,,,,,
KXCPICOREYOY-26SEP-T3.5,KXCPICOREYOY,KXCPICOREYOY-26SEP,Will the rate of core CPI inflation be above 3.5% for the year ending in September 2026?,Above 3.5%,affordability_inflation,active,US_or_global_US_relevant_proxy,2026-09-08T15:07:00Z,stale_observation,2026-08-18T20:00:00Z,499.1166666666667,,,,,,
KXCPICOREYOY-26SEP-T3.4,KXCPICOREYOY,KXCPICOREYOY-26SEP,Will the rate of core CPI inflation be above 3.4% for the year ending in September 2026?,Above 3.4%,affordability_inflation,active,US_or_global_US_relevant_proxy,2026-09-08T15:07:00Z,stale_observation,2026-07-31T17:00:00Z,934.1166666666667,,,,,,
KXCPICOREYOY-26SEP-T3.3,KXCPICOREYOY,KXCPICOREYOY-26SEP,Will the rate of core CPI inflation be above 3.3% for the year ending in September 2026?,Above 3.3%,affordability_inflation,active,US_or_global_US_relevant_proxy,2026-09-08T15:07:00Z,stale_observation,2026-08-13T15:00:00Z,624.1166666666667,,,,,,
KXCPICOREYOY-26SEP-T3.2,KXCPICOREYOY,KXCPICOREYOY-26SEP,Will the rate of core CPI inflation be above 3.2% for the year ending in September 2026?,Above 3.2%,affordability_inflation,active,US_or_global_US_relevant_proxy,2026-09-08T15:07:00Z,stale_observation,2026-09-07T05:00:00Z,34.11666666666667,,,,,,
KXCPICOREYOY-26SEP-T3.1,KXCPICOREYOY,KXCPICOREYOY-26SEP,Will the rate of core CPI inflation be above 3.1% for the year ending in September 2026?,Above 3.1%,affordability_inflation,active,US_or_global_US_relevant_proxy,2026-09-08T15:07:00Z,stale_observation,2026-07-16T20:00:00Z,1291.1166666666666,,,,,,
KXCPICOREYOY-26SEP-T3.0,KXCPICOREYOY,KXCPICOREYOY-26SEP,Will the rate of core CPI inflation be above 3.0% for the year ending in September 2026?,Above 3.0%,affordability_inflation,active,US_or_global_US_relevant_proxy,2026-09-08T15:07:00Z,stale_observation,2026-09-05T18:00:00Z,69.11666666666666,,,,,,
KXCPICOREYOY-26SEP-T2.9,KXCPICOREYOY,KXCPICOREYOY-26SEP,Will the rate of core CPI inflation be above 2.9% for the year ending in September 2026?,Above 2.9%,affordability_inflation,active,US_or_global_US_relevant_proxy,2026-09-08T15:07:00Z,missing_usable_quote,,,,,,,,
KXCPICOREYOY-26SEP-T2.8,KXCPICOREYOY,KXCPICOREYOY-26SEP,Will the rate of core CPI inflation be above 2.8% for the year ending in September 2026?,Above 2.8%,affordability_inflation,active,US_or_global_US_relevant_proxy,2026-09-08T15:07:00Z,stale_observation,2026-09-02T14:00:00Z,145.11666666666667,,,,,,
KXCPICOREYOY-26SEP-T2.7,KXCPICOREYOY,KXCPICOREYOY-26SEP,Will the rate of core CPI inflation be above 2.7% for the year ending in September 2026?,Above 2.7%,affordability_inflation,active,US_or_global_US_relevant_proxy,2026-09-08T15:07:00Z,missing_usable_quote,,,,,,,,
KXCPICOREYOY-26SEP-T2.6,KXCPICOREYOY,KXCPICOREYOY-26SEP,Will the rate of core CPI inflation be above 2.6% for the year ending in September 2026?,Above 2.6%,affordability_inflation,active,US_or_global_US_relevant_proxy,2026-09-08T15:07:00Z,stale_observation,2026-09-07T05:00:00Z,34.11666666666667,,,,,,
KXCPICOREYOY-26SEP-T2.5,KXCPICOREYOY,KXCPICOREYOY-26SEP,Will the rate of core CPI inflation be above 2.5% for the year ending in September 2026?,Above 2.5%,affordability_inflation,active,US_or_global_US_relevant_proxy,2026-09-08T15:07:00Z,usable,2026-09-08T10:00:00Z,5.116666666666666,0.195,0.19,0.2,0.010000000000000009,75.04,bar_age_only_actual_quote_update_time_unavailable
KXCPICOREYOY-26SEP-T2.4,KXCPICOREYOY,KXCPICOREYOY-26SEP,Will the rate of core CPI inflation be above 2.4% for the year ending in September 2026?,Above 2.4%,affordability_inflation,active,US_or_global_US_relevant_proxy,2026-09-08T15:07:00Z,usable,2026-09-08T15:00:00Z,0.11666666666666667,0.265,0.26,0.27,0.010000000000000009,324.0,bar_age_only_actual_quote_update_time_unavailable
KXCPICOREYOY-26SEP-T2.3,KXCPICOREYOY,KXCPICOREYOY-26SEP,Will the rate of core CPI inflation be above 2.3% for the year ending in September 2026?,Above 2.3%,affordability_inflation,active,US_or_global_US_relevant_proxy,2026-09-08T15:07:00Z,usable,2026-09-08T14:00:00Z,1.1166666666666667,0.635,0.51,0.76,0.25,53.38,bar_age_only_actual_quote_update_time_unavailable
KXCPICOREYOY-26SEP-T2.2,KXCPICOREYOY,KXCPICOREYOY-26SEP,Will the rate of core CPI inflation be above 2.2% for the year ending in September 2026?,Above 2.2%,affordability_inflation,active,US_or_global_US_relevant_proxy,2026-09-08T15:07:00Z,usable,2026-09-08T15:00:00Z,0.11666666666666667,0.81,0.69,0.93,0.2400000000000001,218.0,bar_age_only_actual_quote_update_time_unavailable
KXCPICOREYOY-26SEP-T2.1,KXCPICOREYOY,KXCPICOREYOY-26SEP,Will the rate of core CPI inflation be above 2.1% for the year ending in September 2026?,Above 2.1%,affordability_inflation,active,US_or_global_US_relevant_proxy,2026-09-08T15:07:00Z,usable,2026-09-08T05:00:00Z,10.116666666666667,0.855,0.79,0.92,0.13,30.0,bar_age_only_actual_quote_update_time_unavailable
KXCPICOREYOY-26AUG-T3.5,KXCPICOREYOY,KXCPICOREYOY-26AUG,Will the rate of core CPI inflation be above 3.5% for the year ending in August 2026?,Above 3.5%,affordability_inflation,active,US_or_global_US_relevant_proxy,2026-09-08T15:07:00Z,stale_observation,2026-09-07T04:00:00Z,35.11666666666667,,,,,,
KXCPICOREYOY-26AUG-T3.4,KXCPICOREYOY,KXCPICOREYOY-26AUG,Will the rate of core CPI inflation be above 3.4% for the year ending in August 2026?,Above 3.4%,affordability_inflation,active,US_or_global_US_relevant_proxy,2026-09-08T15:07:00Z,usable,2026-09-07T21:00:00Z,18.116666666666667,0.005,0.0,0.01,0.01,456.13,bar_age_only_actual_quote_update_time_unavailable
KXCPICOREYOY-26AUG-T3.3,KXCPICOREYOY,KXCPICOREYOY-26AUG,Will the rate of core CPI inflation be above 3.3% for the year ending in August 2026?,Above 3.3%,affordability_inflation,active,US_or_global_US_relevant_proxy,2026-09-08T15:07:00Z,stale_observation,2026-08-21T22:00:00Z,425.1166666666667,,,,,,
KXCPICOREYOY-26AUG-T3.2,KXCPICOREYOY,KXCPICOREYOY-26AUG,Will the rate of core CPI inflation be above 3.2% for the year ending in August 2026?,Above 3.2%,affordability_inflation,active,US_or_global_US_relevant_proxy,2026-09-08T15:07:00Z,usable,2026-09-07T21:00:00Z,18.116666666666667,0.005,0.0,0.01,0.01,55.98,bar_age_only_actual_quote_update_time_unavailable
KXCPICOREYOY-26AUG-T3.1,KXCPICOREYOY,KXCPICOREYOY-26AUG,Will the rate of core CPI inflation be above 3.1% for the year ending in August 2026?,Above 3.1%,affordability_inflation,active,US_or_global_US_relevant_proxy,2026-09-08T15:07:00Z,usable,2026-09-07T21:00:00Z,18.116666666666667,0.005,0.0,0.01,0.01,84.99,bar_age_only_actual_quote_update_time_unavailable
KXCPICOREYOY-26AUG-T3.0,KXCPICOREYOY,KXCPICOREYOY-26AUG,Will the rate of core CPI inflation be above 3.0% for the year ending in August 2026?,Above 3.0%,affordability_inflation,active,US_or_global_US_relevant_proxy,2026-09-08T15:07:00Z,usable,2026-09-08T15:00:00Z,0.11666666666666667,0.01,0.0,0.02,0.02,309.0,bar_age_only_actual_quote_update_time_unavailable
KXCPICOREYOY-26AUG-T2.9,KXCPICOREYOY,KXCPICOREYOY-26AUG,Will the rate of core CPI inflation be above 2.9% for the year ending in August 2026?,Above 2.9%,affordability_inflation,active,US_or_global_US_relevant_proxy,2026-09-08T15:07:00Z,usable,2026-09-08T15:00:00Z,0.11666666666666667,0.01,0.0,0.02,0.02,1043.8,bar_age_only_actual_quote_update_time_unavailable
KXCPICOREYOY-26AUG-T2.8,KXCPICOREYOY,KXCPICOREYOY-26AUG,Will the rate of core CPI inflation be above 2.8% for the year ending in August 2026?,Above 2.8%,affordability_inflation,active,US_or_global_US_relevant_proxy,2026-09-08T15:07:00Z,usable,2026-09-08T15:00:00Z,0.11666666666666667,0.005,0.0,0.01,0.01,305.0,bar_age_only_actual_quote_update_time_unavailable
KXCPICOREYOY-26AUG-T2.7,KXCPICOREYOY,KXCPICOREYOY-26AUG,Will the rate of core CPI inflation be above 2.7% for the year ending in August 2026?,Above 2.7%,affordability_inflation,active,US_or_global_US_relevant_proxy,2026-09-08T15:07:00Z,usable,2026-09-08T15:00:00Z,0.11666666666666667,0.01,0.0,0.02,0.02,5853.75,bar_age_only_actual_quote_update_time_unavailable
KXCPICOREYOY-26AUG-T2.6,KXCPICOREYOY,KXCPICOREYOY-26AUG,Will the rate of core CPI inflation be above 2.6% for the year ending in August 2026?,Above 2.6%,affordability_inflation,active,US_or_global_US_relevant_proxy,2026-09-08T15:07:00Z,usable,2026-09-08T15:00:00Z,0.11666666666666667,0.07,0.0,0.14,0.14,252.41,bar_age_only_actual_quote_update_time_unavailable
KXCPICOREYOY-26AUG-T2.5,KXCPICOREYOY,KXCPICOREYOY-26AUG,Will the rate of core CPI inflation be above 2.5% for the year ending in August 2026?,Above 2.5%,affordability_inflation,active,US_or_global_US_relevant_proxy,2026-09-08T15:07:00Z,usable,2026-09-08T15:00:00Z,0.11666666666666667,0.075,0.0,0.15,0.15,350.99,bar_age_only_actual_quote_update_time_unavailable
KXCPICOREYOY-26AUG-T2.4,KXCPICOREYOY,KXCPICOREYOY-26AUG,Will the rate of core CPI inflation be above 2.4% for the year ending in August 2026?,Above 2.4%,affordability_inflation,active,US_or_global_US_relevant_proxy,2026-09-08T15:07:00Z,usable,2026-09-08T15:00:00Z,0.11666666666666667,0.255,0.24,0.27,0.030000000000000027,4740.63,bar_age_only_actual_quote_update_time_unavailable
KXCPICOREYOY-26AUG-T2.3,KXCPICOREYOY,KXCPICOREYOY-26AUG,Will the rate of core CPI inflation be above 2.3% for the year ending in August 2026?,Above 2.3%,affordability_inflation,active,US_or_global_US_relevant_proxy,2026-09-08T15:07:00Z,usable,2026-09-08T15:00:00Z,0.11666666666666667,0.62,0.61,0.63,0.020000000000000018,4878.28,bar_age_only_actual_quote_update_time_unavailable
KXCPICOREYOY-26AUG-T2.2,KXCPICOREYOY,KXCPICOREYOY-26AUG,Will the rate of core CPI inflation be above 2.2% for the year ending in August 2026?,Above 2.2%,affordability_inflation,active,US_or_global_US_relevant_proxy,2026-09-08T15:07:00Z,usable,2026-09-08T15:00:00Z,0.11666666666666667,0.935,0.92,0.95,0.029999999999999916,2682.92,bar_age_only_actual_quote_update_time_unavailable
KXCPICOREYOY-26AUG-T2.1,KXCPICOREYOY,KXCPICOREYOY-26AUG,Will the rate of core CPI inflation be above 2.1% for the year ending in August 2026?,Above 2.1%,affordability_inflation,active,US_or_global_US_relevant_proxy,2026-09-08T15:07:00Z,stale_observation,2026-09-07T14:00:00Z,25.116666666666667,,,,,,
KXCPICOREYOY-26JUL-T3.5,KXCPICOREYOY,KXCPICOREYOY-26JUL,Will the rate of core CPI inflation be above 3.5% for the year ending in July 2026?,Above 3.5%,affordability_inflation,finalized,US_or_global_US_relevant_proxy,,closed_before_frozen_asof,,,,,,,,
KXCPICOREYOY-26JUL-T3.4,KXCPICOREYOY,KXCPICOREYOY-26JUL,Will the rate of core CPI inflation be above 3.4% for the year ending in July 2026?,Above 3.4%,affordability_inflation,finalized,US_or_global_US_relevant_proxy,,closed_before_frozen_asof,,,,,,,,
KXCPICOREYOY-26JUL-T3.3,KXCPICOREYOY,KXCPICOREYOY-26JUL,Will the rate of core CPI inflation be above 3.3% for the year ending in July 2026?,Above 3.3%,affordability_inflation,finalized,US_or_global_US_relevant_proxy,,closed_before_frozen_asof,,,,,,,,
KXCPICOREYOY-26JUL-T3.2,KXCPICOREYOY,KXCPICOREYOY-26JUL,Will the rate of core CPI inflation be above 3.2% for the year ending in July 2026?,Above 3.2%,affordability_inflation,finalized,US_or_global_US_relevant_proxy,,closed_before_frozen_asof,,,,,,,,
KXCPICOREYOY-26JUL-T3.1,KXCPICOREYOY,KXCPICOREYOY-26JUL,Will the rate of core CPI inflation be above 3.1% for the year ending in July 2026?,Above 3.1%,affordability_inflation,finalized,US_or_global_US_relevant_proxy,,closed_before_frozen_asof,,,,,,,,
KXCPICOREYOY-26JUL-T3.0,KXCPICOREYOY,KXCPICOREYOY-26JUL,Will the rate of core CPI inflation be above 3.0% for the year ending in July 2026?,Above 3.0%,affordability_inflation,finalized,US_or_global_US_relevant_proxy,,closed_before_frozen_asof,,,,,,,,
KXCPICOREYOY-26JUL-T2.9,KXCPICOREYOY,KXCPICOREYOY-26JUL,Will the rate of core CPI inflation be above 2.9% for the year ending in July 2026?,Above 2.9%,affordability_inflation,finalized,US_or_global_US_relevant_proxy,,closed_before_frozen_asof,,,,,,,,
KXCPICOREYOY-26JUL-T2.8,KXCPICOREYOY,KXCPICOREYOY-26JUL,Will the rate of core CPI inflation be above 2.8% for the year ending in July 2026?,Above 2.8%,affordability_inflation,finalized,US_or_global_US_relevant_proxy,,closed_before_frozen_asof,,,,,,,,
KXCPICOREYOY-26JUL-T2.7,KXCPICOREYOY,KXCPICOREYOY-26JUL,Will the rate of core CPI inflation be above 2.7% for the year ending in July 2026?,Above 2.7%,affordability_inflation,finalized,US_or_global_US_relevant_proxy,,closed_before_frozen_asof,,,,,,,,
KXCPICOREYOY-26JUL-T2.6,KXCPICOREYOY,KXCPICOREYOY-26JUL,Will the rate of core CPI inflation be above 2.6% for the year ending in July 2026?,Above 2.6%,affordability_inflation,finalized,US_or_global_US_relevant_proxy,,closed_before_frozen_asof,,,,,,,,
KXCPICOREYOY-26JUL-T2.5,KXCPICOREYOY,KXCPICOREYOY-26JUL,Will the rate of core CPI inflation be above 2.5% for the year ending in July 2026?,Above 2.5%,affordability_inflation,finalized,US_or_global_US_relevant_proxy,,closed_before_frozen_asof,,,,,,,,
KXCPICOREYOY-26JUL-T2.4,KXCPICOREYOY,KXCPICOREYOY-26JUL,Will the rate of core CPI inflation be above 2.4% for the year ending in July 2026?,Above 2.4%,affordability_inflation,finalized,US_or_global_US_relevant_proxy,,closed_before_frozen_asof,,,,,,,,
KXCPICOREYOY-26JUL-T2.3,KXCPICOREYOY,KXCPICOREYOY-26JUL,Will the rate of core CPI inflation be above 2.3% for the year ending in July 2026?,Above 2.3%,affordability_inflation,finalized,US_or_global_US_relevant_proxy,,closed_before_frozen_asof,,,,,,,,
KXCPICOREYOY-26JUL-T2.2,KXCPICOREYOY,KXCPICOREYOY-26JUL,Will the rate of core CPI inflation be above 2.2% for the year ending in July 2026?,Above 2.2%,affordability_inflation,finalized,US_or_global_US_relevant_proxy,,closed_before_frozen_asof,,,,,,,,
KXCPICOREYOY-26JUL-T2.1,KXCPICOREYOY,KXCPICOREYOY-26JUL,Will the rate of core CPI inflation be above 2.1% for the year ending in July 2026?,Above 2.1%,affordability_inflation,finalized,US_or_global_US_relevant_proxy,,closed_before_frozen_asof,,,,,,,,
KXCPICOREYOY-26JUN-T3.5,KXCPICOREYOY,KXCPICOREYOY-26JUN,Will the rate of core CPI inflation be above 3.5% for the year ending in June 2026?,Above 3.5%,affordability_inflation,finalized,US_or_global_US_relevant_proxy,,closed_before_frozen_asof,,,,,,,,
KXCPICOREYOY-26JUN-T3.4,KXCPICOREYOY,KXCPICOREYOY-26JUN,Will the rate of core CPI inflation be above 3.4% for the year ending in June 2026?,Above 3.4%,affordability_inflation,finalized,US_or_global_US_relevant_proxy,,closed_before_frozen_asof,,,,,,,,
KXCPICOREYOY-26JUN-T3.3,KXCPICOREYOY,KXCPICOREYOY-26JUN,Will the rate of core CPI inflation be above 3.3% for the year ending in June 2026?,Above 3.3%,affordability_inflation,finalized,US_or_global_US_relevant_proxy,,closed_before_frozen_asof,,,,,,,,
KXCPICOREYOY-26JUN-T3.2,KXCPICOREYOY,KXCPICOREYOY-26JUN,Will the rate of core CPI inflation be above 3.2% for the year ending in June 2026?,Above 3.2%,affordability_inflation,finalized,US_or_global_US_relevant_proxy,,closed_before_frozen_asof,,,,,,,,
KXCPICOREYOY-26JUN-T3.1,KXCPICOREYOY,KXCPICOREYOY-26JUN,Will the rate of core CPI inflation be above 3.1% for the year ending in June 2026?,Above 3.1%,affordability_inflation,finalized,US_or_global_US_relevant_proxy,,closed_before_frozen_asof,,,,,,,,
KXCPICOREYOY-26JUN-T3.0,KXCPICOREYOY,KXCPICOREYOY-26JUN,Will the rate of core CPI inflation be above 3.0% for the year ending in June 2026?,Above 3.0%,affordability_inflation,finalized,US_or_global_US_relevant_proxy,,closed_before_frozen_asof,,,,,,,,
KXCPICOREYOY-26JUN-T2.9,KXCPICOREYOY,KXCPICOREYOY-26JUN,Will the rate of core CPI inflation be above 2.9% for the year ending in June 2026?,Above 2.9%,affordability_inflation,finalized,US_or_global_US_relevant_proxy,,closed_before_frozen_asof,,,,,,,,
KXCPICOREYOY-26JUN-T2.8,KXCPICOREYOY,KXCPICOREYOY-26JUN,Will the rate of core CPI inflation be above 2.8% for the year ending in June 2026?,Above 2.8%,affordability_inflation,finalized,US_or_global_US_relevant_proxy,,closed_before_frozen_asof,,,,,,,,
KXCPICOREYOY-26JUN-T2.7,KXCPICOREYOY,KXCPICOREYOY-26JUN,Will the rate of core CPI inflation be above 2.7% for the year ending in June 2026?,Above 2.7%,affordability_inflation,finalized,US_or_global_US_relevant_proxy,,closed_before_frozen_asof,,,,,,,,
KXCPICOREYOY-26JUN-T2.6,KXCPICOREYOY,KXCPICOREYOY-26JUN,Will the rate of core CPI inflation be above 2.6% for the year ending in June 2026?,Above 2.6%,affordability_inflation,finalized,US_or_global_US_relevant_proxy,,closed_before_frozen_asof,,,,,,,,
KXCPICOREYOY-26JUN-T2.5,KXCPICOREYOY,KXCPICOREYOY-26JUN,Will the rate of core CPI inflation be above 2.5% for the year ending in June 2026?,Above 2.5%,affordability_inflation,finalized,US_or_global_US_relevant_proxy,,closed_before_frozen_asof,,,,,,,,
KXCPICOREYOY-26JUN-T2.4,KXCPICOREYOY,KXCPICOREYOY-26JUN,Will the rate of core CPI inflation be above 2.4% for the year ending in June 2026?,Above 2.4%,affordability_inflation,finalized,US_or_global_US_relevant_proxy,,closed_before_frozen_asof,,,,,,,,
KXCPICOREYOY-26JUN-T2.3,KXCPICOREYOY,KXCPICOREYOY-26JUN,Will the rate of core CPI inflation be above 2.3% for the year ending in June 2026?,Above 2.3%,affordability_inflation,finalized,US_or_global_US_relevant_proxy,,closed_before_frozen_asof,,,,,,,,
KXCPICOREYOY-26JUN-T2.2,KXCPICOREYOY,KXCPICOREYOY-26JUN,Will the rate of core CPI inflation be above 2.2% for the year ending in June 2026?,Above 2.2%,affordability_inflation,finalized,US_or_global_US_relevant_proxy,,closed_before_frozen_asof,,,,,,,,
KXCPICOREYOY-26JUN-T2.1,KXCPICOREYOY,KXCPICOREYOY-26JUN,Will the rate of core CPI inflation be above 2.1% for the year ending in June 2026?,Above 2.1%,affordability_inflation,finalized,US_or_global_US_relevant_proxy,,closed_before_frozen_asof,,,,,,,,
KXCPISHELTER-25MAY-T0.5,KXCPISHELTER,KXCPISHELTER-25MAY,Will shelter CPI rise more than 0.5% in May 2025?,Above 0.5%,affordability_inflation,closed,US_or_global_US_relevant_proxy,,closed_before_frozen_asof,,,,,,,,
KXCPISHELTER-25MAY-T0.4,KXCPISHELTER,KXCPISHELTER-25MAY,Will shelter CPI rise more than 0.4% in May 2025?,Above 0.4%,affordability_inflation,closed,US_or_global_US_relevant_proxy,,closed_before_frozen_asof,,,,,,,,
KXCPISHELTER-25MAY-T0.3,KXCPISHELTER,KXCPISHELTER-25MAY,Will shelter CPI rise more than 0.3% in May 2025?,Above 0.3%,affordability_inflation,closed,US_or_global_US_relevant_proxy,,closed_before_frozen_asof,,,,,,,,
KXCPISHELTER-25MAY-T0.2,KXCPISHELTER,KXCPISHELTER-25MAY,Will shelter CPI rise more than 0.2% in May 2025?,Above 0.2%,affordability_inflation,closed,US_or_global_US_relevant_proxy,,closed_before_frozen_asof,,,,,,,,
KXCPIYOY-26MAY-T5.0,KXCPIYOY,KXCPIYOY-26MAY,Will the rate of CPI inflation be above 5.0% for the year ending in May 2026?,Above 5.0%,affordability_inflation,finalized,US_or_global_US_relevant_proxy,,closed_before_frozen_asof,,,,,,,,
KXCPIYOY-26MAY-T4.9,KXCPIYOY,KXCPIYOY-26MAY,Will the rate of CPI inflation be above 4.9% for the year ending in May 2026?,Above 4.9%,affordability_inflation,finalized,US_or_global_US_relevant_proxy,,closed_before_frozen_asof,,,,,,,,
KXCPIYOY-26MAY-T4.8,KXCPIYOY,KXCPIYOY-26MAY,Will the rate of CPI inflation be above 4.8% for the year ending in May 2026?,Above 4.8%,affordability_inflation,finalized,US_or_global_US_relevant_proxy,,closed_before_frozen_asof,,,,,,,,
KXCPIYOY-26MAY-T4.7,KXCPIYOY,KXCPIYOY-26MAY,Will the rate of CPI inflation be above 4.7% for the year ending in May 2026?,Above 4.7%,affordability_inflation,finalized,US_or_global_US_relevant_proxy,,closed_before_frozen_asof,,,,,,,,
KXCPIYOY-26MAY-T4.6,KXCPIYOY,KXCPIYOY-26MAY,Will the rate of CPI inflation be above 4.6% for the year ending in May 2026?,Above 4.6%,affordability_inflation,finalized,US_or_global_US_relevant_proxy,,closed_before_frozen_asof,,,,,,,,
KXCPIYOY-26MAY-T4.5,KXCPIYOY,KXCPIYOY-26MAY,Will the rate of CPI inflation be above 4.5% for the year ending in May 2026?,Above 4.5%,affordability_inflation,finalized,US_or_global_US_relevant_proxy,,closed_before_frozen_asof,,,,,,,,
KXCPIYOY-26MAY-T4.4,KXCPIYOY,KXCPIYOY-26MAY,Will the rate of CPI inflation be above 4.4% for the year ending in May 2026?,Above 4.4%,affordability_inflation,finalized,US_or_global_US_relevant_proxy,,closed_before_frozen_asof,,,,,,,,
KXCPIYOY-26MAY-T4.3,KXCPIYOY,KXCPIYOY-26MAY,Will the rate of CPI inflation be above 4.3% for the year ending in May 2026?,Above 4.3%,affordability_inflation,finalized,US_or_global_US_relevant_proxy,,closed_before_frozen_asof,,,,,,,,
KXCPIYOY-26MAY-T4.2,KXCPIYOY,KXCPIYOY-26MAY,Will the rate of CPI inflation be above 4.2% for the year ending in May 2026?,Above 4.2%,affordability_inflation,finalized,US_or_global_US_relevant_proxy,,closed_before_frozen_asof,,,,,,,,
KXCPIYOY-26MAY-T4.1,KXCPIYOY,KXCPIYOY-26MAY,Will the rate of CPI inflation be above 4.1% for the year ending in May 2026?,Above 4.1%,affordability_inflation,finalized,US_or_global_US_relevant_proxy,,closed_before_frozen_asof,,,,,,,,
KXCPIYOY-26MAY-T4.0,KXCPIYOY,KXCPIYOY-26MAY,Will the rate of CPI inflation be above 4.0% for the year ending in May 2026?,Above 4.0%,affordability_inflation,finalized,US_or_global_US_relevant_proxy,,closed_before_frozen_asof,,,,,,,,
KXCPIYOY-26MAY-T3.9,KXCPIYOY,KXCPIYOY-26MAY,Will the rate of CPI inflation be above 3.9% for the year ending in May 2026?,Above 3.9%,affordability_inflation,finalized,US_or_global_US_relevant_proxy,,closed_before_frozen_asof,,,,,,,,
KXCPIYOY-26MAY-T3.8,KXCPIYOY,KXCPIYOY-26MAY,Will the rate of CPI inflation be above 3.8% for the year ending in May 2026?,Above 3.8%,affordability_inflation,finalized,US_or_global_US_relevant_proxy,,closed_before_frozen_asof,,,,,,,,
KXCPIYOY-26MAY-T3.7,KXCPIYOY,KXCPIYOY-26MAY,Will the rate of CPI inflation be above 3.7% for the year ending in May 2026?,Above 3.7%,affordability_inflation,finalized,US_or_global_US_relevant_proxy,,closed_before_frozen_asof,,,,,,,,
KXCPIYOY-26MAY-T3.6,KXCPIYOY,KXCPIYOY-26MAY,Will the rate of CPI inflation be above 3.6% for the year ending in May 2026?,Above 3.6%,affordability_inflation,finalized,US_or_global_US_relevant_proxy,,closed_before_frozen_asof,,,,,,,,
KXCPIYOY-26MAY-T3.5,KXCPIYOY,KXCPIYOY-26MAY,Will the rate of CPI inflation be above 3.5% for the year ending in May 2026?,Above 3.5%,affordability_inflation,finalized,US_or_global_US_relevant_proxy,,closed_before_frozen_asof,,,,,,,,
KXCPIYOY-26MAY-T3.4,KXCPIYOY,KXCPIYOY-26MAY,Will the rate of CPI inflation be above 3.4% for the year ending in May 2026?,Above 3.4%,affordability_inflation,finalized,US_or_global_US_relevant_proxy,,closed_before_frozen_asof,,,,,,,,
KXCPIYOY-26MAY-T3.3,KXCPIYOY,KXCPIYOY-26MAY,Will the rate of CPI inflation be above 3.3% for the year ending in May 2026?,Above 3.3%,affordability_inflation,finalized,US_or_global_US_relevant_proxy,,closed_before_frozen_asof,,,,,,,,
KXCPIYOY-26MAY-T3.2,KXCPIYOY,KXCPIYOY-26MAY,Will the rate of CPI inflation be above 3.2% for the year ending in May 2026?,Above 3.2%,affordability_inflation,finalized,US_or_global_US_relevant_proxy,,closed_before_frozen_asof,,,,,,,,
KXCPIYOY-26MAY-T3.1,KXCPIYOY,KXCPIYOY-26MAY,Will the rate of CPI inflation be above 3.1% for the year ending in May 2026?,Above 3.1%,affordability_inflation,finalized,US_or_global_US_relevant_proxy,,closed_before_frozen_asof,,,,,,,,
KXCPIYOY-26MAY-T3.0,KXCPIYOY,KXCPIYOY-26MAY,Will the rate of CPI inflation be above 3.0% for the year ending in May 2026?,Above 3.0%,affordability_inflation,finalized,US_or_global_US_relevant_proxy,,closed_before_frozen_asof,,,,,,,,
KXCPIYOY-26MAY-T2.9,KXCPIYOY,KXCPIYOY-26MAY,Will the rate of CPI inflation be above 2.9% for the year ending in May 2026?,Above 2.9%,affordability_inflation,finalized,US_or_global_US_relevant_proxy,,closed_before_frozen_asof,,,,,,,,
KXCPIYOY-26MAY-T2.8,KXCPIYOY,KXCPIYOY-26MAY,Will the rate of CPI inflation be above 2.8% for the year ending in May 2026?,Above 2.8%,affordability_inflation,finalized,US_or_global_US_relevant_proxy,,closed_before_frozen_asof,,,,,,,,
KXCPIYOY-26MAY-T2.7,KXCPIYOY,KXCPIYOY-26MAY,Will the rate of CPI inflation be above 2.7% for the year ending in May 2026?,Above 2.7%,affordability_inflation,finalized,US_or_global_US_relevant_proxy,,closed_before_frozen_asof,,,,,,,,
KXCPIYOY-26MAY-T2.6,KXCPIYOY,KXCPIYOY-26MAY,Will the rate of CPI inflation be above 2.6% for the year ending in May 2026?,Above 2.6%,affordability_inflation,finalized,US_or_global_US_relevant_proxy,,closed_before_frozen_asof,,,,,,,,
KXCPIYOY-26MAY-T2.5,KXCPIYOY,KXCPIYOY-26MAY,Will the rate of CPI inflation be above 2.5% for the year ending in May 2026?,Above 2.5%,affordability_inflation,finalized,US_or_global_US_relevant_proxy,,closed_before_frozen_asof,,,,,,,,
KXCPIYOY-26MAY-T2.4,KXCPIYOY,KXCPIYOY-26MAY,Will the rate of CPI inflation be above 2.4% for the year ending in May 2026?,Above 2.4%,affordability_inflation,finalized,US_or_global_US_relevant_proxy,,closed_before_frozen_asof,,,,,,,,
KXCPIYOY-26AUG-T2.5,KXCPIYOY,KXCPIYOY-26AUG,Will the rate of CPI inflation be above 2.5% for the year ending in August 2026?,Above 2.5%,affordability_inflation,active,US_or_global_US_relevant_proxy,2026-09-08T15:07:00Z,usable,2026-09-08T11:00:00Z,4.116666666666666,0.995,0.99,1.0,0.010000000000000009,16489.9,bar_age_only_actual_quote_update_time_unavailable
KXCPIYOY-26AUG-T2.6,KXCPIYOY,KXCPIYOY-26AUG,Will the rate of CPI inflation be above 2.6% for the year ending in August 2026?,Above 2.6%,affordability_inflation,active,US_or_global_US_relevant_proxy,2026-09-08T15:07:00Z,usable,2026-09-08T11:00:00Z,4.116666666666666,0.995,0.99,1.0,0.010000000000000009,196.66,bar_age_only_actual_quote_update_time_unavailable
KXCPIYOY-26AUG-T2.7,KXCPIYOY,KXCPIYOY-26AUG,Will the rate of CPI inflation be above 2.7% for the year ending in August 2026?,Above 2.7%,affordability_inflation,active,US_or_global_US_relevant_proxy,2026-09-08T15:07:00Z,usable,2026-09-08T11:00:00Z,4.116666666666666,0.995,0.99,1.0,0.010000000000000009,26551.0,bar_age_only_actual_quote_update_time_unavailable
KXCPIYOY-26AUG-T2.8,KXCPIYOY,KXCPIYOY-26AUG,Will the rate of CPI inflation be above 2.8% for the year ending in August 2026?,Above 2.8%,affordability_inflation,active,US_or_global_US_relevant_proxy,2026-09-08T15:07:00Z,usable,2026-09-08T09:00:00Z,6.116666666666666,0.995,0.99,1.0,0.010000000000000009,223.0,bar_age_only_actual_quote_update_time_unavailable
KXCPIYOY-26AUG-T2.9,KXCPIYOY,KXCPIYOY-26AUG,Will the rate of CPI inflation be above 2.9% for the year ending in August 2026?,Above 2.9%,affordability_inflation,active,US_or_global_US_relevant_proxy,2026-09-08T15:07:00Z,usable,2026-09-07T16:00:00Z,23.116666666666667,0.995,0.99,1.0,0.010000000000000009,3236.04,bar_age_only_actual_quote_update_time_unavailable
KXCPIYOY-26NOV-T5.0,KXCPIYOY,KXCPIYOY-26NOV,Will the rate of CPI inflation be above 5.0% for the year ending in November 2026?,Above 5.0%,affordability_inflation,active,US_or_global_US_relevant_proxy,2026-09-08T15:07:00Z,stale_observation,2026-08-30T14:00:00Z,217.11666666666667,,,,,,
KXCPIYOY-26NOV-T4.9,KXCPIYOY,KXCPIYOY-26NOV,Will the rate of CPI inflation be above 4.9% for the year ending in November 2026?,Above 4.9%,affordability_inflation,active,US_or_global_US_relevant_proxy,2026-09-08T15:07:00Z,stale_observation,2026-08-30T14:00:00Z,217.11666666666667,,,,,,
KXCPIYOY-26NOV-T4.8,KXCPIYOY,KXCPIYOY-26NOV,Will the rate of CPI inflation be above 4.8% for the year ending in November 2026?,Above 4.8%,affordability_inflation,active,US_or_global_US_relevant_proxy,2026-09-08T15:07:00Z,stale_observation,2026-08-30T16:00:00Z,215.11666666666667,,,,,,
KXCPIYOY-26NOV-T4.7,KXCPIYOY,KXCPIYOY-26NOV,Will the rate of CPI inflation be above 4.7% for the year ending in November 2026?,Above 4.7%,affordability_inflation,active,US_or_global_US_relevant_proxy,2026-09-08T15:07:00Z,stale_observation,2026-08-30T14:00:00Z,217.11666666666667,,,,,,
KXCPIYOY-26NOV-T4.6,KXCPIYOY,KXCPIYOY-26NOV,Will the rate of CPI inflation be above 4.6% for the year ending in November 2026?,Above 4.6%,affordability_inflation,active,US_or_global_US_relevant_proxy,2026-09-08T15:07:00Z,stale_observation,2026-09-02T20:00:00Z,139.11666666666667,,,,,,
KXCPIYOY-26NOV-T4.5,KXCPIYOY,KXCPIYOY-26NOV,Will the rate of CPI inflation be above 4.5% for the year ending in November 2026?,Above 4.5%,affordability_inflation,active,US_or_global_US_relevant_proxy,2026-09-08T15:07:00Z,stale_observation,2026-08-30T14:00:00Z,217.11666666666667,,,,,,
KXCPIYOY-26NOV-T4.4,KXCPIYOY,KXCPIYOY-26NOV,Will the rate of CPI inflation be above 4.4% for the year ending in November 2026?,Above 4.4%,affordability_inflation,active,US_or_global_US_relevant_proxy,2026-09-08T15:07:00Z,stale_observation,2026-09-02T20:00:00Z,139.11666666666667,,,,,,
KXCPIYOY-26NOV-T4.3,KXCPIYOY,KXCPIYOY-26NOV,Will the rate of CPI inflation be above 4.3% for the year ending in November 2026?,Above 4.3%,affordability_inflation,active,US_or_global_US_relevant_proxy,2026-09-08T15:07:00Z,stale_observation,2026-08-30T15:00:00Z,216.11666666666667,,,,,,
KXCPIYOY-26NOV-T4.2,KXCPIYOY,KXCPIYOY-26NOV,Will the rate of CPI inflation be above 4.2% for the year ending in November 2026?,Above 4.2%,affordability_inflation,active,US_or_global_US_relevant_proxy,2026-09-08T15:07:00Z,stale_observation,2026-08-30T15:00:00Z,216.11666666666667,,,,,,
KXCPIYOY-26NOV-T4.1,KXCPIYOY,KXCPIYOY-26NOV,Will the rate of CPI inflation be above 4.1% for the year ending in November 2026?,Above 4.1%,affordability_inflation,active,US_or_global_US_relevant_proxy,2026-09-08T15:07:00Z,stale_observation,2026-08-30T15:00:00Z,216.11666666666667,,,,,,
KXCPIYOY-26NOV-T4.0,KXCPIYOY,KXCPIYOY-26NOV,Will the rate of CPI inflation be above 4.0% for the year ending in November 2026?,Above 4.0%,affordability_inflation,active,US_or_global_US_relevant_proxy,2026-09-08T15:07:00Z,stale_observation,2026-08-30T13:00:00Z,218.11666666666667,,,,,,
KXCPIYOY-26NOV-T3.9,KXCPIYOY,KXCPIYOY-26NOV,Will the rate of CPI inflation be above 3.9% for the year ending in November 2026?,Above 3.9%,affordability_inflation,active,US_or_global_US_relevant_proxy,2026-09-08T15:07:00Z,stale_observation,2026-08-30T13:00:00Z,218.11666666666667,,,,,,
KXCPIYOY-26NOV-T3.8,KXCPIYOY,KXCPIYOY-26NOV,Will the rate of CPI inflation be above 3.8% for the year ending in November 2026?,Above 3.8%,affordability_inflation,active,US_or_global_US_relevant_proxy,2026-09-08T15:07:00Z,stale_observation,2026-08-01T02:00:00Z,925.1166666666667,,,,,,
KXCPIYOY-26NOV-T3.7,KXCPIYOY,KXCPIYOY-26NOV,Will the rate of CPI inflation be above 3.7% for the year ending in November 2026?,Above 3.7%,affordability_inflation,active,US_or_global_US_relevant_proxy,2026-09-08T15:07:00Z,stale_observation,2026-08-31T08:00:00Z,199.11666666666667,,,,,,
KXCPIYOY-26NOV-T3.6,KXCPIYOY,KXCPIYOY-26NOV,Will the rate of CPI inflation be above 3.6% for the year ending in November 2026?,Above 3.6%,affordability_inflation,active,US_or_global_US_relevant_proxy,2026-09-08T15:07:00Z,stale_observation,2026-09-01T17:00:00Z,166.11666666666667,,,,,,
KXCPIYOY-26NOV-T3.5,KXCPIYOY,KXCPIYOY-26NOV,Will the rate of CPI inflation be above 3.5% for the year ending in November 2026?,Above 3.5%,affordability_inflation,active,US_or_global_US_relevant_proxy,2026-09-08T15:07:00Z,stale_observation,2026-09-02T00:00:00Z,159.11666666666667,,,,,,
KXCPIYOY-26NOV-T3.4,KXCPIYOY,KXCPIYOY-26NOV,Will the rate of CPI inflation be above 3.4% for the year ending in November 2026?,Above 3.4%,affordability_inflation,active,US_or_global_US_relevant_proxy,2026-09-08T15:07:00Z,stale_observation,2026-09-06T01:00:00Z,62.11666666666667,,,,,,
KXCPIYOY-26NOV-T3.3,KXCPIYOY,KXCPIYOY-26NOV,Will the rate of CPI inflation be above 3.3% for the year ending in November 2026?,Above 3.3%,affordability_inflation,active,US_or_global_US_relevant_proxy,2026-09-08T15:07:00Z,stale_observation,2026-09-04T07:00:00Z,104.11666666666666,,,,,,
KXCPIYOY-26NOV-T3.2,KXCPIYOY,KXCPIYOY-26NOV,Will the rate of CPI inflation be above 3.2% for the year ending in November 2026?,Above 3.2%,affordability_inflation,active,US_or_global_US_relevant_proxy,2026-09-08T15:07:00Z,stale_observation,2026-08-25T12:00:00Z,339.1166666666667,,,,,,
KXCPIYOY-26NOV-T3.1,KXCPIYOY,KXCPIYOY-26NOV,Will the rate of CPI inflation be above 3.1% for the year ending in November 2026?,Above 3.1%,affordability_inflation,active,US_or_global_US_relevant_proxy,2026-09-08T15:07:00Z,usable,2026-09-08T15:00:00Z,0.11666666666666667,0.87,0.76,0.98,0.21999999999999997,166.0,bar_age_only_actual_quote_update_time_unavailable
KXCPIYOY-26NOV-T3.0,KXCPIYOY,KXCPIYOY-26NOV,Will the rate of CPI inflation be above 3.0% for the year ending in November 2026?,Above 3.0%,affordability_inflation,active,US_or_global_US_relevant_proxy,2026-09-08T15:07:00Z,usable,2026-09-08T15:00:00Z,0.11666666666666667,0.88,0.78,0.98,0.19999999999999996,41.0,bar_age_only_actual_quote_update_time_unavailable
KXCPIYOY-26SEP-T5.0,KXCPIYOY,KXCPIYOY-26SEP,Will the rate of CPI inflation be above 5.0% for the year ending in September 2026?,Above 5.0%,affordability_inflation,active,US_or_global_US_relevant_proxy,2026-09-08T15:07:00Z,stale_observation,2026-09-02T20:00:00Z,139.11666666666667,,,,,,
KXCPIYOY-26SEP-T4.9,KXCPIYOY,KXCPIYOY-26SEP,Will the rate of CPI inflation be above 4.9% for the year ending in September 2026?,Above 4.9%,affordability_inflation,active,US_or_global_US_relevant_proxy,2026-09-08T15:07:00Z,usable,2026-09-08T15:00:00Z,0.11666666666666667,0.11,0.03,0.19,0.16,1390.27,bar_age_only_actual_quote_update_time_unavailable
KXCPIYOY-26SEP-T4.8,KXCPIYOY,KXCPIYOY-26SEP,Will the rate of CPI inflation be above 4.8% for the year ending in September 2026?,Above 4.8%,affordability_inflation,active,US_or_global_US_relevant_proxy,2026-09-08T15:07:00Z,usable,2026-09-08T15:00:00Z,0.11666666666666667,0.14,0.03,0.25,0.22,1157.0,bar_age_only_actual_quote_update_time_unavailable
KXCPIYOY-26SEP-T4.7,KXCPIYOY,KXCPIYOY-26SEP,Will the rate of CPI inflation be above 4.7% for the year ending in September 2026?,Above 4.7%,affordability_inflation,active,US_or_global_US_relevant_proxy,2026-09-08T15:07:00Z,stale_observation,2026-08-22T04:00:00Z,419.1166666666667,,,,,,
KXCPIYOY-26SEP-T4.6,KXCPIYOY,KXCPIYOY-26SEP,Will the rate of CPI inflation be above 4.6% for the year ending in September 2026?,Above 4.6%,affordability_inflation,active,US_or_global_US_relevant_proxy,2026-09-08T15:07:00Z,stale_observation,2026-08-22T04:00:00Z,419.1166666666667,,,,,,
KXCPIYOY-26SEP-T4.5,KXCPIYOY,KXCPIYOY-26SEP,Will the rate of CPI inflation be above 4.5% for the year ending in September 2026?,Above 4.5%,affordability_inflation,active,US_or_global_US_relevant_proxy,2026-09-08T15:07:00Z,stale_observation,2026-09-06T06:00:00Z,57.11666666666667,,,,,,
KXCPIYOY-26SEP-T4.4,KXCPIYOY,KXCPIYOY-26SEP,Will the rate of CPI inflation be above 4.4% for the year ending in September 2026?,Above 4.4%,affordability_inflation,active,US_or_global_US_relevant_proxy,2026-09-08T15:07:00Z,stale_observation,2026-09-06T08:00:00Z,55.11666666666667,,,,,,
KXCPIYOY-26SEP-T4.3,KXCPIYOY,KXCPIYOY-26SEP,Will the rate of CPI inflation be above 4.3% for the year ending in September 2026?,Above 4.3%,affordability_inflation,active,US_or_global_US_relevant_proxy,2026-09-08T15:07:00Z,usable,2026-09-08T14:00:00Z,1.1166666666666667,0.155,0.04,0.27,0.23,276.01,bar_age_only_actual_quote_update_time_unavailable
KXCPIYOY-26SEP-T4.2,KXCPIYOY,KXCPIYOY-26SEP,Will the rate of CPI inflation be above 4.2% for the year ending in September 2026?,Above 4.2%,affordability_inflation,active,US_or_global_US_relevant_proxy,2026-09-08T15:07:00Z,stale_observation,2026-09-06T16:00:00Z,47.11666666666667,,,,,,
KXCPIYOY-26SEP-T4.1,KXCPIYOY,KXCPIYOY-26SEP,Will the rate of CPI inflation be above 4.1% for the year ending in September 2026?,Above 4.1%,affordability_inflation,active,US_or_global_US_relevant_proxy,2026-09-08T15:07:00Z,stale_observation,2026-09-06T17:00:00Z,46.11666666666667,,,,,,
KXCPIYOY-26SEP-T4.0,KXCPIYOY,KXCPIYOY-26SEP,Will the rate of CPI inflation be above 4.0% for the year ending in September 2026?,Above 4.0%,affordability_inflation,active,US_or_global_US_relevant_proxy,2026-09-08T15:07:00Z,usable,2026-09-08T15:00:00Z,0.11666666666666667,0.115,0.04,0.19,0.15,350.0,bar_age_only_actual_quote_update_time_unavailable
KXCPIYOY-26SEP-T3.9,KXCPIYOY,KXCPIYOY-26SEP,Will the rate of CPI inflation be above 3.9% for the year ending in September 2026?,Above 3.9%,affordability_inflation,active,US_or_global_US_relevant_proxy,2026-09-08T15:07:00Z,usable,2026-09-08T07:00:00Z,8.116666666666667,0.16,0.07,0.25,0.18,1293.0,bar_age_only_actual_quote_update_time_unavailable
KXCPIYOY-26SEP-T3.8,KXCPIYOY,KXCPIYOY-26SEP,Will the rate of CPI inflation be above 3.8% for the year ending in September 2026?,Above 3.8%,affordability_inflation,active,US_or_global_US_relevant_proxy,2026-09-08T15:07:00Z,usable,2026-09-08T15:00:00Z,0.11666666666666667,0.27,0.16,0.38,0.22,740.69,bar_age_only_actual_quote_update_time_unavailable
KXCPIYOY-26SEP-T3.7,KXCPIYOY,KXCPIYOY-26SEP,Will the rate of CPI inflation be above 3.7% for the year ending in September 2026?,Above 3.7%,affordability_inflation,active,US_or_global_US_relevant_proxy,2026-09-08T15:07:00Z,usable,2026-09-07T16:00:00Z,23.116666666666667,0.255,0.18,0.33,0.15000000000000002,1644.45,bar_age_only_actual_quote_update_time_unavailable
KXCPIYOY-26SEP-T3.6,KXCPIYOY,KXCPIYOY-26SEP,Will the rate of CPI inflation be above 3.6% for the year ending in September 2026?,Above 3.6%,affordability_inflation,active,US_or_global_US_relevant_proxy,2026-09-08T15:07:00Z,usable,2026-09-07T17:00:00Z,22.116666666666667,0.265,0.16,0.37,0.21,224.0,bar_age_only_actual_quote_update_time_unavailable
KXCPIYOY-26SEP-T3.5,KXCPIYOY,KXCPIYOY-26SEP,Will the rate of CPI inflation be above 3.5% for the year ending in September 2026?,Above 3.5%,affordability_inflation,active,US_or_global_US_relevant_proxy,2026-09-08T15:07:00Z,usable,2026-09-08T15:00:00Z,0.11666666666666667,0.575,0.45,0.7,0.24999999999999994,56.57,bar_age_only_actual_quote_update_time_unavailable
KXCPIYOY-26SEP-T3.4,KXCPIYOY,KXCPIYOY-26SEP,Will the rate of CPI inflation be above 3.4% for the year ending in September 2026?,Above 3.4%,affordability_inflation,active,US_or_global_US_relevant_proxy,2026-09-08T15:07:00Z,usable,2026-09-08T15:00:00Z,0.11666666666666667,0.625,0.55,0.7,0.1499999999999999,188.0,bar_age_only_actual_quote_update_time_unavailable
KXCPIYOY-26SEP-T3.3,KXCPIYOY,KXCPIYOY-26SEP,Will the rate of CPI inflation be above 3.3% for the year ending in September 2026?,Above 3.3%,affordability_inflation,active,US_or_global_US_relevant_proxy,2026-09-08T15:07:00Z,usable,2026-09-08T15:00:00Z,0.11666666666666667,0.645,0.61,0.68,0.07000000000000006,296.34,bar_age_only_actual_quote_update_time_unavailable
KXCPIYOY-26SEP-T3.2,KXCPIYOY,KXCPIYOY-26SEP,Will the rate of CPI inflation be above 3.2% for the year ending in September 2026?,Above 3.2%,affordability_inflation,active,US_or_global_US_relevant_proxy,2026-09-08T15:07:00Z,stale_observation,2026-09-06T21:00:00Z,42.11666666666667,,,,,,
KXCPIYOY-26SEP-T3.1,KXCPIYOY,KXCPIYOY-26SEP,Will the rate of CPI inflation be above 3.1% for the year ending in September 2026?,Above 3.1%,affordability_inflation,active,US_or_global_US_relevant_proxy,2026-09-08T15:07:00Z,usable,2026-09-08T15:00:00Z,0.11666666666666667,0.94,0.88,1.0,0.12,114.0,bar_age_only_actual_quote_update_time_unavailable
KXCPIYOY-26SEP-T3.0,KXCPIYOY,KXCPIYOY-26SEP,Will the rate of CPI inflation be above 3.0% for the year ending in September 2026?,Above 3.0%,affordability_inflation,active,US_or_global_US_relevant_proxy,2026-09-08T15:07:00Z,stale_observation,2026-09-07T09:00:00Z,30.116666666666667,,,,,,
KXCPIYOY-26AUG-T5.0,KXCPIYOY,KXCPIYOY-26AUG,Will the rate of CPI inflation be above 5.0% for the year ending in August 2026?,Above 5.0%,affordability_inflation,active,US_or_global_US_relevant_proxy,2026-09-08T15:07:00Z,stale_observation,2026-09-03T08:00:00Z,127.11666666666666,,,,,,
KXCPIYOY-26AUG-T4.9,KXCPIYOY,KXCPIYOY-26AUG,Will the rate of CPI inflation be above 4.9% for the year ending in August 2026?,Above 4.9%,affordability_inflation,active,US_or_global_US_relevant_proxy,2026-09-08T15:07:00Z,stale_observation,2026-09-03T08:00:00Z,127.11666666666666,,,,,,
KXCPIYOY-26AUG-T4.8,KXCPIYOY,KXCPIYOY-26AUG,Will the rate of CPI inflation be above 4.8% for the year ending in August 2026?,Above 4.8%,affordability_inflation,active,US_or_global_US_relevant_proxy,2026-09-08T15:07:00Z,stale_observation,2026-09-03T08:00:00Z,127.11666666666666,,,,,,
KXCPIYOY-26AUG-T4.7,KXCPIYOY,KXCPIYOY-26AUG,Will the rate of CPI inflation be above 4.7% for the year ending in August 2026?,Above 4.7%,affordability_inflation,active,US_or_global_US_relevant_proxy,2026-09-08T15:07:00Z,stale_observation,2026-09-03T08:00:00Z,127.11666666666666,,,,,,
KXCPIYOY-26AUG-T4.6,KXCPIYOY,KXCPIYOY-26AUG,Will the rate of CPI inflation be above 4.6% for the year ending in August 2026?,Above 4.6%,affordability_inflation,active,US_or_global_US_relevant_proxy,2026-09-08T15:07:00Z,stale_observation,2026-09-03T08:00:00Z,127.11666666666666,,,,,,
KXCPIYOY-26AUG-T4.5,KXCPIYOY,KXCPIYOY-26AUG,Will the rate of CPI inflation be above 4.5% for the year ending in August 2026?,Above 4.5%,affordability_inflation,active,US_or_global_US_relevant_proxy,2026-09-08T15:07:00Z,stale_observation,2026-09-03T08:00:00Z,127.11666666666666,,,,,,
KXCPIYOY-26AUG-T4.4,KXCPIYOY,KXCPIYOY-26AUG,Will the rate of CPI inflation be above 4.4% for the year ending in August 2026?,Above 4.4%,affordability_inflation,active,US_or_global_US_relevant_proxy,2026-09-08T15:07:00Z,stale_observation,2026-09-03T08:00:00Z,127.11666666666666,,,,,,
KXCPIYOY-26AUG-T4.3,KXCPIYOY,KXCPIYOY-26AUG,Will the rate of CPI inflation be above 4.3% for the year ending in August 2026?,Above 4.3%,affordability_inflation,active,US_or_global_US_relevant_proxy,2026-09-08T15:07:00Z,stale_observation,2026-09-03T08:00:00Z,127.11666666666666,,,,,,
KXCPIYOY-26AUG-T4.2,KXCPIYOY,KXCPIYOY-26AUG,Will the rate of CPI inflation be above 4.2% for the year ending in August 2026?,Above 4.2%,affordability_inflation,active,US_or_global_US_relevant_proxy,2026-09-08T15:07:00Z,stale_observation,2026-09-03T08:00:00Z,127.11666666666666,,,,,,
KXCPIYOY-26AUG-T4.1,KXCPIYOY,KXCPIYOY-26AUG,Will the rate of CPI inflation be above 4.1% for the year ending in August 2026?,Above 4.1%,affordability_inflation,active,US_or_global_US_relevant_proxy,2026-09-08T15:07:00Z,stale_observation,2026-09-03T08:00:00Z,127.11666666666666,,,,,,
KXCPIYOY-26AUG-T4.0,KXCPIYOY,KXCPIYOY-26AUG,Will the rate of CPI inflation be above 4.0% for the year ending in August 2026?,Above 4.0%,affordability_inflation,active,US_or_global_US_relevant_proxy,2026-09-08T15:07:00Z,stale_observation,2026-09-02T07:00:00Z,152.11666666666667,,,,,,
KXCPIYOY-26AUG-T3.9,KXCPIYOY,KXCPIYOY-26AUG,Will the rate of CPI inflation be above 3.9% for the year ending in August 2026?,Above 3.9%,affordability_inflation,active,US_or_global_US_relevant_proxy,2026-09-08T15:07:00Z,stale_observation,2026-09-02T07:00:00Z,152.11666666666667,,,,,,
KXCPIYOY-26AUG-T3.8,KXCPIYOY,KXCPIYOY-26AUG,Will the rate of CPI inflation be above 3.8% for the year ending in August 2026?,Above 3.8%,affordability_inflation,active,US_or_global_US_relevant_proxy,2026-09-08T15:07:00Z,usable,2026-09-08T05:00:00Z,10.116666666666667,0.005,0.0,0.01,0.01,30503.86,bar_age_only_actual_quote_update_time_unavailable
KXCPIYOY-26AUG-T3.7,KXCPIYOY,KXCPIYOY-26AUG,Will the rate of CPI inflation be above 3.7% for the year ending in August 2026?,Above 3.7%,affordability_inflation,active,US_or_global_US_relevant_proxy,2026-09-08T15:07:00Z,usable,2026-09-08T15:00:00Z,0.11666666666666667,0.01,0.0,0.02,0.02,4060.49,bar_age_only_actual_quote_update_time_unavailable
KXCPIYOY-26AUG-T3.6,KXCPIYOY,KXCPIYOY-26AUG,Will the rate of CPI inflation be above 3.6% for the year ending in August 2026?,Above 3.6%,affordability_inflation,active,US_or_global_US_relevant_proxy,2026-09-08T15:07:00Z,usable,2026-09-08T14:00:00Z,1.1166666666666667,0.01,0.0,0.02,0.02,26410.75,bar_age_only_actual_quote_update_time_unavailable
KXCPIYOY-26AUG-T3.5,KXCPIYOY,KXCPIYOY-26AUG,Will the rate of CPI inflation be above 3.5% for the year ending in August 2026?,Above 3.5%,affordability_inflation,active,US_or_global_US_relevant_proxy,2026-09-08T15:07:00Z,usable,2026-09-08T15:00:00Z,0.11666666666666667,0.065,0.06,0.07,0.010000000000000009,76531.53,bar_age_only_actual_quote_update_time_unavailable
KXCPIYOY-26AUG-T3.4,KXCPIYOY,KXCPIYOY-26AUG,Will the rate of CPI inflation be above 3.4% for the year ending in August 2026?,Above 3.4%,affordability_inflation,active,US_or_global_US_relevant_proxy,2026-09-08T15:07:00Z,usable,2026-09-08T15:00:00Z,0.11666666666666667,0.215,0.21,0.22,0.010000000000000009,110114.46,bar_age_only_actual_quote_update_time_unavailable
KXCPIYOY-26AUG-T3.3,KXCPIYOY,KXCPIYOY-26AUG,Will the rate of CPI inflation be above 3.3% for the year ending in August 2026?,Above 3.3%,affordability_inflation,active,US_or_global_US_relevant_proxy,2026-09-08T15:07:00Z,usable,2026-09-08T15:00:00Z,0.11666666666666667,0.615,0.61,0.62,0.010000000000000009,79323.4,bar_age_only_actual_quote_update_time_unavailable
KXCPIYOY-26AUG-T3.2,KXCPIYOY,KXCPIYOY-26AUG,Will the rate of CPI inflation be above 3.2% for the year ending in August 2026?,Above 3.2%,affordability_inflation,active,US_or_global_US_relevant_proxy,2026-09-08T15:07:00Z,usable,2026-09-08T15:00:00Z,0.11666666666666667,0.925,0.91,0.94,0.029999999999999916,58800.75,bar_age_only_actual_quote_update_time_unavailable
KXCPIYOY-26AUG-T3.1,KXCPIYOY,KXCPIYOY-26AUG,Will the rate of CPI inflation be above 3.1% for the year ending in August 2026?,Above 3.1%,affordability_inflation,active,US_or_global_US_relevant_proxy,2026-09-08T15:07:00Z,usable,2026-09-08T15:00:00Z,0.11666666666666667,0.9650000000000001,0.93,1.0,0.06999999999999995,10150.53,bar_age_only_actual_quote_update_time_unavailable
KXCPIYOY-26AUG-T3.0,KXCPIYOY,KXCPIYOY-26AUG,Will the rate of CPI inflation be above 3.0% for the year ending in August 2026?,Above 3.0%,affordability_inflation,active,US_or_global_US_relevant_proxy,2026-09-08T15:07:00Z,usable,2026-09-08T15:00:00Z,0.11666666666666667,0.985,0.97,1.0,0.030000000000000027,1427.19,bar_age_only_actual_quote_update_time_unavailable
KXCPIYOY-26JUL-T5.0,KXCPIYOY,KXCPIYOY-26JUL,Will the rate of CPI inflation be above 5.0% for the year ending in July 2026?,Above 5.0%,affordability_inflation,finalized,US_or_global_US_relevant_proxy,,closed_before_frozen_asof,,,,,,,,
KXCPIYOY-26JUL-T4.9,KXCPIYOY,KXCPIYOY-26JUL,Will the rate of CPI inflation be above 4.9% for the year ending in July 2026?,Above 4.9%,affordability_inflation,finalized,US_or_global_US_relevant_proxy,,closed_before_frozen_asof,,,,,,,,
KXCPIYOY-26JUL-T4.8,KXCPIYOY,KXCPIYOY-26JUL,Will the rate of CPI inflation be above 4.8% for the year ending in July 2026?,Above 4.8%,affordability_inflation,finalized,US_or_global_US_relevant_proxy,,closed_before_frozen_asof,,,,,,,,
KXCPIYOY-26JUL-T4.7,KXCPIYOY,KXCPIYOY-26JUL,Will the rate of CPI inflation be above 4.7% for the year ending in July 2026?,Above 4.7%,affordability_inflation,finalized,US_or_global_US_relevant_proxy,,closed_before_frozen_asof,,,,,,,,
KXCPIYOY-26JUL-T4.6,KXCPIYOY,KXCPIYOY-26JUL,Will the rate of CPI inflation be above 4.6% for the year ending in July 2026?,Above 4.6%,affordability_inflation,finalized,US_or_global_US_relevant_proxy,,closed_before_frozen_asof,,,,,,,,
KXCPIYOY-26JUL-T4.5,KXCPIYOY,KXCPIYOY-26JUL,Will the rate of CPI inflation be above 4.5% for the year ending in July 2026?,Above 4.5%,affordability_inflation,finalized,US_or_global_US_relevant_proxy,,closed_before_frozen_asof,,,,,,,,
KXCPIYOY-26JUL-T4.4,KXCPIYOY,KXCPIYOY-26JUL,Will the rate of CPI inflation be above 4.4% for the year ending in July 2026?,Above 4.4%,affordability_inflation,finalized,US_or_global_US_relevant_proxy,,closed_before_frozen_asof,,,,,,,,
KXCPIYOY-26JUL-T4.3,KXCPIYOY,KXCPIYOY-26JUL,Will the rate of CPI inflation be above 4.3% for the year ending in July 2026?,Above 4.3%,affordability_inflation,finalized,US_or_global_US_relevant_proxy,,closed_before_frozen_asof,,,,,,,,
KXCPIYOY-26JUL-T4.2,KXCPIYOY,KXCPIYOY-26JUL,Will the rate of CPI inflation be above 4.2% for the year ending in July 2026?,Above 4.2%,affordability_inflation,finalized,US_or_global_US_relevant_proxy,,closed_before_frozen_asof,,,,,,,,
KXCPIYOY-26JUL-T4.1,KXCPIYOY,KXCPIYOY-26JUL,Will the rate of CPI inflation be above 4.1% for the year ending in July 2026?,Above 4.1%,affordability_inflation,finalized,US_or_global_US_relevant_proxy,,closed_before_frozen_asof,,,,,,,,
KXCPIYOY-26JUL-T4.0,KXCPIYOY,KXCPIYOY-26JUL,Will the rate of CPI inflation be above 4.0% for the year ending in July 2026?,Above 4.0%,affordability_inflation,finalized,US_or_global_US_relevant_proxy,,closed_before_frozen_asof,,,,,,,,
KXCPIYOY-26JUL-T3.9,KXCPIYOY,KXCPIYOY-26JUL,Will the rate of CPI inflation be above 3.9% for the year ending in July 2026?,Above 3.9%,affordability_inflation,finalized,US_or_global_US_relevant_proxy,,closed_before_frozen_asof,,,,,,,,
KXCPIYOY-26JUL-T3.8,KXCPIYOY,KXCPIYOY-26JUL,Will the rate of CPI inflation be above 3.8% for the year ending in July 2026?,Above 3.8%,affordability_inflation,finalized,US_or_global_US_relevant_proxy,,closed_before_frozen_asof,,,,,,,,
KXCPIYOY-26JUL-T3.7,KXCPIYOY,KXCPIYOY-26JUL,Will the rate of CPI inflation be above 3.7% for the year ending in July 2026?,Above 3.7%,affordability_inflation,finalized,US_or_global_US_relevant_proxy,,closed_before_frozen_asof,,,,,,,,
KXCPIYOY-26JUL-T3.6,KXCPIYOY,KXCPIYOY-26JUL,Will the rate of CPI inflation be above 3.6% for the year ending in July 2026?,Above 3.6%,affordability_inflation,finalized,US_or_global_US_relevant_proxy,,closed_before_frozen_asof,,,,,,,,
KXCPIYOY-26JUL-T3.5,KXCPIYOY,KXCPIYOY-26JUL,Will the rate of CPI inflation be above 3.5% for the year ending in July 2026?,Above 3.5%,affordability_inflation,finalized,US_or_global_US_relevant_proxy,,closed_before_frozen_asof,,,,,,,,
KXCPIYOY-26JUL-T3.4,KXCPIYOY,KXCPIYOY-26JUL,Will the rate of CPI inflation be above 3.4% for the year ending in July 2026?,Above 3.4%,affordability_inflation,finalized,US_or_global_US_relevant_proxy,,closed_before_frozen_asof,,,,,,,,
KXCPIYOY-26JUL-T3.3,KXCPIYOY,KXCPIYOY-26JUL,Will the rate of CPI inflation be above 3.3% for the year ending in July 2026?,Above 3.3%,affordability_inflation,finalized,US_or_global_US_relevant_proxy,,closed_before_frozen_asof,,,,,,,,
KXCPIYOY-26JUL-T3.2,KXCPIYOY,KXCPIYOY-26JUL,Will the rate of CPI inflation be above 3.2% for the year ending in July 2026?,Above 3.2%,affordability_inflation,finalized,US_or_global_US_relevant_proxy,,closed_before_frozen_asof,,,,,,,,
KXCPIYOY-26JUL-T3.1,KXCPIYOY,KXCPIYOY-26JUL,Will the rate of CPI inflation be above 3.1% for the year ending in July 2026?,Above 3.1%,affordability_inflation,finalized,US_or_global_US_relevant_proxy,,closed_before_frozen_asof,,,,,,,,
KXCPIYOY-26JUL-T3.0,KXCPIYOY,KXCPIYOY-26JUL,Will the rate of CPI inflation be above 3.0% for the year ending in July 2026?,Above 3.0%,affordability_inflation,finalized,US_or_global_US_relevant_proxy,,closed_before_frozen_asof,,,,,,,,
KXCPIYOY-26JUN-T4.5,KXCPIYOY,KXCPIYOY-26JUN,Will the rate of CPI inflation be above 4.5% for the year ending in June 2026?,Above 4.5%,affordability_inflation,finalized,US_or_global_US_relevant_proxy,,closed_before_frozen_asof,,,,,,,,
KXCPIYOY-26JUN-T4.4,KXCPIYOY,KXCPIYOY-26JUN,Will the rate of CPI inflation be above 4.4% for the year ending in June 2026?,Above 4.4%,affordability_inflation,finalized,US_or_global_US_relevant_proxy,,closed_before_frozen_asof,,,,,,,,
KXCPIYOY-26JUN-T4.3,KXCPIYOY,KXCPIYOY-26JUN,Will the rate of CPI inflation be above 4.3% for the year ending in June 2026?,Above 4.3%,affordability_inflation,finalized,US_or_global_US_relevant_proxy,,closed_before_frozen_asof,,,,,,,,
KXCPIYOY-26JUN-T4.2,KXCPIYOY,KXCPIYOY-26JUN,Will the rate of CPI inflation be above 4.2% for the year ending in June 2026?,Above 4.2%,affordability_inflation,finalized,US_or_global_US_relevant_proxy,,closed_before_frozen_asof,,,,,,,,
KXCPIYOY-26JUN-T4.1,KXCPIYOY,KXCPIYOY-26JUN,Will the rate of CPI inflation be above 4.1% for the year ending in June 2026?,Above 4.1%,affordability_inflation,finalized,US_or_global_US_relevant_proxy,,closed_before_frozen_asof,,,,,,,,
KXCPIYOY-26JUN-T4.0,KXCPIYOY,KXCPIYOY-26JUN,Will the rate of CPI inflation be above 4.0% for the year ending in June 2026?,Above 4.0%,affordability_inflation,finalized,US_or_global_US_relevant_proxy,,closed_before_frozen_asof,,,,,,,,
KXCPIYOY-26JUN-T3.9,KXCPIYOY,KXCPIYOY-26JUN,Will the rate of CPI inflation be above 3.9% for the year ending in June 2026?,Above 3.9%,affordability_inflation,finalized,US_or_global_US_relevant_proxy,,closed_before_frozen_asof,,,,,,,,
KXCPIYOY-26JUN-T3.8,KXCPIYOY,KXCPIYOY-26JUN,Will the rate of CPI inflation be above 3.8% for the year ending in June 2026?,Above 3.8%,affordability_inflation,finalized,US_or_global_US_relevant_proxy,,closed_before_frozen_asof,,,,,,,,
KXCPIYOY-26JUN-T3.7,KXCPIYOY,KXCPIYOY-26JUN,Will the rate of CPI inflation be above 3.7% for the year ending in June 2026?,Above 3.7%,affordability_inflation,finalized,US_or_global_US_relevant_proxy,,closed_before_frozen_asof,,,,,,,,
KXCPIYOY-26JUN-T3.6,KXCPIYOY,KXCPIYOY-26JUN,Will the rate of CPI inflation be above 3.6% for the year ending in June 2026?,Above 3.6%,affordability_inflation,finalized,US_or_global_US_relevant_proxy,,closed_before_frozen_asof,,,,,,,,
KXCPIYOY-26JUN-T3.5,KXCPIYOY,KXCPIYOY-26JUN,Will the rate of CPI inflation be above 3.5% for the year ending in June 2026?,Above 3.5%,affordability_inflation,finalized,US_or_global_US_relevant_proxy,,closed_before_frozen_asof,,,,,,,,
KXCPIYOY-26JUN-T3.4,KXCPIYOY,KXCPIYOY-26JUN,Will the rate of CPI inflation be above 3.4% for the year ending in June 2026?,Above 3.4%,affordability_inflation,finalized,US_or_global_US_relevant_proxy,,closed_before_frozen_asof,,,,,,,,
KXCPIYOY-26JUN-T3.3,KXCPIYOY,KXCPIYOY-26JUN,Will the rate of CPI inflation be above 3.3% for the year ending in June 2026?,Above 3.3%,affordability_inflation,finalized,US_or_global_US_relevant_proxy,,closed_before_frozen_asof,,,,,,,,
KXCPIYOY-26JUN-T3.2,KXCPIYOY,KXCPIYOY-26JUN,Will the rate of CPI inflation be above 3.2% for the year ending in June 2026?,Above 3.2%,affordability_inflation,finalized,US_or_global_US_relevant_proxy,,closed_before_frozen_asof,,,,,,,,
KXCPIYOY-26JUN-T3.1,KXCPIYOY,KXCPIYOY-26JUN,Will the rate of CPI inflation be above 3.1% for the year ending in June 2026?,Above 3.1%,affordability_inflation,finalized,US_or_global_US_relevant_proxy,,closed_before_frozen_asof,,,,,,,,
KXCPIYOY-26JUN-T3.0,KXCPIYOY,KXCPIYOY-26JUN,Will the rate of CPI inflation be above 3.0% for the year ending in June 2026?,Above 3.0%,affordability_inflation,finalized,US_or_global_US_relevant_proxy,,closed_before_frozen_asof,,,,,,,,
KXCPIYOY-26JUN-T2.9,KXCPIYOY,KXCPIYOY-26JUN,Will the rate of CPI inflation be above 2.9% for the year ending in June 2026?,Above 2.9%,affordability_inflation,finalized,US_or_global_US_relevant_proxy,,closed_before_frozen_asof,,,,,,,,
KXCPIYOY-26JUN-T2.8,KXCPIYOY,KXCPIYOY-26JUN,Will the rate of CPI inflation be above 2.8% for the year ending in June 2026?,Above 2.8%,affordability_inflation,finalized,US_or_global_US_relevant_proxy,,closed_before_frozen_asof,,,,,,,,
KXCPIYOY-26JUN-T2.7,KXCPIYOY,KXCPIYOY-26JUN,Will the rate of CPI inflation be above 2.7% for the year ending in June 2026?,Above 2.7%,affordability_inflation,finalized,US_or_global_US_relevant_proxy,,closed_before_frozen_asof,,,,,,,,
KXCPIYOY-26JUN-T2.6,KXCPIYOY,KXCPIYOY-26JUN,Will the rate of CPI inflation be above 2.6% for the year ending in June 2026?,Above 2.6%,affordability_inflation,finalized,US_or_global_US_relevant_proxy,,closed_before_frozen_asof,,,,,,,,
KXCPIYOY-26JUN-T2.5,KXCPIYOY,KXCPIYOY-26JUN,Will the rate of CPI inflation be above 2.5% for the year ending in June 2026?,Above 2.5%,affordability_inflation,finalized,US_or_global_US_relevant_proxy,,closed_before_frozen_asof,,,,,,,,
KXDATACENTCON-26OCT01-T85.0,KXDATACENTCON,KXDATACENTCON-26OCT01,Will U.S. private data center construction spending for August 2026 be above $85.0B?,Above $85.0B,electricity_datacenters,active,US_or_global_US_relevant_proxy,2026-09-08T15:07:00Z,usable,2026-09-08T09:00:00Z,6.116666666666666,0.075,0.04,0.11,0.07,579.01,bar_age_only_actual_quote_update_time_unavailable
KXDATACENTCON-26OCT01-T82.5,KXDATACENTCON,KXDATACENTCON-26OCT01,Will U.S. private data center construction spending for August 2026 be above $82.5B?,Above $82.5B,electricity_datacenters,active,US_or_global_US_relevant_proxy,2026-09-08T15:07:00Z,stale_observation,2026-09-07T11:00:00Z,28.116666666666667,,,,,,
KXDATACENTCON-26OCT01-T80.0,KXDATACENTCON,KXDATACENTCON-26OCT01,Will U.S. private data center construction spending for August 2026 be above $80.0B?,Above $80.0B,electricity_datacenters,active,US_or_global_US_relevant_proxy,2026-09-08T15:07:00Z,usable,2026-09-08T10:00:00Z,5.116666666666666,0.385,0.37,0.4,0.030000000000000027,512.0,bar_age_only_actual_quote_update_time_unavailable
KXDATACENTCON-26OCT01-T77.5,KXDATACENTCON,KXDATACENTCON-26OCT01,Will U.S. private data center construction spending for August 2026 be above $77.5B?,Above $77.5B,electricity_datacenters,active,US_or_global_US_relevant_proxy,2026-09-08T15:07:00Z,stale_observation,2026-09-06T10:00:00Z,53.11666666666667,,,,,,
KXDATACENTCON-26OCT01-T75.0,KXDATACENTCON,KXDATACENTCON-26OCT01,Will U.S. private data center construction spending for August 2026 be above $75.0B?,Above $75.0B,electricity_datacenters,active,US_or_global_US_relevant_proxy,2026-09-08T15:07:00Z,stale_observation,2026-09-06T10:00:00Z,53.11666666666667,,,,,,
KXDATACENTCON-26OCT01-T72.5,KXDATACENTCON,KXDATACENTCON-26OCT01,Will U.S. private data center construction spending for August 2026 be above $72.5B?,Above $72.5B,electricity_datacenters,active,US_or_global_US_relevant_proxy,2026-09-08T15:07:00Z,usable,2026-09-08T09:00:00Z,6.116666666666666,0.9450000000000001,0.91,0.98,0.06999999999999995,3.09,bar_age_only_actual_quote_update_time_unavailable
KXDATACENTCON-26OCT01-T70.0,KXDATACENTCON,KXDATACENTCON-26OCT01,Will U.S. private data center construction spending for August 2026 be above $70.0B?,Above $70.0B,electricity_datacenters,active,US_or_global_US_relevant_proxy,2026-09-08T15:07:00Z,stale_observation,2026-09-07T07:00:00Z,32.11666666666667,,,,,,
KXDATACENTCON-26SEP01-T80.0,KXDATACENTCON,KXDATACENTCON-26SEP01,Will U.S. private data center construction spending for July 2026 be above $80.0B?,Above $80.0B,electricity_datacenters,finalized,US_or_global_US_relevant_proxy,,closed_before_frozen_asof,,,,,,,,
KXDATACENTCON-26SEP01-T77.5,KXDATACENTCON,KXDATACENTCON-26SEP01,Will U.S. private data center construction spending for July 2026 be above $77.5B?,Above $77.5B,electricity_datacenters,finalized,US_or_global_US_relevant_proxy,,closed_before_frozen_asof,,,,,,,,
KXDATACENTCON-26SEP01-T75.0,KXDATACENTCON,KXDATACENTCON-26SEP01,Will U.S. private data center construction spending for July 2026 be above $75.0B?,Above $75.0B,electricity_datacenters,finalized,US_or_global_US_relevant_proxy,,closed_before_frozen_asof,,,,,,,,
KXDATACENTCON-26SEP01-T72.5,KXDATACENTCON,KXDATACENTCON-26SEP01,Will U.S. private data center construction spending for July 2026 be above $72.5B?,Above $72.5B,electricity_datacenters,finalized,US_or_global_US_relevant_proxy,,closed_before_frozen_asof,,,,,,,,
KXDATACENTCON-26SEP01-T70.0,KXDATACENTCON,KXDATACENTCON-26SEP01,Will U.S. private data center construction spending for July 2026 be above $70.0B?,Above $70.0B,electricity_datacenters,finalized,US_or_global_US_relevant_proxy,,closed_before_frozen_asof,,,,,,,,
KXDATACENTCON-26SEP01-T67.5,KXDATACENTCON,KXDATACENTCON-26SEP01,Will U.S. private data center construction spending for July 2026 be above $67.5B?,Above $67.5B,electricity_datacenters,finalized,US_or_global_US_relevant_proxy,,closed_before_frozen_asof,,,,,,,,
KXDATACENTCON-26SEP01-T65.0,KXDATACENTCON,KXDATACENTCON-26SEP01,Will U.S. private data center construction spending for July 2026 be above $65.0B?,Above $65.0B,electricity_datacenters,finalized,US_or_global_US_relevant_proxy,,closed_before_frozen_asof,,,,,,,,
KXDEFGDP-26OCT20-T5,KXDEFGDP,KXDEFGDP-26OCT20,Will U.S. federal deficit-to-GDP for FY2026 be below 5%?,Below 5%,taxes_fiscal|jobs_growth,active,US_or_global_US_relevant_proxy,2026-09-08T15:07:00Z,stale_observation,2026-09-06T01:00:00Z,62.11666666666667,,,,,,
KXECONSTATU3-26JUN-T5.5,KXECONSTATU3,KXECONSTATU3-26JUN,Unemployment rate in Jun 2026?,Exactly 5.5%,jobs_growth,finalized,US_or_global_US_relevant_proxy,,closed_before_frozen_asof,,,,,,,,
KXECONSTATU3-26JUN-T5.4,KXECONSTATU3,KXECONSTATU3-26JUN,Unemployment rate in Jun 2026?,Exactly 5.4%,jobs_growth,finalized,US_or_global_US_relevant_proxy,,closed_before_frozen_asof,,,,,,,,
KXECONSTATU3-26JUN-T5.3,KXECONSTATU3,KXECONSTATU3-26JUN,Unemployment rate in Jun 2026?,Exactly 5.3%,jobs_growth,finalized,US_or_global_US_relevant_proxy,,closed_before_frozen_asof,,,,,,,,
KXECONSTATU3-26JUN-T5.2,KXECONSTATU3,KXECONSTATU3-26JUN,Unemployment rate in Jun 2026?,Exactly 5.2%,jobs_growth,finalized,US_or_global_US_relevant_proxy,,closed_before_frozen_asof,,,,,,,,
KXECONSTATU3-26JUN-T5.1,KXECONSTATU3,KXECONSTATU3-26JUN,Unemployment rate in Jun 2026?,Exactly 5.1%,jobs_growth,finalized,US_or_global_US_relevant_proxy,,closed_before_frozen_asof,,,,,,,,
KXECONSTATU3-26JUN-T5.0,KXECONSTATU3,KXECONSTATU3-26JUN,Unemployment rate in Jun 2026?,Exactly 5.0%,jobs_growth,finalized,US_or_global_US_relevant_proxy,,closed_before_frozen_asof,,,,,,,,
KXECONSTATU3-26JUN-T4.9,KXECONSTATU3,KXECONSTATU3-26JUN,Unemployment rate in Jun 2026?,Exactly 4.9%,jobs_growth,finalized,US_or_global_US_relevant_proxy,,closed_before_frozen_asof,,,,,,,,
KXECONSTATU3-26JUN-T4.8,KXECONSTATU3,KXECONSTATU3-26JUN,Unemployment rate in Jun 2026?,Exactly 4.8%,jobs_growth,finalized,US_or_global_US_relevant_proxy,,closed_before_frozen_asof,,,,,,,,
KXECONSTATU3-26JUN-T4.7,KXECONSTATU3,KXECONSTATU3-26JUN,Unemployment rate in Jun 2026?,Exactly 4.7%,jobs_growth,finalized,US_or_global_US_relevant_proxy,,closed_before_frozen_asof,,,,,,,,
KXECONSTATU3-26JUN-T4.6,KXECONSTATU3,KXECONSTATU3-26JUN,Unemployment rate in Jun 2026?,Exactly 4.6%,jobs_growth,finalized,US_or_global_US_relevant_proxy,,closed_before_frozen_asof,,,,,,,,
KXECONSTATU3-26JUN-T4.5,KXECONSTATU3,KXECONSTATU3-26JUN,Unemployment rate in Jun 2026?,Exactly 4.5%,jobs_growth,finalized,US_or_global_US_relevant_proxy,,closed_before_frozen_asof,,,,,,,,
KXECONSTATU3-26JUN-T4.4,KXECONSTATU3,KXECONSTATU3-26JUN,Unemployment rate in Jun 2026?,Exactly 4.4%,jobs_growth,finalized,US_or_global_US_relevant_proxy,,closed_before_frozen_asof,,,,,,,,
KXECONSTATU3-26JUN-T4.3,KXECONSTATU3,KXECONSTATU3-26JUN,Unemployment rate in Jun 2026?,Exactly 4.3%,jobs_growth,finalized,US_or_global_US_relevant_proxy,,closed_before_frozen_asof,,,,,,,,
KXECONSTATU3-26JUN-T4.2,KXECONSTATU3,KXECONSTATU3-26JUN,Unemployment rate in Jun 2026?,Exactly 4.2%,jobs_growth,finalized,US_or_global_US_relevant_proxy,,closed_before_frozen_asof,,,,,,,,
KXECONSTATU3-26JUN-T4.1,KXECONSTATU3,KXECONSTATU3-26JUN,Unemployment rate in Jun 2026?,Exactly 4.1%,jobs_growth,finalized,US_or_global_US_relevant_proxy,,closed_before_frozen_asof,,,,,,,,
KXECONSTATU3-26JUN-T4.0,KXECONSTATU3,KXECONSTATU3-26JUN,Unemployment rate in Jun 2026?,Exactly 4.0%,jobs_growth,finalized,US_or_global_US_relevant_proxy,,closed_before_frozen_asof,,,,,,,,
KXECONSTATU3-26JUN-T3.9,KXECONSTATU3,KXECONSTATU3-26JUN,Unemployment rate in Jun 2026?,Exactly 3.9%,jobs_growth,finalized,US_or_global_US_relevant_proxy,,closed_before_frozen_asof,,,,,,,,
KXECONSTATU3-26JUN-T3.8,KXECONSTATU3,KXECONSTATU3-26JUN,Unemployment rate in Jun 2026?,Exactly 3.8%,jobs_growth,finalized,US_or_global_US_relevant_proxy,,closed_before_frozen_asof,,,,,,,,
KXECONSTATU3-26JUN-T3.7,KXECONSTATU3,KXECONSTATU3-26JUN,Unemployment rate in Jun 2026?,Exactly 3.7%,jobs_growth,finalized,US_or_global_US_relevant_proxy,,closed_before_frozen_asof,,,,,,,,
KXECONSTATU3-26JUN-T3.6,KXECONSTATU3,KXECONSTATU3-26JUN,Unemployment rate in Jun 2026?,Exactly 3.6%,jobs_growth,finalized,US_or_global_US_relevant_proxy,,closed_before_frozen_asof,,,,,,,,
KXECONSTATU3-26JUN-T3.5,KXECONSTATU3,KXECONSTATU3-26JUN,Unemployment rate in Jun 2026?,Exactly 3.5%,jobs_growth,finalized,US_or_global_US_relevant_proxy,,closed_before_frozen_asof,,,,,,,,
KXECONSTATU3-26JUN-T3.4,KXECONSTATU3,KXECONSTATU3-26JUN,Unemployment rate in Jun 2026?,Exactly 3.4%,jobs_growth,finalized,US_or_global_US_relevant_proxy,,closed_before_frozen_asof,,,,,,,,
KXECONSTATU3-26JUN-T3.3,KXECONSTATU3,KXECONSTATU3-26JUN,Unemployment rate in Jun 2026?,Exactly 3.3%,jobs_growth,finalized,US_or_global_US_relevant_proxy,,closed_before_frozen_asof,,,,,,,,
KXECONSTATU3-26NOV-T5.5,KXECONSTATU3,KXECONSTATU3-26NOV,Unemployment rate in Nov 2026?,Exactly 5.5%,jobs_growth,active,US_or_global_US_relevant_proxy,2026-09-08T15:07:00Z,stale_observation,2026-09-05T01:00:00Z,86.11666666666666,,,,,,
KXECONSTATU3-26NOV-T5.4,KXECONSTATU3,KXECONSTATU3-26NOV,Unemployment rate in Nov 2026?,Exactly 5.4%,jobs_growth,active,US_or_global_US_relevant_proxy,2026-09-08T15:07:00Z,stale_observation,2026-09-05T01:00:00Z,86.11666666666666,,,,,,
KXECONSTATU3-26NOV-T5.3,KXECONSTATU3,KXECONSTATU3-26NOV,Unemployment rate in Nov 2026?,Exactly 5.3%,jobs_growth,active,US_or_global_US_relevant_proxy,2026-09-08T15:07:00Z,stale_observation,2026-09-05T01:00:00Z,86.11666666666666,,,,,,
KXECONSTATU3-26NOV-T5.2,KXECONSTATU3,KXECONSTATU3-26NOV,Unemployment rate in Nov 2026?,Exactly 5.2%,jobs_growth,active,US_or_global_US_relevant_proxy,2026-09-08T15:07:00Z,stale_observation,2026-09-05T01:00:00Z,86.11666666666666,,,,,,
KXECONSTATU3-26NOV-T5.1,KXECONSTATU3,KXECONSTATU3-26NOV,Unemployment rate in Nov 2026?,Exactly 5.1%,jobs_growth,active,US_or_global_US_relevant_proxy,2026-09-08T15:07:00Z,stale_observation,2026-09-05T01:00:00Z,86.11666666666666,,,,,,
KXECONSTATU3-26NOV-T5.0,KXECONSTATU3,KXECONSTATU3-26NOV,Unemployment rate in Nov 2026?,Exactly 5.0%,jobs_growth,active,US_or_global_US_relevant_proxy,2026-09-08T15:07:00Z,stale_observation,2026-09-05T01:00:00Z,86.11666666666666,,,,,,
KXECONSTATU3-26NOV-T4.9,KXECONSTATU3,KXECONSTATU3-26NOV,Unemployment rate in Nov 2026?,Exactly 4.9%,jobs_growth,active,US_or_global_US_relevant_proxy,2026-09-08T15:07:00Z,stale_observation,2026-09-05T01:00:00Z,86.11666666666666,,,,,,
KXECONSTATU3-26NOV-T4.8,KXECONSTATU3,KXECONSTATU3-26NOV,Unemployment rate in Nov 2026?,Exactly 4.8%,jobs_growth,active,US_or_global_US_relevant_proxy,2026-09-08T15:07:00Z,stale_observation,2026-09-05T01:00:00Z,86.11666666666666,,,,,,
KXECONSTATU3-26NOV-T4.7,KXECONSTATU3,KXECONSTATU3-26NOV,Unemployment rate in Nov 2026?,Exactly 4.7%,jobs_growth,active,US_or_global_US_relevant_proxy,2026-09-08T15:07:00Z,stale_observation,2026-09-05T01:00:00Z,86.11666666666666,,,,,,
KXECONSTATU3-26NOV-T4.6,KXECONSTATU3,KXECONSTATU3-26NOV,Unemployment rate in Nov 2026?,Exactly 4.6%,jobs_growth,active,US_or_global_US_relevant_proxy,2026-09-08T15:07:00Z,stale_observation,2026-09-05T01:00:00Z,86.11666666666666,,,,,,
KXECONSTATU3-26NOV-T4.5,KXECONSTATU3,KXECONSTATU3-26NOV,Unemployment rate in Nov 2026?,Exactly 4.5%,jobs_growth,active,US_or_global_US_relevant_proxy,2026-09-08T15:07:00Z,stale_observation,2026-09-05T01:00:00Z,86.11666666666666,,,,,,
KXECONSTATU3-26NOV-T4.4,KXECONSTATU3,KXECONSTATU3-26NOV,Unemployment rate in Nov 2026?,Exactly 4.4%,jobs_growth,active,US_or_global_US_relevant_proxy,2026-09-08T15:07:00Z,stale_observation,2026-09-05T01:00:00Z,86.11666666666666,,,,,,
KXECONSTATU3-26NOV-T4.3,KXECONSTATU3,KXECONSTATU3-26NOV,Unemployment rate in Nov 2026?,Exactly 4.3%,jobs_growth,active,US_or_global_US_relevant_proxy,2026-09-08T15:07:00Z,stale_observation,2026-09-05T01:00:00Z,86.11666666666666,,,,,,
KXECONSTATU3-26NOV-T4.2,KXECONSTATU3,KXECONSTATU3-26NOV,Unemployment rate in Nov 2026?,Exactly 4.2%,jobs_growth,active,US_or_global_US_relevant_proxy,2026-09-08T15:07:00Z,stale_observation,2026-09-05T01:00:00Z,86.11666666666666,,,,,,
KXECONSTATU3-26NOV-T4.1,KXECONSTATU3,KXECONSTATU3-26NOV,Unemployment rate in Nov 2026?,Exactly 4.1%,jobs_growth,active,US_or_global_US_relevant_proxy,2026-09-08T15:07:00Z,stale_observation,2026-09-05T01:00:00Z,86.11666666666666,,,,,,
KXECONSTATU3-26NOV-T4.0,KXECONSTATU3,KXECONSTATU3-26NOV,Unemployment rate in Nov 2026?,Exactly 4.0%,jobs_growth,active,US_or_global_US_relevant_proxy,2026-09-08T15:07:00Z,stale_observation,2026-09-05T01:00:00Z,86.11666666666666,,,,,,
KXECONSTATU3-26NOV-T3.9,KXECONSTATU3,KXECONSTATU3-26NOV,Unemployment rate in Nov 2026?,Exactly 3.9%,jobs_growth,active,US_or_global_US_relevant_proxy,2026-09-08T15:07:00Z,stale_observation,2026-09-05T01:00:00Z,86.11666666666666,,,,,,
KXECONSTATU3-26NOV-T3.8,KXECONSTATU3,KXECONSTATU3-26NOV,Unemployment rate in Nov 2026?,Exactly 3.8%,jobs_growth,active,US_or_global_US_relevant_proxy,2026-09-08T15:07:00Z,stale_observation,2026-09-05T01:00:00Z,86.11666666666666,,,,,,
KXECONSTATU3-26NOV-T3.7,KXECONSTATU3,KXECONSTATU3-26NOV,Unemployment rate in Nov 2026?,Exactly 3.7%,jobs_growth,active,US_or_global_US_relevant_proxy,2026-09-08T15:07:00Z,stale_observation,2026-09-05T01:00:00Z,86.11666666666666,,,,,,
KXECONSTATU3-26NOV-T3.6,KXECONSTATU3,KXECONSTATU3-26NOV,Unemployment rate in Nov 2026?,Exactly 3.6%,jobs_growth,active,US_or_global_US_relevant_proxy,2026-09-08T15:07:00Z,stale_observation,2026-09-05T01:00:00Z,86.11666666666666,,,,,,
KXECONSTATU3-26NOV-T3.5,KXECONSTATU3,KXECONSTATU3-26NOV,Unemployment rate in Nov 2026?,Exactly 3.5%,jobs_growth,active,US_or_global_US_relevant_proxy,2026-09-08T15:07:00Z,stale_observation,2026-09-05T01:00:00Z,86.11666666666666,,,,,,
KXECONSTATU3-26NOV-T3.4,KXECONSTATU3,KXECONSTATU3-26NOV,Unemployment rate in Nov 2026?,Exactly 3.4%,jobs_growth,active,US_or_global_US_relevant_proxy,2026-09-08T15:07:00Z,stale_observation,2026-09-05T01:00:00Z,86.11666666666666,,,,,,
KXECONSTATU3-26NOV-T3.3,KXECONSTATU3,KXECONSTATU3-26NOV,Unemployment rate in Nov 2026?,Exactly 3.3%,jobs_growth,active,US_or_global_US_relevant_proxy,2026-09-08T15:07:00Z,stale_observation,2026-09-05T01:00:00Z,86.11666666666666,,,,,,
KXECONSTATU3-26OCT-T5.5,KXECONSTATU3,KXECONSTATU3-26OCT,Unemployment rate in Oct 2026?,Exactly 5.5%,jobs_growth,active,US_or_global_US_relevant_proxy,2026-09-08T15:07:00Z,stale_observation,2026-09-04T20:00:00Z,91.11666666666666,,,,,,
KXECONSTATU3-26OCT-T5.4,KXECONSTATU3,KXECONSTATU3-26OCT,Unemployment rate in Oct 2026?,Exactly 5.4%,jobs_growth,active,US_or_global_US_relevant_proxy,2026-09-08T15:07:00Z,stale_observation,2026-09-04T20:00:00Z,91.11666666666666,,,,,,
KXECONSTATU3-26OCT-T5.3,KXECONSTATU3,KXECONSTATU3-26OCT,Unemployment rate in Oct 2026?,Exactly 5.3%,jobs_growth,active,US_or_global_US_relevant_proxy,2026-09-08T15:07:00Z,stale_observation,2026-09-04T20:00:00Z,91.11666666666666,,,,,,
KXECONSTATU3-26OCT-T5.2,KXECONSTATU3,KXECONSTATU3-26OCT,Unemployment rate in Oct 2026?,Exactly 5.2%,jobs_growth,active,US_or_global_US_relevant_proxy,2026-09-08T15:07:00Z,stale_observation,2026-09-04T20:00:00Z,91.11666666666666,,,,,,
KXECONSTATU3-26OCT-T5.1,KXECONSTATU3,KXECONSTATU3-26OCT,Unemployment rate in Oct 2026?,Exactly 5.1%,jobs_growth,active,US_or_global_US_relevant_proxy,2026-09-08T15:07:00Z,stale_observation,2026-09-04T20:00:00Z,91.11666666666666,,,,,,
KXECONSTATU3-26OCT-T5.0,KXECONSTATU3,KXECONSTATU3-26OCT,Unemployment rate in Oct 2026?,Exactly 5.0%,jobs_growth,active,US_or_global_US_relevant_proxy,2026-09-08T15:07:00Z,stale_observation,2026-09-04T20:00:00Z,91.11666666666666,,,,,,
KXECONSTATU3-26OCT-T4.9,KXECONSTATU3,KXECONSTATU3-26OCT,Unemployment rate in Oct 2026?,Exactly 4.9%,jobs_growth,active,US_or_global_US_relevant_proxy,2026-09-08T15:07:00Z,stale_observation,2026-09-04T20:00:00Z,91.11666666666666,,,,,,
KXECONSTATU3-26OCT-T4.8,KXECONSTATU3,KXECONSTATU3-26OCT,Unemployment rate in Oct 2026?,Exactly 4.8%,jobs_growth,active,US_or_global_US_relevant_proxy,2026-09-08T15:07:00Z,stale_observation,2026-09-04T20:00:00Z,91.11666666666666,,,,,,
KXECONSTATU3-26OCT-T4.7,KXECONSTATU3,KXECONSTATU3-26OCT,Unemployment rate in Oct 2026?,Exactly 4.7%,jobs_growth,active,US_or_global_US_relevant_proxy,2026-09-08T15:07:00Z,stale_observation,2026-09-04T20:00:00Z,91.11666666666666,,,,,,
KXECONSTATU3-26OCT-T4.6,KXECONSTATU3,KXECONSTATU3-26OCT,Unemployment rate in Oct 2026?,Exactly 4.6%,jobs_growth,active,US_or_global_US_relevant_proxy,2026-09-08T15:07:00Z,stale_observation,2026-09-04T21:00:00Z,90.11666666666666,,,,,,
KXECONSTATU3-26OCT-T4.5,KXECONSTATU3,KXECONSTATU3-26OCT,Unemployment rate in Oct 2026?,Exactly 4.5%,jobs_growth,active,US_or_global_US_relevant_proxy,2026-09-08T15:07:00Z,stale_observation,2026-09-04T20:00:00Z,91.11666666666666,,,,,,
KXECONSTATU3-26OCT-T4.4,KXECONSTATU3,KXECONSTATU3-26OCT,Unemployment rate in Oct 2026?,Exactly 4.4%,jobs_growth,active,US_or_global_US_relevant_proxy,2026-09-08T15:07:00Z,stale_observation,2026-09-04T20:00:00Z,91.11666666666666,,,,,,
KXECONSTATU3-26OCT-T4.3,KXECONSTATU3,KXECONSTATU3-26OCT,Unemployment rate in Oct 2026?,Exactly 4.3%,jobs_growth,active,US_or_global_US_relevant_proxy,2026-09-08T15:07:00Z,stale_observation,2026-09-04T20:00:00Z,91.11666666666666,,,,,,
KXECONSTATU3-26OCT-T4.2,KXECONSTATU3,KXECONSTATU3-26OCT,Unemployment rate in Oct 2026?,Exactly 4.2%,jobs_growth,active,US_or_global_US_relevant_proxy,2026-09-08T15:07:00Z,stale_observation,2026-09-04T20:00:00Z,91.11666666666666,,,,,,
KXECONSTATU3-26OCT-T4.1,KXECONSTATU3,KXECONSTATU3-26OCT,Unemployment rate in Oct 2026?,Exactly 4.1%,jobs_growth,active,US_or_global_US_relevant_proxy,2026-09-08T15:07:00Z,stale_observation,2026-09-05T17:00:00Z,70.11666666666666,,,,,,
KXECONSTATU3-26OCT-T4.0,KXECONSTATU3,KXECONSTATU3-26OCT,Unemployment rate in Oct 2026?,Exactly 4.0%,jobs_growth,active,US_or_global_US_relevant_proxy,2026-09-08T15:07:00Z,stale_observation,2026-09-04T20:00:00Z,91.11666666666666,,,,,,
KXECONSTATU3-26OCT-T3.9,KXECONSTATU3,KXECONSTATU3-26OCT,Unemployment rate in Oct 2026?,Exactly 3.9%,jobs_growth,active,US_or_global_US_relevant_proxy,2026-09-08T15:07:00Z,stale_observation,2026-09-04T20:00:00Z,91.11666666666666,,,,,,
KXECONSTATU3-26OCT-T3.8,KXECONSTATU3,KXECONSTATU3-26OCT,Unemployment rate in Oct 2026?,Exactly 3.8%,jobs_growth,active,US_or_global_US_relevant_proxy,2026-09-08T15:07:00Z,stale_observation,2026-09-04T20:00:00Z,91.11666666666666,,,,,,
KXECONSTATU3-26OCT-T3.7,KXECONSTATU3,KXECONSTATU3-26OCT,Unemployment rate in Oct 2026?,Exactly 3.7%,jobs_growth,active,US_or_global_US_relevant_proxy,2026-09-08T15:07:00Z,stale_observation,2026-09-04T20:00:00Z,91.11666666666666,,,,,,
KXECONSTATU3-26OCT-T3.6,KXECONSTATU3,KXECONSTATU3-26OCT,Unemployment rate in Oct 2026?,Exactly 3.6%,jobs_growth,active,US_or_global_US_relevant_proxy,2026-09-08T15:07:00Z,stale_observation,2026-09-04T20:00:00Z,91.11666666666666,,,,,,
KXECONSTATU3-26OCT-T3.5,KXECONSTATU3,KXECONSTATU3-26OCT,Unemployment rate in Oct 2026?,Exactly 3.5%,jobs_growth,active,US_or_global_US_relevant_proxy,2026-09-08T15:07:00Z,stale_observation,2026-09-04T20:00:00Z,91.11666666666666,,,,,,
KXECONSTATU3-26OCT-T3.4,KXECONSTATU3,KXECONSTATU3-26OCT,Unemployment rate in Oct 2026?,Exactly 3.4%,jobs_growth,active,US_or_global_US_relevant_proxy,2026-09-08T15:07:00Z,stale_observation,2026-09-04T20:00:00Z,91.11666666666666,,,,,,
KXECONSTATU3-26OCT-T3.3,KXECONSTATU3,KXECONSTATU3-26OCT,Unemployment rate in Oct 2026?,Exactly 3.3%,jobs_growth,active,US_or_global_US_relevant_proxy,2026-09-08T15:07:00Z,stale_observation,2026-09-04T20:00:00Z,91.11666666666666,,,,,,
KXECONSTATU3-26AUG-T5.5,KXECONSTATU3,KXECONSTATU3-26AUG,Unemployment rate in Aug 2026?,Exactly 5.5%,jobs_growth,finalized,US_or_global_US_relevant_proxy,,closed_before_frozen_asof,,,,,,,,
KXECONSTATU3-26AUG-T5.4,KXECONSTATU3,KXECONSTATU3-26AUG,Unemployment rate in Aug 2026?,Exactly 5.4%,jobs_growth,finalized,US_or_global_US_relevant_proxy,,closed_before_frozen_asof,,,,,,,,
KXECONSTATU3-26AUG-T5.3,KXECONSTATU3,KXECONSTATU3-26AUG,Unemployment rate in Aug 2026?,Exactly 5.3%,jobs_growth,finalized,US_or_global_US_relevant_proxy,,closed_before_frozen_asof,,,,,,,,
KXECONSTATU3-26AUG-T5.2,KXECONSTATU3,KXECONSTATU3-26AUG,Unemployment rate in Aug 2026?,Exactly 5.2%,jobs_growth,finalized,US_or_global_US_relevant_proxy,,closed_before_frozen_asof,,,,,,,,
KXECONSTATU3-26AUG-T5.1,KXECONSTATU3,KXECONSTATU3-26AUG,Unemployment rate in Aug 2026?,Exactly 5.1%,jobs_growth,finalized,US_or_global_US_relevant_proxy,,closed_before_frozen_asof,,,,,,,,
KXECONSTATU3-26AUG-T5.0,KXECONSTATU3,KXECONSTATU3-26AUG,Unemployment rate in Aug 2026?,Exactly 5.0%,jobs_growth,finalized,US_or_global_US_relevant_proxy,,closed_before_frozen_asof,,,,,,,,
KXECONSTATU3-26AUG-T4.9,KXECONSTATU3,KXECONSTATU3-26AUG,Unemployment rate in Aug 2026?,Exactly 4.9%,jobs_growth,finalized,US_or_global_US_relevant_proxy,,closed_before_frozen_asof,,,,,,,,
KXECONSTATU3-26AUG-T4.8,KXECONSTATU3,KXECONSTATU3-26AUG,Unemployment rate in Aug 2026?,Exactly 4.8%,jobs_growth,finalized,US_or_global_US_relevant_proxy,,closed_before_frozen_asof,,,,,,,,
KXECONSTATU3-26AUG-T4.7,KXECONSTATU3,KXECONSTATU3-26AUG,Unemployment rate in Aug 2026?,Exactly 4.7%,jobs_growth,finalized,US_or_global_US_relevant_proxy,,closed_before_frozen_asof,,,,,,,,
KXECONSTATU3-26AUG-T4.6,KXECONSTATU3,KXECONSTATU3-26AUG,Unemployment rate in Aug 2026?,Exactly 4.6%,jobs_growth,finalized,US_or_global_US_relevant_proxy,,closed_before_frozen_asof,,,,,,,,
KXECONSTATU3-26AUG-T4.5,KXECONSTATU3,KXECONSTATU3-26AUG,Unemployment rate in Aug 2026?,Exactly 4.5%,jobs_growth,finalized,US_or_global_US_relevant_proxy,,closed_before_frozen_asof,,,,,,,,
KXECONSTATU3-26AUG-T4.4,KXECONSTATU3,KXECONSTATU3-26AUG,Unemployment rate in Aug 2026?,Exactly 4.4%,jobs_growth,finalized,US_or_global_US_relevant_proxy,,closed_before_frozen_asof,,,,,,,,
KXECONSTATU3-26AUG-T4.3,KXECONSTATU3,KXECONSTATU3-26AUG,Unemployment rate in Aug 2026?,Exactly 4.3%,jobs_growth,finalized,US_or_global_US_relevant_proxy,,closed_before_frozen_asof,,,,,,,,
KXECONSTATU3-26AUG-T4.2,KXECONSTATU3,KXECONSTATU3-26AUG,Unemployment rate in Aug 2026?,Exactly 4.2%,jobs_growth,finalized,US_or_global_US_relevant_proxy,,closed_before_frozen_asof,,,,,,,,
KXECONSTATU3-26AUG-T4.1,KXECONSTATU3,KXECONSTATU3-26AUG,Unemployment rate in Aug 2026?,Exactly 4.1%,jobs_growth,finalized,US_or_global_US_relevant_proxy,,closed_before_frozen_asof,,,,,,,,
KXECONSTATU3-26AUG-T4.0,KXECONSTATU3,KXECONSTATU3-26AUG,Unemployment rate in Aug 2026?,Exactly 4.0%,jobs_growth,finalized,US_or_global_US_relevant_proxy,,closed_before_frozen_asof,,,,,,,,
KXECONSTATU3-26AUG-T3.9,KXECONSTATU3,KXECONSTATU3-26AUG,Unemployment rate in Aug 2026?,Exactly 3.9%,jobs_growth,finalized,US_or_global_US_relevant_proxy,,closed_before_frozen_asof,,,,,,,,
KXECONSTATU3-26AUG-T3.8,KXECONSTATU3,KXECONSTATU3-26AUG,Unemployment rate in Aug 2026?,Exactly 3.8%,jobs_growth,finalized,US_or_global_US_relevant_proxy,,closed_before_frozen_asof,,,,,,,,
KXECONSTATU3-26AUG-T3.7,KXECONSTATU3,KXECONSTATU3-26AUG,Unemployment rate in Aug 2026?,Exactly 3.7%,jobs_growth,finalized,US_or_global_US_relevant_proxy,,closed_before_frozen_asof,,,,,,,,
KXECONSTATU3-26AUG-T3.6,KXECONSTATU3,KXECONSTATU3-26AUG,Unemployment rate in Aug 2026?,Exactly 3.6%,jobs_growth,finalized,US_or_global_US_relevant_proxy,,closed_before_frozen_asof,,,,,,,,
KXECONSTATU3-26AUG-T3.5,KXECONSTATU3,KXECONSTATU3-26AUG,Unemployment rate in Aug 2026?,Exactly 3.5%,jobs_growth,finalized,US_or_global_US_relevant_proxy,,closed_before_frozen_asof,,,,,,,,
KXECONSTATU3-26AUG-T3.4,KXECONSTATU3,KXECONSTATU3-26AUG,Unemployment rate in Aug 2026?,Exactly 3.4%,jobs_growth,finalized,US_or_global_US_relevant_proxy,,closed_before_frozen_asof,,,,,,,,
KXECONSTATU3-26AUG-T3.3,KXECONSTATU3,KXECONSTATU3-26AUG,Unemployment rate in Aug 2026?,Exactly 3.3%,jobs_growth,finalized,US_or_global_US_relevant_proxy,,closed_before_frozen_asof,,,,,,,,
KXECONSTATU3-26SEP-T5.5,KXECONSTATU3,KXECONSTATU3-26SEP,Unemployment rate in Sep 2026?,Exactly 5.5%,jobs_growth,active,US_or_global_US_relevant_proxy,2026-09-08T15:07:00Z,stale_observation,2026-09-06T20:00:00Z,43.11666666666667,,,,,,
KXECONSTATU3-26SEP-T5.4,KXECONSTATU3,KXECONSTATU3-26SEP,Unemployment rate in Sep 2026?,Exactly 5.4%,jobs_growth,active,US_or_global_US_relevant_proxy,2026-09-08T15:07:00Z,stale_observation,2026-09-06T20:00:00Z,43.11666666666667,,,,,,
KXECONSTATU3-26SEP-T5.3,KXECONSTATU3,KXECONSTATU3-26SEP,Unemployment rate in Sep 2026?,Exactly 5.3%,jobs_growth,active,US_or_global_US_relevant_proxy,2026-09-08T15:07:00Z,stale_observation,2026-09-06T20:00:00Z,43.11666666666667,,,,,,
KXECONSTATU3-26SEP-T5.2,KXECONSTATU3,KXECONSTATU3-26SEP,Unemployment rate in Sep 2026?,Exactly 5.2%,jobs_growth,active,US_or_global_US_relevant_proxy,2026-09-08T15:07:00Z,stale_observation,2026-09-06T20:00:00Z,43.11666666666667,,,,,,
KXECONSTATU3-26SEP-T5.1,KXECONSTATU3,KXECONSTATU3-26SEP,Unemployment rate in Sep 2026?,Exactly 5.1%,jobs_growth,active,US_or_global_US_relevant_proxy,2026-09-08T15:07:00Z,stale_observation,2026-09-06T20:00:00Z,43.11666666666667,,,,,,
KXECONSTATU3-26SEP-T5.0,KXECONSTATU3,KXECONSTATU3-26SEP,Unemployment rate in Sep 2026?,Exactly 5.0%,jobs_growth,active,US_or_global_US_relevant_proxy,2026-09-08T15:07:00Z,stale_observation,2026-09-06T20:00:00Z,43.11666666666667,,,,,,
KXECONSTATU3-26SEP-T4.9,KXECONSTATU3,KXECONSTATU3-26SEP,Unemployment rate in Sep 2026?,Exactly 4.9%,jobs_growth,active,US_or_global_US_relevant_proxy,2026-09-08T15:07:00Z,stale_observation,2026-09-06T20:00:00Z,43.11666666666667,,,,,,
KXECONSTATU3-26SEP-T4.8,KXECONSTATU3,KXECONSTATU3-26SEP,Unemployment rate in Sep 2026?,Exactly 4.8%,jobs_growth,active,US_or_global_US_relevant_proxy,2026-09-08T15:07:00Z,stale_observation,2026-09-06T20:00:00Z,43.11666666666667,,,,,,
KXECONSTATU3-26SEP-T4.7,KXECONSTATU3,KXECONSTATU3-26SEP,Unemployment rate in Sep 2026?,Exactly 4.7%,jobs_growth,active,US_or_global_US_relevant_proxy,2026-09-08T15:07:00Z,stale_observation,2026-09-06T20:00:00Z,43.11666666666667,,,,,,
KXECONSTATU3-26SEP-T4.6,KXECONSTATU3,KXECONSTATU3-26SEP,Unemployment rate in Sep 2026?,Exactly 4.6%,jobs_growth,active,US_or_global_US_relevant_proxy,2026-09-08T15:07:00Z,stale_observation,2026-09-06T20:00:00Z,43.11666666666667,,,,,,
KXECONSTATU3-26SEP-T4.5,KXECONSTATU3,KXECONSTATU3-26SEP,Unemployment rate in Sep 2026?,Exactly 4.5%,jobs_growth,active,US_or_global_US_relevant_proxy,2026-09-08T15:07:00Z,stale_observation,2026-09-06T20:00:00Z,43.11666666666667,,,,,,
KXECONSTATU3-26SEP-T4.4,KXECONSTATU3,KXECONSTATU3-26SEP,Unemployment rate in Sep 2026?,Exactly 4.4%,jobs_growth,active,US_or_global_US_relevant_proxy,2026-09-08T15:07:00Z,usable,2026-09-07T21:00:00Z,18.116666666666667,0.065,0.05,0.08,0.03,216.99,bar_age_only_actual_quote_update_time_unavailable
KXECONSTATU3-26SEP-T4.3,KXECONSTATU3,KXECONSTATU3-26SEP,Unemployment rate in Sep 2026?,Exactly 4.3%,jobs_growth,active,US_or_global_US_relevant_proxy,2026-09-08T15:07:00Z,usable,2026-09-07T21:00:00Z,18.116666666666667,0.115,0.1,0.13,0.03,1809.53,bar_age_only_actual_quote_update_time_unavailable
KXECONSTATU3-26SEP-T4.2,KXECONSTATU3,KXECONSTATU3-26SEP,Unemployment rate in Sep 2026?,Exactly 4.2%,jobs_growth,active,US_or_global_US_relevant_proxy,2026-09-08T15:07:00Z,usable,2026-09-07T21:00:00Z,18.116666666666667,0.265,0.25,0.28,0.030000000000000027,2610.89,bar_age_only_actual_quote_update_time_unavailable
KXECONSTATU3-26SEP-T4.1,KXECONSTATU3,KXECONSTATU3-26SEP,Unemployment rate in Sep 2026?,Exactly 4.1%,jobs_growth,active,US_or_global_US_relevant_proxy,2026-09-08T15:07:00Z,stale_observation,2026-09-06T20:00:00Z,43.11666666666667,,,,,,
KXECONSTATU3-26SEP-T4.0,KXECONSTATU3,KXECONSTATU3-26SEP,Unemployment rate in Sep 2026?,Exactly 4.0%,jobs_growth,active,US_or_global_US_relevant_proxy,2026-09-08T15:07:00Z,usable,2026-09-08T15:00:00Z,0.11666666666666667,0.185,0.11,0.26,0.15000000000000002,958.28,bar_age_only_actual_quote_update_time_unavailable
KXECONSTATU3-26SEP-T3.9,KXECONSTATU3,KXECONSTATU3-26SEP,Unemployment rate in Sep 2026?,Exactly 3.9%,jobs_growth,active,US_or_global_US_relevant_proxy,2026-09-08T15:07:00Z,stale_observation,2026-09-06T20:00:00Z,43.11666666666667,,,,,,
KXECONSTATU3-26SEP-T3.8,KXECONSTATU3,KXECONSTATU3-26SEP,Unemployment rate in Sep 2026?,Exactly 3.8%,jobs_growth,active,US_or_global_US_relevant_proxy,2026-09-08T15:07:00Z,stale_observation,2026-09-06T20:00:00Z,43.11666666666667,,,,,,
KXECONSTATU3-26SEP-T3.7,KXECONSTATU3,KXECONSTATU3-26SEP,Unemployment rate in Sep 2026?,Exactly 3.7%,jobs_growth,active,US_or_global_US_relevant_proxy,2026-09-08T15:07:00Z,stale_observation,2026-09-06T20:00:00Z,43.11666666666667,,,,,,
KXECONSTATU3-26SEP-T3.6,KXECONSTATU3,KXECONSTATU3-26SEP,Unemployment rate in Sep 2026?,Exactly 3.6%,jobs_growth,active,US_or_global_US_relevant_proxy,2026-09-08T15:07:00Z,stale_observation,2026-09-06T20:00:00Z,43.11666666666667,,,,,,
KXECONSTATU3-26SEP-T3.5,KXECONSTATU3,KXECONSTATU3-26SEP,Unemployment rate in Sep 2026?,Exactly 3.5%,jobs_growth,active,US_or_global_US_relevant_proxy,2026-09-08T15:07:00Z,stale_observation,2026-09-06T20:00:00Z,43.11666666666667,,,,,,
KXECONSTATU3-26SEP-T3.4,KXECONSTATU3,KXECONSTATU3-26SEP,Unemployment rate in Sep 2026?,Exactly 3.4%,jobs_growth,active,US_or_global_US_relevant_proxy,2026-09-08T15:07:00Z,stale_observation,2026-09-06T20:00:00Z,43.11666666666667,,,,,,
KXECONSTATU3-26SEP-T3.3,KXECONSTATU3,KXECONSTATU3-26SEP,Unemployment rate in Sep 2026?,Exactly 3.3%,jobs_growth,active,US_or_global_US_relevant_proxy,2026-09-08T15:07:00Z,stale_observation,2026-09-06T20:00:00Z,43.11666666666667,,,,,,
KXECONSTATU3-26JUL-T5.5,KXECONSTATU3,KXECONSTATU3-26JUL,Unemployment rate in Jul 2026?,Exactly 5.5%,jobs_growth,finalized,US_or_global_US_relevant_proxy,,closed_before_frozen_asof,,,,,,,,
KXECONSTATU3-26JUL-T5.4,KXECONSTATU3,KXECONSTATU3-26JUL,Unemployment rate in Jul 2026?,Exactly 5.4%,jobs_growth,finalized,US_or_global_US_relevant_proxy,,closed_before_frozen_asof,,,,,,,,
KXECONSTATU3-26JUL-T5.3,KXECONSTATU3,KXECONSTATU3-26JUL,Unemployment rate in Jul 2026?,Exactly 5.3%,jobs_growth,finalized,US_or_global_US_relevant_proxy,,closed_before_frozen_asof,,,,,,,,
KXECONSTATU3-26JUL-T5.2,KXECONSTATU3,KXECONSTATU3-26JUL,Unemployment rate in Jul 2026?,Exactly 5.2%,jobs_growth,finalized,US_or_global_US_relevant_proxy,,closed_before_frozen_asof,,,,,,,,
KXECONSTATU3-26JUL-T5.1,KXECONSTATU3,KXECONSTATU3-26JUL,Unemployment rate in Jul 2026?,Exactly 5.1%,jobs_growth,finalized,US_or_global_US_relevant_proxy,,closed_before_frozen_asof,,,,,,,,
KXECONSTATU3-26JUL-T5.0,KXECONSTATU3,KXECONSTATU3-26JUL,Unemployment rate in Jul 2026?,Exactly 5.0%,jobs_growth,finalized,US_or_global_US_relevant_proxy,,closed_before_frozen_asof,,,,,,,,
KXECONSTATU3-26JUL-T4.9,KXECONSTATU3,KXECONSTATU3-26JUL,Unemployment rate in Jul 2026?,Exactly 4.9%,jobs_growth,finalized,US_or_global_US_relevant_proxy,,closed_before_frozen_asof,,,,,,,,
KXECONSTATU3-26JUL-T4.8,KXECONSTATU3,KXECONSTATU3-26JUL,Unemployment rate in Jul 2026?,Exactly 4.8%,jobs_growth,finalized,US_or_global_US_relevant_proxy,,closed_before_frozen_asof,,,,,,,,
KXECONSTATU3-26JUL-T4.7,KXECONSTATU3,KXECONSTATU3-26JUL,Unemployment rate in Jul 2026?,Exactly 4.7%,jobs_growth,finalized,US_or_global_US_relevant_proxy,,closed_before_frozen_asof,,,,,,,,
KXECONSTATU3-26JUL-T4.6,KXECONSTATU3,KXECONSTATU3-26JUL,Unemployment rate in Jul 2026?,Exactly 4.6%,jobs_growth,finalized,US_or_global_US_relevant_proxy,,closed_before_frozen_asof,,,,,,,,
KXECONSTATU3-26JUL-T4.5,KXECONSTATU3,KXECONSTATU3-26JUL,Unemployment rate in Jul 2026?,Exactly 4.5%,jobs_growth,finalized,US_or_global_US_relevant_proxy,,closed_before_frozen_asof,,,,,,,,
KXECONSTATU3-26JUL-T4.4,KXECONSTATU3,KXECONSTATU3-26JUL,Unemployment rate in Jul 2026?,Exactly 4.4%,jobs_growth,finalized,US_or_global_US_relevant_proxy,,closed_before_frozen_asof,,,,,,,,
KXECONSTATU3-26JUL-T4.3,KXECONSTATU3,KXECONSTATU3-26JUL,Unemployment rate in Jul 2026?,Exactly 4.3%,jobs_growth,finalized,US_or_global_US_relevant_proxy,,closed_before_frozen_asof,,,,,,,,
KXECONSTATU3-26JUL-T4.2,KXECONSTATU3,KXECONSTATU3-26JUL,Unemployment rate in Jul 2026?,Exactly 4.2%,jobs_growth,finalized,US_or_global_US_relevant_proxy,,closed_before_frozen_asof,,,,,,,,
KXECONSTATU3-26JUL-T4.1,KXECONSTATU3,KXECONSTATU3-26JUL,Unemployment rate in Jul 2026?,Exactly 4.1%,jobs_growth,finalized,US_or_global_US_relevant_proxy,,closed_before_frozen_asof,,,,,,,,
KXECONSTATU3-26JUL-T4.0,KXECONSTATU3,KXECONSTATU3-26JUL,Unemployment rate in Jul 2026?,Exactly 4.0%,jobs_growth,finalized,US_or_global_US_relevant_proxy,,closed_before_frozen_asof,,,,,,,,
KXECONSTATU3-26JUL-T3.9,KXECONSTATU3,KXECONSTATU3-26JUL,Unemployment rate in Jul 2026?,Exactly 3.9%,jobs_growth,finalized,US_or_global_US_relevant_proxy,,closed_before_frozen_asof,,,,,,,,
KXECONSTATU3-26JUL-T3.8,KXECONSTATU3,KXECONSTATU3-26JUL,Unemployment rate in Jul 2026?,Exactly 3.8%,jobs_growth,finalized,US_or_global_US_relevant_proxy,,closed_before_frozen_asof,,,,,,,,
KXECONSTATU3-26JUL-T3.7,KXECONSTATU3,KXECONSTATU3-26JUL,Unemployment rate in Jul 2026?,Exactly 3.7%,jobs_growth,finalized,US_or_global_US_relevant_proxy,,closed_before_frozen_asof,,,,,,,,
KXECONSTATU3-26JUL-T3.6,KXECONSTATU3,KXECONSTATU3-26JUL,Unemployment rate in Jul 2026?,Exactly 3.6%,jobs_growth,finalized,US_or_global_US_relevant_proxy,,closed_before_frozen_asof,,,,,,,,
KXECONSTATU3-26JUL-T3.5,KXECONSTATU3,KXECONSTATU3-26JUL,Unemployment rate in Jul 2026?,Exactly 3.5%,jobs_growth,finalized,US_or_global_US_relevant_proxy,,closed_before_frozen_asof,,,,,,,,
KXECONSTATU3-26JUL-T3.4,KXECONSTATU3,KXECONSTATU3-26JUL,Unemployment rate in Jul 2026?,Exactly 3.4%,jobs_growth,finalized,US_or_global_US_relevant_proxy,,closed_before_frozen_asof,,,,,,,,
KXECONSTATU3-26JUL-T3.3,KXECONSTATU3,KXECONSTATU3-26JUL,Unemployment rate in Jul 2026?,Exactly 3.3%,jobs_growth,finalized,US_or_global_US_relevant_proxy,,closed_before_frozen_asof,,,,,,,,
KXEHSALES-26JUL09-T4.50,KXEHSALES,KXEHSALES-26JUL09,Will US existing home sales for June 2026 be above 4.50M?,Above 4.50M,housing,finalized,US_or_global_US_relevant_proxy,,closed_before_frozen_asof,,,,,,,,
KXEHSALES-26JUL09-T4.40,KXEHSALES,KXEHSALES-26JUL09,Will US existing home sales for June 2026 be above 4.40M?,Above 4.40M,housing,finalized,US_or_global_US_relevant_proxy,,closed_before_frozen_asof,,,,,,,,
KXEHSALES-26JUL09-T4.30,KXEHSALES,KXEHSALES-26JUL09,Will US existing home sales for June 2026 be above 4.30M?,Above 4.30M,housing,finalized,US_or_global_US_relevant_proxy,,closed_before_frozen_asof,,,,,,,,
KXEHSALES-26JUL09-T4.20,KXEHSALES,KXEHSALES-26JUL09,Will US existing home sales for June 2026 be above 4.20M?,Above 4.20M,housing,finalized,US_or_global_US_relevant_proxy,,closed_before_frozen_asof,,,,,,,,
KXEHSALES-26JUL09-T4.10,KXEHSALES,KXEHSALES-26JUL09,Will US existing home sales for June 2026 be above 4.10M?,Above 4.10M,housing,finalized,US_or_global_US_relevant_proxy,,closed_before_frozen_asof,,,,,,,,
KXEHSALES-26JUL09-T4.00,KXEHSALES,KXEHSALES-26JUL09,Will US existing home sales for June 2026 be above 4.00M?,Above 4.00M,housing,finalized,US_or_global_US_relevant_proxy,,closed_before_frozen_asof,,,,,,,,
KXEHSALES-26JUL09-T3.90,KXEHSALES,KXEHSALES-26JUL09,Will US existing home sales for June 2026 be above 3.90M?,Above 3.90M,housing,finalized,US_or_global_US_relevant_proxy,,closed_before_frozen_asof,,,,,,,,
KXEHSALES-26JUL09-T3.80,KXEHSALES,KXEHSALES-26JUL09,Will US existing home sales for June 2026 be above 3.80M?,Above 3.80M,housing,finalized,US_or_global_US_relevant_proxy,,closed_before_frozen_asof,,,,,,,,
KXEHSALES-26JUN09-T4.40,KXEHSALES,KXEHSALES-26JUN09,Will US existing home sales for May 2026 be above 4.40M?,Above 4.40M,housing,finalized,US_or_global_US_relevant_proxy,,closed_before_frozen_asof,,,,,,,,
KXEHSALES-26JUN09-T4.30,KXEHSALES,KXEHSALES-26JUN09,Will US existing home sales for May 2026 be above 4.30M?,Above 4.30M,housing,finalized,US_or_global_US_relevant_proxy,,closed_before_frozen_asof,,,,,,,,
KXEHSALES-26JUN09-T4.20,KXEHSALES,KXEHSALES-26JUN09,Will US existing home sales for May 2026 be above 4.20M?,Above 4.20M,housing,finalized,US_or_global_US_relevant_proxy,,closed_before_frozen_asof,,,,,,,,
KXEHSALES-26JUN09-T4.10,KXEHSALES,KXEHSALES-26JUN09,Will US existing home sales for May 2026 be above 4.10M?,Above 4.10M,housing,finalized,US_or_global_US_relevant_proxy,,closed_before_frozen_asof,,,,,,,,
KXEHSALES-26JUN09-T4.00,KXEHSALES,KXEHSALES-26JUN09,Will US existing home sales for May 2026 be above 4.00M?,Above 4.00M,housing,finalized,US_or_global_US_relevant_proxy,,closed_before_frozen_asof,,,,,,,,
KXEHSALES-26JUN09-T3.90,KXEHSALES,KXEHSALES-26JUN09,Will US existing home sales for May 2026 be above 3.90M?,Above 3.90M,housing,finalized,US_or_global_US_relevant_proxy,,closed_before_frozen_asof,,,,,,,,
KXEHSALES-26JUN09-T3.80,KXEHSALES,KXEHSALES-26JUN09,Will US existing home sales for May 2026 be above 3.80M?,Above 3.80M,housing,finalized,US_or_global_US_relevant_proxy,,closed_before_frozen_asof,,,,,,,,
KXEHSALES-26JUN09-T3.70,KXEHSALES,KXEHSALES-26JUN09,Will US existing home sales for May 2026 be above 3.70M?,Above 3.70M,housing,finalized,US_or_global_US_relevant_proxy,,closed_before_frozen_asof,,,,,,,,
KXEHSALES-26SEP10-T4.40,KXEHSALES,KXEHSALES-26SEP10,Will US existing home sales for August 2026 be above 4.40M?,Above 4.40M,housing,active,US_or_global_US_relevant_proxy,2026-09-08T15:07:00Z,stale_observation,2026-09-07T08:00:00Z,31.116666666666667,,,,,,
KXEHSALES-26SEP10-T4.30,KXEHSALES,KXEHSALES-26SEP10,Will US existing home sales for August 2026 be above 4.30M?,Above 4.30M,housing,active,US_or_global_US_relevant_proxy,2026-09-08T15:07:00Z,usable,2026-09-08T09:00:00Z,6.116666666666666,0.07,0.04,0.1,0.060000000000000005,486.16,bar_age_only_actual_quote_update_time_unavailable
KXEHSALES-26SEP10-T4.20,KXEHSALES,KXEHSALES-26SEP10,Will US existing home sales for August 2026 be above 4.20M?,Above 4.20M,housing,active,US_or_global_US_relevant_proxy,2026-09-08T15:07:00Z,stale_observation,2026-09-07T02:00:00Z,37.11666666666667,,,,,,
KXEHSALES-26SEP10-T4.10,KXEHSALES,KXEHSALES-26SEP10,Will US existing home sales for August 2026 be above 4.10M?,Above 4.10M,housing,active,US_or_global_US_relevant_proxy,2026-09-08T15:07:00Z,stale_observation,2026-09-04T18:00:00Z,93.11666666666666,,,,,,
KXEHSALES-26SEP10-T4.00,KXEHSALES,KXEHSALES-26SEP10,Will US existing home sales for August 2026 be above 4.00M?,Above 4.00M,housing,active,US_or_global_US_relevant_proxy,2026-09-08T15:07:00Z,stale_observation,2026-09-04T18:00:00Z,93.11666666666666,,,,,,
KXEHSALES-26SEP10-T3.90,KXEHSALES,KXEHSALES-26SEP10,Will US existing home sales for August 2026 be above 3.90M?,Above 3.90M,housing,active,US_or_global_US_relevant_proxy,2026-09-08T15:07:00Z,usable,2026-09-08T13:00:00Z,2.1166666666666667,0.895,0.85,0.94,0.08999999999999997,2289.69,bar_age_only_actual_quote_update_time_unavailable
KXEHSALES-26SEP10-T3.80,KXEHSALES,KXEHSALES-26SEP10,Will US existing home sales for August 2026 be above 3.80M?,Above 3.80M,housing,active,US_or_global_US_relevant_proxy,2026-09-08T15:07:00Z,usable,2026-09-08T13:00:00Z,2.1166666666666667,0.9199999999999999,0.87,0.97,0.09999999999999998,1411.84,bar_age_only_actual_quote_update_time_unavailable
KXEHSALES-26SEP10-T3.70,KXEHSALES,KXEHSALES-26SEP10,Will US existing home sales for August 2026 be above 3.70M?,Above 3.70M,housing,active,US_or_global_US_relevant_proxy,2026-09-08T15:07:00Z,stale_observation,2026-09-05T14:00:00Z,73.11666666666666,,,,,,
KXEHSALES-26AUG11-T4.50,KXEHSALES,KXEHSALES-26AUG11,Will US existing home sales for July 2026 be above 4.50M?,Above 4.50M,housing,finalized,US_or_global_US_relevant_proxy,,closed_before_frozen_asof,,,,,,,,
KXEHSALES-26AUG11-T4.40,KXEHSALES,KXEHSALES-26AUG11,Will US existing home sales for July 2026 be above 4.40M?,Above 4.40M,housing,finalized,US_or_global_US_relevant_proxy,,closed_before_frozen_asof,,,,,,,,
KXEHSALES-26AUG11-T4.30,KXEHSALES,KXEHSALES-26AUG11,Will US existing home sales for July 2026 be above 4.30M?,Above 4.30M,housing,finalized,US_or_global_US_relevant_proxy,,closed_before_frozen_asof,,,,,,,,
KXEHSALES-26AUG11-T4.20,KXEHSALES,KXEHSALES-26AUG11,Will US existing home sales for July 2026 be above 4.20M?,Above 4.20M,housing,finalized,US_or_global_US_relevant_proxy,,closed_before_frozen_asof,,,,,,,,
KXEHSALES-26AUG11-T4.10,KXEHSALES,KXEHSALES-26AUG11,Will US existing home sales for July 2026 be above 4.10M?,Above 4.10M,housing,finalized,US_or_global_US_relevant_proxy,,closed_before_frozen_asof,,,,,,,,
KXEHSALES-26AUG11-T4.00,KXEHSALES,KXEHSALES-26AUG11,Will US existing home sales for July 2026 be above 4.00M?,Above 4.00M,housing,finalized,US_or_global_US_relevant_proxy,,closed_before_frozen_asof,,,,,,,,
KXEHSALES-26AUG11-T3.90,KXEHSALES,KXEHSALES-26AUG11,Will US existing home sales for July 2026 be above 3.90M?,Above 3.90M,housing,finalized,US_or_global_US_relevant_proxy,,closed_before_frozen_asof,,,,,,,,
KXEHSALES-26AUG11-T3.80,KXEHSALES,KXEHSALES-26AUG11,Will US existing home sales for July 2026 be above 3.80M?,Above 3.80M,housing,finalized,US_or_global_US_relevant_proxy,,closed_before_frozen_asof,,,,,,,,
KXEXUSHOME-26SEP10-T455000,KXEXUSHOME,KXEXUSHOME-26SEP10,"Will Median Sales Price of Existing Homes (HOSMEDUSM052N) for August 2026 be above $455,000?","Above $455,000",housing,active,US_or_global_US_relevant_proxy,2026-09-08T15:07:00Z,usable,2026-09-07T21:00:00Z,18.116666666666667,0.055,0.0,0.11,0.11,110.0,bar_age_only_actual_quote_update_time_unavailable
KXEXUSHOME-26SEP10-T450000,KXEXUSHOME,KXEXUSHOME-26SEP10,"Will Median Sales Price of Existing Homes (HOSMEDUSM052N) for August 2026 be above $450,000?","Above $450,000",housing,active,US_or_global_US_relevant_proxy,2026-09-08T15:07:00Z,usable,2026-09-08T09:00:00Z,6.116666666666666,0.05,0.0,0.1,0.1,511.0,bar_age_only_actual_quote_update_time_unavailable
KXEXUSHOME-26SEP10-T445000,KXEXUSHOME,KXEXUSHOME-26SEP10,"Will Median Sales Price of Existing Homes (HOSMEDUSM052N) for August 2026 be above $445,000?","Above $445,000",housing,active,US_or_global_US_relevant_proxy,2026-09-08T15:07:00Z,usable,2026-09-08T10:00:00Z,5.116666666666666,0.1,0.06,0.14,0.08000000000000002,1824.66,bar_age_only_actual_quote_update_time_unavailable
KXEXUSHOME-26SEP10-T440000,KXEXUSHOME,KXEXUSHOME-26SEP10,"Will Median Sales Price of Existing Homes (HOSMEDUSM052N) for August 2026 be above $440,000?","Above $440,000",housing,active,US_or_global_US_relevant_proxy,2026-09-08T15:07:00Z,usable,2026-09-08T06:00:00Z,9.116666666666667,0.16999999999999998,0.12,0.22,0.1,1691.0,bar_age_only_actual_quote_update_time_unavailable
KXEXUSHOME-26SEP10-T435000,KXEXUSHOME,KXEXUSHOME-26SEP10,"Will Median Sales Price of Existing Homes (HOSMEDUSM052N) for August 2026 be above $435,000?","Above $435,000",housing,active,US_or_global_US_relevant_proxy,2026-09-08T15:07:00Z,stale_observation,2026-09-07T09:00:00Z,30.116666666666667,,,,,,
KXEXUSHOME-26SEP10-T430000,KXEXUSHOME,KXEXUSHOME-26SEP10,"Will Median Sales Price of Existing Homes (HOSMEDUSM052N) for August 2026 be above $430,000?","Above $430,000",housing,active,US_or_global_US_relevant_proxy,2026-09-08T15:07:00Z,stale_observation,2026-09-06T15:00:00Z,48.11666666666667,,,,,,
KXEXUSHOME-26SEP10-T425000,KXEXUSHOME,KXEXUSHOME-26SEP10,"Will Median Sales Price of Existing Homes (HOSMEDUSM052N) for August 2026 be above $425,000?","Above $425,000",housing,active,US_or_global_US_relevant_proxy,2026-09-08T15:07:00Z,usable,2026-09-08T10:00:00Z,5.116666666666666,0.845,0.73,0.96,0.22999999999999998,98.02,bar_age_only_actual_quote_update_time_unavailable
KXEXUSHOME-26SEP10-T420000,KXEXUSHOME,KXEXUSHOME-26SEP10,"Will Median Sales Price of Existing Homes (HOSMEDUSM052N) for August 2026 be above $420,000?","Above $420,000",housing,active,US_or_global_US_relevant_proxy,2026-09-08T15:07:00Z,usable,2026-09-08T09:00:00Z,6.116666666666666,0.905,0.83,0.98,0.15000000000000002,25.36,bar_age_only_actual_quote_update_time_unavailable
KXEXUSHOME-26SEP10-T415000,KXEXUSHOME,KXEXUSHOME-26SEP10,"Will Median Sales Price of Existing Homes (HOSMEDUSM052N) for August 2026 be above $415,000?","Above $415,000",housing,active,US_or_global_US_relevant_proxy,2026-09-08T15:07:00Z,stale_observation,2026-09-06T07:00:00Z,56.11666666666667,,,,,,
KXEXUSHOME-26AUG11-T455000,KXEXUSHOME,KXEXUSHOME-26AUG11,"Will Median Sales Price of Existing Homes (HOSMEDUSM052N) for July 2026 be above $455,000?","Above $455,000",housing,finalized,US_or_global_US_relevant_proxy,,closed_before_frozen_asof,,,,,,,,
KXEXUSHOME-26AUG11-T450000,KXEXUSHOME,KXEXUSHOME-26AUG11,"Will Median Sales Price of Existing Homes (HOSMEDUSM052N) for July 2026 be above $450,000?","Above $450,000",housing,finalized,US_or_global_US_relevant_proxy,,closed_before_frozen_asof,,,,,,,,
KXEXUSHOME-26AUG11-T445000,KXEXUSHOME,KXEXUSHOME-26AUG11,"Will Median Sales Price of Existing Homes (HOSMEDUSM052N) for July 2026 be above $445,000?","Above $445,000",housing,finalized,US_or_global_US_relevant_proxy,,closed_before_frozen_asof,,,,,,,,
KXEXUSHOME-26AUG11-T440000,KXEXUSHOME,KXEXUSHOME-26AUG11,"Will Median Sales Price of Existing Homes (HOSMEDUSM052N) for July 2026 be above $440,000?","Above $440,000",housing,finalized,US_or_global_US_relevant_proxy,,closed_before_frozen_asof,,,,,,,,
KXEXUSHOME-26AUG11-T435000,KXEXUSHOME,KXEXUSHOME-26AUG11,"Will Median Sales Price of Existing Homes (HOSMEDUSM052N) for July 2026 be above $435,000?","Above $435,000",housing,finalized,US_or_global_US_relevant_proxy,,closed_before_frozen_asof,,,,,,,,
KXEXUSHOME-26AUG11-T430000,KXEXUSHOME,KXEXUSHOME-26AUG11,"Will Median Sales Price of Existing Homes (HOSMEDUSM052N) for July 2026 be above $430,000?","Above $430,000",housing,finalized,US_or_global_US_relevant_proxy,,closed_before_frozen_asof,,,,,,,,
KXEXUSHOME-26AUG11-T425000,KXEXUSHOME,KXEXUSHOME-26AUG11,"Will Median Sales Price of Existing Homes (HOSMEDUSM052N) for July 2026 be above $425,000?","Above $425,000",housing,finalized,US_or_global_US_relevant_proxy,,closed_before_frozen_asof,,,,,,,,
KXEXUSHOME-26AUG11-T420000,KXEXUSHOME,KXEXUSHOME-26AUG11,"Will Median Sales Price of Existing Homes (HOSMEDUSM052N) for July 2026 be above $420,000?","Above $420,000",housing,finalized,US_or_global_US_relevant_proxy,,closed_before_frozen_asof,,,,,,,,
KXEXUSHOME-26AUG11-T415000,KXEXUSHOME,KXEXUSHOME-26AUG11,"Will Median Sales Price of Existing Homes (HOSMEDUSM052N) for July 2026 be above $415,000?","Above $415,000",housing,finalized,US_or_global_US_relevant_proxy,,closed_before_frozen_asof,,,,,,,,
KXFED-26JUN-T5.25,KXFED,KXFED-26JUN,"Will the upper bound of the federal funds rate be above 5.25% following the Fed's Jun 17, 2026 meeting?",Above 5.25%,fed_rates,finalized,US_or_global_US_relevant_proxy,,closed_before_frozen_asof,,,,,,,,
KXFED-26JUN-T5.00,KXFED,KXFED-26JUN,"Will the upper bound of the federal funds rate be above 5.00% following the Fed's Jun 17, 2026 meeting?",Above 5.00%,fed_rates,finalized,US_or_global_US_relevant_proxy,,closed_before_frozen_asof,,,,,,,,
KXFED-26JUN-T4.75,KXFED,KXFED-26JUN,"Will the upper bound of the federal funds rate be above 4.75% following the Fed's Jun 17, 2026 meeting?",Above 4.75%,fed_rates,finalized,US_or_global_US_relevant_proxy,,closed_before_frozen_asof,,,,,,,,
KXFED-26JUN-T4.50,KXFED,KXFED-26JUN,"Will the upper bound of the federal funds rate be above 4.50% following the Fed's Jun 17, 2026 meeting?",Above 4.50%,fed_rates,finalized,US_or_global_US_relevant_proxy,,closed_before_frozen_asof,,,,,,,,
KXFED-26JUN-T4.25,KXFED,KXFED-26JUN,"Will the upper bound of the federal funds rate be above 4.25% following the Fed's Jun 17, 2026 meeting?",Above 4.25%,fed_rates,finalized,US_or_global_US_relevant_proxy,,closed_before_frozen_asof,,,,,,,,
KXFED-26JUN-T4.00,KXFED,KXFED-26JUN,"Will the upper bound of the federal funds rate be above 4.00% following the Fed's Jun 17, 2026 meeting?",Above 4.00%,fed_rates,finalized,US_or_global_US_relevant_proxy,,closed_before_frozen_asof,,,,,,,,
KXFED-26JUN-T3.75,KXFED,KXFED-26JUN,"Will the upper bound of the federal funds rate be above 3.75% following the Fed's Jun 17, 2026 meeting?",Above 3.75%,fed_rates,finalized,US_or_global_US_relevant_proxy,,closed_before_frozen_asof,,,,,,,,
KXFED-26JUN-T3.50,KXFED,KXFED-26JUN,"Will the upper bound of the federal funds rate be above 3.50% following the Fed's Jun 17, 2026 meeting?",Above 3.50%,fed_rates,finalized,US_or_global_US_relevant_proxy,,closed_before_frozen_asof,,,,,,,,
KXFED-26JUN-T3.25,KXFED,KXFED-26JUN,"Will the upper bound of the federal funds rate be above 3.25% following the Fed's Jun 17, 2026 meeting?",Above 3.25%,fed_rates,finalized,US_or_global_US_relevant_proxy,,closed_before_frozen_asof,,,,,,,,
KXFED-26JUN-T3.00,KXFED,KXFED-26JUN,"Will the upper bound of the federal funds rate be above 3.00% following the Fed's Jun 17, 2026 meeting?",Above 3.00%,fed_rates,finalized,US_or_global_US_relevant_proxy,,closed_before_frozen_asof,,,,,,,,
KXFED-26JUN-T2.75,KXFED,KXFED-26JUN,"Will the upper bound of the federal funds rate be above 2.75% following the Fed's Jun 17, 2026 meeting?",Above 2.75%,fed_rates,finalized,US_or_global_US_relevant_proxy,,closed_before_frozen_asof,,,,,,,,
KXFED-27APR-T4.25,KXFED,KXFED-27APR,"Will the upper bound of the federal funds rate be above 4.25% following the Fed's Apr 28, 2027 meeting?",Above 4.25%,fed_rates,active,US_or_global_US_relevant_proxy,2026-09-08T15:07:00Z,usable,2026-09-08T12:00:00Z,3.1166666666666667,0.215,0.18,0.25,0.07,2049.01,bar_age_only_actual_quote_update_time_unavailable
KXFED-27APR-T4.00,KXFED,KXFED-27APR,"Will the upper bound of the federal funds rate be above 4.00% following the Fed's Apr 28, 2027 meeting?",Above 4.00%,fed_rates,active,US_or_global_US_relevant_proxy,2026-09-08T15:07:00Z,stale_observation,2026-09-07T01:00:00Z,38.11666666666667,,,,,,
KXFED-27APR-T3.75,KXFED,KXFED-27APR,"Will the upper bound of the federal funds rate be above 3.75% following the Fed's Apr 28, 2027 meeting?",Above 3.75%,fed_rates,active,US_or_global_US_relevant_proxy,2026-09-08T15:07:00Z,usable,2026-09-08T12:00:00Z,3.1166666666666667,0.61,0.6,0.62,0.020000000000000018,1687.23,bar_age_only_actual_quote_update_time_unavailable
KXFED-27APR-T3.50,KXFED,KXFED-27APR,"Will the upper bound of the federal funds rate be above 3.50% following the Fed's Apr 28, 2027 meeting?",Above 3.50%,fed_rates,active,US_or_global_US_relevant_proxy,2026-09-08T15:07:00Z,usable,2026-09-08T13:00:00Z,2.1166666666666667,0.685,0.66,0.71,0.04999999999999993,2174.38,bar_age_only_actual_quote_update_time_unavailable
KXFED-27APR-T3.25,KXFED,KXFED-27APR,"Will the upper bound of the federal funds rate be above 3.25% following the Fed's Apr 28, 2027 meeting?",Above 3.25%,fed_rates,active,US_or_global_US_relevant_proxy,2026-09-08T15:07:00Z,usable,2026-09-08T13:00:00Z,2.1166666666666667,0.565,0.5,0.63,0.13,1727.0,bar_age_only_actual_quote_update_time_unavailable
KXFED-27APR-T3.00,KXFED,KXFED-27APR,"Will the upper bound of the federal funds rate be above 3.00% following the Fed's Apr 28, 2027 meeting?",Above 3.00%,fed_rates,active,US_or_global_US_relevant_proxy,2026-09-08T15:07:00Z,usable,2026-09-07T20:00:00Z,19.116666666666667,0.7350000000000001,0.66,0.81,0.15000000000000002,1000.31,bar_age_only_actual_quote_update_time_unavailable
KXFED-27APR-T2.75,KXFED,KXFED-27APR,"Will the upper bound of the federal funds rate be above 2.75% following the Fed's Apr 28, 2027 meeting?",Above 2.75%,fed_rates,active,US_or_global_US_relevant_proxy,2026-09-08T15:07:00Z,usable,2026-09-07T22:00:00Z,17.116666666666667,0.81,0.76,0.86,0.09999999999999998,1347.65,bar_age_only_actual_quote_update_time_unavailable
KXFED-27APR-T2.50,KXFED,KXFED-27APR,"Will the upper bound of the federal funds rate be above 2.50% following the Fed's Apr 28, 2027 meeting?",Above 2.50%,fed_rates,active,US_or_global_US_relevant_proxy,2026-09-08T15:07:00Z,stale_observation,2026-09-07T13:00:00Z,26.116666666666667,,,,,,
KXFED-27APR-T2.25,KXFED,KXFED-27APR,"Will the upper bound of the federal funds rate be above 2.25% following the Fed's Apr 28, 2027 meeting?",Above 2.25%,fed_rates,active,US_or_global_US_relevant_proxy,2026-09-08T15:07:00Z,usable,2026-09-07T21:00:00Z,18.116666666666667,0.8600000000000001,0.79,0.93,0.14,1035.44,bar_age_only_actual_quote_update_time_unavailable
KXFED-27APR-T2.00,KXFED,KXFED-27APR,"Will the upper bound of the federal funds rate be above 2.00% following the Fed's Apr 28, 2027 meeting?",Above 2.00%,fed_rates,active,US_or_global_US_relevant_proxy,2026-09-08T15:07:00Z,usable,2026-09-07T21:00:00Z,18.116666666666667,0.79,0.67,0.91,0.24,1076.64,bar_age_only_actual_quote_update_time_unavailable
KXFED-27APR-T1.75,KXFED,KXFED-27APR,"Will the upper bound of the federal funds rate be above 1.75% following the Fed's Apr 28, 2027 meeting?",Above 1.75%,fed_rates,active,US_or_global_US_relevant_proxy,2026-09-08T15:07:00Z,usable,2026-09-08T15:00:00Z,0.11666666666666667,0.845,0.79,0.9,0.10999999999999999,598.27,bar_age_only_actual_quote_update_time_unavailable
KXFED-27APR-T1.50,KXFED,KXFED-27APR,"Will the upper bound of the federal funds rate be above 1.50% following the Fed's Apr 28, 2027 meeting?",Above 1.50%,fed_rates,active,US_or_global_US_relevant_proxy,2026-09-08T15:07:00Z,usable,2026-09-08T15:00:00Z,0.11666666666666667,0.775,0.67,0.88,0.20999999999999996,986.27,bar_age_only_actual_quote_update_time_unavailable
KXFED-27APR-T1.25,KXFED,KXFED-27APR,"Will the upper bound of the federal funds rate be above 1.25% following the Fed's Apr 28, 2027 meeting?",Above 1.25%,fed_rates,active,US_or_global_US_relevant_proxy,2026-09-08T15:07:00Z,usable,2026-09-08T12:00:00Z,3.1166666666666667,0.835,0.81,0.86,0.04999999999999993,2968.56,bar_age_only_actual_quote_update_time_unavailable
KXFED-27APR-T1.00,KXFED,KXFED-27APR,"Will the upper bound of the federal funds rate be above 1.00% following the Fed's Apr 28, 2027 meeting?",Above 1.00%,fed_rates,active,US_or_global_US_relevant_proxy,2026-09-08T15:07:00Z,usable,2026-09-08T15:00:00Z,0.11666666666666667,0.905,0.86,0.95,0.08999999999999997,991.55,bar_age_only_actual_quote_update_time_unavailable
KXFED-27APR-T0.75,KXFED,KXFED-27APR,"Will the upper bound of the federal funds rate be above 0.75% following the Fed's Apr 28, 2027 meeting?",Above 0.75%,fed_rates,active,US_or_global_US_relevant_proxy,2026-09-08T15:07:00Z,usable,2026-09-08T15:00:00Z,0.11666666666666667,0.9099999999999999,0.85,0.97,0.12,1030.0,bar_age_only_actual_quote_update_time_unavailable
KXFED-27APR-T0.50,KXFED,KXFED-27APR,"Will the upper bound of the federal funds rate be above 0.50% following the Fed's Apr 28, 2027 meeting?",Above 0.50%,fed_rates,active,US_or_global_US_relevant_proxy,2026-09-08T15:07:00Z,usable,2026-09-07T21:00:00Z,18.116666666666667,0.915,0.83,1.0,0.17000000000000004,1131.0,bar_age_only_actual_quote_update_time_unavailable
KXFED-27APR-T0.25,KXFED,KXFED-27APR,"Will the upper bound of the federal funds rate be above 0.25% following the Fed's Apr 28, 2027 meeting?",Above 0.25%,fed_rates,active,US_or_global_US_relevant_proxy,2026-09-08T15:07:00Z,usable,2026-09-08T00:00:00Z,15.116666666666667,0.935,0.87,1.0,0.13,622.16,bar_age_only_actual_quote_update_time_unavailable
KXFED-27APR-T0.00,KXFED,KXFED-27APR,"Will the upper bound of the federal funds rate be above 0.00% following the Fed's Apr 28, 2027 meeting?",Above 0.00%,fed_rates,active,US_or_global_US_relevant_proxy,2026-09-08T15:07:00Z,usable,2026-09-07T21:00:00Z,18.116666666666667,0.9299999999999999,0.87,0.99,0.12,933.52,bar_age_only_actual_quote_update_time_unavailable
KXFED-27MAR-T4.25,KXFED,KXFED-27MAR,"Will the upper bound of the federal funds rate be above 4.25% following the Fed's Mar 17, 2027 meeting?",Above 4.25%,fed_rates,active,US_or_global_US_relevant_proxy,2026-09-08T15:07:00Z,stale_observation,2026-09-07T09:00:00Z,30.116666666666667,,,,,,
KXFED-27MAR-T4.00,KXFED,KXFED-27MAR,"Will the upper bound of the federal funds rate be above 4.00% following the Fed's Mar 17, 2027 meeting?",Above 4.00%,fed_rates,active,US_or_global_US_relevant_proxy,2026-09-08T15:07:00Z,usable,2026-09-08T15:00:00Z,0.11666666666666667,0.29,0.17,0.41,0.23999999999999996,596.0,bar_age_only_actual_quote_update_time_unavailable
KXFED-27MAR-T3.75,KXFED,KXFED-27MAR,"Will the upper bound of the federal funds rate be above 3.75% following the Fed's Mar 17, 2027 meeting?",Above 3.75%,fed_rates,active,US_or_global_US_relevant_proxy,2026-09-08T15:07:00Z,stale_observation,2026-09-02T17:00:00Z,142.11666666666667,,,,,,
KXFED-27MAR-T3.50,KXFED,KXFED-27MAR,"Will the upper bound of the federal funds rate be above 3.50% following the Fed's Mar 17, 2027 meeting?",Above 3.50%,fed_rates,active,US_or_global_US_relevant_proxy,2026-09-08T15:07:00Z,stale_observation,2026-08-12T08:00:00Z,655.1166666666667,,,,,,
KXFED-27MAR-T3.25,KXFED,KXFED-27MAR,"Will the upper bound of the federal funds rate be above 3.25% following the Fed's Mar 17, 2027 meeting?",Above 3.25%,fed_rates,active,US_or_global_US_relevant_proxy,2026-09-08T15:07:00Z,usable,2026-09-08T15:00:00Z,0.11666666666666667,0.815,0.69,0.94,0.25,723.94,bar_age_only_actual_quote_update_time_unavailable
KXFED-27MAR-T3.00,KXFED,KXFED-27MAR,"Will the upper bound of the federal funds rate be above 3.00% following the Fed's Mar 17, 2027 meeting?",Above 3.00%,fed_rates,active,US_or_global_US_relevant_proxy,2026-09-08T15:07:00Z,stale_observation,2026-09-04T17:00:00Z,94.11666666666666,,,,,,
KXFED-27MAR-T2.75,KXFED,KXFED-27MAR,"Will the upper bound of the federal funds rate be above 2.75% following the Fed's Mar 17, 2027 meeting?",Above 2.75%,fed_rates,active,US_or_global_US_relevant_proxy,2026-09-08T15:07:00Z,stale_observation,2026-09-04T17:00:00Z,94.11666666666666,,,,,,
KXFED-27MAR-T2.50,KXFED,KXFED-27MAR,"Will the upper bound of the federal funds rate be above 2.50% following the Fed's Mar 17, 2027 meeting?",Above 2.50%,fed_rates,active,US_or_global_US_relevant_proxy,2026-09-08T15:07:00Z,stale_observation,2026-09-05T23:00:00Z,64.11666666666666,,,,,,
KXFED-27MAR-T2.25,KXFED,KXFED-27MAR,"Will the upper bound of the federal funds rate be above 2.25% following the Fed's Mar 17, 2027 meeting?",Above 2.25%,fed_rates,active,US_or_global_US_relevant_proxy,2026-09-08T15:07:00Z,stale_observation,2026-09-06T18:00:00Z,45.11666666666667,,,,,,
KXFED-27MAR-T2.00,KXFED,KXFED-27MAR,"Will the upper bound of the federal funds rate be above 2.00% following the Fed's Mar 17, 2027 meeting?",Above 2.00%,fed_rates,active,US_or_global_US_relevant_proxy,2026-09-08T15:07:00Z,usable,2026-09-07T23:00:00Z,16.116666666666667,0.9299999999999999,0.91,0.95,0.039999999999999925,872.88,bar_age_only_actual_quote_update_time_unavailable
KXFED-27MAR-T1.75,KXFED,KXFED-27MAR,"Will the upper bound of the federal funds rate be above 1.75% following the Fed's Mar 17, 2027 meeting?",Above 1.75%,fed_rates,active,US_or_global_US_relevant_proxy,2026-09-08T15:07:00Z,usable,2026-09-07T23:00:00Z,16.116666666666667,0.935,0.92,0.95,0.029999999999999916,203.33,bar_age_only_actual_quote_update_time_unavailable
KXFED-27MAR-T1.50,KXFED,KXFED-27MAR,"Will the upper bound of the federal funds rate be above 1.50% following the Fed's Mar 17, 2027 meeting?",Above 1.50%,fed_rates,active,US_or_global_US_relevant_proxy,2026-09-08T15:07:00Z,usable,2026-09-08T15:00:00Z,0.11666666666666667,0.97,0.95,0.99,0.040000000000000036,147.73,bar_age_only_actual_quote_update_time_unavailable
KXFED-27MAR-T1.25,KXFED,KXFED-27MAR,"Will the upper bound of the federal funds rate be above 1.25% following the Fed's Mar 17, 2027 meeting?",Above 1.25%,fed_rates,active,US_or_global_US_relevant_proxy,2026-09-08T15:07:00Z,stale_observation,2026-09-04T20:00:00Z,91.11666666666666,,,,,,
KXFED-27MAR-T1.00,KXFED,KXFED-27MAR,"Will the upper bound of the federal funds rate be above 1.00% following the Fed's Mar 17, 2027 meeting?",Above 1.00%,fed_rates,active,US_or_global_US_relevant_proxy,2026-09-08T15:07:00Z,stale_observation,2026-09-07T09:00:00Z,30.116666666666667,,,,,,
KXFED-27MAR-T0.75,KXFED,KXFED-27MAR,"Will the upper bound of the federal funds rate be above 0.75% following the Fed's Mar 17, 2027 meeting?",Above 0.75%,fed_rates,active,US_or_global_US_relevant_proxy,2026-09-08T15:07:00Z,stale_observation,2026-09-04T20:00:00Z,91.11666666666666,,,,,,
KXFED-27MAR-T0.50,KXFED,KXFED-27MAR,"Will the upper bound of the federal funds rate be above 0.50% following the Fed's Mar 17, 2027 meeting?",Above 0.50%,fed_rates,active,US_or_global_US_relevant_proxy,2026-09-08T15:07:00Z,stale_observation,2026-09-04T20:00:00Z,91.11666666666666,,,,,,
KXFED-27MAR-T0.25,KXFED,KXFED-27MAR,"Will the upper bound of the federal funds rate be above 0.25% following the Fed's Mar 17, 2027 meeting?",Above 0.25%,fed_rates,active,US_or_global_US_relevant_proxy,2026-09-08T15:07:00Z,stale_observation,2026-09-04T20:00:00Z,91.11666666666666,,,,,,
KXFED-27MAR-T0.00,KXFED,KXFED-27MAR,"Will the upper bound of the federal funds rate be above 0.00% following the Fed's Mar 17, 2027 meeting?",Above 0.00%,fed_rates,active,US_or_global_US_relevant_proxy,2026-09-08T15:07:00Z,usable,2026-09-08T12:00:00Z,3.1166666666666667,0.9550000000000001,0.93,0.98,0.04999999999999993,327.88,bar_age_only_actual_quote_update_time_unavailable
KXFED-27JAN-T4.25,KXFED,KXFED-27JAN,"Will the upper bound of the federal funds rate be above 4.25% following the Fed's Jan 27, 2027 meeting?",Above 4.25%,fed_rates,active,US_or_global_US_relevant_proxy,2026-09-08T15:07:00Z,stale_observation,2026-09-06T10:00:00Z,53.11666666666667,,,,,,
KXFED-27JAN-T4.00,KXFED,KXFED-27JAN,"Will the upper bound of the federal funds rate be above 4.00% following the Fed's Jan 27, 2027 meeting?",Above 4.00%,fed_rates,active,US_or_global_US_relevant_proxy,2026-09-08T15:07:00Z,stale_observation,2026-09-07T09:00:00Z,30.116666666666667,,,,,,
KXFED-27JAN-T3.75,KXFED,KXFED-27JAN,"Will the upper bound of the federal funds rate be above 3.75% following the Fed's Jan 27, 2027 meeting?",Above 3.75%,fed_rates,active,US_or_global_US_relevant_proxy,2026-09-08T15:07:00Z,stale_observation,2026-09-03T08:00:00Z,127.11666666666666,,,,,,
KXFED-27JAN-T3.50,KXFED,KXFED-27JAN,"Will the upper bound of the federal funds rate be above 3.50% following the Fed's Jan 27, 2027 meeting?",Above 3.50%,fed_rates,active,US_or_global_US_relevant_proxy,2026-09-08T15:07:00Z,stale_observation,2026-09-06T23:00:00Z,40.11666666666667,,,,,,
KXFED-27JAN-T3.25,KXFED,KXFED-27JAN,"Will the upper bound of the federal funds rate be above 3.25% following the Fed's Jan 27, 2027 meeting?",Above 3.25%,fed_rates,active,US_or_global_US_relevant_proxy,2026-09-08T15:07:00Z,usable,2026-09-08T15:00:00Z,0.11666666666666667,0.8700000000000001,0.81,0.93,0.12,2995.34,bar_age_only_actual_quote_update_time_unavailable
KXFED-27JAN-T3.00,KXFED,KXFED-27JAN,"Will the upper bound of the federal funds rate be above 3.00% following the Fed's Jan 27, 2027 meeting?",Above 3.00%,fed_rates,active,US_or_global_US_relevant_proxy,2026-09-08T15:07:00Z,usable,2026-09-08T15:00:00Z,0.11666666666666667,0.89,0.85,0.93,0.08000000000000007,1100.2,bar_age_only_actual_quote_update_time_unavailable
KXFED-27JAN-T2.75,KXFED,KXFED-27JAN,"Will the upper bound of the federal funds rate be above 2.75% following the Fed's Jan 27, 2027 meeting?",Above 2.75%,fed_rates,active,US_or_global_US_relevant_proxy,2026-09-08T15:07:00Z,usable,2026-09-08T15:00:00Z,0.11666666666666667,0.895,0.85,0.94,0.08999999999999997,399.96,bar_age_only_actual_quote_update_time_unavailable
KXFED-27JAN-T2.50,KXFED,KXFED-27JAN,"Will the upper bound of the federal funds rate be above 2.50% following the Fed's Jan 27, 2027 meeting?",Above 2.50%,fed_rates,active,US_or_global_US_relevant_proxy,2026-09-08T15:07:00Z,usable,2026-09-08T15:00:00Z,0.11666666666666667,0.9199999999999999,0.9,0.94,0.039999999999999925,775.51,bar_age_only_actual_quote_update_time_unavailable
KXFED-27JAN-T2.25,KXFED,KXFED-27JAN,"Will the upper bound of the federal funds rate be above 2.25% following the Fed's Jan 27, 2027 meeting?",Above 2.25%,fed_rates,active,US_or_global_US_relevant_proxy,2026-09-08T15:07:00Z,stale_observation,2026-09-05T22:00:00Z,65.11666666666666,,,,,,
KXFED-27JAN-T2.00,KXFED,KXFED-27JAN,"Will the upper bound of the federal funds rate be above 2.00% following the Fed's Jan 27, 2027 meeting?",Above 2.00%,fed_rates,active,US_or_global_US_relevant_proxy,2026-09-08T15:07:00Z,usable,2026-09-08T15:00:00Z,0.11666666666666667,0.935,0.92,0.95,0.029999999999999916,569.04,bar_age_only_actual_quote_update_time_unavailable
KXFED-27JAN-T1.75,KXFED,KXFED-27JAN,"Will the upper bound of the federal funds rate be above 1.75% following the Fed's Jan 27, 2027 meeting?",Above 1.75%,fed_rates,active,US_or_global_US_relevant_proxy,2026-09-08T15:07:00Z,stale_observation,2026-09-07T15:00:00Z,24.116666666666667,,,,,,
KXFED-27JAN-T1.50,KXFED,KXFED-27JAN,"Will the upper bound of the federal funds rate be above 1.50% following the Fed's Jan 27, 2027 meeting?",Above 1.50%,fed_rates,active,US_or_global_US_relevant_proxy,2026-09-08T15:07:00Z,usable,2026-09-08T15:00:00Z,0.11666666666666667,0.94,0.92,0.96,0.039999999999999925,1190.12,bar_age_only_actual_quote_update_time_unavailable
KXFED-27JAN-T1.25,KXFED,KXFED-27JAN,"Will the upper bound of the federal funds rate be above 1.25% following the Fed's Jan 27, 2027 meeting?",Above 1.25%,fed_rates,active,US_or_global_US_relevant_proxy,2026-09-08T15:07:00Z,usable,2026-09-08T15:00:00Z,0.11666666666666667,0.9450000000000001,0.93,0.96,0.029999999999999916,1010.53,bar_age_only_actual_quote_update_time_unavailable
KXFED-27JAN-T1.00,KXFED,KXFED-27JAN,"Will the upper bound of the federal funds rate be above 1.00% following the Fed's Jan 27, 2027 meeting?",Above 1.00%,fed_rates,active,US_or_global_US_relevant_proxy,2026-09-08T15:07:00Z,usable,2026-09-08T15:00:00Z,0.11666666666666667,0.94,0.92,0.96,0.039999999999999925,525.15,bar_age_only_actual_quote_update_time_unavailable
KXFED-27JAN-T0.75,KXFED,KXFED-27JAN,"Will the upper bound of the federal funds rate be above 0.75% following the Fed's Jan 27, 2027 meeting?",Above 0.75%,fed_rates,active,US_or_global_US_relevant_proxy,2026-09-08T15:07:00Z,usable,2026-09-08T15:00:00Z,0.11666666666666667,0.955,0.95,0.96,0.010000000000000009,544.85,bar_age_only_actual_quote_update_time_unavailable
KXFED-27JAN-T0.50,KXFED,KXFED-27JAN,"Will the upper bound of the federal funds rate be above 0.50% following the Fed's Jan 27, 2027 meeting?",Above 0.50%,fed_rates,active,US_or_global_US_relevant_proxy,2026-09-08T15:07:00Z,usable,2026-09-08T15:00:00Z,0.11666666666666667,0.96,0.95,0.97,0.020000000000000018,1537.01,bar_age_only_actual_quote_update_time_unavailable
KXFED-27JAN-T0.25,KXFED,KXFED-27JAN,"Will the upper bound of the federal funds rate be above 0.25% following the Fed's Jan 27, 2027 meeting?",Above 0.25%,fed_rates,active,US_or_global_US_relevant_proxy,2026-09-08T15:07:00Z,stale_observation,2026-09-07T15:00:00Z,24.116666666666667,,,,,,
KXFED-27JAN-T0.00,KXFED,KXFED-27JAN,"Will the upper bound of the federal funds rate be above 0.00% following the Fed's Jan 27, 2027 meeting?",Above 0.00%,fed_rates,active,US_or_global_US_relevant_proxy,2026-09-08T15:07:00Z,usable,2026-09-08T15:00:00Z,0.11666666666666667,0.975,0.97,0.98,0.010000000000000009,505.18,bar_age_only_actual_quote_update_time_unavailable
KXFED-26DEC-T5.25,KXFED,KXFED-26DEC,"Will the upper bound of the federal funds rate be above 5.25% following the Fed's Dec 9, 2026 meeting?",Above 5.25%,fed_rates,active,US_or_global_US_relevant_proxy,2026-09-08T15:07:00Z,stale_observation,2026-09-03T21:00:00Z,114.11666666666666,,,,,,
KXFED-26DEC-T5.00,KXFED,KXFED-26DEC,"Will the upper bound of the federal funds rate be above 5.00% following the Fed's Dec 9, 2026 meeting?",Above 5.00%,fed_rates,active,US_or_global_US_relevant_proxy,2026-09-08T15:07:00Z,usable,2026-09-07T23:00:00Z,16.116666666666667,0.01,0.0,0.02,0.02,969.86,bar_age_only_actual_quote_update_time_unavailable
KXFED-26DEC-T4.75,KXFED,KXFED-26DEC,"Will the upper bound of the federal funds rate be above 4.75% following the Fed's Dec 9, 2026 meeting?",Above 4.75%,fed_rates,active,US_or_global_US_relevant_proxy,2026-09-08T15:07:00Z,stale_observation,2026-09-06T14:00:00Z,49.11666666666667,,,,,,
KXFED-26DEC-T4.50,KXFED,KXFED-26DEC,"Will the upper bound of the federal funds rate be above 4.50% following the Fed's Dec 9, 2026 meeting?",Above 4.50%,fed_rates,active,US_or_global_US_relevant_proxy,2026-09-08T15:07:00Z,usable,2026-09-08T15:00:00Z,0.11666666666666667,0.005,0.0,0.01,0.01,1476.0,bar_age_only_actual_quote_update_time_unavailable
KXFED-26DEC-T4.25,KXFED,KXFED-26DEC,"Will the upper bound of the federal funds rate be above 4.25% following the Fed's Dec 9, 2026 meeting?",Above 4.25%,fed_rates,active,US_or_global_US_relevant_proxy,2026-09-08T15:07:00Z,usable,2026-09-08T09:00:00Z,6.116666666666666,0.06,0.04,0.08,0.04,5405.19,bar_age_only_actual_quote_update_time_unavailable
KXFED-26DEC-T4.00,KXFED,KXFED-26DEC,"Will the upper bound of the federal funds rate be above 4.00% following the Fed's Dec 9, 2026 meeting?",Above 4.00%,fed_rates,active,US_or_global_US_relevant_proxy,2026-09-08T15:07:00Z,usable,2026-09-07T22:00:00Z,17.116666666666667,0.365,0.36,0.37,0.010000000000000009,8724.71,bar_age_only_actual_quote_update_time_unavailable
KXFED-26DEC-T3.75,KXFED,KXFED-26DEC,"Will the upper bound of the federal funds rate be above 3.75% following the Fed's Dec 9, 2026 meeting?",Above 3.75%,fed_rates,active,US_or_global_US_relevant_proxy,2026-09-08T15:07:00Z,usable,2026-09-08T14:00:00Z,1.1166666666666667,0.785,0.77,0.8,0.030000000000000027,18310.38,bar_age_only_actual_quote_update_time_unavailable
KXFED-26DEC-T3.50,KXFED,KXFED-26DEC,"Will the upper bound of the federal funds rate be above 3.50% following the Fed's Dec 9, 2026 meeting?",Above 3.50%,fed_rates,active,US_or_global_US_relevant_proxy,2026-09-08T15:07:00Z,usable,2026-09-07T22:00:00Z,17.116666666666667,0.925,0.92,0.93,0.010000000000000009,17780.98,bar_age_only_actual_quote_update_time_unavailable
KXFED-26DEC-T3.25,KXFED,KXFED-26DEC,"Will the upper bound of the federal funds rate be above 3.25% following the Fed's Dec 9, 2026 meeting?",Above 3.25%,fed_rates,active,US_or_global_US_relevant_proxy,2026-09-08T15:07:00Z,usable,2026-09-07T22:00:00Z,17.116666666666667,0.965,0.96,0.97,0.010000000000000009,3418.0,bar_age_only_actual_quote_update_time_unavailable
KXFED-26DEC-T3.00,KXFED,KXFED-26DEC,"Will the upper bound of the federal funds rate be above 3.00% following the Fed's Dec 9, 2026 meeting?",Above 3.00%,fed_rates,active,US_or_global_US_relevant_proxy,2026-09-08T15:07:00Z,stale_observation,2026-09-06T18:00:00Z,45.11666666666667,,,,,,
KXFED-26DEC-T2.75,KXFED,KXFED-26DEC,"Will the upper bound of the federal funds rate be above 2.75% following the Fed's Dec 9, 2026 meeting?",Above 2.75%,fed_rates,active,US_or_global_US_relevant_proxy,2026-09-08T15:07:00Z,stale_observation,2026-09-06T18:00:00Z,45.11666666666667,,,,,,
KXFED-26OCT-T5.25,KXFED,KXFED-26OCT,"Will the upper bound of the federal funds rate be above 5.25% following the Fed's Oct 28, 2026 meeting?",Above 5.25%,fed_rates,active,US_or_global_US_relevant_proxy,2026-09-08T15:07:00Z,usable,2026-09-08T15:00:00Z,0.11666666666666667,0.01,0.0,0.02,0.02,1022.0,bar_age_only_actual_quote_update_time_unavailable
KXFED-26OCT-T5.00,KXFED,KXFED-26OCT,"Will the upper bound of the federal funds rate be above 5.00% following the Fed's Oct 28, 2026 meeting?",Above 5.00%,fed_rates,active,US_or_global_US_relevant_proxy,2026-09-08T15:07:00Z,stale_observation,2026-09-04T23:00:00Z,88.11666666666666,,,,,,
KXFED-26OCT-T4.75,KXFED,KXFED-26OCT,"Will the upper bound of the federal funds rate be above 4.75% following the Fed's Oct 28, 2026 meeting?",Above 4.75%,fed_rates,active,US_or_global_US_relevant_proxy,2026-09-08T15:07:00Z,usable,2026-09-08T15:00:00Z,0.11666666666666667,0.01,0.0,0.02,0.02,648.16,bar_age_only_actual_quote_update_time_unavailable
KXFED-26OCT-T4.50,KXFED,KXFED-26OCT,"Will the upper bound of the federal funds rate be above 4.50% following the Fed's Oct 28, 2026 meeting?",Above 4.50%,fed_rates,active,US_or_global_US_relevant_proxy,2026-09-08T15:07:00Z,usable,2026-09-08T15:00:00Z,0.11666666666666667,0.005,0.0,0.01,0.01,1289.0,bar_age_only_actual_quote_update_time_unavailable
KXFED-26OCT-T4.25,KXFED,KXFED-26OCT,"Will the upper bound of the federal funds rate be above 4.25% following the Fed's Oct 28, 2026 meeting?",Above 4.25%,fed_rates,active,US_or_global_US_relevant_proxy,2026-09-08T15:07:00Z,usable,2026-09-08T15:00:00Z,0.11666666666666667,0.005,0.0,0.01,0.01,1964.62,bar_age_only_actual_quote_update_time_unavailable
KXFED-26OCT-T4.00,KXFED,KXFED-26OCT,"Will the upper bound of the federal funds rate be above 4.00% following the Fed's Oct 28, 2026 meeting?",Above 4.00%,fed_rates,active,US_or_global_US_relevant_proxy,2026-09-08T15:07:00Z,usable,2026-09-08T14:00:00Z,1.1166666666666667,0.07500000000000001,0.07,0.08,0.009999999999999995,9532.72,bar_age_only_actual_quote_update_time_unavailable
KXFED-26OCT-T3.75,KXFED,KXFED-26OCT,"Will the upper bound of the federal funds rate be above 3.75% following the Fed's Oct 28, 2026 meeting?",Above 3.75%,fed_rates,active,US_or_global_US_relevant_proxy,2026-09-08T15:07:00Z,usable,2026-09-08T15:00:00Z,0.11666666666666667,0.63,0.62,0.64,0.020000000000000018,4719.6,bar_age_only_actual_quote_update_time_unavailable
KXFED-26OCT-T3.50,KXFED,KXFED-26OCT,"Will the upper bound of the federal funds rate be above 3.50% following the Fed's Oct 28, 2026 meeting?",Above 3.50%,fed_rates,active,US_or_global_US_relevant_proxy,2026-09-08T15:07:00Z,usable,2026-09-08T15:00:00Z,0.11666666666666667,0.965,0.96,0.97,0.010000000000000009,6958.66,bar_age_only_actual_quote_update_time_unavailable
KXFED-26OCT-T3.25,KXFED,KXFED-26OCT,"Will the upper bound of the federal funds rate be above 3.25% following the Fed's Oct 28, 2026 meeting?",Above 3.25%,fed_rates,active,US_or_global_US_relevant_proxy,2026-09-08T15:07:00Z,usable,2026-09-08T15:00:00Z,0.11666666666666667,0.985,0.98,0.99,0.010000000000000009,1951.09,bar_age_only_actual_quote_update_time_unavailable
KXFED-26OCT-T3.00,KXFED,KXFED-26OCT,"Will the upper bound of the federal funds rate be above 3.00% following the Fed's Oct 28, 2026 meeting?",Above 3.00%,fed_rates,active,US_or_global_US_relevant_proxy,2026-09-08T15:07:00Z,usable,2026-09-08T00:00:00Z,15.116666666666667,0.995,0.99,1.0,0.010000000000000009,1407.96,bar_age_only_actual_quote_update_time_unavailable
KXFED-26OCT-T2.75,KXFED,KXFED-26OCT,"Will the upper bound of the federal funds rate be above 2.75% following the Fed's Oct 28, 2026 meeting?",Above 2.75%,fed_rates,active,US_or_global_US_relevant_proxy,2026-09-08T15:07:00Z,stale_observation,2026-09-04T23:00:00Z,88.11666666666666,,,,,,
KXFED-26SEP-T5.25,KXFED,KXFED-26SEP,"Will the upper bound of the federal funds rate be above 5.25% following the Fed's Sep 16, 2026 meeting?",Above 5.25%,fed_rates,active,US_or_global_US_relevant_proxy,2026-09-08T15:07:00Z,usable,2026-09-08T09:00:00Z,6.116666666666666,0.005,0.0,0.01,0.01,507.51,bar_age_only_actual_quote_update_time_unavailable
KXFED-26SEP-T5.00,KXFED,KXFED-26SEP,"Will the upper bound of the federal funds rate be above 5.00% following the Fed's Sep 16, 2026 meeting?",Above 5.00%,fed_rates,active,US_or_global_US_relevant_proxy,2026-09-08T15:07:00Z,usable,2026-09-08T09:00:00Z,6.116666666666666,0.005,0.0,0.01,0.01,562.33,bar_age_only_actual_quote_update_time_unavailable
KXFED-26SEP-T4.75,KXFED,KXFED-26SEP,"Will the upper bound of the federal funds rate be above 4.75% following the Fed's Sep 16, 2026 meeting?",Above 4.75%,fed_rates,active,US_or_global_US_relevant_proxy,2026-09-08T15:07:00Z,usable,2026-09-08T09:00:00Z,6.116666666666666,0.005,0.0,0.01,0.01,207990.11,bar_age_only_actual_quote_update_time_unavailable
KXFED-26SEP-T4.50,KXFED,KXFED-26SEP,"Will the upper bound of the federal funds rate be above 4.50% following the Fed's Sep 16, 2026 meeting?",Above 4.50%,fed_rates,active,US_or_global_US_relevant_proxy,2026-09-08T15:07:00Z,usable,2026-09-08T09:00:00Z,6.116666666666666,0.005,0.0,0.01,0.01,85418.98,bar_age_only_actual_quote_update_time_unavailable
KXFED-26SEP-T4.25,KXFED,KXFED-26SEP,"Will the upper bound of the federal funds rate be above 4.25% following the Fed's Sep 16, 2026 meeting?",Above 4.25%,fed_rates,active,US_or_global_US_relevant_proxy,2026-09-08T15:07:00Z,usable,2026-09-08T15:00:00Z,0.11666666666666667,0.005,0.0,0.01,0.01,29431.26,bar_age_only_actual_quote_update_time_unavailable
KXFED-26SEP-T4.00,KXFED,KXFED-26SEP,"Will the upper bound of the federal funds rate be above 4.00% following the Fed's Sep 16, 2026 meeting?",Above 4.00%,fed_rates,active,US_or_global_US_relevant_proxy,2026-09-08T15:07:00Z,usable,2026-09-08T15:00:00Z,0.11666666666666667,0.01,0.0,0.02,0.02,132165.23,bar_age_only_actual_quote_update_time_unavailable
KXFED-26SEP-T3.75,KXFED,KXFED-26SEP,"Will the upper bound of the federal funds rate be above 3.75% following the Fed's Sep 16, 2026 meeting?",Above 3.75%,fed_rates,active,US_or_global_US_relevant_proxy,2026-09-08T15:07:00Z,usable,2026-09-08T15:00:00Z,0.11666666666666667,0.535,0.53,0.54,0.010000000000000009,337236.38,bar_age_only_actual_quote_update_time_unavailable
KXFED-26SEP-T3.50,KXFED,KXFED-26SEP,"Will the upper bound of the federal funds rate be above 3.50% following the Fed's Sep 16, 2026 meeting?",Above 3.50%,fed_rates,active,US_or_global_US_relevant_proxy,2026-09-08T15:07:00Z,usable,2026-09-08T00:00:00Z,15.116666666666667,0.995,0.99,1.0,0.010000000000000009,139228.86,bar_age_only_actual_quote_update_time_unavailable
KXFED-26SEP-T3.25,KXFED,KXFED-26SEP,"Will the upper bound of the federal funds rate be above 3.25% following the Fed's Sep 16, 2026 meeting?",Above 3.25%,fed_rates,active,US_or_global_US_relevant_proxy,2026-09-08T15:07:00Z,stale_observation,2026-09-04T20:00:00Z,91.11666666666666,,,,,,
KXFED-26SEP-T3.00,KXFED,KXFED-26SEP,"Will the upper bound of the federal funds rate be above 3.00% following the Fed's Sep 16, 2026 meeting?",Above 3.00%,fed_rates,active,US_or_global_US_relevant_proxy,2026-09-08T15:07:00Z,stale_observation,2026-09-04T20:00:00Z,91.11666666666666,,,,,,
KXFED-26SEP-T2.75,KXFED,KXFED-26SEP,"Will the upper bound of the federal funds rate be above 2.75% following the Fed's Sep 16, 2026 meeting?",Above 2.75%,fed_rates,active,US_or_global_US_relevant_proxy,2026-09-08T15:07:00Z,usable,2026-09-08T15:00:00Z,0.11666666666666667,0.995,0.99,1.0,0.010000000000000009,9777.61,bar_age_only_actual_quote_update_time_unavailable
KXFED-26JUL-T5.25,KXFED,KXFED-26JUL,"Will the upper bound of the federal funds rate be above 5.25% following the Fed's Jul 29, 2026 meeting?",Above 5.25%,fed_rates,finalized,US_or_global_US_relevant_proxy,,closed_before_frozen_asof,,,,,,,,
KXFED-26JUL-T5.00,KXFED,KXFED-26JUL,"Will the upper bound of the federal funds rate be above 5.00% following the Fed's Jul 29, 2026 meeting?",Above 5.00%,fed_rates,finalized,US_or_global_US_relevant_proxy,,closed_before_frozen_asof,,,,,,,,
KXFED-26JUL-T4.75,KXFED,KXFED-26JUL,"Will the upper bound of the federal funds rate be above 4.75% following the Fed's Jul 29, 2026 meeting?",Above 4.75%,fed_rates,finalized,US_or_global_US_relevant_proxy,,closed_before_frozen_asof,,,,,,,,
KXFED-26JUL-T4.50,KXFED,KXFED-26JUL,"Will the upper bound of the federal funds rate be above 4.50% following the Fed's Jul 29, 2026 meeting?",Above 4.50%,fed_rates,finalized,US_or_global_US_relevant_proxy,,closed_before_frozen_asof,,,,,,,,
KXFED-26JUL-T4.25,KXFED,KXFED-26JUL,"Will the upper bound of the federal funds rate be above 4.25% following the Fed's Jul 29, 2026 meeting?",Above 4.25%,fed_rates,finalized,US_or_global_US_relevant_proxy,,closed_before_frozen_asof,,,,,,,,
KXFED-26JUL-T4.00,KXFED,KXFED-26JUL,"Will the upper bound of the federal funds rate be above 4.00% following the Fed's Jul 29, 2026 meeting?",Above 4.00%,fed_rates,finalized,US_or_global_US_relevant_proxy,,closed_before_frozen_asof,,,,,,,,
KXFED-26JUL-T3.75,KXFED,KXFED-26JUL,"Will the upper bound of the federal funds rate be above 3.75% following the Fed's Jul 29, 2026 meeting?",Above 3.75%,fed_rates,finalized,US_or_global_US_relevant_proxy,,closed_before_frozen_asof,,,,,,,,
KXFED-26JUL-T3.50,KXFED,KXFED-26JUL,"Will the upper bound of the federal funds rate be above 3.50% following the Fed's Jul 29, 2026 meeting?",Above 3.50%,fed_rates,finalized,US_or_global_US_relevant_proxy,,closed_before_frozen_asof,,,,,,,,
KXFED-26JUL-T3.25,KXFED,KXFED-26JUL,"Will the upper bound of the federal funds rate be above 3.25% following the Fed's Jul 29, 2026 meeting?",Above 3.25%,fed_rates,finalized,US_or_global_US_relevant_proxy,,closed_before_frozen_asof,,,,,,,,
KXFED-26JUL-T3.00,KXFED,KXFED-26JUL,"Will the upper bound of the federal funds rate be above 3.00% following the Fed's Jul 29, 2026 meeting?",Above 3.00%,fed_rates,finalized,US_or_global_US_relevant_proxy,,closed_before_frozen_asof,,,,,,,,
KXFED-26JUL-T2.75,KXFED,KXFED-26JUL,"Will the upper bound of the federal funds rate be above 2.75% following the Fed's Jul 29, 2026 meeting?",Above 2.75%,fed_rates,finalized,US_or_global_US_relevant_proxy,,closed_before_frozen_asof,,,,,,,,
KXFEDCOMBO-26JUN-25C-T0,KXFEDCOMBO,KXFEDCOMBO-26JUN,Will Federal Funds Rate Decision be 25bp cut AND Dissents be >0 for Jun 2026?,"Federal Funds Rate Decision: 25bp cut, Dissents: >0",fed_rates,finalized,US_or_global_US_relevant_proxy,,closed_before_frozen_asof,,,,,,,,
KXFEDCOMBO-26JUN-25C-0,KXFEDCOMBO,KXFEDCOMBO-26JUN,Will Federal Funds Rate Decision be 25bp cut AND Dissents be 0 for Jun 2026?,"Federal Funds Rate Decision: 25bp cut, Dissents: 0",fed_rates,finalized,US_or_global_US_relevant_proxy,,closed_before_frozen_asof,,,,,,,,
KXFEDCOMBO-26JUN-0-T0,KXFEDCOMBO,KXFEDCOMBO-26JUN,Will Federal Funds Rate Decision be No change AND Dissents be >0 for Jun 2026?,"Federal Funds Rate Decision: No change, Dissents: >0",fed_rates,finalized,US_or_global_US_relevant_proxy,,closed_before_frozen_asof,,,,,,,,
KXFEDCOMBO-26JUN-0-0,KXFEDCOMBO,KXFEDCOMBO-26JUN,Will Federal Funds Rate Decision be No change AND Dissents be 0 for Jun 2026?,"Federal Funds Rate Decision: No change, Dissents: 0",fed_rates,finalized,US_or_global_US_relevant_proxy,,closed_before_frozen_asof,,,,,,,,
KXFEDCOMBO-26SEPB-25H-T0,KXFEDCOMBO,KXFEDCOMBO-26SEPB,Will Federal Funds Rate Decision be 25bp hike AND Dissents be >0 for Sep 2026?,"Rate: 25bp hike, Dissents: >0",fed_rates,active,US_or_global_US_relevant_proxy,2026-09-08T15:07:00Z,usable,2026-09-08T15:00:00Z,0.11666666666666667,0.415,0.41,0.42,0.010000000000000009,5456.27,bar_age_only_actual_quote_update_time_unavailable
KXFEDCOMBO-26SEPB-25H-0,KXFEDCOMBO,KXFEDCOMBO-26SEPB,Will Federal Funds Rate Decision be 25bp hike AND Dissents be 0 for Sep 2026?,"Rate: 25bp hike, Dissents: 0",fed_rates,active,US_or_global_US_relevant_proxy,2026-09-08T15:07:00Z,usable,2026-09-08T14:00:00Z,1.1166666666666667,0.125,0.12,0.13,0.010000000000000009,20103.56,bar_age_only_actual_quote_update_time_unavailable
KXFEDCOMBO-26SEPB-25C-T0,KXFEDCOMBO,KXFEDCOMBO-26SEPB,Will Federal Funds Rate Decision be 25bp cut AND Dissents be >0 for Sep 2026?,"Rate: 25bp cut, Dissents: >0",fed_rates,active,US_or_global_US_relevant_proxy,2026-09-08T15:07:00Z,stale_observation,2026-09-04T16:00:00Z,95.11666666666666,,,,,,
KXFEDCOMBO-26SEPB-25C-0,KXFEDCOMBO,KXFEDCOMBO-26SEPB,Will Federal Funds Rate Decision be 25bp cut AND Dissents be 0 for Sep 2026?,"Rate: 25bp cut, Dissents: 0",fed_rates,active,US_or_global_US_relevant_proxy,2026-09-08T15:07:00Z,stale_observation,2026-09-06T04:00:00Z,59.11666666666667,,,,,,
KXFEDCOMBO-26SEPB-0-T0,KXFEDCOMBO,KXFEDCOMBO-26SEPB,Will Federal Funds Rate Decision be No change AND Dissents be >0 for Sep 2026?,"Rate: No change, Dissents: >0",fed_rates,active,US_or_global_US_relevant_proxy,2026-09-08T15:07:00Z,usable,2026-09-08T15:00:00Z,0.11666666666666667,0.49,0.48,0.5,0.020000000000000018,18400.1,bar_age_only_actual_quote_update_time_unavailable
KXFEDCOMBO-26SEPB-0-0,KXFEDCOMBO,KXFEDCOMBO-26SEPB,Will Federal Funds Rate Decision be No change AND Dissents be 0 for Sep 2026?,"Rate: No change, Dissents: 0",fed_rates,active,US_or_global_US_relevant_proxy,2026-09-08T15:07:00Z,usable,2026-09-08T13:00:00Z,2.1166666666666667,0.025,0.02,0.03,0.009999999999999998,14955.88,bar_age_only_actual_quote_update_time_unavailable
KXFEDCOMBO-26JUL-25H-T0,KXFEDCOMBO,KXFEDCOMBO-26JUL,Will Federal Funds Rate Decision be 25bp hike AND Dissents be >0 for Jul 2026?,"Rate: 25bp hike, Dissents: >0",fed_rates,finalized,US_or_global_US_relevant_proxy,,closed_before_frozen_asof,,,,,,,,
KXFEDCOMBO-26JUL-25H-0,KXFEDCOMBO,KXFEDCOMBO-26JUL,Will Federal Funds Rate Decision be 25bp hike AND Dissents be 0 for Jul 2026?,"Rate: 25bp hike, Dissents: 0",fed_rates,finalized,US_or_global_US_relevant_proxy,,closed_before_frozen_asof,,,,,,,,
KXFEDCOMBO-26JUL-25C-T0,KXFEDCOMBO,KXFEDCOMBO-26JUL,Will Federal Funds Rate Decision be 25bp cut AND Dissents be >0 for Jul 2026?,"Rate: 25bp cut, Dissents: >0",fed_rates,finalized,US_or_global_US_relevant_proxy,,closed_before_frozen_asof,,,,,,,,
KXFEDCOMBO-26JUL-25C-0,KXFEDCOMBO,KXFEDCOMBO-26JUL,Will Federal Funds Rate Decision be 25bp cut AND Dissents be 0 for Jul 2026?,"Rate: 25bp cut, Dissents: 0",fed_rates,finalized,US_or_global_US_relevant_proxy,,closed_before_frozen_asof,,,,,,,,
KXFEDCOMBO-26JUL-0-T0,KXFEDCOMBO,KXFEDCOMBO-26JUL,Will Federal Funds Rate Decision be No change AND Dissents be >0 for Jul 2026?,"Rate: No change, Dissents: >0",fed_rates,finalized,US_or_global_US_relevant_proxy,,closed_before_frozen_asof,,,,,,,,
KXFEDCOMBO-26JUL-0-0,KXFEDCOMBO,KXFEDCOMBO-26JUL,Will Federal Funds Rate Decision be No change AND Dissents be 0 for Jul 2026?,"Rate: No change, Dissents: 0",fed_rates,finalized,US_or_global_US_relevant_proxy,,closed_before_frozen_asof,,,,,,,,
KXFEDDECISION-26JUN-H26,KXFEDDECISION,KXFEDDECISION-26JUN,Will the Federal Reserve Hike rates by >25bps at their June 2026 meeting?,Hike >25bps,fed_rates,finalized,US_or_global_US_relevant_proxy,,closed_before_frozen_asof,,,,,,,,
KXFEDDECISION-26JUN-H25,KXFEDDECISION,KXFEDDECISION-26JUN,Will the Federal Reserve Hike rates by 25bps at their June 2026 meeting?,Hike 25bps,fed_rates,finalized,US_or_global_US_relevant_proxy,,closed_before_frozen_asof,,,,,,,,
KXFEDDECISION-26JUN-H0,KXFEDDECISION,KXFEDDECISION-26JUN,Will the Federal Reserve Hike rates by 0bps at their June 2026 meeting?,Fed maintains rate,fed_rates,finalized,US_or_global_US_relevant_proxy,,closed_before_frozen_asof,,,,,,,,
KXFEDDECISION-26JUN-C26,KXFEDDECISION,KXFEDDECISION-26JUN,Will the Federal Reserve Cut rates by >25bps at their June 2026 meeting?,Cut >25bps,fed_rates,finalized,US_or_global_US_relevant_proxy,,closed_before_frozen_asof,,,,,,,,
KXFEDDECISION-26JUN-C25,KXFEDDECISION,KXFEDDECISION-26JUN,Will the Federal Reserve Cut rates by 25bps at their June 2026 meeting?,Cut 25bps,fed_rates,finalized,US_or_global_US_relevant_proxy,,closed_before_frozen_asof,,,,,,,,
KXFEDDECISION-28JAN-H26,KXFEDDECISION,KXFEDDECISION-28JAN,Will the Federal Reserve Hike rates by >25bps at their January 2028 meeting?,Hike >25bps,fed_rates,active,US_or_global_US_relevant_proxy,2026-09-08T15:07:00Z,usable,2026-09-08T15:00:00Z,0.11666666666666667,0.095,0.09,0.1,0.010000000000000009,873.0,bar_age_only_actual_quote_update_time_unavailable
KXFEDDECISION-28JAN-H25,KXFEDDECISION,KXFEDDECISION-28JAN,Will the Federal Reserve Hike rates by 25bps at their January 2028 meeting?,Hike 25bps,fed_rates,active,US_or_global_US_relevant_proxy,2026-09-08T15:07:00Z,usable,2026-09-08T15:00:00Z,0.11666666666666667,0.185,0.12,0.25,0.13,180.0,bar_age_only_actual_quote_update_time_unavailable
KXFEDDECISION-28JAN-H0,KXFEDDECISION,KXFEDDECISION-28JAN,Will the Federal Reserve Hike rates by 0bps at their January 2028 meeting?,Fed maintains rate,fed_rates,active,US_or_global_US_relevant_proxy,2026-09-08T15:07:00Z,usable,2026-09-08T15:00:00Z,0.11666666666666667,0.62,0.6,0.64,0.040000000000000036,399.99,bar_age_only_actual_quote_update_time_unavailable
KXFEDDECISION-28JAN-C26,KXFEDDECISION,KXFEDDECISION-28JAN,Will the Federal Reserve Cut rates by >25bps at their January 2028 meeting?,Cut >25bps,fed_rates,active,US_or_global_US_relevant_proxy,2026-09-08T15:07:00Z,usable,2026-09-07T23:00:00Z,16.116666666666667,0.055,0.05,0.06,0.009999999999999995,255.71,bar_age_only_actual_quote_update_time_unavailable
KXFEDDECISION-28JAN-C25,KXFEDDECISION,KXFEDDECISION-28JAN,Will the Federal Reserve Cut rates by 25bps at their January 2028 meeting?,Cut 25bps,fed_rates,active,US_or_global_US_relevant_proxy,2026-09-08T15:07:00Z,stale_observation,2026-09-07T13:00:00Z,26.116666666666667,,,,,,
KXFEDDECISION-27DEC-H26,KXFEDDECISION,KXFEDDECISION-27DEC,Will the Federal Reserve Hike rates by >25bps at their December 2027 meeting?,Hike >25bps,fed_rates,active,US_or_global_US_relevant_proxy,2026-09-08T15:07:00Z,stale_observation,2026-09-04T17:00:00Z,94.11666666666666,,,,,,
KXFEDDECISION-27DEC-H25,KXFEDDECISION,KXFEDDECISION-27DEC,Will the Federal Reserve Hike rates by 25bps at their December 2027 meeting?,Hike 25bps,fed_rates,active,US_or_global_US_relevant_proxy,2026-09-08T15:07:00Z,stale_observation,2026-09-04T17:00:00Z,94.11666666666666,,,,,,
KXFEDDECISION-27DEC-H0,KXFEDDECISION,KXFEDDECISION-27DEC,Will the Federal Reserve Hike rates by 0bps at their December 2027 meeting?,Fed maintains rate,fed_rates,active,US_or_global_US_relevant_proxy,2026-09-08T15:07:00Z,usable,2026-09-08T13:00:00Z,2.1166666666666667,0.69,0.67,0.71,0.039999999999999925,1695.14,bar_age_only_actual_quote_update_time_unavailable
KXFEDDECISION-27DEC-C26,KXFEDDECISION,KXFEDDECISION-27DEC,Will the Federal Reserve Cut rates by >25bps at their December 2027 meeting?,Cut >25bps,fed_rates,active,US_or_global_US_relevant_proxy,2026-09-08T15:07:00Z,stale_observation,2026-09-04T17:00:00Z,94.11666666666666,,,,,,
KXFEDDECISION-27DEC-C25,KXFEDDECISION,KXFEDDECISION-27DEC,Will the Federal Reserve Cut rates by 25bps at their December 2027 meeting?,Cut 25bps,fed_rates,active,US_or_global_US_relevant_proxy,2026-09-08T15:07:00Z,stale_observation,2026-09-04T17:00:00Z,94.11666666666666,,,,,,
KXFEDDECISION-27OCT-H26,KXFEDDECISION,KXFEDDECISION-27OCT,Will the Federal Reserve Hike rates by >25bps at their October 2027 meeting?,Hike >25bps,fed_rates,active,US_or_global_US_relevant_proxy,2026-09-08T15:07:00Z,usable,2026-09-08T09:00:00Z,6.116666666666666,0.135,0.09,0.18,0.09,928.89,bar_age_only_actual_quote_update_time_unavailable
KXFEDDECISION-27OCT-H25,KXFEDDECISION,KXFEDDECISION-27OCT,Will the Federal Reserve Hike rates by 25bps at their October 2027 meeting?,Hike 25bps,fed_rates,active,US_or_global_US_relevant_proxy,2026-09-08T15:07:00Z,usable,2026-09-08T05:00:00Z,10.116666666666667,0.13,0.08,0.18,0.09999999999999999,1117.25,bar_age_only_actual_quote_update_time_unavailable
KXFEDDECISION-27OCT-H0,KXFEDDECISION,KXFEDDECISION-27OCT,Will the Federal Reserve Hike rates by 0bps at their October 2027 meeting?,Fed maintains rate,fed_rates,active,US_or_global_US_relevant_proxy,2026-09-08T15:07:00Z,usable,2026-09-08T15:00:00Z,0.11666666666666667,0.56,0.55,0.57,0.019999999999999907,997.1,bar_age_only_actual_quote_update_time_unavailable
KXFEDDECISION-27OCT-C26,KXFEDDECISION,KXFEDDECISION-27OCT,Will the Federal Reserve Cut rates by >25bps at their October 2027 meeting?,Cut >25bps,fed_rates,active,US_or_global_US_relevant_proxy,2026-09-08T15:07:00Z,stale_observation,2026-09-04T20:00:00Z,91.11666666666666,,,,,,
KXFEDDECISION-27OCT-C25,KXFEDDECISION,KXFEDDECISION-27OCT,Will the Federal Reserve Cut rates by 25bps at their October 2027 meeting?,Cut 25bps,fed_rates,active,US_or_global_US_relevant_proxy,2026-09-08T15:07:00Z,usable,2026-09-08T09:00:00Z,6.116666666666666,0.09,0.07,0.11,0.039999999999999994,222.8,bar_age_only_actual_quote_update_time_unavailable
KXFEDDECISION-27SEP-H26,KXFEDDECISION,KXFEDDECISION-27SEP,Will the Federal Reserve Hike rates by >25bps at their September 2027 meeting?,Hike >25bps,fed_rates,active,US_or_global_US_relevant_proxy,2026-09-08T15:07:00Z,stale_observation,2026-09-07T13:00:00Z,26.116666666666667,,,,,,
KXFEDDECISION-27SEP-H25,KXFEDDECISION,KXFEDDECISION-27SEP,Will the Federal Reserve Hike rates by 25bps at their September 2027 meeting?,Hike 25bps,fed_rates,active,US_or_global_US_relevant_proxy,2026-09-08T15:07:00Z,usable,2026-09-08T15:00:00Z,0.11666666666666667,0.15,0.06,0.24,0.18,148.22,bar_age_only_actual_quote_update_time_unavailable
KXFEDDECISION-27SEP-H0,KXFEDDECISION,KXFEDDECISION-27SEP,Will the Federal Reserve Hike rates by 0bps at their September 2027 meeting?,Fed maintains rate,fed_rates,active,US_or_global_US_relevant_proxy,2026-09-08T15:07:00Z,usable,2026-09-08T12:00:00Z,3.1166666666666667,0.635,0.6,0.67,0.07000000000000006,480.56,bar_age_only_actual_quote_update_time_unavailable
KXFEDDECISION-27SEP-C26,KXFEDDECISION,KXFEDDECISION-27SEP,Will the Federal Reserve Cut rates by >25bps at their September 2027 meeting?,Cut >25bps,fed_rates,active,US_or_global_US_relevant_proxy,2026-09-08T15:07:00Z,stale_observation,2026-09-07T13:00:00Z,26.116666666666667,,,,,,
KXFEDDECISION-27SEP-C25,KXFEDDECISION,KXFEDDECISION-27SEP,Will the Federal Reserve Cut rates by 25bps at their September 2027 meeting?,Cut 25bps,fed_rates,active,US_or_global_US_relevant_proxy,2026-09-08T15:07:00Z,usable,2026-09-08T10:00:00Z,5.116666666666666,0.14500000000000002,0.12,0.17,0.05000000000000002,245.23,bar_age_only_actual_quote_update_time_unavailable
KXFEDDECISION-27JUL-H26,KXFEDDECISION,KXFEDDECISION-27JUL,Will the Federal Reserve Hike rates by >25bps at their July 2027 meeting?,Hike >25bps,fed_rates,active,US_or_global_US_relevant_proxy,2026-09-08T15:07:00Z,usable,2026-09-08T14:00:00Z,1.1166666666666667,0.015,0.01,0.02,0.01,675.9,bar_age_only_actual_quote_update_time_unavailable
KXFEDDECISION-27JUL-H25,KXFEDDECISION,KXFEDDECISION-27JUL,Will the Federal Reserve Hike rates by 25bps at their July 2027 meeting?,Hike 25bps,fed_rates,active,US_or_global_US_relevant_proxy,2026-09-08T15:07:00Z,usable,2026-09-08T14:00:00Z,1.1166666666666667,0.065,0.06,0.07,0.010000000000000009,1453.15,bar_age_only_actual_quote_update_time_unavailable
KXFEDDECISION-27JUL-H0,KXFEDDECISION,KXFEDDECISION-27JUL,Will the Federal Reserve Hike rates by 0bps at their July 2027 meeting?,Fed maintains rate,fed_rates,active,US_or_global_US_relevant_proxy,2026-09-08T15:07:00Z,usable,2026-09-08T10:00:00Z,5.116666666666666,0.765,0.76,0.77,0.010000000000000009,4317.3,bar_age_only_actual_quote_update_time_unavailable
KXFEDDECISION-27JUL-C26,KXFEDDECISION,KXFEDDECISION-27JUL,Will the Federal Reserve Cut rates by >25bps at their July 2027 meeting?,Cut >25bps,fed_rates,active,US_or_global_US_relevant_proxy,2026-09-08T15:07:00Z,usable,2026-09-08T04:00:00Z,11.116666666666667,0.035,0.03,0.04,0.010000000000000002,880.5,bar_age_only_actual_quote_update_time_unavailable
KXFEDDECISION-27JUL-C25,KXFEDDECISION,KXFEDDECISION-27JUL,Will the Federal Reserve Cut rates by 25bps at their July 2027 meeting?,Cut 25bps,fed_rates,active,US_or_global_US_relevant_proxy,2026-09-08T15:07:00Z,usable,2026-09-08T10:00:00Z,5.116666666666666,0.135,0.11,0.16,0.05,2762.15,bar_age_only_actual_quote_update_time_unavailable
KXFEDDECISION-27JUN-H26,KXFEDDECISION,KXFEDDECISION-27JUN,Will the Federal Reserve Hike rates by >25bps at their June 2027 meeting?,Hike >25bps,fed_rates,active,US_or_global_US_relevant_proxy,2026-09-08T15:07:00Z,usable,2026-09-08T09:00:00Z,6.116666666666666,0.125,0.12,0.13,0.010000000000000009,267.37,bar_age_only_actual_quote_update_time_unavailable
KXFEDDECISION-27JUN-H25,KXFEDDECISION,KXFEDDECISION-27JUN,Will the Federal Reserve Hike rates by 25bps at their June 2027 meeting?,Hike 25bps,fed_rates,active,US_or_global_US_relevant_proxy,2026-09-08T15:07:00Z,usable,2026-09-08T09:00:00Z,6.116666666666666,0.09,0.08,0.1,0.020000000000000004,224.0,bar_age_only_actual_quote_update_time_unavailable
KXFEDDECISION-27JUN-H0,KXFEDDECISION,KXFEDDECISION-27JUN,Will the Federal Reserve Hike rates by 0bps at their June 2027 meeting?,Fed maintains rate,fed_rates,active,US_or_global_US_relevant_proxy,2026-09-08T15:07:00Z,usable,2026-09-08T15:00:00Z,0.11666666666666667,0.655,0.61,0.7,0.08999999999999997,669.73,bar_age_only_actual_quote_update_time_unavailable
KXFEDDECISION-27JUN-C26,KXFEDDECISION,KXFEDDECISION-27JUN,Will the Federal Reserve Cut rates by >25bps at their June 2027 meeting?,Cut >25bps,fed_rates,active,US_or_global_US_relevant_proxy,2026-09-08T15:07:00Z,usable,2026-09-08T09:00:00Z,6.116666666666666,0.065,0.06,0.07,0.010000000000000009,473.0,bar_age_only_actual_quote_update_time_unavailable
KXFEDDECISION-27JUN-C25,KXFEDDECISION,KXFEDDECISION-27JUN,Will the Federal Reserve Cut rates by 25bps at their June 2027 meeting?,Cut 25bps,fed_rates,active,US_or_global_US_relevant_proxy,2026-09-08T15:07:00Z,usable,2026-09-07T23:00:00Z,16.116666666666667,0.065,0.06,0.07,0.010000000000000009,328.0,bar_age_only_actual_quote_update_time_unavailable
KXFEDDECISION-27APR-H26,KXFEDDECISION,KXFEDDECISION-27APR,Will the Federal Reserve Hike rates by >25bps at their April 2027 meeting?,Hike >25bps,fed_rates,active,US_or_global_US_relevant_proxy,2026-09-08T15:07:00Z,usable,2026-09-07T23:00:00Z,16.116666666666667,0.015,0.01,0.02,0.01,583.0,bar_age_only_actual_quote_update_time_unavailable
KXFEDDECISION-27APR-H25,KXFEDDECISION,KXFEDDECISION-27APR,Will the Federal Reserve Hike rates by 25bps at their April 2027 meeting?,Hike 25bps,fed_rates,active,US_or_global_US_relevant_proxy,2026-09-08T15:07:00Z,usable,2026-09-08T10:00:00Z,5.116666666666666,0.08,0.05,0.11,0.06,1166.93,bar_age_only_actual_quote_update_time_unavailable
KXFEDDECISION-27APR-H0,KXFEDDECISION,KXFEDDECISION-27APR,Will the Federal Reserve Hike rates by 0bps at their April 2027 meeting?,Fed maintains rate,fed_rates,active,US_or_global_US_relevant_proxy,2026-09-08T15:07:00Z,usable,2026-09-08T09:00:00Z,6.116666666666666,0.62,0.61,0.63,0.020000000000000018,4265.78,bar_age_only_actual_quote_update_time_unavailable
KXFEDDECISION-27APR-C26,KXFEDDECISION,KXFEDDECISION-27APR,Will the Federal Reserve Cut rates by >25bps at their April 2027 meeting?,Cut >25bps,fed_rates,active,US_or_global_US_relevant_proxy,2026-09-08T15:07:00Z,usable,2026-09-08T15:00:00Z,0.11666666666666667,0.045,0.04,0.05,0.010000000000000002,1678.37,bar_age_only_actual_quote_update_time_unavailable
KXFEDDECISION-27APR-C25,KXFEDDECISION,KXFEDDECISION-27APR,Will the Federal Reserve Cut rates by 25bps at their April 2027 meeting?,Cut 25bps,fed_rates,active,US_or_global_US_relevant_proxy,2026-09-08T15:07:00Z,usable,2026-09-08T15:00:00Z,0.11666666666666667,0.175,0.12,0.23,0.11000000000000001,1865.88,bar_age_only_actual_quote_update_time_unavailable
KXFEDDECISION-27MAR-H26,KXFEDDECISION,KXFEDDECISION-27MAR,Will the Federal Reserve Hike rates by >25bps at their March 2027 meeting?,Hike >25bps,fed_rates,active,US_or_global_US_relevant_proxy,2026-09-08T15:07:00Z,stale_observation,2026-09-04T20:00:00Z,91.11666666666666,,,,,,
KXFEDDECISION-27MAR-H25,KXFEDDECISION,KXFEDDECISION-27MAR,Will the Federal Reserve Hike rates by 25bps at their March 2027 meeting?,Hike 25bps,fed_rates,active,US_or_global_US_relevant_proxy,2026-09-08T15:07:00Z,usable,2026-09-08T10:00:00Z,5.116666666666666,0.10500000000000001,0.1,0.11,0.009999999999999995,902.27,bar_age_only_actual_quote_update_time_unavailable
KXFEDDECISION-27MAR-H0,KXFEDDECISION,KXFEDDECISION-27MAR,Will the Federal Reserve Hike rates by 0bps at their March 2027 meeting?,Fed maintains rate,fed_rates,active,US_or_global_US_relevant_proxy,2026-09-08T15:07:00Z,usable,2026-09-08T15:00:00Z,0.11666666666666667,0.77,0.75,0.79,0.040000000000000036,2205.52,bar_age_only_actual_quote_update_time_unavailable
KXFEDDECISION-27MAR-C26,KXFEDDECISION,KXFEDDECISION-27MAR,Will the Federal Reserve Cut rates by >25bps at their March 2027 meeting?,Cut >25bps,fed_rates,active,US_or_global_US_relevant_proxy,2026-09-08T15:07:00Z,stale_observation,2026-09-04T20:00:00Z,91.11666666666666,,,,,,
KXFEDDECISION-27MAR-C25,KXFEDDECISION,KXFEDDECISION-27MAR,Will the Federal Reserve Cut rates by 25bps at their March 2027 meeting?,Cut 25bps,fed_rates,active,US_or_global_US_relevant_proxy,2026-09-08T15:07:00Z,usable,2026-09-08T14:00:00Z,1.1166666666666667,0.08499999999999999,0.08,0.09,0.009999999999999995,1007.3,bar_age_only_actual_quote_update_time_unavailable
KXFEDDECISION-27JAN-H26,KXFEDDECISION,KXFEDDECISION-27JAN,Will the Federal Reserve Hike rates by >25bps at their January 2027 meeting?,Hike >25bps,fed_rates,active,US_or_global_US_relevant_proxy,2026-09-08T15:07:00Z,usable,2026-09-08T15:00:00Z,0.11666666666666667,0.055,0.02,0.09,0.06999999999999999,5477.74,bar_age_only_actual_quote_update_time_unavailable
KXFEDDECISION-27JAN-H25,KXFEDDECISION,KXFEDDECISION-27JAN,Will the Federal Reserve Hike rates by 25bps at their January 2027 meeting?,Hike 25bps,fed_rates,active,US_or_global_US_relevant_proxy,2026-09-08T15:07:00Z,usable,2026-09-08T15:00:00Z,0.11666666666666667,0.22,0.2,0.24,0.03999999999999998,8279.7,bar_age_only_actual_quote_update_time_unavailable
KXFEDDECISION-27JAN-H0,KXFEDDECISION,KXFEDDECISION-27JAN,Will the Federal Reserve Hike rates by 0bps at their January 2027 meeting?,Fed maintains rate,fed_rates,active,US_or_global_US_relevant_proxy,2026-09-08T15:07:00Z,usable,2026-09-07T23:00:00Z,16.116666666666667,0.5700000000000001,0.56,0.58,0.019999999999999907,11499.67,bar_age_only_actual_quote_update_time_unavailable
KXFEDDECISION-27JAN-C26,KXFEDDECISION,KXFEDDECISION-27JAN,Will the Federal Reserve Cut rates by >25bps at their January 2027 meeting?,Cut >25bps,fed_rates,active,US_or_global_US_relevant_proxy,2026-09-08T15:07:00Z,usable,2026-09-07T23:00:00Z,16.116666666666667,0.035,0.02,0.05,0.030000000000000002,5855.16,bar_age_only_actual_quote_update_time_unavailable
KXFEDDECISION-27JAN-C25,KXFEDDECISION,KXFEDDECISION-27JAN,Will the Federal Reserve Cut rates by 25bps at their January 2027 meeting?,Cut 25bps,fed_rates,active,US_or_global_US_relevant_proxy,2026-09-08T15:07:00Z,usable,2026-09-08T15:00:00Z,0.11666666666666667,0.105,0.09,0.12,0.03,8754.63,bar_age_only_actual_quote_update_time_unavailable
KXFEDDECISION-26DEC-H26,KXFEDDECISION,KXFEDDECISION-26DEC,Will the Federal Reserve Hike rates by >25bps at their December 2026 meeting?,Hike >25bps,fed_rates,active,US_or_global_US_relevant_proxy,2026-09-08T15:07:00Z,usable,2026-09-08T15:00:00Z,0.11666666666666667,0.025,0.02,0.03,0.009999999999999998,13302.71,bar_age_only_actual_quote_update_time_unavailable
KXFEDDECISION-26DEC-H25,KXFEDDECISION,KXFEDDECISION-26DEC,Will the Federal Reserve Hike rates by 25bps at their December 2026 meeting?,Hike 25bps,fed_rates,active,US_or_global_US_relevant_proxy,2026-09-08T15:07:00Z,usable,2026-09-08T15:00:00Z,0.11666666666666667,0.42,0.41,0.43,0.020000000000000018,14293.06,bar_age_only_actual_quote_update_time_unavailable
KXFEDDECISION-26DEC-H0,KXFEDDECISION,KXFEDDECISION-26DEC,Will the Federal Reserve Hike rates by 0bps at their December 2026 meeting?,Fed maintains rate,fed_rates,active,US_or_global_US_relevant_proxy,2026-09-08T15:07:00Z,usable,2026-09-08T13:00:00Z,2.1166666666666667,0.485,0.48,0.49,0.010000000000000009,43867.52,bar_age_only_actual_quote_update_time_unavailable
KXFEDDECISION-26DEC-C26,KXFEDDECISION,KXFEDDECISION-26DEC,Will the Federal Reserve Cut rates by >25bps at their December 2026 meeting?,Cut >25bps,fed_rates,active,US_or_global_US_relevant_proxy,2026-09-08T15:07:00Z,usable,2026-09-08T05:00:00Z,10.116666666666667,0.015,0.01,0.02,0.01,16902.33,bar_age_only_actual_quote_update_time_unavailable
KXFEDDECISION-26DEC-C25,KXFEDDECISION,KXFEDDECISION-26DEC,Will the Federal Reserve Cut rates by 25bps at their December 2026 meeting?,Cut 25bps,fed_rates,active,US_or_global_US_relevant_proxy,2026-09-08T15:07:00Z,usable,2026-09-08T14:00:00Z,1.1166666666666667,0.045,0.03,0.06,0.03,24933.35,bar_age_only_actual_quote_update_time_unavailable
KXFEDDECISION-26OCT-H26,KXFEDDECISION,KXFEDDECISION-26OCT,Will the Federal Reserve Hike rates by >25bps at their October 2026 meeting?,Hike >25bps,fed_rates,active,US_or_global_US_relevant_proxy,2026-09-08T15:07:00Z,usable,2026-09-08T15:00:00Z,0.11666666666666667,0.015,0.01,0.02,0.01,28999.15,bar_age_only_actual_quote_update_time_unavailable
KXFEDDECISION-26OCT-H25,KXFEDDECISION,KXFEDDECISION-26OCT,Will the Federal Reserve Hike rates by 25bps at their October 2026 meeting?,Hike 25bps,fed_rates,active,US_or_global_US_relevant_proxy,2026-09-08T15:07:00Z,usable,2026-09-08T15:00:00Z,0.11666666666666667,0.275,0.27,0.28,0.010000000000000009,35549.02,bar_age_only_actual_quote_update_time_unavailable
KXFEDDECISION-26OCT-H0,KXFEDDECISION,KXFEDDECISION-26OCT,Will the Federal Reserve Hike rates by 0bps at their October 2026 meeting?,Fed maintains rate,fed_rates,active,US_or_global_US_relevant_proxy,2026-09-08T15:07:00Z,usable,2026-09-08T15:00:00Z,0.11666666666666667,0.685,0.68,0.69,0.009999999999999898,52155.79,bar_age_only_actual_quote_update_time_unavailable
KXFEDDECISION-26OCT-C26,KXFEDDECISION,KXFEDDECISION-26OCT,Will the Federal Reserve Cut rates by >25bps at their October 2026 meeting?,Cut >25bps,fed_rates,active,US_or_global_US_relevant_proxy,2026-09-08T15:07:00Z,usable,2026-09-08T14:00:00Z,1.1166666666666667,0.015,0.01,0.02,0.01,99112.64,bar_age_only_actual_quote_update_time_unavailable
KXFEDDECISION-26OCT-C25,KXFEDDECISION,KXFEDDECISION-26OCT,Will the Federal Reserve Cut rates by 25bps at their October 2026 meeting?,Cut 25bps,fed_rates,active,US_or_global_US_relevant_proxy,2026-09-08T15:07:00Z,usable,2026-09-08T15:00:00Z,0.11666666666666667,0.045,0.04,0.05,0.010000000000000002,263629.04,bar_age_only_actual_quote_update_time_unavailable
KXFEDDECISION-26SEP-H26,KXFEDDECISION,KXFEDDECISION-26SEP,Will the Federal Reserve Hike rates by >25bps at their September 2026 meeting?,Hike >25bps,fed_rates,active,US_or_global_US_relevant_proxy,2026-09-08T15:07:00Z,usable,2026-09-08T15:00:00Z,0.11666666666666667,0.005,0.0,0.01,0.01,7625093.99,bar_age_only_actual_quote_update_time_unavailable
KXFEDDECISION-26SEP-H25,KXFEDDECISION,KXFEDDECISION-26SEP,Will the Federal Reserve Hike rates by 25bps at their September 2026 meeting?,Hike 25bps,fed_rates,active,US_or_global_US_relevant_proxy,2026-09-08T15:07:00Z,usable,2026-09-08T15:00:00Z,0.11666666666666667,0.525,0.52,0.53,0.010000000000000009,3890684.38,bar_age_only_actual_quote_update_time_unavailable
KXFEDDECISION-26SEP-H0,KXFEDDECISION,KXFEDDECISION-26SEP,Will the Federal Reserve Hike rates by 0bps at their September 2026 meeting?,Fed maintains rate,fed_rates,active,US_or_global_US_relevant_proxy,2026-09-08T15:07:00Z,usable,2026-09-08T15:00:00Z,0.11666666666666667,0.46499999999999997,0.46,0.47,0.009999999999999953,10197201.66,bar_age_only_actual_quote_update_time_unavailable
KXFEDDECISION-26SEP-C26,KXFEDDECISION,KXFEDDECISION-26SEP,Will the Federal Reserve Cut rates by >25bps at their September 2026 meeting?,Cut >25bps,fed_rates,active,US_or_global_US_relevant_proxy,2026-09-08T15:07:00Z,usable,2026-09-08T15:00:00Z,0.11666666666666667,0.005,0.0,0.01,0.01,1141973.51,bar_age_only_actual_quote_update_time_unavailable
KXFEDDECISION-26SEP-C25,KXFEDDECISION,KXFEDDECISION-26SEP,Will the Federal Reserve Cut rates by 25bps at their September 2026 meeting?,Cut 25bps,fed_rates,active,US_or_global_US_relevant_proxy,2026-09-08T15:07:00Z,usable,2026-09-08T15:00:00Z,0.11666666666666667,0.005,0.0,0.01,0.01,6451265.5,bar_age_only_actual_quote_update_time_unavailable
KXFEDDECISION-26JUL-H26,KXFEDDECISION,KXFEDDECISION-26JUL,Will the Federal Reserve Hike rates by >25bps at their July 2026 meeting?,Hike >25bps,fed_rates,finalized,US_or_global_US_relevant_proxy,,closed_before_frozen_asof,,,,,,,,
KXFEDDECISION-26JUL-H25,KXFEDDECISION,KXFEDDECISION-26JUL,Will the Federal Reserve Hike rates by 25bps at their July 2026 meeting?,Hike 25bps,fed_rates,finalized,US_or_global_US_relevant_proxy,,closed_before_frozen_asof,,,,,,,,
KXFEDDECISION-26JUL-H0,KXFEDDECISION,KXFEDDECISION-26JUL,Will the Federal Reserve Hike rates by 0bps at their July 2026 meeting?,Fed maintains rate,fed_rates,finalized,US_or_global_US_relevant_proxy,,closed_before_frozen_asof,,,,,,,,
KXFEDDECISION-26JUL-C26,KXFEDDECISION,KXFEDDECISION-26JUL,Will the Federal Reserve Cut rates by >25bps at their July 2026 meeting?,Cut >25bps,fed_rates,finalized,US_or_global_US_relevant_proxy,,closed_before_frozen_asof,,,,,,,,
KXFEDDECISION-26JUL-C25,KXFEDDECISION,KXFEDDECISION-26JUL,Will the Federal Reserve Cut rates by 25bps at their July 2026 meeting?,Cut 25bps,fed_rates,finalized,US_or_global_US_relevant_proxy,,closed_before_frozen_asof,,,,,,,,
KXFEDFUNDSYEAR-29JAN01-T6.00,KXFEDFUNDSYEAR,KXFEDFUNDSYEAR-29JAN01,"Will the upper bound of the target range for the federal funds rate in effect at 11:59 PM ET on December 31, 2028 be above 6.00%?",Above 6.00%,fed_rates,active,US_or_global_US_relevant_proxy,2026-09-08T15:07:00Z,usable,2026-09-08T09:00:00Z,6.116666666666666,0.075,0.06,0.09,0.03,25.01,bar_age_only_actual_quote_update_time_unavailable
KXFEDFUNDSYEAR-29JAN01-T5.75,KXFEDFUNDSYEAR,KXFEDFUNDSYEAR-29JAN01,"Will the upper bound of the target range for the federal funds rate in effect at 11:59 PM ET on December 31, 2028 be above 5.75%?",Above 5.75%,fed_rates,active,US_or_global_US_relevant_proxy,2026-09-08T15:07:00Z,stale_observation,2026-09-02T18:00:00Z,141.11666666666667,,,,,,
KXFEDFUNDSYEAR-29JAN01-T5.50,KXFEDFUNDSYEAR,KXFEDFUNDSYEAR-29JAN01,"Will the upper bound of the target range for the federal funds rate in effect at 11:59 PM ET on December 31, 2028 be above 5.50%?",Above 5.50%,fed_rates,active,US_or_global_US_relevant_proxy,2026-09-08T15:07:00Z,stale_observation,2026-08-30T12:00:00Z,219.11666666666667,,,,,,
KXFEDFUNDSYEAR-29JAN01-T5.25,KXFEDFUNDSYEAR,KXFEDFUNDSYEAR-29JAN01,"Will the upper bound of the target range for the federal funds rate in effect at 11:59 PM ET on December 31, 2028 be above 5.25%?",Above 5.25%,fed_rates,active,US_or_global_US_relevant_proxy,2026-09-08T15:07:00Z,stale_observation,2026-09-02T23:00:00Z,136.11666666666667,,,,,,
KXFEDFUNDSYEAR-29JAN01-T5.00,KXFEDFUNDSYEAR,KXFEDFUNDSYEAR-29JAN01,"Will the upper bound of the target range for the federal funds rate in effect at 11:59 PM ET on December 31, 2028 be above 5.00%?",Above 5.00%,fed_rates,active,US_or_global_US_relevant_proxy,2026-09-08T15:07:00Z,usable,2026-09-08T09:00:00Z,6.116666666666666,0.255,0.21,0.3,0.09,118.0,bar_age_only_actual_quote_update_time_unavailable
KXFEDFUNDSYEAR-29JAN01-T4.75,KXFEDFUNDSYEAR,KXFEDFUNDSYEAR-29JAN01,"Will the upper bound of the target range for the federal funds rate in effect at 11:59 PM ET on December 31, 2028 be above 4.75%?",Above 4.75%,fed_rates,active,US_or_global_US_relevant_proxy,2026-09-08T15:07:00Z,stale_observation,2026-08-30T04:00:00Z,227.11666666666667,,,,,,
KXFEDFUNDSYEAR-29JAN01-T4.50,KXFEDFUNDSYEAR,KXFEDFUNDSYEAR-29JAN01,"Will the upper bound of the target range for the federal funds rate in effect at 11:59 PM ET on December 31, 2028 be above 4.50%?",Above 4.50%,fed_rates,active,US_or_global_US_relevant_proxy,2026-09-08T15:07:00Z,stale_observation,2026-09-01T11:00:00Z,172.11666666666667,,,,,,
KXFEDFUNDSYEAR-29JAN01-T4.25,KXFEDFUNDSYEAR,KXFEDFUNDSYEAR-29JAN01,"Will the upper bound of the target range for the federal funds rate in effect at 11:59 PM ET on December 31, 2028 be above 4.25%?",Above 4.25%,fed_rates,active,US_or_global_US_relevant_proxy,2026-09-08T15:07:00Z,stale_observation,2026-08-30T04:00:00Z,227.11666666666667,,,,,,
KXFEDFUNDSYEAR-29JAN01-T4.00,KXFEDFUNDSYEAR,KXFEDFUNDSYEAR-29JAN01,"Will the upper bound of the target range for the federal funds rate in effect at 11:59 PM ET on December 31, 2028 be above 4.00%?",Above 4.00%,fed_rates,active,US_or_global_US_relevant_proxy,2026-09-08T15:07:00Z,stale_observation,2026-08-30T04:00:00Z,227.11666666666667,,,,,,
KXFEDFUNDSYEAR-29JAN01-T3.75,KXFEDFUNDSYEAR,KXFEDFUNDSYEAR-29JAN01,"Will the upper bound of the target range for the federal funds rate in effect at 11:59 PM ET on December 31, 2028 be above 3.75%?",Above 3.75%,fed_rates,active,US_or_global_US_relevant_proxy,2026-09-08T15:07:00Z,stale_observation,2026-09-06T05:00:00Z,58.11666666666667,,,,,,
KXFEDFUNDSYEAR-29JAN01-T3.50,KXFEDFUNDSYEAR,KXFEDFUNDSYEAR-29JAN01,"Will the upper bound of the target range for the federal funds rate in effect at 11:59 PM ET on December 31, 2028 be above 3.50%?",Above 3.50%,fed_rates,active,US_or_global_US_relevant_proxy,2026-09-08T15:07:00Z,stale_observation,2026-08-30T04:00:00Z,227.11666666666667,,,,,,
KXFEDFUNDSYEAR-29JAN01-T3.25,KXFEDFUNDSYEAR,KXFEDFUNDSYEAR-29JAN01,"Will the upper bound of the target range for the federal funds rate in effect at 11:59 PM ET on December 31, 2028 be above 3.25%?",Above 3.25%,fed_rates,active,US_or_global_US_relevant_proxy,2026-09-08T15:07:00Z,stale_observation,2026-08-30T06:00:00Z,225.11666666666667,,,,,,
KXFEDFUNDSYEAR-29JAN01-T3.00,KXFEDFUNDSYEAR,KXFEDFUNDSYEAR-29JAN01,"Will the upper bound of the target range for the federal funds rate in effect at 11:59 PM ET on December 31, 2028 be above 3.00%?",Above 3.00%,fed_rates,active,US_or_global_US_relevant_proxy,2026-09-08T15:07:00Z,stale_observation,2026-08-30T04:00:00Z,227.11666666666667,,,,,,
KXFEDFUNDSYEAR-29JAN01-T2.75,KXFEDFUNDSYEAR,KXFEDFUNDSYEAR-29JAN01,"Will the upper bound of the target range for the federal funds rate in effect at 11:59 PM ET on December 31, 2028 be above 2.75%?",Above 2.75%,fed_rates,active,US_or_global_US_relevant_proxy,2026-09-08T15:07:00Z,usable,2026-09-08T09:00:00Z,6.116666666666666,0.48,0.36,0.6,0.24,57.0,bar_age_only_actual_quote_update_time_unavailable
KXFEDFUNDSYEAR-29JAN01-T2.50,KXFEDFUNDSYEAR,KXFEDFUNDSYEAR-29JAN01,"Will the upper bound of the target range for the federal funds rate in effect at 11:59 PM ET on December 31, 2028 be above 2.50%?",Above 2.50%,fed_rates,active,US_or_global_US_relevant_proxy,2026-09-08T15:07:00Z,stale_observation,2026-09-01T14:00:00Z,169.11666666666667,,,,,,
KXFEDFUNDSYEAR-29JAN01-T2.25,KXFEDFUNDSYEAR,KXFEDFUNDSYEAR-29JAN01,"Will the upper bound of the target range for the federal funds rate in effect at 11:59 PM ET on December 31, 2028 be above 2.25%?",Above 2.25%,fed_rates,active,US_or_global_US_relevant_proxy,2026-09-08T15:07:00Z,stale_observation,2026-08-31T04:00:00Z,203.11666666666667,,,,,,
KXFEDFUNDSYEAR-29JAN01-T2.00,KXFEDFUNDSYEAR,KXFEDFUNDSYEAR-29JAN01,"Will the upper bound of the target range for the federal funds rate in effect at 11:59 PM ET on December 31, 2028 be above 2.00%?",Above 2.00%,fed_rates,active,US_or_global_US_relevant_proxy,2026-09-08T15:07:00Z,stale_observation,2026-08-28T13:00:00Z,266.1166666666667,,,,,,
KXFEDFUNDSYEAR-29JAN01-T1.75,KXFEDFUNDSYEAR,KXFEDFUNDSYEAR-29JAN01,"Will the upper bound of the target range for the federal funds rate in effect at 11:59 PM ET on December 31, 2028 be above 1.75%?",Above 1.75%,fed_rates,active,US_or_global_US_relevant_proxy,2026-09-08T15:07:00Z,stale_observation,2026-08-29T08:00:00Z,247.11666666666667,,,,,,
KXFEDFUNDSYEAR-29JAN01-T1.50,KXFEDFUNDSYEAR,KXFEDFUNDSYEAR-29JAN01,"Will the upper bound of the target range for the federal funds rate in effect at 11:59 PM ET on December 31, 2028 be above 1.50%?",Above 1.50%,fed_rates,active,US_or_global_US_relevant_proxy,2026-09-08T15:07:00Z,usable,2026-09-08T09:00:00Z,6.116666666666666,0.885,0.81,0.96,0.1499999999999999,17.99,bar_age_only_actual_quote_update_time_unavailable
KXFEDFUNDSYEAR-29JAN01-T1.25,KXFEDFUNDSYEAR,KXFEDFUNDSYEAR-29JAN01,"Will the upper bound of the target range for the federal funds rate in effect at 11:59 PM ET on December 31, 2028 be above 1.25%?",Above 1.25%,fed_rates,active,US_or_global_US_relevant_proxy,2026-09-08T15:07:00Z,stale_observation,2026-09-02T08:00:00Z,151.11666666666667,,,,,,
KXFEDFUNDSYEAR-29JAN01-T1.00,KXFEDFUNDSYEAR,KXFEDFUNDSYEAR-29JAN01,"Will the upper bound of the target range for the federal funds rate in effect at 11:59 PM ET on December 31, 2028 be above 1.00%?",Above 1.00%,fed_rates,active,US_or_global_US_relevant_proxy,2026-09-08T15:07:00Z,stale_observation,2026-09-03T10:00:00Z,125.11666666666666,,,,,,
KXFEDFUNDSYEAR-28JAN01-T6.00,KXFEDFUNDSYEAR,KXFEDFUNDSYEAR-28JAN01,"Will the upper bound of the target range for the federal funds rate in effect at 11:59 PM ET on December 31, 2027 be above 6.00%?",Above 6.00%,fed_rates,active,US_or_global_US_relevant_proxy,2026-09-08T15:07:00Z,usable,2026-09-08T12:00:00Z,3.1166666666666667,0.035,0.02,0.05,0.030000000000000002,29.01,bar_age_only_actual_quote_update_time_unavailable
KXFEDFUNDSYEAR-28JAN01-T5.75,KXFEDFUNDSYEAR,KXFEDFUNDSYEAR-28JAN01,"Will the upper bound of the target range for the federal funds rate in effect at 11:59 PM ET on December 31, 2027 be above 5.75%?",Above 5.75%,fed_rates,active,US_or_global_US_relevant_proxy,2026-09-08T15:07:00Z,usable,2026-09-08T09:00:00Z,6.116666666666666,0.05500000000000001,0.04,0.07,0.030000000000000006,56.0,bar_age_only_actual_quote_update_time_unavailable
KXFEDFUNDSYEAR-28JAN01-T5.50,KXFEDFUNDSYEAR,KXFEDFUNDSYEAR-28JAN01,"Will the upper bound of the target range for the federal funds rate in effect at 11:59 PM ET on December 31, 2027 be above 5.50%?",Above 5.50%,fed_rates,active,US_or_global_US_relevant_proxy,2026-09-08T15:07:00Z,stale_observation,2026-09-04T13:00:00Z,98.11666666666666,,,,,,
KXFEDFUNDSYEAR-28JAN01-T5.25,KXFEDFUNDSYEAR,KXFEDFUNDSYEAR-28JAN01,"Will the upper bound of the target range for the federal funds rate in effect at 11:59 PM ET on December 31, 2027 be above 5.25%?",Above 5.25%,fed_rates,active,US_or_global_US_relevant_proxy,2026-09-08T15:07:00Z,usable,2026-09-08T12:00:00Z,3.1166666666666667,0.10500000000000001,0.05,0.16,0.11,761.09,bar_age_only_actual_quote_update_time_unavailable
KXFEDFUNDSYEAR-28JAN01-T5.00,KXFEDFUNDSYEAR,KXFEDFUNDSYEAR-28JAN01,"Will the upper bound of the target range for the federal funds rate in effect at 11:59 PM ET on December 31, 2027 be above 5.00%?",Above 5.00%,fed_rates,active,US_or_global_US_relevant_proxy,2026-09-08T15:07:00Z,usable,2026-09-08T12:00:00Z,3.1166666666666667,0.125,0.1,0.15,0.04999999999999999,48.76,bar_age_only_actual_quote_update_time_unavailable
KXFEDFUNDSYEAR-28JAN01-T4.75,KXFEDFUNDSYEAR,KXFEDFUNDSYEAR-28JAN01,"Will the upper bound of the target range for the federal funds rate in effect at 11:59 PM ET on December 31, 2027 be above 4.75%?",Above 4.75%,fed_rates,active,US_or_global_US_relevant_proxy,2026-09-08T15:07:00Z,usable,2026-09-08T12:00:00Z,3.1166666666666667,0.235,0.16,0.31,0.15,254.74,bar_age_only_actual_quote_update_time_unavailable
KXFEDFUNDSYEAR-28JAN01-T4.50,KXFEDFUNDSYEAR,KXFEDFUNDSYEAR-28JAN01,"Will the upper bound of the target range for the federal funds rate in effect at 11:59 PM ET on December 31, 2027 be above 4.50%?",Above 4.50%,fed_rates,active,US_or_global_US_relevant_proxy,2026-09-08T15:07:00Z,stale_observation,2026-09-04T17:00:00Z,94.11666666666666,,,,,,
KXFEDFUNDSYEAR-28JAN01-T4.25,KXFEDFUNDSYEAR,KXFEDFUNDSYEAR-28JAN01,"Will the upper bound of the target range for the federal funds rate in effect at 11:59 PM ET on December 31, 2027 be above 4.25%?",Above 4.25%,fed_rates,active,US_or_global_US_relevant_proxy,2026-09-08T15:07:00Z,usable,2026-09-08T12:00:00Z,3.1166666666666667,0.435,0.42,0.45,0.030000000000000027,693.25,bar_age_only_actual_quote_update_time_unavailable
KXFEDFUNDSYEAR-28JAN01-T4.00,KXFEDFUNDSYEAR,KXFEDFUNDSYEAR-28JAN01,"Will the upper bound of the target range for the federal funds rate in effect at 11:59 PM ET on December 31, 2027 be above 4.00%?",Above 4.00%,fed_rates,active,US_or_global_US_relevant_proxy,2026-09-08T15:07:00Z,usable,2026-09-08T14:00:00Z,1.1166666666666667,0.52,0.51,0.53,0.020000000000000018,1162.93,bar_age_only_actual_quote_update_time_unavailable
KXFEDFUNDSYEAR-28JAN01-T3.75,KXFEDFUNDSYEAR,KXFEDFUNDSYEAR-28JAN01,"Will the upper bound of the target range for the federal funds rate in effect at 11:59 PM ET on December 31, 2027 be above 3.75%?",Above 3.75%,fed_rates,active,US_or_global_US_relevant_proxy,2026-09-08T15:07:00Z,usable,2026-09-08T15:00:00Z,0.11666666666666667,0.69,0.68,0.7,0.019999999999999907,3020.8,bar_age_only_actual_quote_update_time_unavailable
KXFEDFUNDSYEAR-28JAN01-T3.50,KXFEDFUNDSYEAR,KXFEDFUNDSYEAR-28JAN01,"Will the upper bound of the target range for the federal funds rate in effect at 11:59 PM ET on December 31, 2027 be above 3.50%?",Above 3.50%,fed_rates,active,US_or_global_US_relevant_proxy,2026-09-08T15:07:00Z,usable,2026-09-08T15:00:00Z,0.11666666666666667,0.685,0.67,0.7,0.029999999999999916,2370.96,bar_age_only_actual_quote_update_time_unavailable
KXFEDFUNDSYEAR-28JAN01-T3.25,KXFEDFUNDSYEAR,KXFEDFUNDSYEAR-28JAN01,"Will the upper bound of the target range for the federal funds rate in effect at 11:59 PM ET on December 31, 2027 be above 3.25%?",Above 3.25%,fed_rates,active,US_or_global_US_relevant_proxy,2026-09-08T15:07:00Z,usable,2026-09-08T11:00:00Z,4.116666666666666,0.7949999999999999,0.76,0.83,0.06999999999999995,2243.08,bar_age_only_actual_quote_update_time_unavailable
KXFEDFUNDSYEAR-28JAN01-T3.00,KXFEDFUNDSYEAR,KXFEDFUNDSYEAR-28JAN01,"Will the upper bound of the target range for the federal funds rate in effect at 11:59 PM ET on December 31, 2027 be above 3.00%?",Above 3.00%,fed_rates,active,US_or_global_US_relevant_proxy,2026-09-08T15:07:00Z,usable,2026-09-08T12:00:00Z,3.1166666666666667,0.835,0.78,0.89,0.10999999999999999,445.93,bar_age_only_actual_quote_update_time_unavailable
KXFEDFUNDSYEAR-28JAN01-T2.75,KXFEDFUNDSYEAR,KXFEDFUNDSYEAR-28JAN01,"Will the upper bound of the target range for the federal funds rate in effect at 11:59 PM ET on December 31, 2027 be above 2.75%?",Above 2.75%,fed_rates,active,US_or_global_US_relevant_proxy,2026-09-08T15:07:00Z,usable,2026-09-08T14:00:00Z,1.1166666666666667,0.85,0.84,0.86,0.020000000000000018,869.33,bar_age_only_actual_quote_update_time_unavailable
KXFEDFUNDSYEAR-28JAN01-T2.50,KXFEDFUNDSYEAR,KXFEDFUNDSYEAR-28JAN01,"Will the upper bound of the target range for the federal funds rate in effect at 11:59 PM ET on December 31, 2027 be above 2.50%?",Above 2.50%,fed_rates,active,US_or_global_US_relevant_proxy,2026-09-08T15:07:00Z,usable,2026-09-08T12:00:00Z,3.1166666666666667,0.865,0.85,0.88,0.030000000000000027,240.12,bar_age_only_actual_quote_update_time_unavailable
KXFEDFUNDSYEAR-28JAN01-T2.25,KXFEDFUNDSYEAR,KXFEDFUNDSYEAR-28JAN01,"Will the upper bound of the target range for the federal funds rate in effect at 11:59 PM ET on December 31, 2027 be above 2.25%?",Above 2.25%,fed_rates,active,US_or_global_US_relevant_proxy,2026-09-08T15:07:00Z,usable,2026-09-08T11:00:00Z,4.116666666666666,0.95,0.9,1.0,0.09999999999999998,465.83,bar_age_only_actual_quote_update_time_unavailable
KXFEDFUNDSYEAR-28JAN01-T2.00,KXFEDFUNDSYEAR,KXFEDFUNDSYEAR-28JAN01,"Will the upper bound of the target range for the federal funds rate in effect at 11:59 PM ET on December 31, 2027 be above 2.00%?",Above 2.00%,fed_rates,active,US_or_global_US_relevant_proxy,2026-09-08T15:07:00Z,usable,2026-09-08T12:00:00Z,3.1166666666666667,0.96,0.92,1.0,0.07999999999999996,164.19,bar_age_only_actual_quote_update_time_unavailable
KXFEDFUNDSYEAR-28JAN01-T1.75,KXFEDFUNDSYEAR,KXFEDFUNDSYEAR-28JAN01,"Will the upper bound of the target range for the federal funds rate in effect at 11:59 PM ET on December 31, 2027 be above 1.75%?",Above 1.75%,fed_rates,active,US_or_global_US_relevant_proxy,2026-09-08T15:07:00Z,usable,2026-09-08T12:00:00Z,3.1166666666666667,0.965,0.94,0.99,0.050000000000000044,25.0,bar_age_only_actual_quote_update_time_unavailable
KXFEDFUNDSYEAR-28JAN01-T1.50,KXFEDFUNDSYEAR,KXFEDFUNDSYEAR-28JAN01,"Will the upper bound of the target range for the federal funds rate in effect at 11:59 PM ET on December 31, 2027 be above 1.50%?",Above 1.50%,fed_rates,active,US_or_global_US_relevant_proxy,2026-09-08T15:07:00Z,usable,2026-09-08T12:00:00Z,3.1166666666666667,0.98,0.96,1.0,0.040000000000000036,55.0,bar_age_only_actual_quote_update_time_unavailable
KXFEDFUNDSYEAR-28JAN01-T1.25,KXFEDFUNDSYEAR,KXFEDFUNDSYEAR-28JAN01,"Will the upper bound of the target range for the federal funds rate in effect at 11:59 PM ET on December 31, 2027 be above 1.25%?",Above 1.25%,fed_rates,active,US_or_global_US_relevant_proxy,2026-09-08T15:07:00Z,usable,2026-09-08T12:00:00Z,3.1166666666666667,0.97,0.96,0.98,0.020000000000000018,270.03,bar_age_only_actual_quote_update_time_unavailable
KXFEDFUNDSYEAR-28JAN01-T1.00,KXFEDFUNDSYEAR,KXFEDFUNDSYEAR-28JAN01,"Will the upper bound of the target range for the federal funds rate in effect at 11:59 PM ET on December 31, 2027 be above 1.00%?",Above 1.00%,fed_rates,active,US_or_global_US_relevant_proxy,2026-09-08T15:07:00Z,usable,2026-09-08T09:00:00Z,6.116666666666666,0.98,0.96,1.0,0.040000000000000036,361.01,bar_age_only_actual_quote_update_time_unavailable
FEDHIKE-26JUN30,KXFEDHIKE,FEDHIKE,"Will the Federal Reserve hike rates by June 30, 2026?",Before July 2026,fed_rates,finalized,US_or_global_US_relevant_proxy,,closed_before_frozen_asof,,,,,,,,
FEDHIKE-27DEC31,KXFEDHIKE,FEDHIKE,"Will the Federal Reserve hike rates by December 31, 2027?",Before 2028,fed_rates,active,US_or_global_US_relevant_proxy,2026-09-08T15:07:00Z,usable,2026-09-08T14:00:00Z,1.1166666666666667,0.845,0.84,0.85,0.010000000000000009,73277.38,bar_age_only_actual_quote_update_time_unavailable
FEDHIKE-27JUN30,KXFEDHIKE,FEDHIKE,"Will the Federal Reserve hike rates by June 30, 2027?",Before July 2027,fed_rates,active,US_or_global_US_relevant_proxy,2026-09-08T15:07:00Z,usable,2026-09-08T15:00:00Z,0.11666666666666667,0.835,0.83,0.84,0.010000000000000009,141370.51,bar_age_only_actual_quote_update_time_unavailable
FEDHIKE-26DEC31,KXFEDHIKE,FEDHIKE,"Will the Federal Reserve hike rates by December 31, 2026?",Before 2027,fed_rates,active,US_or_global_US_relevant_proxy,2026-09-08T15:07:00Z,usable,2026-09-08T15:00:00Z,0.11666666666666667,0.735,0.73,0.74,0.010000000000000009,1179463.25,bar_age_only_actual_quote_update_time_unavailable
KXFOMCDISSENTCOUNT-26JUN-4,KXFOMCDISSENTCOUNT,KXFOMCDISSENTCOUNT-26JUN,How many dissenting votes at the next Fed meeting?,4,fed_rates,finalized,US_or_global_US_relevant_proxy,,closed_before_frozen_asof,,,,,,,,
KXFOMCDISSENTCOUNT-26JUN-3,KXFOMCDISSENTCOUNT,KXFOMCDISSENTCOUNT-26JUN,How many dissenting votes at the next Fed meeting?,3,fed_rates,finalized,US_or_global_US_relevant_proxy,,closed_before_frozen_asof,,,,,,,,
KXFOMCDISSENTCOUNT-26JUN-2,KXFOMCDISSENTCOUNT,KXFOMCDISSENTCOUNT-26JUN,How many dissenting votes at the next Fed meeting?,2,fed_rates,finalized,US_or_global_US_relevant_proxy,,closed_before_frozen_asof,,,,,,,,
KXFOMCDISSENTCOUNT-26JUN-1,KXFOMCDISSENTCOUNT,KXFOMCDISSENTCOUNT-26JUN,How many dissenting votes at the next Fed meeting?,1,fed_rates,finalized,US_or_global_US_relevant_proxy,,closed_before_frozen_asof,,,,,,,,
KXFOMCDISSENTCOUNT-26JUN-0,KXFOMCDISSENTCOUNT,KXFOMCDISSENTCOUNT-26JUN,How many dissenting votes at the next Fed meeting?,0,fed_rates,finalized,US_or_global_US_relevant_proxy,,closed_before_frozen_asof,,,,,,,,
KXFOMCDISSENTCOUNT-26SEP-5,KXFOMCDISSENTCOUNT,KXFOMCDISSENTCOUNT-26SEP,How many dissenting votes at the next Fed meeting?,5,fed_rates,active,US_or_global_US_relevant_proxy,2026-09-08T15:07:00Z,stale_observation,2026-09-06T20:00:00Z,43.11666666666667,,,,,,
KXFOMCDISSENTCOUNT-26SEP-4,KXFOMCDISSENTCOUNT,KXFOMCDISSENTCOUNT-26SEP,How many dissenting votes at the next Fed meeting?,4,fed_rates,active,US_or_global_US_relevant_proxy,2026-09-08T15:07:00Z,usable,2026-09-08T01:00:00Z,14.116666666666667,0.165,0.16,0.17,0.010000000000000009,5374.26,bar_age_only_actual_quote_update_time_unavailable
KXFOMCDISSENTCOUNT-26SEP-3,KXFOMCDISSENTCOUNT,KXFOMCDISSENTCOUNT-26SEP,How many dissenting votes at the next Fed meeting?,3,fed_rates,active,US_or_global_US_relevant_proxy,2026-09-08T15:07:00Z,usable,2026-09-08T15:00:00Z,0.11666666666666667,0.33,0.32,0.34,0.020000000000000018,11304.52,bar_age_only_actual_quote_update_time_unavailable
KXFOMCDISSENTCOUNT-26SEP-2,KXFOMCDISSENTCOUNT,KXFOMCDISSENTCOUNT-26SEP,How many dissenting votes at the next Fed meeting?,2,fed_rates,active,US_or_global_US_relevant_proxy,2026-09-08T15:07:00Z,usable,2026-09-08T15:00:00Z,0.11666666666666667,0.125,0.11,0.14,0.030000000000000013,5330.98,bar_age_only_actual_quote_update_time_unavailable
KXFOMCDISSENTCOUNT-26SEP-1,KXFOMCDISSENTCOUNT,KXFOMCDISSENTCOUNT-26SEP,How many dissenting votes at the next Fed meeting?,1,fed_rates,active,US_or_global_US_relevant_proxy,2026-09-08T15:07:00Z,usable,2026-09-08T13:00:00Z,2.1166666666666667,0.155,0.15,0.16,0.010000000000000009,13765.26,bar_age_only_actual_quote_update_time_unavailable
KXFOMCDISSENTCOUNT-26SEP-0,KXFOMCDISSENTCOUNT,KXFOMCDISSENTCOUNT-26SEP,How many dissenting votes at the next Fed meeting?,0,fed_rates,active,US_or_global_US_relevant_proxy,2026-09-08T15:07:00Z,usable,2026-09-08T15:00:00Z,0.11666666666666667,0.13,0.12,0.14,0.020000000000000018,41811.21,bar_age_only_actual_quote_update_time_unavailable
KXFOMCDISSENTCOUNT-26JUL-4,KXFOMCDISSENTCOUNT,KXFOMCDISSENTCOUNT-26JUL,How many dissenting votes at the next Fed meeting?,4,fed_rates,finalized,US_or_global_US_relevant_proxy,,closed_before_frozen_asof,,,,,,,,
KXFOMCDISSENTCOUNT-26JUL-3,KXFOMCDISSENTCOUNT,KXFOMCDISSENTCOUNT-26JUL,How many dissenting votes at the next Fed meeting?,3,fed_rates,finalized,US_or_global_US_relevant_proxy,,closed_before_frozen_asof,,,,,,,,
KXFOMCDISSENTCOUNT-26JUL-2,KXFOMCDISSENTCOUNT,KXFOMCDISSENTCOUNT-26JUL,How many dissenting votes at the next Fed meeting?,2,fed_rates,finalized,US_or_global_US_relevant_proxy,,closed_before_frozen_asof,,,,,,,,
KXFOMCDISSENTCOUNT-26JUL-1,KXFOMCDISSENTCOUNT,KXFOMCDISSENTCOUNT-26JUL,How many dissenting votes at the next Fed meeting?,1,fed_rates,finalized,US_or_global_US_relevant_proxy,,closed_before_frozen_asof,,,,,,,,
KXFOMCDISSENTCOUNT-26JUL-0,KXFOMCDISSENTCOUNT,KXFOMCDISSENTCOUNT-26JUL,How many dissenting votes at the next Fed meeting?,0,fed_rates,finalized,US_or_global_US_relevant_proxy,,closed_before_frozen_asof,,,,,,,,
KXGDP-27JUL29-T4.0,KXGDP,KXGDP-27JUL29,Will **real GDP** increase by more than 4.0% in Q2 2027?,Above 4.0%,jobs_growth,active,US_or_global_US_relevant_proxy,2026-09-08T15:07:00Z,usable,2026-09-08T09:00:00Z,6.116666666666666,0.095,0.05,0.14,0.09000000000000001,54.0,bar_age_only_actual_quote_update_time_unavailable
KXGDP-27JUL29-T3.5,KXGDP,KXGDP-27JUL29,Will **real GDP** increase by more than 3.5% in Q2 2027?,Above 3.5%,jobs_growth,active,US_or_global_US_relevant_proxy,2026-09-08T15:07:00Z,stale_observation,2026-09-04T20:00:00Z,91.11666666666666,,,,,,
KXGDP-27JUL29-T3.0,KXGDP,KXGDP-27JUL29,Will **real GDP** increase by more than 3.0% in Q2 2027?,Above 3.0%,jobs_growth,active,US_or_global_US_relevant_proxy,2026-09-08T15:07:00Z,usable,2026-09-08T09:00:00Z,6.116666666666666,0.275,0.23,0.32,0.09,59.0,bar_age_only_actual_quote_update_time_unavailable
KXGDP-27JUL29-T2.5,KXGDP,KXGDP-27JUL29,Will **real GDP** increase by more than 2.5% in Q2 2027?,Above 2.5%,jobs_growth,active,US_or_global_US_relevant_proxy,2026-09-08T15:07:00Z,usable,2026-09-08T09:00:00Z,6.116666666666666,0.375,0.33,0.42,0.08999999999999997,78.0,bar_age_only_actual_quote_update_time_unavailable
KXGDP-27JUL29-T2.0,KXGDP,KXGDP-27JUL29,Will **real GDP** increase by more than 2.0% in Q2 2027?,Above 2.0%,jobs_growth,active,US_or_global_US_relevant_proxy,2026-09-08T15:07:00Z,usable,2026-09-08T09:00:00Z,6.116666666666666,0.51,0.47,0.55,0.08000000000000007,244.0,bar_age_only_actual_quote_update_time_unavailable
KXGDP-27JUL29-T1.5,KXGDP,KXGDP-27JUL29,Will **real GDP** increase by more than 1.5% in Q2 2027?,Above 1.5%,jobs_growth,active,US_or_global_US_relevant_proxy,2026-09-08T15:07:00Z,usable,2026-09-08T09:00:00Z,6.116666666666666,0.625,0.58,0.67,0.09000000000000008,47.03,bar_age_only_actual_quote_update_time_unavailable
KXGDP-27JUL29-T1.0,KXGDP,KXGDP-27JUL29,Will **real GDP** increase by more than 1.0% in Q2 2027?,Above 1.0%,jobs_growth,active,US_or_global_US_relevant_proxy,2026-09-08T15:07:00Z,usable,2026-09-08T09:00:00Z,6.116666666666666,0.7250000000000001,0.68,0.77,0.08999999999999997,50.0,bar_age_only_actual_quote_update_time_unavailable
KXGDP-27JUL29-T0.5,KXGDP,KXGDP-27JUL29,Will **real GDP** increase by more than 0.5% in Q2 2027?,Above 0.5%,jobs_growth,active,US_or_global_US_relevant_proxy,2026-09-08T15:07:00Z,usable,2026-09-08T09:00:00Z,6.116666666666666,0.825,0.78,0.87,0.08999999999999997,66.0,bar_age_only_actual_quote_update_time_unavailable
KXGDP-27JUL29-T0.0,KXGDP,KXGDP-27JUL29,Will **real GDP** increase by more than 0.0% in Q2 2027?,Above 0.0%,jobs_growth,active,US_or_global_US_relevant_proxy,2026-09-08T15:07:00Z,usable,2026-09-08T09:00:00Z,6.116666666666666,0.89,0.85,0.93,0.08000000000000007,184.03,bar_age_only_actual_quote_update_time_unavailable
KXGDP-27APR29-T4.0,KXGDP,KXGDP-27APR29,Will **real GDP** increase by more than 4.0% in Q1 2027?,Above 4.0%,jobs_growth,active,US_or_global_US_relevant_proxy,2026-09-08T15:07:00Z,usable,2026-09-08T09:00:00Z,6.116666666666666,0.085,0.04,0.13,0.09,1369.03,bar_age_only_actual_quote_update_time_unavailable
KXGDP-27APR29-T3.5,KXGDP,KXGDP-27APR29,Will **real GDP** increase by more than 3.5% in Q1 2027?,Above 3.5%,jobs_growth,active,US_or_global_US_relevant_proxy,2026-09-08T15:07:00Z,stale_observation,2026-09-06T20:00:00Z,43.11666666666667,,,,,,
KXGDP-27APR29-T3.0,KXGDP,KXGDP-27APR29,Will **real GDP** increase by more than 3.0% in Q1 2027?,Above 3.0%,jobs_growth,active,US_or_global_US_relevant_proxy,2026-09-08T15:07:00Z,usable,2026-09-08T09:00:00Z,6.116666666666666,0.28500000000000003,0.25,0.32,0.07,43.01,bar_age_only_actual_quote_update_time_unavailable
KXGDP-27APR29-T2.5,KXGDP,KXGDP-27APR29,Will **real GDP** increase by more than 2.5% in Q1 2027?,Above 2.5%,jobs_growth,active,US_or_global_US_relevant_proxy,2026-09-08T15:07:00Z,usable,2026-09-08T09:00:00Z,6.116666666666666,0.385,0.35,0.42,0.07,213.86,bar_age_only_actual_quote_update_time_unavailable
KXGDP-27APR29-T2.0,KXGDP,KXGDP-27APR29,Will **real GDP** increase by more than 2.0% in Q1 2027?,Above 2.0%,jobs_growth,active,US_or_global_US_relevant_proxy,2026-09-08T15:07:00Z,usable,2026-09-08T09:00:00Z,6.116666666666666,0.525,0.5,0.55,0.050000000000000044,240.0,bar_age_only_actual_quote_update_time_unavailable
KXGDP-27APR29-T1.5,KXGDP,KXGDP-27APR29,Will **real GDP** increase by more than 1.5% in Q1 2027?,Above 1.5%,jobs_growth,active,US_or_global_US_relevant_proxy,2026-09-08T15:07:00Z,usable,2026-09-08T09:00:00Z,6.116666666666666,0.65,0.62,0.68,0.06000000000000005,30.0,bar_age_only_actual_quote_update_time_unavailable
KXGDP-27APR29-T1.0,KXGDP,KXGDP-27APR29,Will **real GDP** increase by more than 1.0% in Q1 2027?,Above 1.0%,jobs_growth,active,US_or_global_US_relevant_proxy,2026-09-08T15:07:00Z,usable,2026-09-08T09:00:00Z,6.116666666666666,0.75,0.72,0.78,0.06000000000000005,51.03,bar_age_only_actual_quote_update_time_unavailable
KXGDP-27APR29-T0.5,KXGDP,KXGDP-27APR29,Will **real GDP** increase by more than 0.5% in Q1 2027?,Above 0.5%,jobs_growth,active,US_or_global_US_relevant_proxy,2026-09-08T15:07:00Z,usable,2026-09-08T09:00:00Z,6.116666666666666,0.835,0.79,0.88,0.08999999999999997,47.04,bar_age_only_actual_quote_update_time_unavailable
KXGDP-27APR29-T0.0,KXGDP,KXGDP-27APR29,Will **real GDP** increase by more than 0.0% in Q1 2027?,Above 0.0%,jobs_growth,active,US_or_global_US_relevant_proxy,2026-09-08T15:07:00Z,usable,2026-09-08T09:00:00Z,6.116666666666666,0.905,0.86,0.95,0.08999999999999997,46.01,bar_age_only_actual_quote_update_time_unavailable
KXGDP-27JAN28-T4.0,KXGDP,KXGDP-27JAN28,Will **real GDP** increase by more than 4.0% in Q4 2026?,Above 4.0%,jobs_growth,active,US_or_global_US_relevant_proxy,2026-09-08T15:07:00Z,stale_observation,2026-09-04T20:00:00Z,91.11666666666666,,,,,,
KXGDP-27JAN28-T3.5,KXGDP,KXGDP-27JAN28,Will **real GDP** increase by more than 3.5% in Q4 2026?,Above 3.5%,jobs_growth,active,US_or_global_US_relevant_proxy,2026-09-08T15:07:00Z,usable,2026-09-08T14:00:00Z,1.1166666666666667,0.16,0.12,0.2,0.08000000000000002,796.01,bar_age_only_actual_quote_update_time_unavailable
KXGDP-27JAN28-T3.0,KXGDP,KXGDP-27JAN28,Will **real GDP** increase by more than 3.0% in Q4 2026?,Above 3.0%,jobs_growth,active,US_or_global_US_relevant_proxy,2026-09-08T15:07:00Z,usable,2026-09-08T09:00:00Z,6.116666666666666,0.255,0.21,0.3,0.09,25.0,bar_age_only_actual_quote_update_time_unavailable
KXGDP-27JAN28-T2.5,KXGDP,KXGDP-27JAN28,Will **real GDP** increase by more than 2.5% in Q4 2026?,Above 2.5%,jobs_growth,active,US_or_global_US_relevant_proxy,2026-09-08T15:07:00Z,stale_observation,2026-09-04T20:00:00Z,91.11666666666666,,,,,,
KXGDP-27JAN28-T2.0,KXGDP,KXGDP-27JAN28,Will **real GDP** increase by more than 2.0% in Q4 2026?,Above 2.0%,jobs_growth,active,US_or_global_US_relevant_proxy,2026-09-08T15:07:00Z,usable,2026-09-08T09:00:00Z,6.116666666666666,0.55,0.53,0.57,0.039999999999999925,1223.2,bar_age_only_actual_quote_update_time_unavailable
KXGDP-27JAN28-T1.5,KXGDP,KXGDP-27JAN28,Will **real GDP** increase by more than 1.5% in Q4 2026?,Above 1.5%,jobs_growth,active,US_or_global_US_relevant_proxy,2026-09-08T15:07:00Z,usable,2026-09-08T09:00:00Z,6.116666666666666,0.6599999999999999,0.62,0.7,0.07999999999999996,315.72,bar_age_only_actual_quote_update_time_unavailable
KXGDP-27JAN28-T1.0,KXGDP,KXGDP-27JAN28,Will **real GDP** increase by more than 1.0% in Q4 2026?,Above 1.0%,jobs_growth,active,US_or_global_US_relevant_proxy,2026-09-08T15:07:00Z,usable,2026-09-08T09:00:00Z,6.116666666666666,0.7749999999999999,0.73,0.82,0.08999999999999997,607.02,bar_age_only_actual_quote_update_time_unavailable
KXGDP-27JAN28-T0.5,KXGDP,KXGDP-27JAN28,Will **real GDP** increase by more than 0.5% in Q4 2026?,Above 0.5%,jobs_growth,active,US_or_global_US_relevant_proxy,2026-09-08T15:07:00Z,usable,2026-09-08T09:00:00Z,6.116666666666666,0.865,0.82,0.91,0.09000000000000008,67.0,bar_age_only_actual_quote_update_time_unavailable
KXGDP-27JAN28-T0.0,KXGDP,KXGDP-27JAN28,Will **real GDP** increase by more than 0.0% in Q4 2026?,Above 0.0%,jobs_growth,active,US_or_global_US_relevant_proxy,2026-09-08T15:07:00Z,stale_observation,2026-09-04T20:00:00Z,91.11666666666666,,,,,,
KXGDP-27JAN30-T0.0,KXGDP,KXGDP-27JAN30,Will **real GDP** increase by more than 0.0% in Q4 2026?,Above 0.0%,jobs_growth,inactive,US_or_global_US_relevant_proxy,2026-09-08T15:07:00Z,missing_usable_quote,,,,,,,,
KXGDP-27JAN30-T0.5,KXGDP,KXGDP-27JAN30,Will **real GDP** increase by more than 0.5% in Q4 2026?,Above 0.5%,jobs_growth,inactive,US_or_global_US_relevant_proxy,2026-09-08T15:07:00Z,missing_usable_quote,,,,,,,,
KXGDP-26OCT30-T4.0,KXGDP,KXGDP-26OCT30,Will **real GDP** increase by more than 4.0% in Q3 2026?,Above 4.0%,jobs_growth,active,US_or_global_US_relevant_proxy,2026-09-08T15:07:00Z,usable,2026-09-07T23:00:00Z,16.116666666666667,0.125,0.12,0.13,0.010000000000000009,10406.34,bar_age_only_actual_quote_update_time_unavailable
KXGDP-26OCT30-T3.5,KXGDP,KXGDP-26OCT30,Will **real GDP** increase by more than 3.5% in Q3 2026?,Above 3.5%,jobs_growth,active,US_or_global_US_relevant_proxy,2026-09-08T15:07:00Z,usable,2026-09-08T15:00:00Z,0.11666666666666667,0.27,0.23,0.31,0.07999999999999999,3337.54,bar_age_only_actual_quote_update_time_unavailable
KXGDP-26OCT30-T3.0,KXGDP,KXGDP-26OCT30,Will **real GDP** increase by more than 3.0% in Q3 2026?,Above 3.0%,jobs_growth,active,US_or_global_US_relevant_proxy,2026-09-08T15:07:00Z,usable,2026-09-08T15:00:00Z,0.11666666666666667,0.38,0.33,0.43,0.09999999999999998,3246.5,bar_age_only_actual_quote_update_time_unavailable
KXGDP-26OCT30-T0.0,KXGDP,KXGDP-26OCT30,Will **real GDP** increase by more than 0.0% in Q3 2026?,Above 0.0%,jobs_growth,active,US_or_global_US_relevant_proxy,2026-09-08T15:07:00Z,stale_observation,2026-09-06T17:00:00Z,46.11666666666667,,,,,,
KXGDP-26OCT30-T0.5,KXGDP,KXGDP-26OCT30,Will **real GDP** increase by more than 0.5% in Q3 2026?,Above 0.5%,jobs_growth,active,US_or_global_US_relevant_proxy,2026-09-08T15:07:00Z,usable,2026-09-08T09:00:00Z,6.116666666666666,0.9299999999999999,0.91,0.95,0.039999999999999925,291.02,bar_age_only_actual_quote_update_time_unavailable
KXGDP-26JUL30-T4.0,KXGDP,KXGDP-26JUL30,Will **real GDP** increase by more than 4.0% in Q2 2026?,Above 4.0%,jobs_growth,finalized,US_or_global_US_relevant_proxy,,closed_before_frozen_asof,,,,,,,,
KXGDP-26JUL30-T3.5,KXGDP,KXGDP-26JUL30,Will **real GDP** increase by more than 3.5% in Q2 2026?,Above 3.5%,jobs_growth,finalized,US_or_global_US_relevant_proxy,,closed_before_frozen_asof,,,,,,,,
KXGDP-26JUL30-T3.0,KXGDP,KXGDP-26JUL30,Will **real GDP** increase by more than 3.0% in Q2 2026?,Above 3.0%,jobs_growth,finalized,US_or_global_US_relevant_proxy,,closed_before_frozen_asof,,,,,,,,
KXGDP-26JUL30-T0.0,KXGDP,KXGDP-26JUL30,Will **real GDP** increase by more than 0.0% in Q2 2026?,Above 0.0%,jobs_growth,finalized,US_or_global_US_relevant_proxy,,closed_before_frozen_asof,,,,,,,,
KXGDP-26JUL30-T0.5,KXGDP,KXGDP-26JUL30,Will **real GDP** increase by more than 0.5% in Q2 2026?,Above 0.5%,jobs_growth,finalized,US_or_global_US_relevant_proxy,,closed_before_frozen_asof,,,,,,,,
KXGDP-26OCT30-T2.5,KXGDP,KXGDP-26OCT30,Will **real GDP** increase by more than 2.5% in Q3 2026?,Above 2.5%,jobs_growth,active,US_or_global_US_relevant_proxy,2026-09-08T15:07:00Z,usable,2026-09-08T15:00:00Z,0.11666666666666667,0.525,0.5,0.55,0.050000000000000044,6136.38,bar_age_only_actual_quote_update_time_unavailable
KXGDP-26OCT30-T2.0,KXGDP,KXGDP-26OCT30,Will **real GDP** increase by more than 2.0% in Q3 2026?,Above 2.0%,jobs_growth,active,US_or_global_US_relevant_proxy,2026-09-08T15:07:00Z,usable,2026-09-08T15:00:00Z,0.11666666666666667,0.665,0.65,0.68,0.030000000000000027,8331.09,bar_age_only_actual_quote_update_time_unavailable
KXGDP-26OCT30-T1.5,KXGDP,KXGDP-26OCT30,Will **real GDP** increase by more than 1.5% in Q3 2026?,Above 1.5%,jobs_growth,active,US_or_global_US_relevant_proxy,2026-09-08T15:07:00Z,usable,2026-09-08T15:00:00Z,0.11666666666666667,0.765,0.74,0.79,0.050000000000000044,4283.38,bar_age_only_actual_quote_update_time_unavailable
KXGDP-26OCT30-T1.0,KXGDP,KXGDP-26OCT30,Will **real GDP** increase by more than 1.0% in Q3 2026?,Above 1.0%,jobs_growth,active,US_or_global_US_relevant_proxy,2026-09-08T15:07:00Z,usable,2026-09-08T15:00:00Z,0.11666666666666667,0.845,0.83,0.86,0.030000000000000027,5609.54,bar_age_only_actual_quote_update_time_unavailable
KXGDP-26JUL30-T2.5,KXGDP,KXGDP-26JUL30,Will **real GDP** increase by more than 2.5% in Q2 2026?,Above 2.5%,jobs_growth,finalized,US_or_global_US_relevant_proxy,,closed_before_frozen_asof,,,,,,,,
KXGDP-26JUL30-T2.0,KXGDP,KXGDP-26JUL30,Will **real GDP** increase by more than 2.0% in Q2 2026?,Above 2.0%,jobs_growth,finalized,US_or_global_US_relevant_proxy,,closed_before_frozen_asof,,,,,,,,
KXGDP-26JUL30-T1.5,KXGDP,KXGDP-26JUL30,Will **real GDP** increase by more than 1.5% in Q2 2026?,Above 1.5%,jobs_growth,finalized,US_or_global_US_relevant_proxy,,closed_before_frozen_asof,,,,,,,,
KXGDP-26JUL30-T1.0,KXGDP,KXGDP-26JUL30,Will **real GDP** increase by more than 1.0% in Q2 2026?,Above 1.0%,jobs_growth,finalized,US_or_global_US_relevant_proxy,,closed_before_frozen_asof,,,,,,,,
KXGDPYEAR-28-T6.0,KXGDPYEAR,KXGDPYEAR-28,GDP growth in 2028?,6.1% or Above,jobs_growth,active,US_or_global_US_relevant_proxy,2026-09-08T15:07:00Z,usable,2026-09-08T09:00:00Z,6.116666666666666,0.07,0.05,0.09,0.039999999999999994,3555.27,bar_age_only_actual_quote_update_time_unavailable
KXGDPYEAR-28-T0.1,KXGDPYEAR,KXGDPYEAR-28,GDP growth in 2028?,0.0% or Below,jobs_growth,active,US_or_global_US_relevant_proxy,2026-09-08T15:07:00Z,stale_observation,2026-08-20T11:00:00Z,460.1166666666667,,,,,,
KXGDPYEAR-28-B5.8,KXGDPYEAR,KXGDPYEAR-28,GDP growth in 2028?,5.6% to 6.0%,jobs_growth,active,US_or_global_US_relevant_proxy,2026-09-08T15:07:00Z,stale_observation,2026-08-20T11:00:00Z,460.1166666666667,,,,,,
KXGDPYEAR-28-B5.3,KXGDPYEAR,KXGDPYEAR-28,GDP growth in 2028?,5.1% to 5.5%,jobs_growth,active,US_or_global_US_relevant_proxy,2026-09-08T15:07:00Z,stale_observation,2026-08-20T11:00:00Z,460.1166666666667,,,,,,
KXGDPYEAR-28-B4.8,KXGDPYEAR,KXGDPYEAR-28,GDP growth in 2028?,4.6% to 5.0%,jobs_growth,active,US_or_global_US_relevant_proxy,2026-09-08T15:07:00Z,stale_observation,2026-09-04T20:00:00Z,91.11666666666666,,,,,,
KXGDPYEAR-28-B4.3,KXGDPYEAR,KXGDPYEAR-28,GDP growth in 2028?,4.1% to 4.5%,jobs_growth,active,US_or_global_US_relevant_proxy,2026-09-08T15:07:00Z,stale_observation,2026-09-04T20:00:00Z,91.11666666666666,,,,,,
KXGDPYEAR-28-B3.8,KXGDPYEAR,KXGDPYEAR-28,GDP growth in 2028?,3.6% to 4.0%,jobs_growth,active,US_or_global_US_relevant_proxy,2026-09-08T15:07:00Z,stale_observation,2026-09-04T20:00:00Z,91.11666666666666,,,,,,
KXGDPYEAR-28-B3.3,KXGDPYEAR,KXGDPYEAR-28,GDP growth in 2028?,3.1% to 3.5%,jobs_growth,active,US_or_global_US_relevant_proxy,2026-09-08T15:07:00Z,stale_observation,2026-09-04T20:00:00Z,91.11666666666666,,,,,,
KXGDPYEAR-28-B2.8,KXGDPYEAR,KXGDPYEAR-28,GDP growth in 2028?,2.6% to 3.0%,jobs_growth,active,US_or_global_US_relevant_proxy,2026-09-08T15:07:00Z,stale_observation,2026-09-04T20:00:00Z,91.11666666666666,,,,,,
KXGDPYEAR-28-B2.3,KXGDPYEAR,KXGDPYEAR-28,GDP growth in 2028?,2.1% to 2.5%,jobs_growth,active,US_or_global_US_relevant_proxy,2026-09-08T15:07:00Z,usable,2026-09-08T09:00:00Z,6.116666666666666,0.095,0.06,0.13,0.07,1437.19,bar_age_only_actual_quote_update_time_unavailable
KXGDPYEAR-28-B1.8,KXGDPYEAR,KXGDPYEAR-28,GDP growth in 2028?,1.6% to 2.0%,jobs_growth,active,US_or_global_US_relevant_proxy,2026-09-08T15:07:00Z,stale_observation,2026-09-03T21:00:00Z,114.11666666666666,,,,,,
KXGDPYEAR-28-B1.3,KXGDPYEAR,KXGDPYEAR-28,GDP growth in 2028?,1.1% to 1.5%,jobs_growth,active,US_or_global_US_relevant_proxy,2026-09-08T15:07:00Z,usable,2026-09-08T09:00:00Z,6.116666666666666,0.07,0.05,0.09,0.039999999999999994,491.0,bar_age_only_actual_quote_update_time_unavailable
KXGDPYEAR-28-B0.8,KXGDPYEAR,KXGDPYEAR-28,GDP growth in 2028?,0.6% to 1.0%,jobs_growth,active,US_or_global_US_relevant_proxy,2026-09-08T15:07:00Z,stale_observation,2026-09-04T20:00:00Z,91.11666666666666,,,,,,
KXGDPYEAR-28-B0.3,KXGDPYEAR,KXGDPYEAR-28,GDP growth in 2028?,0.1% to 0.5%,jobs_growth,active,US_or_global_US_relevant_proxy,2026-09-08T15:07:00Z,stale_observation,2026-09-04T20:00:00Z,91.11666666666666,,,,,,
KXGDPYEAR-27-T6.0,KXGDPYEAR,KXGDPYEAR-27,GDP growth in 2027?,6.1% or Above,jobs_growth,active,US_or_global_US_relevant_proxy,2026-09-08T15:07:00Z,stale_observation,2026-09-04T20:00:00Z,91.11666666666666,,,,,,
KXGDPYEAR-27-T0.1,KXGDPYEAR,KXGDPYEAR-27,GDP growth in 2027?,0.0% or Below,jobs_growth,active,US_or_global_US_relevant_proxy,2026-09-08T15:07:00Z,usable,2026-09-08T09:00:00Z,6.116666666666666,0.135,0.11,0.16,0.05,5136.0,bar_age_only_actual_quote_update_time_unavailable
KXGDPYEAR-27-B5.8,KXGDPYEAR,KXGDPYEAR-27,GDP growth in 2027?,5.6% to 6.0%,jobs_growth,active,US_or_global_US_relevant_proxy,2026-09-08T15:07:00Z,stale_observation,2026-09-04T20:00:00Z,91.11666666666666,,,,,,
KXGDPYEAR-27-B5.3,KXGDPYEAR,KXGDPYEAR-27,GDP growth in 2027?,5.1% to 5.5%,jobs_growth,active,US_or_global_US_relevant_proxy,2026-09-08T15:07:00Z,usable,2026-09-08T09:00:00Z,6.116666666666666,0.025,0.0,0.05,0.05,138.0,bar_age_only_actual_quote_update_time_unavailable
KXGDPYEAR-27-B4.8,KXGDPYEAR,KXGDPYEAR-27,GDP growth in 2027?,4.6% to 5.0%,jobs_growth,active,US_or_global_US_relevant_proxy,2026-09-08T15:07:00Z,usable,2026-09-08T09:00:00Z,6.116666666666666,0.03,0.0,0.06,0.06,318.0,bar_age_only_actual_quote_update_time_unavailable
KXGDPYEAR-27-B4.3,KXGDPYEAR,KXGDPYEAR-27,GDP growth in 2027?,4.1% to 4.5%,jobs_growth,active,US_or_global_US_relevant_proxy,2026-09-08T15:07:00Z,stale_observation,2026-09-04T20:00:00Z,91.11666666666666,,,,,,
KXGDPYEAR-27-B3.8,KXGDPYEAR,KXGDPYEAR-27,GDP growth in 2027?,3.6% to 4.0%,jobs_growth,active,US_or_global_US_relevant_proxy,2026-09-08T15:07:00Z,stale_observation,2026-09-04T20:00:00Z,91.11666666666666,,,,,,
KXGDPYEAR-27-B3.3,KXGDPYEAR,KXGDPYEAR-27,GDP growth in 2027?,3.1% to 3.5%,jobs_growth,active,US_or_global_US_relevant_proxy,2026-09-08T15:07:00Z,usable,2026-09-08T09:00:00Z,6.116666666666666,0.06,0.04,0.08,0.04,243.0,bar_age_only_actual_quote_update_time_unavailable
KXGDPYEAR-27-B2.8,KXGDPYEAR,KXGDPYEAR-27,GDP growth in 2027?,2.6% to 3.0%,jobs_growth,active,US_or_global_US_relevant_proxy,2026-09-08T15:07:00Z,usable,2026-09-08T09:00:00Z,6.116666666666666,0.135,0.12,0.15,0.03,1686.72,bar_age_only_actual_quote_update_time_unavailable
KXGDPYEAR-27-B2.3,KXGDPYEAR,KXGDPYEAR-27,GDP growth in 2027?,2.1% to 2.5%,jobs_growth,active,US_or_global_US_relevant_proxy,2026-09-08T15:07:00Z,usable,2026-09-08T09:00:00Z,6.116666666666666,0.15500000000000003,0.14,0.17,0.03,1463.2,bar_age_only_actual_quote_update_time_unavailable
KXGDPYEAR-27-B1.8,KXGDPYEAR,KXGDPYEAR-27,GDP growth in 2027?,1.6% to 2.0%,jobs_growth,active,US_or_global_US_relevant_proxy,2026-09-08T15:07:00Z,usable,2026-09-08T09:00:00Z,6.116666666666666,0.115,0.09,0.14,0.05000000000000002,867.41,bar_age_only_actual_quote_update_time_unavailable
KXGDPYEAR-27-B1.3,KXGDPYEAR,KXGDPYEAR-27,GDP growth in 2027?,1.1% to 1.5%,jobs_growth,active,US_or_global_US_relevant_proxy,2026-09-08T15:07:00Z,stale_observation,2026-09-02T12:00:00Z,147.11666666666667,,,,,,
KXGDPYEAR-27-B0.8,KXGDPYEAR,KXGDPYEAR-27,GDP growth in 2027?,0.6% to 1.0%,jobs_growth,active,US_or_global_US_relevant_proxy,2026-09-08T15:07:00Z,stale_observation,2026-09-04T20:00:00Z,91.11666666666666,,,,,,
KXGDPYEAR-27-B0.3,KXGDPYEAR,KXGDPYEAR-27,GDP growth in 2027?,0.1% to 0.5%,jobs_growth,active,US_or_global_US_relevant_proxy,2026-09-08T15:07:00Z,stale_observation,2026-09-04T20:00:00Z,91.11666666666666,,,,,,
KXGDPYEAR-26-T6.0,KXGDPYEAR,KXGDPYEAR-26,GDP growth in 2026?,6.1% or Above,jobs_growth,active,US_or_global_US_relevant_proxy,2026-09-08T15:07:00Z,stale_observation,2026-08-30T14:00:00Z,217.11666666666667,,,,,,
KXGDPYEAR-26-T0.1,KXGDPYEAR,KXGDPYEAR-26,GDP growth in 2026?,0.0% or Below,jobs_growth,active,US_or_global_US_relevant_proxy,2026-09-08T15:07:00Z,stale_observation,2026-09-03T23:00:00Z,112.11666666666666,,,,,,
KXGDPYEAR-26-B5.8,KXGDPYEAR,KXGDPYEAR-26,GDP growth in 2026?,5.6% to 6.0%,jobs_growth,active,US_or_global_US_relevant_proxy,2026-09-08T15:07:00Z,stale_observation,2026-08-25T12:00:00Z,339.1166666666667,,,,,,
KXGDPYEAR-26-B5.3,KXGDPYEAR,KXGDPYEAR-26,GDP growth in 2026?,5.1% to 5.5%,jobs_growth,active,US_or_global_US_relevant_proxy,2026-09-08T15:07:00Z,stale_observation,2026-08-25T12:00:00Z,339.1166666666667,,,,,,
KXGDPYEAR-26-B4.8,KXGDPYEAR,KXGDPYEAR-26,GDP growth in 2026?,4.6% to 5.0%,jobs_growth,active,US_or_global_US_relevant_proxy,2026-09-08T15:07:00Z,stale_observation,2026-08-30T14:00:00Z,217.11666666666667,,,,,,
KXGDPYEAR-26-B4.3,KXGDPYEAR,KXGDPYEAR-26,GDP growth in 2026?,4.1% to 4.5%,jobs_growth,active,US_or_global_US_relevant_proxy,2026-09-08T15:07:00Z,stale_observation,2026-08-30T14:00:00Z,217.11666666666667,,,,,,
KXGDPYEAR-26-B3.8,KXGDPYEAR,KXGDPYEAR-26,GDP growth in 2026?,3.6% to 4.0%,jobs_growth,active,US_or_global_US_relevant_proxy,2026-09-08T15:07:00Z,stale_observation,2026-09-04T00:00:00Z,111.11666666666666,,,,,,
KXGDPYEAR-26-B3.3,KXGDPYEAR,KXGDPYEAR-26,GDP growth in 2026?,3.1% to 3.5%,jobs_growth,active,US_or_global_US_relevant_proxy,2026-09-08T15:07:00Z,usable,2026-09-08T15:00:00Z,0.11666666666666667,0.03,0.02,0.04,0.02,26168.85,bar_age_only_actual_quote_update_time_unavailable
KXGDPYEAR-26-B2.8,KXGDPYEAR,KXGDPYEAR-26,GDP growth in 2026?,2.6% to 3.0%,jobs_growth,active,US_or_global_US_relevant_proxy,2026-09-08T15:07:00Z,usable,2026-09-08T15:00:00Z,0.11666666666666667,0.134,0.13,0.138,0.008000000000000007,9055.26,bar_age_only_actual_quote_update_time_unavailable
KXGDPYEAR-26-B2.3,KXGDPYEAR,KXGDPYEAR-26,GDP growth in 2026?,2.1% to 2.5%,jobs_growth,active,US_or_global_US_relevant_proxy,2026-09-08T15:07:00Z,usable,2026-09-08T14:00:00Z,1.1166666666666667,0.28049999999999997,0.251,0.31,0.059,17032.15,bar_age_only_actual_quote_update_time_unavailable
KXGDPYEAR-26-B1.8,KXGDPYEAR,KXGDPYEAR-26,GDP growth in 2026?,1.6% to 2.0%,jobs_growth,active,US_or_global_US_relevant_proxy,2026-09-08T15:07:00Z,usable,2026-09-08T15:00:00Z,0.11666666666666667,0.3245,0.294,0.355,0.061,18900.17,bar_age_only_actual_quote_update_time_unavailable
KXGDPYEAR-26-B1.3,KXGDPYEAR,KXGDPYEAR-26,GDP growth in 2026?,1.1% to 1.5%,jobs_growth,active,US_or_global_US_relevant_proxy,2026-09-08T15:07:00Z,usable,2026-09-08T15:00:00Z,0.11666666666666667,0.1525,0.13,0.175,0.044999999999999984,14876.34,bar_age_only_actual_quote_update_time_unavailable
KXGDPYEAR-26-B0.8,KXGDPYEAR,KXGDPYEAR-26,GDP growth in 2026?,0.6% to 1.0%,jobs_growth,active,US_or_global_US_relevant_proxy,2026-09-08T15:07:00Z,usable,2026-09-08T13:00:00Z,2.1166666666666667,0.014499999999999999,0.01,0.019,0.009,17935.65,bar_age_only_actual_quote_update_time_unavailable
KXGDPYEAR-26-B0.3,KXGDPYEAR,KXGDPYEAR-26,GDP growth in 2026?,0.1% to 0.5%,jobs_growth,active,US_or_global_US_relevant_proxy,2026-09-08T15:07:00Z,usable,2026-09-08T15:00:00Z,0.11666666666666667,0.015,0.011,0.019,0.008,21704.84,bar_age_only_actual_quote_update_time_unavailable
KXJOBLESSCLAIMS-26JUL09-245000,KXJOBLESSCLAIMS,KXJOBLESSCLAIMS-26JUL09,"How many initial jobless claims will there be the week ending Jul 4, 2026?","At least 245,000",jobs_growth,finalized,US_or_global_US_relevant_proxy,,closed_before_frozen_asof,,,,,,,,
KXJOBLESSCLAIMS-26JUL09-240000,KXJOBLESSCLAIMS,KXJOBLESSCLAIMS-26JUL09,"How many initial jobless claims will there be the week ending Jul 4, 2026?","At least 240,000",jobs_growth,finalized,US_or_global_US_relevant_proxy,,closed_before_frozen_asof,,,,,,,,
KXJOBLESSCLAIMS-26JUL09-235000,KXJOBLESSCLAIMS,KXJOBLESSCLAIMS-26JUL09,"How many initial jobless claims will there be the week ending Jul 4, 2026?","At least 235,000",jobs_growth,finalized,US_or_global_US_relevant_proxy,,closed_before_frozen_asof,,,,,,,,
KXJOBLESSCLAIMS-26JUL09-230000,KXJOBLESSCLAIMS,KXJOBLESSCLAIMS-26JUL09,"How many initial jobless claims will there be the week ending Jul 4, 2026?","At least 230,000",jobs_growth,finalized,US_or_global_US_relevant_proxy,,closed_before_frozen_asof,,,,,,,,
KXJOBLESSCLAIMS-26JUL09-225000,KXJOBLESSCLAIMS,KXJOBLESSCLAIMS-26JUL09,"How many initial jobless claims will there be the week ending Jul 4, 2026?","At least 225,000",jobs_growth,finalized,US_or_global_US_relevant_proxy,,closed_before_frozen_asof,,,,,,,,
KXJOBLESSCLAIMS-26JUL09-220000,KXJOBLESSCLAIMS,KXJOBLESSCLAIMS-26JUL09,"How many initial jobless claims will there be the week ending Jul 4, 2026?","At least 220,000",jobs_growth,finalized,US_or_global_US_relevant_proxy,,closed_before_frozen_asof,,,,,,,,
KXJOBLESSCLAIMS-26JUL09-215000,KXJOBLESSCLAIMS,KXJOBLESSCLAIMS-26JUL09,"How many initial jobless claims will there be the week ending Jul 4, 2026?","At least 215,000",jobs_growth,finalized,US_or_global_US_relevant_proxy,,closed_before_frozen_asof,,,,,,,,
KXJOBLESSCLAIMS-26JUL09-210000,KXJOBLESSCLAIMS,KXJOBLESSCLAIMS-26JUL09,"How many initial jobless claims will there be the week ending Jul 4, 2026?","At least 210,000",jobs_growth,finalized,US_or_global_US_relevant_proxy,,closed_before_frozen_asof,,,,,,,,
KXJOBLESSCLAIMS-26JUL09-205000,KXJOBLESSCLAIMS,KXJOBLESSCLAIMS-26JUL09,"How many initial jobless claims will there be the week ending Jul 4, 2026?","At least 205,000",jobs_growth,finalized,US_or_global_US_relevant_proxy,,closed_before_frozen_asof,,,,,,,,
KXJOBLESSCLAIMS-26JUL09-200000,KXJOBLESSCLAIMS,KXJOBLESSCLAIMS-26JUL09,"How many initial jobless claims will there be the week ending Jul 4, 2026?","At least 200,000",jobs_growth,finalized,US_or_global_US_relevant_proxy,,closed_before_frozen_asof,,,,,,,,
KXJOBLESSCLAIMS-26JUL02-245000,KXJOBLESSCLAIMS,KXJOBLESSCLAIMS-26JUL02,"How many initial jobless claims will there be the week ending Jun 27, 2026?","At least 245,000",jobs_growth,finalized,US_or_global_US_relevant_proxy,,closed_before_frozen_asof,,,,,,,,
KXJOBLESSCLAIMS-26JUL02-240000,KXJOBLESSCLAIMS,KXJOBLESSCLAIMS-26JUL02,"How many initial jobless claims will there be the week ending Jun 27, 2026?","At least 240,000",jobs_growth,finalized,US_or_global_US_relevant_proxy,,closed_before_frozen_asof,,,,,,,,
KXJOBLESSCLAIMS-26JUL02-235000,KXJOBLESSCLAIMS,KXJOBLESSCLAIMS-26JUL02,"How many initial jobless claims will there be the week ending Jun 27, 2026?","At least 235,000",jobs_growth,finalized,US_or_global_US_relevant_proxy,,closed_before_frozen_asof,,,,,,,,
KXJOBLESSCLAIMS-26JUL02-230000,KXJOBLESSCLAIMS,KXJOBLESSCLAIMS-26JUL02,"How many initial jobless claims will there be the week ending Jun 27, 2026?","At least 230,000",jobs_growth,finalized,US_or_global_US_relevant_proxy,,closed_before_frozen_asof,,,,,,,,
KXJOBLESSCLAIMS-26JUL02-225000,KXJOBLESSCLAIMS,KXJOBLESSCLAIMS-26JUL02,"How many initial jobless claims will there be the week ending Jun 27, 2026?","At least 225,000",jobs_growth,finalized,US_or_global_US_relevant_proxy,,closed_before_frozen_asof,,,,,,,,
KXJOBLESSCLAIMS-26JUL02-220000,KXJOBLESSCLAIMS,KXJOBLESSCLAIMS-26JUL02,"How many initial jobless claims will there be the week ending Jun 27, 2026?","At least 220,000",jobs_growth,finalized,US_or_global_US_relevant_proxy,,closed_before_frozen_asof,,,,,,,,
KXJOBLESSCLAIMS-26JUL02-215000,KXJOBLESSCLAIMS,KXJOBLESSCLAIMS-26JUL02,"How many initial jobless claims will there be the week ending Jun 27, 2026?","At least 215,000",jobs_growth,finalized,US_or_global_US_relevant_proxy,,closed_before_frozen_asof,,,,,,,,
KXJOBLESSCLAIMS-26JUL02-210000,KXJOBLESSCLAIMS,KXJOBLESSCLAIMS-26JUL02,"How many initial jobless claims will there be the week ending Jun 27, 2026?","At least 210,000",jobs_growth,finalized,US_or_global_US_relevant_proxy,,closed_before_frozen_asof,,,,,,,,
KXJOBLESSCLAIMS-26JUL02-205000,KXJOBLESSCLAIMS,KXJOBLESSCLAIMS-26JUL02,"How many initial jobless claims will there be the week ending Jun 27, 2026?","At least 205,000",jobs_growth,finalized,US_or_global_US_relevant_proxy,,closed_before_frozen_asof,,,,,,,,
KXJOBLESSCLAIMS-26JUL02-200000,KXJOBLESSCLAIMS,KXJOBLESSCLAIMS-26JUL02,"How many initial jobless claims will there be the week ending Jun 27, 2026?","At least 200,000",jobs_growth,finalized,US_or_global_US_relevant_proxy,,closed_before_frozen_asof,,,,,,,,
KXJOBLESSCLAIMS-26JUN25-245000,KXJOBLESSCLAIMS,KXJOBLESSCLAIMS-26JUN25,"How many initial jobless claims will there be the week ending Jun 20, 2026?","At least 245,000",jobs_growth,finalized,US_or_global_US_relevant_proxy,,closed_before_frozen_asof,,,,,,,,
KXJOBLESSCLAIMS-26JUN25-240000,KXJOBLESSCLAIMS,KXJOBLESSCLAIMS-26JUN25,"How many initial jobless claims will there be the week ending Jun 20, 2026?","At least 240,000",jobs_growth,finalized,US_or_global_US_relevant_proxy,,closed_before_frozen_asof,,,,,,,,
KXJOBLESSCLAIMS-26JUN25-235000,KXJOBLESSCLAIMS,KXJOBLESSCLAIMS-26JUN25,"How many initial jobless claims will there be the week ending Jun 20, 2026?","At least 235,000",jobs_growth,finalized,US_or_global_US_relevant_proxy,,closed_before_frozen_asof,,,,,,,,
KXJOBLESSCLAIMS-26JUN25-230000,KXJOBLESSCLAIMS,KXJOBLESSCLAIMS-26JUN25,"How many initial jobless claims will there be the week ending Jun 20, 2026?","At least 230,000",jobs_growth,finalized,US_or_global_US_relevant_proxy,,closed_before_frozen_asof,,,,,,,,
KXJOBLESSCLAIMS-26JUN25-225000,KXJOBLESSCLAIMS,KXJOBLESSCLAIMS-26JUN25,"How many initial jobless claims will there be the week ending Jun 20, 2026?","At least 225,000",jobs_growth,finalized,US_or_global_US_relevant_proxy,,closed_before_frozen_asof,,,,,,,,
KXJOBLESSCLAIMS-26JUN25-220000,KXJOBLESSCLAIMS,KXJOBLESSCLAIMS-26JUN25,"How many initial jobless claims will there be the week ending Jun 20, 2026?","At least 220,000",jobs_growth,finalized,US_or_global_US_relevant_proxy,,closed_before_frozen_asof,,,,,,,,
KXJOBLESSCLAIMS-26JUN25-215000,KXJOBLESSCLAIMS,KXJOBLESSCLAIMS-26JUN25,"How many initial jobless claims will there be the week ending Jun 20, 2026?","At least 215,000",jobs_growth,finalized,US_or_global_US_relevant_proxy,,closed_before_frozen_asof,,,,,,,,
KXJOBLESSCLAIMS-26JUN25-210000,KXJOBLESSCLAIMS,KXJOBLESSCLAIMS-26JUN25,"How many initial jobless claims will there be the week ending Jun 20, 2026?","At least 210,000",jobs_growth,finalized,US_or_global_US_relevant_proxy,,closed_before_frozen_asof,,,,,,,,
KXJOBLESSCLAIMS-26JUN25-205000,KXJOBLESSCLAIMS,KXJOBLESSCLAIMS-26JUN25,"How many initial jobless claims will there be the week ending Jun 20, 2026?","At least 205,000",jobs_growth,finalized,US_or_global_US_relevant_proxy,,closed_before_frozen_asof,,,,,,,,
KXJOBLESSCLAIMS-26JUN25-200000,KXJOBLESSCLAIMS,KXJOBLESSCLAIMS-26JUN25,"How many initial jobless claims will there be the week ending Jun 20, 2026?","At least 200,000",jobs_growth,finalized,US_or_global_US_relevant_proxy,,closed_before_frozen_asof,,,,,,,,
KXJOBLESSCLAIMS-26JUN18-245000,KXJOBLESSCLAIMS,KXJOBLESSCLAIMS-26JUN18,"How many initial jobless claims will there be the week ending Jun 13, 2026?","At least 245,000",jobs_growth,finalized,US_or_global_US_relevant_proxy,,closed_before_frozen_asof,,,,,,,,
KXJOBLESSCLAIMS-26JUN18-240000,KXJOBLESSCLAIMS,KXJOBLESSCLAIMS-26JUN18,"How many initial jobless claims will there be the week ending Jun 13, 2026?","At least 240,000",jobs_growth,finalized,US_or_global_US_relevant_proxy,,closed_before_frozen_asof,,,,,,,,
KXJOBLESSCLAIMS-26JUN18-235000,KXJOBLESSCLAIMS,KXJOBLESSCLAIMS-26JUN18,"How many initial jobless claims will there be the week ending Jun 13, 2026?","At least 235,000",jobs_growth,finalized,US_or_global_US_relevant_proxy,,closed_before_frozen_asof,,,,,,,,
KXJOBLESSCLAIMS-26JUN18-230000,KXJOBLESSCLAIMS,KXJOBLESSCLAIMS-26JUN18,"How many initial jobless claims will there be the week ending Jun 13, 2026?","At least 230,000",jobs_growth,finalized,US_or_global_US_relevant_proxy,,closed_before_frozen_asof,,,,,,,,
KXJOBLESSCLAIMS-26JUN18-225000,KXJOBLESSCLAIMS,KXJOBLESSCLAIMS-26JUN18,"How many initial jobless claims will there be the week ending Jun 13, 2026?","At least 225,000",jobs_growth,finalized,US_or_global_US_relevant_proxy,,closed_before_frozen_asof,,,,,,,,
KXJOBLESSCLAIMS-26JUN18-220000,KXJOBLESSCLAIMS,KXJOBLESSCLAIMS-26JUN18,"How many initial jobless claims will there be the week ending Jun 13, 2026?","At least 220,000",jobs_growth,finalized,US_or_global_US_relevant_proxy,,closed_before_frozen_asof,,,,,,,,
KXJOBLESSCLAIMS-26JUN18-215000,KXJOBLESSCLAIMS,KXJOBLESSCLAIMS-26JUN18,"How many initial jobless claims will there be the week ending Jun 13, 2026?","At least 215,000",jobs_growth,finalized,US_or_global_US_relevant_proxy,,closed_before_frozen_asof,,,,,,,,
KXJOBLESSCLAIMS-26JUN18-210000,KXJOBLESSCLAIMS,KXJOBLESSCLAIMS-26JUN18,"How many initial jobless claims will there be the week ending Jun 13, 2026?","At least 210,000",jobs_growth,finalized,US_or_global_US_relevant_proxy,,closed_before_frozen_asof,,,,,,,,
KXJOBLESSCLAIMS-26JUN18-205000,KXJOBLESSCLAIMS,KXJOBLESSCLAIMS-26JUN18,"How many initial jobless claims will there be the week ending Jun 13, 2026?","At least 205,000",jobs_growth,finalized,US_or_global_US_relevant_proxy,,closed_before_frozen_asof,,,,,,,,
KXJOBLESSCLAIMS-26JUN18-200000,KXJOBLESSCLAIMS,KXJOBLESSCLAIMS-26JUN18,"How many initial jobless claims will there be the week ending Jun 13, 2026?","At least 200,000",jobs_growth,finalized,US_or_global_US_relevant_proxy,,closed_before_frozen_asof,,,,,,,,
KXJOBLESSCLAIMS-26JUN11-245000,KXJOBLESSCLAIMS,KXJOBLESSCLAIMS-26JUN11,"How many initial jobless claims will there be the week ending Jun 6, 2026?",At least 245000,jobs_growth,finalized,US_or_global_US_relevant_proxy,,closed_before_frozen_asof,,,,,,,,
KXJOBLESSCLAIMS-26JUN11-240000,KXJOBLESSCLAIMS,KXJOBLESSCLAIMS-26JUN11,"How many initial jobless claims will there be the week ending Jun 6, 2026?",At least 240000,jobs_growth,finalized,US_or_global_US_relevant_proxy,,closed_before_frozen_asof,,,,,,,,
KXJOBLESSCLAIMS-26JUN11-235000,KXJOBLESSCLAIMS,KXJOBLESSCLAIMS-26JUN11,"How many initial jobless claims will there be the week ending Jun 6, 2026?",At least 235000,jobs_growth,finalized,US_or_global_US_relevant_proxy,,closed_before_frozen_asof,,,,,,,,
KXJOBLESSCLAIMS-26JUN11-230000,KXJOBLESSCLAIMS,KXJOBLESSCLAIMS-26JUN11,"How many initial jobless claims will there be the week ending Jun 6, 2026?",At least 230000,jobs_growth,finalized,US_or_global_US_relevant_proxy,,closed_before_frozen_asof,,,,,,,,
KXJOBLESSCLAIMS-26JUN11-225000,KXJOBLESSCLAIMS,KXJOBLESSCLAIMS-26JUN11,"How many initial jobless claims will there be the week ending Jun 6, 2026?",At least 225000,jobs_growth,finalized,US_or_global_US_relevant_proxy,,closed_before_frozen_asof,,,,,,,,
KXJOBLESSCLAIMS-26JUN11-220000,KXJOBLESSCLAIMS,KXJOBLESSCLAIMS-26JUN11,"How many initial jobless claims will there be the week ending Jun 6, 2026?",At least 220000,jobs_growth,finalized,US_or_global_US_relevant_proxy,,closed_before_frozen_asof,,,,,,,,
KXJOBLESSCLAIMS-26JUN11-215000,KXJOBLESSCLAIMS,KXJOBLESSCLAIMS-26JUN11,"How many initial jobless claims will there be the week ending Jun 6, 2026?",At least 215000,jobs_growth,finalized,US_or_global_US_relevant_proxy,,closed_before_frozen_asof,,,,,,,,
KXJOBLESSCLAIMS-26JUN11-210000,KXJOBLESSCLAIMS,KXJOBLESSCLAIMS-26JUN11,"How many initial jobless claims will there be the week ending Jun 6, 2026?",At least 210000,jobs_growth,finalized,US_or_global_US_relevant_proxy,,closed_before_frozen_asof,,,,,,,,
KXJOBLESSCLAIMS-26JUN11-205000,KXJOBLESSCLAIMS,KXJOBLESSCLAIMS-26JUN11,"How many initial jobless claims will there be the week ending Jun 6, 2026?",At least 205000,jobs_growth,finalized,US_or_global_US_relevant_proxy,,closed_before_frozen_asof,,,,,,,,
KXJOBLESSCLAIMS-26JUN11-200000,KXJOBLESSCLAIMS,KXJOBLESSCLAIMS-26JUN11,"How many initial jobless claims will there be the week ending Jun 6, 2026?",At least 200000,jobs_growth,finalized,US_or_global_US_relevant_proxy,,closed_before_frozen_asof,,,,,,,,
KXJOBLESSCLAIMS-26SEP10-235000,KXJOBLESSCLAIMS,KXJOBLESSCLAIMS-26SEP10,"How many initial jobless claims will there be the week ending Sep 5, 2026?","At least 235,000",jobs_growth,active,US_or_global_US_relevant_proxy,2026-09-08T15:07:00Z,stale_observation,2026-09-06T19:00:00Z,44.11666666666667,,,,,,
KXJOBLESSCLAIMS-26SEP10-230000,KXJOBLESSCLAIMS,KXJOBLESSCLAIMS-26SEP10,"How many initial jobless claims will there be the week ending Sep 5, 2026?","At least 230,000",jobs_growth,active,US_or_global_US_relevant_proxy,2026-09-08T15:07:00Z,stale_observation,2026-09-07T13:00:00Z,26.116666666666667,,,,,,
KXJOBLESSCLAIMS-26SEP10-225000,KXJOBLESSCLAIMS,KXJOBLESSCLAIMS-26SEP10,"How many initial jobless claims will there be the week ending Sep 5, 2026?","At least 225,000",jobs_growth,active,US_or_global_US_relevant_proxy,2026-09-08T15:07:00Z,stale_observation,2026-09-07T13:00:00Z,26.116666666666667,,,,,,
KXJOBLESSCLAIMS-26SEP10-220000,KXJOBLESSCLAIMS,KXJOBLESSCLAIMS-26SEP10,"How many initial jobless claims will there be the week ending Sep 5, 2026?","At least 220,000",jobs_growth,active,US_or_global_US_relevant_proxy,2026-09-08T15:07:00Z,usable,2026-09-08T14:00:00Z,1.1166666666666667,0.055,0.03,0.08,0.05,824.37,bar_age_only_actual_quote_update_time_unavailable
KXJOBLESSCLAIMS-26SEP10-215000,KXJOBLESSCLAIMS,KXJOBLESSCLAIMS-26SEP10,"How many initial jobless claims will there be the week ending Sep 5, 2026?","At least 215,000",jobs_growth,active,US_or_global_US_relevant_proxy,2026-09-08T15:07:00Z,usable,2026-09-08T14:00:00Z,1.1166666666666667,0.14500000000000002,0.12,0.17,0.05000000000000002,1453.23,bar_age_only_actual_quote_update_time_unavailable
KXJOBLESSCLAIMS-26SEP10-210000,KXJOBLESSCLAIMS,KXJOBLESSCLAIMS-26SEP10,"How many initial jobless claims will there be the week ending Sep 5, 2026?","At least 210,000",jobs_growth,active,US_or_global_US_relevant_proxy,2026-09-08T15:07:00Z,usable,2026-09-08T14:00:00Z,1.1166666666666667,0.23,0.2,0.26,0.06,655.85,bar_age_only_actual_quote_update_time_unavailable
KXJOBLESSCLAIMS-26SEP10-205000,KXJOBLESSCLAIMS,KXJOBLESSCLAIMS-26SEP10,"How many initial jobless claims will there be the week ending Sep 5, 2026?","At least 205,000",jobs_growth,active,US_or_global_US_relevant_proxy,2026-09-08T15:07:00Z,usable,2026-09-08T15:00:00Z,0.11666666666666667,0.45,0.4,0.5,0.09999999999999998,253.38,bar_age_only_actual_quote_update_time_unavailable
KXJOBLESSCLAIMS-26SEP10-200000,KXJOBLESSCLAIMS,KXJOBLESSCLAIMS-26SEP10,"How many initial jobless claims will there be the week ending Sep 5, 2026?","At least 200,000",jobs_growth,active,US_or_global_US_relevant_proxy,2026-09-08T15:07:00Z,usable,2026-09-08T15:00:00Z,0.11666666666666667,0.595,0.55,0.64,0.08999999999999997,487.17,bar_age_only_actual_quote_update_time_unavailable
KXJOBLESSCLAIMS-26SEP10-195000,KXJOBLESSCLAIMS,KXJOBLESSCLAIMS-26SEP10,"How many initial jobless claims will there be the week ending Sep 5, 2026?","At least 195,000",jobs_growth,active,US_or_global_US_relevant_proxy,2026-09-08T15:07:00Z,usable,2026-09-08T14:00:00Z,1.1166666666666667,0.73,0.68,0.78,0.09999999999999998,78.03,bar_age_only_actual_quote_update_time_unavailable
KXJOBLESSCLAIMS-26SEP10-190000,KXJOBLESSCLAIMS,KXJOBLESSCLAIMS-26SEP10,"How many initial jobless claims will there be the week ending Sep 5, 2026?","At least 190,000",jobs_growth,active,US_or_global_US_relevant_proxy,2026-09-08T15:07:00Z,usable,2026-09-08T14:00:00Z,1.1166666666666667,0.88,0.84,0.92,0.08000000000000007,120.0,bar_age_only_actual_quote_update_time_unavailable
KXJOBLESSCLAIMS-26SEP10-185000,KXJOBLESSCLAIMS,KXJOBLESSCLAIMS-26SEP10,"How many initial jobless claims will there be the week ending Sep 5, 2026?","At least 185,000",jobs_growth,active,US_or_global_US_relevant_proxy,2026-09-08T15:07:00Z,usable,2026-09-08T01:00:00Z,14.116666666666667,0.99,0.98,1.0,0.020000000000000018,0.0,bar_age_only_actual_quote_update_time_unavailable
KXJOBLESSCLAIMS-26SEP03-230000,KXJOBLESSCLAIMS,KXJOBLESSCLAIMS-26SEP03,"How many initial jobless claims will there be the week ending Aug 29, 2026?","At least 230,000",jobs_growth,finalized,US_or_global_US_relevant_proxy,,closed_before_frozen_asof,,,,,,,,
KXJOBLESSCLAIMS-26SEP03-225000,KXJOBLESSCLAIMS,KXJOBLESSCLAIMS-26SEP03,"How many initial jobless claims will there be the week ending Aug 29, 2026?","At least 225,000",jobs_growth,finalized,US_or_global_US_relevant_proxy,,closed_before_frozen_asof,,,,,,,,
KXJOBLESSCLAIMS-26SEP03-220000,KXJOBLESSCLAIMS,KXJOBLESSCLAIMS-26SEP03,"How many initial jobless claims will there be the week ending Aug 29, 2026?","At least 220,000",jobs_growth,finalized,US_or_global_US_relevant_proxy,,closed_before_frozen_asof,,,,,,,,
KXJOBLESSCLAIMS-26SEP03-215000,KXJOBLESSCLAIMS,KXJOBLESSCLAIMS-26SEP03,"How many initial jobless claims will there be the week ending Aug 29, 2026?","At least 215,000",jobs_growth,finalized,US_or_global_US_relevant_proxy,,closed_before_frozen_asof,,,,,,,,
KXJOBLESSCLAIMS-26SEP03-210000,KXJOBLESSCLAIMS,KXJOBLESSCLAIMS-26SEP03,"How many initial jobless claims will there be the week ending Aug 29, 2026?","At least 210,000",jobs_growth,finalized,US_or_global_US_relevant_proxy,,closed_before_frozen_asof,,,,,,,,
KXJOBLESSCLAIMS-26SEP03-205000,KXJOBLESSCLAIMS,KXJOBLESSCLAIMS-26SEP03,"How many initial jobless claims will there be the week ending Aug 29, 2026?","At least 205,000",jobs_growth,finalized,US_or_global_US_relevant_proxy,,closed_before_frozen_asof,,,,,,,,
KXJOBLESSCLAIMS-26SEP03-200000,KXJOBLESSCLAIMS,KXJOBLESSCLAIMS-26SEP03,"How many initial jobless claims will there be the week ending Aug 29, 2026?","At least 200,000",jobs_growth,finalized,US_or_global_US_relevant_proxy,,closed_before_frozen_asof,,,,,,,,
KXJOBLESSCLAIMS-26SEP03-195000,KXJOBLESSCLAIMS,KXJOBLESSCLAIMS-26SEP03,"How many initial jobless claims will there be the week ending Aug 29, 2026?","At least 195,000",jobs_growth,finalized,US_or_global_US_relevant_proxy,,closed_before_frozen_asof,,,,,,,,
KXJOBLESSCLAIMS-26SEP03-190000,KXJOBLESSCLAIMS,KXJOBLESSCLAIMS-26SEP03,"How many initial jobless claims will there be the week ending Aug 29, 2026?","At least 190,000",jobs_growth,finalized,US_or_global_US_relevant_proxy,,closed_before_frozen_asof,,,,,,,,
KXJOBLESSCLAIMS-26SEP03-185000,KXJOBLESSCLAIMS,KXJOBLESSCLAIMS-26SEP03,"How many initial jobless claims will there be the week ending Aug 29, 2026?","At least 185,000",jobs_growth,finalized,US_or_global_US_relevant_proxy,,closed_before_frozen_asof,,,,,,,,
KXJOBLESSCLAIMS-26SEP03-180000,KXJOBLESSCLAIMS,KXJOBLESSCLAIMS-26SEP03,"How many initial jobless claims will there be the week ending Aug 29, 2026?","At least 180,000",jobs_growth,finalized,US_or_global_US_relevant_proxy,,closed_before_frozen_asof,,,,,,,,
KXJOBLESSCLAIMS-26AUG27-230000,KXJOBLESSCLAIMS,KXJOBLESSCLAIMS-26AUG27,"How many initial jobless claims will there be the week ending Aug 22, 2026?","At least 230,000",jobs_growth,finalized,US_or_global_US_relevant_proxy,,closed_before_frozen_asof,,,,,,,,
KXJOBLESSCLAIMS-26AUG27-225000,KXJOBLESSCLAIMS,KXJOBLESSCLAIMS-26AUG27,"How many initial jobless claims will there be the week ending Aug 22, 2026?","At least 225,000",jobs_growth,finalized,US_or_global_US_relevant_proxy,,closed_before_frozen_asof,,,,,,,,
KXJOBLESSCLAIMS-26AUG27-220000,KXJOBLESSCLAIMS,KXJOBLESSCLAIMS-26AUG27,"How many initial jobless claims will there be the week ending Aug 22, 2026?","At least 220,000",jobs_growth,finalized,US_or_global_US_relevant_proxy,,closed_before_frozen_asof,,,,,,,,
KXJOBLESSCLAIMS-26AUG27-215000,KXJOBLESSCLAIMS,KXJOBLESSCLAIMS-26AUG27,"How many initial jobless claims will there be the week ending Aug 22, 2026?","At least 215,000",jobs_growth,finalized,US_or_global_US_relevant_proxy,,closed_before_frozen_asof,,,,,,,,
KXJOBLESSCLAIMS-26AUG27-210000,KXJOBLESSCLAIMS,KXJOBLESSCLAIMS-26AUG27,"How many initial jobless claims will there be the week ending Aug 22, 2026?","At least 210,000",jobs_growth,finalized,US_or_global_US_relevant_proxy,,closed_before_frozen_asof,,,,,,,,
KXJOBLESSCLAIMS-26AUG27-205000,KXJOBLESSCLAIMS,KXJOBLESSCLAIMS-26AUG27,"How many initial jobless claims will there be the week ending Aug 22, 2026?","At least 205,000",jobs_growth,finalized,US_or_global_US_relevant_proxy,,closed_before_frozen_asof,,,,,,,,
KXJOBLESSCLAIMS-26AUG27-200000,KXJOBLESSCLAIMS,KXJOBLESSCLAIMS-26AUG27,"How many initial jobless claims will there be the week ending Aug 22, 2026?","At least 200,000",jobs_growth,finalized,US_or_global_US_relevant_proxy,,closed_before_frozen_asof,,,,,,,,
KXJOBLESSCLAIMS-26AUG27-195000,KXJOBLESSCLAIMS,KXJOBLESSCLAIMS-26AUG27,"How many initial jobless claims will there be the week ending Aug 22, 2026?","At least 195,000",jobs_growth,finalized,US_or_global_US_relevant_proxy,,closed_before_frozen_asof,,,,,,,,
KXJOBLESSCLAIMS-26AUG27-190000,KXJOBLESSCLAIMS,KXJOBLESSCLAIMS-26AUG27,"How many initial jobless claims will there be the week ending Aug 22, 2026?","At least 190,000",jobs_growth,finalized,US_or_global_US_relevant_proxy,,closed_before_frozen_asof,,,,,,,,
KXJOBLESSCLAIMS-26AUG27-185000,KXJOBLESSCLAIMS,KXJOBLESSCLAIMS-26AUG27,"How many initial jobless claims will there be the week ending Aug 22, 2026?","At least 185,000",jobs_growth,finalized,US_or_global_US_relevant_proxy,,closed_before_frozen_asof,,,,,,,,
KXJOBLESSCLAIMS-26AUG27-180000,KXJOBLESSCLAIMS,KXJOBLESSCLAIMS-26AUG27,"How many initial jobless claims will there be the week ending Aug 22, 2026?","At least 180,000",jobs_growth,finalized,US_or_global_US_relevant_proxy,,closed_before_frozen_asof,,,,,,,,
KXJOBLESSCLAIMS-26AUG20-230000,KXJOBLESSCLAIMS,KXJOBLESSCLAIMS-26AUG20,"How many initial jobless claims will there be the week ending Aug 15, 2026?","At least 230,000",jobs_growth,finalized,US_or_global_US_relevant_proxy,,closed_before_frozen_asof,,,,,,,,
KXJOBLESSCLAIMS-26AUG20-225000,KXJOBLESSCLAIMS,KXJOBLESSCLAIMS-26AUG20,"How many initial jobless claims will there be the week ending Aug 15, 2026?","At least 225,000",jobs_growth,finalized,US_or_global_US_relevant_proxy,,closed_before_frozen_asof,,,,,,,,
KXJOBLESSCLAIMS-26AUG20-220000,KXJOBLESSCLAIMS,KXJOBLESSCLAIMS-26AUG20,"How many initial jobless claims will there be the week ending Aug 15, 2026?","At least 220,000",jobs_growth,finalized,US_or_global_US_relevant_proxy,,closed_before_frozen_asof,,,,,,,,
KXJOBLESSCLAIMS-26AUG20-215000,KXJOBLESSCLAIMS,KXJOBLESSCLAIMS-26AUG20,"How many initial jobless claims will there be the week ending Aug 15, 2026?","At least 215,000",jobs_growth,finalized,US_or_global_US_relevant_proxy,,closed_before_frozen_asof,,,,,,,,
KXJOBLESSCLAIMS-26AUG20-210000,KXJOBLESSCLAIMS,KXJOBLESSCLAIMS-26AUG20,"How many initial jobless claims will there be the week ending Aug 15, 2026?","At least 210,000",jobs_growth,finalized,US_or_global_US_relevant_proxy,,closed_before_frozen_asof,,,,,,,,
KXJOBLESSCLAIMS-26AUG20-205000,KXJOBLESSCLAIMS,KXJOBLESSCLAIMS-26AUG20,"How many initial jobless claims will there be the week ending Aug 15, 2026?","At least 205,000",jobs_growth,finalized,US_or_global_US_relevant_proxy,,closed_before_frozen_asof,,,,,,,,
KXJOBLESSCLAIMS-26AUG20-200000,KXJOBLESSCLAIMS,KXJOBLESSCLAIMS-26AUG20,"How many initial jobless claims will there be the week ending Aug 15, 2026?","At least 200,000",jobs_growth,finalized,US_or_global_US_relevant_proxy,,closed_before_frozen_asof,,,,,,,,
KXJOBLESSCLAIMS-26AUG20-195000,KXJOBLESSCLAIMS,KXJOBLESSCLAIMS-26AUG20,"How many initial jobless claims will there be the week ending Aug 15, 2026?","At least 195,000",jobs_growth,finalized,US_or_global_US_relevant_proxy,,closed_before_frozen_asof,,,,,,,,
KXJOBLESSCLAIMS-26AUG20-190000,KXJOBLESSCLAIMS,KXJOBLESSCLAIMS-26AUG20,"How many initial jobless claims will there be the week ending Aug 15, 2026?","At least 190,000",jobs_growth,finalized,US_or_global_US_relevant_proxy,,closed_before_frozen_asof,,,,,,,,
KXJOBLESSCLAIMS-26AUG20-185000,KXJOBLESSCLAIMS,KXJOBLESSCLAIMS-26AUG20,"How many initial jobless claims will there be the week ending Aug 15, 2026?","At least 185,000",jobs_growth,finalized,US_or_global_US_relevant_proxy,,closed_before_frozen_asof,,,,,,,,
KXJOBLESSCLAIMS-26AUG20-180000,KXJOBLESSCLAIMS,KXJOBLESSCLAIMS-26AUG20,"How many initial jobless claims will there be the week ending Aug 15, 2026?","At least 180,000",jobs_growth,finalized,US_or_global_US_relevant_proxy,,closed_before_frozen_asof,,,,,,,,
KXJOBLESSCLAIMS-26AUG13-225000,KXJOBLESSCLAIMS,KXJOBLESSCLAIMS-26AUG13,"How many initial jobless claims will there be the week ending Aug 8, 2026?",At least 225000,jobs_growth,finalized,US_or_global_US_relevant_proxy,,closed_before_frozen_asof,,,,,,,,
KXJOBLESSCLAIMS-26AUG13-220000,KXJOBLESSCLAIMS,KXJOBLESSCLAIMS-26AUG13,"How many initial jobless claims will there be the week ending Aug 8, 2026?",At least 220000,jobs_growth,finalized,US_or_global_US_relevant_proxy,,closed_before_frozen_asof,,,,,,,,
KXJOBLESSCLAIMS-26AUG13-215000,KXJOBLESSCLAIMS,KXJOBLESSCLAIMS-26AUG13,"How many initial jobless claims will there be the week ending Aug 8, 2026?",At least 215000,jobs_growth,finalized,US_or_global_US_relevant_proxy,,closed_before_frozen_asof,,,,,,,,
KXJOBLESSCLAIMS-26AUG13-210000,KXJOBLESSCLAIMS,KXJOBLESSCLAIMS-26AUG13,"How many initial jobless claims will there be the week ending Aug 8, 2026?",At least 210000,jobs_growth,finalized,US_or_global_US_relevant_proxy,,closed_before_frozen_asof,,,,,,,,
KXJOBLESSCLAIMS-26AUG13-205000,KXJOBLESSCLAIMS,KXJOBLESSCLAIMS-26AUG13,"How many initial jobless claims will there be the week ending Aug 8, 2026?",At least 205000,jobs_growth,finalized,US_or_global_US_relevant_proxy,,closed_before_frozen_asof,,,,,,,,
KXJOBLESSCLAIMS-26AUG13-200000,KXJOBLESSCLAIMS,KXJOBLESSCLAIMS-26AUG13,"How many initial jobless claims will there be the week ending Aug 8, 2026?",At least 200000,jobs_growth,finalized,US_or_global_US_relevant_proxy,,closed_before_frozen_asof,,,,,,,,
KXJOBLESSCLAIMS-26AUG13-195000,KXJOBLESSCLAIMS,KXJOBLESSCLAIMS-26AUG13,"How many initial jobless claims will there be the week ending Aug 8, 2026?",At least 195000,jobs_growth,finalized,US_or_global_US_relevant_proxy,,closed_before_frozen_asof,,,,,,,,
KXJOBLESSCLAIMS-26AUG13-190000,KXJOBLESSCLAIMS,KXJOBLESSCLAIMS-26AUG13,"How many initial jobless claims will there be the week ending Aug 8, 2026?",At least 190000,jobs_growth,finalized,US_or_global_US_relevant_proxy,,closed_before_frozen_asof,,,,,,,,
KXJOBLESSCLAIMS-26AUG13-185000,KXJOBLESSCLAIMS,KXJOBLESSCLAIMS-26AUG13,"How many initial jobless claims will there be the week ending Aug 8, 2026?",At least 185000,jobs_growth,finalized,US_or_global_US_relevant_proxy,,closed_before_frozen_asof,,,,,,,,
KXJOBLESSCLAIMS-26AUG13-180000,KXJOBLESSCLAIMS,KXJOBLESSCLAIMS-26AUG13,"How many initial jobless claims will there be the week ending Aug 8, 2026?",At least 180000,jobs_growth,finalized,US_or_global_US_relevant_proxy,,closed_before_frozen_asof,,,,,,,,
KXJOBLESSCLAIMS-26AUG13-175000,KXJOBLESSCLAIMS,KXJOBLESSCLAIMS-26AUG13,"How many initial jobless claims will there be the week ending Aug 8, 2026?",At least 175000,jobs_growth,finalized,US_or_global_US_relevant_proxy,,closed_before_frozen_asof,,,,,,,,
KXJOBLESSCLAIMS-26AUG06-215000,KXJOBLESSCLAIMS,KXJOBLESSCLAIMS-26AUG06,"How many initial jobless claims will there be the week ending Aug 1, 2026?","At least 215,000",jobs_growth,finalized,US_or_global_US_relevant_proxy,,closed_before_frozen_asof,,,,,,,,
KXJOBLESSCLAIMS-26AUG06-210000,KXJOBLESSCLAIMS,KXJOBLESSCLAIMS-26AUG06,"How many initial jobless claims will there be the week ending Aug 1, 2026?","At least 210,000",jobs_growth,finalized,US_or_global_US_relevant_proxy,,closed_before_frozen_asof,,,,,,,,
KXJOBLESSCLAIMS-26AUG06-205000,KXJOBLESSCLAIMS,KXJOBLESSCLAIMS-26AUG06,"How many initial jobless claims will there be the week ending Aug 1, 2026?","At least 205,000",jobs_growth,finalized,US_or_global_US_relevant_proxy,,closed_before_frozen_asof,,,,,,,,
KXJOBLESSCLAIMS-26AUG06-200000,KXJOBLESSCLAIMS,KXJOBLESSCLAIMS-26AUG06,"How many initial jobless claims will there be the week ending Aug 1, 2026?","At least 200,000",jobs_growth,finalized,US_or_global_US_relevant_proxy,,closed_before_frozen_asof,,,,,,,,
KXJOBLESSCLAIMS-26AUG06-195000,KXJOBLESSCLAIMS,KXJOBLESSCLAIMS-26AUG06,"How many initial jobless claims will there be the week ending Aug 1, 2026?","At least 195,000",jobs_growth,finalized,US_or_global_US_relevant_proxy,,closed_before_frozen_asof,,,,,,,,
KXJOBLESSCLAIMS-26AUG06-190000,KXJOBLESSCLAIMS,KXJOBLESSCLAIMS-26AUG06,"How many initial jobless claims will there be the week ending Aug 1, 2026?","At least 190,000",jobs_growth,finalized,US_or_global_US_relevant_proxy,,closed_before_frozen_asof,,,,,,,,
KXJOBLESSCLAIMS-26AUG06-185000,KXJOBLESSCLAIMS,KXJOBLESSCLAIMS-26AUG06,"How many initial jobless claims will there be the week ending Aug 1, 2026?","At least 185,000",jobs_growth,finalized,US_or_global_US_relevant_proxy,,closed_before_frozen_asof,,,,,,,,
KXJOBLESSCLAIMS-26AUG06-180000,KXJOBLESSCLAIMS,KXJOBLESSCLAIMS-26AUG06,"How many initial jobless claims will there be the week ending Aug 1, 2026?","At least 180,000",jobs_growth,finalized,US_or_global_US_relevant_proxy,,closed_before_frozen_asof,,,,,,,,
KXJOBLESSCLAIMS-26AUG06-175000,KXJOBLESSCLAIMS,KXJOBLESSCLAIMS-26AUG06,"How many initial jobless claims will there be the week ending Aug 1, 2026?","At least 175,000",jobs_growth,finalized,US_or_global_US_relevant_proxy,,closed_before_frozen_asof,,,,,,,,
KXJOBLESSCLAIMS-26JUL30-215000,KXJOBLESSCLAIMS,KXJOBLESSCLAIMS-26JUL30,"How many initial jobless claims will there be the week ending Jul 25, 2026?","At least 215,000",jobs_growth,finalized,US_or_global_US_relevant_proxy,,closed_before_frozen_asof,,,,,,,,
KXJOBLESSCLAIMS-26JUL30-210000,KXJOBLESSCLAIMS,KXJOBLESSCLAIMS-26JUL30,"How many initial jobless claims will there be the week ending Jul 25, 2026?","At least 210,000",jobs_growth,finalized,US_or_global_US_relevant_proxy,,closed_before_frozen_asof,,,,,,,,
KXJOBLESSCLAIMS-26JUL30-205000,KXJOBLESSCLAIMS,KXJOBLESSCLAIMS-26JUL30,"How many initial jobless claims will there be the week ending Jul 25, 2026?","At least 205,000",jobs_growth,finalized,US_or_global_US_relevant_proxy,,closed_before_frozen_asof,,,,,,,,
KXJOBLESSCLAIMS-26JUL30-200000,KXJOBLESSCLAIMS,KXJOBLESSCLAIMS-26JUL30,"How many initial jobless claims will there be the week ending Jul 25, 2026?","At least 200,000",jobs_growth,finalized,US_or_global_US_relevant_proxy,,closed_before_frozen_asof,,,,,,,,
KXJOBLESSCLAIMS-26JUL30-195000,KXJOBLESSCLAIMS,KXJOBLESSCLAIMS-26JUL30,"How many initial jobless claims will there be the week ending Jul 25, 2026?","At least 195,000",jobs_growth,finalized,US_or_global_US_relevant_proxy,,closed_before_frozen_asof,,,,,,,,
KXJOBLESSCLAIMS-26JUL30-190000,KXJOBLESSCLAIMS,KXJOBLESSCLAIMS-26JUL30,"How many initial jobless claims will there be the week ending Jul 25, 2026?","At least 190,000",jobs_growth,finalized,US_or_global_US_relevant_proxy,,closed_before_frozen_asof,,,,,,,,
KXJOBLESSCLAIMS-26JUL30-185000,KXJOBLESSCLAIMS,KXJOBLESSCLAIMS-26JUL30,"How many initial jobless claims will there be the week ending Jul 25, 2026?","At least 185,000",jobs_growth,finalized,US_or_global_US_relevant_proxy,,closed_before_frozen_asof,,,,,,,,
KXJOBLESSCLAIMS-26JUL30-180000,KXJOBLESSCLAIMS,KXJOBLESSCLAIMS-26JUL30,"How many initial jobless claims will there be the week ending Jul 25, 2026?","At least 180,000",jobs_growth,finalized,US_or_global_US_relevant_proxy,,closed_before_frozen_asof,,,,,,,,
KXJOBLESSCLAIMS-26JUL30-175000,KXJOBLESSCLAIMS,KXJOBLESSCLAIMS-26JUL30,"How many initial jobless claims will there be the week ending Jul 25, 2026?","At least 175,000",jobs_growth,finalized,US_or_global_US_relevant_proxy,,closed_before_frozen_asof,,,,,,,,
KXJOBLESSCLAIMS-26JUL23-230000,KXJOBLESSCLAIMS,KXJOBLESSCLAIMS-26JUL23,"How many initial jobless claims will there be the week ending Jul 18, 2026?","At least 230,000",jobs_growth,finalized,US_or_global_US_relevant_proxy,,closed_before_frozen_asof,,,,,,,,
KXJOBLESSCLAIMS-26JUL23-225000,KXJOBLESSCLAIMS,KXJOBLESSCLAIMS-26JUL23,"How many initial jobless claims will there be the week ending Jul 18, 2026?","At least 225,000",jobs_growth,finalized,US_or_global_US_relevant_proxy,,closed_before_frozen_asof,,,,,,,,
KXJOBLESSCLAIMS-26JUL23-220000,KXJOBLESSCLAIMS,KXJOBLESSCLAIMS-26JUL23,"How many initial jobless claims will there be the week ending Jul 18, 2026?","At least 220,000",jobs_growth,finalized,US_or_global_US_relevant_proxy,,closed_before_frozen_asof,,,,,,,,
KXJOBLESSCLAIMS-26JUL23-215000,KXJOBLESSCLAIMS,KXJOBLESSCLAIMS-26JUL23,"How many initial jobless claims will there be the week ending Jul 18, 2026?","At least 215,000",jobs_growth,finalized,US_or_global_US_relevant_proxy,,closed_before_frozen_asof,,,,,,,,
KXJOBLESSCLAIMS-26JUL23-210000,KXJOBLESSCLAIMS,KXJOBLESSCLAIMS-26JUL23,"How many initial jobless claims will there be the week ending Jul 18, 2026?","At least 210,000",jobs_growth,finalized,US_or_global_US_relevant_proxy,,closed_before_frozen_asof,,,,,,,,
KXJOBLESSCLAIMS-26JUL23-205000,KXJOBLESSCLAIMS,KXJOBLESSCLAIMS-26JUL23,"How many initial jobless claims will there be the week ending Jul 18, 2026?","At least 205,000",jobs_growth,finalized,US_or_global_US_relevant_proxy,,closed_before_frozen_asof,,,,,,,,
KXJOBLESSCLAIMS-26JUL23-200000,KXJOBLESSCLAIMS,KXJOBLESSCLAIMS-26JUL23,"How many initial jobless claims will there be the week ending Jul 18, 2026?","At least 200,000",jobs_growth,finalized,US_or_global_US_relevant_proxy,,closed_before_frozen_asof,,,,,,,,
KXJOBLESSCLAIMS-26JUL23-195000,KXJOBLESSCLAIMS,KXJOBLESSCLAIMS-26JUL23,"How many initial jobless claims will there be the week ending Jul 18, 2026?","At least 195,000",jobs_growth,finalized,US_or_global_US_relevant_proxy,,closed_before_frozen_asof,,,,,,,,
KXJOBLESSCLAIMS-26JUL23-190000,KXJOBLESSCLAIMS,KXJOBLESSCLAIMS-26JUL23,"How many initial jobless claims will there be the week ending Jul 18, 2026?","At least 190,000",jobs_growth,finalized,US_or_global_US_relevant_proxy,,closed_before_frozen_asof,,,,,,,,
KXJOBLESSCLAIMS-26JUL16-245000,KXJOBLESSCLAIMS,KXJOBLESSCLAIMS-26JUL16,"How many initial jobless claims will there be the week ending Jul 11, 2026?","At least 245,000",jobs_growth,finalized,US_or_global_US_relevant_proxy,,closed_before_frozen_asof,,,,,,,,
KXJOBLESSCLAIMS-26JUL16-240000,KXJOBLESSCLAIMS,KXJOBLESSCLAIMS-26JUL16,"How many initial jobless claims will there be the week ending Jul 11, 2026?","At least 240,000",jobs_growth,finalized,US_or_global_US_relevant_proxy,,closed_before_frozen_asof,,,,,,,,
KXJOBLESSCLAIMS-26JUL16-235000,KXJOBLESSCLAIMS,KXJOBLESSCLAIMS-26JUL16,"How many initial jobless claims will there be the week ending Jul 11, 2026?","At least 235,000",jobs_growth,finalized,US_or_global_US_relevant_proxy,,closed_before_frozen_asof,,,,,,,,
KXJOBLESSCLAIMS-26JUL16-230000,KXJOBLESSCLAIMS,KXJOBLESSCLAIMS-26JUL16,"How many initial jobless claims will there be the week ending Jul 11, 2026?","At least 230,000",jobs_growth,finalized,US_or_global_US_relevant_proxy,,closed_before_frozen_asof,,,,,,,,
KXJOBLESSCLAIMS-26JUL16-225000,KXJOBLESSCLAIMS,KXJOBLESSCLAIMS-26JUL16,"How many initial jobless claims will there be the week ending Jul 11, 2026?","At least 225,000",jobs_growth,finalized,US_or_global_US_relevant_proxy,,closed_before_frozen_asof,,,,,,,,
KXJOBLESSCLAIMS-26JUL16-220000,KXJOBLESSCLAIMS,KXJOBLESSCLAIMS-26JUL16,"How many initial jobless claims will there be the week ending Jul 11, 2026?","At least 220,000",jobs_growth,finalized,US_or_global_US_relevant_proxy,,closed_before_frozen_asof,,,,,,,,
KXJOBLESSCLAIMS-26JUL16-215000,KXJOBLESSCLAIMS,KXJOBLESSCLAIMS-26JUL16,"How many initial jobless claims will there be the week ending Jul 11, 2026?","At least 215,000",jobs_growth,finalized,US_or_global_US_relevant_proxy,,closed_before_frozen_asof,,,,,,,,
KXJOBLESSCLAIMS-26JUL16-210000,KXJOBLESSCLAIMS,KXJOBLESSCLAIMS-26JUL16,"How many initial jobless claims will there be the week ending Jul 11, 2026?","At least 210,000",jobs_growth,finalized,US_or_global_US_relevant_proxy,,closed_before_frozen_asof,,,,,,,,
KXJOBLESSCLAIMS-26JUL16-205000,KXJOBLESSCLAIMS,KXJOBLESSCLAIMS-26JUL16,"How many initial jobless claims will there be the week ending Jul 11, 2026?","At least 205,000",jobs_growth,finalized,US_or_global_US_relevant_proxy,,closed_before_frozen_asof,,,,,,,,
KXJOBLESSCLAIMS-26JUL16-200000,KXJOBLESSCLAIMS,KXJOBLESSCLAIMS-26JUL16,"How many initial jobless claims will there be the week ending Jul 11, 2026?","At least 200,000",jobs_growth,finalized,US_or_global_US_relevant_proxy,,closed_before_frozen_asof,,,,,,,,
KXJOLTSOPEN-26SEP29-T7.40,KXJOLTSOPEN,KXJOLTSOPEN-26SEP29,Will the seasonally adjusted number of total nonfarm job openings in the United States for August 2026 be above 7.40M?,Above 7.40M,jobs_growth,active,US_or_global_US_relevant_proxy,2026-09-08T15:07:00Z,usable,2026-09-07T20:00:00Z,19.116666666666667,0.4,0.35,0.45,0.10000000000000003,0.0,bar_age_only_actual_quote_update_time_unavailable
KXJOLTSOPEN-26SEP29-T7.35,KXJOLTSOPEN,KXJOLTSOPEN-26SEP29,Will the seasonally adjusted number of total nonfarm job openings in the United States for August 2026 be above 7.35M?,Above 7.35M,jobs_growth,active,US_or_global_US_relevant_proxy,2026-09-08T15:07:00Z,stale_observation,2026-09-06T05:00:00Z,58.11666666666667,,,,,,
KXJOLTSOPEN-26SEP29-T7.30,KXJOLTSOPEN,KXJOLTSOPEN-26SEP29,Will the seasonally adjusted number of total nonfarm job openings in the United States for August 2026 be above 7.30M?,Above 7.30M,jobs_growth,active,US_or_global_US_relevant_proxy,2026-09-08T15:07:00Z,stale_observation,2026-09-06T05:00:00Z,58.11666666666667,,,,,,
KXJOLTSOPEN-26SEP29-T7.25,KXJOLTSOPEN,KXJOLTSOPEN-26SEP29,Will the seasonally adjusted number of total nonfarm job openings in the United States for August 2026 be above 7.25M?,Above 7.25M,jobs_growth,active,US_or_global_US_relevant_proxy,2026-09-08T15:07:00Z,stale_observation,2026-09-06T05:00:00Z,58.11666666666667,,,,,,
KXJOLTSOPEN-26SEP29-T7.20,KXJOLTSOPEN,KXJOLTSOPEN-26SEP29,Will the seasonally adjusted number of total nonfarm job openings in the United States for August 2026 be above 7.20M?,Above 7.20M,jobs_growth,active,US_or_global_US_relevant_proxy,2026-09-08T15:07:00Z,stale_observation,2026-09-06T05:00:00Z,58.11666666666667,,,,,,
KXJOLTSOPEN-26SEP29-T7.15,KXJOLTSOPEN,KXJOLTSOPEN-26SEP29,Will the seasonally adjusted number of total nonfarm job openings in the United States for August 2026 be above 7.15M?,Above 7.15M,jobs_growth,active,US_or_global_US_relevant_proxy,2026-09-08T15:07:00Z,stale_observation,2026-09-06T05:00:00Z,58.11666666666667,,,,,,
KXJOLTSOPEN-26SEP29-T7.10,KXJOLTSOPEN,KXJOLTSOPEN-26SEP29,Will the seasonally adjusted number of total nonfarm job openings in the United States for August 2026 be above 7.10M?,Above 7.10M,jobs_growth,active,US_or_global_US_relevant_proxy,2026-09-08T15:07:00Z,usable,2026-09-07T20:00:00Z,19.116666666666667,0.7,0.65,0.75,0.09999999999999998,0.0,bar_age_only_actual_quote_update_time_unavailable
KXJOLTSOPEN-26SEP01-T7.50,KXJOLTSOPEN,KXJOLTSOPEN-26SEP01,Will the seasonally adjusted number of total nonfarm job openings in the United States for July 2026 be above 7.50M?,Above 7.50M,jobs_growth,finalized,US_or_global_US_relevant_proxy,,closed_before_frozen_asof,,,,,,,,
KXJOLTSOPEN-26SEP01-T7.45,KXJOLTSOPEN,KXJOLTSOPEN-26SEP01,Will the seasonally adjusted number of total nonfarm job openings in the United States for July 2026 be above 7.45M?,Above 7.45M,jobs_growth,finalized,US_or_global_US_relevant_proxy,,closed_before_frozen_asof,,,,,,,,
KXJOLTSOPEN-26SEP01-T7.40,KXJOLTSOPEN,KXJOLTSOPEN-26SEP01,Will the seasonally adjusted number of total nonfarm job openings in the United States for July 2026 be above 7.40M?,Above 7.40M,jobs_growth,finalized,US_or_global_US_relevant_proxy,,closed_before_frozen_asof,,,,,,,,
KXJOLTSOPEN-26SEP01-T7.35,KXJOLTSOPEN,KXJOLTSOPEN-26SEP01,Will the seasonally adjusted number of total nonfarm job openings in the United States for July 2026 be above 7.35M?,Above 7.35M,jobs_growth,finalized,US_or_global_US_relevant_proxy,,closed_before_frozen_asof,,,,,,,,
KXJOLTSOPEN-26SEP01-T7.30,KXJOLTSOPEN,KXJOLTSOPEN-26SEP01,Will the seasonally adjusted number of total nonfarm job openings in the United States for July 2026 be above 7.30M?,Above 7.30M,jobs_growth,finalized,US_or_global_US_relevant_proxy,,closed_before_frozen_asof,,,,,,,,
KXJOLTSOPEN-26SEP01-T7.25,KXJOLTSOPEN,KXJOLTSOPEN-26SEP01,Will the seasonally adjusted number of total nonfarm job openings in the United States for July 2026 be above 7.25M?,Above 7.25M,jobs_growth,finalized,US_or_global_US_relevant_proxy,,closed_before_frozen_asof,,,,,,,,
KXJOLTSOPEN-26SEP01-T7.20,KXJOLTSOPEN,KXJOLTSOPEN-26SEP01,Will the seasonally adjusted number of total nonfarm job openings in the United States for July 2026 be above 7.20M?,Above 7.20M,jobs_growth,finalized,US_or_global_US_relevant_proxy,,closed_before_frozen_asof,,,,,,,,
KXMORTGAGERATE-26DEC-T7.0,KXMORTGAGERATE,KXMORTGAGERATE-26DEC,How high will 30yr mortgage rate get this year?,Above 7.0%,housing,active,US_or_global_US_relevant_proxy,2026-09-08T15:07:00Z,stale_observation,2026-09-06T18:00:00Z,45.11666666666667,,,,,,
KXMORTGAGERATE-26DEC-T6.9,KXMORTGAGERATE,KXMORTGAGERATE-26DEC,How high will 30yr mortgage rate get this year?,Above 6.9%,housing,active,US_or_global_US_relevant_proxy,2026-09-08T15:07:00Z,stale_observation,2026-09-07T14:00:00Z,25.116666666666667,,,,,,
KXMORTGAGERATE-26DEC-T6.8,KXMORTGAGERATE,KXMORTGAGERATE-26DEC,How high will 30yr mortgage rate get this year?,Above 6.8%,housing,active,US_or_global_US_relevant_proxy,2026-09-08T15:07:00Z,stale_observation,2026-09-06T20:00:00Z,43.11666666666667,,,,,,
KXMORTGAGERATE-26DEC-T6.7,KXMORTGAGERATE,KXMORTGAGERATE-26DEC,How high will 30yr mortgage rate get this year?,Above 6.7%,housing,active,US_or_global_US_relevant_proxy,2026-09-08T15:07:00Z,stale_observation,2026-09-04T00:00:00Z,111.11666666666666,,,,,,
KXMORTGAGERATE-26DEC-T6.6,KXMORTGAGERATE,KXMORTGAGERATE-26DEC,How high will 30yr mortgage rate get this year?,Above 6.6%,housing,finalized,US_or_global_US_relevant_proxy,,closed_before_frozen_asof,,,,,,,,
KXNBERRECESSQ-Q1-2026,KXNBERRECESSQ,KXNBERRECESSQ,When will the next U.S. recession start?,Q1 2026,jobs_growth,active,US_or_global_US_relevant_proxy,2026-09-08T15:07:00Z,usable,2026-09-08T09:00:00Z,6.116666666666666,0.0365,0.011,0.062,0.051000000000000004,34364.08,bar_age_only_actual_quote_update_time_unavailable
KXNBERRECESSQ-Q4-2025,KXNBERRECESSQ,KXNBERRECESSQ,When will the next U.S. recession start?,Q4 2025,jobs_growth,active,US_or_global_US_relevant_proxy,2026-09-08T15:07:00Z,stale_observation,2026-09-06T21:00:00Z,42.11666666666667,,,,,,
KXNBERRECESSQ-Q3-2025,KXNBERRECESSQ,KXNBERRECESSQ,When will the next U.S. recession start?,Q3 2025,jobs_growth,active,US_or_global_US_relevant_proxy,2026-09-08T15:07:00Z,usable,2026-09-08T15:00:00Z,0.11666666666666667,0.0175,0.006,0.029,0.023,25908.08,bar_age_only_actual_quote_update_time_unavailable
KXNBERRECESSQ-Q2-2025,KXNBERRECESSQ,KXNBERRECESSQ,When will the next U.S. recession start?,Q2 2025,jobs_growth,active,US_or_global_US_relevant_proxy,2026-09-08T15:07:00Z,usable,2026-09-08T15:00:00Z,0.11666666666666667,0.0145,0.001,0.028,0.027,32913.72,bar_age_only_actual_quote_update_time_unavailable
KXNBERRECESSQ-Q4-2024,KXNBERRECESSQ,KXNBERRECESSQ,When will the next U.S. recession start?,Q4 2024,jobs_growth,active,US_or_global_US_relevant_proxy,2026-09-08T15:07:00Z,usable,2026-09-08T15:00:00Z,0.11666666666666667,0.017,0.003,0.031,0.028,20161.44,bar_age_only_actual_quote_update_time_unavailable
KXNBERRECESSQ-Q1-2025,KXNBERRECESSQ,KXNBERRECESSQ,When will the next U.S. recession start?,Q1 2025,jobs_growth,active,US_or_global_US_relevant_proxy,2026-09-08T15:07:00Z,stale_observation,2026-09-06T20:00:00Z,43.11666666666667,,,,,,
KXNFPROD-27MAR04-T3,KXNFPROD,KXNFPROD-27MAR04,Will U.S. nonfarm productivity YoY in any quarter for 2026 be above 3%?,Above 3%,jobs_growth,active,US_or_global_US_relevant_proxy,2026-09-08T15:07:00Z,usable,2026-09-08T09:00:00Z,6.116666666666666,0.485,0.46,0.51,0.04999999999999999,5015.13,bar_age_only_actual_quote_update_time_unavailable
KXNGDPQ-26Q2-C3.5,KXNGDPQ,KXNGDPQ-26Q2,Will nominal U.S. GDP growth be above 3.5% in Q2 2026?,Above 3.5%,jobs_growth,finalized,US_or_global_US_relevant_proxy,,closed_before_frozen_asof,,,,,,,,
KXNGDPQ-26-C3.0,KXNGDPQ,KXNGDPQ-26Q2,Will nominal U.S. GDP growth be above 3.0% in Q2 2026?,Above 3.0%,jobs_growth,finalized,US_or_global_US_relevant_proxy,,closed_before_frozen_asof,,,,,,,,
KXNGDPQ-26Q2-C2.5,KXNGDPQ,KXNGDPQ-26Q2,Will nominal U.S. GDP growth be above 2.5% in Q2 2026?,Above 2.5%,jobs_growth,finalized,US_or_global_US_relevant_proxy,,closed_before_frozen_asof,,,,,,,,
KXNGDPQ-26Q2-C2.0,KXNGDPQ,KXNGDPQ-26Q2,Will nominal U.S. GDP growth be above 2.0% in Q2 2026?,Above 2.0%,jobs_growth,finalized,US_or_global_US_relevant_proxy,,closed_before_frozen_asof,,,,,,,,
KXNGDPQ-26Q2-C1.5,KXNGDPQ,KXNGDPQ-26Q2,Will nominal U.S. GDP growth be above 1.5% in Q2 2026?,Above 1.5%,jobs_growth,finalized,US_or_global_US_relevant_proxy,,closed_before_frozen_asof,,,,,,,,
KXNGDPQ-26Q2-C1.0,KXNGDPQ,KXNGDPQ-26Q2,Will nominal U.S. GDP growth be above 1.0% in Q2 2026?,Above 1.0%,jobs_growth,finalized,US_or_global_US_relevant_proxy,,closed_before_frozen_asof,,,,,,,,
KXNGDPQ-26Q2-C0.5,KXNGDPQ,KXNGDPQ-26Q2,Will nominal U.S. GDP growth be above 0.5% in Q2 2026?,Above 0.5%,jobs_growth,finalized,US_or_global_US_relevant_proxy,,closed_before_frozen_asof,,,,,,,,
KXNHSALES-26JUN24-T700000,KXNHSALES,KXNHSALES-26JUN24,"Will US new home sales for May 2026 be above 700,000?","Above 700,000",housing,finalized,US_or_global_US_relevant_proxy,,closed_before_frozen_asof,,,,,,,,
KXNHSALES-26JUN24-T680000,KXNHSALES,KXNHSALES-26JUN24,"Will US new home sales for May 2026 be above 680,000?","Above 680,000",housing,finalized,US_or_global_US_relevant_proxy,,closed_before_frozen_asof,,,,,,,,
KXNHSALES-26JUN24-T660000,KXNHSALES,KXNHSALES-26JUN24,"Will US new home sales for May 2026 be above 660,000?","Above 660,000",housing,finalized,US_or_global_US_relevant_proxy,,closed_before_frozen_asof,,,,,,,,
KXNHSALES-26JUN24-T640000,KXNHSALES,KXNHSALES-26JUN24,"Will US new home sales for May 2026 be above 640,000?","Above 640,000",housing,finalized,US_or_global_US_relevant_proxy,,closed_before_frozen_asof,,,,,,,,
KXNHSALES-26JUN24-T620000,KXNHSALES,KXNHSALES-26JUN24,"Will US new home sales for May 2026 be above 620,000?","Above 620,000",housing,finalized,US_or_global_US_relevant_proxy,,closed_before_frozen_asof,,,,,,,,
KXNHSALES-26JUN24-T600000,KXNHSALES,KXNHSALES-26JUN24,"Will US new home sales for May 2026 be above 600,000?","Above 600,000",housing,finalized,US_or_global_US_relevant_proxy,,closed_before_frozen_asof,,,,,,,,
KXNHSALES-26JUN24-T580000,KXNHSALES,KXNHSALES-26JUN24,"Will US new home sales for May 2026 be above 580,000?","Above 580,000",housing,finalized,US_or_global_US_relevant_proxy,,closed_before_frozen_asof,,,,,,,,
KXNHSALES-26JUN24-T560000,KXNHSALES,KXNHSALES-26JUN24,"Will US new home sales for May 2026 be above 560,000?","Above 560,000",housing,finalized,US_or_global_US_relevant_proxy,,closed_before_frozen_asof,,,,,,,,
KXNHSALES-26SEP24-T680000,KXNHSALES,KXNHSALES-26SEP24,"Will US new home sales for August 2026 be above 680,000?","Above 680,000",housing,active,US_or_global_US_relevant_proxy,2026-09-08T15:07:00Z,stale_observation,2026-09-04T20:00:00Z,91.11666666666666,,,,,,
KXNHSALES-26SEP24-T660000,KXNHSALES,KXNHSALES-26SEP24,"Will US new home sales for August 2026 be above 660,000?","Above 660,000",housing,active,US_or_global_US_relevant_proxy,2026-09-08T15:07:00Z,stale_observation,2026-09-04T21:00:00Z,90.11666666666666,,,,,,
KXNHSALES-26SEP24-T640000,KXNHSALES,KXNHSALES-26SEP24,"Will US new home sales for August 2026 be above 640,000?","Above 640,000",housing,active,US_or_global_US_relevant_proxy,2026-09-08T15:07:00Z,stale_observation,2026-09-04T21:00:00Z,90.11666666666666,,,,,,
KXNHSALES-26SEP24-T620000,KXNHSALES,KXNHSALES-26SEP24,"Will US new home sales for August 2026 be above 620,000?","Above 620,000",housing,active,US_or_global_US_relevant_proxy,2026-09-08T15:07:00Z,stale_observation,2026-09-07T08:00:00Z,31.116666666666667,,,,,,
KXNHSALES-26SEP24-T600000,KXNHSALES,KXNHSALES-26SEP24,"Will US new home sales for August 2026 be above 600,000?","Above 600,000",housing,active,US_or_global_US_relevant_proxy,2026-09-08T15:07:00Z,stale_observation,2026-09-07T00:00:00Z,39.11666666666667,,,,,,
KXNHSALES-26SEP24-T580000,KXNHSALES,KXNHSALES-26SEP24,"Will US new home sales for August 2026 be above 580,000?","Above 580,000",housing,active,US_or_global_US_relevant_proxy,2026-09-08T15:07:00Z,stale_observation,2026-09-07T00:00:00Z,39.11666666666667,,,,,,
KXNHSALES-26SEP24-T560000,KXNHSALES,KXNHSALES-26SEP24,"Will US new home sales for August 2026 be above 560,000?","Above 560,000",housing,active,US_or_global_US_relevant_proxy,2026-09-08T15:07:00Z,stale_observation,2026-09-07T00:00:00Z,39.11666666666667,,,,,,
KXNHSALES-26SEP24-T540000,KXNHSALES,KXNHSALES-26SEP24,"Will US new home sales for August 2026 be above 540,000?","Above 540,000",housing,active,US_or_global_US_relevant_proxy,2026-09-08T15:07:00Z,usable,2026-09-08T09:00:00Z,6.116666666666666,0.9550000000000001,0.93,0.98,0.04999999999999993,20.0,bar_age_only_actual_quote_update_time_unavailable
KXNHSALES-26AUG25-T700000,KXNHSALES,KXNHSALES-26AUG25,"Will US new home sales for July 2026 be above 700,000?","Above 700,000",housing,finalized,US_or_global_US_relevant_proxy,,closed_before_frozen_asof,,,,,,,,
KXNHSALES-26AUG25-T680000,KXNHSALES,KXNHSALES-26AUG25,"Will US new home sales for July 2026 be above 680,000?","Above 680,000",housing,finalized,US_or_global_US_relevant_proxy,,closed_before_frozen_asof,,,,,,,,
KXNHSALES-26AUG25-T660000,KXNHSALES,KXNHSALES-26AUG25,"Will US new home sales for July 2026 be above 660,000?","Above 660,000",housing,finalized,US_or_global_US_relevant_proxy,,closed_before_frozen_asof,,,,,,,,
KXNHSALES-26AUG25-T640000,KXNHSALES,KXNHSALES-26AUG25,"Will US new home sales for July 2026 be above 640,000?","Above 640,000",housing,finalized,US_or_global_US_relevant_proxy,,closed_before_frozen_asof,,,,,,,,
KXNHSALES-26AUG25-T620000,KXNHSALES,KXNHSALES-26AUG25,"Will US new home sales for July 2026 be above 620,000?","Above 620,000",housing,finalized,US_or_global_US_relevant_proxy,,closed_before_frozen_asof,,,,,,,,
KXNHSALES-26AUG25-T600000,KXNHSALES,KXNHSALES-26AUG25,"Will US new home sales for July 2026 be above 600,000?","Above 600,000",housing,finalized,US_or_global_US_relevant_proxy,,closed_before_frozen_asof,,,,,,,,
KXNHSALES-26AUG25-T580000,KXNHSALES,KXNHSALES-26AUG25,"Will US new home sales for July 2026 be above 580,000?","Above 580,000",housing,finalized,US_or_global_US_relevant_proxy,,closed_before_frozen_asof,,,,,,,,
KXNHSALES-26AUG25-T560000,KXNHSALES,KXNHSALES-26AUG25,"Will US new home sales for July 2026 be above 560,000?","Above 560,000",housing,finalized,US_or_global_US_relevant_proxy,,closed_before_frozen_asof,,,,,,,,
KXNHSALES-26JUL24-T660000,KXNHSALES,KXNHSALES-26JUL24,"Will US new home sales for June 2026 be above 660,000?","Above 660,000",housing,finalized,US_or_global_US_relevant_proxy,,closed_before_frozen_asof,,,,,,,,
KXNHSALES-26JUL24-T640000,KXNHSALES,KXNHSALES-26JUL24,"Will US new home sales for June 2026 be above 640,000?","Above 640,000",housing,finalized,US_or_global_US_relevant_proxy,,closed_before_frozen_asof,,,,,,,,
KXNHSALES-26JUL24-T620000,KXNHSALES,KXNHSALES-26JUL24,"Will US new home sales for June 2026 be above 620,000?","Above 620,000",housing,finalized,US_or_global_US_relevant_proxy,,closed_before_frozen_asof,,,,,,,,
KXNHSALES-26JUL24-T600000,KXNHSALES,KXNHSALES-26JUL24,"Will US new home sales for June 2026 be above 600,000?","Above 600,000",housing,finalized,US_or_global_US_relevant_proxy,,closed_before_frozen_asof,,,,,,,,
KXNHSALES-26JUL24-T580000,KXNHSALES,KXNHSALES-26JUL24,"Will US new home sales for June 2026 be above 580,000?","Above 580,000",housing,finalized,US_or_global_US_relevant_proxy,,closed_before_frozen_asof,,,,,,,,
KXNHSALES-26JUL24-T560000,KXNHSALES,KXNHSALES-26JUL24,"Will US new home sales for June 2026 be above 560,000?","Above 560,000",housing,finalized,US_or_global_US_relevant_proxy,,closed_before_frozen_asof,,,,,,,,
KXNHSALES-26JUL24-T540000,KXNHSALES,KXNHSALES-26JUL24,"Will US new home sales for June 2026 be above 540,000?","Above 540,000",housing,finalized,US_or_global_US_relevant_proxy,,closed_before_frozen_asof,,,,,,,,
KXNHSALES-26JUL24-T520000,KXNHSALES,KXNHSALES-26JUL24,"Will US new home sales for June 2026 be above 520,000?","Above 520,000",housing,finalized,US_or_global_US_relevant_proxy,,closed_before_frozen_asof,,,,,,,,
KXNOMGDPGROWTH-29JAN28-T6.0,KXNOMGDPGROWTH,KXNOMGDPGROWTH-29JAN28,Will annual percent change in U.S. current-dollar gross domestic product for 2028 be above 6.0%?,Above 6.0%,jobs_growth,active,US_or_global_US_relevant_proxy,2026-09-08T15:07:00Z,stale_observation,2026-09-04T20:00:00Z,91.11666666666666,,,,,,
KXNOMGDPGROWTH-29JAN28-T5.5,KXNOMGDPGROWTH,KXNOMGDPGROWTH-29JAN28,Will annual percent change in U.S. current-dollar gross domestic product for 2028 be above 5.5%?,Above 5.5%,jobs_growth,active,US_or_global_US_relevant_proxy,2026-09-08T15:07:00Z,stale_observation,2026-09-04T20:00:00Z,91.11666666666666,,,,,,
KXNOMGDPGROWTH-29JAN28-T5.0,KXNOMGDPGROWTH,KXNOMGDPGROWTH-29JAN28,Will annual percent change in U.S. current-dollar gross domestic product for 2028 be above 5.0%?,Above 5.0%,jobs_growth,active,US_or_global_US_relevant_proxy,2026-09-08T15:07:00Z,stale_observation,2026-09-04T20:00:00Z,91.11666666666666,,,,,,
KXNOMGDPGROWTH-29JAN28-T4.5,KXNOMGDPGROWTH,KXNOMGDPGROWTH-29JAN28,Will annual percent change in U.S. current-dollar gross domestic product for 2028 be above 4.5%?,Above 4.5%,jobs_growth,active,US_or_global_US_relevant_proxy,2026-09-08T15:07:00Z,stale_observation,2026-09-04T20:00:00Z,91.11666666666666,,,,,,
KXNOMGDPGROWTH-29JAN28-T4.0,KXNOMGDPGROWTH,KXNOMGDPGROWTH-29JAN28,Will annual percent change in U.S. current-dollar gross domestic product for 2028 be above 4.0%?,Above 4.0%,jobs_growth,active,US_or_global_US_relevant_proxy,2026-09-08T15:07:00Z,stale_observation,2026-09-04T20:00:00Z,91.11666666666666,,,,,,
KXNOMGDPGROWTH-29JAN28-T3.5,KXNOMGDPGROWTH,KXNOMGDPGROWTH-29JAN28,Will annual percent change in U.S. current-dollar gross domestic product for 2028 be above 3.5%?,Above 3.5%,jobs_growth,active,US_or_global_US_relevant_proxy,2026-09-08T15:07:00Z,stale_observation,2026-09-04T20:00:00Z,91.11666666666666,,,,,,
KXNOMGDPGROWTH-29JAN28-T3.0,KXNOMGDPGROWTH,KXNOMGDPGROWTH-29JAN28,Will annual percent change in U.S. current-dollar gross domestic product for 2028 be above 3.0%?,Above 3.0%,jobs_growth,active,US_or_global_US_relevant_proxy,2026-09-08T15:07:00Z,stale_observation,2026-09-04T20:00:00Z,91.11666666666666,,,,,,
KXNOMGDPGROWTH-29JAN28-T2.5,KXNOMGDPGROWTH,KXNOMGDPGROWTH-29JAN28,Will annual percent change in U.S. current-dollar gross domestic product for 2028 be above 2.5%?,Above 2.5%,jobs_growth,active,US_or_global_US_relevant_proxy,2026-09-08T15:07:00Z,stale_observation,2026-09-04T20:00:00Z,91.11666666666666,,,,,,
KXNOMGDPGROWTH-29JAN28-T2.0,KXNOMGDPGROWTH,KXNOMGDPGROWTH-29JAN28,Will annual percent change in U.S. current-dollar gross domestic product for 2028 be above 2.0%?,Above 2.0%,jobs_growth,active,US_or_global_US_relevant_proxy,2026-09-08T15:07:00Z,stale_observation,2026-09-04T20:00:00Z,91.11666666666666,,,,,,
KXNOMGDPGROWTH-29JAN28-T1.5,KXNOMGDPGROWTH,KXNOMGDPGROWTH-29JAN28,Will annual percent change in U.S. current-dollar gross domestic product for 2028 be above 1.5%?,Above 1.5%,jobs_growth,active,US_or_global_US_relevant_proxy,2026-09-08T15:07:00Z,stale_observation,2026-09-04T20:00:00Z,91.11666666666666,,,,,,
KXNOMGDPGROWTH-29JAN28-T1.0,KXNOMGDPGROWTH,KXNOMGDPGROWTH-29JAN28,Will annual percent change in U.S. current-dollar gross domestic product for 2028 be above 1.0%?,Above 1.0%,jobs_growth,active,US_or_global_US_relevant_proxy,2026-09-08T15:07:00Z,stale_observation,2026-09-04T20:00:00Z,91.11666666666666,,,,,,
KXNOMGDPGROWTH-29JAN28-T0.5,KXNOMGDPGROWTH,KXNOMGDPGROWTH-29JAN28,Will annual percent change in U.S. current-dollar gross domestic product for 2028 be above 0.5%?,Above 0.5%,jobs_growth,active,US_or_global_US_relevant_proxy,2026-09-08T15:07:00Z,stale_observation,2026-09-04T20:00:00Z,91.11666666666666,,,,,,
KXNOMGDPGROWTH-29JAN28-T0.0,KXNOMGDPGROWTH,KXNOMGDPGROWTH-29JAN28,Will annual percent change in U.S. current-dollar gross domestic product for 2028 be above 0.0%?,Above 0.0%,jobs_growth,active,US_or_global_US_relevant_proxy,2026-09-08T15:07:00Z,stale_observation,2026-09-04T20:00:00Z,91.11666666666666,,,,,,
KXNOMGDPGROWTH-28JAN28-T6.0,KXNOMGDPGROWTH,KXNOMGDPGROWTH-28JAN28,Will annual percent change in U.S. current-dollar gross domestic product for 2027 be above 6.0%?,Above 6.0%,jobs_growth,active,US_or_global_US_relevant_proxy,2026-09-08T15:07:00Z,stale_observation,2026-09-04T20:00:00Z,91.11666666666666,,,,,,
KXNOMGDPGROWTH-28JAN28-T5.5,KXNOMGDPGROWTH,KXNOMGDPGROWTH-28JAN28,Will annual percent change in U.S. current-dollar gross domestic product for 2027 be above 5.5%?,Above 5.5%,jobs_growth,active,US_or_global_US_relevant_proxy,2026-09-08T15:07:00Z,stale_observation,2026-09-04T20:00:00Z,91.11666666666666,,,,,,
KXNOMGDPGROWTH-28JAN28-T5.0,KXNOMGDPGROWTH,KXNOMGDPGROWTH-28JAN28,Will annual percent change in U.S. current-dollar gross domestic product for 2027 be above 5.0%?,Above 5.0%,jobs_growth,active,US_or_global_US_relevant_proxy,2026-09-08T15:07:00Z,stale_observation,2026-09-04T20:00:00Z,91.11666666666666,,,,,,
KXNOMGDPGROWTH-28JAN28-T4.5,KXNOMGDPGROWTH,KXNOMGDPGROWTH-28JAN28,Will annual percent change in U.S. current-dollar gross domestic product for 2027 be above 4.5%?,Above 4.5%,jobs_growth,active,US_or_global_US_relevant_proxy,2026-09-08T15:07:00Z,stale_observation,2026-09-04T20:00:00Z,91.11666666666666,,,,,,
KXNOMGDPGROWTH-28JAN28-T4.0,KXNOMGDPGROWTH,KXNOMGDPGROWTH-28JAN28,Will annual percent change in U.S. current-dollar gross domestic product for 2027 be above 4.0%?,Above 4.0%,jobs_growth,active,US_or_global_US_relevant_proxy,2026-09-08T15:07:00Z,stale_observation,2026-09-04T20:00:00Z,91.11666666666666,,,,,,
KXNOMGDPGROWTH-28JAN28-T3.5,KXNOMGDPGROWTH,KXNOMGDPGROWTH-28JAN28,Will annual percent change in U.S. current-dollar gross domestic product for 2027 be above 3.5%?,Above 3.5%,jobs_growth,active,US_or_global_US_relevant_proxy,2026-09-08T15:07:00Z,stale_observation,2026-09-04T20:00:00Z,91.11666666666666,,,,,,
KXNOMGDPGROWTH-28JAN28-T3.0,KXNOMGDPGROWTH,KXNOMGDPGROWTH-28JAN28,Will annual percent change in U.S. current-dollar gross domestic product for 2027 be above 3.0%?,Above 3.0%,jobs_growth,active,US_or_global_US_relevant_proxy,2026-09-08T15:07:00Z,stale_observation,2026-09-04T20:00:00Z,91.11666666666666,,,,,,
KXNOMGDPGROWTH-28JAN28-T2.5,KXNOMGDPGROWTH,KXNOMGDPGROWTH-28JAN28,Will annual percent change in U.S. current-dollar gross domestic product for 2027 be above 2.5%?,Above 2.5%,jobs_growth,active,US_or_global_US_relevant_proxy,2026-09-08T15:07:00Z,stale_observation,2026-09-04T20:00:00Z,91.11666666666666,,,,,,
KXNOMGDPGROWTH-28JAN28-T2.0,KXNOMGDPGROWTH,KXNOMGDPGROWTH-28JAN28,Will annual percent change in U.S. current-dollar gross domestic product for 2027 be above 2.0%?,Above 2.0%,jobs_growth,active,US_or_global_US_relevant_proxy,2026-09-08T15:07:00Z,stale_observation,2026-09-04T20:00:00Z,91.11666666666666,,,,,,
KXNOMGDPGROWTH-28JAN28-T1.5,KXNOMGDPGROWTH,KXNOMGDPGROWTH-28JAN28,Will annual percent change in U.S. current-dollar gross domestic product for 2027 be above 1.5%?,Above 1.5%,jobs_growth,active,US_or_global_US_relevant_proxy,2026-09-08T15:07:00Z,stale_observation,2026-09-04T20:00:00Z,91.11666666666666,,,,,,
KXNOMGDPGROWTH-28JAN28-T1.0,KXNOMGDPGROWTH,KXNOMGDPGROWTH-28JAN28,Will annual percent change in U.S. current-dollar gross domestic product for 2027 be above 1.0%?,Above 1.0%,jobs_growth,active,US_or_global_US_relevant_proxy,2026-09-08T15:07:00Z,stale_observation,2026-09-04T20:00:00Z,91.11666666666666,,,,,,
KXNOMGDPGROWTH-28JAN28-T0.5,KXNOMGDPGROWTH,KXNOMGDPGROWTH-28JAN28,Will annual percent change in U.S. current-dollar gross domestic product for 2027 be above 0.5%?,Above 0.5%,jobs_growth,active,US_or_global_US_relevant_proxy,2026-09-08T15:07:00Z,stale_observation,2026-09-04T20:00:00Z,91.11666666666666,,,,,,
KXNOMGDPGROWTH-28JAN28-T0.0,KXNOMGDPGROWTH,KXNOMGDPGROWTH-28JAN28,Will annual percent change in U.S. current-dollar gross domestic product for 2027 be above 0.0%?,Above 0.0%,jobs_growth,active,US_or_global_US_relevant_proxy,2026-09-08T15:07:00Z,stale_observation,2026-09-04T20:00:00Z,91.11666666666666,,,,,,
KXNOMGDPGROWTH-27JAN28-T6.0,KXNOMGDPGROWTH,KXNOMGDPGROWTH-27JAN28,Will annual percent change in U.S. current-dollar gross domestic product for 2026 be above 6.0%?,Above 6.0%,jobs_growth,active,US_or_global_US_relevant_proxy,2026-09-08T15:07:00Z,stale_observation,2026-09-04T20:00:00Z,91.11666666666666,,,,,,
KXNOMGDPGROWTH-27JAN28-T5.5,KXNOMGDPGROWTH,KXNOMGDPGROWTH-27JAN28,Will annual percent change in U.S. current-dollar gross domestic product for 2026 be above 5.5%?,Above 5.5%,jobs_growth,active,US_or_global_US_relevant_proxy,2026-09-08T15:07:00Z,usable,2026-09-08T09:00:00Z,6.116666666666666,0.835,0.79,0.88,0.08999999999999997,112.0,bar_age_only_actual_quote_update_time_unavailable
KXNOMGDPGROWTH-27JAN28-T5.0,KXNOMGDPGROWTH,KXNOMGDPGROWTH-27JAN28,Will annual percent change in U.S. current-dollar gross domestic product for 2026 be above 5.0%?,Above 5.0%,jobs_growth,active,US_or_global_US_relevant_proxy,2026-09-08T15:07:00Z,stale_observation,2026-09-04T20:00:00Z,91.11666666666666,,,,,,
KXNOMGDPGROWTH-27JAN28-T4.5,KXNOMGDPGROWTH,KXNOMGDPGROWTH-27JAN28,Will annual percent change in U.S. current-dollar gross domestic product for 2026 be above 4.5%?,Above 4.5%,jobs_growth,active,US_or_global_US_relevant_proxy,2026-09-08T15:07:00Z,usable,2026-09-08T09:00:00Z,6.116666666666666,0.9450000000000001,0.9,0.99,0.08999999999999997,490.03,bar_age_only_actual_quote_update_time_unavailable
KXNOMGDPGROWTH-27JAN28-T4.0,KXNOMGDPGROWTH,KXNOMGDPGROWTH-27JAN28,Will annual percent change in U.S. current-dollar gross domestic product for 2026 be above 4.0%?,Above 4.0%,jobs_growth,active,US_or_global_US_relevant_proxy,2026-09-08T15:07:00Z,stale_observation,2026-09-04T20:00:00Z,91.11666666666666,,,,,,
KXNOMGDPGROWTH-27JAN28-T3.5,KXNOMGDPGROWTH,KXNOMGDPGROWTH-27JAN28,Will annual percent change in U.S. current-dollar gross domestic product for 2026 be above 3.5%?,Above 3.5%,jobs_growth,active,US_or_global_US_relevant_proxy,2026-09-08T15:07:00Z,stale_observation,2026-09-04T20:00:00Z,91.11666666666666,,,,,,
KXNOMGDPGROWTH-27JAN28-T3.0,KXNOMGDPGROWTH,KXNOMGDPGROWTH-27JAN28,Will annual percent change in U.S. current-dollar gross domestic product for 2026 be above 3.0%?,Above 3.0%,jobs_growth,active,US_or_global_US_relevant_proxy,2026-09-08T15:07:00Z,stale_observation,2026-09-04T20:00:00Z,91.11666666666666,,,,,,
KXNOMGDPGROWTH-27JAN28-T2.5,KXNOMGDPGROWTH,KXNOMGDPGROWTH-27JAN28,Will annual percent change in U.S. current-dollar gross domestic product for 2026 be above 2.5%?,Above 2.5%,jobs_growth,active,US_or_global_US_relevant_proxy,2026-09-08T15:07:00Z,stale_observation,2026-09-04T20:00:00Z,91.11666666666666,,,,,,
KXNOMGDPGROWTH-27JAN28-T2.0,KXNOMGDPGROWTH,KXNOMGDPGROWTH-27JAN28,Will annual percent change in U.S. current-dollar gross domestic product for 2026 be above 2.0%?,Above 2.0%,jobs_growth,active,US_or_global_US_relevant_proxy,2026-09-08T15:07:00Z,stale_observation,2026-09-04T20:00:00Z,91.11666666666666,,,,,,
KXNOMGDPGROWTH-27JAN28-T1.5,KXNOMGDPGROWTH,KXNOMGDPGROWTH-27JAN28,Will annual percent change in U.S. current-dollar gross domestic product for 2026 be above 1.5%?,Above 1.5%,jobs_growth,active,US_or_global_US_relevant_proxy,2026-09-08T15:07:00Z,stale_observation,2026-09-04T20:00:00Z,91.11666666666666,,,,,,
KXNOMGDPGROWTH-27JAN28-T1.0,KXNOMGDPGROWTH,KXNOMGDPGROWTH-27JAN28,Will annual percent change in U.S. current-dollar gross domestic product for 2026 be above 1.0%?,Above 1.0%,jobs_growth,active,US_or_global_US_relevant_proxy,2026-09-08T15:07:00Z,stale_observation,2026-09-04T20:00:00Z,91.11666666666666,,,,,,
KXNOMGDPGROWTH-27JAN28-T0.5,KXNOMGDPGROWTH,KXNOMGDPGROWTH-27JAN28,Will annual percent change in U.S. current-dollar gross domestic product for 2026 be above 0.5%?,Above 0.5%,jobs_growth,active,US_or_global_US_relevant_proxy,2026-09-08T15:07:00Z,stale_observation,2026-09-04T20:00:00Z,91.11666666666666,,,,,,
KXNOMGDPGROWTH-27JAN28-T0.0,KXNOMGDPGROWTH,KXNOMGDPGROWTH-27JAN28,Will annual percent change in U.S. current-dollar gross domestic product for 2026 be above 0.0%?,Above 0.0%,jobs_growth,active,US_or_global_US_relevant_proxy,2026-09-08T15:07:00Z,stale_observation,2026-09-04T20:00:00Z,91.11666666666666,,,,,,
KXNOTE10-26JUN30-T4.601,KXNOTE10,KXNOTE10-26JUN30,"Will the yield of 10-year U.S. treasury notes be above 4.601 on Jun 30, 2026?",4.601% or above,fed_rates,finalized,US_or_global_US_relevant_proxy,,closed_before_frozen_asof,,,,,,,,
KXNOTE10-26JUN30-B4.55,KXNOTE10,KXNOTE10-26JUN30,"Will the yield of 10-year U.S. treasury notes be between 4.501 and 4.600 on Jun 30, 2026?",4.501% to 4.6%,fed_rates,finalized,US_or_global_US_relevant_proxy,,closed_before_frozen_asof,,,,,,,,
KXNOTE10-26JUN30-B4.45,KXNOTE10,KXNOTE10-26JUN30,"Will the yield of 10-year U.S. treasury notes be between 4.401 and 4.500 on Jun 30, 2026?",4.401% to 4.5%,fed_rates,finalized,US_or_global_US_relevant_proxy,,closed_before_frozen_asof,,,,,,,,
KXNOTE10-26JUN30-B4.35,KXNOTE10,KXNOTE10-26JUN30,"Will the yield of 10-year U.S. treasury notes be between 4.301 and 4.400 on Jun 30, 2026?",4.301% to 4.4%,fed_rates,finalized,US_or_global_US_relevant_proxy,,closed_before_frozen_asof,,,,,,,,
KXNOTE10-26JUN30-B4.25,KXNOTE10,KXNOTE10-26JUN30,"Will the yield of 10-year U.S. treasury notes be between 4.201 and 4.300 on Jun 30, 2026?",4.201% to 4.3%,fed_rates,finalized,US_or_global_US_relevant_proxy,,closed_before_frozen_asof,,,,,,,,
KXNOTE10-26JUN30-B4.15,KXNOTE10,KXNOTE10-26JUN30,"Will the yield of 10-year U.S. treasury notes be between 4.101 and 4.200 on Jun 30, 2026?",4.101% to 4.2%,fed_rates,finalized,US_or_global_US_relevant_proxy,,closed_before_frozen_asof,,,,,,,,
KXNOTE10-26JUN30-B4.05,KXNOTE10,KXNOTE10-26JUN30,"Will the yield of 10-year U.S. treasury notes be between 4.000 and 4.100 on Jun 30, 2026?",4% to 4.1%,fed_rates,finalized,US_or_global_US_relevant_proxy,,closed_before_frozen_asof,,,,,,,,
KXNOTE10-26MAY29-T4.35,KXNOTE10,KXNOTE10-26MAY29,Will the 10 year US Treasury yield end May 2026 above 4.35%?,4.35% or above,fed_rates,finalized,US_or_global_US_relevant_proxy,,closed_before_frozen_asof,,,,,,,,
KXPAYROLLS-26JUN-T175000,KXPAYROLLS,KXPAYROLLS-26JUN,Will above 175000 jobs be added in June 2026?,"Above 175,000",jobs_growth,finalized,US_or_global_US_relevant_proxy,,closed_before_frozen_asof,,,,,,,,
KXPAYROLLS-26JUN-T150000,KXPAYROLLS,KXPAYROLLS-26JUN,Will above 150000 jobs be added in June 2026?,"Above 150,000",jobs_growth,finalized,US_or_global_US_relevant_proxy,,closed_before_frozen_asof,,,,,,,,
KXPAYROLLS-26JUN-T90000,KXPAYROLLS,KXPAYROLLS-26JUN,Will above 90000 jobs be added in June 2026?,"Above 90,000",jobs_growth,finalized,US_or_global_US_relevant_proxy,,closed_before_frozen_asof,,,,,,,,
KXPAYROLLS-26JUN-T80000,KXPAYROLLS,KXPAYROLLS-26JUN,Will above 80000 jobs be added in June 2026?,"Above 80,000",jobs_growth,finalized,US_or_global_US_relevant_proxy,,closed_before_frozen_asof,,,,,,,,
KXPAYROLLS-26JUN-T70000,KXPAYROLLS,KXPAYROLLS-26JUN,Will above 70000 jobs be added in June 2026?,"Above 70,000",jobs_growth,finalized,US_or_global_US_relevant_proxy,,closed_before_frozen_asof,,,,,,,,
KXPAYROLLS-26JUN-T60000,KXPAYROLLS,KXPAYROLLS-26JUN,Will above 60000 jobs be added in June 2026?,"Above 60,000",jobs_growth,finalized,US_or_global_US_relevant_proxy,,closed_before_frozen_asof,,,,,,,,
KXPAYROLLS-26JUN-T50000,KXPAYROLLS,KXPAYROLLS-26JUN,Will above 50000 jobs be added in June 2026?,"Above 50,000",jobs_growth,finalized,US_or_global_US_relevant_proxy,,closed_before_frozen_asof,,,,,,,,
KXPAYROLLS-26JUN-T40000,KXPAYROLLS,KXPAYROLLS-26JUN,Will above 40000 jobs be added in June 2026?,"Above 40,000",jobs_growth,finalized,US_or_global_US_relevant_proxy,,closed_before_frozen_asof,,,,,,,,
KXPAYROLLS-26JUN-T30000,KXPAYROLLS,KXPAYROLLS-26JUN,Will above 30000 jobs be added in June 2026?,"Above 30,000",jobs_growth,finalized,US_or_global_US_relevant_proxy,,closed_before_frozen_asof,,,,,,,,
KXPAYROLLS-26JUN-T-25000,KXPAYROLLS,KXPAYROLLS-26JUN,Will above -25000 jobs be added in June 2026?,"Above -25,000",jobs_growth,finalized,US_or_global_US_relevant_proxy,,closed_before_frozen_asof,,,,,,,,
KXPAYROLLS-26JUN-T20000,KXPAYROLLS,KXPAYROLLS-26JUN,Will above 20000 jobs be added in June 2026?,"Above 20,000",jobs_growth,finalized,US_or_global_US_relevant_proxy,,closed_before_frozen_asof,,,,,,,,
KXPAYROLLS-26JUN-T125000,KXPAYROLLS,KXPAYROLLS-26JUN,Will above 125000 jobs be added in June 2026?,"Above 125,000",jobs_growth,finalized,US_or_global_US_relevant_proxy,,closed_before_frozen_asof,,,,,,,,
KXPAYROLLS-26JUN-T100000,KXPAYROLLS,KXPAYROLLS-26JUN,Will above 100000 jobs be added in June 2026?,"Above 100,000",jobs_growth,finalized,US_or_global_US_relevant_proxy,,closed_before_frozen_asof,,,,,,,,
KXPAYROLLS-26JUN-T10000,KXPAYROLLS,KXPAYROLLS-26JUN,Will above 10000 jobs be added in June 2026?,"Above 10,000",jobs_growth,finalized,US_or_global_US_relevant_proxy,,closed_before_frozen_asof,,,,,,,,
KXPAYROLLS-26JUN-T0,KXPAYROLLS,KXPAYROLLS-26JUN,Will above 0 jobs be added in June 2026?,Above 0,jobs_growth,finalized,US_or_global_US_relevant_proxy,,closed_before_frozen_asof,,,,,,,,
KXPAYROLLS-26AUG-T200000,KXPAYROLLS,KXPAYROLLS-26AUG,Will above 200000 jobs be added in August 2026?,"Above 200,000",jobs_growth,finalized,US_or_global_US_relevant_proxy,,closed_before_frozen_asof,,,,,,,,
KXPAYROLLS-26AUG-T175000,KXPAYROLLS,KXPAYROLLS-26AUG,Will above 175000 jobs be added in August 2026?,"Above 175,000",jobs_growth,finalized,US_or_global_US_relevant_proxy,,closed_before_frozen_asof,,,,,,,,
KXPAYROLLS-26AUG-T150000,KXPAYROLLS,KXPAYROLLS-26AUG,Will above 150000 jobs be added in August 2026?,"Above 150,000",jobs_growth,finalized,US_or_global_US_relevant_proxy,,closed_before_frozen_asof,,,,,,,,
KXPAYROLLS-26AUG-T-100000,KXPAYROLLS,KXPAYROLLS-26AUG,Will above -100000 jobs be added in August 2026?,"Above -100,000",jobs_growth,finalized,US_or_global_US_relevant_proxy,,closed_before_frozen_asof,,,,,,,,
KXPAYROLLS-26AUG-T-75000,KXPAYROLLS,KXPAYROLLS-26AUG,Will above -75000 jobs be added in August 2026?,"Above -75,000",jobs_growth,finalized,US_or_global_US_relevant_proxy,,closed_before_frozen_asof,,,,,,,,
KXPAYROLLS-26AUG-T-50000,KXPAYROLLS,KXPAYROLLS-26AUG,Will above -50000 jobs be added in August 2026?,"Above -50,000",jobs_growth,finalized,US_or_global_US_relevant_proxy,,closed_before_frozen_asof,,,,,,,,
KXPAYROLLS-26NOV-T90000,KXPAYROLLS,KXPAYROLLS-26NOV,Will above 90000 jobs be added in November 2026?,"Above 90,000",jobs_growth,active,US_or_global_US_relevant_proxy,2026-09-08T15:07:00Z,usable,2026-09-08T15:00:00Z,0.11666666666666667,0.38,0.33,0.43,0.09999999999999998,106.1,bar_age_only_actual_quote_update_time_unavailable
KXPAYROLLS-26NOV-T80000,KXPAYROLLS,KXPAYROLLS-26NOV,Will above 80000 jobs be added in November 2026?,"Above 80,000",jobs_growth,active,US_or_global_US_relevant_proxy,2026-09-08T15:07:00Z,usable,2026-09-08T15:00:00Z,0.11666666666666667,0.435,0.39,0.48,0.08999999999999997,117.0,bar_age_only_actual_quote_update_time_unavailable
KXPAYROLLS-26NOV-T70000,KXPAYROLLS,KXPAYROLLS-26NOV,Will above 70000 jobs be added in November 2026?,"Above 70,000",jobs_growth,active,US_or_global_US_relevant_proxy,2026-09-08T15:07:00Z,usable,2026-09-08T15:00:00Z,0.11666666666666667,0.51,0.46,0.56,0.10000000000000003,42.0,bar_age_only_actual_quote_update_time_unavailable
KXPAYROLLS-26NOV-T60000,KXPAYROLLS,KXPAYROLLS-26NOV,Will above 60000 jobs be added in November 2026?,"Above 60,000",jobs_growth,active,US_or_global_US_relevant_proxy,2026-09-08T15:07:00Z,usable,2026-09-08T15:00:00Z,0.11666666666666667,0.5700000000000001,0.52,0.62,0.09999999999999998,138.68,bar_age_only_actual_quote_update_time_unavailable
KXPAYROLLS-26NOV-T50000,KXPAYROLLS,KXPAYROLLS-26NOV,Will above 50000 jobs be added in November 2026?,"Above 50,000",jobs_growth,active,US_or_global_US_relevant_proxy,2026-09-08T15:07:00Z,usable,2026-09-08T15:00:00Z,0.11666666666666667,0.62,0.57,0.67,0.10000000000000009,99.06,bar_age_only_actual_quote_update_time_unavailable
KXPAYROLLS-26NOV-T40000,KXPAYROLLS,KXPAYROLLS-26NOV,Will above 40000 jobs be added in November 2026?,"Above 40,000",jobs_growth,active,US_or_global_US_relevant_proxy,2026-09-08T15:07:00Z,usable,2026-09-08T15:00:00Z,0.11666666666666667,0.6499999999999999,0.6,0.7,0.09999999999999998,7.45,bar_age_only_actual_quote_update_time_unavailable
KXPAYROLLS-26NOV-T30000,KXPAYROLLS,KXPAYROLLS-26NOV,Will above 30000 jobs be added in November 2026?,"Above 30,000",jobs_growth,active,US_or_global_US_relevant_proxy,2026-09-08T15:07:00Z,usable,2026-09-08T15:00:00Z,0.11666666666666667,0.655,0.64,0.67,0.030000000000000027,133.88,bar_age_only_actual_quote_update_time_unavailable
KXPAYROLLS-26NOV-T-25000,KXPAYROLLS,KXPAYROLLS-26NOV,Will above -25000 jobs be added in November 2026?,"Above -25,000",jobs_growth,active,US_or_global_US_relevant_proxy,2026-09-08T15:07:00Z,usable,2026-09-08T15:00:00Z,0.11666666666666667,0.85,0.83,0.87,0.040000000000000036,69.07,bar_age_only_actual_quote_update_time_unavailable
KXPAYROLLS-26NOV-T20000,KXPAYROLLS,KXPAYROLLS-26NOV,Will above 20000 jobs be added in November 2026?,"Above 20,000",jobs_growth,active,US_or_global_US_relevant_proxy,2026-09-08T15:07:00Z,usable,2026-09-08T15:00:00Z,0.11666666666666667,0.73,0.68,0.78,0.09999999999999998,91.0,bar_age_only_actual_quote_update_time_unavailable
KXPAYROLLS-26NOV-T125000,KXPAYROLLS,KXPAYROLLS-26NOV,Will above 125000 jobs be added in November 2026?,"Above 125,000",jobs_growth,active,US_or_global_US_relevant_proxy,2026-09-08T15:07:00Z,usable,2026-09-08T15:00:00Z,0.11666666666666667,0.2,0.15,0.25,0.1,177.0,bar_age_only_actual_quote_update_time_unavailable
KXPAYROLLS-26NOV-T100000,KXPAYROLLS,KXPAYROLLS-26NOV,Will above 100000 jobs be added in November 2026?,"Above 100,000",jobs_growth,active,US_or_global_US_relevant_proxy,2026-09-08T15:07:00Z,usable,2026-09-08T15:00:00Z,0.11666666666666667,0.33,0.28,0.38,0.09999999999999998,12.0,bar_age_only_actual_quote_update_time_unavailable
KXPAYROLLS-26NOV-T10000,KXPAYROLLS,KXPAYROLLS-26NOV,Will above 10000 jobs be added in November 2026?,"Above 10,000",jobs_growth,active,US_or_global_US_relevant_proxy,2026-09-08T15:07:00Z,usable,2026-09-08T15:00:00Z,0.11666666666666667,0.76,0.71,0.81,0.10000000000000009,88.78,bar_age_only_actual_quote_update_time_unavailable
KXPAYROLLS-26NOV-T0,KXPAYROLLS,KXPAYROLLS-26NOV,Will above 0 jobs be added in November 2026?,Above 0,jobs_growth,active,US_or_global_US_relevant_proxy,2026-09-08T15:07:00Z,usable,2026-09-08T15:00:00Z,0.11666666666666667,0.79,0.74,0.84,0.09999999999999998,251.44,bar_age_only_actual_quote_update_time_unavailable
KXPAYROLLS-26OCT-T90000,KXPAYROLLS,KXPAYROLLS-26OCT,Will above 90000 jobs be added in October 2026?,"Above 90,000",jobs_growth,active,US_or_global_US_relevant_proxy,2026-09-08T15:07:00Z,usable,2026-09-08T15:00:00Z,0.11666666666666667,0.385,0.35,0.42,0.07,75.0,bar_age_only_actual_quote_update_time_unavailable
KXPAYROLLS-26OCT-T80000,KXPAYROLLS,KXPAYROLLS-26OCT,Will above 80000 jobs be added in October 2026?,"Above 80,000",jobs_growth,active,US_or_global_US_relevant_proxy,2026-09-08T15:07:00Z,usable,2026-09-08T15:00:00Z,0.11666666666666667,0.42,0.37,0.47,0.09999999999999998,1.0,bar_age_only_actual_quote_update_time_unavailable
KXPAYROLLS-26OCT-T70000,KXPAYROLLS,KXPAYROLLS-26OCT,Will above 70000 jobs be added in October 2026?,"Above 70,000",jobs_growth,active,US_or_global_US_relevant_proxy,2026-09-08T15:07:00Z,usable,2026-09-08T15:00:00Z,0.11666666666666667,0.47,0.42,0.52,0.10000000000000003,4.0,bar_age_only_actual_quote_update_time_unavailable
KXPAYROLLS-26OCT-T60000,KXPAYROLLS,KXPAYROLLS-26OCT,Will above 60000 jobs be added in October 2026?,"Above 60,000",jobs_growth,active,US_or_global_US_relevant_proxy,2026-09-08T15:07:00Z,usable,2026-09-08T15:00:00Z,0.11666666666666667,0.53,0.48,0.58,0.09999999999999998,22.0,bar_age_only_actual_quote_update_time_unavailable
KXPAYROLLS-26OCT-T50000,KXPAYROLLS,KXPAYROLLS-26OCT,Will above 50000 jobs be added in October 2026?,"Above 50,000",jobs_growth,active,US_or_global_US_relevant_proxy,2026-09-08T15:07:00Z,usable,2026-09-08T15:00:00Z,0.11666666666666667,0.5700000000000001,0.52,0.62,0.09999999999999998,41.0,bar_age_only_actual_quote_update_time_unavailable
KXPAYROLLS-26OCT-T40000,KXPAYROLLS,KXPAYROLLS-26OCT,Will above 40000 jobs be added in October 2026?,"Above 40,000",jobs_growth,active,US_or_global_US_relevant_proxy,2026-09-08T15:07:00Z,usable,2026-09-08T15:00:00Z,0.11666666666666667,0.62,0.57,0.67,0.10000000000000009,110.0,bar_age_only_actual_quote_update_time_unavailable
KXPAYROLLS-26OCT-T30000,KXPAYROLLS,KXPAYROLLS-26OCT,Will above 30000 jobs be added in October 2026?,"Above 30,000",jobs_growth,active,US_or_global_US_relevant_proxy,2026-09-08T15:07:00Z,usable,2026-09-08T15:00:00Z,0.11666666666666667,0.6699999999999999,0.62,0.72,0.09999999999999998,50.0,bar_age_only_actual_quote_update_time_unavailable
KXPAYROLLS-26OCT-T-25000,KXPAYROLLS,KXPAYROLLS-26OCT,Will above -25000 jobs be added in October 2026?,"Above -25,000",jobs_growth,active,US_or_global_US_relevant_proxy,2026-09-08T15:07:00Z,usable,2026-09-08T15:00:00Z,0.11666666666666667,0.855,0.81,0.9,0.08999999999999997,387.03,bar_age_only_actual_quote_update_time_unavailable
KXPAYROLLS-26OCT-T20000,KXPAYROLLS,KXPAYROLLS-26OCT,Will above 20000 jobs be added in October 2026?,"Above 20,000",jobs_growth,active,US_or_global_US_relevant_proxy,2026-09-08T15:07:00Z,usable,2026-09-08T15:00:00Z,0.11666666666666667,0.69,0.64,0.74,0.09999999999999998,50.0,bar_age_only_actual_quote_update_time_unavailable
KXPAYROLLS-26OCT-T125000,KXPAYROLLS,KXPAYROLLS-26OCT,Will above 125000 jobs be added in October 2026?,"Above 125,000",jobs_growth,active,US_or_global_US_relevant_proxy,2026-09-08T15:07:00Z,usable,2026-09-08T15:00:00Z,0.11666666666666667,0.22000000000000003,0.17,0.27,0.1,209.0,bar_age_only_actual_quote_update_time_unavailable
KXPAYROLLS-26OCT-T100000,KXPAYROLLS,KXPAYROLLS-26OCT,Will above 100000 jobs be added in October 2026?,"Above 100,000",jobs_growth,active,US_or_global_US_relevant_proxy,2026-09-08T15:07:00Z,usable,2026-09-08T15:00:00Z,0.11666666666666667,0.31,0.26,0.36,0.09999999999999998,10.18,bar_age_only_actual_quote_update_time_unavailable
KXPAYROLLS-26OCT-T10000,KXPAYROLLS,KXPAYROLLS-26OCT,Will above 10000 jobs be added in October 2026?,"Above 10,000",jobs_growth,active,US_or_global_US_relevant_proxy,2026-09-08T15:07:00Z,usable,2026-09-08T15:00:00Z,0.11666666666666667,0.73,0.68,0.78,0.09999999999999998,50.0,bar_age_only_actual_quote_update_time_unavailable
KXPAYROLLS-26OCT-T0,KXPAYROLLS,KXPAYROLLS-26OCT,Will above 0 jobs be added in October 2026?,Above 0,jobs_growth,active,US_or_global_US_relevant_proxy,2026-09-08T15:07:00Z,usable,2026-09-08T15:00:00Z,0.11666666666666667,0.78,0.74,0.82,0.07999999999999996,451.76,bar_age_only_actual_quote_update_time_unavailable
KXPAYROLLS-26SEP-T90000,KXPAYROLLS,KXPAYROLLS-26SEP,Will above 90000 jobs be added in September 2026?,"Above 90,000",jobs_growth,active,US_or_global_US_relevant_proxy,2026-09-08T15:07:00Z,usable,2026-09-08T15:00:00Z,0.11666666666666667,0.31,0.3,0.32,0.020000000000000018,361.65,bar_age_only_actual_quote_update_time_unavailable
KXPAYROLLS-26SEP-T80000,KXPAYROLLS,KXPAYROLLS-26SEP,Will above 80000 jobs be added in September 2026?,"Above 80,000",jobs_growth,active,US_or_global_US_relevant_proxy,2026-09-08T15:07:00Z,usable,2026-09-08T14:00:00Z,1.1166666666666667,0.33499999999999996,0.32,0.35,0.02999999999999997,165.66,bar_age_only_actual_quote_update_time_unavailable
KXPAYROLLS-26SEP-T70000,KXPAYROLLS,KXPAYROLLS-26SEP,Will above 70000 jobs be added in September 2026?,"Above 70,000",jobs_growth,active,US_or_global_US_relevant_proxy,2026-09-08T15:07:00Z,usable,2026-09-08T15:00:00Z,0.11666666666666667,0.405,0.39,0.42,0.02999999999999997,492.9,bar_age_only_actual_quote_update_time_unavailable
KXPAYROLLS-26SEP-T60000,KXPAYROLLS,KXPAYROLLS-26SEP,Will above 60000 jobs be added in September 2026?,"Above 60,000",jobs_growth,active,US_or_global_US_relevant_proxy,2026-09-08T15:07:00Z,usable,2026-09-08T15:00:00Z,0.11666666666666667,0.545,0.54,0.55,0.010000000000000009,1004.54,bar_age_only_actual_quote_update_time_unavailable
KXPAYROLLS-26SEP-T50000,KXPAYROLLS,KXPAYROLLS-26SEP,Will above 50000 jobs be added in September 2026?,"Above 50,000",jobs_growth,active,US_or_global_US_relevant_proxy,2026-09-08T15:07:00Z,usable,2026-09-08T15:00:00Z,0.11666666666666667,0.565,0.55,0.58,0.029999999999999916,456.6,bar_age_only_actual_quote_update_time_unavailable
KXPAYROLLS-26SEP-T40000,KXPAYROLLS,KXPAYROLLS-26SEP,Will above 40000 jobs be added in September 2026?,"Above 40,000",jobs_growth,active,US_or_global_US_relevant_proxy,2026-09-08T15:07:00Z,usable,2026-09-08T15:00:00Z,0.11666666666666667,0.6799999999999999,0.67,0.69,0.019999999999999907,493.71,bar_age_only_actual_quote_update_time_unavailable
KXPAYROLLS-26SEP-T30000,KXPAYROLLS,KXPAYROLLS-26SEP,Will above 30000 jobs be added in September 2026?,"Above 30,000",jobs_growth,active,US_or_global_US_relevant_proxy,2026-09-08T15:07:00Z,usable,2026-09-08T14:00:00Z,1.1166666666666667,0.69,0.68,0.7,0.019999999999999907,426.56,bar_age_only_actual_quote_update_time_unavailable
KXPAYROLLS-26SEP-T-25000,KXPAYROLLS,KXPAYROLLS-26SEP,Will above -25000 jobs be added in September 2026?,"Above -25,000",jobs_growth,active,US_or_global_US_relevant_proxy,2026-09-08T15:07:00Z,usable,2026-09-08T15:00:00Z,0.11666666666666667,0.9299999999999999,0.92,0.94,0.019999999999999907,394.9,bar_age_only_actual_quote_update_time_unavailable
KXPAYROLLS-26SEP-T20000,KXPAYROLLS,KXPAYROLLS-26SEP,Will above 20000 jobs be added in September 2026?,"Above 20,000",jobs_growth,active,US_or_global_US_relevant_proxy,2026-09-08T15:07:00Z,usable,2026-09-08T14:00:00Z,1.1166666666666667,0.775,0.77,0.78,0.010000000000000009,269.3,bar_age_only_actual_quote_update_time_unavailable
KXPAYROLLS-26SEP-T125000,KXPAYROLLS,KXPAYROLLS-26SEP,Will above 125000 jobs be added in September 2026?,"Above 125,000",jobs_growth,active,US_or_global_US_relevant_proxy,2026-09-08T15:07:00Z,usable,2026-09-08T15:00:00Z,0.11666666666666667,0.15000000000000002,0.13,0.17,0.04000000000000001,2533.49,bar_age_only_actual_quote_update_time_unavailable
KXPAYROLLS-26SEP-T100000,KXPAYROLLS,KXPAYROLLS-26SEP,Will above 100000 jobs be added in September 2026?,"Above 100,000",jobs_growth,active,US_or_global_US_relevant_proxy,2026-09-08T15:07:00Z,usable,2026-09-08T12:00:00Z,3.1166666666666667,0.25,0.24,0.26,0.020000000000000018,2832.91,bar_age_only_actual_quote_update_time_unavailable
KXPAYROLLS-26SEP-T10000,KXPAYROLLS,KXPAYROLLS-26SEP,Will above 10000 jobs be added in September 2026?,"Above 10,000",jobs_growth,active,US_or_global_US_relevant_proxy,2026-09-08T15:07:00Z,usable,2026-09-08T13:00:00Z,2.1166666666666667,0.825,0.82,0.83,0.010000000000000009,629.79,bar_age_only_actual_quote_update_time_unavailable
KXPAYROLLS-26SEP-T0,KXPAYROLLS,KXPAYROLLS-26SEP,Will above 0 jobs be added in September 2026?,Above 0,jobs_growth,active,US_or_global_US_relevant_proxy,2026-09-08T15:07:00Z,usable,2026-09-08T12:00:00Z,3.1166666666666667,0.855,0.85,0.86,0.010000000000000009,1092.88,bar_age_only_actual_quote_update_time_unavailable
KXPAYROLLS-26AUG-T90000,KXPAYROLLS,KXPAYROLLS-26AUG,Will above 90000 jobs be added in August 2026?,"Above 90,000",jobs_growth,finalized,US_or_global_US_relevant_proxy,,closed_before_frozen_asof,,,,,,,,
KXPAYROLLS-26AUG-T80000,KXPAYROLLS,KXPAYROLLS-26AUG,Will above 80000 jobs be added in August 2026?,"Above 80,000",jobs_growth,finalized,US_or_global_US_relevant_proxy,,closed_before_frozen_asof,,,,,,,,
KXPAYROLLS-26AUG-T70000,KXPAYROLLS,KXPAYROLLS-26AUG,Will above 70000 jobs be added in August 2026?,"Above 70,000",jobs_growth,finalized,US_or_global_US_relevant_proxy,,closed_before_frozen_asof,,,,,,,,
KXPAYROLLS-26AUG-T60000,KXPAYROLLS,KXPAYROLLS-26AUG,Will above 60000 jobs be added in August 2026?,"Above 60,000",jobs_growth,finalized,US_or_global_US_relevant_proxy,,closed_before_frozen_asof,,,,,,,,
KXPAYROLLS-26AUG-T50000,KXPAYROLLS,KXPAYROLLS-26AUG,Will above 50000 jobs be added in August 2026?,"Above 50,000",jobs_growth,finalized,US_or_global_US_relevant_proxy,,closed_before_frozen_asof,,,,,,,,
KXPAYROLLS-26AUG-T40000,KXPAYROLLS,KXPAYROLLS-26AUG,Will above 40000 jobs be added in August 2026?,"Above 40,000",jobs_growth,finalized,US_or_global_US_relevant_proxy,,closed_before_frozen_asof,,,,,,,,
KXPAYROLLS-26AUG-T30000,KXPAYROLLS,KXPAYROLLS-26AUG,Will above 30000 jobs be added in August 2026?,"Above 30,000",jobs_growth,finalized,US_or_global_US_relevant_proxy,,closed_before_frozen_asof,,,,,,,,
KXPAYROLLS-26AUG-T-25000,KXPAYROLLS,KXPAYROLLS-26AUG,Will above -25000 jobs be added in August 2026?,"Above -25,000",jobs_growth,finalized,US_or_global_US_relevant_proxy,,closed_before_frozen_asof,,,,,,,,
KXPAYROLLS-26AUG-T20000,KXPAYROLLS,KXPAYROLLS-26AUG,Will above 20000 jobs be added in August 2026?,"Above 20,000",jobs_growth,finalized,US_or_global_US_relevant_proxy,,closed_before_frozen_asof,,,,,,,,
KXPAYROLLS-26AUG-T125000,KXPAYROLLS,KXPAYROLLS-26AUG,Will above 125000 jobs be added in August 2026?,"Above 125,000",jobs_growth,finalized,US_or_global_US_relevant_proxy,,closed_before_frozen_asof,,,,,,,,
KXPAYROLLS-26AUG-T100000,KXPAYROLLS,KXPAYROLLS-26AUG,Will above 100000 jobs be added in August 2026?,"Above 100,000",jobs_growth,finalized,US_or_global_US_relevant_proxy,,closed_before_frozen_asof,,,,,,,,
KXPAYROLLS-26AUG-T10000,KXPAYROLLS,KXPAYROLLS-26AUG,Will above 10000 jobs be added in August 2026?,"Above 10,000",jobs_growth,finalized,US_or_global_US_relevant_proxy,,closed_before_frozen_asof,,,,,,,,
KXPAYROLLS-26AUG-T0,KXPAYROLLS,KXPAYROLLS-26AUG,Will above 0 jobs be added in August 2026?,Above 0,jobs_growth,finalized,US_or_global_US_relevant_proxy,,closed_before_frozen_asof,,,,,,,,
KXPAYROLLS-26JUL-T90000,KXPAYROLLS,KXPAYROLLS-26JUL,Will above 90000 jobs be added in July 2026?,"Above 90,000",jobs_growth,finalized,US_or_global_US_relevant_proxy,,closed_before_frozen_asof,,,,,,,,
KXPAYROLLS-26JUL-T80000,KXPAYROLLS,KXPAYROLLS-26JUL,Will above 80000 jobs be added in July 2026?,"Above 80,000",jobs_growth,finalized,US_or_global_US_relevant_proxy,,closed_before_frozen_asof,,,,,,,,
KXPAYROLLS-26JUL-T70000,KXPAYROLLS,KXPAYROLLS-26JUL,Will above 70000 jobs be added in July 2026?,"Above 70,000",jobs_growth,finalized,US_or_global_US_relevant_proxy,,closed_before_frozen_asof,,,,,,,,
KXPAYROLLS-26JUL-T60000,KXPAYROLLS,KXPAYROLLS-26JUL,Will above 60000 jobs be added in July 2026?,"Above 60,000",jobs_growth,finalized,US_or_global_US_relevant_proxy,,closed_before_frozen_asof,,,,,,,,
KXPAYROLLS-26JUL-T50000,KXPAYROLLS,KXPAYROLLS-26JUL,Will above 50000 jobs be added in July 2026?,"Above 50,000",jobs_growth,finalized,US_or_global_US_relevant_proxy,,closed_before_frozen_asof,,,,,,,,
KXPAYROLLS-26JUL-T40000,KXPAYROLLS,KXPAYROLLS-26JUL,Will above 40000 jobs be added in July 2026?,"Above 40,000",jobs_growth,finalized,US_or_global_US_relevant_proxy,,closed_before_frozen_asof,,,,,,,,
KXPAYROLLS-26JUL-T30000,KXPAYROLLS,KXPAYROLLS-26JUL,Will above 30000 jobs be added in July 2026?,"Above 30,000",jobs_growth,finalized,US_or_global_US_relevant_proxy,,closed_before_frozen_asof,,,,,,,,
KXPAYROLLS-26JUL-T-25000,KXPAYROLLS,KXPAYROLLS-26JUL,Will above -25000 jobs be added in July 2026?,"Above -25,000",jobs_growth,finalized,US_or_global_US_relevant_proxy,,closed_before_frozen_asof,,,,,,,,
KXPAYROLLS-26JUL-T20000,KXPAYROLLS,KXPAYROLLS-26JUL,Will above 20000 jobs be added in July 2026?,"Above 20,000",jobs_growth,finalized,US_or_global_US_relevant_proxy,,closed_before_frozen_asof,,,,,,,,
KXPAYROLLS-26JUL-T125000,KXPAYROLLS,KXPAYROLLS-26JUL,Will above 125000 jobs be added in July 2026?,"Above 125,000",jobs_growth,finalized,US_or_global_US_relevant_proxy,,closed_before_frozen_asof,,,,,,,,
KXPAYROLLS-26JUL-T100000,KXPAYROLLS,KXPAYROLLS-26JUL,Will above 100000 jobs be added in July 2026?,"Above 100,000",jobs_growth,finalized,US_or_global_US_relevant_proxy,,closed_before_frozen_asof,,,,,,,,
KXPAYROLLS-26JUL-T10000,KXPAYROLLS,KXPAYROLLS-26JUL,Will above 10000 jobs be added in July 2026?,"Above 10,000",jobs_growth,finalized,US_or_global_US_relevant_proxy,,closed_before_frozen_asof,,,,,,,,
KXPAYROLLS-26JUL-T0,KXPAYROLLS,KXPAYROLLS-26JUL,Will above 0 jobs be added in July 2026?,Above 0,jobs_growth,finalized,US_or_global_US_relevant_proxy,,closed_before_frozen_asof,,,,,,,,
KXPCECORE-26MAY-T0.4,KXPCECORE,KXPCECORE-26MAY,Will the rate of core PCE inflation be above 0.4% in May 2026?,Above 0.4%,affordability_inflation,finalized,US_or_global_US_relevant_proxy,,closed_before_frozen_asof,,,,,,,,
KXPCECORE-26MAY-T0.3,KXPCECORE,KXPCECORE-26MAY,Will the rate of core PCE inflation be above 0.3% in May 2026?,Above 0.3%,affordability_inflation,finalized,US_or_global_US_relevant_proxy,,closed_before_frozen_asof,,,,,,,,
KXPCECORE-26MAY-T0.2,KXPCECORE,KXPCECORE-26MAY,Will the rate of core PCE inflation be above 0.2% in May 2026?,Above 0.2%,affordability_inflation,finalized,US_or_global_US_relevant_proxy,,closed_before_frozen_asof,,,,,,,,
KXPCECORE-26MAY-T0.1,KXPCECORE,KXPCECORE-26MAY,Will the rate of core PCE inflation be above 0.1% in May 2026?,Above 0.1%,affordability_inflation,finalized,US_or_global_US_relevant_proxy,,closed_before_frozen_asof,,,,,,,,
KXPCECORE-26MAY-T0.0,KXPCECORE,KXPCECORE-26MAY,Will the rate of core PCE inflation be above 0.0% in May 2026?,Above 0.0%,affordability_inflation,finalized,US_or_global_US_relevant_proxy,,closed_before_frozen_asof,,,,,,,,
KXPCECORE-26AUG-T0.7,KXPCECORE,KXPCECORE-26AUG,Will the rate of core PCE inflation be above 0.7% in August 2026?,Above 0.7%,affordability_inflation,active,US_or_global_US_relevant_proxy,2026-09-08T15:07:00Z,stale_observation,2026-09-05T16:00:00Z,71.11666666666666,,,,,,
KXPCECORE-26AUG-T0.6,KXPCECORE,KXPCECORE-26AUG,Will the rate of core PCE inflation be above 0.6% in August 2026?,Above 0.6%,affordability_inflation,active,US_or_global_US_relevant_proxy,2026-09-08T15:07:00Z,stale_observation,2026-09-05T16:00:00Z,71.11666666666666,,,,,,
KXPCECORE-26AUG-T0.5,KXPCECORE,KXPCECORE-26AUG,Will the rate of core PCE inflation be above 0.5% in August 2026?,Above 0.5%,affordability_inflation,active,US_or_global_US_relevant_proxy,2026-09-08T15:07:00Z,stale_observation,2026-09-05T16:00:00Z,71.11666666666666,,,,,,
KXPCECORE-26SEP-T0.6,KXPCECORE,KXPCECORE-26SEP,Will the rate of core PCE inflation be above 0.6% in September 2026?,Above 0.6%,affordability_inflation,active,US_or_global_US_relevant_proxy,2026-09-08T15:07:00Z,stale_observation,2026-08-13T04:00:00Z,635.1166666666667,,,,,,
KXPCECORE-26SEP-T0.5,KXPCECORE,KXPCECORE-26SEP,Will the rate of core PCE inflation be above 0.5% in September 2026?,Above 0.5%,affordability_inflation,active,US_or_global_US_relevant_proxy,2026-09-08T15:07:00Z,stale_observation,2026-08-13T04:00:00Z,635.1166666666667,,,,,,
KXPCECORE-26NOV-T0.4,KXPCECORE,KXPCECORE-26NOV,Will the rate of core PCE inflation be above 0.4% in November 2026?,Above 0.4%,affordability_inflation,active,US_or_global_US_relevant_proxy,2026-09-08T15:07:00Z,stale_observation,2026-09-04T20:00:00Z,91.11666666666666,,,,,,
KXPCECORE-26NOV-T0.3,KXPCECORE,KXPCECORE-26NOV,Will the rate of core PCE inflation be above 0.3% in November 2026?,Above 0.3%,affordability_inflation,active,US_or_global_US_relevant_proxy,2026-09-08T15:07:00Z,stale_observation,2026-09-07T13:00:00Z,26.116666666666667,,,,,,
KXPCECORE-26NOV-T0.2,KXPCECORE,KXPCECORE-26NOV,Will the rate of core PCE inflation be above 0.2% in November 2026?,Above 0.2%,affordability_inflation,active,US_or_global_US_relevant_proxy,2026-09-08T15:07:00Z,stale_observation,2026-09-07T13:00:00Z,26.116666666666667,,,,,,
KXPCECORE-26NOV-T0.1,KXPCECORE,KXPCECORE-26NOV,Will the rate of core PCE inflation be above 0.1% in November 2026?,Above 0.1%,affordability_inflation,active,US_or_global_US_relevant_proxy,2026-09-08T15:07:00Z,stale_observation,2026-09-04T20:00:00Z,91.11666666666666,,,,,,
KXPCECORE-26NOV-T0.0,KXPCECORE,KXPCECORE-26NOV,Will the rate of core PCE inflation be above 0.0% in November 2026?,Above 0.0%,affordability_inflation,active,US_or_global_US_relevant_proxy,2026-09-08T15:07:00Z,usable,2026-09-08T15:00:00Z,0.11666666666666667,0.935,0.87,1.0,0.13,5.0,bar_age_only_actual_quote_update_time_unavailable
KXPCECORE-26OCT-T0.4,KXPCECORE,KXPCECORE-26OCT,Will the rate of core PCE inflation be above 0.4% in October 2026?,Above 0.4%,affordability_inflation,active,US_or_global_US_relevant_proxy,2026-09-08T15:07:00Z,stale_observation,2026-09-04T20:00:00Z,91.11666666666666,,,,,,
KXPCECORE-26OCT-T0.3,KXPCECORE,KXPCECORE-26OCT,Will the rate of core PCE inflation be above 0.3% in October 2026?,Above 0.3%,affordability_inflation,active,US_or_global_US_relevant_proxy,2026-09-08T15:07:00Z,stale_observation,2026-08-19T17:00:00Z,478.1166666666667,,,,,,
KXPCECORE-26OCT-T0.2,KXPCECORE,KXPCECORE-26OCT,Will the rate of core PCE inflation be above 0.2% in October 2026?,Above 0.2%,affordability_inflation,active,US_or_global_US_relevant_proxy,2026-09-08T15:07:00Z,stale_observation,2026-09-07T13:00:00Z,26.116666666666667,,,,,,
KXPCECORE-26OCT-T0.1,KXPCECORE,KXPCECORE-26OCT,Will the rate of core PCE inflation be above 0.1% in October 2026?,Above 0.1%,affordability_inflation,active,US_or_global_US_relevant_proxy,2026-09-08T15:07:00Z,usable,2026-09-08T15:00:00Z,0.11666666666666667,0.905,0.81,1.0,0.18999999999999995,2.0,bar_age_only_actual_quote_update_time_unavailable
KXPCECORE-26OCT-T0.0,KXPCECORE,KXPCECORE-26OCT,Will the rate of core PCE inflation be above 0.0% in October 2026?,Above 0.0%,affordability_inflation,active,US_or_global_US_relevant_proxy,2026-09-08T15:07:00Z,usable,2026-09-08T15:00:00Z,0.11666666666666667,0.94,0.88,1.0,0.12,4.0,bar_age_only_actual_quote_update_time_unavailable
KXPCECORE-26SEP-T0.4,KXPCECORE,KXPCECORE-26SEP,Will the rate of core PCE inflation be above 0.4% in September 2026?,Above 0.4%,affordability_inflation,active,US_or_global_US_relevant_proxy,2026-09-08T15:07:00Z,stale_observation,2026-09-04T02:00:00Z,109.11666666666666,,,,,,
KXPCECORE-26SEP-T0.3,KXPCECORE,KXPCECORE-26SEP,Will the rate of core PCE inflation be above 0.3% in September 2026?,Above 0.3%,affordability_inflation,active,US_or_global_US_relevant_proxy,2026-09-08T15:07:00Z,stale_observation,2026-09-07T13:00:00Z,26.116666666666667,,,,,,
KXPCECORE-26SEP-T0.2,KXPCECORE,KXPCECORE-26SEP,Will the rate of core PCE inflation be above 0.2% in September 2026?,Above 0.2%,affordability_inflation,active,US_or_global_US_relevant_proxy,2026-09-08T15:07:00Z,stale_observation,2026-09-07T13:00:00Z,26.116666666666667,,,,,,
KXPCECORE-26SEP-T0.1,KXPCECORE,KXPCECORE-26SEP,Will the rate of core PCE inflation be above 0.1% in September 2026?,Above 0.1%,affordability_inflation,active,US_or_global_US_relevant_proxy,2026-09-08T15:07:00Z,stale_observation,2026-09-04T20:00:00Z,91.11666666666666,,,,,,
KXPCECORE-26SEP-T0.0,KXPCECORE,KXPCECORE-26SEP,Will the rate of core PCE inflation be above 0.0% in September 2026?,Above 0.0%,affordability_inflation,active,US_or_global_US_relevant_proxy,2026-09-08T15:07:00Z,stale_observation,2026-09-04T20:00:00Z,91.11666666666666,,,,,,
KXPCECORE-26AUG-T0.4,KXPCECORE,KXPCECORE-26AUG,Will the rate of core PCE inflation be above 0.4% in August 2026?,Above 0.4%,affordability_inflation,active,US_or_global_US_relevant_proxy,2026-09-08T15:07:00Z,stale_observation,2026-09-05T16:00:00Z,71.11666666666666,,,,,,
KXPCECORE-26AUG-T0.3,KXPCECORE,KXPCECORE-26AUG,Will the rate of core PCE inflation be above 0.3% in August 2026?,Above 0.3%,affordability_inflation,active,US_or_global_US_relevant_proxy,2026-09-08T15:07:00Z,usable,2026-09-08T12:00:00Z,3.1166666666666667,0.25,0.24,0.26,0.020000000000000018,531.02,bar_age_only_actual_quote_update_time_unavailable
KXPCECORE-26AUG-T0.2,KXPCECORE,KXPCECORE-26AUG,Will the rate of core PCE inflation be above 0.2% in August 2026?,Above 0.2%,affordability_inflation,active,US_or_global_US_relevant_proxy,2026-09-08T15:07:00Z,usable,2026-09-08T15:00:00Z,0.11666666666666667,0.5449999999999999,0.47,0.62,0.15000000000000002,512.69,bar_age_only_actual_quote_update_time_unavailable
KXPCECORE-26AUG-T0.1,KXPCECORE,KXPCECORE-26AUG,Will the rate of core PCE inflation be above 0.1% in August 2026?,Above 0.1%,affordability_inflation,active,US_or_global_US_relevant_proxy,2026-09-08T15:07:00Z,usable,2026-09-08T15:00:00Z,0.11666666666666667,0.895,0.79,1.0,0.20999999999999996,81.66,bar_age_only_actual_quote_update_time_unavailable
KXPCECORE-26AUG-T0.0,KXPCECORE,KXPCECORE-26AUG,Will the rate of core PCE inflation be above 0.0% in August 2026?,Above 0.0%,affordability_inflation,active,US_or_global_US_relevant_proxy,2026-09-08T15:07:00Z,stale_observation,2026-09-02T14:00:00Z,145.11666666666667,,,,,,
KXPCECORE-26JUL-T0.4,KXPCECORE,KXPCECORE-26JUL,Will the rate of core PCE inflation be above 0.4% in July 2026?,Above 0.4%,affordability_inflation,finalized,US_or_global_US_relevant_proxy,,closed_before_frozen_asof,,,,,,,,
KXPCECORE-26JUL-T0.3,KXPCECORE,KXPCECORE-26JUL,Will the rate of core PCE inflation be above 0.3% in July 2026?,Above 0.3%,affordability_inflation,finalized,US_or_global_US_relevant_proxy,,closed_before_frozen_asof,,,,,,,,
KXPCECORE-26JUL-T0.2,KXPCECORE,KXPCECORE-26JUL,Will the rate of core PCE inflation be above 0.2% in July 2026?,Above 0.2%,affordability_inflation,finalized,US_or_global_US_relevant_proxy,,closed_before_frozen_asof,,,,,,,,
KXPCECORE-26JUL-T0.1,KXPCECORE,KXPCECORE-26JUL,Will the rate of core PCE inflation be above 0.1% in July 2026?,Above 0.1%,affordability_inflation,finalized,US_or_global_US_relevant_proxy,,closed_before_frozen_asof,,,,,,,,
KXPCECORE-26JUL-T0.0,KXPCECORE,KXPCECORE-26JUL,Will the rate of core PCE inflation be above 0.0% in July 2026?,Above 0.0%,affordability_inflation,finalized,US_or_global_US_relevant_proxy,,closed_before_frozen_asof,,,,,,,,
KXPCECORE-26JUN-T0.4,KXPCECORE,KXPCECORE-26JUN,Will the rate of core PCE inflation be above 0.4% in June 2026?,Above 0.4%,affordability_inflation,finalized,US_or_global_US_relevant_proxy,,closed_before_frozen_asof,,,,,,,,
KXPCECORE-26JUN-T0.3,KXPCECORE,KXPCECORE-26JUN,Will the rate of core PCE inflation be above 0.3% in June 2026?,Above 0.3%,affordability_inflation,finalized,US_or_global_US_relevant_proxy,,closed_before_frozen_asof,,,,,,,,
KXPCECORE-26JUN-T0.2,KXPCECORE,KXPCECORE-26JUN,Will the rate of core PCE inflation be above 0.2% in June 2026?,Above 0.2%,affordability_inflation,finalized,US_or_global_US_relevant_proxy,,closed_before_frozen_asof,,,,,,,,
KXPCECORE-26JUN-T0.1,KXPCECORE,KXPCECORE-26JUN,Will the rate of core PCE inflation be above 0.1% in June 2026?,Above 0.1%,affordability_inflation,finalized,US_or_global_US_relevant_proxy,,closed_before_frozen_asof,,,,,,,,
KXPCECORE-26JUN-T0.0,KXPCECORE,KXPCECORE-26JUN,Will the rate of core PCE inflation be above 0.0% in June 2026?,Above 0.0%,affordability_inflation,finalized,US_or_global_US_relevant_proxy,,closed_before_frozen_asof,,,,,,,,
KXPCEHEAD-26SEP30-T0.7,KXPCEHEAD,KXPCEHEAD-26SEP30,Will headline PCE inflation for August 2026 be above 0.7%?,Above 0.7%,affordability_inflation,active,US_or_global_US_relevant_proxy,2026-09-08T15:07:00Z,stale_observation,2026-09-02T22:00:00Z,137.11666666666667,,,,,,
KXPCEHEAD-26SEP30-T0.6,KXPCEHEAD,KXPCEHEAD-26SEP30,Will headline PCE inflation for August 2026 be above 0.6%?,Above 0.6%,affordability_inflation,active,US_or_global_US_relevant_proxy,2026-09-08T15:07:00Z,stale_observation,2026-09-06T20:00:00Z,43.11666666666667,,,,,,
KXPCEHEAD-26SEP30-T0.5,KXPCEHEAD,KXPCEHEAD-26SEP30,Will headline PCE inflation for August 2026 be above 0.5%?,Above 0.5%,affordability_inflation,active,US_or_global_US_relevant_proxy,2026-09-08T15:07:00Z,stale_observation,2026-09-06T20:00:00Z,43.11666666666667,,,,,,
KXPCEHEAD-26SEP30-T0.4,KXPCEHEAD,KXPCEHEAD-26SEP30,Will headline PCE inflation for August 2026 be above 0.4%?,Above 0.4%,affordability_inflation,active,US_or_global_US_relevant_proxy,2026-09-08T15:07:00Z,usable,2026-09-07T23:00:00Z,16.116666666666667,0.115,0.03,0.2,0.17,0.0,bar_age_only_actual_quote_update_time_unavailable
KXPCEHEAD-26SEP30-T0.3,KXPCEHEAD,KXPCEHEAD-26SEP30,Will headline PCE inflation for August 2026 be above 0.3%?,Above 0.3%,affordability_inflation,active,US_or_global_US_relevant_proxy,2026-09-08T15:07:00Z,stale_observation,2026-09-06T20:00:00Z,43.11666666666667,,,,,,
KXPCEHEAD-26SEP30-T0.2,KXPCEHEAD,KXPCEHEAD-26SEP30,Will headline PCE inflation for August 2026 be above 0.2%?,Above 0.2%,affordability_inflation,active,US_or_global_US_relevant_proxy,2026-09-08T15:07:00Z,stale_observation,2026-09-06T20:00:00Z,43.11666666666667,,,,,,
KXPCEHEAD-26SEP30-T0.1,KXPCEHEAD,KXPCEHEAD-26SEP30,Will headline PCE inflation for August 2026 be above 0.1%?,Above 0.1%,affordability_inflation,active,US_or_global_US_relevant_proxy,2026-09-08T15:07:00Z,stale_observation,2026-09-06T20:00:00Z,43.11666666666667,,,,,,
KXPCEHEAD-26SEP30-T0.0,KXPCEHEAD,KXPCEHEAD-26SEP30,Will headline PCE inflation for August 2026 be above 0.0%?,Above 0.0%,affordability_inflation,active,US_or_global_US_relevant_proxy,2026-09-08T15:07:00Z,stale_observation,2026-09-06T20:00:00Z,43.11666666666667,,,,,,
KXPOWERKWH-26JUN10-T20.0,KXPOWERKWH,KXPOWERKWH-26JUN10,Will average price of electricity per kilowatt-hour in the U.S. city average for May 2026 be above 20.0¢?,Above 20.0¢,electricity_datacenters,finalized,US_or_global_US_relevant_proxy,,closed_before_frozen_asof,,,,,,,,
KXPOWERKWH-26JUN10-T19.8,KXPOWERKWH,KXPOWERKWH-26JUN10,Will average price of electricity per kilowatt-hour in the U.S. city average for May 2026 be above 19.8¢?,Above 19.8¢,electricity_datacenters,finalized,US_or_global_US_relevant_proxy,,closed_before_frozen_asof,,,,,,,,
KXPOWERKWH-26JUN10-T19.6,KXPOWERKWH,KXPOWERKWH-26JUN10,Will average price of electricity per kilowatt-hour in the U.S. city average for May 2026 be above 19.6¢?,Above 19.6¢,electricity_datacenters,finalized,US_or_global_US_relevant_proxy,,closed_before_frozen_asof,,,,,,,,
KXPOWERKWH-26JUN10-T19.4,KXPOWERKWH,KXPOWERKWH-26JUN10,Will average price of electricity per kilowatt-hour in the U.S. city average for May 2026 be above 19.4¢?,Above 19.4¢,electricity_datacenters,finalized,US_or_global_US_relevant_proxy,,closed_before_frozen_asof,,,,,,,,
KXPOWERKWH-26JUN10-T19.2,KXPOWERKWH,KXPOWERKWH-26JUN10,Will average price of electricity per kilowatt-hour in the U.S. city average for May 2026 be above 19.2¢?,Above 19.2¢,electricity_datacenters,finalized,US_or_global_US_relevant_proxy,,closed_before_frozen_asof,,,,,,,,
KXPOWERKWH-26JUN10-T19.0,KXPOWERKWH,KXPOWERKWH-26JUN10,Will average price of electricity per kilowatt-hour in the U.S. city average for May 2026 be above 19.0¢?,Above 19.0¢,electricity_datacenters,finalized,US_or_global_US_relevant_proxy,,closed_before_frozen_asof,,,,,,,,
KXPOWERKWH-26SEP11-T20.4,KXPOWERKWH,KXPOWERKWH-26SEP11,Will average price of electricity per kilowatt-hour in the U.S. city average for August 2026 be above 20.4¢?,Above 20.4¢,electricity_datacenters,active,US_or_global_US_relevant_proxy,2026-09-08T15:07:00Z,usable,2026-09-08T01:00:00Z,14.116666666666667,0.005,0.0,0.01,0.01,5781.0,bar_age_only_actual_quote_update_time_unavailable
KXPOWERKWH-26SEP11-T20.2,KXPOWERKWH,KXPOWERKWH-26SEP11,Will average price of electricity per kilowatt-hour in the U.S. city average for August 2026 be above 20.2¢?,Above 20.2¢,electricity_datacenters,active,US_or_global_US_relevant_proxy,2026-09-08T15:07:00Z,stale_observation,2026-09-01T21:00:00Z,162.11666666666667,,,,,,
KXPOWERKWH-26SEP11-T20.0,KXPOWERKWH,KXPOWERKWH-26SEP11,Will average price of electricity per kilowatt-hour in the U.S. city average for August 2026 be above 20.0¢?,Above 20.0¢,electricity_datacenters,active,US_or_global_US_relevant_proxy,2026-09-08T15:07:00Z,usable,2026-09-08T04:00:00Z,11.116666666666667,0.055,0.05,0.06,0.009999999999999995,500.0,bar_age_only_actual_quote_update_time_unavailable
KXPOWERKWH-26SEP11-T19.8,KXPOWERKWH,KXPOWERKWH-26SEP11,Will average price of electricity per kilowatt-hour in the U.S. city average for August 2026 be above 19.8¢?,Above 19.8¢,electricity_datacenters,active,US_or_global_US_relevant_proxy,2026-09-08T15:07:00Z,usable,2026-09-08T10:00:00Z,5.116666666666666,0.185,0.17,0.2,0.03,3178.96,bar_age_only_actual_quote_update_time_unavailable
KXPOWERKWH-26SEP11-T19.6,KXPOWERKWH,KXPOWERKWH-26SEP11,Will average price of electricity per kilowatt-hour in the U.S. city average for August 2026 be above 19.6¢?,Above 19.6¢,electricity_datacenters,active,US_or_global_US_relevant_proxy,2026-09-08T15:07:00Z,usable,2026-09-08T04:00:00Z,11.116666666666667,0.6799999999999999,0.65,0.71,0.05999999999999994,1964.25,bar_age_only_actual_quote_update_time_unavailable
KXPOWERKWH-26SEP11-T19.4,KXPOWERKWH,KXPOWERKWH-26SEP11,Will average price of electricity per kilowatt-hour in the U.S. city average for August 2026 be above 19.4¢?,Above 19.4¢,electricity_datacenters,active,US_or_global_US_relevant_proxy,2026-09-08T15:07:00Z,usable,2026-09-08T14:00:00Z,1.1166666666666667,0.95,0.93,0.97,0.039999999999999925,1597.57,bar_age_only_actual_quote_update_time_unavailable
KXPOWERKWH-26SEP11-T19.2,KXPOWERKWH,KXPOWERKWH-26SEP11,Will average price of electricity per kilowatt-hour in the U.S. city average for August 2026 be above 19.2¢?,Above 19.2¢,electricity_datacenters,active,US_or_global_US_relevant_proxy,2026-09-08T15:07:00Z,usable,2026-09-08T09:00:00Z,6.116666666666666,0.98,0.96,1.0,0.040000000000000036,6944.76,bar_age_only_actual_quote_update_time_unavailable
KXPOWERKWH-26AUG12-T20.6,KXPOWERKWH,KXPOWERKWH-26AUG12,Will average price of electricity per kilowatt-hour in the U.S. city average for July 2026 be above 20.6¢?,Above 20.6¢,electricity_datacenters,finalized,US_or_global_US_relevant_proxy,,closed_before_frozen_asof,,,,,,,,
KXPOWERKWH-26AUG12-T20.4,KXPOWERKWH,KXPOWERKWH-26AUG12,Will average price of electricity per kilowatt-hour in the U.S. city average for July 2026 be above 20.4¢?,Above 20.4¢,electricity_datacenters,finalized,US_or_global_US_relevant_proxy,,closed_before_frozen_asof,,,,,,,,
KXPOWERKWH-26AUG12-T20.2,KXPOWERKWH,KXPOWERKWH-26AUG12,Will average price of electricity per kilowatt-hour in the U.S. city average for July 2026 be above 20.2¢?,Above 20.2¢,electricity_datacenters,finalized,US_or_global_US_relevant_proxy,,closed_before_frozen_asof,,,,,,,,
KXPOWERKWH-26AUG12-T20.0,KXPOWERKWH,KXPOWERKWH-26AUG12,Will average price of electricity per kilowatt-hour in the U.S. city average for July 2026 be above 20.0¢?,Above 20.0¢,electricity_datacenters,finalized,US_or_global_US_relevant_proxy,,closed_before_frozen_asof,,,,,,,,
KXPOWERKWH-26AUG12-T19.8,KXPOWERKWH,KXPOWERKWH-26AUG12,Will average price of electricity per kilowatt-hour in the U.S. city average for July 2026 be above 19.8¢?,Above 19.8¢,electricity_datacenters,finalized,US_or_global_US_relevant_proxy,,closed_before_frozen_asof,,,,,,,,
KXPOWERKWH-26AUG12-T19.6,KXPOWERKWH,KXPOWERKWH-26AUG12,Will average price of electricity per kilowatt-hour in the U.S. city average for July 2026 be above 19.6¢?,Above 19.6¢,electricity_datacenters,finalized,US_or_global_US_relevant_proxy,,closed_before_frozen_asof,,,,,,,,
KXPOWERKWH-26AUG12-T19.4,KXPOWERKWH,KXPOWERKWH-26AUG12,Will average price of electricity per kilowatt-hour in the U.S. city average for July 2026 be above 19.4¢?,Above 19.4¢,electricity_datacenters,finalized,US_or_global_US_relevant_proxy,,closed_before_frozen_asof,,,,,,,,
KXPOWERKWH-26JUL14-T21.0,KXPOWERKWH,KXPOWERKWH-26JUL14,Will average price of electricity per kilowatt-hour in the U.S. city average for June 2026 be above 21.0¢?,Above 21.0¢,electricity_datacenters,finalized,US_or_global_US_relevant_proxy,,closed_before_frozen_asof,,,,,,,,
KXPOWERKWH-26JUL14-T20.8,KXPOWERKWH,KXPOWERKWH-26JUL14,Will average price of electricity per kilowatt-hour in the U.S. city average for June 2026 be above 20.8¢?,Above 20.8¢,electricity_datacenters,finalized,US_or_global_US_relevant_proxy,,closed_before_frozen_asof,,,,,,,,
KXPOWERKWH-26JUL14-T20.6,KXPOWERKWH,KXPOWERKWH-26JUL14,Will average price of electricity per kilowatt-hour in the U.S. city average for June 2026 be above 20.6¢?,Above 20.6¢,electricity_datacenters,finalized,US_or_global_US_relevant_proxy,,closed_before_frozen_asof,,,,,,,,
KXPOWERKWH-26JUL14-T20.4,KXPOWERKWH,KXPOWERKWH-26JUL14,Will average price of electricity per kilowatt-hour in the U.S. city average for June 2026 be above 20.4¢?,Above 20.4¢,electricity_datacenters,finalized,US_or_global_US_relevant_proxy,,closed_before_frozen_asof,,,,,,,,
KXPOWERKWH-26JUL14-T20.2,KXPOWERKWH,KXPOWERKWH-26JUL14,Will average price of electricity per kilowatt-hour in the U.S. city average for June 2026 be above 20.2¢?,Above 20.2¢,electricity_datacenters,finalized,US_or_global_US_relevant_proxy,,closed_before_frozen_asof,,,,,,,,
KXPOWERKWH-26JUL14-T20.0,KXPOWERKWH,KXPOWERKWH-26JUL14,Will average price of electricity per kilowatt-hour in the U.S. city average for June 2026 be above 20.0¢?,Above 20.0¢,electricity_datacenters,finalized,US_or_global_US_relevant_proxy,,closed_before_frozen_asof,,,,,,,,
KXPOWERKWH-26JUL14-T19.8,KXPOWERKWH,KXPOWERKWH-26JUL14,Will average price of electricity per kilowatt-hour in the U.S. city average for June 2026 be above 19.8¢?,Above 19.8¢,electricity_datacenters,finalized,US_or_global_US_relevant_proxy,,closed_before_frozen_asof,,,,,,,,
KXPOWERKWH-26JUL14-T19.6,KXPOWERKWH,KXPOWERKWH-26JUL14,Will average price of electricity per kilowatt-hour in the U.S. city average for June 2026 be above 19.6¢?,Above 19.6¢,electricity_datacenters,finalized,US_or_global_US_relevant_proxy,,closed_before_frozen_asof,,,,,,,,
KXPOWERKWH-26JUL14-T19.4,KXPOWERKWH,KXPOWERKWH-26JUL14,Will average price of electricity per kilowatt-hour in the U.S. city average for June 2026 be above 19.4¢?,Above 19.4¢,electricity_datacenters,finalized,US_or_global_US_relevant_proxy,,closed_before_frozen_asof,,,,,,,,
KXPOWERKWH-26JUL14-T19.2,KXPOWERKWH,KXPOWERKWH-26JUL14,Will average price of electricity per kilowatt-hour in the U.S. city average for June 2026 be above 19.2¢?,Above 19.2¢,electricity_datacenters,finalized,US_or_global_US_relevant_proxy,,closed_before_frozen_asof,,,,,,,,
KXPOWERKWH-26JUL14-T19.0,KXPOWERKWH,KXPOWERKWH-26JUL14,Will average price of electricity per kilowatt-hour in the U.S. city average for June 2026 be above 19.0¢?,Above 19.0¢,electricity_datacenters,finalized,US_or_global_US_relevant_proxy,,closed_before_frozen_asof,,,,,,,,
KXRATECUT-26DEC31,KXRATECUT,KXRATECUT-26DEC31,Will the Federal Reserve cut rates before 2027?,Cuts,fed_rates,active,US_or_global_US_relevant_proxy,2026-09-08T15:07:00Z,usable,2026-09-08T15:00:00Z,0.11666666666666667,0.1385,0.134,0.143,0.00899999999999998,573500.6,bar_age_only_actual_quote_update_time_unavailable
KXRATECUTCOUNT-26DEC31-T9,KXRATECUTCOUNT,KXRATECUTCOUNT-26DEC31,Will the Fed cut rates 9 times?,Exactly 9 cuts,fed_rates,active,US_or_global_US_relevant_proxy,2026-09-08T15:07:00Z,stale_observation,2026-09-05T17:00:00Z,70.11666666666666,,,,,,
KXRATECUTCOUNT-26DEC31-T8,KXRATECUTCOUNT,KXRATECUTCOUNT-26DEC31,Will the Fed cut rates 8 times?,Exactly 8 cuts,fed_rates,active,US_or_global_US_relevant_proxy,2026-09-08T15:07:00Z,stale_observation,2026-09-05T17:00:00Z,70.11666666666666,,,,,,
KXRATECUTCOUNT-26DEC31-T7,KXRATECUTCOUNT,KXRATECUTCOUNT-26DEC31,Will the Fed cut rates 7 times?,Exactly 7 cuts,fed_rates,active,US_or_global_US_relevant_proxy,2026-09-08T15:07:00Z,stale_observation,2026-09-05T04:00:00Z,83.11666666666666,,,,,,
KXRATECUTCOUNT-26DEC31-T6,KXRATECUTCOUNT,KXRATECUTCOUNT-26DEC31,Will the Fed cut rates 6 times?,Exactly 6 cuts,fed_rates,active,US_or_global_US_relevant_proxy,2026-09-08T15:07:00Z,stale_observation,2026-09-06T22:00:00Z,41.11666666666667,,,,,,
KXRATECUTCOUNT-26DEC31-T5,KXRATECUTCOUNT,KXRATECUTCOUNT-26DEC31,Will the Fed cut rates 5 times?,Exactly 5 cuts,fed_rates,active,US_or_global_US_relevant_proxy,2026-09-08T15:07:00Z,usable,2026-09-08T09:00:00Z,6.116666666666666,0.001,0.0,0.002,0.002,288494.05,bar_age_only_actual_quote_update_time_unavailable
KXRATECUTCOUNT-26DEC31-T4,KXRATECUTCOUNT,KXRATECUTCOUNT-26DEC31,Will the Fed cut rates 4 times?,Exactly 4 cuts,fed_rates,active,US_or_global_US_relevant_proxy,2026-09-08T15:07:00Z,usable,2026-09-08T14:00:00Z,1.1166666666666667,0.002,0.001,0.003,0.002,347277.1,bar_age_only_actual_quote_update_time_unavailable
KXRATECUTCOUNT-26DEC31-T3,KXRATECUTCOUNT,KXRATECUTCOUNT-26DEC31,Will the Fed cut rates 3 times?,Exactly 3 cuts,fed_rates,active,US_or_global_US_relevant_proxy,2026-09-08T15:07:00Z,usable,2026-09-08T15:00:00Z,0.11666666666666667,0.004,0.002,0.006,0.004,331074.23,bar_age_only_actual_quote_update_time_unavailable
KXRATECUTCOUNT-26DEC31-T20,KXRATECUTCOUNT,KXRATECUTCOUNT-26DEC31,Will the Fed cut rates 20 times?,Exactly 20 cuts,fed_rates,active,US_or_global_US_relevant_proxy,2026-09-08T15:07:00Z,stale_observation,2026-09-04T00:00:00Z,111.11666666666666,,,,,,
KXRATECUTCOUNT-26DEC31-T2,KXRATECUTCOUNT,KXRATECUTCOUNT-26DEC31,Will the Fed cut rates 2 times?,Exactly 2 cuts,fed_rates,active,US_or_global_US_relevant_proxy,2026-09-08T15:07:00Z,usable,2026-09-08T15:00:00Z,0.11666666666666667,0.016,0.014,0.018,0.003999999999999998,434225.33,bar_age_only_actual_quote_update_time_unavailable
KXRATECUTCOUNT-26DEC31-T19,KXRATECUTCOUNT,KXRATECUTCOUNT-26DEC31,Will the Fed cut rates 19 times?,Exactly 19 cuts,fed_rates,active,US_or_global_US_relevant_proxy,2026-09-08T15:07:00Z,stale_observation,2026-09-04T00:00:00Z,111.11666666666666,,,,,,
KXRATECUTCOUNT-26DEC31-T18,KXRATECUTCOUNT,KXRATECUTCOUNT-26DEC31,Will the Fed cut rates 18 times?,Exactly 18 cuts,fed_rates,active,US_or_global_US_relevant_proxy,2026-09-08T15:07:00Z,stale_observation,2026-09-04T00:00:00Z,111.11666666666666,,,,,,
KXRATECUTCOUNT-26DEC31-T17,KXRATECUTCOUNT,KXRATECUTCOUNT-26DEC31,Will the Fed cut rates 17 times?,Exactly 17 cuts,fed_rates,active,US_or_global_US_relevant_proxy,2026-09-08T15:07:00Z,usable,2026-09-08T15:00:00Z,0.11666666666666667,0.004,0.003,0.005,0.002,307420.7,bar_age_only_actual_quote_update_time_unavailable
KXRATECUTCOUNT-26DEC31-T16,KXRATECUTCOUNT,KXRATECUTCOUNT-26DEC31,Will the Fed cut rates 16 times?,Exactly 16 cuts,fed_rates,active,US_or_global_US_relevant_proxy,2026-09-08T15:07:00Z,stale_observation,2026-09-04T00:00:00Z,111.11666666666666,,,,,,
KXRATECUTCOUNT-26DEC31-T15,KXRATECUTCOUNT,KXRATECUTCOUNT-26DEC31,Will the Fed cut rates 15 times?,Exactly 15 cuts,fed_rates,active,US_or_global_US_relevant_proxy,2026-09-08T15:07:00Z,stale_observation,2026-09-05T03:00:00Z,84.11666666666666,,,,,,
KXRATECUTCOUNT-26DEC31-T14,KXRATECUTCOUNT,KXRATECUTCOUNT-26DEC31,Will the Fed cut rates 14 times?,Exactly 14 cuts,fed_rates,active,US_or_global_US_relevant_proxy,2026-09-08T15:07:00Z,stale_observation,2026-09-05T04:00:00Z,83.11666666666666,,,,,,
KXRATECUTCOUNT-26DEC31-T13,KXRATECUTCOUNT,KXRATECUTCOUNT-26DEC31,Will the Fed cut rates 13 times?,Exactly 13 cuts,fed_rates,active,US_or_global_US_relevant_proxy,2026-09-08T15:07:00Z,stale_observation,2026-09-05T03:00:00Z,84.11666666666666,,,,,,
KXRATECUTCOUNT-26DEC31-T12,KXRATECUTCOUNT,KXRATECUTCOUNT-26DEC31,Will the Fed cut rates 12 times?,Exactly 12 cuts,fed_rates,active,US_or_global_US_relevant_proxy,2026-09-08T15:07:00Z,stale_observation,2026-09-05T03:00:00Z,84.11666666666666,,,,,,
KXRATECUTCOUNT-26DEC31-T11,KXRATECUTCOUNT,KXRATECUTCOUNT-26DEC31,Will the Fed cut rates 11 times?,Exactly 11 cuts,fed_rates,active,US_or_global_US_relevant_proxy,2026-09-08T15:07:00Z,stale_observation,2026-09-04T00:00:00Z,111.11666666666666,,,,,,
KXRATECUTCOUNT-26DEC31-T10,KXRATECUTCOUNT,KXRATECUTCOUNT-26DEC31,Will the Fed cut rates 10 times?,Exactly 10 cuts,fed_rates,active,US_or_global_US_relevant_proxy,2026-09-08T15:07:00Z,stale_observation,2026-09-05T04:00:00Z,83.11666666666666,,,,,,
KXRATECUTCOUNT-26DEC31-T1,KXRATECUTCOUNT,KXRATECUTCOUNT-26DEC31,Will the Fed cut rates 1 times?,Exactly 1 cut,fed_rates,active,US_or_global_US_relevant_proxy,2026-09-08T15:07:00Z,usable,2026-09-08T15:00:00Z,0.11666666666666667,0.0765,0.076,0.077,0.0010000000000000009,383073.23,bar_age_only_actual_quote_update_time_unavailable
KXRATECUTCOUNT-26DEC31-T0,KXRATECUTCOUNT,KXRATECUTCOUNT-26DEC31,Will the Fed cut rates 0 times?,Exactly 0 cuts,fed_rates,active,US_or_global_US_relevant_proxy,2026-09-08T15:07:00Z,usable,2026-09-08T15:00:00Z,0.11666666666666667,0.9075,0.903,0.912,0.009000000000000008,1054980.48,bar_age_only_actual_quote_update_time_unavailable
KXRECSSNBER-27,KXRECSSNBER,KXRECSSNBER-27,Will there be a recession in 2027?,Yes,jobs_growth,active,US_or_global_US_relevant_proxy,2026-09-08T15:07:00Z,usable,2026-09-08T15:00:00Z,0.11666666666666667,0.235,0.23,0.24,0.009999999999999981,183439.9,bar_age_only_actual_quote_update_time_unavailable
KXRECSSNBER-26,KXRECSSNBER,KXRECSSNBER-26,Will there be a recession in 2026?,Starts,jobs_growth,active,US_or_global_US_relevant_proxy,2026-09-08T15:07:00Z,usable,2026-09-08T15:00:00Z,0.11666666666666667,0.055,0.05,0.06,0.009999999999999995,894307.0,bar_age_only_actual_quote_update_time_unavailable
KXSHELTERCPI-26JUN10-T428.25,KXSHELTERCPI,KXSHELTERCPI-26JUN10,Will United States Consumer Price Index for All Urban Consumers: Shelter in U.S. City Average for May 2026 be above 428.25 ?,Above 428.25 ,affordability_inflation,finalized,US_or_global_US_relevant_proxy,,closed_before_frozen_asof,,,,,,,,
KXSHELTERCPI-26JUN10-T427.75,KXSHELTERCPI,KXSHELTERCPI-26JUN10,Will United States Consumer Price Index for All Urban Consumers: Shelter in U.S. City Average for May 2026 be above 427.75 ?,Above 427.75 ,affordability_inflation,finalized,US_or_global_US_relevant_proxy,,closed_before_frozen_asof,,,,,,,,
KXSHELTERCPI-26JUN10-T428.0,KXSHELTERCPI,KXSHELTERCPI-26JUN10,Will United States Consumer Price Index for All Urban Consumers: Shelter in U.S. City Average for May 2026 be above 428.0 ?,Above 428.00,affordability_inflation,finalized,US_or_global_US_relevant_proxy,,closed_before_frozen_asof,,,,,,,,
KXSHELTERCPI-26JUN10-T427.5,KXSHELTERCPI,KXSHELTERCPI-26JUN10,Will United States Consumer Price Index for All Urban Consumers: Shelter in U.S. City Average for May 2026 be above 427.5 ?,Above 427.50,affordability_inflation,finalized,US_or_global_US_relevant_proxy,,closed_before_frozen_asof,,,,,,,,
KXSHELTERCPI-26JUN10-T427.0,KXSHELTERCPI,KXSHELTERCPI-26JUN10,Will United States Consumer Price Index for All Urban Consumers: Shelter in U.S. City Average for May 2026 be above 427.0 ?,Above 427.00,affordability_inflation,finalized,US_or_global_US_relevant_proxy,,closed_before_frozen_asof,,,,,,,,
KXSHELTERCPI-26JUN10-T426.5,KXSHELTERCPI,KXSHELTERCPI-26JUN10,Will United States Consumer Price Index for All Urban Consumers: Shelter in U.S. City Average for May 2026 be above 426.5 ?,Above 426.50,affordability_inflation,finalized,US_or_global_US_relevant_proxy,,closed_before_frozen_asof,,,,,,,,
KXSHELTERCPI-26JUN10-T426.0,KXSHELTERCPI,KXSHELTERCPI-26JUN10,Will United States Consumer Price Index for All Urban Consumers: Shelter in U.S. City Average for May 2026 be above 426.0 ?,Above 426.00,affordability_inflation,finalized,US_or_global_US_relevant_proxy,,closed_before_frozen_asof,,,,,,,,
KXSHELTERCPI-26JUN10-T425.5,KXSHELTERCPI,KXSHELTERCPI-26JUN10,Will United States Consumer Price Index for All Urban Consumers: Shelter in U.S. City Average for May 2026 be above 425.5 ?,Above 425.50,affordability_inflation,finalized,US_or_global_US_relevant_proxy,,closed_before_frozen_asof,,,,,,,,
KXSHELTERCPI-26SEP11-T430.7,KXSHELTERCPI,KXSHELTERCPI-26SEP11,Will United States Consumer Price Index for All Urban Consumers: Shelter in U.S. City Average for August 2026 be above 430.7?,Above 430.7,affordability_inflation,active,US_or_global_US_relevant_proxy,2026-09-08T15:07:00Z,usable,2026-09-07T21:00:00Z,18.116666666666667,0.01,0.0,0.02,0.02,4177.0,bar_age_only_actual_quote_update_time_unavailable
KXSHELTERCPI-26SEP11-T430.6,KXSHELTERCPI,KXSHELTERCPI-26SEP11,Will United States Consumer Price Index for All Urban Consumers: Shelter in U.S. City Average for August 2026 be above 430.6?,Above 430.6,affordability_inflation,active,US_or_global_US_relevant_proxy,2026-09-08T15:07:00Z,usable,2026-09-08T09:00:00Z,6.116666666666666,0.06,0.0,0.12,0.12,25.0,bar_age_only_actual_quote_update_time_unavailable
KXSHELTERCPI-26SEP11-T430.5,KXSHELTERCPI,KXSHELTERCPI-26SEP11,Will United States Consumer Price Index for All Urban Consumers: Shelter in U.S. City Average for August 2026 be above 430.5?,Above 430.5,affordability_inflation,active,US_or_global_US_relevant_proxy,2026-09-08T15:07:00Z,usable,2026-09-08T09:00:00Z,6.116666666666666,0.08499999999999999,0.05,0.12,0.06999999999999999,1953.0,bar_age_only_actual_quote_update_time_unavailable
KXSHELTERCPI-26SEP11-T430.4,KXSHELTERCPI,KXSHELTERCPI-26SEP11,Will United States Consumer Price Index for All Urban Consumers: Shelter in U.S. City Average for August 2026 be above 430.4?,Above 430.4,affordability_inflation,active,US_or_global_US_relevant_proxy,2026-09-08T15:07:00Z,usable,2026-09-08T09:00:00Z,6.116666666666666,0.045,0.0,0.09,0.09,500.0,bar_age_only_actual_quote_update_time_unavailable
KXSHELTERCPI-26SEP11-T430.3,KXSHELTERCPI,KXSHELTERCPI-26SEP11,Will United States Consumer Price Index for All Urban Consumers: Shelter in U.S. City Average for August 2026 be above 430.3?,Above 430.3,affordability_inflation,active,US_or_global_US_relevant_proxy,2026-09-08T15:07:00Z,usable,2026-09-08T13:00:00Z,2.1166666666666667,0.175,0.13,0.22,0.09,1544.0,bar_age_only_actual_quote_update_time_unavailable
KXSHELTERCPI-26SEP11-T430.2,KXSHELTERCPI,KXSHELTERCPI-26SEP11,Will United States Consumer Price Index for All Urban Consumers: Shelter in U.S. City Average for August 2026 be above 430.2?,Above 430.2,affordability_inflation,active,US_or_global_US_relevant_proxy,2026-09-08T15:07:00Z,stale_observation,2026-09-05T09:00:00Z,78.11666666666666,,,,,,
KXSHELTERCPI-26SEP11-T430.1,KXSHELTERCPI,KXSHELTERCPI-26SEP11,Will United States Consumer Price Index for All Urban Consumers: Shelter in U.S. City Average for August 2026 be above 430.1?,Above 430.1,affordability_inflation,active,US_or_global_US_relevant_proxy,2026-09-08T15:07:00Z,stale_observation,2026-09-06T14:00:00Z,49.11666666666667,,,,,,
KXSHELTERCPI-26SEP11-T430.0,KXSHELTERCPI,KXSHELTERCPI-26SEP11,Will United States Consumer Price Index for All Urban Consumers: Shelter in U.S. City Average for August 2026 be above 430.0?,Above 430.0,affordability_inflation,active,US_or_global_US_relevant_proxy,2026-09-08T15:07:00Z,stale_observation,2026-09-05T05:00:00Z,82.11666666666666,,,,,,
KXSHELTERCPI-26SEP11-T429.9,KXSHELTERCPI,KXSHELTERCPI-26SEP11,Will United States Consumer Price Index for All Urban Consumers: Shelter in U.S. City Average for August 2026 be above 429.9?,Above 429.9,affordability_inflation,active,US_or_global_US_relevant_proxy,2026-09-08T15:07:00Z,stale_observation,2026-09-05T06:00:00Z,81.11666666666666,,,,,,
KXSHELTERCPI-26SEP11-T429.8,KXSHELTERCPI,KXSHELTERCPI-26SEP11,Will United States Consumer Price Index for All Urban Consumers: Shelter in U.S. City Average for August 2026 be above 429.8?,Above 429.8,affordability_inflation,active,US_or_global_US_relevant_proxy,2026-09-08T15:07:00Z,usable,2026-09-08T06:00:00Z,9.116666666666667,0.7350000000000001,0.66,0.81,0.15000000000000002,2473.25,bar_age_only_actual_quote_update_time_unavailable
KXSHELTERCPI-26SEP11-T429.7,KXSHELTERCPI,KXSHELTERCPI-26SEP11,Will United States Consumer Price Index for All Urban Consumers: Shelter in U.S. City Average for August 2026 be above 429.7?,Above 429.7,affordability_inflation,active,US_or_global_US_relevant_proxy,2026-09-08T15:07:00Z,usable,2026-09-08T09:00:00Z,6.116666666666666,0.885,0.77,1.0,0.22999999999999998,4136.0,bar_age_only_actual_quote_update_time_unavailable
KXSHELTERCPI-26SEP11-T429.6,KXSHELTERCPI,KXSHELTERCPI-26SEP11,Will United States Consumer Price Index for All Urban Consumers: Shelter in U.S. City Average for August 2026 be above 429.6?,Above 429.6,affordability_inflation,active,US_or_global_US_relevant_proxy,2026-09-08T15:07:00Z,usable,2026-09-08T10:00:00Z,5.116666666666666,0.96,0.92,1.0,0.07999999999999996,3546.0,bar_age_only_actual_quote_update_time_unavailable
KXSHELTERCPI-26SEP11-T429.5,KXSHELTERCPI,KXSHELTERCPI-26SEP11,Will United States Consumer Price Index for All Urban Consumers: Shelter in U.S. City Average for August 2026 be above 429.5?,Above 429.5,affordability_inflation,active,US_or_global_US_relevant_proxy,2026-09-08T15:07:00Z,usable,2026-09-08T09:00:00Z,6.116666666666666,0.9550000000000001,0.91,1.0,0.08999999999999997,453.23,bar_age_only_actual_quote_update_time_unavailable
KXSHELTERCPI-26SEP11-T429.4,KXSHELTERCPI,KXSHELTERCPI-26SEP11,Will United States Consumer Price Index for All Urban Consumers: Shelter in U.S. City Average for August 2026 be above 429.4?,Above 429.4,affordability_inflation,active,US_or_global_US_relevant_proxy,2026-09-08T15:07:00Z,usable,2026-09-08T15:00:00Z,0.11666666666666667,0.985,0.97,1.0,0.030000000000000027,1479.77,bar_age_only_actual_quote_update_time_unavailable
KXSHELTERCPI-26AUG12-T430.0,KXSHELTERCPI,KXSHELTERCPI-26AUG12,Will United States Consumer Price Index for All Urban Consumers: Shelter in U.S. City Average for July 2026 be above 430.0 ?,Above 430.0,affordability_inflation,finalized,US_or_global_US_relevant_proxy,,closed_before_frozen_asof,,,,,,,,
KXSHELTERCPI-26AUG12-T429.8,KXSHELTERCPI,KXSHELTERCPI-26AUG12,Will United States Consumer Price Index for All Urban Consumers: Shelter in U.S. City Average for July 2026 be above 429.8 ?,Above 429.8,affordability_inflation,finalized,US_or_global_US_relevant_proxy,,closed_before_frozen_asof,,,,,,,,
KXSHELTERCPI-26AUG12-T429.6,KXSHELTERCPI,KXSHELTERCPI-26AUG12,Will United States Consumer Price Index for All Urban Consumers: Shelter in U.S. City Average for July 2026 be above 429.6 ?,Above 429.6,affordability_inflation,finalized,US_or_global_US_relevant_proxy,,closed_before_frozen_asof,,,,,,,,
KXSHELTERCPI-26AUG12-T429.4,KXSHELTERCPI,KXSHELTERCPI-26AUG12,Will United States Consumer Price Index for All Urban Consumers: Shelter in U.S. City Average for July 2026 be above 429.4 ?,Above 429.4,affordability_inflation,finalized,US_or_global_US_relevant_proxy,,closed_before_frozen_asof,,,,,,,,
KXSHELTERCPI-26AUG12-T429.2,KXSHELTERCPI,KXSHELTERCPI-26AUG12,Will United States Consumer Price Index for All Urban Consumers: Shelter in U.S. City Average for July 2026 be above 429.2 ?,Above 429.2,affordability_inflation,finalized,US_or_global_US_relevant_proxy,,closed_before_frozen_asof,,,,,,,,
KXSHELTERCPI-26AUG12-T429.0,KXSHELTERCPI,KXSHELTERCPI-26AUG12,Will United States Consumer Price Index for All Urban Consumers: Shelter in U.S. City Average for July 2026 be above 429.0 ?,Above 429.0,affordability_inflation,finalized,US_or_global_US_relevant_proxy,,closed_before_frozen_asof,,,,,,,,
KXSHELTERCPI-26AUG12-T428.8,KXSHELTERCPI,KXSHELTERCPI-26AUG12,Will United States Consumer Price Index for All Urban Consumers: Shelter in U.S. City Average for July 2026 be above 428.8 ?,Above 428.8,affordability_inflation,finalized,US_or_global_US_relevant_proxy,,closed_before_frozen_asof,,,,,,,,
KXSHELTERCPI-26JUL14-T430.0,KXSHELTERCPI,KXSHELTERCPI-26JUL14,Will United States Consumer Price Index for All Urban Consumers: Shelter in U.S. City Average for June 2026 be above 430.0?,Above 430.0,affordability_inflation,finalized,US_or_global_US_relevant_proxy,,closed_before_frozen_asof,,,,,,,,
KXSHELTERCPI-26JUL14-T429.8,KXSHELTERCPI,KXSHELTERCPI-26JUL14,Will United States Consumer Price Index for All Urban Consumers: Shelter in U.S. City Average for June 2026 be above 429.8?,Above 429.8,affordability_inflation,finalized,US_or_global_US_relevant_proxy,,closed_before_frozen_asof,,,,,,,,
KXSHELTERCPI-26JUL14-T429.6,KXSHELTERCPI,KXSHELTERCPI-26JUL14,Will United States Consumer Price Index for All Urban Consumers: Shelter in U.S. City Average for June 2026 be above 429.6?,Above 429.6,affordability_inflation,finalized,US_or_global_US_relevant_proxy,,closed_before_frozen_asof,,,,,,,,
KXSHELTERCPI-26JUL14-T429.4,KXSHELTERCPI,KXSHELTERCPI-26JUL14,Will United States Consumer Price Index for All Urban Consumers: Shelter in U.S. City Average for June 2026 be above 429.4?,Above 429.4,affordability_inflation,finalized,US_or_global_US_relevant_proxy,,closed_before_frozen_asof,,,,,,,,
KXSHELTERCPI-26JUL14-T429.2,KXSHELTERCPI,KXSHELTERCPI-26JUL14,Will United States Consumer Price Index for All Urban Consumers: Shelter in U.S. City Average for June 2026 be above 429.2?,Above 429.2,affordability_inflation,finalized,US_or_global_US_relevant_proxy,,closed_before_frozen_asof,,,,,,,,
KXSHELTERCPI-26JUL14-T429.0,KXSHELTERCPI,KXSHELTERCPI-26JUL14,Will United States Consumer Price Index for All Urban Consumers: Shelter in U.S. City Average for June 2026 be above 429.0?,Above 429.0,affordability_inflation,finalized,US_or_global_US_relevant_proxy,,closed_before_frozen_asof,,,,,,,,
KXSHELTERCPI-26JUL14-T428.8,KXSHELTERCPI,KXSHELTERCPI-26JUL14,Will United States Consumer Price Index for All Urban Consumers: Shelter in U.S. City Average for June 2026 be above 428.8?,Above 428.8,affordability_inflation,finalized,US_or_global_US_relevant_proxy,,closed_before_frozen_asof,,,,,,,,
KXSHELTERCPI-26JUL14-T428.6,KXSHELTERCPI,KXSHELTERCPI-26JUL14,Will United States Consumer Price Index for All Urban Consumers: Shelter in U.S. City Average for June 2026 be above 428.6?,Above 428.6,affordability_inflation,finalized,US_or_global_US_relevant_proxy,,closed_before_frozen_asof,,,,,,,,
KXSHELTERCPI-26JUL14-T428.4,KXSHELTERCPI,KXSHELTERCPI-26JUL14,Will United States Consumer Price Index for All Urban Consumers: Shelter in U.S. City Average for June 2026 be above 428.4?,Above 428.4,affordability_inflation,finalized,US_or_global_US_relevant_proxy,,closed_before_frozen_asof,,,,,,,,
KXSHELTERCPI-26JUL14-T428.2,KXSHELTERCPI,KXSHELTERCPI-26JUL14,Will United States Consumer Price Index for All Urban Consumers: Shelter in U.S. City Average for June 2026 be above 428.2?,Above 428.2,affordability_inflation,finalized,US_or_global_US_relevant_proxy,,closed_before_frozen_asof,,,,,,,,
KXSHELTERCPI-26JUL14-T428.0,KXSHELTERCPI,KXSHELTERCPI-26JUL14,Will United States Consumer Price Index for All Urban Consumers: Shelter in U.S. City Average for June 2026 be above 428.0?,Above 428.0,affordability_inflation,finalized,US_or_global_US_relevant_proxy,,closed_before_frozen_asof,,,,,,,,
KXTNOTEW-26JUN26-T4.66,KXTNOTEW,KXTNOTEW-26JUN26,"Will the yield of 10-year U.S. treasury notes be above 4.66 on Jun 26, 2026?",4.67% or above,fed_rates,finalized,US_or_global_US_relevant_proxy,,closed_before_frozen_asof,,,,,,,,
KXTNOTEW-26JUN26-T4.28,KXTNOTEW,KXTNOTEW-26JUN26,"Will the yield of 10-year U.S. treasury notes be below 4.28 on Jun 26, 2026?",4.27% or below,fed_rates,finalized,US_or_global_US_relevant_proxy,,closed_before_frozen_asof,,,,,,,,
KXTNOTEW-26JUN26-B4.65,KXTNOTEW,KXTNOTEW-26JUN26,"Will the yield of 10-year U.S. treasury notes be between 4.64 and 4.66 on Jun 26, 2026?",4.64% to 4.66%,fed_rates,finalized,US_or_global_US_relevant_proxy,,closed_before_frozen_asof,,,,,,,,
KXTNOTEW-26JUN26-B4.62,KXTNOTEW,KXTNOTEW-26JUN26,"Will the yield of 10-year U.S. treasury notes be between 4.61 and 4.63 on Jun 26, 2026?",4.61% to 4.63%,fed_rates,finalized,US_or_global_US_relevant_proxy,,closed_before_frozen_asof,,,,,,,,
KXTNOTEW-26JUN26-B4.59,KXTNOTEW,KXTNOTEW-26JUN26,"Will the yield of 10-year U.S. treasury notes be between 4.58 and 4.60 on Jun 26, 2026?",4.58% to 4.6%,fed_rates,finalized,US_or_global_US_relevant_proxy,,closed_before_frozen_asof,,,,,,,,
KXTNOTEW-26JUN26-B4.56,KXTNOTEW,KXTNOTEW-26JUN26,"Will the yield of 10-year U.S. treasury notes be between 4.55 and 4.57 on Jun 26, 2026?",4.55% to 4.57%,fed_rates,finalized,US_or_global_US_relevant_proxy,,closed_before_frozen_asof,,,,,,,,
KXTNOTEW-26JUN26-B4.53,KXTNOTEW,KXTNOTEW-26JUN26,"Will the yield of 10-year U.S. treasury notes be between 4.52 and 4.54 on Jun 26, 2026?",4.52% to 4.54%,fed_rates,finalized,US_or_global_US_relevant_proxy,,closed_before_frozen_asof,,,,,,,,
KXTNOTEW-26JUN26-B4.50,KXTNOTEW,KXTNOTEW-26JUN26,"Will the yield of 10-year U.S. treasury notes be between 4.49 and 4.51 on Jun 26, 2026?",4.49% to 4.51%,fed_rates,finalized,US_or_global_US_relevant_proxy,,closed_before_frozen_asof,,,,,,,,
KXTNOTEW-26JUN26-B4.47,KXTNOTEW,KXTNOTEW-26JUN26,"Will the yield of 10-year U.S. treasury notes be between 4.46 and 4.48 on Jun 26, 2026?",4.46% to 4.48%,fed_rates,finalized,US_or_global_US_relevant_proxy,,closed_before_frozen_asof,,,,,,,,
KXTNOTEW-26JUN26-B4.44,KXTNOTEW,KXTNOTEW-26JUN26,"Will the yield of 10-year U.S. treasury notes be between 4.43 and 4.45 on Jun 26, 2026?",4.43% to 4.45%,fed_rates,finalized,US_or_global_US_relevant_proxy,,closed_before_frozen_asof,,,,,,,,
KXTNOTEW-26JUN26-B4.41,KXTNOTEW,KXTNOTEW-26JUN26,"Will the yield of 10-year U.S. treasury notes be between 4.40 and 4.42 on Jun 26, 2026?",4.4% to 4.42%,fed_rates,finalized,US_or_global_US_relevant_proxy,,closed_before_frozen_asof,,,,,,,,
KXTNOTEW-26JUN26-B4.38,KXTNOTEW,KXTNOTEW-26JUN26,"Will the yield of 10-year U.S. treasury notes be between 4.37 and 4.39 on Jun 26, 2026?",4.37% to 4.39%,fed_rates,finalized,US_or_global_US_relevant_proxy,,closed_before_frozen_asof,,,,,,,,
KXTNOTEW-26JUN26-B4.35,KXTNOTEW,KXTNOTEW-26JUN26,"Will the yield of 10-year U.S. treasury notes be between 4.34 and 4.36 on Jun 26, 2026?",4.34% to 4.36%,fed_rates,finalized,US_or_global_US_relevant_proxy,,closed_before_frozen_asof,,,,,,,,
KXTNOTEW-26JUN26-B4.32,KXTNOTEW,KXTNOTEW-26JUN26,"Will the yield of 10-year U.S. treasury notes be between 4.31 and 4.33 on Jun 26, 2026?",4.31% to 4.33%,fed_rates,finalized,US_or_global_US_relevant_proxy,,closed_before_frozen_asof,,,,,,,,
KXTNOTEW-26JUN26-B4.29,KXTNOTEW,KXTNOTEW-26JUN26,"Will the yield of 10-year U.S. treasury notes be between 4.28 and 4.30 on Jun 26, 2026?",4.28% to 4.3%,fed_rates,finalized,US_or_global_US_relevant_proxy,,closed_before_frozen_asof,,,,,,,,
KXTNOTEW-26JUN12-T4.67,KXTNOTEW,KXTNOTEW-26JUN12,"Will the yield of 10-year U.S. treasury notes be above 4.67 on Jun 12, 2026?",4.68% or above,fed_rates,finalized,US_or_global_US_relevant_proxy,,closed_before_frozen_asof,,,,,,,,
KXTNOTEW-26JUN12-T4.29,KXTNOTEW,KXTNOTEW-26JUN12,"Will the yield of 10-year U.S. treasury notes be below 4.29 on Jun 12, 2026?",4.28% or below,fed_rates,finalized,US_or_global_US_relevant_proxy,,closed_before_frozen_asof,,,,,,,,
KXTNOTEW-26JUN12-B4.66,KXTNOTEW,KXTNOTEW-26JUN12,"Will the yield of 10-year U.S. treasury notes be between 4.65 and 4.67 on Jun 12, 2026?",4.65% to 4.67%,fed_rates,finalized,US_or_global_US_relevant_proxy,,closed_before_frozen_asof,,,,,,,,
KXTNOTEW-26JUN12-B4.63,KXTNOTEW,KXTNOTEW-26JUN12,"Will the yield of 10-year U.S. treasury notes be between 4.62 and 4.64 on Jun 12, 2026?",4.62% to 4.64%,fed_rates,finalized,US_or_global_US_relevant_proxy,,closed_before_frozen_asof,,,,,,,,
KXTNOTEW-26JUN12-B4.60,KXTNOTEW,KXTNOTEW-26JUN12,"Will the yield of 10-year U.S. treasury notes be between 4.59 and 4.61 on Jun 12, 2026?",4.59% to 4.61%,fed_rates,finalized,US_or_global_US_relevant_proxy,,closed_before_frozen_asof,,,,,,,,
KXTNOTEW-26JUN12-B4.57,KXTNOTEW,KXTNOTEW-26JUN12,"Will the yield of 10-year U.S. treasury notes be between 4.56 and 4.58 on Jun 12, 2026?",4.56% to 4.58%,fed_rates,finalized,US_or_global_US_relevant_proxy,,closed_before_frozen_asof,,,,,,,,
KXTNOTEW-26JUN12-B4.54,KXTNOTEW,KXTNOTEW-26JUN12,"Will the yield of 10-year U.S. treasury notes be between 4.53 and 4.55 on Jun 12, 2026?",4.53% to 4.55%,fed_rates,finalized,US_or_global_US_relevant_proxy,,closed_before_frozen_asof,,,,,,,,
KXTNOTEW-26JUN12-B4.51,KXTNOTEW,KXTNOTEW-26JUN12,"Will the yield of 10-year U.S. treasury notes be between 4.50 and 4.52 on Jun 12, 2026?",4.5% to 4.52%,fed_rates,finalized,US_or_global_US_relevant_proxy,,closed_before_frozen_asof,,,,,,,,
KXTNOTEW-26JUN12-B4.48,KXTNOTEW,KXTNOTEW-26JUN12,"Will the yield of 10-year U.S. treasury notes be between 4.47 and 4.49 on Jun 12, 2026?",4.47% to 4.49%,fed_rates,finalized,US_or_global_US_relevant_proxy,,closed_before_frozen_asof,,,,,,,,
KXTNOTEW-26JUN12-B4.45,KXTNOTEW,KXTNOTEW-26JUN12,"Will the yield of 10-year U.S. treasury notes be between 4.44 and 4.46 on Jun 12, 2026?",4.44% to 4.46%,fed_rates,finalized,US_or_global_US_relevant_proxy,,closed_before_frozen_asof,,,,,,,,
KXTNOTEW-26JUN12-B4.42,KXTNOTEW,KXTNOTEW-26JUN12,"Will the yield of 10-year U.S. treasury notes be between 4.41 and 4.43 on Jun 12, 2026?",4.41% to 4.43%,fed_rates,finalized,US_or_global_US_relevant_proxy,,closed_before_frozen_asof,,,,,,,,
KXTNOTEW-26JUN12-B4.39,KXTNOTEW,KXTNOTEW-26JUN12,"Will the yield of 10-year U.S. treasury notes be between 4.38 and 4.40 on Jun 12, 2026?",4.38% to 4.4%,fed_rates,finalized,US_or_global_US_relevant_proxy,,closed_before_frozen_asof,,,,,,,,
KXTNOTEW-26JUN12-B4.36,KXTNOTEW,KXTNOTEW-26JUN12,"Will the yield of 10-year U.S. treasury notes be between 4.35 and 4.37 on Jun 12, 2026?",4.35% to 4.37%,fed_rates,finalized,US_or_global_US_relevant_proxy,,closed_before_frozen_asof,,,,,,,,
KXTNOTEW-26JUN12-B4.33,KXTNOTEW,KXTNOTEW-26JUN12,"Will the yield of 10-year U.S. treasury notes be between 4.32 and 4.34 on Jun 12, 2026?",4.32% to 4.34%,fed_rates,finalized,US_or_global_US_relevant_proxy,,closed_before_frozen_asof,,,,,,,,
KXTNOTEW-26JUN12-B4.30,KXTNOTEW,KXTNOTEW-26JUN12,"Will the yield of 10-year U.S. treasury notes be between 4.29 and 4.31 on Jun 12, 2026?",4.29% to 4.31%,fed_rates,finalized,US_or_global_US_relevant_proxy,,closed_before_frozen_asof,,,,,,,,
KXTNOTEW-26JUN05-T4.65,KXTNOTEW,KXTNOTEW-26JUN05,"Will the yield of 10-year U.S. treasury notes be above 4.65 on Jun 5, 2026?",4.66% or above,fed_rates,finalized,US_or_global_US_relevant_proxy,,closed_before_frozen_asof,,,,,,,,
KXTNOTEW-26JUN05-T4.27,KXTNOTEW,KXTNOTEW-26JUN05,"Will the yield of 10-year U.S. treasury notes be below 4.27 on Jun 5, 2026?",4.26% or below,fed_rates,finalized,US_or_global_US_relevant_proxy,,closed_before_frozen_asof,,,,,,,,
KXTNOTEW-26JUN05-B4.64,KXTNOTEW,KXTNOTEW-26JUN05,"Will the yield of 10-year U.S. treasury notes be between 4.63 and 4.65 on Jun 5, 2026?",4.63% to 4.65%,fed_rates,finalized,US_or_global_US_relevant_proxy,,closed_before_frozen_asof,,,,,,,,
KXTNOTEW-26JUN05-B4.61,KXTNOTEW,KXTNOTEW-26JUN05,"Will the yield of 10-year U.S. treasury notes be between 4.60 and 4.62 on Jun 5, 2026?",4.6% to 4.62%,fed_rates,finalized,US_or_global_US_relevant_proxy,,closed_before_frozen_asof,,,,,,,,
KXTNOTEW-26JUN05-B4.58,KXTNOTEW,KXTNOTEW-26JUN05,"Will the yield of 10-year U.S. treasury notes be between 4.57 and 4.59 on Jun 5, 2026?",4.57% to 4.59%,fed_rates,finalized,US_or_global_US_relevant_proxy,,closed_before_frozen_asof,,,,,,,,
KXTNOTEW-26JUN05-B4.55,KXTNOTEW,KXTNOTEW-26JUN05,"Will the yield of 10-year U.S. treasury notes be between 4.54 and 4.56 on Jun 5, 2026?",4.54% to 4.56%,fed_rates,finalized,US_or_global_US_relevant_proxy,,closed_before_frozen_asof,,,,,,,,
KXTNOTEW-26JUN05-B4.52,KXTNOTEW,KXTNOTEW-26JUN05,"Will the yield of 10-year U.S. treasury notes be between 4.51 and 4.53 on Jun 5, 2026?",4.51% to 4.53%,fed_rates,finalized,US_or_global_US_relevant_proxy,,closed_before_frozen_asof,,,,,,,,
KXTNOTEW-26JUN05-B4.49,KXTNOTEW,KXTNOTEW-26JUN05,"Will the yield of 10-year U.S. treasury notes be between 4.48 and 4.50 on Jun 5, 2026?",4.48% to 4.5%,fed_rates,finalized,US_or_global_US_relevant_proxy,,closed_before_frozen_asof,,,,,,,,
KXTNOTEW-26JUN05-B4.46,KXTNOTEW,KXTNOTEW-26JUN05,"Will the yield of 10-year U.S. treasury notes be between 4.45 and 4.47 on Jun 5, 2026?",4.45% to 4.47%,fed_rates,finalized,US_or_global_US_relevant_proxy,,closed_before_frozen_asof,,,,,,,,
KXTNOTEW-26JUN05-B4.43,KXTNOTEW,KXTNOTEW-26JUN05,"Will the yield of 10-year U.S. treasury notes be between 4.42 and 4.44 on Jun 5, 2026?",4.42% to 4.44%,fed_rates,finalized,US_or_global_US_relevant_proxy,,closed_before_frozen_asof,,,,,,,,
KXTNOTEW-26JUN05-B4.40,KXTNOTEW,KXTNOTEW-26JUN05,"Will the yield of 10-year U.S. treasury notes be between 4.39 and 4.41 on Jun 5, 2026?",4.39% to 4.41%,fed_rates,finalized,US_or_global_US_relevant_proxy,,closed_before_frozen_asof,,,,,,,,
KXTNOTEW-26JUN05-B4.37,KXTNOTEW,KXTNOTEW-26JUN05,"Will the yield of 10-year U.S. treasury notes be between 4.36 and 4.38 on Jun 5, 2026?",4.36% to 4.38%,fed_rates,finalized,US_or_global_US_relevant_proxy,,closed_before_frozen_asof,,,,,,,,
KXTNOTEW-26JUN05-B4.34,KXTNOTEW,KXTNOTEW-26JUN05,"Will the yield of 10-year U.S. treasury notes be between 4.33 and 4.35 on Jun 5, 2026?",4.33% to 4.35%,fed_rates,finalized,US_or_global_US_relevant_proxy,,closed_before_frozen_asof,,,,,,,,
KXTNOTEW-26JUN05-B4.31,KXTNOTEW,KXTNOTEW-26JUN05,"Will the yield of 10-year U.S. treasury notes be between 4.30 and 4.32 on Jun 5, 2026?",4.3% to 4.32%,fed_rates,finalized,US_or_global_US_relevant_proxy,,closed_before_frozen_asof,,,,,,,,
KXTNOTEW-26JUN05-B4.28,KXTNOTEW,KXTNOTEW-26JUN05,"Will the yield of 10-year U.S. treasury notes be between 4.27 and 4.29 on Jun 5, 2026?",4.27% to 4.29%,fed_rates,finalized,US_or_global_US_relevant_proxy,,closed_before_frozen_asof,,,,,,,,
KXTRADEDEFICIT-29FEB05-T900,KXTRADEDEFICIT,KXTRADEDEFICIT-29FEB05,Will the U.S. goods and services deficit for 2028 be above $900 billion?,Above $900 billion,trade_tariffs|taxes_fiscal,active,US_or_global_US_relevant_proxy,2026-09-08T15:07:00Z,stale_observation,2026-09-04T20:00:00Z,91.11666666666666,,,,,,
KXTRADEDEFICIT-29FEB05-T800,KXTRADEDEFICIT,KXTRADEDEFICIT-29FEB05,Will the U.S. goods and services deficit for 2028 be above $800 billion?,Above $800 billion,trade_tariffs|taxes_fiscal,active,US_or_global_US_relevant_proxy,2026-09-08T15:07:00Z,stale_observation,2026-09-04T20:00:00Z,91.11666666666666,,,,,,
KXTRADEDEFICIT-29FEB05-T700,KXTRADEDEFICIT,KXTRADEDEFICIT-29FEB05,Will the U.S. goods and services deficit for 2028 be above $700 billion?,Above $700 billion,trade_tariffs|taxes_fiscal,active,US_or_global_US_relevant_proxy,2026-09-08T15:07:00Z,stale_observation,2026-09-04T20:00:00Z,91.11666666666666,,,,,,
KXTRADEDEFICIT-29FEB05-T600,KXTRADEDEFICIT,KXTRADEDEFICIT-29FEB05,Will the U.S. goods and services deficit for 2028 be above $600 billion?,Above $600 billion,trade_tariffs|taxes_fiscal,active,US_or_global_US_relevant_proxy,2026-09-08T15:07:00Z,stale_observation,2026-09-04T20:00:00Z,91.11666666666666,,,,,,
KXTRADEDEFICIT-29FEB05-T500,KXTRADEDEFICIT,KXTRADEDEFICIT-29FEB05,Will the U.S. goods and services deficit for 2028 be above $500 billion?,Above $500 billion,trade_tariffs|taxes_fiscal,active,US_or_global_US_relevant_proxy,2026-09-08T15:07:00Z,stale_observation,2026-09-04T20:00:00Z,91.11666666666666,,,,,,
KXTRADEDEFICIT-29FEB05-T1200,KXTRADEDEFICIT,KXTRADEDEFICIT-29FEB05,Will the U.S. goods and services deficit for 2028 be above $1.2 trillion?,Above $1.2 trillion,trade_tariffs|taxes_fiscal,active,US_or_global_US_relevant_proxy,2026-09-08T15:07:00Z,stale_observation,2026-09-04T20:00:00Z,91.11666666666666,,,,,,
KXTRADEDEFICIT-29FEB05-T1100,KXTRADEDEFICIT,KXTRADEDEFICIT-29FEB05,Will the U.S. goods and services deficit for 2028 be above $1.1 trillion?,Above $1.1 trillion,trade_tariffs|taxes_fiscal,active,US_or_global_US_relevant_proxy,2026-09-08T15:07:00Z,stale_observation,2026-09-04T20:00:00Z,91.11666666666666,,,,,,
KXTRADEDEFICIT-29FEB05-T1000,KXTRADEDEFICIT,KXTRADEDEFICIT-29FEB05,Will the U.S. goods and services deficit for 2028 be above $1.0 trillion?,Above $1.0 trillion,trade_tariffs|taxes_fiscal,active,US_or_global_US_relevant_proxy,2026-09-08T15:07:00Z,stale_observation,2026-09-04T20:00:00Z,91.11666666666666,,,,,,
KXTRADEDEFICIT-28FEB04-T900,KXTRADEDEFICIT,KXTRADEDEFICIT-28FEB04,Will the U.S. goods and services deficit for 2027 be above $900 billion?,Above $900 billion,trade_tariffs|taxes_fiscal,active,US_or_global_US_relevant_proxy,2026-09-08T15:07:00Z,stale_observation,2026-09-04T20:00:00Z,91.11666666666666,,,,,,
KXTRADEDEFICIT-28FEB04-T800,KXTRADEDEFICIT,KXTRADEDEFICIT-28FEB04,Will the U.S. goods and services deficit for 2027 be above $800 billion?,Above $800 billion,trade_tariffs|taxes_fiscal,active,US_or_global_US_relevant_proxy,2026-09-08T15:07:00Z,stale_observation,2026-09-04T20:00:00Z,91.11666666666666,,,,,,
KXTRADEDEFICIT-28FEB04-T700,KXTRADEDEFICIT,KXTRADEDEFICIT-28FEB04,Will the U.S. goods and services deficit for 2027 be above $700 billion?,Above $700 billion,trade_tariffs|taxes_fiscal,active,US_or_global_US_relevant_proxy,2026-09-08T15:07:00Z,stale_observation,2026-09-04T20:00:00Z,91.11666666666666,,,,,,
KXTRADEDEFICIT-28FEB04-T600,KXTRADEDEFICIT,KXTRADEDEFICIT-28FEB04,Will the U.S. goods and services deficit for 2027 be above $600 billion?,Above $600 billion,trade_tariffs|taxes_fiscal,active,US_or_global_US_relevant_proxy,2026-09-08T15:07:00Z,stale_observation,2026-09-04T20:00:00Z,91.11666666666666,,,,,,
KXTRADEDEFICIT-28FEB04-T500,KXTRADEDEFICIT,KXTRADEDEFICIT-28FEB04,Will the U.S. goods and services deficit for 2027 be above $500 billion?,Above $500 billion,trade_tariffs|taxes_fiscal,active,US_or_global_US_relevant_proxy,2026-09-08T15:07:00Z,stale_observation,2026-09-04T20:00:00Z,91.11666666666666,,,,,,
KXTRADEDEFICIT-28FEB04-T1200,KXTRADEDEFICIT,KXTRADEDEFICIT-28FEB04,Will the U.S. goods and services deficit for 2027 be above $1.2 trillion?,Above $1.2 trillion,trade_tariffs|taxes_fiscal,active,US_or_global_US_relevant_proxy,2026-09-08T15:07:00Z,stale_observation,2026-09-04T20:00:00Z,91.11666666666666,,,,,,
KXTRADEDEFICIT-28FEB04-T1100,KXTRADEDEFICIT,KXTRADEDEFICIT-28FEB04,Will the U.S. goods and services deficit for 2027 be above $1.1 trillion?,Above $1.1 trillion,trade_tariffs|taxes_fiscal,active,US_or_global_US_relevant_proxy,2026-09-08T15:07:00Z,stale_observation,2026-09-04T20:00:00Z,91.11666666666666,,,,,,
KXTRADEDEFICIT-28FEB04-T1000,KXTRADEDEFICIT,KXTRADEDEFICIT-28FEB04,Will the U.S. goods and services deficit for 2027 be above $1.0 trillion?,Above $1.0 trillion,trade_tariffs|taxes_fiscal,active,US_or_global_US_relevant_proxy,2026-09-08T15:07:00Z,stale_observation,2026-09-04T20:00:00Z,91.11666666666666,,,,,,
KXTRADEDEFICIT-27FEB28-B119.75,KXTRADEDEFICIT,KXTRADEDEFICIT-27FEB28,Will US trade deficit for 2026 be between 119.6‎ billion and 119.9‎ billion?,119.6‎ billion to 119.9‎ billion,trade_tariffs|taxes_fiscal,active,US_or_global_US_relevant_proxy,2026-09-08T15:07:00Z,stale_observation,2026-09-04T20:00:00Z,91.11666666666666,,,,,,
KXTRADEDEFICIT-27FEB28-T45,KXTRADEDEFICIT,KXTRADEDEFICIT-27FEB28,Will US trade deficit for 2026 be below 45‎ billion?,Below 45‎ billion,trade_tariffs|taxes_fiscal,active,US_or_global_US_relevant_proxy,2026-09-08T15:07:00Z,stale_observation,2026-08-15T00:00:00Z,591.1166666666667,,,,,,
KXTRADEDEFICIT-27FEB28-T170,KXTRADEDEFICIT,KXTRADEDEFICIT-27FEB28,Will US trade deficit for 2026 be above 170‎ billion?,Above 170‎ billion,trade_tariffs|taxes_fiscal,active,US_or_global_US_relevant_proxy,2026-09-08T15:07:00Z,usable,2026-09-08T14:00:00Z,1.1166666666666667,0.875,0.84,0.91,0.07000000000000006,2324.91,bar_age_only_actual_quote_update_time_unavailable
KXTRADEDEFICIT-27FEB28-B99.95,KXTRADEDEFICIT,KXTRADEDEFICIT-27FEB28,Will US trade deficit for 2026 be between 95‎ billion and 104.9‎ billion?,95‎ billion to 104.9‎ billion,trade_tariffs|taxes_fiscal,active,US_or_global_US_relevant_proxy,2026-09-08T15:07:00Z,stale_observation,2026-09-04T20:00:00Z,91.11666666666666,,,,,,
KXTRADEDEFICIT-27FEB28-B89.95,KXTRADEDEFICIT,KXTRADEDEFICIT-27FEB28,Will US trade deficit for 2026 be between 85‎ billion and 94.9‎ billion?,85‎ billion to 94.9‎ billion,trade_tariffs|taxes_fiscal,active,US_or_global_US_relevant_proxy,2026-09-08T15:07:00Z,stale_observation,2026-09-03T17:00:00Z,118.11666666666666,,,,,,
KXTRADEDEFICIT-27FEB28-B79.95,KXTRADEDEFICIT,KXTRADEDEFICIT-27FEB28,Will US trade deficit for 2026 be between 75‎ billion and 84.9‎ billion?,75‎ billion to 84.9‎ billion,trade_tariffs|taxes_fiscal,active,US_or_global_US_relevant_proxy,2026-09-08T15:07:00Z,stale_observation,2026-09-04T20:00:00Z,91.11666666666666,,,,,,
KXTRADEDEFICIT-27FEB28-B69.95,KXTRADEDEFICIT,KXTRADEDEFICIT-27FEB28,Will US trade deficit for 2026 be between 65‎ billion and 74.9‎ billion?,65‎ billion to 74.9‎ billion,trade_tariffs|taxes_fiscal,active,US_or_global_US_relevant_proxy,2026-09-08T15:07:00Z,stale_observation,2026-09-04T20:00:00Z,91.11666666666666,,,,,,
KXTRADEDEFICIT-27FEB28-B59.95,KXTRADEDEFICIT,KXTRADEDEFICIT-27FEB28,Will US trade deficit for 2026 be between 55‎ billion and 64.9‎ billion?,55‎ billion to 64.9‎ billion,trade_tariffs|taxes_fiscal,active,US_or_global_US_relevant_proxy,2026-09-08T15:07:00Z,stale_observation,2026-09-03T21:00:00Z,114.11666666666666,,,,,,
KXTRADEDEFICIT-27FEB28-B49.95,KXTRADEDEFICIT,KXTRADEDEFICIT-27FEB28,Will US trade deficit for 2026 be between 45‎ billion and 54.9‎ billion?,45‎ billion to 54.9‎ billion,trade_tariffs|taxes_fiscal,active,US_or_global_US_relevant_proxy,2026-09-08T15:07:00Z,usable,2026-09-08T13:00:00Z,2.1166666666666667,0.025,0.0,0.05,0.05,900.0,bar_age_only_actual_quote_update_time_unavailable
KXTRADEDEFICIT-27FEB28-B155.0,KXTRADEDEFICIT,KXTRADEDEFICIT-27FEB28,Will US trade deficit for 2026 be between 140‎ billion and 170‎ billion?,140‎ billion to 170‎ billion,trade_tariffs|taxes_fiscal,active,US_or_global_US_relevant_proxy,2026-09-08T15:07:00Z,stale_observation,2026-09-04T20:00:00Z,91.11666666666666,,,,,,
KXTRADEDEFICIT-27FEB28-B129.95,KXTRADEDEFICIT,KXTRADEDEFICIT-27FEB28,Will US trade deficit for 2026 be between 120‎ billion and 139.9‎ billion?,120‎ billion to 139.9‎ billion,trade_tariffs|taxes_fiscal,active,US_or_global_US_relevant_proxy,2026-09-08T15:07:00Z,stale_observation,2026-09-05T13:00:00Z,74.11666666666666,,,,,,
KXTRADEDEFICIT-27FEB28-B112.25,KXTRADEDEFICIT,KXTRADEDEFICIT-27FEB28,Will US trade deficit for 2026 be between 105‎ billion and 119.5‎ billion?,105‎ billion to 119.5‎ billion,trade_tariffs|taxes_fiscal,active,US_or_global_US_relevant_proxy,2026-09-08T15:07:00Z,stale_observation,2026-09-05T13:00:00Z,74.11666666666666,,,,,,
KXTXERCOTPEAK-27JAN01-T93000,KXTXERCOTPEAK,KXTXERCOTPEAK-27JAN01,"Will integrated system load on the ERCOT grid during 2026 get above 93,000 MW?","Above 93,000 MW",electricity_datacenters,active,US_or_global_US_relevant_proxy,2026-09-08T15:07:00Z,usable,2026-09-08T15:00:00Z,0.11666666666666667,0.055,0.05,0.06,0.009999999999999995,14209.71,bar_age_only_actual_quote_update_time_unavailable
KXTXERCOTPEAK-27JAN01-T92500,KXTXERCOTPEAK,KXTXERCOTPEAK-27JAN01,"Will integrated system load on the ERCOT grid during 2026 get above 92,500 MW?","Above 92,500 MW",electricity_datacenters,active,US_or_global_US_relevant_proxy,2026-09-08T15:07:00Z,usable,2026-09-08T15:00:00Z,0.11666666666666667,0.065,0.06,0.07,0.010000000000000009,18803.75,bar_age_only_actual_quote_update_time_unavailable
KXTXERCOTPEAK-27JAN01-T91500,KXTXERCOTPEAK,KXTXERCOTPEAK-27JAN01,"Will integrated system load on the ERCOT grid during 2026 get above 91,500 MW?","Above 91,500 MW",electricity_datacenters,active,US_or_global_US_relevant_proxy,2026-09-08T15:07:00Z,usable,2026-09-08T15:00:00Z,0.11666666666666667,0.065,0.06,0.07,0.010000000000000009,43049.81,bar_age_only_actual_quote_update_time_unavailable
KXTXERCOTPEAK-27JAN01-T98000,KXTXERCOTPEAK,KXTXERCOTPEAK-27JAN01,"Will integrated system load on the ERCOT grid during 2026 get above 98,000 MW?","Above 98,000 MW",electricity_datacenters,active,US_or_global_US_relevant_proxy,2026-09-08T15:07:00Z,usable,2026-09-08T15:00:00Z,0.11666666666666667,0.025,0.02,0.03,0.009999999999999998,9744.21,bar_age_only_actual_quote_update_time_unavailable
KXTXERCOTPEAK-27JAN01-T96000,KXTXERCOTPEAK,KXTXERCOTPEAK-27JAN01,"Will integrated system load on the ERCOT grid during 2026 get above 96,000 MW?","Above 96,000 MW",electricity_datacenters,active,US_or_global_US_relevant_proxy,2026-09-08T15:07:00Z,usable,2026-09-08T15:00:00Z,0.11666666666666667,0.045,0.04,0.05,0.010000000000000002,19540.52,bar_age_only_actual_quote_update_time_unavailable
KXTXERCOTPEAK-27JAN01-T94000,KXTXERCOTPEAK,KXTXERCOTPEAK-27JAN01,"Will integrated system load on the ERCOT grid during 2026 get above 94,000 MW?","Above 94,000 MW",electricity_datacenters,active,US_or_global_US_relevant_proxy,2026-09-08T15:07:00Z,usable,2026-09-08T15:00:00Z,0.11666666666666667,0.055,0.05,0.06,0.009999999999999995,38176.01,bar_age_only_actual_quote_update_time_unavailable
KXTXERCOTPEAK-27JAN01-T92000,KXTXERCOTPEAK,KXTXERCOTPEAK-27JAN01,"Will integrated system load on the ERCOT grid during 2026 get above 92,000 MW?","Above 92,000 MW",electricity_datacenters,active,US_or_global_US_relevant_proxy,2026-09-08T15:07:00Z,usable,2026-09-08T15:00:00Z,0.11666666666666667,0.065,0.06,0.07,0.010000000000000009,21468.78,bar_age_only_actual_quote_update_time_unavailable
KXU3-26JUN-T4.8,KXU3,KXU3-26JUN,Will the unemployment rate (U-3) be above 4.8% in June?,Above 4.8%,jobs_growth,finalized,US_or_global_US_relevant_proxy,,closed_before_frozen_asof,,,,,,,,
KXU3-26JUN-T4.7,KXU3,KXU3-26JUN,Will the unemployment rate (U-3) be above 4.7% in June?,Above 4.7%,jobs_growth,finalized,US_or_global_US_relevant_proxy,,closed_before_frozen_asof,,,,,,,,
KXU3-26JUN-T4.6,KXU3,KXU3-26JUN,Will the unemployment rate (U-3) be above 4.6% in June?,Above 4.6%,jobs_growth,finalized,US_or_global_US_relevant_proxy,,closed_before_frozen_asof,,,,,,,,
KXU3-26JUN-T4.5,KXU3,KXU3-26JUN,Will the unemployment rate (U-3) be above 4.5% in June?,Above 4.5%,jobs_growth,finalized,US_or_global_US_relevant_proxy,,closed_before_frozen_asof,,,,,,,,
KXU3-26JUN-T4.4,KXU3,KXU3-26JUN,Will the unemployment rate (U-3) be above 4.4% in June?,Above 4.4%,jobs_growth,finalized,US_or_global_US_relevant_proxy,,closed_before_frozen_asof,,,,,,,,
KXU3-26JUN-T4.3,KXU3,KXU3-26JUN,Will the unemployment rate (U-3) be above 4.3% in June?,Above 4.3%,jobs_growth,finalized,US_or_global_US_relevant_proxy,,closed_before_frozen_asof,,,,,,,,
KXU3-26JUN-T4.2,KXU3,KXU3-26JUN,Will the unemployment rate (U-3) be above 4.2% in June?,Above 4.2%,jobs_growth,finalized,US_or_global_US_relevant_proxy,,closed_before_frozen_asof,,,,,,,,
KXU3-26JUN-T4.1,KXU3,KXU3-26JUN,Will the unemployment rate (U-3) be above 4.1% in June?,Above 4.1%,jobs_growth,finalized,US_or_global_US_relevant_proxy,,closed_before_frozen_asof,,,,,,,,
KXU3-26JUN-T4.0,KXU3,KXU3-26JUN,Will the unemployment rate (U-3) be above 4.0% in June?,Above 4.0%,jobs_growth,finalized,US_or_global_US_relevant_proxy,,closed_before_frozen_asof,,,,,,,,
KXU3-26JUN-T3.9,KXU3,KXU3-26JUN,Will the unemployment rate (U-3) be above 3.9% in June?,Above 3.9%,jobs_growth,finalized,US_or_global_US_relevant_proxy,,closed_before_frozen_asof,,,,,,,,
KXU3-26NOV-T5.0,KXU3,KXU3-26NOV,Will the unemployment rate (U-3) be above 5.0% in November?,Above 5.0%,jobs_growth,active,US_or_global_US_relevant_proxy,2026-09-08T15:07:00Z,stale_observation,2026-09-05T20:00:00Z,67.11666666666666,,,,,,
KXU3-26NOV-T4.9,KXU3,KXU3-26NOV,Will the unemployment rate (U-3) be above 4.9% in November?,Above 4.9%,jobs_growth,active,US_or_global_US_relevant_proxy,2026-09-08T15:07:00Z,stale_observation,2026-09-05T20:00:00Z,67.11666666666666,,,,,,
KXU3-26NOV-T4.8,KXU3,KXU3-26NOV,Will the unemployment rate (U-3) be above 4.8% in November?,Above 4.8%,jobs_growth,active,US_or_global_US_relevant_proxy,2026-09-08T15:07:00Z,stale_observation,2026-09-05T20:00:00Z,67.11666666666666,,,,,,
KXU3-26NOV-T4.7,KXU3,KXU3-26NOV,Will the unemployment rate (U-3) be above 4.7% in November?,Above 4.7%,jobs_growth,active,US_or_global_US_relevant_proxy,2026-09-08T15:07:00Z,stale_observation,2026-09-05T20:00:00Z,67.11666666666666,,,,,,
KXU3-26NOV-T4.6,KXU3,KXU3-26NOV,Will the unemployment rate (U-3) be above 4.6% in November?,Above 4.6%,jobs_growth,active,US_or_global_US_relevant_proxy,2026-09-08T15:07:00Z,usable,2026-09-08T15:00:00Z,0.11666666666666667,0.15000000000000002,0.13,0.17,0.04000000000000001,79.0,bar_age_only_actual_quote_update_time_unavailable
KXU3-26NOV-T4.5,KXU3,KXU3-26NOV,Will the unemployment rate (U-3) be above 4.5% in November?,Above 4.5%,jobs_growth,active,US_or_global_US_relevant_proxy,2026-09-08T15:07:00Z,stale_observation,2026-09-06T13:00:00Z,50.11666666666667,,,,,,
KXU3-26NOV-T4.4,KXU3,KXU3-26NOV,Will the unemployment rate (U-3) be above 4.4% in November?,Above 4.4%,jobs_growth,active,US_or_global_US_relevant_proxy,2026-09-08T15:07:00Z,stale_observation,2026-09-05T23:00:00Z,64.11666666666666,,,,,,
KXU3-26NOV-T4.3,KXU3,KXU3-26NOV,Will the unemployment rate (U-3) be above 4.3% in November?,Above 4.3%,jobs_growth,active,US_or_global_US_relevant_proxy,2026-09-08T15:07:00Z,stale_observation,2026-09-06T13:00:00Z,50.11666666666667,,,,,,
KXU3-26NOV-T4.2,KXU3,KXU3-26NOV,Will the unemployment rate (U-3) be above 4.2% in November?,Above 4.2%,jobs_growth,active,US_or_global_US_relevant_proxy,2026-09-08T15:07:00Z,stale_observation,2026-09-06T13:00:00Z,50.11666666666667,,,,,,
KXU3-26NOV-T4.1,KXU3,KXU3-26NOV,Will the unemployment rate (U-3) be above 4.1% in November?,Above 4.1%,jobs_growth,active,US_or_global_US_relevant_proxy,2026-09-08T15:07:00Z,usable,2026-09-07T23:00:00Z,16.116666666666667,0.645,0.63,0.66,0.030000000000000027,1281.41,bar_age_only_actual_quote_update_time_unavailable
KXU3-26NOV-T4.0,KXU3,KXU3-26NOV,Will the unemployment rate (U-3) be above 4.0% in November?,Above 4.0%,jobs_growth,active,US_or_global_US_relevant_proxy,2026-09-08T15:07:00Z,stale_observation,2026-09-06T13:00:00Z,50.11666666666667,,,,,,
KXU3-26NOV-T3.9,KXU3,KXU3-26NOV,Will the unemployment rate (U-3) be above 3.9% in November?,Above 3.9%,jobs_growth,active,US_or_global_US_relevant_proxy,2026-09-08T15:07:00Z,stale_observation,2026-09-06T13:00:00Z,50.11666666666667,,,,,,
KXU3-26NOV-T3.8,KXU3,KXU3-26NOV,Will the unemployment rate (U-3) be above 3.8% in November?,Above 3.8%,jobs_growth,active,US_or_global_US_relevant_proxy,2026-09-08T15:07:00Z,usable,2026-09-08T13:00:00Z,2.1166666666666667,0.8400000000000001,0.81,0.87,0.05999999999999994,17.01,bar_age_only_actual_quote_update_time_unavailable
KXU3-26NOV-T3.7,KXU3,KXU3-26NOV,Will the unemployment rate (U-3) be above 3.7% in November?,Above 3.7%,jobs_growth,active,US_or_global_US_relevant_proxy,2026-09-08T15:07:00Z,usable,2026-09-08T14:00:00Z,1.1166666666666667,0.9199999999999999,0.89,0.95,0.05999999999999994,60.0,bar_age_only_actual_quote_update_time_unavailable
KXU3-26OCT-T5.0,KXU3,KXU3-26OCT,Will the unemployment rate (U-3) be above 5.0% in October?,Above 5.0%,jobs_growth,active,US_or_global_US_relevant_proxy,2026-09-08T15:07:00Z,usable,2026-09-08T09:00:00Z,6.116666666666666,0.034999999999999996,0.01,0.06,0.049999999999999996,172.0,bar_age_only_actual_quote_update_time_unavailable
KXU3-26OCT-T4.9,KXU3,KXU3-26OCT,Will the unemployment rate (U-3) be above 4.9% in October?,Above 4.9%,jobs_growth,active,US_or_global_US_relevant_proxy,2026-09-08T15:07:00Z,usable,2026-09-08T09:00:00Z,6.116666666666666,0.05,0.03,0.07,0.04000000000000001,162.01,bar_age_only_actual_quote_update_time_unavailable
KXU3-26OCT-T4.8,KXU3,KXU3-26OCT,Will the unemployment rate (U-3) be above 4.8% in October?,Above 4.8%,jobs_growth,active,US_or_global_US_relevant_proxy,2026-09-08T15:07:00Z,usable,2026-09-08T14:00:00Z,1.1166666666666667,0.045,0.01,0.08,0.07,434.0,bar_age_only_actual_quote_update_time_unavailable
KXU3-26OCT-T4.7,KXU3,KXU3-26OCT,Will the unemployment rate (U-3) be above 4.7% in October?,Above 4.7%,jobs_growth,active,US_or_global_US_relevant_proxy,2026-09-08T15:07:00Z,usable,2026-09-08T14:00:00Z,1.1166666666666667,0.08,0.05,0.11,0.06,61.0,bar_age_only_actual_quote_update_time_unavailable
KXU3-26OCT-T4.6,KXU3,KXU3-26OCT,Will the unemployment rate (U-3) be above 4.6% in October?,Above 4.6%,jobs_growth,active,US_or_global_US_relevant_proxy,2026-09-08T15:07:00Z,usable,2026-09-07T22:00:00Z,17.116666666666667,0.08,0.06,0.1,0.04000000000000001,150.01,bar_age_only_actual_quote_update_time_unavailable
KXU3-26OCT-T4.5,KXU3,KXU3-26OCT,Will the unemployment rate (U-3) be above 4.5% in October?,Above 4.5%,jobs_growth,active,US_or_global_US_relevant_proxy,2026-09-08T15:07:00Z,usable,2026-09-08T14:00:00Z,1.1166666666666667,0.115,0.09,0.14,0.05000000000000002,956.0,bar_age_only_actual_quote_update_time_unavailable
KXU3-26OCT-T4.4,KXU3,KXU3-26OCT,Will the unemployment rate (U-3) be above 4.4% in October?,Above 4.4%,jobs_growth,active,US_or_global_US_relevant_proxy,2026-09-08T15:07:00Z,usable,2026-09-08T13:00:00Z,2.1166666666666667,0.14500000000000002,0.12,0.17,0.05000000000000002,917.0,bar_age_only_actual_quote_update_time_unavailable
KXU3-26OCT-T4.3,KXU3,KXU3-26OCT,Will the unemployment rate (U-3) be above 4.3% in October?,Above 4.3%,jobs_growth,active,US_or_global_US_relevant_proxy,2026-09-08T15:07:00Z,usable,2026-09-08T14:00:00Z,1.1166666666666667,0.29000000000000004,0.26,0.32,0.06,808.06,bar_age_only_actual_quote_update_time_unavailable
KXU3-26OCT-T4.2,KXU3,KXU3-26OCT,Will the unemployment rate (U-3) be above 4.2% in October?,Above 4.2%,jobs_growth,active,US_or_global_US_relevant_proxy,2026-09-08T15:07:00Z,usable,2026-09-07T23:00:00Z,16.116666666666667,0.41000000000000003,0.38,0.44,0.06,592.45,bar_age_only_actual_quote_update_time_unavailable
KXU3-26OCT-T4.1,KXU3,KXU3-26OCT,Will the unemployment rate (U-3) be above 4.1% in October?,Above 4.1%,jobs_growth,active,US_or_global_US_relevant_proxy,2026-09-08T15:07:00Z,usable,2026-09-08T14:00:00Z,1.1166666666666667,0.635,0.61,0.66,0.050000000000000044,1375.75,bar_age_only_actual_quote_update_time_unavailable
KXU3-26OCT-T4.0,KXU3,KXU3-26OCT,Will the unemployment rate (U-3) be above 4.0% in October?,Above 4.0%,jobs_growth,active,US_or_global_US_relevant_proxy,2026-09-08T15:07:00Z,usable,2026-09-07T22:00:00Z,17.116666666666667,0.77,0.74,0.8,0.06000000000000005,964.0,bar_age_only_actual_quote_update_time_unavailable
KXU3-26OCT-T3.9,KXU3,KXU3-26OCT,Will the unemployment rate (U-3) be above 3.9% in October?,Above 3.9%,jobs_growth,active,US_or_global_US_relevant_proxy,2026-09-08T15:07:00Z,usable,2026-09-08T15:00:00Z,0.11666666666666667,0.84,0.82,0.86,0.040000000000000036,1140.0,bar_age_only_actual_quote_update_time_unavailable
KXU3-26OCT-T3.8,KXU3,KXU3-26OCT,Will the unemployment rate (U-3) be above 3.8% in October?,Above 3.8%,jobs_growth,active,US_or_global_US_relevant_proxy,2026-09-08T15:07:00Z,usable,2026-09-08T09:00:00Z,6.116666666666666,0.905,0.88,0.93,0.050000000000000044,600.0,bar_age_only_actual_quote_update_time_unavailable
KXU3-26OCT-T3.7,KXU3,KXU3-26OCT,Will the unemployment rate (U-3) be above 3.7% in October?,Above 3.7%,jobs_growth,active,US_or_global_US_relevant_proxy,2026-09-08T15:07:00Z,usable,2026-09-08T03:00:00Z,12.116666666666667,0.9099999999999999,0.88,0.94,0.05999999999999994,1505.01,bar_age_only_actual_quote_update_time_unavailable
KXU3-26SEP-T5.0,KXU3,KXU3-26SEP,Will the unemployment rate (U-3) be above 5.0% in September?,Above 5.0%,jobs_growth,active,US_or_global_US_relevant_proxy,2026-09-08T15:07:00Z,usable,2026-09-08T11:00:00Z,4.116666666666666,0.025,0.0,0.05,0.05,111.0,bar_age_only_actual_quote_update_time_unavailable
KXU3-26SEP-T4.9,KXU3,KXU3-26SEP,Will the unemployment rate (U-3) be above 4.9% in September?,Above 4.9%,jobs_growth,active,US_or_global_US_relevant_proxy,2026-09-08T15:07:00Z,usable,2026-09-08T11:00:00Z,4.116666666666666,0.025,0.0,0.05,0.05,1.0,bar_age_only_actual_quote_update_time_unavailable
KXU3-26SEP-T4.8,KXU3,KXU3-26SEP,Will the unemployment rate (U-3) be above 4.8% in September?,Above 4.8%,jobs_growth,active,US_or_global_US_relevant_proxy,2026-09-08T15:07:00Z,usable,2026-09-08T11:00:00Z,4.116666666666666,0.025,0.0,0.05,0.05,101.0,bar_age_only_actual_quote_update_time_unavailable
KXU3-26SEP-T4.7,KXU3,KXU3-26SEP,Will the unemployment rate (U-3) be above 4.7% in September?,Above 4.7%,jobs_growth,active,US_or_global_US_relevant_proxy,2026-09-08T15:07:00Z,usable,2026-09-08T11:00:00Z,4.116666666666666,0.03,0.0,0.06,0.06,20.0,bar_age_only_actual_quote_update_time_unavailable
KXU3-26SEP-T4.6,KXU3,KXU3-26SEP,Will the unemployment rate (U-3) be above 4.6% in September?,Above 4.6%,jobs_growth,active,US_or_global_US_relevant_proxy,2026-09-08T15:07:00Z,usable,2026-09-08T11:00:00Z,4.116666666666666,0.035,0.0,0.07,0.07,10.0,bar_age_only_actual_quote_update_time_unavailable
KXU3-26SEP-T4.5,KXU3,KXU3-26SEP,Will the unemployment rate (U-3) be above 4.5% in September?,Above 4.5%,jobs_growth,active,US_or_global_US_relevant_proxy,2026-09-08T15:07:00Z,usable,2026-09-08T12:00:00Z,3.1166666666666667,0.04,0.03,0.05,0.020000000000000004,335.0,bar_age_only_actual_quote_update_time_unavailable
KXU3-26SEP-T4.4,KXU3,KXU3-26SEP,Will the unemployment rate (U-3) be above 4.4% in September?,Above 4.4%,jobs_growth,active,US_or_global_US_relevant_proxy,2026-09-08T15:07:00Z,usable,2026-09-08T14:00:00Z,1.1166666666666667,0.045,0.03,0.06,0.03,3562.42,bar_age_only_actual_quote_update_time_unavailable
KXU3-26SEP-T4.3,KXU3,KXU3-26SEP,Will the unemployment rate (U-3) be above 4.3% in September?,Above 4.3%,jobs_growth,active,US_or_global_US_relevant_proxy,2026-09-08T15:07:00Z,usable,2026-09-08T15:00:00Z,0.11666666666666667,0.07,0.06,0.08,0.020000000000000004,2300.63,bar_age_only_actual_quote_update_time_unavailable
KXU3-26SEP-T4.2,KXU3,KXU3-26SEP,Will the unemployment rate (U-3) be above 4.2% in September?,Above 4.2%,jobs_growth,active,US_or_global_US_relevant_proxy,2026-09-08T15:07:00Z,usable,2026-09-08T15:00:00Z,0.11666666666666667,0.14500000000000002,0.14,0.15,0.009999999999999981,7478.55,bar_age_only_actual_quote_update_time_unavailable
KXU3-26SEP-T4.1,KXU3,KXU3-26SEP,Will the unemployment rate (U-3) be above 4.1% in September?,Above 4.1%,jobs_growth,active,US_or_global_US_relevant_proxy,2026-09-08T15:07:00Z,usable,2026-09-08T15:00:00Z,0.11666666666666667,0.47,0.45,0.49,0.03999999999999998,1532.2,bar_age_only_actual_quote_update_time_unavailable
KXU3-26SEP-T4.0,KXU3,KXU3-26SEP,Will the unemployment rate (U-3) be above 4.0% in September?,Above 4.0%,jobs_growth,active,US_or_global_US_relevant_proxy,2026-09-08T15:07:00Z,usable,2026-09-08T15:00:00Z,0.11666666666666667,0.79,0.77,0.81,0.040000000000000036,3354.05,bar_age_only_actual_quote_update_time_unavailable
KXU3-26SEP-T3.9,KXU3,KXU3-26SEP,Will the unemployment rate (U-3) be above 3.9% in September?,Above 3.9%,jobs_growth,active,US_or_global_US_relevant_proxy,2026-09-08T15:07:00Z,usable,2026-09-08T15:00:00Z,0.11666666666666667,0.8500000000000001,0.81,0.89,0.07999999999999996,597.28,bar_age_only_actual_quote_update_time_unavailable
KXU3-26SEP-T3.8,KXU3,KXU3-26SEP,Will the unemployment rate (U-3) be above 3.8% in September?,Above 3.8%,jobs_growth,active,US_or_global_US_relevant_proxy,2026-09-08T15:07:00Z,usable,2026-09-08T15:00:00Z,0.11666666666666667,0.905,0.89,0.92,0.030000000000000027,934.39,bar_age_only_actual_quote_update_time_unavailable
KXU3-26SEP-T3.7,KXU3,KXU3-26SEP,Will the unemployment rate (U-3) be above 3.7% in September?,Above 3.7%,jobs_growth,active,US_or_global_US_relevant_proxy,2026-09-08T15:07:00Z,usable,2026-09-08T14:00:00Z,1.1166666666666667,0.92,0.91,0.93,0.020000000000000018,408.0,bar_age_only_actual_quote_update_time_unavailable
KXU3-26AUG-T5.0,KXU3,KXU3-26AUG,Will the unemployment rate (U-3) be above 5.0% in August?,Above 5.0%,jobs_growth,finalized,US_or_global_US_relevant_proxy,,closed_before_frozen_asof,,,,,,,,
KXU3-26AUG-T4.9,KXU3,KXU3-26AUG,Will the unemployment rate (U-3) be above 4.9% in August?,Above 4.9%,jobs_growth,finalized,US_or_global_US_relevant_proxy,,closed_before_frozen_asof,,,,,,,,
KXU3-26AUG-T4.8,KXU3,KXU3-26AUG,Will the unemployment rate (U-3) be above 4.8% in August?,Above 4.8%,jobs_growth,finalized,US_or_global_US_relevant_proxy,,closed_before_frozen_asof,,,,,,,,
KXU3-26AUG-T4.7,KXU3,KXU3-26AUG,Will the unemployment rate (U-3) be above 4.7% in August?,Above 4.7%,jobs_growth,finalized,US_or_global_US_relevant_proxy,,closed_before_frozen_asof,,,,,,,,
KXU3-26AUG-T4.6,KXU3,KXU3-26AUG,Will the unemployment rate (U-3) be above 4.6% in August?,Above 4.6%,jobs_growth,finalized,US_or_global_US_relevant_proxy,,closed_before_frozen_asof,,,,,,,,
KXU3-26AUG-T4.5,KXU3,KXU3-26AUG,Will the unemployment rate (U-3) be above 4.5% in August?,Above 4.5%,jobs_growth,finalized,US_or_global_US_relevant_proxy,,closed_before_frozen_asof,,,,,,,,
KXU3-26AUG-T4.4,KXU3,KXU3-26AUG,Will the unemployment rate (U-3) be above 4.4% in August?,Above 4.4%,jobs_growth,finalized,US_or_global_US_relevant_proxy,,closed_before_frozen_asof,,,,,,,,
KXU3-26AUG-T4.3,KXU3,KXU3-26AUG,Will the unemployment rate (U-3) be above 4.3% in August?,Above 4.3%,jobs_growth,finalized,US_or_global_US_relevant_proxy,,closed_before_frozen_asof,,,,,,,,
KXU3-26AUG-T4.2,KXU3,KXU3-26AUG,Will the unemployment rate (U-3) be above 4.2% in August?,Above 4.2%,jobs_growth,finalized,US_or_global_US_relevant_proxy,,closed_before_frozen_asof,,,,,,,,
KXU3-26AUG-T4.1,KXU3,KXU3-26AUG,Will the unemployment rate (U-3) be above 4.1% in August?,Above 4.1%,jobs_growth,finalized,US_or_global_US_relevant_proxy,,closed_before_frozen_asof,,,,,,,,
KXU3-26AUG-T4.0,KXU3,KXU3-26AUG,Will the unemployment rate (U-3) be above 4.0% in August?,Above 4.0%,jobs_growth,finalized,US_or_global_US_relevant_proxy,,closed_before_frozen_asof,,,,,,,,
KXU3-26AUG-T3.9,KXU3,KXU3-26AUG,Will the unemployment rate (U-3) be above 3.9% in August?,Above 3.9%,jobs_growth,finalized,US_or_global_US_relevant_proxy,,closed_before_frozen_asof,,,,,,,,
KXU3-26AUG-T3.8,KXU3,KXU3-26AUG,Will the unemployment rate (U-3) be above 3.8% in August?,Above 3.8%,jobs_growth,finalized,US_or_global_US_relevant_proxy,,closed_before_frozen_asof,,,,,,,,
KXU3-26AUG-T3.7,KXU3,KXU3-26AUG,Will the unemployment rate (U-3) be above 3.7% in August?,Above 3.7%,jobs_growth,finalized,US_or_global_US_relevant_proxy,,closed_before_frozen_asof,,,,,,,,
KXU3-26JUL-T5.0,KXU3,KXU3-26JUL,Will the unemployment rate (U-3) be above 5.0% in July?,Above 5.0%,jobs_growth,finalized,US_or_global_US_relevant_proxy,,closed_before_frozen_asof,,,,,,,,
KXU3-26JUL-T4.9,KXU3,KXU3-26JUL,Will the unemployment rate (U-3) be above 4.9% in July?,Above 4.9%,jobs_growth,finalized,US_or_global_US_relevant_proxy,,closed_before_frozen_asof,,,,,,,,
KXU3-26JUL-T4.8,KXU3,KXU3-26JUL,Will the unemployment rate (U-3) be above 4.8% in July?,Above 4.8%,jobs_growth,finalized,US_or_global_US_relevant_proxy,,closed_before_frozen_asof,,,,,,,,
KXU3-26JUL-T4.7,KXU3,KXU3-26JUL,Will the unemployment rate (U-3) be above 4.7% in July?,Above 4.7%,jobs_growth,finalized,US_or_global_US_relevant_proxy,,closed_before_frozen_asof,,,,,,,,
KXU3-26JUL-T4.6,KXU3,KXU3-26JUL,Will the unemployment rate (U-3) be above 4.6% in July?,Above 4.6%,jobs_growth,finalized,US_or_global_US_relevant_proxy,,closed_before_frozen_asof,,,,,,,,
KXU3-26JUL-T4.5,KXU3,KXU3-26JUL,Will the unemployment rate (U-3) be above 4.5% in July?,Above 4.5%,jobs_growth,finalized,US_or_global_US_relevant_proxy,,closed_before_frozen_asof,,,,,,,,
KXU3-26JUL-T4.4,KXU3,KXU3-26JUL,Will the unemployment rate (U-3) be above 4.4% in July?,Above 4.4%,jobs_growth,finalized,US_or_global_US_relevant_proxy,,closed_before_frozen_asof,,,,,,,,
KXU3-26JUL-T4.3,KXU3,KXU3-26JUL,Will the unemployment rate (U-3) be above 4.3% in July?,Above 4.3%,jobs_growth,finalized,US_or_global_US_relevant_proxy,,closed_before_frozen_asof,,,,,,,,
KXU3-26JUL-T4.2,KXU3,KXU3-26JUL,Will the unemployment rate (U-3) be above 4.2% in July?,Above 4.2%,jobs_growth,finalized,US_or_global_US_relevant_proxy,,closed_before_frozen_asof,,,,,,,,
KXU3-26JUL-T4.1,KXU3,KXU3-26JUL,Will the unemployment rate (U-3) be above 4.1% in July?,Above 4.1%,jobs_growth,finalized,US_or_global_US_relevant_proxy,,closed_before_frozen_asof,,,,,,,,
KXU3-26JUL-T4.0,KXU3,KXU3-26JUL,Will the unemployment rate (U-3) be above 4.0% in July?,Above 4.0%,jobs_growth,finalized,US_or_global_US_relevant_proxy,,closed_before_frozen_asof,,,,,,,,
KXU3-26JUL-T3.9,KXU3,KXU3-26JUL,Will the unemployment rate (U-3) be above 3.9% in July?,Above 3.9%,jobs_growth,finalized,US_or_global_US_relevant_proxy,,closed_before_frozen_asof,,,,,,,,
KXU3-26JUL-T3.8,KXU3,KXU3-26JUL,Will the unemployment rate (U-3) be above 3.8% in July?,Above 3.8%,jobs_growth,finalized,US_or_global_US_relevant_proxy,,closed_before_frozen_asof,,,,,,,,
KXU3-26JUL-T3.7,KXU3,KXU3-26JUL,Will the unemployment rate (U-3) be above 3.7% in July?,Above 3.7%,jobs_growth,finalized,US_or_global_US_relevant_proxy,,closed_before_frozen_asof,,,,,,,,
KXU3EOY-29JAN05-T9.5,KXU3EOY,KXU3EOY-29JAN05,Will the seasonally adjusted U.S. unemployment rate (U-3) for December 2028 be above 9.5%?,Above 9.5%,jobs_growth,active,US_or_global_US_relevant_proxy,2026-09-08T15:07:00Z,stale_observation,2026-09-06T05:00:00Z,58.11666666666667,,,,,,
KXU3EOY-29JAN05-T9.0,KXU3EOY,KXU3EOY-29JAN05,Will the seasonally adjusted U.S. unemployment rate (U-3) for December 2028 be above 9.0%?,Above 9.0%,jobs_growth,active,US_or_global_US_relevant_proxy,2026-09-08T15:07:00Z,stale_observation,2026-09-06T05:00:00Z,58.11666666666667,,,,,,
KXU3EOY-29JAN05-T8.5,KXU3EOY,KXU3EOY-29JAN05,Will the seasonally adjusted U.S. unemployment rate (U-3) for December 2028 be above 8.5%?,Above 8.5%,jobs_growth,active,US_or_global_US_relevant_proxy,2026-09-08T15:07:00Z,stale_observation,2026-09-06T05:00:00Z,58.11666666666667,,,,,,
KXU3EOY-29JAN05-T8.0,KXU3EOY,KXU3EOY-29JAN05,Will the seasonally adjusted U.S. unemployment rate (U-3) for December 2028 be above 8.0%?,Above 8.0%,jobs_growth,active,US_or_global_US_relevant_proxy,2026-09-08T15:07:00Z,stale_observation,2026-09-06T05:00:00Z,58.11666666666667,,,,,,
KXU3EOY-29JAN05-T7.5,KXU3EOY,KXU3EOY-29JAN05,Will the seasonally adjusted U.S. unemployment rate (U-3) for December 2028 be above 7.5%?,Above 7.5%,jobs_growth,active,US_or_global_US_relevant_proxy,2026-09-08T15:07:00Z,stale_observation,2026-09-06T05:00:00Z,58.11666666666667,,,,,,
KXU3EOY-29JAN05-T7.0,KXU3EOY,KXU3EOY-29JAN05,Will the seasonally adjusted U.S. unemployment rate (U-3) for December 2028 be above 7.0%?,Above 7.0%,jobs_growth,active,US_or_global_US_relevant_proxy,2026-09-08T15:07:00Z,stale_observation,2026-09-06T05:00:00Z,58.11666666666667,,,,,,
KXU3EOY-29JAN05-T6.5,KXU3EOY,KXU3EOY-29JAN05,Will the seasonally adjusted U.S. unemployment rate (U-3) for December 2028 be above 6.5%?,Above 6.5%,jobs_growth,active,US_or_global_US_relevant_proxy,2026-09-08T15:07:00Z,stale_observation,2026-09-06T05:00:00Z,58.11666666666667,,,,,,
KXU3EOY-29JAN05-T6.0,KXU3EOY,KXU3EOY-29JAN05,Will the seasonally adjusted U.S. unemployment rate (U-3) for December 2028 be above 6.0%?,Above 6.0%,jobs_growth,active,US_or_global_US_relevant_proxy,2026-09-08T15:07:00Z,stale_observation,2026-09-06T05:00:00Z,58.11666666666667,,,,,,
KXU3EOY-29JAN05-T5.5,KXU3EOY,KXU3EOY-29JAN05,Will the seasonally adjusted U.S. unemployment rate (U-3) for December 2028 be above 5.5%?,Above 5.5%,jobs_growth,active,US_or_global_US_relevant_proxy,2026-09-08T15:07:00Z,stale_observation,2026-09-06T05:00:00Z,58.11666666666667,,,,,,
KXU3EOY-29JAN05-T5.0,KXU3EOY,KXU3EOY-29JAN05,Will the seasonally adjusted U.S. unemployment rate (U-3) for December 2028 be above 5.0%?,Above 5.0%,jobs_growth,active,US_or_global_US_relevant_proxy,2026-09-08T15:07:00Z,usable,2026-09-08T01:00:00Z,14.116666666666667,0.665,0.62,0.71,0.08999999999999997,0.0,bar_age_only_actual_quote_update_time_unavailable
KXU3EOY-29JAN05-T4.5,KXU3EOY,KXU3EOY-29JAN05,Will the seasonally adjusted U.S. unemployment rate (U-3) for December 2028 be above 4.5%?,Above 4.5%,jobs_growth,active,US_or_global_US_relevant_proxy,2026-09-08T15:07:00Z,usable,2026-09-08T01:00:00Z,14.116666666666667,0.745,0.7,0.79,0.09000000000000008,0.0,bar_age_only_actual_quote_update_time_unavailable
KXU3EOY-29JAN05-T4.0,KXU3EOY,KXU3EOY-29JAN05,Will the seasonally adjusted U.S. unemployment rate (U-3) for December 2028 be above 4.0%?,Above 4.0%,jobs_growth,active,US_or_global_US_relevant_proxy,2026-09-08T15:07:00Z,stale_observation,2026-09-06T05:00:00Z,58.11666666666667,,,,,,
KXU3EOY-29JAN05-T3.5,KXU3EOY,KXU3EOY-29JAN05,Will the seasonally adjusted U.S. unemployment rate (U-3) for December 2028 be above 3.5%?,Above 3.5%,jobs_growth,active,US_or_global_US_relevant_proxy,2026-09-08T15:07:00Z,stale_observation,2026-09-06T05:00:00Z,58.11666666666667,,,,,,
KXU3EOY-29JAN05-T3.0,KXU3EOY,KXU3EOY-29JAN05,Will the seasonally adjusted U.S. unemployment rate (U-3) for December 2028 be above 3.0%?,Above 3.0%,jobs_growth,active,US_or_global_US_relevant_proxy,2026-09-08T15:07:00Z,stale_observation,2026-09-06T05:00:00Z,58.11666666666667,,,,,,
KXU3EOY-29JAN05-T10.0,KXU3EOY,KXU3EOY-29JAN05,Will the seasonally adjusted U.S. unemployment rate (U-3) for December 2028 be above 10.0%?,Above 10.0%,jobs_growth,active,US_or_global_US_relevant_proxy,2026-09-08T15:07:00Z,stale_observation,2026-09-06T10:00:00Z,53.11666666666667,,,,,,
KXU3EOY-28JAN07-T9.5,KXU3EOY,KXU3EOY-28JAN07,Will the seasonally adjusted U.S. unemployment rate (U-3) for December 2027 be above 9.5%?,Above 9.5%,jobs_growth,active,US_or_global_US_relevant_proxy,2026-09-08T15:07:00Z,usable,2026-09-08T09:00:00Z,6.116666666666666,0.030000000000000002,0.01,0.05,0.04,500.0,bar_age_only_actual_quote_update_time_unavailable
KXU3EOY-28JAN07-T9.0,KXU3EOY,KXU3EOY-28JAN07,Will the seasonally adjusted U.S. unemployment rate (U-3) for December 2027 be above 9.0%?,Above 9.0%,jobs_growth,active,US_or_global_US_relevant_proxy,2026-09-08T15:07:00Z,usable,2026-09-08T09:00:00Z,6.116666666666666,0.045,0.03,0.06,0.03,800.0,bar_age_only_actual_quote_update_time_unavailable
KXU3EOY-28JAN07-T8.5,KXU3EOY,KXU3EOY-28JAN07,Will the seasonally adjusted U.S. unemployment rate (U-3) for December 2027 be above 8.5%?,Above 8.5%,jobs_growth,active,US_or_global_US_relevant_proxy,2026-09-08T15:07:00Z,usable,2026-09-08T09:00:00Z,6.116666666666666,0.045,0.01,0.08,0.07,500.0,bar_age_only_actual_quote_update_time_unavailable
KXU3EOY-28JAN07-T8.0,KXU3EOY,KXU3EOY-28JAN07,Will the seasonally adjusted U.S. unemployment rate (U-3) for December 2027 be above 8.0%?,Above 8.0%,jobs_growth,active,US_or_global_US_relevant_proxy,2026-09-08T15:07:00Z,usable,2026-09-08T09:00:00Z,6.116666666666666,0.055,0.03,0.08,0.05,700.0,bar_age_only_actual_quote_update_time_unavailable
KXU3EOY-28JAN07-T7.5,KXU3EOY,KXU3EOY-28JAN07,Will the seasonally adjusted U.S. unemployment rate (U-3) for December 2027 be above 7.5%?,Above 7.5%,jobs_growth,active,US_or_global_US_relevant_proxy,2026-09-08T15:07:00Z,stale_observation,2026-09-06T05:00:00Z,58.11666666666667,,,,,,
KXU3EOY-28JAN07-T7.0,KXU3EOY,KXU3EOY-28JAN07,Will the seasonally adjusted U.S. unemployment rate (U-3) for December 2027 be above 7.0%?,Above 7.0%,jobs_growth,active,US_or_global_US_relevant_proxy,2026-09-08T15:07:00Z,stale_observation,2026-09-06T13:00:00Z,50.11666666666667,,,,,,
KXU3EOY-28JAN07-T6.5,KXU3EOY,KXU3EOY-28JAN07,Will the seasonally adjusted U.S. unemployment rate (U-3) for December 2027 be above 6.5%?,Above 6.5%,jobs_growth,active,US_or_global_US_relevant_proxy,2026-09-08T15:07:00Z,stale_observation,2026-09-07T09:00:00Z,30.116666666666667,,,,,,
KXU3EOY-28JAN07-T6.0,KXU3EOY,KXU3EOY-28JAN07,Will the seasonally adjusted U.S. unemployment rate (U-3) for December 2027 be above 6.0%?,Above 6.0%,jobs_growth,active,US_or_global_US_relevant_proxy,2026-09-08T15:07:00Z,stale_observation,2026-09-07T11:00:00Z,28.116666666666667,,,,,,
KXU3EOY-28JAN07-T5.5,KXU3EOY,KXU3EOY-28JAN07,Will the seasonally adjusted U.S. unemployment rate (U-3) for December 2027 be above 5.5%?,Above 5.5%,jobs_growth,active,US_or_global_US_relevant_proxy,2026-09-08T15:07:00Z,stale_observation,2026-09-07T12:00:00Z,27.116666666666667,,,,,,
KXU3EOY-28JAN07-T5.0,KXU3EOY,KXU3EOY-28JAN07,Will the seasonally adjusted U.S. unemployment rate (U-3) for December 2027 be above 5.0%?,Above 5.0%,jobs_growth,active,US_or_global_US_relevant_proxy,2026-09-08T15:07:00Z,stale_observation,2026-09-06T05:00:00Z,58.11666666666667,,,,,,
KXU3EOY-28JAN07-T4.5,KXU3EOY,KXU3EOY-28JAN07,Will the seasonally adjusted U.S. unemployment rate (U-3) for December 2027 be above 4.5%?,Above 4.5%,jobs_growth,active,US_or_global_US_relevant_proxy,2026-09-08T15:07:00Z,usable,2026-09-08T01:00:00Z,14.116666666666667,0.735,0.69,0.78,0.09000000000000008,0.0,bar_age_only_actual_quote_update_time_unavailable
KXU3EOY-28JAN07-T4.0,KXU3EOY,KXU3EOY-28JAN07,Will the seasonally adjusted U.S. unemployment rate (U-3) for December 2027 be above 4.0%?,Above 4.0%,jobs_growth,active,US_or_global_US_relevant_proxy,2026-09-08T15:07:00Z,stale_observation,2026-09-07T12:00:00Z,27.116666666666667,,,,,,
KXU3EOY-28JAN07-T3.5,KXU3EOY,KXU3EOY-28JAN07,Will the seasonally adjusted U.S. unemployment rate (U-3) for December 2027 be above 3.5%?,Above 3.5%,jobs_growth,active,US_or_global_US_relevant_proxy,2026-09-08T15:07:00Z,stale_observation,2026-09-06T14:00:00Z,49.11666666666667,,,,,,
KXU3EOY-28JAN07-T3.0,KXU3EOY,KXU3EOY-28JAN07,Will the seasonally adjusted U.S. unemployment rate (U-3) for December 2027 be above 3.0%?,Above 3.0%,jobs_growth,active,US_or_global_US_relevant_proxy,2026-09-08T15:07:00Z,stale_observation,2026-09-06T14:00:00Z,49.11666666666667,,,,,,
KXU3EOY-28JAN07-T10.0,KXU3EOY,KXU3EOY-28JAN07,Will the seasonally adjusted U.S. unemployment rate (U-3) for December 2027 be above 10.0%?,Above 10.0%,jobs_growth,active,US_or_global_US_relevant_proxy,2026-09-08T15:07:00Z,stale_observation,2026-09-06T14:00:00Z,49.11666666666667,,,,,,
KXU3EOY-27JAN08-T9.5,KXU3EOY,KXU3EOY-27JAN08,Will the seasonally adjusted U.S. unemployment rate (U-3) for December 2026 be above 9.5%?,Above 9.5%,jobs_growth,active,US_or_global_US_relevant_proxy,2026-09-08T15:07:00Z,stale_observation,2026-09-07T10:00:00Z,29.116666666666667,,,,,,
KXU3EOY-27JAN08-T9.0,KXU3EOY,KXU3EOY-27JAN08,Will the seasonally adjusted U.S. unemployment rate (U-3) for December 2026 be above 9.0%?,Above 9.0%,jobs_growth,active,US_or_global_US_relevant_proxy,2026-09-08T15:07:00Z,stale_observation,2026-09-07T10:00:00Z,29.116666666666667,,,,,,
KXU3EOY-27JAN08-T8.5,KXU3EOY,KXU3EOY-27JAN08,Will the seasonally adjusted U.S. unemployment rate (U-3) for December 2026 be above 8.5%?,Above 8.5%,jobs_growth,active,US_or_global_US_relevant_proxy,2026-09-08T15:07:00Z,stale_observation,2026-09-07T10:00:00Z,29.116666666666667,,,,,,
KXU3EOY-27JAN08-T8.0,KXU3EOY,KXU3EOY-27JAN08,Will the seasonally adjusted U.S. unemployment rate (U-3) for December 2026 be above 8.0%?,Above 8.0%,jobs_growth,active,US_or_global_US_relevant_proxy,2026-09-08T15:07:00Z,stale_observation,2026-09-07T10:00:00Z,29.116666666666667,,,,,,
KXU3EOY-27JAN08-T7.5,KXU3EOY,KXU3EOY-27JAN08,Will the seasonally adjusted U.S. unemployment rate (U-3) for December 2026 be above 7.5%?,Above 7.5%,jobs_growth,active,US_or_global_US_relevant_proxy,2026-09-08T15:07:00Z,stale_observation,2026-09-07T10:00:00Z,29.116666666666667,,,,,,
KXU3EOY-27JAN08-T7.0,KXU3EOY,KXU3EOY-27JAN08,Will the seasonally adjusted U.S. unemployment rate (U-3) for December 2026 be above 7.0%?,Above 7.0%,jobs_growth,active,US_or_global_US_relevant_proxy,2026-09-08T15:07:00Z,stale_observation,2026-09-07T10:00:00Z,29.116666666666667,,,,,,
KXU3EOY-27JAN08-T6.5,KXU3EOY,KXU3EOY-27JAN08,Will the seasonally adjusted U.S. unemployment rate (U-3) for December 2026 be above 6.5%?,Above 6.5%,jobs_growth,active,US_or_global_US_relevant_proxy,2026-09-08T15:07:00Z,stale_observation,2026-09-07T10:00:00Z,29.116666666666667,,,,,,
KXU3EOY-27JAN08-T6.0,KXU3EOY,KXU3EOY-27JAN08,Will the seasonally adjusted U.S. unemployment rate (U-3) for December 2026 be above 6.0%?,Above 6.0%,jobs_growth,active,US_or_global_US_relevant_proxy,2026-09-08T15:07:00Z,stale_observation,2026-09-07T10:00:00Z,29.116666666666667,,,,,,
KXU3EOY-27JAN08-T5.5,KXU3EOY,KXU3EOY-27JAN08,Will the seasonally adjusted U.S. unemployment rate (U-3) for December 2026 be above 5.5%?,Above 5.5%,jobs_growth,active,US_or_global_US_relevant_proxy,2026-09-08T15:07:00Z,usable,2026-09-08T09:00:00Z,6.116666666666666,0.065,0.03,0.1,0.07,1062.23,bar_age_only_actual_quote_update_time_unavailable
KXU3EOY-27JAN08-T5.0,KXU3EOY,KXU3EOY-27JAN08,Will the seasonally adjusted U.S. unemployment rate (U-3) for December 2026 be above 5.0%?,Above 5.0%,jobs_growth,active,US_or_global_US_relevant_proxy,2026-09-08T15:07:00Z,usable,2026-09-08T10:00:00Z,5.116666666666666,0.1,0.08,0.12,0.039999999999999994,1619.43,bar_age_only_actual_quote_update_time_unavailable
KXU3EOY-27JAN08-T4.5,KXU3EOY,KXU3EOY-27JAN08,Will the seasonally adjusted U.S. unemployment rate (U-3) for December 2026 be above 4.5%?,Above 4.5%,jobs_growth,active,US_or_global_US_relevant_proxy,2026-09-08T15:07:00Z,usable,2026-09-08T09:00:00Z,6.116666666666666,0.28,0.25,0.31,0.06,2729.49,bar_age_only_actual_quote_update_time_unavailable
KXU3EOY-27JAN08-T4.0,KXU3EOY,KXU3EOY-27JAN08,Will the seasonally adjusted U.S. unemployment rate (U-3) for December 2026 be above 4.0%?,Above 4.0%,jobs_growth,active,US_or_global_US_relevant_proxy,2026-09-08T15:07:00Z,stale_observation,2026-09-07T10:00:00Z,29.116666666666667,,,,,,
KXU3EOY-27JAN08-T3.5,KXU3EOY,KXU3EOY-27JAN08,Will the seasonally adjusted U.S. unemployment rate (U-3) for December 2026 be above 3.5%?,Above 3.5%,jobs_growth,active,US_or_global_US_relevant_proxy,2026-09-08T15:07:00Z,stale_observation,2026-09-07T10:00:00Z,29.116666666666667,,,,,,
KXU3EOY-27JAN08-T3.0,KXU3EOY,KXU3EOY-27JAN08,Will the seasonally adjusted U.S. unemployment rate (U-3) for December 2026 be above 3.0%?,Above 3.0%,jobs_growth,active,US_or_global_US_relevant_proxy,2026-09-08T15:07:00Z,stale_observation,2026-09-07T10:00:00Z,29.116666666666667,,,,,,
KXU3EOY-27JAN08-T10.0,KXU3EOY,KXU3EOY-27JAN08,Will the seasonally adjusted U.S. unemployment rate (U-3) for December 2026 be above 10.0%?,Above 10.0%,jobs_growth,active,US_or_global_US_relevant_proxy,2026-09-08T15:07:00Z,stale_observation,2026-09-07T10:00:00Z,29.116666666666667,,,,,,
KXUSCPIYEAR-29FEB01-T6.0,KXUSCPIYEAR,KXUSCPIYEAR-29FEB01,Will the 12-month percentage change in CPI-U in December 2028 be above 6.0%?,Above 6.0%,affordability_inflation,active,US_or_global_US_relevant_proxy,2026-09-08T15:07:00Z,usable,2026-09-08T04:00:00Z,11.116666666666667,0.075,0.0,0.15,0.15,3.01,bar_age_only_actual_quote_update_time_unavailable
KXUSCPIYEAR-29FEB01-T5.5,KXUSCPIYEAR,KXUSCPIYEAR-29FEB01,Will the 12-month percentage change in CPI-U in December 2028 be above 5.5%?,Above 5.5%,affordability_inflation,active,US_or_global_US_relevant_proxy,2026-09-08T15:07:00Z,usable,2026-09-08T04:00:00Z,11.116666666666667,0.1,0.0,0.2,0.2,9.0,bar_age_only_actual_quote_update_time_unavailable
KXUSCPIYEAR-29FEB01-T5.0,KXUSCPIYEAR,KXUSCPIYEAR-29FEB01,Will the 12-month percentage change in CPI-U in December 2028 be above 5.0%?,Above 5.0%,affordability_inflation,active,US_or_global_US_relevant_proxy,2026-09-08T15:07:00Z,stale_observation,2026-08-28T14:00:00Z,265.1166666666667,,,,,,
KXUSCPIYEAR-29FEB01-T4.5,KXUSCPIYEAR,KXUSCPIYEAR-29FEB01,Will the 12-month percentage change in CPI-U in December 2028 be above 4.5%?,Above 4.5%,affordability_inflation,active,US_or_global_US_relevant_proxy,2026-09-08T15:07:00Z,usable,2026-09-08T09:00:00Z,6.116666666666666,0.1,0.0,0.2,0.2,26.0,bar_age_only_actual_quote_update_time_unavailable
KXUSCPIYEAR-29FEB01-T4.0,KXUSCPIYEAR,KXUSCPIYEAR-29FEB01,Will the 12-month percentage change in CPI-U in December 2028 be above 4.0%?,Above 4.0%,affordability_inflation,active,US_or_global_US_relevant_proxy,2026-09-08T15:07:00Z,usable,2026-09-08T09:00:00Z,6.116666666666666,0.16,0.09,0.23,0.14,329.64,bar_age_only_actual_quote_update_time_unavailable
KXUSCPIYEAR-29FEB01-T3.5,KXUSCPIYEAR,KXUSCPIYEAR-29FEB01,Will the 12-month percentage change in CPI-U in December 2028 be above 3.5%?,Above 3.5%,affordability_inflation,active,US_or_global_US_relevant_proxy,2026-09-08T15:07:00Z,usable,2026-09-08T09:00:00Z,6.116666666666666,0.26,0.21,0.31,0.1,423.01,bar_age_only_actual_quote_update_time_unavailable
KXUSCPIYEAR-29FEB01-T3.0,KXUSCPIYEAR,KXUSCPIYEAR-29FEB01,Will the 12-month percentage change in CPI-U in December 2028 be above 3.0%?,Above 3.0%,affordability_inflation,active,US_or_global_US_relevant_proxy,2026-09-08T15:07:00Z,stale_observation,2026-08-10T13:00:00Z,698.1166666666667,,,,,,
KXUSCPIYEAR-29FEB01-T2.5,KXUSCPIYEAR,KXUSCPIYEAR-29FEB01,Will the 12-month percentage change in CPI-U in December 2028 be above 2.5%?,Above 2.5%,affordability_inflation,active,US_or_global_US_relevant_proxy,2026-09-08T15:07:00Z,stale_observation,2026-08-11T04:00:00Z,683.1166666666667,,,,,,
KXUSCPIYEAR-29FEB01-T2.0,KXUSCPIYEAR,KXUSCPIYEAR-29FEB01,Will the 12-month percentage change in CPI-U in December 2028 be above 2.0%?,Above 2.0%,affordability_inflation,active,US_or_global_US_relevant_proxy,2026-09-08T15:07:00Z,stale_observation,2026-09-01T17:00:00Z,166.11666666666667,,,,,,
KXUSCPIYEAR-29FEB01-T1.5,KXUSCPIYEAR,KXUSCPIYEAR-29FEB01,Will the 12-month percentage change in CPI-U in December 2028 be above 1.5%?,Above 1.5%,affordability_inflation,active,US_or_global_US_relevant_proxy,2026-09-08T15:07:00Z,usable,2026-09-08T11:00:00Z,4.116666666666666,0.585,0.48,0.69,0.20999999999999996,226.16,bar_age_only_actual_quote_update_time_unavailable
KXUSCPIYEAR-29FEB01-T1.0,KXUSCPIYEAR,KXUSCPIYEAR-29FEB01,Will the 12-month percentage change in CPI-U in December 2028 be above 1.0%?,Above 1.0%,affordability_inflation,active,US_or_global_US_relevant_proxy,2026-09-08T15:07:00Z,usable,2026-09-08T03:00:00Z,12.116666666666667,0.6499999999999999,0.61,0.69,0.07999999999999996,486.01,bar_age_only_actual_quote_update_time_unavailable
KXUSCPIYEAR-29FEB01-T0.5,KXUSCPIYEAR,KXUSCPIYEAR-29FEB01,Will the 12-month percentage change in CPI-U in December 2028 be above 0.5%?,Above 0.5%,affordability_inflation,active,US_or_global_US_relevant_proxy,2026-09-08T15:07:00Z,stale_observation,2026-08-28T06:00:00Z,273.1166666666667,,,,,,
KXUSCPIYEAR-29FEB01-T0.0,KXUSCPIYEAR,KXUSCPIYEAR-29FEB01,Will the 12-month percentage change in CPI-U in December 2028 be above 0.0%?,Above 0.0%,affordability_inflation,active,US_or_global_US_relevant_proxy,2026-09-08T15:07:00Z,usable,2026-09-08T04:00:00Z,11.116666666666667,0.9450000000000001,0.93,0.96,0.029999999999999916,12.01,bar_age_only_actual_quote_update_time_unavailable
KXUSCPIYEAR-28FEB01-T6.0,KXUSCPIYEAR,KXUSCPIYEAR-28FEB01,Will the 12-month percentage change in CPI-U in December 2027 be above 6.0%?,Above 6.0%,affordability_inflation,active,US_or_global_US_relevant_proxy,2026-09-08T15:07:00Z,usable,2026-09-08T09:00:00Z,6.116666666666666,0.065,0.04,0.09,0.049999999999999996,147.0,bar_age_only_actual_quote_update_time_unavailable
KXUSCPIYEAR-28FEB01-T5.5,KXUSCPIYEAR,KXUSCPIYEAR-28FEB01,Will the 12-month percentage change in CPI-U in December 2027 be above 5.5%?,Above 5.5%,affordability_inflation,active,US_or_global_US_relevant_proxy,2026-09-08T15:07:00Z,usable,2026-09-08T09:00:00Z,6.116666666666666,0.095,0.04,0.15,0.10999999999999999,48.0,bar_age_only_actual_quote_update_time_unavailable
KXUSCPIYEAR-28FEB01-T5.0,KXUSCPIYEAR,KXUSCPIYEAR-28FEB01,Will the 12-month percentage change in CPI-U in December 2027 be above 5.0%?,Above 5.0%,affordability_inflation,active,US_or_global_US_relevant_proxy,2026-09-08T15:07:00Z,usable,2026-09-08T09:00:00Z,6.116666666666666,0.095,0.07,0.12,0.04999999999999999,107.0,bar_age_only_actual_quote_update_time_unavailable
KXUSCPIYEAR-28FEB01-T4.5,KXUSCPIYEAR,KXUSCPIYEAR-28FEB01,Will the 12-month percentage change in CPI-U in December 2027 be above 4.5%?,Above 4.5%,affordability_inflation,active,US_or_global_US_relevant_proxy,2026-09-08T15:07:00Z,stale_observation,2026-09-03T10:00:00Z,125.11666666666666,,,,,,
KXUSCPIYEAR-28FEB01-T4.0,KXUSCPIYEAR,KXUSCPIYEAR-28FEB01,Will the 12-month percentage change in CPI-U in December 2027 be above 4.0%?,Above 4.0%,affordability_inflation,active,US_or_global_US_relevant_proxy,2026-09-08T15:07:00Z,usable,2026-09-08T10:00:00Z,5.116666666666666,0.22499999999999998,0.15,0.3,0.15,18.25,bar_age_only_actual_quote_update_time_unavailable
KXUSCPIYEAR-28FEB01-T3.5,KXUSCPIYEAR,KXUSCPIYEAR-28FEB01,Will the 12-month percentage change in CPI-U in December 2027 be above 3.5%?,Above 3.5%,affordability_inflation,active,US_or_global_US_relevant_proxy,2026-09-08T15:07:00Z,stale_observation,2026-09-02T05:00:00Z,154.11666666666667,,,,,,
KXUSCPIYEAR-28FEB01-T3.0,KXUSCPIYEAR,KXUSCPIYEAR-28FEB01,Will the 12-month percentage change in CPI-U in December 2027 be above 3.0%?,Above 3.0%,affordability_inflation,active,US_or_global_US_relevant_proxy,2026-09-08T15:07:00Z,stale_observation,2026-09-03T07:00:00Z,128.11666666666667,,,,,,
KXUSCPIYEAR-28FEB01-T2.5,KXUSCPIYEAR,KXUSCPIYEAR-28FEB01,Will the 12-month percentage change in CPI-U in December 2027 be above 2.5%?,Above 2.5%,affordability_inflation,active,US_or_global_US_relevant_proxy,2026-09-08T15:07:00Z,usable,2026-09-08T15:00:00Z,0.11666666666666667,0.71,0.7,0.72,0.020000000000000018,1766.81,bar_age_only_actual_quote_update_time_unavailable
KXUSCPIYEAR-28FEB01-T2.0,KXUSCPIYEAR,KXUSCPIYEAR-28FEB01,Will the 12-month percentage change in CPI-U in December 2027 be above 2.0%?,Above 2.0%,affordability_inflation,active,US_or_global_US_relevant_proxy,2026-09-08T15:07:00Z,usable,2026-09-08T09:00:00Z,6.116666666666666,0.71,0.61,0.81,0.20000000000000007,1075.32,bar_age_only_actual_quote_update_time_unavailable
KXUSCPIYEAR-28FEB01-T1.5,KXUSCPIYEAR,KXUSCPIYEAR-28FEB01,Will the 12-month percentage change in CPI-U in December 2027 be above 1.5%?,Above 1.5%,affordability_inflation,active,US_or_global_US_relevant_proxy,2026-09-08T15:07:00Z,usable,2026-09-08T09:00:00Z,6.116666666666666,0.87,0.79,0.95,0.15999999999999992,148.03,bar_age_only_actual_quote_update_time_unavailable
KXUSCPIYEAR-28FEB01-T1.0,KXUSCPIYEAR,KXUSCPIYEAR-28FEB01,Will the 12-month percentage change in CPI-U in December 2027 be above 1.0%?,Above 1.0%,affordability_inflation,active,US_or_global_US_relevant_proxy,2026-09-08T15:07:00Z,usable,2026-09-08T09:00:00Z,6.116666666666666,0.895,0.83,0.96,0.13,47.1,bar_age_only_actual_quote_update_time_unavailable
KXUSCPIYEAR-28FEB01-T0.5,KXUSCPIYEAR,KXUSCPIYEAR-28FEB01,Will the 12-month percentage change in CPI-U in December 2027 be above 0.5%?,Above 0.5%,affordability_inflation,active,US_or_global_US_relevant_proxy,2026-09-08T15:07:00Z,usable,2026-09-08T09:00:00Z,6.116666666666666,0.9299999999999999,0.88,0.98,0.09999999999999998,19.0,bar_age_only_actual_quote_update_time_unavailable
KXUSCPIYEAR-28FEB01-T0.0,KXUSCPIYEAR,KXUSCPIYEAR-28FEB01,Will the 12-month percentage change in CPI-U in December 2027 be above 0.0%?,Above 0.0%,affordability_inflation,active,US_or_global_US_relevant_proxy,2026-09-08T15:07:00Z,usable,2026-09-08T09:00:00Z,6.116666666666666,0.975,0.95,1.0,0.050000000000000044,2041.0,bar_age_only_actual_quote_update_time_unavailable
KXUSDCCAPACITY-27MAR05-T65.0,KXUSDCCAPACITY,KXUSDCCAPACITY-27MAR05,Will Americas operational data center capacity for 2026 be above 65.0 GW?,Above 65.0 GW,electricity_datacenters,active,US_or_global_US_relevant_proxy,2026-09-08T15:07:00Z,stale_observation,2026-09-04T07:00:00Z,104.11666666666666,,,,,,
KXUSDCCAPACITY-27MAR05-T62.5,KXUSDCCAPACITY,KXUSDCCAPACITY-27MAR05,Will Americas operational data center capacity for 2026 be above 62.5 GW?,Above 62.5 GW,electricity_datacenters,active,US_or_global_US_relevant_proxy,2026-09-08T15:07:00Z,stale_observation,2026-09-04T19:00:00Z,92.11666666666666,,,,,,
KXUSDCCAPACITY-27MAR05-T60.0,KXUSDCCAPACITY,KXUSDCCAPACITY-27MAR05,Will Americas operational data center capacity for 2026 be above 60.0 GW?,Above 60.0 GW,electricity_datacenters,active,US_or_global_US_relevant_proxy,2026-09-08T15:07:00Z,stale_observation,2026-09-04T19:00:00Z,92.11666666666666,,,,,,
KXUSDCCAPACITY-27MAR05-T57.5,KXUSDCCAPACITY,KXUSDCCAPACITY-27MAR05,Will Americas operational data center capacity for 2026 be above 57.5 GW?,Above 57.5 GW,electricity_datacenters,active,US_or_global_US_relevant_proxy,2026-09-08T15:07:00Z,stale_observation,2026-09-06T15:00:00Z,48.11666666666667,,,,,,
KXUSDCCAPACITY-27MAR05-T55.0,KXUSDCCAPACITY,KXUSDCCAPACITY-27MAR05,Will Americas operational data center capacity for 2026 be above 55.0 GW?,Above 55.0 GW,electricity_datacenters,active,US_or_global_US_relevant_proxy,2026-09-08T15:07:00Z,stale_observation,2026-09-06T15:00:00Z,48.11666666666667,,,,,,
KXUSDCCAPACITY-27MAR05-T52.5,KXUSDCCAPACITY,KXUSDCCAPACITY-27MAR05,Will Americas operational data center capacity for 2026 be above 52.5 GW?,Above 52.5 GW,electricity_datacenters,active,US_or_global_US_relevant_proxy,2026-09-08T15:07:00Z,stale_observation,2026-09-06T15:00:00Z,48.11666666666667,,,,,,
KXUSDCCAPACITY-27MAR05-T50.0,KXUSDCCAPACITY,KXUSDCCAPACITY-27MAR05,Will Americas operational data center capacity for 2026 be above 50.0 GW?,Above 50.0 GW,electricity_datacenters,active,US_or_global_US_relevant_proxy,2026-09-08T15:07:00Z,stale_observation,2026-09-06T15:00:00Z,48.11666666666667,,,,,,
KXUSDCCAPACITY-27MAR05-T47.5,KXUSDCCAPACITY,KXUSDCCAPACITY-27MAR05,Will Americas operational data center capacity for 2026 be above 47.5 GW?,Above 47.5 GW,electricity_datacenters,active,US_or_global_US_relevant_proxy,2026-09-08T15:07:00Z,stale_observation,2026-09-06T15:00:00Z,48.11666666666667,,,,,,
KXUSDCCAPACITY-27MAR05-T45.0,KXUSDCCAPACITY,KXUSDCCAPACITY-27MAR05,Will Americas operational data center capacity for 2026 be above 45.0 GW?,Above 45.0 GW,electricity_datacenters,active,US_or_global_US_relevant_proxy,2026-09-08T15:07:00Z,stale_observation,2026-09-06T15:00:00Z,48.11666666666667,,,,,,
KXUSGASCPI-26JUN10-T379,KXUSGASCPI,KXUSGASCPI-26JUN10,Will Gasoline (All Types) in U.S. City Average for May 2026 be above 379ㅤ?,Above 379ㅤ,affordability_inflation|energy_iran,finalized,US_or_global_US_relevant_proxy,,closed_before_frozen_asof,,,,,,,,
KXUSGASCPI-26JUN10-T378,KXUSGASCPI,KXUSGASCPI-26JUN10,Will Gasoline (All Types) in U.S. City Average for May 2026 be above 378ㅤ?,Above 378ㅤ,affordability_inflation|energy_iran,finalized,US_or_global_US_relevant_proxy,,closed_before_frozen_asof,,,,,,,,
KXUSGASCPI-26JUN10-T377,KXUSGASCPI,KXUSGASCPI-26JUN10,Will Gasoline (All Types) in U.S. City Average for May 2026 be above 377ㅤ?,Above 377ㅤ,affordability_inflation|energy_iran,finalized,US_or_global_US_relevant_proxy,,closed_before_frozen_asof,,,,,,,,
KXUSGASCPI-26JUN10-T376,KXUSGASCPI,KXUSGASCPI-26JUN10,Will Gasoline (All Types) in U.S. City Average for May 2026 be above 376ㅤ?,Above 376ㅤ,affordability_inflation|energy_iran,finalized,US_or_global_US_relevant_proxy,,closed_before_frozen_asof,,,,,,,,
KXUSGASCPI-26JUN10-T415,KXUSGASCPI,KXUSGASCPI-26JUN10,Will Gasoline (All Types) in U.S. City Average for May 2026 be above 415ㅤ?,Above 415ㅤ,affordability_inflation|energy_iran,finalized,US_or_global_US_relevant_proxy,,closed_before_frozen_asof,,,,,,,,
KXUSGASCPI-26JUN10-T410,KXUSGASCPI,KXUSGASCPI-26JUN10,Will Gasoline (All Types) in U.S. City Average for May 2026 be above 410ㅤ?,Above 410ㅤ,affordability_inflation|energy_iran,finalized,US_or_global_US_relevant_proxy,,closed_before_frozen_asof,,,,,,,,
KXUSGASCPI-26JUN10-T405,KXUSGASCPI,KXUSGASCPI-26JUN10,Will Gasoline (All Types) in U.S. City Average for May 2026 be above 405ㅤ?,Above 405ㅤ,affordability_inflation|energy_iran,finalized,US_or_global_US_relevant_proxy,,closed_before_frozen_asof,,,,,,,,
KXUSGASCPI-26JUN10-T400,KXUSGASCPI,KXUSGASCPI-26JUN10,Will Gasoline (All Types) in U.S. City Average for May 2026 be above 400ㅤ?,Above 400ㅤ,affordability_inflation|energy_iran,finalized,US_or_global_US_relevant_proxy,,closed_before_frozen_asof,,,,,,,,
KXUSGASCPI-26JUN10-T395,KXUSGASCPI,KXUSGASCPI-26JUN10,Will Gasoline (All Types) in U.S. City Average for May 2026 be above 395ㅤ?,Above 395ㅤ,affordability_inflation|energy_iran,finalized,US_or_global_US_relevant_proxy,,closed_before_frozen_asof,,,,,,,,
KXUSGASCPI-26JUN10-T390,KXUSGASCPI,KXUSGASCPI-26JUN10,Will Gasoline (All Types) in U.S. City Average for May 2026 be above 390ㅤ?,Above 390ㅤ,affordability_inflation|energy_iran,finalized,US_or_global_US_relevant_proxy,,closed_before_frozen_asof,,,,,,,,
KXUSGASCPI-26JUN10-T385,KXUSGASCPI,KXUSGASCPI-26JUN10,Will Gasoline (All Types) in U.S. City Average for May 2026 be above 385ㅤ?,Above 385ㅤ,affordability_inflation|energy_iran,finalized,US_or_global_US_relevant_proxy,,closed_before_frozen_asof,,,,,,,,
KXUSGASCPI-26JUN10-T380,KXUSGASCPI,KXUSGASCPI-26JUN10,Will Gasoline (All Types) in U.S. City Average for May 2026 be above 380ㅤ?,Above 380ㅤ,affordability_inflation|energy_iran,finalized,US_or_global_US_relevant_proxy,,closed_before_frozen_asof,,,,,,,,
KXUSGASCPI-26JUN10-T375,KXUSGASCPI,KXUSGASCPI-26JUN10,Will Gasoline (All Types) in U.S. City Average for May 2026 be above 375ㅤ?,Above 375ㅤ,affordability_inflation|energy_iran,finalized,US_or_global_US_relevant_proxy,,closed_before_frozen_asof,,,,,,,,
KXUSGASCPI-26JUN10-T370,KXUSGASCPI,KXUSGASCPI-26JUN10,Will Gasoline (All Types) in U.S. City Average for May 2026 be above 370ㅤ?,Above 370ㅤ,affordability_inflation|energy_iran,finalized,US_or_global_US_relevant_proxy,,closed_before_frozen_asof,,,,,,,,
KXUSGASCPI-26JUN10-T365,KXUSGASCPI,KXUSGASCPI-26JUN10,Will Gasoline (All Types) in U.S. City Average for May 2026 be above 365ㅤ?,Above 365ㅤ,affordability_inflation|energy_iran,finalized,US_or_global_US_relevant_proxy,,closed_before_frozen_asof,,,,,,,,
KXUSGASCPI-26JUN10-T360,KXUSGASCPI,KXUSGASCPI-26JUN10,Will Gasoline (All Types) in U.S. City Average for May 2026 be above 360ㅤ?,Above 360ㅤ,affordability_inflation|energy_iran,finalized,US_or_global_US_relevant_proxy,,closed_before_frozen_asof,,,,,,,,
KXUSGASCPI-26JUN10-T355,KXUSGASCPI,KXUSGASCPI-26JUN10,Will Gasoline (All Types) in U.S. City Average for May 2026 be above 355ㅤ?,Above 355ㅤ,affordability_inflation|energy_iran,finalized,US_or_global_US_relevant_proxy,,closed_before_frozen_asof,,,,,,,,
KXUSGASCPI-26JUN10-T350,KXUSGASCPI,KXUSGASCPI-26JUN10,Will Gasoline (All Types) in U.S. City Average for May 2026 be above 350ㅤ?,Above 350ㅤ,affordability_inflation|energy_iran,finalized,US_or_global_US_relevant_proxy,,closed_before_frozen_asof,,,,,,,,
KXUSGASCPI-26JUN10-T345,KXUSGASCPI,KXUSGASCPI-26JUN10,Will Gasoline (All Types) in U.S. City Average for May 2026 be above 345ㅤ?,Above 345ㅤ,affordability_inflation|energy_iran,finalized,US_or_global_US_relevant_proxy,,closed_before_frozen_asof,,,,,,,,
KXUSGASCPI-26JUN10-T340,KXUSGASCPI,KXUSGASCPI-26JUN10,Will Gasoline (All Types) in U.S. City Average for May 2026 be above 340ㅤ?,Above 340ㅤ,affordability_inflation|energy_iran,finalized,US_or_global_US_relevant_proxy,,closed_before_frozen_asof,,,,,,,,
KXUSGASCPI-26JUN10-T335,KXUSGASCPI,KXUSGASCPI-26JUN10,Will Gasoline (All Types) in U.S. City Average for May 2026 be above 335ㅤ?,Above 335ㅤ,affordability_inflation|energy_iran,finalized,US_or_global_US_relevant_proxy,,closed_before_frozen_asof,,,,,,,,
KXUSGASCPI-26JUN10-T330,KXUSGASCPI,KXUSGASCPI-26JUN10,Will Gasoline (All Types) in U.S. City Average for May 2026 be above 330ㅤ?,Above 330ㅤ,affordability_inflation|energy_iran,finalized,US_or_global_US_relevant_proxy,,closed_before_frozen_asof,,,,,,,,
KXUSGASCPI-26SEP11-T355,KXUSGASCPI,KXUSGASCPI-26SEP11,Will Gasoline (All Types) in U.S. City Average for August 2026 be above 355?,Above 355,affordability_inflation|energy_iran,active,US_or_global_US_relevant_proxy,2026-09-08T15:07:00Z,usable,2026-09-08T15:00:00Z,0.11666666666666667,0.015,0.0,0.03,0.03,0.0,bar_age_only_actual_quote_update_time_unavailable
KXUSGASCPI-26SEP11-T354,KXUSGASCPI,KXUSGASCPI-26SEP11,Will Gasoline (All Types) in U.S. City Average for August 2026 be above 354?,Above 354,affordability_inflation|energy_iran,active,US_or_global_US_relevant_proxy,2026-09-08T15:07:00Z,usable,2026-09-08T15:00:00Z,0.11666666666666667,0.02,0.0,0.04,0.04,0.0,bar_age_only_actual_quote_update_time_unavailable
KXUSGASCPI-26SEP11-T353,KXUSGASCPI,KXUSGASCPI-26SEP11,Will Gasoline (All Types) in U.S. City Average for August 2026 be above 353?,Above 353,affordability_inflation|energy_iran,active,US_or_global_US_relevant_proxy,2026-09-08T15:07:00Z,usable,2026-09-08T15:00:00Z,0.11666666666666667,0.015,0.0,0.03,0.03,0.0,bar_age_only_actual_quote_update_time_unavailable
KXUSGASCPI-26SEP11-T352,KXUSGASCPI,KXUSGASCPI-26SEP11,Will Gasoline (All Types) in U.S. City Average for August 2026 be above 352?,Above 352,affordability_inflation|energy_iran,active,US_or_global_US_relevant_proxy,2026-09-08T15:07:00Z,usable,2026-09-08T07:00:00Z,8.116666666666667,0.04,0.01,0.07,0.060000000000000005,530.08,bar_age_only_actual_quote_update_time_unavailable
KXUSGASCPI-26SEP11-T351,KXUSGASCPI,KXUSGASCPI-26SEP11,Will Gasoline (All Types) in U.S. City Average for August 2026 be above 351?,Above 351,affordability_inflation|energy_iran,active,US_or_global_US_relevant_proxy,2026-09-08T15:07:00Z,usable,2026-09-08T10:00:00Z,5.116666666666666,0.045,0.0,0.09,0.09,397.49,bar_age_only_actual_quote_update_time_unavailable
KXUSGASCPI-26SEP11-T349,KXUSGASCPI,KXUSGASCPI-26SEP11,Will Gasoline (All Types) in U.S. City Average for August 2026 be above 349?,Above 349,affordability_inflation|energy_iran,active,US_or_global_US_relevant_proxy,2026-09-08T15:07:00Z,usable,2026-09-08T10:00:00Z,5.116666666666666,0.06,0.0,0.12,0.12,2190.76,bar_age_only_actual_quote_update_time_unavailable
KXUSGASCPI-26SEP11-T348,KXUSGASCPI,KXUSGASCPI-26SEP11,Will Gasoline (All Types) in U.S. City Average for August 2026 be above 348?,Above 348,affordability_inflation|energy_iran,active,US_or_global_US_relevant_proxy,2026-09-08T15:07:00Z,usable,2026-09-08T06:00:00Z,9.116666666666667,0.10500000000000001,0.01,0.2,0.19,583.13,bar_age_only_actual_quote_update_time_unavailable
KXUSGASCPI-26SEP11-T347,KXUSGASCPI,KXUSGASCPI-26SEP11,Will Gasoline (All Types) in U.S. City Average for August 2026 be above 347?,Above 347,affordability_inflation|energy_iran,active,US_or_global_US_relevant_proxy,2026-09-08T15:07:00Z,usable,2026-09-08T13:00:00Z,2.1166666666666667,0.33999999999999997,0.33,0.35,0.019999999999999962,6446.74,bar_age_only_actual_quote_update_time_unavailable
KXUSGASCPI-26SEP11-T346,KXUSGASCPI,KXUSGASCPI-26SEP11,Will Gasoline (All Types) in U.S. City Average for August 2026 be above 346?,Above 346,affordability_inflation|energy_iran,active,US_or_global_US_relevant_proxy,2026-09-08T15:07:00Z,usable,2026-09-08T15:00:00Z,0.11666666666666667,0.45,0.4,0.5,0.09999999999999998,6464.99,bar_age_only_actual_quote_update_time_unavailable
KXUSGASCPI-26SEP11-T345,KXUSGASCPI,KXUSGASCPI-26SEP11,Will Gasoline (All Types) in U.S. City Average for August 2026 be above 345?,Above 345,affordability_inflation|energy_iran,active,US_or_global_US_relevant_proxy,2026-09-08T15:07:00Z,usable,2026-09-08T06:00:00Z,9.116666666666667,0.73,0.7,0.76,0.06000000000000005,789.86,bar_age_only_actual_quote_update_time_unavailable
KXUSGASCPI-26SEP11-T344,KXUSGASCPI,KXUSGASCPI-26SEP11,Will Gasoline (All Types) in U.S. City Average for August 2026 be above 344?,Above 344,affordability_inflation|energy_iran,active,US_or_global_US_relevant_proxy,2026-09-08T15:07:00Z,usable,2026-09-08T03:00:00Z,12.116666666666667,0.895,0.8,0.99,0.18999999999999995,912.24,bar_age_only_actual_quote_update_time_unavailable
KXUSGASCPI-26SEP11-T343,KXUSGASCPI,KXUSGASCPI-26SEP11,Will Gasoline (All Types) in U.S. City Average for August 2026 be above 343?,Above 343,affordability_inflation|energy_iran,active,US_or_global_US_relevant_proxy,2026-09-08T15:07:00Z,usable,2026-09-07T17:00:00Z,22.116666666666667,0.905,0.82,0.99,0.17000000000000004,545.0,bar_age_only_actual_quote_update_time_unavailable
KXUSGASCPI-26SEP11-T342,KXUSGASCPI,KXUSGASCPI-26SEP11,Will Gasoline (All Types) in U.S. City Average for August 2026 be above 342?,Above 342,affordability_inflation|energy_iran,active,US_or_global_US_relevant_proxy,2026-09-08T15:07:00Z,usable,2026-09-08T10:00:00Z,5.116666666666666,0.95,0.9,1.0,0.09999999999999998,126.0,bar_age_only_actual_quote_update_time_unavailable
KXUSGASCPI-26SEP11-T341,KXUSGASCPI,KXUSGASCPI-26SEP11,Will Gasoline (All Types) in U.S. City Average for August 2026 be above 341?,Above 341,affordability_inflation|energy_iran,active,US_or_global_US_relevant_proxy,2026-09-08T15:07:00Z,usable,2026-09-08T10:00:00Z,5.116666666666666,0.96,0.92,1.0,0.07999999999999996,25.0,bar_age_only_actual_quote_update_time_unavailable
KXUSGASCPI-26AUG12-T339,KXUSGASCPI,KXUSGASCPI-26AUG12,Will Gasoline (All Types) in U.S. City Average for July 2026 be above 339ㅤ?,Above 339ㅤ,affordability_inflation|energy_iran,finalized,US_or_global_US_relevant_proxy,,closed_before_frozen_asof,,,,,,,,
KXUSGASCPI-26AUG12-T338,KXUSGASCPI,KXUSGASCPI-26AUG12,Will Gasoline (All Types) in U.S. City Average for July 2026 be above 338ㅤ?,Above 338ㅤ,affordability_inflation|energy_iran,finalized,US_or_global_US_relevant_proxy,,closed_before_frozen_asof,,,,,,,,
KXUSGASCPI-26AUG12-T337,KXUSGASCPI,KXUSGASCPI-26AUG12,Will Gasoline (All Types) in U.S. City Average for July 2026 be above 337ㅤ?,Above 337ㅤ,affordability_inflation|energy_iran,finalized,US_or_global_US_relevant_proxy,,closed_before_frozen_asof,,,,,,,,
KXUSGASCPI-26AUG12-T336,KXUSGASCPI,KXUSGASCPI-26AUG12,Will Gasoline (All Types) in U.S. City Average for July 2026 be above 336ㅤ?,Above 336ㅤ,affordability_inflation|energy_iran,finalized,US_or_global_US_relevant_proxy,,closed_before_frozen_asof,,,,,,,,
KXUSGASCPI-26AUG12-T335,KXUSGASCPI,KXUSGASCPI-26AUG12,Will Gasoline (All Types) in U.S. City Average for July 2026 be above 335ㅤ?,Above 335ㅤ,affordability_inflation|energy_iran,finalized,US_or_global_US_relevant_proxy,,closed_before_frozen_asof,,,,,,,,
KXUSGASCPI-26AUG12-T334,KXUSGASCPI,KXUSGASCPI-26AUG12,Will Gasoline (All Types) in U.S. City Average for July 2026 be above 334ㅤ?,Above 334ㅤ,affordability_inflation|energy_iran,finalized,US_or_global_US_relevant_proxy,,closed_before_frozen_asof,,,,,,,,
KXUSGASCPI-26AUG12-T333,KXUSGASCPI,KXUSGASCPI-26AUG12,Will Gasoline (All Types) in U.S. City Average for July 2026 be above 333ㅤ?,Above 333ㅤ,affordability_inflation|energy_iran,finalized,US_or_global_US_relevant_proxy,,closed_before_frozen_asof,,,,,,,,
KXUSGASCPI-26AUG12-T332,KXUSGASCPI,KXUSGASCPI-26AUG12,Will Gasoline (All Types) in U.S. City Average for July 2026 be above 332ㅤ?,Above 332ㅤ,affordability_inflation|energy_iran,finalized,US_or_global_US_relevant_proxy,,closed_before_frozen_asof,,,,,,,,
KXUSGASCPI-26AUG12-T331,KXUSGASCPI,KXUSGASCPI-26AUG12,Will Gasoline (All Types) in U.S. City Average for July 2026 be above 331ㅤ?,Above 331ㅤ,affordability_inflation|energy_iran,finalized,US_or_global_US_relevant_proxy,,closed_before_frozen_asof,,,,,,,,
KXUSGASCPI-26SEP11-T400,KXUSGASCPI,KXUSGASCPI-26SEP11,Will Gasoline (All Types) in U.S. City Average for August 2026 be above 400?,Above 400,affordability_inflation|energy_iran,active,US_or_global_US_relevant_proxy,2026-09-08T15:07:00Z,usable,2026-09-08T15:00:00Z,0.11666666666666667,0.01,0.0,0.02,0.02,223.21,bar_age_only_actual_quote_update_time_unavailable
KXUSGASCPI-26SEP11-T390,KXUSGASCPI,KXUSGASCPI-26SEP11,Will Gasoline (All Types) in U.S. City Average for August 2026 be above 390?,Above 390,affordability_inflation|energy_iran,active,US_or_global_US_relevant_proxy,2026-09-08T15:07:00Z,usable,2026-09-08T15:00:00Z,0.11666666666666667,0.015,0.0,0.03,0.03,106.07,bar_age_only_actual_quote_update_time_unavailable
KXUSGASCPI-26SEP11-T380,KXUSGASCPI,KXUSGASCPI-26SEP11,Will Gasoline (All Types) in U.S. City Average for August 2026 be above 380?,Above 380,affordability_inflation|energy_iran,active,US_or_global_US_relevant_proxy,2026-09-08T15:07:00Z,usable,2026-09-08T15:00:00Z,0.11666666666666667,0.015,0.0,0.03,0.03,106.07,bar_age_only_actual_quote_update_time_unavailable
KXUSGASCPI-26SEP11-T370,KXUSGASCPI,KXUSGASCPI-26SEP11,Will Gasoline (All Types) in U.S. City Average for August 2026 be above 370?,Above 370,affordability_inflation|energy_iran,active,US_or_global_US_relevant_proxy,2026-09-08T15:07:00Z,usable,2026-09-08T15:00:00Z,0.11666666666666667,0.015,0.0,0.03,0.03,235.55,bar_age_only_actual_quote_update_time_unavailable
KXUSGASCPI-26SEP11-T360,KXUSGASCPI,KXUSGASCPI-26SEP11,Will Gasoline (All Types) in U.S. City Average for August 2026 be above 360?,Above 360,affordability_inflation|energy_iran,active,US_or_global_US_relevant_proxy,2026-09-08T15:07:00Z,usable,2026-09-08T11:00:00Z,4.116666666666666,0.02,0.0,0.04,0.04,526.87,bar_age_only_actual_quote_update_time_unavailable
KXUSGASCPI-26SEP11-T350,KXUSGASCPI,KXUSGASCPI-26SEP11,Will Gasoline (All Types) in U.S. City Average for August 2026 be above 350?,Above 350,affordability_inflation|energy_iran,active,US_or_global_US_relevant_proxy,2026-09-08T15:07:00Z,usable,2026-09-08T06:00:00Z,9.116666666666667,0.075,0.0,0.15,0.15,432.86,bar_age_only_actual_quote_update_time_unavailable
KXUSGASCPI-26SEP11-T340,KXUSGASCPI,KXUSGASCPI-26SEP11,Will Gasoline (All Types) in U.S. City Average for August 2026 be above 340?,Above 340,affordability_inflation|energy_iran,active,US_or_global_US_relevant_proxy,2026-09-08T15:07:00Z,usable,2026-09-08T10:00:00Z,5.116666666666666,0.97,0.94,1.0,0.06000000000000005,646.17,bar_age_only_actual_quote_update_time_unavailable
KXUSGASCPI-26SEP11-T330,KXUSGASCPI,KXUSGASCPI-26SEP11,Will Gasoline (All Types) in U.S. City Average for August 2026 be above 330?,Above 330,affordability_inflation|energy_iran,active,US_or_global_US_relevant_proxy,2026-09-08T15:07:00Z,usable,2026-09-08T10:00:00Z,5.116666666666666,0.98,0.96,1.0,0.040000000000000036,87.42,bar_age_only_actual_quote_update_time_unavailable
KXUSGASCPI-26SEP11-T320,KXUSGASCPI,KXUSGASCPI-26SEP11,Will Gasoline (All Types) in U.S. City Average for August 2026 be above 320?,Above 320,affordability_inflation|energy_iran,active,US_or_global_US_relevant_proxy,2026-09-08T15:07:00Z,usable,2026-09-08T15:00:00Z,0.11666666666666667,0.98,0.96,1.0,0.040000000000000036,5000.0,bar_age_only_actual_quote_update_time_unavailable
KXUSGASCPI-26SEP11-T310,KXUSGASCPI,KXUSGASCPI-26SEP11,Will Gasoline (All Types) in U.S. City Average for August 2026 be above 310?,Above 310,affordability_inflation|energy_iran,active,US_or_global_US_relevant_proxy,2026-09-08T15:07:00Z,usable,2026-09-08T15:00:00Z,0.11666666666666667,0.98,0.96,1.0,0.040000000000000036,5002.01,bar_age_only_actual_quote_update_time_unavailable
KXUSGASCPI-26SEP11-T300,KXUSGASCPI,KXUSGASCPI-26SEP11,Will Gasoline (All Types) in U.S. City Average for August 2026 be above 300?,Above 300,affordability_inflation|energy_iran,active,US_or_global_US_relevant_proxy,2026-09-08T15:07:00Z,usable,2026-09-07T17:00:00Z,22.116666666666667,0.995,0.99,1.0,0.010000000000000009,10252.1,bar_age_only_actual_quote_update_time_unavailable
KXUSGASCPI-26JUL14-T349,KXUSGASCPI,KXUSGASCPI-26JUL14,Will Gasoline (All Types) in U.S. City Average for June 2026 be above 349ㅤ?,Above 349ㅤ,affordability_inflation|energy_iran,finalized,US_or_global_US_relevant_proxy,,closed_before_frozen_asof,,,,,,,,
KXUSGASCPI-26JUL14-T348,KXUSGASCPI,KXUSGASCPI-26JUL14,Will Gasoline (All Types) in U.S. City Average for June 2026 be above 348ㅤ?,Above 348ㅤ,affordability_inflation|energy_iran,finalized,US_or_global_US_relevant_proxy,,closed_before_frozen_asof,,,,,,,,
KXUSGASCPI-26JUL14-T347,KXUSGASCPI,KXUSGASCPI-26JUL14,Will Gasoline (All Types) in U.S. City Average for June 2026 be above 347ㅤ?,Above 347ㅤ,affordability_inflation|energy_iran,finalized,US_or_global_US_relevant_proxy,,closed_before_frozen_asof,,,,,,,,
KXUSGASCPI-26JUL14-T346,KXUSGASCPI,KXUSGASCPI-26JUL14,Will Gasoline (All Types) in U.S. City Average for June 2026 be above 346ㅤ?,Above 346ㅤ,affordability_inflation|energy_iran,finalized,US_or_global_US_relevant_proxy,,closed_before_frozen_asof,,,,,,,,
KXUSGASCPI-26JUL14-T344,KXUSGASCPI,KXUSGASCPI-26JUL14,Will Gasoline (All Types) in U.S. City Average for June 2026 be above 344ㅤ?,Above 344ㅤ,affordability_inflation|energy_iran,finalized,US_or_global_US_relevant_proxy,,closed_before_frozen_asof,,,,,,,,
KXUSGASCPI-26JUL14-T343,KXUSGASCPI,KXUSGASCPI-26JUL14,Will Gasoline (All Types) in U.S. City Average for June 2026 be above 343ㅤ?,Above 343ㅤ,affordability_inflation|energy_iran,finalized,US_or_global_US_relevant_proxy,,closed_before_frozen_asof,,,,,,,,
KXUSGASCPI-26JUL14-T342,KXUSGASCPI,KXUSGASCPI-26JUL14,Will Gasoline (All Types) in U.S. City Average for June 2026 be above 342ㅤ?,Above 342ㅤ,affordability_inflation|energy_iran,finalized,US_or_global_US_relevant_proxy,,closed_before_frozen_asof,,,,,,,,
KXUSGASCPI-26JUL14-T341,KXUSGASCPI,KXUSGASCPI-26JUL14,Will Gasoline (All Types) in U.S. City Average for June 2026 be above 341ㅤ?,Above 341ㅤ,affordability_inflation|energy_iran,finalized,US_or_global_US_relevant_proxy,,closed_before_frozen_asof,,,,,,,,
KXUSGASCPI-26AUG12-T300,KXUSGASCPI,KXUSGASCPI-26AUG12,Will Gasoline (All Types) in U.S. City Average for July 2026 be above 300ㅤ?,Above 300ㅤ,affordability_inflation|energy_iran,finalized,US_or_global_US_relevant_proxy,,closed_before_frozen_asof,,,,,,,,
KXUSGASCPI-26AUG12-T310,KXUSGASCPI,KXUSGASCPI-26AUG12,Will Gasoline (All Types) in U.S. City Average for July 2026 be above 310ㅤ?,Above 310ㅤ,affordability_inflation|energy_iran,finalized,US_or_global_US_relevant_proxy,,closed_before_frozen_asof,,,,,,,,
KXUSGASCPI-26AUG12-T320,KXUSGASCPI,KXUSGASCPI-26AUG12,Will Gasoline (All Types) in U.S. City Average for July 2026 be above 320ㅤ?,Above 320ㅤ,affordability_inflation|energy_iran,finalized,US_or_global_US_relevant_proxy,,closed_before_frozen_asof,,,,,,,,
KXUSGASCPI-26AUG12-T330,KXUSGASCPI,KXUSGASCPI-26AUG12,Will Gasoline (All Types) in U.S. City Average for July 2026 be above 330ㅤ?,Above 330ㅤ,affordability_inflation|energy_iran,finalized,US_or_global_US_relevant_proxy,,closed_before_frozen_asof,,,,,,,,
KXUSGASCPI-26AUG12-T340,KXUSGASCPI,KXUSGASCPI-26AUG12,Will Gasoline (All Types) in U.S. City Average for July 2026 be above 340ㅤ?,Above 340ㅤ,affordability_inflation|energy_iran,finalized,US_or_global_US_relevant_proxy,,closed_before_frozen_asof,,,,,,,,
KXUSGASCPI-26AUG12-T350,KXUSGASCPI,KXUSGASCPI-26AUG12,Will Gasoline (All Types) in U.S. City Average for July 2026 be above 350ㅤ?,Above 350ㅤ,affordability_inflation|energy_iran,finalized,US_or_global_US_relevant_proxy,,closed_before_frozen_asof,,,,,,,,
KXUSGASCPI-26AUG12-T415,KXUSGASCPI,KXUSGASCPI-26AUG12,Will Gasoline (All Types) in U.S. City Average for July 2026 be above 415ㅤ?,Above 415ㅤ,affordability_inflation|energy_iran,finalized,US_or_global_US_relevant_proxy,,closed_before_frozen_asof,,,,,,,,
KXUSGASCPI-26AUG12-T410,KXUSGASCPI,KXUSGASCPI-26AUG12,Will Gasoline (All Types) in U.S. City Average for July 2026 be above 410ㅤ?,Above 410ㅤ,affordability_inflation|energy_iran,finalized,US_or_global_US_relevant_proxy,,closed_before_frozen_asof,,,,,,,,
KXUSGASCPI-26AUG12-T405,KXUSGASCPI,KXUSGASCPI-26AUG12,Will Gasoline (All Types) in U.S. City Average for July 2026 be above 405ㅤ?,Above 405ㅤ,affordability_inflation|energy_iran,finalized,US_or_global_US_relevant_proxy,,closed_before_frozen_asof,,,,,,,,
KXUSGASCPI-26AUG12-T400,KXUSGASCPI,KXUSGASCPI-26AUG12,Will Gasoline (All Types) in U.S. City Average for July 2026 be above 400ㅤ?,Above 400ㅤ,affordability_inflation|energy_iran,finalized,US_or_global_US_relevant_proxy,,closed_before_frozen_asof,,,,,,,,
KXUSGASCPI-26AUG12-T395,KXUSGASCPI,KXUSGASCPI-26AUG12,Will Gasoline (All Types) in U.S. City Average for July 2026 be above 395ㅤ?,Above 395ㅤ,affordability_inflation|energy_iran,finalized,US_or_global_US_relevant_proxy,,closed_before_frozen_asof,,,,,,,,
KXUSGASCPI-26AUG12-T390,KXUSGASCPI,KXUSGASCPI-26AUG12,Will Gasoline (All Types) in U.S. City Average for July 2026 be above 390ㅤ?,Above 390ㅤ,affordability_inflation|energy_iran,finalized,US_or_global_US_relevant_proxy,,closed_before_frozen_asof,,,,,,,,
KXUSGASCPI-26AUG12-T385,KXUSGASCPI,KXUSGASCPI-26AUG12,Will Gasoline (All Types) in U.S. City Average for July 2026 be above 385ㅤ?,Above 385ㅤ,affordability_inflation|energy_iran,finalized,US_or_global_US_relevant_proxy,,closed_before_frozen_asof,,,,,,,,
KXUSGASCPI-26AUG12-T380,KXUSGASCPI,KXUSGASCPI-26AUG12,Will Gasoline (All Types) in U.S. City Average for July 2026 be above 380ㅤ?,Above 380ㅤ,affordability_inflation|energy_iran,finalized,US_or_global_US_relevant_proxy,,closed_before_frozen_asof,,,,,,,,
KXUSGASCPI-26AUG12-T375,KXUSGASCPI,KXUSGASCPI-26AUG12,Will Gasoline (All Types) in U.S. City Average for July 2026 be above 375ㅤ?,Above 375ㅤ,affordability_inflation|energy_iran,finalized,US_or_global_US_relevant_proxy,,closed_before_frozen_asof,,,,,,,,
KXUSGASCPI-26AUG12-T370,KXUSGASCPI,KXUSGASCPI-26AUG12,Will Gasoline (All Types) in U.S. City Average for July 2026 be above 370ㅤ?,Above 370ㅤ,affordability_inflation|energy_iran,finalized,US_or_global_US_relevant_proxy,,closed_before_frozen_asof,,,,,,,,
KXUSGASCPI-26AUG12-T365,KXUSGASCPI,KXUSGASCPI-26AUG12,Will Gasoline (All Types) in U.S. City Average for July 2026 be above 365ㅤ?,Above 365ㅤ,affordability_inflation|energy_iran,finalized,US_or_global_US_relevant_proxy,,closed_before_frozen_asof,,,,,,,,
KXUSGASCPI-26AUG12-T360,KXUSGASCPI,KXUSGASCPI-26AUG12,Will Gasoline (All Types) in U.S. City Average for July 2026 be above 360ㅤ?,Above 360ㅤ,affordability_inflation|energy_iran,finalized,US_or_global_US_relevant_proxy,,closed_before_frozen_asof,,,,,,,,
KXUSGASCPI-26JUL14-T410,KXUSGASCPI,KXUSGASCPI-26JUL14,Will Gasoline (All Types) in U.S. City Average for June 2026 be above 410ㅤ?,Above 410ㅤ,affordability_inflation|energy_iran,finalized,US_or_global_US_relevant_proxy,,closed_before_frozen_asof,,,,,,,,
KXUSGASCPI-26JUL14-T405,KXUSGASCPI,KXUSGASCPI-26JUL14,Will Gasoline (All Types) in U.S. City Average for June 2026 be above 405ㅤ?,Above 405ㅤ,affordability_inflation|energy_iran,finalized,US_or_global_US_relevant_proxy,,closed_before_frozen_asof,,,,,,,,
KXUSGASCPI-26JUL14-T400,KXUSGASCPI,KXUSGASCPI-26JUL14,Will Gasoline (All Types) in U.S. City Average for June 2026 be above 400ㅤ?,Above 400ㅤ,affordability_inflation|energy_iran,finalized,US_or_global_US_relevant_proxy,,closed_before_frozen_asof,,,,,,,,
KXUSGASCPI-26JUL14-T395,KXUSGASCPI,KXUSGASCPI-26JUL14,Will Gasoline (All Types) in U.S. City Average for June 2026 be above 395ㅤ?,Above 395ㅤ,affordability_inflation|energy_iran,finalized,US_or_global_US_relevant_proxy,,closed_before_frozen_asof,,,,,,,,
KXUSGASCPI-26JUL14-T390,KXUSGASCPI,KXUSGASCPI-26JUL14,Will Gasoline (All Types) in U.S. City Average for June 2026 be above 390ㅤ?,Above 390ㅤ,affordability_inflation|energy_iran,finalized,US_or_global_US_relevant_proxy,,closed_before_frozen_asof,,,,,,,,
KXUSGASCPI-26JUL14-T385,KXUSGASCPI,KXUSGASCPI-26JUL14,Will Gasoline (All Types) in U.S. City Average for June 2026 be above 385ㅤ?,Above 385ㅤ,affordability_inflation|energy_iran,finalized,US_or_global_US_relevant_proxy,,closed_before_frozen_asof,,,,,,,,
KXUSGASCPI-26JUL14-T380,KXUSGASCPI,KXUSGASCPI-26JUL14,Will Gasoline (All Types) in U.S. City Average for June 2026 be above 380ㅤ?,Above 380ㅤ,affordability_inflation|energy_iran,finalized,US_or_global_US_relevant_proxy,,closed_before_frozen_asof,,,,,,,,
KXUSGASCPI-26JUL14-T375,KXUSGASCPI,KXUSGASCPI-26JUL14,Will Gasoline (All Types) in U.S. City Average for June 2026 be above 375ㅤ?,Above 375ㅤ,affordability_inflation|energy_iran,finalized,US_or_global_US_relevant_proxy,,closed_before_frozen_asof,,,,,,,,
KXUSGASCPI-26JUL14-T370,KXUSGASCPI,KXUSGASCPI-26JUL14,Will Gasoline (All Types) in U.S. City Average for June 2026 be above 370ㅤ?,Above 370ㅤ,affordability_inflation|energy_iran,finalized,US_or_global_US_relevant_proxy,,closed_before_frozen_asof,,,,,,,,
KXUSGASCPI-26JUL14-T365,KXUSGASCPI,KXUSGASCPI-26JUL14,Will Gasoline (All Types) in U.S. City Average for June 2026 be above 365ㅤ?,Above 365ㅤ,affordability_inflation|energy_iran,finalized,US_or_global_US_relevant_proxy,,closed_before_frozen_asof,,,,,,,,
KXUSGASCPI-26JUL14-T360,KXUSGASCPI,KXUSGASCPI-26JUL14,Will Gasoline (All Types) in U.S. City Average for June 2026 be above 360ㅤ?,Above 360ㅤ,affordability_inflation|energy_iran,finalized,US_or_global_US_relevant_proxy,,closed_before_frozen_asof,,,,,,,,
KXUSGASCPI-26JUL14-T355,KXUSGASCPI,KXUSGASCPI-26JUL14,Will Gasoline (All Types) in U.S. City Average for June 2026 be above 355ㅤ?,Above 355ㅤ,affordability_inflation|energy_iran,finalized,US_or_global_US_relevant_proxy,,closed_before_frozen_asof,,,,,,,,
KXUSGASCPI-26JUL14-T350,KXUSGASCPI,KXUSGASCPI-26JUL14,Will Gasoline (All Types) in U.S. City Average for June 2026 be above 350ㅤ?,Above 350ㅤ,affordability_inflation|energy_iran,finalized,US_or_global_US_relevant_proxy,,closed_before_frozen_asof,,,,,,,,
KXUSGASCPI-26JUL14-T345,KXUSGASCPI,KXUSGASCPI-26JUL14,Will Gasoline (All Types) in U.S. City Average for June 2026 be above 345ㅤ?,Above 345ㅤ,affordability_inflation|energy_iran,finalized,US_or_global_US_relevant_proxy,,closed_before_frozen_asof,,,,,,,,
KXUSGASCPI-26JUL14-T340,KXUSGASCPI,KXUSGASCPI-26JUL14,Will Gasoline (All Types) in U.S. City Average for June 2026 be above 340ㅤ?,Above 340ㅤ,affordability_inflation|energy_iran,finalized,US_or_global_US_relevant_proxy,,closed_before_frozen_asof,,,,,,,,
KXWTIMAX-26JUL31-T73.5,KXWTIMAX,KXWTIMAX-26JUL31,"Will the maximum WTI front month settle price reach $73.5 by Jul 31, 2026?",73.51 or above,energy_iran,finalized,US_or_global_US_relevant_proxy,,closed_before_frozen_asof,,,,,,,,
KXWTIMAX-26JUL31-T73,KXWTIMAX,KXWTIMAX-26JUL31,"Will the maximum WTI front month settle price reach $73 by Jul 31, 2026?",73.01 or above,energy_iran,finalized,US_or_global_US_relevant_proxy,,closed_before_frozen_asof,,,,,,,,
KXWTIMAX-26SEP30-T99.50,KXWTIMAX,KXWTIMAX-26SEP30,"Will the maximum WTI front month settle price reach $99.50 by Sep 30, 2026?",99.51 or above,energy_iran,active,US_or_global_US_relevant_proxy,2026-09-08T15:07:00Z,usable,2026-09-08T15:00:00Z,0.11666666666666667,0.345,0.34,0.35,0.009999999999999953,2312.0,bar_age_only_actual_quote_update_time_unavailable
KXWTIMAX-26SEP30-T99.00,KXWTIMAX,KXWTIMAX-26SEP30,"Will the maximum WTI front month settle price reach $99.00 by Sep 30, 2026?",99.01 or above,energy_iran,active,US_or_global_US_relevant_proxy,2026-09-08T15:07:00Z,usable,2026-09-08T12:00:00Z,3.1166666666666667,0.355,0.3,0.41,0.10999999999999999,810.91,bar_age_only_actual_quote_update_time_unavailable
KXWTIMAX-26SEP30-T98.50,KXWTIMAX,KXWTIMAX-26SEP30,"Will the maximum WTI front month settle price reach $98.50 by Sep 30, 2026?",98.51 or above,energy_iran,active,US_or_global_US_relevant_proxy,2026-09-08T15:07:00Z,usable,2026-09-08T15:00:00Z,0.11666666666666667,0.505,0.38,0.63,0.25,711.93,bar_age_only_actual_quote_update_time_unavailable
KXWTIMAX-26SEP30-T98.00,KXWTIMAX,KXWTIMAX-26SEP30,"Will the maximum WTI front month settle price reach $98.00 by Sep 30, 2026?",98.01 or above,energy_iran,active,US_or_global_US_relevant_proxy,2026-09-08T15:07:00Z,usable,2026-09-08T06:00:00Z,9.116666666666667,0.475,0.43,0.52,0.09000000000000002,379.67,bar_age_only_actual_quote_update_time_unavailable
KXWTIMAX-26SEP30-T97.50,KXWTIMAX,KXWTIMAX-26SEP30,"Will the maximum WTI front month settle price reach $97.50 by Sep 30, 2026?",97.51 or above,energy_iran,active,US_or_global_US_relevant_proxy,2026-09-08T15:07:00Z,usable,2026-09-08T15:00:00Z,0.11666666666666667,0.34,0.23,0.45,0.22,433.23,bar_age_only_actual_quote_update_time_unavailable
KXWTIMAX-26SEP30-T97.00,KXWTIMAX,KXWTIMAX-26SEP30,"Will the maximum WTI front month settle price reach $97.00 by Sep 30, 2026?",97.01 or above,energy_iran,active,US_or_global_US_relevant_proxy,2026-09-08T15:07:00Z,usable,2026-09-08T12:00:00Z,3.1166666666666667,0.46499999999999997,0.46,0.47,0.009999999999999953,521.59,bar_age_only_actual_quote_update_time_unavailable
KXWTIMAX-26SEP30-T96.50,KXWTIMAX,KXWTIMAX-26SEP30,"Will the maximum WTI front month settle price reach $96.50 by Sep 30, 2026?",96.51 or above,energy_iran,active,US_or_global_US_relevant_proxy,2026-09-08T15:07:00Z,usable,2026-09-08T12:00:00Z,3.1166666666666667,0.565,0.54,0.59,0.04999999999999993,984.26,bar_age_only_actual_quote_update_time_unavailable
KXWTIMAX-26SEP30-T96.00,KXWTIMAX,KXWTIMAX-26SEP30,"Will the maximum WTI front month settle price reach $96.00 by Sep 30, 2026?",96.01 or above,energy_iran,active,US_or_global_US_relevant_proxy,2026-09-08T15:07:00Z,usable,2026-09-08T09:00:00Z,6.116666666666666,0.6,0.49,0.71,0.21999999999999997,768.52,bar_age_only_actual_quote_update_time_unavailable
KXWTIMAX-26SEP30-T95.50,KXWTIMAX,KXWTIMAX-26SEP30,"Will the maximum WTI front month settle price reach $95.50 by Sep 30, 2026?",95.51 or above,energy_iran,active,US_or_global_US_relevant_proxy,2026-09-08T15:07:00Z,usable,2026-09-08T13:00:00Z,2.1166666666666667,0.7,0.62,0.78,0.16000000000000003,626.81,bar_age_only_actual_quote_update_time_unavailable
KXWTIMAX-26SEP30-T95.00,KXWTIMAX,KXWTIMAX-26SEP30,"Will the maximum WTI front month settle price reach $95.00 by Sep 30, 2026?",95.01 or above,energy_iran,active,US_or_global_US_relevant_proxy,2026-09-08T15:07:00Z,usable,2026-09-08T13:00:00Z,2.1166666666666667,0.7350000000000001,0.68,0.79,0.10999999999999999,810.72,bar_age_only_actual_quote_update_time_unavailable
KXWTIMAX-26SEP30-T94.50,KXWTIMAX,KXWTIMAX-26SEP30,"Will the maximum WTI front month settle price reach $94.50 by Sep 30, 2026?",94.51 or above,energy_iran,active,US_or_global_US_relevant_proxy,2026-09-08T15:07:00Z,usable,2026-09-08T12:00:00Z,3.1166666666666667,0.89,0.78,1.0,0.21999999999999997,341.46,bar_age_only_actual_quote_update_time_unavailable
KXWTIMAX-26SEP30-T94.00,KXWTIMAX,KXWTIMAX-26SEP30,"Will the maximum WTI front month settle price reach $94.00 by Sep 30, 2026?",94.01 or above,energy_iran,active,US_or_global_US_relevant_proxy,2026-09-08T15:07:00Z,usable,2026-09-08T09:00:00Z,6.116666666666666,0.785,0.78,0.79,0.010000000000000009,864.66,bar_age_only_actual_quote_update_time_unavailable
KXWTIMAX-26SEP30-T93.50,KXWTIMAX,KXWTIMAX-26SEP30,"Will the maximum WTI front month settle price reach $93.50 by Sep 30, 2026?",93.51 or above,energy_iran,active,US_or_global_US_relevant_proxy,2026-09-08T15:07:00Z,usable,2026-09-08T15:00:00Z,0.11666666666666667,0.845,0.73,0.96,0.22999999999999998,317.03,bar_age_only_actual_quote_update_time_unavailable
KXWTIMAX-26SEP30-T93.00,KXWTIMAX,KXWTIMAX-26SEP30,"Will the maximum WTI front month settle price reach $93.00 by Sep 30, 2026?",93.01 or above,energy_iran,active,US_or_global_US_relevant_proxy,2026-09-08T15:07:00Z,usable,2026-09-08T15:00:00Z,0.11666666666666667,0.9299999999999999,0.88,0.98,0.09999999999999998,40.7,bar_age_only_actual_quote_update_time_unavailable
KXWTIMAX-26SEP30-T92.50,KXWTIMAX,KXWTIMAX-26SEP30,"Will the maximum WTI front month settle price reach $92.50 by Sep 30, 2026?",92.51 or above,energy_iran,active,US_or_global_US_relevant_proxy,2026-09-08T15:07:00Z,usable,2026-09-08T15:00:00Z,0.11666666666666667,0.97,0.95,0.99,0.040000000000000036,4080.04,bar_age_only_actual_quote_update_time_unavailable
KXWTIMAX-26SEP30-T92.00,KXWTIMAX,KXWTIMAX-26SEP30,"Will the maximum WTI front month settle price reach $92.00 by Sep 30, 2026?",92.01 or above,energy_iran,finalized,US_or_global_US_relevant_proxy,,closed_before_frozen_asof,,,,,,,,
KXWTIMAX-26SEP30-T91.50,KXWTIMAX,KXWTIMAX-26SEP30,"Will the maximum WTI front month settle price reach $91.50 by Sep 30, 2026?",91.51 or above,energy_iran,finalized,US_or_global_US_relevant_proxy,,closed_before_frozen_asof,,,,,,,,
KXWTIMAX-26SEP30-T91.00,KXWTIMAX,KXWTIMAX-26SEP30,"Will the maximum WTI front month settle price reach $91.00 by Sep 30, 2026?",91.01 or above,energy_iran,finalized,US_or_global_US_relevant_proxy,,closed_before_frozen_asof,,,,,,,,
KXWTIMAX-26SEP30-T100.50,KXWTIMAX,KXWTIMAX-26SEP30,"Will the maximum WTI front month settle price reach $100.50 by Sep 30, 2026?",100.51 or above,energy_iran,active,US_or_global_US_relevant_proxy,2026-09-08T15:07:00Z,usable,2026-09-08T15:00:00Z,0.11666666666666667,0.235,0.21,0.26,0.05000000000000002,8537.38,bar_age_only_actual_quote_update_time_unavailable
KXWTIMAX-26SEP30-T100.00,KXWTIMAX,KXWTIMAX-26SEP30,"Will the maximum WTI front month settle price reach $100.00 by Sep 30, 2026?",100.01 or above,energy_iran,active,US_or_global_US_relevant_proxy,2026-09-08T15:07:00Z,usable,2026-09-08T15:00:00Z,0.11666666666666667,0.31,0.3,0.32,0.020000000000000018,3524.35,bar_age_only_actual_quote_update_time_unavailable
KXWTIMAX-26AUG31-T95.00,KXWTIMAX,KXWTIMAX-26AUG31,"Will the maximum WTI front month settle price reach $95.00 by Aug 31, 2026?",95.01 or above,energy_iran,finalized,US_or_global_US_relevant_proxy,,closed_before_frozen_asof,,,,,,,,
KXWTIMAX-26AUG31-T94.50,KXWTIMAX,KXWTIMAX-26AUG31,"Will the maximum WTI front month settle price reach $94.50 by Aug 31, 2026?",94.51 or above,energy_iran,finalized,US_or_global_US_relevant_proxy,,closed_before_frozen_asof,,,,,,,,
KXWTIMAX-26AUG31-T94.00,KXWTIMAX,KXWTIMAX-26AUG31,"Will the maximum WTI front month settle price reach $94.00 by Aug 31, 2026?",94.01 or above,energy_iran,finalized,US_or_global_US_relevant_proxy,,closed_before_frozen_asof,,,,,,,,
KXWTIMAX-26AUG31-T93.50,KXWTIMAX,KXWTIMAX-26AUG31,"Will the maximum WTI front month settle price reach $93.50 by Aug 31, 2026?",93.51 or above,energy_iran,finalized,US_or_global_US_relevant_proxy,,closed_before_frozen_asof,,,,,,,,
KXWTIMAX-26AUG31-T93.00,KXWTIMAX,KXWTIMAX-26AUG31,"Will the maximum WTI front month settle price reach $93.00 by Aug 31, 2026?",93.01 or above,energy_iran,finalized,US_or_global_US_relevant_proxy,,closed_before_frozen_asof,,,,,,,,
KXWTIMAX-26AUG31-T92.50,KXWTIMAX,KXWTIMAX-26AUG31,"Will the maximum WTI front month settle price reach $92.50 by Aug 31, 2026?",92.51 or above,energy_iran,finalized,US_or_global_US_relevant_proxy,,closed_before_frozen_asof,,,,,,,,
KXWTIMAX-26AUG31-T92.00,KXWTIMAX,KXWTIMAX-26AUG31,"Will the maximum WTI front month settle price reach $92.00 by Aug 31, 2026?",92.01 or above,energy_iran,finalized,US_or_global_US_relevant_proxy,,closed_before_frozen_asof,,,,,,,,
KXWTIMAX-26AUG31-T91.50,KXWTIMAX,KXWTIMAX-26AUG31,"Will the maximum WTI front month settle price reach $91.50 by Aug 31, 2026?",91.51 or above,energy_iran,finalized,US_or_global_US_relevant_proxy,,closed_before_frozen_asof,,,,,,,,
KXWTIMAX-26AUG31-T91.00,KXWTIMAX,KXWTIMAX-26AUG31,"Will the maximum WTI front month settle price reach $91.00 by Aug 31, 2026?",91.01 or above,energy_iran,finalized,US_or_global_US_relevant_proxy,,closed_before_frozen_asof,,,,,,,,
KXWTIMAX-26AUG31-T90.50,KXWTIMAX,KXWTIMAX-26AUG31,"Will the maximum WTI front month settle price reach $90.50 by Aug 31, 2026?",90.51 or above,energy_iran,finalized,US_or_global_US_relevant_proxy,,closed_before_frozen_asof,,,,,,,,
KXWTIMAX-26AUG31-T90.00,KXWTIMAX,KXWTIMAX-26AUG31,"Will the maximum WTI front month settle price reach $90.00 by Aug 31, 2026?",90.01 or above,energy_iran,finalized,US_or_global_US_relevant_proxy,,closed_before_frozen_asof,,,,,,,,
KXWTIMAX-26AUG31-T89.50,KXWTIMAX,KXWTIMAX-26AUG31,"Will the maximum WTI front month settle price reach $89.50 by Aug 31, 2026?",89.51 or above,energy_iran,finalized,US_or_global_US_relevant_proxy,,closed_before_frozen_asof,,,,,,,,
KXWTIMAX-26AUG31-T89.00,KXWTIMAX,KXWTIMAX-26AUG31,"Will the maximum WTI front month settle price reach $89.00 by Aug 31, 2026?",89.01 or above,energy_iran,finalized,US_or_global_US_relevant_proxy,,closed_before_frozen_asof,,,,,,,,
KXWTIMAX-26AUG31-T88.50,KXWTIMAX,KXWTIMAX-26AUG31,"Will the maximum WTI front month settle price reach $88.50 by Aug 31, 2026?",88.51 or above,energy_iran,finalized,US_or_global_US_relevant_proxy,,closed_before_frozen_asof,,,,,,,,
KXWTIMAX-26AUG31-T88.00,KXWTIMAX,KXWTIMAX-26AUG31,"Will the maximum WTI front month settle price reach $88.00 by Aug 31, 2026?",88.01 or above,energy_iran,finalized,US_or_global_US_relevant_proxy,,closed_before_frozen_asof,,,,,,,,
KXWTIMAX-26AUG31-T87.50,KXWTIMAX,KXWTIMAX-26AUG31,"Will the maximum WTI front month settle price reach $87.50 by Aug 31, 2026?",87.51 or above,energy_iran,finalized,US_or_global_US_relevant_proxy,,closed_before_frozen_asof,,,,,,,,
KXWTIMAX-26AUG31-T87.00,KXWTIMAX,KXWTIMAX-26AUG31,"Will the maximum WTI front month settle price reach $87.00 by Aug 31, 2026?",87.01 or above,energy_iran,finalized,US_or_global_US_relevant_proxy,,closed_before_frozen_asof,,,,,,,,
KXWTIMAX-26AUG31-T86.50,KXWTIMAX,KXWTIMAX-26AUG31,"Will the maximum WTI front month settle price reach $86.50 by Aug 31, 2026?",86.51 or above,energy_iran,finalized,US_or_global_US_relevant_proxy,,closed_before_frozen_asof,,,,,,,,
KXWTIMAX-26AUG31-T86.00,KXWTIMAX,KXWTIMAX-26AUG31,"Will the maximum WTI front month settle price reach $86.00 by Aug 31, 2026?",86.01 or above,energy_iran,finalized,US_or_global_US_relevant_proxy,,closed_before_frozen_asof,,,,,,,,
KXWTIMAX-26AUG31-T85.50,KXWTIMAX,KXWTIMAX-26AUG31,"Will the maximum WTI front month settle price reach $85.50 by Aug 31, 2026?",85.51 or above,energy_iran,finalized,US_or_global_US_relevant_proxy,,closed_before_frozen_asof,,,,,,,,
KXWTIMAX-26JUL31-T95.00,KXWTIMAX,KXWTIMAX-26JUL31,"Will the maximum WTI front month settle price reach $95.00 by Jul 31, 2026?",95.01 or above,energy_iran,finalized,US_or_global_US_relevant_proxy,,closed_before_frozen_asof,,,,,,,,
KXWTIMAX-26JUL31-T94.50,KXWTIMAX,KXWTIMAX-26JUL31,"Will the maximum WTI front month settle price reach $94.50 by Jul 31, 2026?",94.51 or above,energy_iran,finalized,US_or_global_US_relevant_proxy,,closed_before_frozen_asof,,,,,,,,
KXWTIMAX-26JUL31-T94.00,KXWTIMAX,KXWTIMAX-26JUL31,"Will the maximum WTI front month settle price reach $94.00 by Jul 31, 2026?",94.01 or above,energy_iran,finalized,US_or_global_US_relevant_proxy,,closed_before_frozen_asof,,,,,,,,
KXWTIMAX-26JUL31-T93.50,KXWTIMAX,KXWTIMAX-26JUL31,"Will the maximum WTI front month settle price reach $93.50 by Jul 31, 2026?",93.51 or above,energy_iran,finalized,US_or_global_US_relevant_proxy,,closed_before_frozen_asof,,,,,,,,
KXWTIMAX-26JUL31-T93.00,KXWTIMAX,KXWTIMAX-26JUL31,"Will the maximum WTI front month settle price reach $93.00 by Jul 31, 2026?",93.01 or above,energy_iran,finalized,US_or_global_US_relevant_proxy,,closed_before_frozen_asof,,,,,,,,
KXWTIMAX-26JUL31-T92.50,KXWTIMAX,KXWTIMAX-26JUL31,"Will the maximum WTI front month settle price reach $92.50 by Jul 31, 2026?",92.51 or above,energy_iran,finalized,US_or_global_US_relevant_proxy,,closed_before_frozen_asof,,,,,,,,
KXWTIMAX-26JUL31-T92.00,KXWTIMAX,KXWTIMAX-26JUL31,"Will the maximum WTI front month settle price reach $92.00 by Jul 31, 2026?",92.01 or above,energy_iran,finalized,US_or_global_US_relevant_proxy,,closed_before_frozen_asof,,,,,,,,
KXWTIMAX-26JUL31-T91.50,KXWTIMAX,KXWTIMAX-26JUL31,"Will the maximum WTI front month settle price reach $91.50 by Jul 31, 2026?",91.51 or above,energy_iran,finalized,US_or_global_US_relevant_proxy,,closed_before_frozen_asof,,,,,,,,
KXWTIMAX-26JUL31-T91.00,KXWTIMAX,KXWTIMAX-26JUL31,"Will the maximum WTI front month settle price reach $91.00 by Jul 31, 2026?",91.01 or above,energy_iran,finalized,US_or_global_US_relevant_proxy,,closed_before_frozen_asof,,,,,,,,
KXWTIMAX-26JUL31-T90.50,KXWTIMAX,KXWTIMAX-26JUL31,"Will the maximum WTI front month settle price reach $90.50 by Jul 31, 2026?",90.51 or above,energy_iran,finalized,US_or_global_US_relevant_proxy,,closed_before_frozen_asof,,,,,,,,
KXWTIMAX-26JUL31-T90.00,KXWTIMAX,KXWTIMAX-26JUL31,"Will the maximum WTI front month settle price reach $90.00 by Jul 31, 2026?",90.01 or above,energy_iran,finalized,US_or_global_US_relevant_proxy,,closed_before_frozen_asof,,,,,,,,
KXWTIMAX-26JUL31-T89.50,KXWTIMAX,KXWTIMAX-26JUL31,"Will the maximum WTI front month settle price reach $89.50 by Jul 31, 2026?",89.51 or above,energy_iran,finalized,US_or_global_US_relevant_proxy,,closed_before_frozen_asof,,,,,,,,
KXWTIMAX-26JUL31-T89.00,KXWTIMAX,KXWTIMAX-26JUL31,"Will the maximum WTI front month settle price reach $89.00 by Jul 31, 2026?",89.01 or above,energy_iran,finalized,US_or_global_US_relevant_proxy,,closed_before_frozen_asof,,,,,,,,
KXWTIMAX-26JUL31-T88.50,KXWTIMAX,KXWTIMAX-26JUL31,"Will the maximum WTI front month settle price reach $88.50 by Jul 31, 2026?",88.51 or above,energy_iran,finalized,US_or_global_US_relevant_proxy,,closed_before_frozen_asof,,,,,,,,
KXWTIMAX-26JUL31-T88.00,KXWTIMAX,KXWTIMAX-26JUL31,"Will the maximum WTI front month settle price reach $88.00 by Jul 31, 2026?",88.01 or above,energy_iran,finalized,US_or_global_US_relevant_proxy,,closed_before_frozen_asof,,,,,,,,
KXWTIMAX-26JUL31-T87.50,KXWTIMAX,KXWTIMAX-26JUL31,"Will the maximum WTI front month settle price reach $87.50 by Jul 31, 2026?",87.51 or above,energy_iran,finalized,US_or_global_US_relevant_proxy,,closed_before_frozen_asof,,,,,,,,
KXWTIMAX-26JUL31-T87.00,KXWTIMAX,KXWTIMAX-26JUL31,"Will the maximum WTI front month settle price reach $87.00 by Jul 31, 2026?",87.01 or above,energy_iran,finalized,US_or_global_US_relevant_proxy,,closed_before_frozen_asof,,,,,,,,
KXWTIMAX-26JUL31-T86.50,KXWTIMAX,KXWTIMAX-26JUL31,"Will the maximum WTI front month settle price reach $86.50 by Jul 31, 2026?",86.51 or above,energy_iran,finalized,US_or_global_US_relevant_proxy,,closed_before_frozen_asof,,,,,,,,
KXWTIMAX-26JUL31-T86.00,KXWTIMAX,KXWTIMAX-26JUL31,"Will the maximum WTI front month settle price reach $86.00 by Jul 31, 2026?",86.01 or above,energy_iran,finalized,US_or_global_US_relevant_proxy,,closed_before_frozen_asof,,,,,,,,
KXWTIMAX-26JUL31-T85.50,KXWTIMAX,KXWTIMAX-26JUL31,"Will the maximum WTI front month settle price reach $85.50 by Jul 31, 2026?",85.51 or above,energy_iran,finalized,US_or_global_US_relevant_proxy,,closed_before_frozen_asof,,,,,,,,
KXWTIMAX-26JUL31-T85,KXWTIMAX,KXWTIMAX-26JUL31,"Will the maximum WTI front month settle price reach $85 by Jul 31, 2026?",85.01 or above,energy_iran,finalized,US_or_global_US_relevant_proxy,,closed_before_frozen_asof,,,,,,,,
KXWTIMAX-26JUL31-T84.5,KXWTIMAX,KXWTIMAX-26JUL31,"Will the maximum WTI front month settle price reach $84.5 by Jul 31, 2026?",84.51 or above,energy_iran,finalized,US_or_global_US_relevant_proxy,,closed_before_frozen_asof,,,,,,,,
KXWTIMAX-26JUL31-T84,KXWTIMAX,KXWTIMAX-26JUL31,"Will the maximum WTI front month settle price reach $84 by Jul 31, 2026?",84.01 or above,energy_iran,finalized,US_or_global_US_relevant_proxy,,closed_before_frozen_asof,,,,,,,,
KXWTIMAX-26JUL31-T83.5,KXWTIMAX,KXWTIMAX-26JUL31,"Will the maximum WTI front month settle price reach $83.5 by Jul 31, 2026?",83.51 or above,energy_iran,finalized,US_or_global_US_relevant_proxy,,closed_before_frozen_asof,,,,,,,,
KXWTIMAX-26JUL31-T83,KXWTIMAX,KXWTIMAX-26JUL31,"Will the maximum WTI front month settle price reach $83 by Jul 31, 2026?",83.01 or above,energy_iran,finalized,US_or_global_US_relevant_proxy,,closed_before_frozen_asof,,,,,,,,
KXWTIMAX-26JUL31-T82.5,KXWTIMAX,KXWTIMAX-26JUL31,"Will the maximum WTI front month settle price reach $82.5 by Jul 31, 2026?",82.51 or above,energy_iran,finalized,US_or_global_US_relevant_proxy,,closed_before_frozen_asof,,,,,,,,
KXWTIMAX-26JUL31-T82.51,KXWTIMAX,KXWTIMAX-26JUL31,"Will the maximum WTI front month settle price reach $82.51 by Jul 31, 2026?",82.52 or above,energy_iran,finalized,US_or_global_US_relevant_proxy,,closed_before_frozen_asof,,,,,,,,
KXWTIMAX-26JUL31-T82,KXWTIMAX,KXWTIMAX-26JUL31,"Will the maximum WTI front month settle price reach $82 by Jul 31, 2026?",82.01 or above,energy_iran,finalized,US_or_global_US_relevant_proxy,,closed_before_frozen_asof,,,,,,,,
KXWTIMAX-26JUL31-T81.5,KXWTIMAX,KXWTIMAX-26JUL31,"Will the maximum WTI front month settle price reach $81.5 by Jul 31, 2026?",81.51 or above,energy_iran,finalized,US_or_global_US_relevant_proxy,,closed_before_frozen_asof,,,,,,,,
KXWTIMAX-26JUL31-T81,KXWTIMAX,KXWTIMAX-26JUL31,"Will the maximum WTI front month settle price reach $81 by Jul 31, 2026?",81.01 or above,energy_iran,finalized,US_or_global_US_relevant_proxy,,closed_before_frozen_asof,,,,,,,,
KXWTIMAX-26JUL31-T80.5,KXWTIMAX,KXWTIMAX-26JUL31,"Will the maximum WTI front month settle price reach $80.5 by Jul 31, 2026?",80.51 or above,energy_iran,finalized,US_or_global_US_relevant_proxy,,closed_before_frozen_asof,,,,,,,,
KXWTIMAX-26JUL31-T80,KXWTIMAX,KXWTIMAX-26JUL31,"Will the maximum WTI front month settle price reach $80 by Jul 31, 2026?",80.01 or above,energy_iran,finalized,US_or_global_US_relevant_proxy,,closed_before_frozen_asof,,,,,,,,
KXWTIMAX-26JUL31-T79.5,KXWTIMAX,KXWTIMAX-26JUL31,"Will the maximum WTI front month settle price reach $79.5 by Jul 31, 2026?",79.51 or above,energy_iran,finalized,US_or_global_US_relevant_proxy,,closed_before_frozen_asof,,,,,,,,
KXWTIMAX-26JUL31-T79,KXWTIMAX,KXWTIMAX-26JUL31,"Will the maximum WTI front month settle price reach $79 by Jul 31, 2026?",79.01 or above,energy_iran,finalized,US_or_global_US_relevant_proxy,,closed_before_frozen_asof,,,,,,,,
KXWTIMAX-26JUL31-T78.5,KXWTIMAX,KXWTIMAX-26JUL31,"Will the maximum WTI front month settle price reach $78.5 by Jul 31, 2026?",78.51 or above,energy_iran,finalized,US_or_global_US_relevant_proxy,,closed_before_frozen_asof,,,,,,,,
KXWTIMAX-26JUL31-T78,KXWTIMAX,KXWTIMAX-26JUL31,"Will the maximum WTI front month settle price reach $78 by Jul 31, 2026?",78.01 or above,energy_iran,finalized,US_or_global_US_relevant_proxy,,closed_before_frozen_asof,,,,,,,,
KXWTIMAX-26JUL31-T77,KXWTIMAX,KXWTIMAX-26JUL31,"Will the maximum WTI front month settle price reach $77 by Jul 31, 2026?",77.01 or above,energy_iran,finalized,US_or_global_US_relevant_proxy,,closed_before_frozen_asof,,,,,,,,
KXWTIMAX-26JUL31-T76.5,KXWTIMAX,KXWTIMAX-26JUL31,"Will the maximum WTI front month settle price reach $76.5 by Jul 31, 2026?",76.51 or above,energy_iran,finalized,US_or_global_US_relevant_proxy,,closed_before_frozen_asof,,,,,,,,
KXWTIMAX-26JUL31-T76,KXWTIMAX,KXWTIMAX-26JUL31,"Will the maximum WTI front month settle price reach $76 by Jul 31, 2026?",76.01 or above,energy_iran,finalized,US_or_global_US_relevant_proxy,,closed_before_frozen_asof,,,,,,,,
KXWTIMAX-26JUL31-T75.50,KXWTIMAX,KXWTIMAX-26JUL31,"Will the maximum WTI front month settle price reach $75.50 by Jul 31, 2026?",75.51 or above,energy_iran,finalized,US_or_global_US_relevant_proxy,,closed_before_frozen_asof,,,,,,,,
KXWTIMAX-26JUL31-T75,KXWTIMAX,KXWTIMAX-26JUL31,"Will the maximum WTI front month settle price reach $75 by Jul 31, 2026?",75.01 or above,energy_iran,finalized,US_or_global_US_relevant_proxy,,closed_before_frozen_asof,,,,,,,,
KXWTIMAX-26JUL31-T74.50,KXWTIMAX,KXWTIMAX-26JUL31,"Will the maximum WTI front month settle price reach $74.50 by Jul 31, 2026?",74.51 or above,energy_iran,finalized,US_or_global_US_relevant_proxy,,closed_before_frozen_asof,,,,,,,,
KXWTIMAX-26JUL31-T74,KXWTIMAX,KXWTIMAX-26JUL31,"Will the maximum WTI front month settle price reach $74 by Jul 31, 2026?",74.01 or above,energy_iran,finalized,US_or_global_US_relevant_proxy,,closed_before_frozen_asof,,,,,,,,
KXWTIMAX-26DEC31-T200,KXWTIMAX,KXWTIMAX-26DEC31,"Will the maximum WTI front month settle price reach $200.01 by Dec 31, 2026?",$200.01 or above,energy_iran,active,US_or_global_US_relevant_proxy,2026-09-08T15:07:00Z,usable,2026-09-08T05:00:00Z,10.116666666666667,0.07200000000000001,0.065,0.079,0.013999999999999999,310410.3,bar_age_only_actual_quote_update_time_unavailable
KXWTIMAX-26DEC31-T180,KXWTIMAX,KXWTIMAX-26DEC31,"Will the maximum WTI front month settle price reach $180.01 by Dec 31, 2026?",$180.01 or above,energy_iran,active,US_or_global_US_relevant_proxy,2026-09-08T15:07:00Z,usable,2026-09-08T13:00:00Z,2.1166666666666667,0.0775,0.067,0.088,0.02099999999999999,300629.05,bar_age_only_actual_quote_update_time_unavailable
KXWTIMAX-26DEC31-T160,KXWTIMAX,KXWTIMAX-26DEC31,"Will the maximum WTI front month settle price reach $160.01 by Dec 31, 2026?",$160.01 or above,energy_iran,active,US_or_global_US_relevant_proxy,2026-09-08T15:07:00Z,usable,2026-09-08T13:00:00Z,2.1166666666666667,0.0935,0.088,0.099,0.01100000000000001,232902.31,bar_age_only_actual_quote_update_time_unavailable
KXWTIMAX-26DEC31-T150,KXWTIMAX,KXWTIMAX-26DEC31,"Will the maximum WTI front month settle price reach $150.01 by Dec 31, 2026?",$150.01 or above,energy_iran,active,US_or_global_US_relevant_proxy,2026-09-08T15:07:00Z,usable,2026-09-08T15:00:00Z,0.11666666666666667,0.0905,0.085,0.096,0.010999999999999996,407942.06,bar_age_only_actual_quote_update_time_unavailable
KXWTIMAX-26DEC31-T140,KXWTIMAX,KXWTIMAX-26DEC31,"Will the maximum WTI front month settle price reach $140.01 by Dec 31, 2026?",$140.01 or above,energy_iran,active,US_or_global_US_relevant_proxy,2026-09-08T15:07:00Z,usable,2026-09-08T15:00:00Z,0.11666666666666667,0.095,0.092,0.098,0.006000000000000005,280200.54,bar_age_only_actual_quote_update_time_unavailable
KXWTIMAX-26DEC31-T135,KXWTIMAX,KXWTIMAX-26DEC31,"Will the maximum WTI front month settle price reach $135.01 by Dec 31, 2026?",$135.01 or above,energy_iran,active,US_or_global_US_relevant_proxy,2026-09-08T15:07:00Z,usable,2026-09-08T15:00:00Z,0.11666666666666667,0.1285,0.119,0.138,0.019000000000000017,185690.69,bar_age_only_actual_quote_update_time_unavailable
KXWTIMAX-26DEC31-T130,KXWTIMAX,KXWTIMAX-26DEC31,"Will the maximum WTI front month settle price reach $130.01 by Dec 31, 2026?",$130.01 or above,energy_iran,active,US_or_global_US_relevant_proxy,2026-09-08T15:07:00Z,usable,2026-09-08T09:00:00Z,6.116666666666666,0.16499999999999998,0.152,0.178,0.025999999999999995,284126.46,bar_age_only_actual_quote_update_time_unavailable
KXWTIMAX-26DEC31-T125,KXWTIMAX,KXWTIMAX-26DEC31,"Will the maximum WTI front month settle price reach $125.01 by Dec 31, 2026?",$125.01 or above,energy_iran,active,US_or_global_US_relevant_proxy,2026-09-08T15:07:00Z,usable,2026-09-08T10:00:00Z,5.116666666666666,0.1875,0.171,0.204,0.032999999999999974,261609.15,bar_age_only_actual_quote_update_time_unavailable
KXWTIMAX-26DEC31-T120,KXWTIMAX,KXWTIMAX-26DEC31,"Will the maximum WTI front month settle price reach $120.01 by Dec 31, 2026?",$120.01 or above,energy_iran,active,US_or_global_US_relevant_proxy,2026-09-08T15:07:00Z,usable,2026-09-08T15:00:00Z,0.11666666666666667,0.23099999999999998,0.225,0.237,0.011999999999999983,326190.26,bar_age_only_actual_quote_update_time_unavailable
KXWTIMAX-26DEC31-T115,KXWTIMAX,KXWTIMAX-26DEC31,"Will the maximum WTI front month settle price reach $115.01 by Dec 31, 2026?",$115.01 or above,energy_iran,active,US_or_global_US_relevant_proxy,2026-09-08T15:07:00Z,usable,2026-09-08T15:00:00Z,0.11666666666666667,0.2675,0.261,0.274,0.013000000000000012,573073.51,bar_age_only_actual_quote_update_time_unavailable
KXWTIMAXM-26JUN30-T82,KXWTIMAXM,KXWTIMAXM-26JUN30,"Will the maximum WTI front month settle price reach $82 by Jun 30, 2026?",82.01 or above,energy_iran,finalized,US_or_global_US_relevant_proxy,,closed_before_frozen_asof,,,,,,,,
KXWTIMAXM-26JUN30-T81.5,KXWTIMAXM,KXWTIMAXM-26JUN30,"Will the maximum WTI front month settle price reach $81.5 by Jun 30, 2026?",81.51 or above,energy_iran,finalized,US_or_global_US_relevant_proxy,,closed_before_frozen_asof,,,,,,,,
KXWTIMAXM-26JUN30-T81,KXWTIMAXM,KXWTIMAXM-26JUN30,"Will the maximum WTI front month settle price reach $81 by Jun 30, 2026?",81.01 or above,energy_iran,finalized,US_or_global_US_relevant_proxy,,closed_before_frozen_asof,,,,,,,,
KXWTIMAXM-26JUN30-T80.5,KXWTIMAXM,KXWTIMAXM-26JUN30,"Will the maximum WTI front month settle price reach $80.5 by Jun 30, 2026?",80.51 or above,energy_iran,finalized,US_or_global_US_relevant_proxy,,closed_before_frozen_asof,,,,,,,,
KXWTIMAXM-26JUN30-T80,KXWTIMAXM,KXWTIMAXM-26JUN30,"Will the maximum WTI front month settle price reach $80 by Jun 30, 2026?",80.01 or above,energy_iran,finalized,US_or_global_US_relevant_proxy,,closed_before_frozen_asof,,,,,,,,
KXWTIMAXM-26JUN30-T79.5,KXWTIMAXM,KXWTIMAXM-26JUN30,"Will the maximum WTI front month settle price reach $79.5 by Jun 30, 2026?",79.51 or above,energy_iran,finalized,US_or_global_US_relevant_proxy,,closed_before_frozen_asof,,,,,,,,
KXWTIMAXM-26JUN30-T79,KXWTIMAXM,KXWTIMAXM-26JUN30,"Will the maximum WTI front month settle price reach $79 by Jun 30, 2026?",79.01 or above,energy_iran,finalized,US_or_global_US_relevant_proxy,,closed_before_frozen_asof,,,,,,,,
KXWTIMAXM-26JUN30-T78.5,KXWTIMAXM,KXWTIMAXM-26JUN30,"Will the maximum WTI front month settle price reach $78.5 by Jun 30, 2026?",78.51 or above,energy_iran,finalized,US_or_global_US_relevant_proxy,,closed_before_frozen_asof,,,,,,,,
KXWTIMAXM-26JUN30-T78,KXWTIMAXM,KXWTIMAXM-26JUN30,"Will the maximum WTI front month settle price reach $78 by Jun 30, 2026?",78.01 or above,energy_iran,finalized,US_or_global_US_relevant_proxy,,closed_before_frozen_asof,,,,,,,,
KXWTIMAXM-26JUN30-T77,KXWTIMAXM,KXWTIMAXM-26JUN30,"Will the maximum WTI front month settle price reach $77 by Jun 30, 2026?",77.01 or above,energy_iran,finalized,US_or_global_US_relevant_proxy,,closed_before_frozen_asof,,,,,,,,
KXWTIMAXM-26JUN30-T76.5,KXWTIMAXM,KXWTIMAXM-26JUN30,"Will the maximum WTI front month settle price reach $76.5 by Jun 30, 2026?",76.51 or above,energy_iran,finalized,US_or_global_US_relevant_proxy,,closed_before_frozen_asof,,,,,,,,
KXWTIMAXM-26JUN30-T76,KXWTIMAXM,KXWTIMAXM-26JUN30,"Will the maximum WTI front month settle price reach $76 by Jun 30, 2026?",76.01 or above,energy_iran,finalized,US_or_global_US_relevant_proxy,,closed_before_frozen_asof,,,,,,,,
KXWTIMAXM-26JUN30-T75.50,KXWTIMAXM,KXWTIMAXM-26JUN30,"Will the maximum WTI front month settle price reach $75.50 by Jun 30, 2026?",75.51 or above,energy_iran,finalized,US_or_global_US_relevant_proxy,,closed_before_frozen_asof,,,,,,,,
KXWTIMAXM-26JUN30-T75,KXWTIMAXM,KXWTIMAXM-26JUN30,"Will the maximum WTI front month settle price reach $75 by Jun 30, 2026?",75.01 or above,energy_iran,finalized,US_or_global_US_relevant_proxy,,closed_before_frozen_asof,,,,,,,,
KXWTIMIN-26DEC31-T80,KXWTIMIN,KXWTIMIN-26DEC31,"Will the minimum WTI front month settle price reach $80 by Dec 31, 2026?",79.99 or below,energy_iran,finalized,US_or_global_US_relevant_proxy,,closed_before_frozen_asof,,,,,,,,
KXWTIMIN-26DEC31-T75,KXWTIMIN,KXWTIMIN-26DEC31,"Will the minimum WTI front month settle price reach $75 by Dec 31, 2026?",74.99 or below,energy_iran,finalized,US_or_global_US_relevant_proxy,,closed_before_frozen_asof,,,,,,,,
KXWTIMIN-26DEC31-T70,KXWTIMIN,KXWTIMIN-26DEC31,"Will the minimum WTI front month settle price reach $70 by Dec 31, 2026?",69.99 or below,energy_iran,finalized,US_or_global_US_relevant_proxy,,closed_before_frozen_asof,,,,,,,,
KXWTIMIN-26SEP30-T81.00,KXWTIMIN,KXWTIMIN-26SEP30,"Will the minimum WTI front month settle price reach $81.00 by Sep 30, 2026?",80.99 or below,energy_iran,active,US_or_global_US_relevant_proxy,2026-09-08T15:07:00Z,usable,2026-09-08T15:00:00Z,0.11666666666666667,0.33,0.32,0.34,0.020000000000000018,2376.02,bar_age_only_actual_quote_update_time_unavailable
KXWTIMIN-26SEP30-T80.50,KXWTIMIN,KXWTIMIN-26SEP30,"Will the minimum WTI front month settle price reach $80.50 by Sep 30, 2026?",80.49 or below,energy_iran,active,US_or_global_US_relevant_proxy,2026-09-08T15:07:00Z,usable,2026-09-08T12:00:00Z,3.1166666666666667,0.28,0.25,0.31,0.06,1635.28,bar_age_only_actual_quote_update_time_unavailable
KXWTIMIN-26SEP30-T80.00,KXWTIMIN,KXWTIMIN-26SEP30,"Will the minimum WTI front month settle price reach $80.00 by Sep 30, 2026?",79.99 or below,energy_iran,active,US_or_global_US_relevant_proxy,2026-09-08T15:07:00Z,usable,2026-09-08T15:00:00Z,0.11666666666666667,0.16999999999999998,0.15,0.19,0.04000000000000001,3906.17,bar_age_only_actual_quote_update_time_unavailable
KXWTIMIN-26SEP30-T79.50,KXWTIMIN,KXWTIMIN-26SEP30,"Will the minimum WTI front month settle price reach $79.50 by Sep 30, 2026?",79.49 or below,energy_iran,active,US_or_global_US_relevant_proxy,2026-09-08T15:07:00Z,usable,2026-09-08T15:00:00Z,0.11666666666666667,0.15,0.06,0.24,0.18,57.17,bar_age_only_actual_quote_update_time_unavailable
KXWTIMIN-26SEP30-T79.00,KXWTIMIN,KXWTIMIN-26SEP30,"Will the minimum WTI front month settle price reach $79.00 by Sep 30, 2026?",78.99 or below,energy_iran,active,US_or_global_US_relevant_proxy,2026-09-08T15:07:00Z,usable,2026-09-08T15:00:00Z,0.11666666666666667,0.185,0.16,0.21,0.04999999999999999,136.0,bar_age_only_actual_quote_update_time_unavailable
KXWTIMIN-26SEP30-T78.50,KXWTIMIN,KXWTIMIN-26SEP30,"Will the minimum WTI front month settle price reach $78.50 by Sep 30, 2026?",78.49 or below,energy_iran,active,US_or_global_US_relevant_proxy,2026-09-08T15:07:00Z,usable,2026-09-08T15:00:00Z,0.11666666666666667,0.135,0.09,0.18,0.09,172.34,bar_age_only_actual_quote_update_time_unavailable
KXWTIMIN-26SEP30-T78.00,KXWTIMIN,KXWTIMIN-26SEP30,"Will the minimum WTI front month settle price reach $78.00 by Sep 30, 2026?",77.99 or below,energy_iran,active,US_or_global_US_relevant_proxy,2026-09-08T15:07:00Z,usable,2026-09-08T14:00:00Z,1.1166666666666667,0.12000000000000001,0.07,0.17,0.1,120.0,bar_age_only_actual_quote_update_time_unavailable
KXWTIMIN-26SEP30-T77.50,KXWTIMIN,KXWTIMIN-26SEP30,"Will the minimum WTI front month settle price reach $77.50 by Sep 30, 2026?",77.49 or below,energy_iran,active,US_or_global_US_relevant_proxy,2026-09-08T15:07:00Z,usable,2026-09-08T15:00:00Z,0.11666666666666667,0.12,0.11,0.13,0.020000000000000004,1480.83,bar_age_only_actual_quote_update_time_unavailable
KXWTIMIN-26SEP30-T77.00,KXWTIMIN,KXWTIMIN-26SEP30,"Will the minimum WTI front month settle price reach $77.00 by Sep 30, 2026?",76.99 or below,energy_iran,active,US_or_global_US_relevant_proxy,2026-09-08T15:07:00Z,usable,2026-09-08T15:00:00Z,0.11666666666666667,0.12,0.09,0.15,0.06,734.58,bar_age_only_actual_quote_update_time_unavailable
KXWTIMIN-26SEP30-T76.50,KXWTIMIN,KXWTIMIN-26SEP30,"Will the minimum WTI front month settle price reach $76.50 by Sep 30, 2026?",76.49 or below,energy_iran,active,US_or_global_US_relevant_proxy,2026-09-08T15:07:00Z,usable,2026-09-08T15:00:00Z,0.11666666666666667,0.095,0.07,0.12,0.04999999999999999,1816.0,bar_age_only_actual_quote_update_time_unavailable
KXWTIMIN-26SEP30-T76.00,KXWTIMIN,KXWTIMIN-26SEP30,"Will the minimum WTI front month settle price reach $76.00 by Sep 30, 2026?",75.99 or below,energy_iran,active,US_or_global_US_relevant_proxy,2026-09-08T15:07:00Z,usable,2026-09-08T15:00:00Z,0.11666666666666667,0.08,0.05,0.11,0.06,194.0,bar_age_only_actual_quote_update_time_unavailable
KXWTIMIN-26SEP30-T75.50,KXWTIMIN,KXWTIMIN-26SEP30,"Will the minimum WTI front month settle price reach $75.50 by Sep 30, 2026?",75.49 or below,energy_iran,active,US_or_global_US_relevant_proxy,2026-09-08T15:07:00Z,usable,2026-09-08T15:00:00Z,0.11666666666666667,0.06,0.04,0.08,0.04,493.05,bar_age_only_actual_quote_update_time_unavailable
KXWTIMIN-26SEP30-T75.00,KXWTIMIN,KXWTIMIN-26SEP30,"Will the minimum WTI front month settle price reach $75.00 by Sep 30, 2026?",74.99 or below,energy_iran,active,US_or_global_US_relevant_proxy,2026-09-08T15:07:00Z,usable,2026-09-08T15:00:00Z,0.11666666666666667,0.065,0.03,0.1,0.07,161.08,bar_age_only_actual_quote_update_time_unavailable
KXWTIMIN-26SEP30-T74.50,KXWTIMIN,KXWTIMIN-26SEP30,"Will the minimum WTI front month settle price reach $74.50 by Sep 30, 2026?",74.49 or below,energy_iran,active,US_or_global_US_relevant_proxy,2026-09-08T15:07:00Z,usable,2026-09-08T15:00:00Z,0.11666666666666667,0.04,0.02,0.06,0.039999999999999994,1971.01,bar_age_only_actual_quote_update_time_unavailable
KXWTIMIN-26SEP30-T74.00,KXWTIMIN,KXWTIMIN-26SEP30,"Will the minimum WTI front month settle price reach $74.00 by Sep 30, 2026?",73.99 or below,energy_iran,active,US_or_global_US_relevant_proxy,2026-09-08T15:07:00Z,usable,2026-09-08T15:00:00Z,0.11666666666666667,0.035,0.0,0.07,0.07,95.0,bar_age_only_actual_quote_update_time_unavailable
KXWTIMIN-26SEP30-T73.50,KXWTIMIN,KXWTIMIN-26SEP30,"Will the minimum WTI front month settle price reach $73.50 by Sep 30, 2026?",73.49 or below,energy_iran,active,US_or_global_US_relevant_proxy,2026-09-08T15:07:00Z,usable,2026-09-08T15:00:00Z,0.11666666666666667,0.030000000000000002,0.01,0.05,0.04,414.28,bar_age_only_actual_quote_update_time_unavailable
KXWTIMIN-26SEP30-T73.00,KXWTIMIN,KXWTIMIN-26SEP30,"Will the minimum WTI front month settle price reach $73.00 by Sep 30, 2026?",72.99 or below,energy_iran,active,US_or_global_US_relevant_proxy,2026-09-08T15:07:00Z,usable,2026-09-08T15:00:00Z,0.11666666666666667,0.030000000000000002,0.01,0.05,0.04,1421.0,bar_age_only_actual_quote_update_time_unavailable
KXWTIMIN-26SEP30-T72.50,KXWTIMIN,KXWTIMIN-26SEP30,"Will the minimum WTI front month settle price reach $72.50 by Sep 30, 2026?",72.49 or below,energy_iran,active,US_or_global_US_relevant_proxy,2026-09-08T15:07:00Z,usable,2026-09-08T15:00:00Z,0.11666666666666667,0.02,0.0,0.04,0.04,1374.0,bar_age_only_actual_quote_update_time_unavailable
KXWTIMIN-26SEP30-T72.00,KXWTIMIN,KXWTIMIN-26SEP30,"Will the minimum WTI front month settle price reach $72.00 by Sep 30, 2026?",71.99 or below,energy_iran,active,US_or_global_US_relevant_proxy,2026-09-08T15:07:00Z,usable,2026-09-08T15:00:00Z,0.11666666666666667,0.02,0.0,0.04,0.04,1217.0,bar_age_only_actual_quote_update_time_unavailable
KXWTIMIN-26SEP30-T71.50,KXWTIMIN,KXWTIMIN-26SEP30,"Will the minimum WTI front month settle price reach $71.50 by Sep 30, 2026?",71.49 or below,energy_iran,active,US_or_global_US_relevant_proxy,2026-09-08T15:07:00Z,usable,2026-09-08T15:00:00Z,0.11666666666666667,0.02,0.0,0.04,0.04,1855.0,bar_age_only_actual_quote_update_time_unavailable
KXWTIMIN-26AUG31-T75.50,KXWTIMIN,KXWTIMIN-26AUG31,"Will the minimum WTI front month settle price reach $75.50 by Aug 31, 2026?",75.49 or below,energy_iran,finalized,US_or_global_US_relevant_proxy,,closed_before_frozen_asof,,,,,,,,
KXWTIMIN-26AUG31-T75.00,KXWTIMIN,KXWTIMIN-26AUG31,"Will the minimum WTI front month settle price reach $75.00 by Aug 31, 2026?",74.99 or below,energy_iran,finalized,US_or_global_US_relevant_proxy,,closed_before_frozen_asof,,,,,,,,
KXWTIMIN-26AUG31-T74.50,KXWTIMIN,KXWTIMIN-26AUG31,"Will the minimum WTI front month settle price reach $74.50 by Aug 31, 2026?",74.49 or below,energy_iran,finalized,US_or_global_US_relevant_proxy,,closed_before_frozen_asof,,,,,,,,
KXWTIMIN-26AUG31-T74.00,KXWTIMIN,KXWTIMIN-26AUG31,"Will the minimum WTI front month settle price reach $74.00 by Aug 31, 2026?",73.99 or below,energy_iran,finalized,US_or_global_US_relevant_proxy,,closed_before_frozen_asof,,,,,,,,
KXWTIMIN-26AUG31-T73.50,KXWTIMIN,KXWTIMIN-26AUG31,"Will the minimum WTI front month settle price reach $73.50 by Aug 31, 2026?",73.49 or below,energy_iran,finalized,US_or_global_US_relevant_proxy,,closed_before_frozen_asof,,,,,,,,
KXWTIMIN-26AUG31-T73.00,KXWTIMIN,KXWTIMIN-26AUG31,"Will the minimum WTI front month settle price reach $73.00 by Aug 31, 2026?",72.99 or below,energy_iran,finalized,US_or_global_US_relevant_proxy,,closed_before_frozen_asof,,,,,,,,
KXWTIMIN-26AUG31-T72.50,KXWTIMIN,KXWTIMIN-26AUG31,"Will the minimum WTI front month settle price reach $72.50 by Aug 31, 2026?",72.49 or below,energy_iran,finalized,US_or_global_US_relevant_proxy,,closed_before_frozen_asof,,,,,,,,
KXWTIMIN-26AUG31-T72.00,KXWTIMIN,KXWTIMIN-26AUG31,"Will the minimum WTI front month settle price reach $72.00 by Aug 31, 2026?",71.99 or below,energy_iran,finalized,US_or_global_US_relevant_proxy,,closed_before_frozen_asof,,,,,,,,
KXWTIMIN-26AUG31-T71.50,KXWTIMIN,KXWTIMIN-26AUG31,"Will the minimum WTI front month settle price reach $71.50 by Aug 31, 2026?",71.49 or below,energy_iran,finalized,US_or_global_US_relevant_proxy,,closed_before_frozen_asof,,,,,,,,
KXWTIMIN-26AUG31-T71.00,KXWTIMIN,KXWTIMIN-26AUG31,"Will the minimum WTI front month settle price reach $71.00 by Aug 31, 2026?",70.99 or below,energy_iran,finalized,US_or_global_US_relevant_proxy,,closed_before_frozen_asof,,,,,,,,
KXWTIMIN-26AUG31-T70.50,KXWTIMIN,KXWTIMIN-26AUG31,"Will the minimum WTI front month settle price reach $70.50 by Aug 31, 2026?",70.49 or below,energy_iran,finalized,US_or_global_US_relevant_proxy,,closed_before_frozen_asof,,,,,,,,
KXWTIMIN-26AUG31-T70.00,KXWTIMIN,KXWTIMIN-26AUG31,"Will the minimum WTI front month settle price reach $70.00 by Aug 31, 2026?",69.99 or below,energy_iran,finalized,US_or_global_US_relevant_proxy,,closed_before_frozen_asof,,,,,,,,
KXWTIMIN-26AUG31-T69.50,KXWTIMIN,KXWTIMIN-26AUG31,"Will the minimum WTI front month settle price reach $69.50 by Aug 31, 2026?",69.49 or below,energy_iran,finalized,US_or_global_US_relevant_proxy,,closed_before_frozen_asof,,,,,,,,
KXWTIMIN-26AUG31-T69.00,KXWTIMIN,KXWTIMIN-26AUG31,"Will the minimum WTI front month settle price reach $69.00 by Aug 31, 2026?",68.99 or below,energy_iran,finalized,US_or_global_US_relevant_proxy,,closed_before_frozen_asof,,,,,,,,
KXWTIMIN-26AUG31-T68.50,KXWTIMIN,KXWTIMIN-26AUG31,"Will the minimum WTI front month settle price reach $68.50 by Aug 31, 2026?",68.49 or below,energy_iran,finalized,US_or_global_US_relevant_proxy,,closed_before_frozen_asof,,,,,,,,
KXWTIMIN-26AUG31-T68.00,KXWTIMIN,KXWTIMIN-26AUG31,"Will the minimum WTI front month settle price reach $68.00 by Aug 31, 2026?",67.99 or below,energy_iran,finalized,US_or_global_US_relevant_proxy,,closed_before_frozen_asof,,,,,,,,
KXWTIMIN-26AUG31-T67.50,KXWTIMIN,KXWTIMIN-26AUG31,"Will the minimum WTI front month settle price reach $67.50 by Aug 31, 2026?",67.49 or below,energy_iran,finalized,US_or_global_US_relevant_proxy,,closed_before_frozen_asof,,,,,,,,
KXWTIMIN-26AUG31-T67.00,KXWTIMIN,KXWTIMIN-26AUG31,"Will the minimum WTI front month settle price reach $67.00 by Aug 31, 2026?",66.99 or below,energy_iran,finalized,US_or_global_US_relevant_proxy,,closed_before_frozen_asof,,,,,,,,
KXWTIMIN-26AUG31-T66.50,KXWTIMIN,KXWTIMIN-26AUG31,"Will the minimum WTI front month settle price reach $66.50 by Aug 31, 2026?",66.49 or below,energy_iran,finalized,US_or_global_US_relevant_proxy,,closed_before_frozen_asof,,,,,,,,
KXWTIMIN-26AUG31-T66.00,KXWTIMIN,KXWTIMIN-26AUG31,"Will the minimum WTI front month settle price reach $66.00 by Aug 31, 2026?",65.99 or below,energy_iran,finalized,US_or_global_US_relevant_proxy,,closed_before_frozen_asof,,,,,,,,
KXWTIMIN-26DEC31-T56,KXWTIMIN,KXWTIMIN-26DEC31,"Will the minimum WTI front month settle price reach $56 by Dec 31, 2026?",55.99 or below,energy_iran,active,US_or_global_US_relevant_proxy,2026-09-08T15:07:00Z,usable,2026-09-08T15:00:00Z,0.11666666666666667,0.045,0.03,0.06,0.03,908.85,bar_age_only_actual_quote_update_time_unavailable
KXWTIMIN-26DEC31-T57,KXWTIMIN,KXWTIMIN-26DEC31,"Will the minimum WTI front month settle price reach $57 by Dec 31, 2026?",56.99 or below,energy_iran,active,US_or_global_US_relevant_proxy,2026-09-08T15:07:00Z,usable,2026-09-08T11:00:00Z,4.116666666666666,0.065,0.04,0.09,0.049999999999999996,1098.75,bar_age_only_actual_quote_update_time_unavailable
KXWTIMIN-26DEC31-T58,KXWTIMIN,KXWTIMIN-26DEC31,"Will the minimum WTI front month settle price reach $58 by Dec 31, 2026?",57.99 or below,energy_iran,active,US_or_global_US_relevant_proxy,2026-09-08T15:07:00Z,usable,2026-09-08T10:00:00Z,5.116666666666666,0.075,0.04,0.11,0.07,896.62,bar_age_only_actual_quote_update_time_unavailable
KXWTIMIN-26DEC31-T59,KXWTIMIN,KXWTIMIN-26DEC31,"Will the minimum WTI front month settle price reach $59 by Dec 31, 2026?",58.99 or below,energy_iran,active,US_or_global_US_relevant_proxy,2026-09-08T15:07:00Z,usable,2026-09-08T02:00:00Z,13.116666666666667,0.07500000000000001,0.05,0.1,0.05,1251.29,bar_age_only_actual_quote_update_time_unavailable
KXWTIMIN-26DEC31-T61,KXWTIMIN,KXWTIMIN-26DEC31,"Will the minimum WTI front month settle price reach $61 by Dec 31, 2026?",60.99 or below,energy_iran,active,US_or_global_US_relevant_proxy,2026-09-08T15:07:00Z,usable,2026-09-08T08:00:00Z,7.116666666666666,0.08,0.06,0.1,0.04000000000000001,1722.84,bar_age_only_actual_quote_update_time_unavailable
KXWTIMIN-26DEC31-T62,KXWTIMIN,KXWTIMIN-26DEC31,"Will the minimum WTI front month settle price reach $62 by Dec 31, 2026?",61.99 or below,energy_iran,active,US_or_global_US_relevant_proxy,2026-09-08T15:07:00Z,usable,2026-09-08T13:00:00Z,2.1166666666666667,0.095,0.08,0.11,0.03,2024.95,bar_age_only_actual_quote_update_time_unavailable
KXWTIMIN-26DEC31-T63,KXWTIMIN,KXWTIMIN-26DEC31,"Will the minimum WTI front month settle price reach $63 by Dec 31, 2026?",62.99 or below,energy_iran,active,US_or_global_US_relevant_proxy,2026-09-08T15:07:00Z,usable,2026-09-08T14:00:00Z,1.1166666666666667,0.1,0.08,0.12,0.039999999999999994,1837.24,bar_age_only_actual_quote_update_time_unavailable
KXWTIMIN-26DEC31-T64,KXWTIMIN,KXWTIMIN-26DEC31,"Will the minimum WTI front month settle price reach $64 by Dec 31, 2026?",63.99 or below,energy_iran,active,US_or_global_US_relevant_proxy,2026-09-08T15:07:00Z,usable,2026-09-08T14:00:00Z,1.1166666666666667,0.14500000000000002,0.14,0.15,0.009999999999999981,1633.34,bar_age_only_actual_quote_update_time_unavailable
KXWTIMIN-26JUL31-T67,KXWTIMIN,KXWTIMIN-26JUL31,"Will the minimum WTI front month settle price reach $67 by Jul 31, 2026?",66.99 or below,energy_iran,finalized,US_or_global_US_relevant_proxy,,closed_before_frozen_asof,,,,,,,,
KXWTIMIN-26JUL31-T66.50,KXWTIMIN,KXWTIMIN-26JUL31,"Will the minimum WTI front month settle price reach $66.50 by Jul 31, 2026?",66.49 or below,energy_iran,finalized,US_or_global_US_relevant_proxy,,closed_before_frozen_asof,,,,,,,,
KXWTIMIN-26JUL31-T66,KXWTIMIN,KXWTIMIN-26JUL31,"Will the minimum WTI front month settle price reach $66 by Jul 31, 2026?",65.99 or below,energy_iran,finalized,US_or_global_US_relevant_proxy,,closed_before_frozen_asof,,,,,,,,
KXWTIMIN-26JUL31-T65.50,KXWTIMIN,KXWTIMIN-26JUL31,"Will the minimum WTI front month settle price reach $65.50 by Jul 31, 2026?",65.49 or below,energy_iran,finalized,US_or_global_US_relevant_proxy,,closed_before_frozen_asof,,,,,,,,
KXWTIMIN-26JUL31-T65,KXWTIMIN,KXWTIMIN-26JUL31,"Will the minimum WTI front month settle price reach $65 by Jul 31, 2026?",64.99 or below,energy_iran,finalized,US_or_global_US_relevant_proxy,,closed_before_frozen_asof,,,,,,,,
KXWTIMIN-26JUL31-T64.50,KXWTIMIN,KXWTIMIN-26JUL31,"Will the minimum WTI front month settle price reach $64.50 by Jul 31, 2026?",64.49 or below,energy_iran,finalized,US_or_global_US_relevant_proxy,,closed_before_frozen_asof,,,,,,,,
KXWTIMIN-26JUL31-T64,KXWTIMIN,KXWTIMIN-26JUL31,"Will the minimum WTI front month settle price reach $64 by Jul 31, 2026?",63.99 or below,energy_iran,finalized,US_or_global_US_relevant_proxy,,closed_before_frozen_asof,,,,,,,,
KXWTIMIN-26JUL31-T63.50,KXWTIMIN,KXWTIMIN-26JUL31,"Will the minimum WTI front month settle price reach $63.50 by Jul 31, 2026?",63.49 or below,energy_iran,finalized,US_or_global_US_relevant_proxy,,closed_before_frozen_asof,,,,,,,,
KXWTIMIN-26JUL31-T63,KXWTIMIN,KXWTIMIN-26JUL31,"Will the minimum WTI front month settle price reach $63 by Jul 31, 2026?",62.99 or below,energy_iran,finalized,US_or_global_US_relevant_proxy,,closed_before_frozen_asof,,,,,,,,
KXWTIMIN-26JUL31-T62.50,KXWTIMIN,KXWTIMIN-26JUL31,"Will the minimum WTI front month settle price reach $62.50 by Jul 31, 2026?",62.49 or below,energy_iran,finalized,US_or_global_US_relevant_proxy,,closed_before_frozen_asof,,,,,,,,
KXWTIMIN-26JUL31-T62,KXWTIMIN,KXWTIMIN-26JUL31,"Will the minimum WTI front month settle price reach $62 by Jul 31, 2026?",61.99 or below,energy_iran,finalized,US_or_global_US_relevant_proxy,,closed_before_frozen_asof,,,,,,,,
KXWTIMIN-26JUL31-T61.50,KXWTIMIN,KXWTIMIN-26JUL31,"Will the minimum WTI front month settle price reach $61.50 by Jul 31, 2026?",61.49 or below,energy_iran,finalized,US_or_global_US_relevant_proxy,,closed_before_frozen_asof,,,,,,,,
KXWTIMIN-26JUL31-T61,KXWTIMIN,KXWTIMIN-26JUL31,"Will the minimum WTI front month settle price reach $61 by Jul 31, 2026?",60.99 or below,energy_iran,finalized,US_or_global_US_relevant_proxy,,closed_before_frozen_asof,,,,,,,,
KXWTIMIN-26JUL31-T60.50,KXWTIMIN,KXWTIMIN-26JUL31,"Will the minimum WTI front month settle price reach $60.50 by Jul 31, 2026?",60.49 or below,energy_iran,finalized,US_or_global_US_relevant_proxy,,closed_before_frozen_asof,,,,,,,,
KXWTIMIN-26JUL31-T60,KXWTIMIN,KXWTIMIN-26JUL31,"Will the minimum WTI front month settle price reach $60 by Jul 31, 2026?",59.99 or below,energy_iran,finalized,US_or_global_US_relevant_proxy,,closed_before_frozen_asof,,,,,,,,
KXWTIMIN-26JUL31-T59.50,KXWTIMIN,KXWTIMIN-26JUL31,"Will the minimum WTI front month settle price reach $59.50 by Jul 31, 2026?",59.49 or below,energy_iran,finalized,US_or_global_US_relevant_proxy,,closed_before_frozen_asof,,,,,,,,
KXWTIMIN-26DEC31-T65,KXWTIMIN,KXWTIMIN-26DEC31,"Will the minimum WTI front month settle price reach $65 by Dec 31, 2026?",64.99 or below,energy_iran,active,US_or_global_US_relevant_proxy,2026-09-08T15:07:00Z,usable,2026-09-08T14:00:00Z,1.1166666666666667,0.245,0.23,0.26,0.03,23010.73,bar_age_only_actual_quote_update_time_unavailable
KXWTIMIN-26DEC31-T60,KXWTIMIN,KXWTIMIN-26DEC31,"Will the minimum WTI front month settle price reach $60 by Dec 31, 2026?",59.99 or below,energy_iran,active,US_or_global_US_relevant_proxy,2026-09-08T15:07:00Z,usable,2026-09-08T07:00:00Z,8.116666666666667,0.07,0.06,0.08,0.020000000000000004,25440.24,bar_age_only_actual_quote_update_time_unavailable
KXWTIMIN-26DEC31-T55,KXWTIMIN,KXWTIMIN-26DEC31,"Will the minimum WTI front month settle price reach $55 by Dec 31, 2026?",54.99 or below,energy_iran,active,US_or_global_US_relevant_proxy,2026-09-08T15:07:00Z,usable,2026-09-08T15:00:00Z,0.11666666666666667,0.04,0.03,0.05,0.020000000000000004,17238.81,bar_age_only_actual_quote_update_time_unavailable
KXWTIMIN-26DEC31-T50,KXWTIMIN,KXWTIMIN-26DEC31,"Will the minimum WTI front month settle price reach $50 by Dec 31, 2026?",49.99 or below,energy_iran,active,US_or_global_US_relevant_proxy,2026-09-08T15:07:00Z,usable,2026-09-08T04:00:00Z,11.116666666666667,0.02,0.01,0.03,0.019999999999999997,18087.0,bar_age_only_actual_quote_update_time_unavailable
KXWTIMINM-26JUN30-T72,KXWTIMINM,KXWTIMINM-26JUN30,"Will the minimum WTI front month settle price reach $72 by Jun 30, 2026?",71.99 or below,energy_iran,finalized,US_or_global_US_relevant_proxy,,closed_before_frozen_asof,,,,,,,,
KXWTIMINM-26JUN30-T71.50,KXWTIMINM,KXWTIMINM-26JUN30,"Will the minimum WTI front month settle price reach $71.50 by Jun 30, 2026?",71.49 or below,energy_iran,finalized,US_or_global_US_relevant_proxy,,closed_before_frozen_asof,,,,,,,,
KXWTIMINM-26JUN30-T71,KXWTIMINM,KXWTIMINM-26JUN30,"Will the minimum WTI front month settle price reach $71 by Jun 30, 2026?",70.99 or below,energy_iran,finalized,US_or_global_US_relevant_proxy,,closed_before_frozen_asof,,,,,,,,
KXWTIMINM-26JUN30-T70.50,KXWTIMINM,KXWTIMINM-26JUN30,"Will the minimum WTI front month settle price reach $70.50 by Jun 30, 2026?",70.49 or below,energy_iran,finalized,US_or_global_US_relevant_proxy,,closed_before_frozen_asof,,,,,,,,
KXWTIMINM-26JUN30-T70,KXWTIMINM,KXWTIMINM-26JUN30,"Will the minimum WTI front month settle price reach $70 by Jun 30, 2026?",69.99 or below,energy_iran,finalized,US_or_global_US_relevant_proxy,,closed_before_frozen_asof,,,,,,,,
KXWTIMINM-26JUN30-T69.50,KXWTIMINM,KXWTIMINM-26JUN30,"Will the minimum WTI front month settle price reach $69.50 by Jun 30, 2026?",69.49 or below,energy_iran,finalized,US_or_global_US_relevant_proxy,,closed_before_frozen_asof,,,,,,,,
KXWTIMINM-26JUN30-T69,KXWTIMINM,KXWTIMINM-26JUN30,"Will the minimum WTI front month settle price reach $69 by Jun 30, 2026?",68.99 or below,energy_iran,finalized,US_or_global_US_relevant_proxy,,closed_before_frozen_asof,,,,,,,,
KXWTIMINM-26JUN30-T68.50,KXWTIMINM,KXWTIMINM-26JUN30,"Will the minimum WTI front month settle price reach $68.50 by Jun 30, 2026?",68.49 or below,energy_iran,finalized,US_or_global_US_relevant_proxy,,closed_before_frozen_asof,,,,,,,,
KXWTIMINM-26JUN30-T68,KXWTIMINM,KXWTIMINM-26JUN30,"Will the minimum WTI front month settle price reach $68 by Jun 30, 2026?",67.99 or below,energy_iran,finalized,US_or_global_US_relevant_proxy,,closed_before_frozen_asof,,,,,,,,
KXWTIMINM-26JUN30-T67.50,KXWTIMINM,KXWTIMINM-26JUN30,"Will the minimum WTI front month settle price reach $67.50 by Jun 30, 2026?",67.49 or below,energy_iran,finalized,US_or_global_US_relevant_proxy,,closed_before_frozen_asof,,,,,,,,
KXWTIMINM-26JUN30-T67,KXWTIMINM,KXWTIMINM-26JUN30,"Will the minimum WTI front month settle price reach $67 by Jun 30, 2026?",66.99 or below,energy_iran,finalized,US_or_global_US_relevant_proxy,,closed_before_frozen_asof,,,,,,,,
KXWTIMINM-26JUN30-T66.50,KXWTIMINM,KXWTIMINM-26JUN30,"Will the minimum WTI front month settle price reach $66.50 by Jun 30, 2026?",66.49 or below,energy_iran,finalized,US_or_global_US_relevant_proxy,,closed_before_frozen_asof,,,,,,,,
KXWTIMINM-26JUN30-T66,KXWTIMINM,KXWTIMINM-26JUN30,"Will the minimum WTI front month settle price reach $66 by Jun 30, 2026?",65.99 or below,energy_iran,finalized,US_or_global_US_relevant_proxy,,closed_before_frozen_asof,,,,,,,,
KXWTIMINM-26JUN30-T65.50,KXWTIMINM,KXWTIMINM-26JUN30,"Will the minimum WTI front month settle price reach $65.50 by Jun 30, 2026?",65.49 or below,energy_iran,finalized,US_or_global_US_relevant_proxy,,closed_before_frozen_asof,,,,,,,,
