date,basket_id,basket_label,kind,constituents,weights,return,market_return,excess_return
2026-07-08,sector_technology,Technology sector,sector,XLK,1.0,,,
2026-07-09,sector_technology,Technology sector,sector,XLK,1.0,0.021775150716296432,0.00846525000257925,0.013309900713717182
2026-07-10,sector_technology,Technology sector,sector,XLK,1.0,0.0023198956656151903,0.0043101596888019955,-0.001990264023186805
2026-07-13,sector_technology,Technology sector,sector,XLK,1.0,-0.024222198458220046,-0.007656174850540931,-0.016566023607679115
2026-07-14,sector_technology,Technology sector,sector,XLK,1.0,0.01290818818208117,0.00355064169730146,0.00935754648477971
2026-07-15,sector_technology,Technology sector,sector,XLK,1.0,-0.011109864613768616,0.003963635929681075,-0.015073500543449692
2026-07-16,sector_technology,Technology sector,sector,XLK,1.0,-0.022359276999959765,-0.005418617756386079,-0.016940659243573686
2026-07-17,sector_technology,Technology sector,sector,XLK,1.0,-0.010872058856015498,-0.009897156017872222,-0.0009749028381432767
2026-07-20,sector_technology,Technology sector,sector,XLK,1.0,0.0006834693233070954,-0.0016143782471810253,0.0022978475704881207
2026-07-21,sector_technology,Technology sector,sector,XLK,1.0,0.02885431604180555,0.008341309298597777,0.020513006743207773
2026-07-22,sector_technology,Technology sector,sector,XLK,1.0,-0.0028210781628480452,-0.0011627413779321527,-0.0016583367849158925
2026-07-23,sector_technology,Technology sector,sector,XLK,1.0,-0.010096007550251973,-0.012349287272575782,0.002253279722323809
2026-07-24,sector_technology,Technology sector,sector,XLK,1.0,-0.014401749001851094,0.0010160123647910968,-0.015417761366642191
2026-07-27,sector_technology,Technology sector,sector,XLK,1.0,-0.008983407932626752,0.0002165755636849287,-0.009199983496311681
2026-07-28,sector_technology,Technology sector,sector,XLK,1.0,-0.018416561432382683,0.002394780651586048,-0.02081134208396873
2026-07-29,sector_technology,Technology sector,sector,XLK,1.0,-0.026418780235082928,-0.015387473482586067,-0.011031306752496861
2026-07-30,sector_technology,Technology sector,sector,XLK,1.0,0.054991823260780226,0.01676579949601198,0.03822602376476825
2026-07-31,sector_technology,Technology sector,sector,XLK,1.0,-0.002162349247493256,0.007199809675054292,-0.009362158922547548
2026-08-03,sector_technology,Technology sector,sector,XLK,1.0,0.015340673447306274,0.01424300656734756,0.0010976668799587141
2026-08-04,sector_technology,Technology sector,sector,XLK,1.0,0.04976410326028513,0.018029002715958642,0.03173510054432649
2026-08-05,sector_technology,Technology sector,sector,XLK,1.0,-0.005296898163214325,-0.0019966020100066206,-0.0033002961532077046
2026-08-06,sector_technology,Technology sector,sector,XLK,1.0,-0.0031197989329762033,-0.001597813044932006,-0.0015219858880441972
2026-08-07,sector_technology,Technology sector,sector,XLK,1.0,0.01424485708501222,0.006115348472417681,0.008129508612594538
2026-08-10,sector_technology,Technology sector,sector,XLK,1.0,-0.008777963961105972,-0.00029741673673222557,-0.008480547224373747
2026-08-11,sector_technology,Technology sector,sector,XLK,1.0,-0.0012344942962987382,-0.0031952597501651026,0.0019607654538663644
2026-08-12,sector_technology,Technology sector,sector,XLK,1.0,0.014885293820046774,0.0025046624297864195,0.012380631390260355
2026-08-13,sector_technology,Technology sector,sector,XLK,1.0,0.010113330805552323,0.006977455651952402,0.0031358751535999208
2026-08-14,sector_technology,Technology sector,sector,XLK,1.0,-0.0039839060051573005,-0.0019797115463531245,-0.002004194458804176
2026-08-17,sector_technology,Technology sector,sector,XLK,1.0,0.0016315605828389756,-0.004727366641364417,0.006358927224203392
2026-08-18,sector_technology,Technology sector,sector,XLK,1.0,-0.024695313294227472,-0.006755757074274671,-0.0179395562199528
2026-08-19,sector_technology,Technology sector,sector,XLK,1.0,-0.010666931255380319,0.00209783741736147,-0.012764768672741789
2026-08-20,sector_technology,Technology sector,sector,XLK,1.0,-0.0029404992808079733,-0.008399893367440514,0.005459394086632541
2026-08-21,sector_technology,Technology sector,sector,XLK,1.0,0.0011468675482151358,0.0040912604472485015,-0.0029443928990333657
2026-08-24,sector_technology,Technology sector,sector,XLK,1.0,-0.017784051880715745,-0.0029384110198065194,-0.014845640860909226
2026-08-25,sector_technology,Technology sector,sector,XLK,1.0,0.009386294988956267,0.003195937672779925,0.0061903573161763426
2026-08-26,sector_technology,Technology sector,sector,XLK,1.0,0.006052552060519911,0.0002220155779071309,0.00583053648261278
2026-08-27,sector_technology,Technology sector,sector,XLK,1.0,0.03155767002859644,0.006552786111251541,0.0250048839173449
2026-08-28,sector_technology,Technology sector,sector,XLK,1.0,-0.015481672018960224,-0.002269485222937795,-0.01321218679602243
2026-08-31,sector_technology,Technology sector,sector,XLK,1.0,0.004362095686057943,-0.002989520850009919,0.007351616536067862
2026-09-01,sector_technology,Technology sector,sector,XLK,1.0,-0.015335123916094151,-0.0068704238054380085,-0.008464700110656143
2026-09-02,sector_technology,Technology sector,sector,XLK,1.0,-0.0002177809097460015,0.004436902672253051,-0.004654683581999053
2026-09-03,sector_technology,Technology sector,sector,XLK,1.0,0.012908469708063697,0.01046841189654324,0.0024400578115204574
2026-09-04,sector_technology,Technology sector,sector,XLK,1.0,0.007044133731219926,-0.0038542371465761782,0.010898370877796104
2026-07-08,sector_consumer_discretionary,Consumer discretionary sector,sector,XLY,1.0,,,
2026-07-09,sector_consumer_discretionary,Consumer discretionary sector,sector,XLY,1.0,0.013443151616114868,0.00846525000257925,0.004977901613535618
2026-07-10,sector_consumer_discretionary,Consumer discretionary sector,sector,XLY,1.0,0.0033376071436987953,0.0043101596888019955,-0.0009725525451032002
2026-07-13,sector_consumer_discretionary,Consumer discretionary sector,sector,XLY,1.0,-0.010235388690782332,-0.007656174850540931,-0.002579213840241401
2026-07-14,sector_consumer_discretionary,Consumer discretionary sector,sector,XLY,1.0,-0.001206475254600825,0.00355064169730146,-0.004757116951902285
2026-07-15,sector_consumer_discretionary,Consumer discretionary sector,sector,XLY,1.0,0.009490927175488162,0.003963635929681075,0.005527291245807087
2026-07-16,sector_consumer_discretionary,Consumer discretionary sector,sector,XLY,1.0,0.002905951605902679,-0.005418617756386079,0.008324569362288758
2026-07-17,sector_consumer_discretionary,Consumer discretionary sector,sector,XLY,1.0,-0.0161922102930121,-0.009897156017872222,-0.0062950542751398775
2026-07-20,sector_consumer_discretionary,Consumer discretionary sector,sector,XLY,1.0,-0.0071898978993520934,-0.0016143782471810253,-0.005575519652171068
2026-07-21,sector_consumer_discretionary,Consumer discretionary sector,sector,XLY,1.0,0.0022685815796688047,0.008341309298597777,-0.006072727718928972
2026-07-22,sector_consumer_discretionary,Consumer discretionary sector,sector,XLY,1.0,-0.007399722148443422,-0.0011627413779321527,-0.006236980770511269
2026-07-23,sector_consumer_discretionary,Consumer discretionary sector,sector,XLY,1.0,-0.046132210679693864,-0.012349287272575782,-0.03378292340711808
2026-07-24,sector_consumer_discretionary,Consumer discretionary sector,sector,XLY,1.0,0.005976475846926732,0.0010160123647910968,0.004960463482135635
2026-07-27,sector_consumer_discretionary,Consumer discretionary sector,sector,XLY,1.0,0.013070035900898835,0.0002165755636849287,0.012853460337213907
2026-07-28,sector_consumer_discretionary,Consumer discretionary sector,sector,XLY,1.0,0.014796166304837044,0.002394780651586048,0.012401385653250996
2026-07-29,sector_consumer_discretionary,Consumer discretionary sector,sector,XLY,1.0,-0.007734732580165771,-0.015387473482586067,0.007652740902420296
2026-07-30,sector_consumer_discretionary,Consumer discretionary sector,sector,XLY,1.0,0.006988610115862048,0.01676579949601198,-0.009777189380149931
2026-07-31,sector_consumer_discretionary,Consumer discretionary sector,sector,XLY,1.0,0.032921051413253855,0.007199809675054292,0.025721241738199563
2026-08-03,sector_consumer_discretionary,Consumer discretionary sector,sector,XLY,1.0,0.01826171774880203,0.01424300656734756,0.004018711181454471
2026-08-04,sector_consumer_discretionary,Consumer discretionary sector,sector,XLY,1.0,0.0006767771903755104,0.018029002715958642,-0.01735222552558313
2026-08-05,sector_consumer_discretionary,Consumer discretionary sector,sector,XLY,1.0,0.002958817071706976,-0.0019966020100066206,0.004955419081713597
2026-08-06,sector_consumer_discretionary,Consumer discretionary sector,sector,XLY,1.0,-0.004551592366026758,-0.001597813044932006,-0.0029537793210947516
2026-08-07,sector_consumer_discretionary,Consumer discretionary sector,sector,XLY,1.0,0.014902643175022101,0.006115348472417681,0.00878729470260442
2026-08-10,sector_consumer_discretionary,Consumer discretionary sector,sector,XLY,1.0,-0.0015852030739087475,-0.00029741673673222557,-0.001287786337176522
2026-08-11,sector_consumer_discretionary,Consumer discretionary sector,sector,XLY,1.0,-0.0035932172788099015,-0.0031952597501651026,-0.00039795752864479894
2026-08-12,sector_consumer_discretionary,Consumer discretionary sector,sector,XLY,1.0,-0.011321691532261147,0.0025046624297864195,-0.013826353962047566
2026-08-13,sector_consumer_discretionary,Consumer discretionary sector,sector,XLY,1.0,0.004750170171287094,0.006977455651952402,-0.0022272854806653086
2026-08-14,sector_consumer_discretionary,Consumer discretionary sector,sector,XLY,1.0,-0.00211059524222057,-0.0019797115463531245,-0.0001308836958674453
2026-08-17,sector_consumer_discretionary,Consumer discretionary sector,sector,XLY,1.0,-0.012267317983748582,-0.004727366641364417,-0.007539951342384166
2026-08-18,sector_consumer_discretionary,Consumer discretionary sector,sector,XLY,1.0,-0.0033404658642264273,-0.006755757074274671,0.0034152912100482435
2026-08-19,sector_consumer_discretionary,Consumer discretionary sector,sector,XLY,1.0,0.019164624577534317,0.00209783741736147,0.017066787160172847
2026-08-20,sector_consumer_discretionary,Consumer discretionary sector,sector,XLY,1.0,-0.01610587816591902,-0.008399893367440514,-0.007705984798478505
2026-08-21,sector_consumer_discretionary,Consumer discretionary sector,sector,XLY,1.0,0.011484370366694252,0.0040912604472485015,0.007393109919445751
2026-08-24,sector_consumer_discretionary,Consumer discretionary sector,sector,XLY,1.0,0.002372533610030647,-0.0029384110198065194,0.0053109446298371665
2026-08-25,sector_consumer_discretionary,Consumer discretionary sector,sector,XLY,1.0,-0.0029586313988720914,0.003195937672779925,-0.006154569071652016
2026-08-26,sector_consumer_discretionary,Consumer discretionary sector,sector,XLY,1.0,-0.00669769653728336,0.0002220155779071309,-0.0069197121151904906
2026-08-27,sector_consumer_discretionary,Consumer discretionary sector,sector,XLY,1.0,-0.010925284812921099,0.006552786111251541,-0.01747807092417264
2026-08-28,sector_consumer_discretionary,Consumer discretionary sector,sector,XLY,1.0,0.011477406477203411,-0.002269485222937795,0.013746891700141206
2026-08-31,sector_consumer_discretionary,Consumer discretionary sector,sector,XLY,1.0,-0.005289674527982902,-0.002989520850009919,-0.0023001536779729825
2026-09-01,sector_consumer_discretionary,Consumer discretionary sector,sector,XLY,1.0,-0.017154130395576783,-0.0068704238054380085,-0.010283706590138775
2026-09-02,sector_consumer_discretionary,Consumer discretionary sector,sector,XLY,1.0,0.0023562639068839264,0.004436902672253051,-0.002080638765369125
2026-09-03,sector_consumer_discretionary,Consumer discretionary sector,sector,XLY,1.0,0.013929988382543224,0.01046841189654324,0.0034615764859999842
2026-09-04,sector_consumer_discretionary,Consumer discretionary sector,sector,XLY,1.0,-0.013309251541716138,-0.0038542371465761782,-0.00945501439513996
2026-07-08,sector_communications,Communication services sector,sector,XLC,1.0,,,
2026-07-09,sector_communications,Communication services sector,sector,XLC,1.0,0.009592573182350517,0.00846525000257925,0.0011273231797712668
2026-07-10,sector_communications,Communication services sector,sector,XLC,1.0,0.010225293924299717,0.0043101596888019955,0.005915134235497721
2026-07-13,sector_communications,Communication services sector,sector,XLC,1.0,-0.00044789548576840144,-0.007656174850540931,0.00720827936477253
2026-07-14,sector_communications,Communication services sector,sector,XLC,1.0,-0.001254587277021768,0.00355064169730146,-0.004805228974323228
2026-07-15,sector_communications,Communication services sector,sector,XLC,1.0,0.017317185805505675,0.003963635929681075,0.0133535498758246
2026-07-16,sector_communications,Communication services sector,sector,XLC,1.0,-0.006438487786407543,-0.005418617756386079,-0.0010198700300214636
2026-07-17,sector_communications,Communication services sector,sector,XLC,1.0,-0.01775410539644373,-0.009897156017872222,-0.00785694937857151
2026-07-20,sector_communications,Communication services sector,sector,XLC,1.0,0.00135563961871088,-0.0016143782471810253,0.002970017865891905
2026-07-21,sector_communications,Communication services sector,sector,XLC,1.0,-0.006949496852461601,0.008341309298597777,-0.015290806151059377
2026-07-22,sector_communications,Communication services sector,sector,XLC,1.0,-0.007543413980395708,-0.0011627413779321527,-0.006380672602463555
2026-07-23,sector_communications,Communication services sector,sector,XLC,1.0,-0.03498168316465089,-0.012349287272575782,-0.022632395892075108
2026-07-24,sector_communications,Communication services sector,sector,XLC,1.0,0.008730364607311802,0.0010160123647910968,0.007714352242520706
2026-07-27,sector_communications,Communication services sector,sector,XLC,1.0,0.012793984678338921,0.0002165755636849287,0.012577409114653992
2026-07-28,sector_communications,Communication services sector,sector,XLC,1.0,0.018669835021966952,0.002394780651586048,0.016275054370380904
2026-07-29,sector_communications,Communication services sector,sector,XLC,1.0,-0.0014588860708137918,-0.015387473482586067,0.013928587411772275
2026-07-30,sector_communications,Communication services sector,sector,XLC,1.0,-0.026755549703404102,0.01676579949601198,-0.04352134919941608
2026-07-31,sector_communications,Communication services sector,sector,XLC,1.0,0.015575117322161214,0.007199809675054292,0.008375307647106922
2026-08-03,sector_communications,Communication services sector,sector,XLC,1.0,0.02864004559592437,0.01424300656734756,0.014397039028576808
2026-08-04,sector_communications,Communication services sector,sector,XLC,1.0,0.006287090000545392,0.018029002715958642,-0.01174191271541325
2026-08-05,sector_communications,Communication services sector,sector,XLC,1.0,-0.010442682607860965,-0.0019966020100066206,-0.008446080597854344
2026-08-06,sector_communications,Communication services sector,sector,XLC,1.0,0.0027960453766948667,-0.001597813044932006,0.004393858421626873
2026-08-07,sector_communications,Communication services sector,sector,XLC,1.0,0.0006296068954134704,0.006115348472417681,-0.005485741577004211
2026-08-10,sector_communications,Communication services sector,sector,XLC,1.0,0.0052134996049857385,-0.00029741673673222557,0.005510916341717964
2026-08-11,sector_communications,Communication services sector,sector,XLC,1.0,-0.005007647132424187,-0.0031952597501651026,-0.0018123873822590841
2026-08-12,sector_communications,Communication services sector,sector,XLC,1.0,-0.008987148648955334,0.0025046624297864195,-0.011491811078741754
2026-08-13,sector_communications,Communication services sector,sector,XLC,1.0,0.02067658001361483,0.006977455651952402,0.01369912436166243
2026-08-14,sector_communications,Communication services sector,sector,XLC,1.0,0.0035539216849285182,-0.0019797115463531245,0.005533633231281643
2026-08-17,sector_communications,Communication services sector,sector,XLC,1.0,-0.01885787791914706,-0.004727366641364417,-0.014130511277782642
2026-08-18,sector_communications,Communication services sector,sector,XLC,1.0,-0.0030680052231267796,-0.006755757074274671,0.0036877518511478913
2026-08-19,sector_communications,Communication services sector,sector,XLC,1.0,0.007603152718748563,0.00209783741736147,0.005505315301387093
2026-08-20,sector_communications,Communication services sector,sector,XLC,1.0,-0.005749186052847244,-0.008399893367440514,0.0026507073145932702
2026-08-21,sector_communications,Communication services sector,sector,XLC,1.0,0.006505251343674301,0.0040912604472485015,0.0024139908964257994
2026-08-24,sector_communications,Communication services sector,sector,XLC,1.0,0.008258511277772218,-0.0029384110198065194,0.011196922297578737
2026-08-25,sector_communications,Communication services sector,sector,XLC,1.0,0.007656700611540224,0.003195937672779925,0.004460762938760299
2026-08-26,sector_communications,Communication services sector,sector,XLC,1.0,-0.00503622277157878,0.0002220155779071309,-0.005258238349485911
2026-08-27,sector_communications,Communication services sector,sector,XLC,1.0,-0.010656220066940336,0.006552786111251541,-0.017209006178191877
2026-08-28,sector_communications,Communication services sector,sector,XLC,1.0,0.014181798310069604,-0.002269485222937795,0.0164512835330074
2026-08-31,sector_communications,Communication services sector,sector,XLC,1.0,-0.013541010781693785,-0.002989520850009919,-0.010551489931683866
2026-09-01,sector_communications,Communication services sector,sector,XLC,1.0,-0.0052036769766625746,-0.0068704238054380085,0.001666746828775434
2026-09-02,sector_communications,Communication services sector,sector,XLC,1.0,0.013888897489848118,0.004436902672253051,0.009451994817595066
2026-09-03,sector_communications,Communication services sector,sector,XLC,1.0,0.00853939779495394,0.01046841189654324,-0.0019290141015892992
2026-09-04,sector_communications,Communication services sector,sector,XLC,1.0,-0.011906848710744544,-0.0038542371465761782,-0.008052611564168366
2026-07-08,sector_industrials,Industrials sector,sector,XLI,1.0,,,
2026-07-09,sector_industrials,Industrials sector,sector,XLI,1.0,0.0038244232812825185,0.00846525000257925,-0.004640826721296731
2026-07-10,sector_industrials,Industrials sector,sector,XLI,1.0,0.004472406580884547,0.0043101596888019955,0.0001622468920825515
2026-07-13,sector_industrials,Industrials sector,sector,XLI,1.0,-0.008520245532975146,-0.007656174850540931,-0.0008640706824342148
2026-07-14,sector_industrials,Industrials sector,sector,XLI,1.0,0.0004435429019262749,0.00355064169730146,-0.003107098795375185
2026-07-15,sector_industrials,Industrials sector,sector,XLI,1.0,-0.002161260162061973,0.003963635929681075,-0.006124896091743048
2026-07-16,sector_industrials,Industrials sector,sector,XLI,1.0,0.0004998130573747872,-0.005418617756386079,0.0059184308137608665
2026-07-17,sector_industrials,Industrials sector,sector,XLI,1.0,-0.004107633968615243,-0.009897156017872222,0.005789522049256979
2026-07-20,sector_industrials,Industrials sector,sector,XLI,1.0,-0.007190282139179938,-0.0016143782471810253,-0.005575903891998912
2026-07-21,sector_industrials,Industrials sector,sector,XLI,1.0,0.003031712102656403,0.008341309298597777,-0.0053095971959413735
2026-07-22,sector_industrials,Industrials sector,sector,XLI,1.0,0.0010634861609293278,-0.0011627413779321527,0.0022262275388614805
2026-07-23,sector_industrials,Industrials sector,sector,XLI,1.0,0.017277026739949797,-0.012349287272575782,0.02962631401252558
2026-07-24,sector_industrials,Industrials sector,sector,XLI,1.0,0.003957355232722781,0.0010160123647910968,0.0029413428679316844
2026-07-27,sector_industrials,Industrials sector,sector,XLI,1.0,0.002956275458812163,0.0002165755636849287,0.0027396998951272344
2026-07-28,sector_industrials,Industrials sector,sector,XLI,1.0,-0.0038754992734999494,0.002394780651586048,-0.0062702799250859975
2026-07-29,sector_industrials,Industrials sector,sector,XLI,1.0,-0.03194696506967387,-0.015387473482586067,-0.016559491587087805
2026-07-30,sector_industrials,Industrials sector,sector,XLI,1.0,0.009792797982999923,0.01676579949601198,-0.006973001513012056
2026-07-31,sector_industrials,Industrials sector,sector,XLI,1.0,0.008128241231029065,0.007199809675054292,0.0009284315559747736
2026-08-03,sector_industrials,Industrials sector,sector,XLI,1.0,0.0184608951947538,0.01424300656734756,0.004217888627406241
2026-08-04,sector_industrials,Industrials sector,sector,XLI,1.0,0.017689398174244086,0.018029002715958642,-0.00033960454171455545
2026-08-05,sector_industrials,Industrials sector,sector,XLI,1.0,-0.0002681748637640702,-0.0019966020100066206,0.0017284271462425504
2026-08-06,sector_industrials,Industrials sector,sector,XLI,1.0,-0.008532393585200082,-0.001597813044932006,-0.006934580540268076
2026-08-07,sector_industrials,Industrials sector,sector,XLI,1.0,0.0022732094686750415,0.006115348472417681,-0.0038421390037426395
2026-08-10,sector_industrials,Industrials sector,sector,XLI,1.0,-0.003132015310536862,-0.00029741673673222557,-0.0028345985738046364
2026-08-11,sector_industrials,Industrials sector,sector,XLI,1.0,0.005958780110276729,-0.0031952597501651026,0.009154039860441832
2026-08-12,sector_industrials,Industrials sector,sector,XLI,1.0,0.0009693480750054828,0.0025046624297864195,-0.0015353143547809367
2026-08-13,sector_industrials,Industrials sector,sector,XLI,1.0,-0.0004842457193631189,0.006977455651952402,-0.007461701371315521
2026-08-14,sector_industrials,Industrials sector,sector,XLI,1.0,0.003875349839720821,-0.0019797115463531245,0.005855061386073945
2026-08-17,sector_industrials,Industrials sector,sector,XLI,1.0,-0.0010186434411709744,-0.004727366641364417,0.0037087232001934423
2026-08-18,sector_industrials,Industrials sector,sector,XLI,1.0,-0.014759552876222659,-0.006755757074274671,-0.008003795801947988
2026-08-19,sector_industrials,Industrials sector,sector,XLI,1.0,-0.008825027571717214,0.00209783741736147,-0.010922864989078684
2026-08-20,sector_industrials,Industrials sector,sector,XLI,1.0,-0.011981273494614975,-0.008399893367440514,-0.0035813801271744605
2026-08-21,sector_industrials,Industrials sector,sector,XLI,1.0,0.0026700546038347373,0.0040912604472485015,-0.0014212058434137642
2026-08-24,sector_industrials,Industrials sector,sector,XLI,1.0,-0.006934812760055475,-0.0029384110198065194,-0.003996401740248956
2026-08-25,sector_industrials,Industrials sector,sector,XLI,1.0,-0.0033519894051152743,0.003195937672779925,-0.006547927077895199
2026-08-26,sector_industrials,Industrials sector,sector,XLI,1.0,0.010874453518938676,0.0002220155779071309,0.010652437941031545
2026-08-27,sector_industrials,Industrials sector,sector,XLI,1.0,-0.008539388474021359,0.006552786111251541,-0.0150921745852729
2026-08-28,sector_industrials,Industrials sector,sector,XLI,1.0,-0.009284136654230668,-0.002269485222937795,-0.007014651431292873
2026-08-31,sector_industrials,Industrials sector,sector,XLI,1.0,-0.01134692623778677,-0.002989520850009919,-0.00835740538777685
2026-09-01,sector_industrials,Industrials sector,sector,XLI,1.0,-0.013704157416539742,-0.0068704238054380085,-0.006833733611101733
2026-09-02,sector_industrials,Industrials sector,sector,XLI,1.0,0.0002894867885985253,0.004436902672253051,-0.004147415883654526
2026-09-03,sector_industrials,Industrials sector,sector,XLI,1.0,0.010302111308442496,0.01046841189654324,-0.00016630058810074289
2026-09-04,sector_industrials,Industrials sector,sector,XLI,1.0,0.004067407904430498,-0.0038542371465761782,0.007921645051006676
2026-07-08,sector_utilities,Utilities sector,sector,XLU,1.0,,,
2026-07-09,sector_utilities,Utilities sector,sector,XLU,1.0,-0.005070536577193918,0.00846525000257925,-0.013535786579773168
2026-07-10,sector_utilities,Utilities sector,sector,XLU,1.0,0.006204271497230129,0.0043101596888019955,0.0018941118084281339
2026-07-13,sector_utilities,Utilities sector,sector,XLU,1.0,0.006826720421332144,-0.007656174850540931,0.014482895271873075
2026-07-14,sector_utilities,Utilities sector,sector,XLU,1.0,-0.0006562246980116315,0.00355064169730146,-0.004206866395313091
2026-07-15,sector_utilities,Utilities sector,sector,XLU,1.0,-0.01028665835264675,0.003963635929681075,-0.014250294282327824
2026-07-16,sector_utilities,Utilities sector,sector,XLU,1.0,0.005528527051112508,-0.005418617756386079,0.010947144807498588
2026-07-17,sector_utilities,Utilities sector,sector,XLU,1.0,-0.006597823701425698,-0.009897156017872222,0.003299332316446524
2026-07-20,sector_utilities,Utilities sector,sector,XLU,1.0,-0.005091865210533952,-0.0016143782471810253,-0.003477486963352927
2026-07-21,sector_utilities,Utilities sector,sector,XLU,1.0,-0.0004450480279226676,0.008341309298597777,-0.008786357326520444
2026-07-22,sector_utilities,Utilities sector,sector,XLU,1.0,0.022484465213730154,-0.0011627413779321527,0.023647206591662306
2026-07-23,sector_utilities,Utilities sector,sector,XLU,1.0,0.005660751574257938,-0.012349287272575782,0.01801003884683372
2026-07-24,sector_utilities,Utilities sector,sector,XLU,1.0,0.0021650203895122733,0.0010160123647910968,0.0011490080247211765
2026-07-27,sector_utilities,Utilities sector,sector,XLU,1.0,-0.013177805104491735,0.0002165755636849287,-0.013394380668176664
2026-07-28,sector_utilities,Utilities sector,sector,XLU,1.0,-0.003502623606462252,0.002394780651586048,-0.0058974042580483
2026-07-29,sector_utilities,Utilities sector,sector,XLU,1.0,-0.013400716261362078,-0.015387473482586067,0.0019867572212239892
2026-07-30,sector_utilities,Utilities sector,sector,XLU,1.0,-0.00556668895233603,0.01676579949601198,-0.02233248844834801
2026-07-31,sector_utilities,Utilities sector,sector,XLU,1.0,-0.006941365301168623,0.007199809675054292,-0.014141174976222914
2026-08-03,sector_utilities,Utilities sector,sector,XLU,1.0,0.00022552731848035634,0.01424300656734756,-0.014017479248867204
2026-08-04,sector_utilities,Utilities sector,sector,XLU,1.0,-0.005635707767363329,0.018029002715958642,-0.02366471048332197
2026-08-05,sector_utilities,Utilities sector,sector,XLU,1.0,-0.010201785461636304,-0.0019966020100066206,-0.008205183451629683
2026-08-06,sector_utilities,Utilities sector,sector,XLU,1.0,-0.006413164916982295,-0.001597813044932006,-0.004815351872050289
2026-08-07,sector_utilities,Utilities sector,sector,XLU,1.0,0.00530197179744607,0.006115348472417681,-0.0008133766749716109
2026-08-10,sector_utilities,Utilities sector,sector,XLU,1.0,-0.011006639200146995,-0.00029741673673222557,-0.01070922246341477
2026-08-11,sector_utilities,Utilities sector,sector,XLU,1.0,0.01159285851188252,-0.0031952597501651026,0.014788118262047623
2026-08-12,sector_utilities,Utilities sector,sector,XLU,1.0,0.004813180823553198,0.0025046624297864195,0.0023085183937667786
2026-08-13,sector_utilities,Utilities sector,sector,XLU,1.0,0.004562061182557864,0.006977455651952402,-0.0024153944693945384
2026-08-14,sector_utilities,Utilities sector,sector,XLU,1.0,0.006130800457555763,-0.0019797115463531245,0.008110512003908887
2026-08-17,sector_utilities,Utilities sector,sector,XLU,1.0,-0.0029338989863718634,-0.004727366641364417,0.0017934676549925532
2026-08-18,sector_utilities,Utilities sector,sector,XLU,1.0,-0.0036215447330670836,-0.006755757074274671,0.0031342123412075873
2026-08-19,sector_utilities,Utilities sector,sector,XLU,1.0,0.0,0.00209783741736147,-0.00209783741736147
2026-08-20,sector_utilities,Utilities sector,sector,XLU,1.0,-0.005679236651527808,-0.008399893367440514,0.002720656715912706
2026-08-21,sector_utilities,Utilities sector,sector,XLU,1.0,-0.02284669841310516,0.0040912604472485015,-0.02693795886035366
2026-08-24,sector_utilities,Utilities sector,sector,XLU,1.0,0.010521411225698607,-0.0029384110198065194,0.013459822245505126
2026-08-25,sector_utilities,Utilities sector,sector,XLU,1.0,0.002082372745162653,0.003195937672779925,-0.001113564927617272
2026-08-26,sector_utilities,Utilities sector,sector,XLU,1.0,0.004617800551849571,0.0002220155779071309,0.00439578497394244
2026-08-27,sector_utilities,Utilities sector,sector,XLU,1.0,-0.007584418043843133,0.006552786111251541,-0.014137204155094674
2026-08-28,sector_utilities,Utilities sector,sector,XLU,1.0,-0.010421509026379394,-0.002269485222937795,-0.0081520238034416
2026-08-31,sector_utilities,Utilities sector,sector,XLU,1.0,-0.011701380888286095,-0.002989520850009919,-0.008711860038276176
2026-09-01,sector_utilities,Utilities sector,sector,XLU,1.0,0.007814393431963884,-0.0068704238054380085,0.014684817237401893
2026-09-02,sector_utilities,Utilities sector,sector,XLU,1.0,0.002584511092692976,0.004436902672253051,-0.0018523915795600754
2026-09-03,sector_utilities,Utilities sector,sector,XLU,1.0,0.008436855537846677,0.01046841189654324,-0.0020315563586965624
2026-09-04,sector_utilities,Utilities sector,sector,XLU,1.0,0.0011620509685410507,-0.0038542371465761782,0.005016288115117229
2026-07-08,sector_real_estate,Real estate sector,sector,XLRE,1.0,,,
2026-07-09,sector_real_estate,Real estate sector,sector,XLRE,1.0,0.001811959537771024,0.00846525000257925,-0.006653290464808226
2026-07-10,sector_real_estate,Real estate sector,sector,XLRE,1.0,0.004974027198282993,0.0043101596888019955,0.0006638675094809976
2026-07-13,sector_real_estate,Real estate sector,sector,XLRE,1.0,0.005624296866344247,-0.007656174850540931,0.013280471716885178
2026-07-14,sector_real_estate,Real estate sector,sector,XLRE,1.0,-0.004921727448504387,0.00355064169730146,-0.008472369145805847
2026-07-15,sector_real_estate,Real estate sector,sector,XLRE,1.0,0.0017986023353870895,0.003963635929681075,-0.002165033594293986
2026-07-16,sector_real_estate,Real estate sector,sector,XLRE,1.0,0.020197434547681414,-0.005418617756386079,0.025616052304067494
2026-07-17,sector_real_estate,Real estate sector,sector,XLRE,1.0,-0.0008799145695761457,-0.009897156017872222,0.009017241448296076
2026-07-20,sector_real_estate,Real estate sector,sector,XLRE,1.0,-0.00418314914946194,-0.0016143782471810253,-0.0025687709022809146
2026-07-21,sector_real_estate,Real estate sector,sector,XLRE,1.0,-0.0006632496042556779,0.008341309298597777,-0.009004558902853455
2026-07-22,sector_real_estate,Real estate sector,sector,XLRE,1.0,-0.004203593765468194,-0.0011627413779321527,-0.0030408523875360416
2026-07-23,sector_real_estate,Real estate sector,sector,XLRE,1.0,-0.001332982911155689,-0.012349287272575782,0.011016304361420093
2026-07-24,sector_real_estate,Real estate sector,sector,XLRE,1.0,0.022246940668007475,0.0010160123647910968,0.02123092830321638
2026-07-27,sector_real_estate,Real estate sector,sector,XLRE,1.0,-0.004134982334091597,0.0002165755636849287,-0.004351557897776526
2026-07-28,sector_real_estate,Real estate sector,sector,XLRE,1.0,0.005463286913678811,0.002394780651586048,0.0030685062620927628
2026-07-29,sector_real_estate,Real estate sector,sector,XLRE,1.0,-0.0010867037358083254,-0.015387473482586067,0.014300769746777742
2026-07-30,sector_real_estate,Real estate sector,sector,XLRE,1.0,-0.01436031028197049,0.01676579949601198,-0.03112610977798247
2026-07-31,sector_real_estate,Real estate sector,sector,XLRE,1.0,-0.005077252673509114,0.007199809675054292,-0.012277062348563406
2026-08-03,sector_real_estate,Real estate sector,sector,XLRE,1.0,0.002440661439902181,0.01424300656734756,-0.01180234512744538
2026-08-04,sector_real_estate,Real estate sector,sector,XLRE,1.0,-0.00022138415588546234,0.018029002715958642,-0.018250386871844104
2026-08-05,sector_real_estate,Real estate sector,sector,XLRE,1.0,0.0006642150810349801,-0.0019966020100066206,0.0026608170910416007
2026-08-06,sector_real_estate,Real estate sector,sector,XLRE,1.0,-0.008628304935078823,-0.001597813044932006,-0.007030491890146817
2026-08-07,sector_real_estate,Real estate sector,sector,XLRE,1.0,0.003793755048769887,0.006115348472417681,-0.002321593423647794
2026-08-10,sector_real_estate,Real estate sector,sector,XLRE,1.0,-0.012894575861718272,-0.00029741673673222557,-0.012597159124986046
2026-08-11,sector_real_estate,Real estate sector,sector,XLRE,1.0,-0.007207200086191579,-0.0031952597501651026,-0.004011940336026476
2026-08-12,sector_real_estate,Real estate sector,sector,XLRE,1.0,0.009301266569441413,0.0025046624297864195,0.006796604139654994
2026-08-13,sector_real_estate,Real estate sector,sector,XLRE,1.0,0.014160423233314567,0.006977455651952402,0.007182967581362165
2026-08-14,sector_real_estate,Real estate sector,sector,XLRE,1.0,0.003324501982044703,-0.0019797115463531245,0.0053042135283978276
2026-08-17,sector_real_estate,Real estate sector,sector,XLRE,1.0,-0.009719430577861288,-0.004727366641364417,-0.004992063936496871
2026-08-18,sector_real_estate,Real estate sector,sector,XLRE,1.0,-0.0044613150740696605,-0.006755757074274671,0.0022944420002050103
2026-08-19,sector_real_estate,Real estate sector,sector,XLRE,1.0,0.008066336583817835,0.00209783741736147,0.005968499166456365
2026-08-20,sector_real_estate,Real estate sector,sector,XLRE,1.0,0.0020004478601958198,-0.008399893367440514,0.010400341227636334
2026-08-21,sector_real_estate,Real estate sector,sector,XLRE,1.0,0.0,0.0040912604472485015,-0.0040912604472485015
2026-08-24,sector_real_estate,Real estate sector,sector,XLRE,1.0,0.005545696314230852,-0.0029384110198065194,0.008484107334037372
2026-08-25,sector_real_estate,Real estate sector,sector,XLRE,1.0,0.0006617864126430284,0.003195937672779925,-0.0025341512601368965
2026-08-26,sector_real_estate,Real estate sector,sector,XLRE,1.0,-0.005952390964078957,0.0002220155779071309,-0.006174406541986088
2026-08-27,sector_real_estate,Real estate sector,sector,XLRE,1.0,-0.009536489326250397,0.006552786111251541,-0.016089275437501938
2026-08-28,sector_real_estate,Real estate sector,sector,XLRE,1.0,-0.004030459153398613,-0.002269485222937795,-0.0017609739304608185
2026-08-31,sector_real_estate,Real estate sector,sector,XLRE,1.0,-0.008318321395966555,-0.002989520850009919,-0.005328800545956636
2026-09-01,sector_real_estate,Real estate sector,sector,XLRE,1.0,-0.0015869347960922875,-0.0068704238054380085,0.005283489009345721
2026-09-02,sector_real_estate,Real estate sector,sector,XLRE,1.0,-0.007039086440657094,0.004436902672253051,-0.011475989112910145
2026-09-03,sector_real_estate,Real estate sector,sector,XLRE,1.0,0.011891160832540937,0.01046841189654324,0.0014227489359976975
2026-09-04,sector_real_estate,Real estate sector,sector,XLRE,1.0,-0.007231631521451232,-0.0038542371465761782,-0.0033773943748750535
2026-07-08,sector_energy,Energy sector,sector,XLE,1.0,,,
2026-07-09,sector_energy,Energy sector,sector,XLE,1.0,-0.014028755408328264,0.00846525000257925,-0.022494005410907514
2026-07-10,sector_energy,Energy sector,sector,XLE,1.0,0.004742833594999496,0.0043101596888019955,0.00043267390619750046
2026-07-13,sector_energy,Energy sector,sector,XLE,1.0,0.030137977346184286,-0.007656174850540931,0.03779415219672522
2026-07-14,sector_energy,Energy sector,sector,XLE,1.0,0.0037010764585923006,0.00355064169730146,0.00015043476129084077
2026-07-15,sector_energy,Energy sector,sector,XLE,1.0,-0.00790168142073655,0.003963635929681075,-0.011865317350417626
2026-07-16,sector_energy,Energy sector,sector,XLE,1.0,0.00920354792502076,-0.005418617756386079,0.01462216568140684
2026-07-17,sector_energy,Energy sector,sector,XLE,1.0,0.011574883235944355,-0.009897156017872222,0.021472039253816577
2026-07-20,sector_energy,Energy sector,sector,XLE,1.0,0.004507599170554544,-0.0016143782471810253,0.006121977417735569
2026-07-21,sector_energy,Energy sector,sector,XLE,1.0,0.009665194797448207,0.008341309298597777,0.00132388549885043
2026-07-22,sector_energy,Energy sector,sector,XLE,1.0,0.011965825007512088,-0.0011627413779321527,0.01312856638544424
2026-07-23,sector_energy,Energy sector,sector,XLE,1.0,0.003040545656351812,-0.012349287272575782,0.015389832928927594
2026-07-24,sector_energy,Energy sector,sector,XLE,1.0,0.004041728855717297,0.0010160123647910968,0.0030257164909262
2026-07-27,sector_energy,Energy sector,sector,XLE,1.0,-0.021133819927986575,0.0002165755636849287,-0.021350395491671503
2026-07-28,sector_energy,Energy sector,sector,XLE,1.0,-0.013536684497347573,0.002394780651586048,-0.01593146514893362
2026-07-29,sector_energy,Energy sector,sector,XLE,1.0,0.018759802619067623,-0.015387473482586067,0.03414727610165369
2026-07-30,sector_energy,Energy sector,sector,XLE,1.0,0.005285550733651112,0.01676579949601198,-0.011480248762360867
2026-07-31,sector_energy,Energy sector,sector,XLE,1.0,0.01000678700389046,0.007199809675054292,0.002806977328836169
2026-08-03,sector_energy,Energy sector,sector,XLE,1.0,-0.012762356528465246,0.01424300656734756,-0.027005363095812807
2026-08-04,sector_energy,Energy sector,sector,XLE,1.0,-0.004592625507041981,0.018029002715958642,-0.022621628223000623
2026-08-05,sector_energy,Energy sector,sector,XLE,1.0,-0.020676675922891796,-0.0019966020100066206,-0.018680073912885176
2026-08-06,sector_energy,Energy sector,sector,XLE,1.0,0.014831590538352923,-0.001597813044932006,0.01642940358328493
2026-08-07,sector_energy,Energy sector,sector,XLE,1.0,-0.011348002908247556,0.006115348472417681,-0.017463351380665237
2026-08-10,sector_energy,Energy sector,sector,XLE,1.0,0.04660870095957881,-0.00029741673673222557,0.046906117696311034
2026-08-11,sector_energy,Energy sector,sector,XLE,1.0,0.012462612100310855,-0.0031952597501651026,0.015657871850475957
2026-08-12,sector_energy,Energy sector,sector,XLE,1.0,0.0016412025869070312,0.0025046624297864195,-0.0008634598428793883
2026-08-13,sector_energy,Energy sector,sector,XLE,1.0,0.0004916040405413824,0.006977455651952402,-0.00648585161141102
2026-08-14,sector_energy,Energy sector,sector,XLE,1.0,0.013920708401636173,-0.0019797115463531245,0.015900419947989297
2026-08-17,sector_energy,Energy sector,sector,XLE,1.0,0.01082219326916345,-0.004727366641364417,0.015549559910527866
2026-08-18,sector_energy,Energy sector,sector,XLE,1.0,0.01757747590181813,-0.006755757074274671,0.0243332329760928
2026-08-19,sector_energy,Energy sector,sector,XLE,1.0,-0.0015703277896021994,0.00209783741736147,-0.0036681652069636694
2026-08-20,sector_energy,Energy sector,sector,XLE,1.0,0.002673767915216896,-0.008399893367440514,0.01107366128265741
2026-08-21,sector_energy,Energy sector,sector,XLE,1.0,-0.0017254997702206287,0.0040912604472485015,-0.00581676021746913
2026-08-24,sector_energy,Energy sector,sector,XLE,1.0,-0.008328076435888287,-0.0029384110198065194,-0.005389665416081768
2026-08-25,sector_energy,Energy sector,sector,XLE,1.0,-0.016637604609503365,0.003195937672779925,-0.01983354228228329
2026-08-26,sector_energy,Energy sector,sector,XLE,1.0,0.0059619549419476225,0.0002220155779071309,0.005739939364040492
2026-08-27,sector_energy,Energy sector,sector,XLE,1.0,-0.0022425018254698115,0.006552786111251541,-0.008795287936721352
2026-08-28,sector_energy,Energy sector,sector,XLE,1.0,0.006261027194032653,-0.002269485222937795,0.008530512416970448
2026-08-31,sector_energy,Energy sector,sector,XLE,1.0,0.02042116740690547,-0.002989520850009919,0.02341068825691539
2026-09-01,sector_energy,Energy sector,sector,XLE,1.0,0.012664127113635182,-0.0068704238054380085,0.01953455091907319
2026-09-02,sector_energy,Energy sector,sector,XLE,1.0,0.005094979900543306,0.004436902672253051,0.0006580772282902547
2026-09-03,sector_energy,Energy sector,sector,XLE,1.0,-0.0073732064330211955,0.01046841189654324,-0.017841618329564435
2026-09-04,sector_energy,Energy sector,sector,XLE,1.0,-0.00866612757948082,-0.0038542371465761782,-0.004811890432904642
2026-07-08,sector_financials,Financials sector,sector,XLF,1.0,,,
2026-07-09,sector_financials,Financials sector,sector,XLF,1.0,0.01036928655933056,0.00846525000257925,0.0019040365567513096
2026-07-10,sector_financials,Financials sector,sector,XLF,1.0,0.003060824021300812,0.0043101596888019955,-0.0012493356675011835
2026-07-13,sector_financials,Financials sector,sector,XLF,1.0,0.006462046603262328,-0.007656174850540931,0.014118221453803259
2026-07-14,sector_financials,Financials sector,sector,XLF,1.0,0.0019618443187134904,0.00355064169730146,-0.0015887973785879694
2026-07-15,sector_financials,Financials sector,sector,XLF,1.0,0.006763991919740642,0.003963635929681075,0.0028003559900595665
2026-07-16,sector_financials,Financials sector,sector,XLF,1.0,0.0033592401360638124,-0.005418617756386079,0.008777857892449892
2026-07-17,sector_financials,Financials sector,sector,XLF,1.0,-0.008634390809987624,-0.009897156017872222,0.0012627652078845975
2026-07-20,sector_financials,Financials sector,sector,XLF,1.0,-0.003910369935465452,-0.0016143782471810253,-0.0022959916882844267
2026-07-21,sector_financials,Financials sector,sector,XLF,1.0,0.0012491023140726032,0.008341309298597777,-0.007092206984525173
2026-07-22,sector_financials,Financials sector,sector,XLF,1.0,-0.001069352568852877,-0.0011627413779321527,9.33888090792756e-05
2026-07-23,sector_financials,Financials sector,sector,XLF,1.0,-0.003925020677973512,-0.012349287272575782,0.00842426659460227
2026-07-24,sector_financials,Financials sector,sector,XLF,1.0,0.008597519729425018,0.0010160123647910968,0.0075815073646339215
2026-07-27,sector_financials,Financials sector,sector,XLF,1.0,0.010122530295205712,0.0002165755636849287,0.009905954731520783
2026-07-28,sector_financials,Financials sector,sector,XLF,1.0,0.012658182005721885,0.002394780651586048,0.010263401354135837
2026-07-29,sector_financials,Financials sector,sector,XLF,1.0,-0.015972190856196833,-0.015387473482586067,-0.0005847173736107658
2026-07-30,sector_financials,Financials sector,sector,XLF,1.0,0.00564572500178695,0.01676579949601198,-0.01112007449422503
2026-07-31,sector_financials,Financials sector,sector,XLF,1.0,-0.0010526556717723734,0.007199809675054292,-0.008252465346826665
2026-08-03,sector_financials,Financials sector,sector,XLF,1.0,0.007727475448161769,0.01424300656734756,-0.006515531119185791
2026-08-04,sector_financials,Financials sector,sector,XLF,1.0,0.008713837411861602,0.018029002715958642,-0.00931516530409704
2026-08-05,sector_financials,Financials sector,sector,XLF,1.0,0.002073236518146393,-0.0019966020100066206,0.004069838528153014
2026-08-06,sector_financials,Financials sector,sector,XLF,1.0,-0.003275838391534225,-0.001597813044932006,-0.0016780253466022188
2026-08-07,sector_financials,Financials sector,sector,XLF,1.0,-0.0036326395810630796,0.006115348472417681,-0.00974798805348076
2026-08-10,sector_financials,Financials sector,sector,XLF,1.0,0.003645883762727564,-0.00029741673673222557,0.00394330049945979
2026-08-11,sector_financials,Financials sector,sector,XLF,1.0,-0.00017301740171016267,-0.0031952597501651026,0.00302224234845494
2026-08-12,sector_financials,Financials sector,sector,XLF,1.0,0.0020761061153755644,0.0025046624297864195,-0.00042855631441085507
2026-08-13,sector_financials,Financials sector,sector,XLF,1.0,0.0058701685658923974,0.006977455651952402,-0.0011072870860600048
2026-08-14,sector_financials,Financials sector,sector,XLF,1.0,-0.0017164173876079714,-0.0019797115463531245,0.00026329415874515316
2026-08-17,sector_financials,Financials sector,sector,XLF,1.0,-0.00997245560314819,-0.004727366641364417,-0.005245088961783773
2026-08-18,sector_financials,Financials sector,sector,XLF,1.0,0.004515427462056465,-0.006755757074274671,0.011271184536331136
2026-08-19,sector_financials,Financials sector,sector,XLF,1.0,-0.006224076926034661,0.00209783741736147,-0.00832191434339613
2026-08-20,sector_financials,Financials sector,sector,XLF,1.0,-0.009220577305457889,-0.008399893367440514,-0.0008206839380173747
2026-08-21,sector_financials,Financials sector,sector,XLF,1.0,0.009306387571495378,0.0040912604472485015,0.005215127124246877
2026-08-24,sector_financials,Financials sector,sector,XLF,1.0,0.012874072448853191,-0.0029384110198065194,0.01581248346865971
2026-08-25,sector_financials,Financials sector,sector,XLF,1.0,0.001545863117500046,0.003195937672779925,-0.001650074555279879
2026-08-26,sector_financials,Financials sector,sector,XLF,1.0,-0.0008575381680699934,0.0002220155779071309,-0.0010795537459771243
2026-08-27,sector_financials,Financials sector,sector,XLF,1.0,-0.006522438454611534,0.006552786111251541,-0.013075224565863075
2026-08-28,sector_financials,Financials sector,sector,XLF,1.0,0.003800922632101411,-0.002269485222937795,0.006070407855039206
2026-08-31,sector_financials,Financials sector,sector,XLF,1.0,-0.006712554214990951,-0.002989520850009919,-0.003723033364981032
2026-09-01,sector_financials,Financials sector,sector,XLF,1.0,-0.00883726095345616,-0.0068704238054380085,-0.0019668371480181523
2026-09-02,sector_financials,Financials sector,sector,XLF,1.0,0.008041941928971008,0.004436902672253051,0.0036050392567179568
2026-09-03,sector_financials,Financials sector,sector,XLF,1.0,0.015608767399594381,0.01046841189654324,0.005140355503051142
2026-09-04,sector_financials,Financials sector,sector,XLF,1.0,-0.007855240580300515,-0.0038542371465761782,-0.004001003433724337
2026-07-08,sector_healthcare,Healthcare sector,sector,XLV,1.0,,,
2026-07-09,sector_healthcare,Healthcare sector,sector,XLV,1.0,-0.0008010158987553639,0.00846525000257925,-0.009266265901334614
2026-07-10,sector_healthcare,Healthcare sector,sector,XLV,1.0,-0.008201281655495385,0.0043101596888019955,-0.01251144134429738
2026-07-13,sector_healthcare,Healthcare sector,sector,XLV,1.0,0.0035439401715806618,-0.007656174850540931,0.011200115022121593
2026-07-14,sector_healthcare,Healthcare sector,sector,XLV,1.0,-0.019329721239012554,0.00355064169730146,-0.022880362936314014
2026-07-15,sector_healthcare,Healthcare sector,sector,XLV,1.0,0.0,0.003963635929681075,-0.003963635929681075
2026-07-16,sector_healthcare,Healthcare sector,sector,XLV,1.0,0.02217455249543243,-0.005418617756386079,0.02759317025181851
2026-07-17,sector_healthcare,Healthcare sector,sector,XLV,1.0,-0.004388174910232023,-0.009897156017872222,0.0055089811076401984
2026-07-20,sector_healthcare,Healthcare sector,sector,XLV,1.0,-0.01142216388180417,-0.0016143782471810253,-0.009807785634623145
2026-07-21,sector_healthcare,Healthcare sector,sector,XLV,1.0,0.006279434850863463,0.008341309298597777,-0.002061874447734313
2026-07-22,sector_healthcare,Healthcare sector,sector,XLV,1.0,-0.005117050385140431,-0.0011627413779321527,-0.003954309007208279
2026-07-23,sector_healthcare,Healthcare sector,sector,XLV,1.0,0.012607475744620844,-0.012349287272575782,0.024956763017196626
2026-07-24,sector_healthcare,Healthcare sector,sector,XLV,1.0,0.006999534599379187,0.0010160123647910968,0.00598352223458809
2026-07-27,sector_healthcare,Healthcare sector,sector,XLV,1.0,0.005105410191748039,0.0002165755636849287,0.00488883462806311
2026-07-28,sector_healthcare,Healthcare sector,sector,XLV,1.0,0.02362301563362923,0.002394780651586048,0.02122823498204318
2026-07-29,sector_healthcare,Healthcare sector,sector,XLV,1.0,-0.0060982246034343435,-0.015387473482586067,0.009289248879151724
2026-07-30,sector_healthcare,Healthcare sector,sector,XLV,1.0,-0.016361893231620295,0.01676579949601198,-0.033127692727632274
2026-07-31,sector_healthcare,Healthcare sector,sector,XLV,1.0,-0.005932003396274865,0.007199809675054292,-0.013131813071329157
2026-08-03,sector_healthcare,Healthcare sector,sector,XLV,1.0,-0.0019070904507768605,0.01424300656734756,-0.01615009701812442
2026-08-04,sector_healthcare,Healthcare sector,sector,XLV,1.0,-0.0008629153409042134,0.018029002715958642,-0.018891918056862855
2026-08-05,sector_healthcare,Healthcare sector,sector,XLV,1.0,0.012708189272233827,-0.0019966020100066206,0.014704791282240448
2026-08-06,sector_healthcare,Healthcare sector,sector,XLV,1.0,0.0017665282630578982,-0.001597813044932006,0.0033643413079899043
2026-08-07,sector_healthcare,Healthcare sector,sector,XLV,1.0,0.007479451203189713,0.006115348472417681,0.0013641027307720321
2026-08-10,sector_healthcare,Healthcare sector,sector,XLV,1.0,0.016658678703747043,-0.00029741673673222557,0.01695609544047927
2026-08-11,sector_healthcare,Healthcare sector,sector,XLV,1.0,-0.002552884874956529,-0.0031952597501651026,0.0006423748752085734
2026-08-12,sector_healthcare,Healthcare sector,sector,XLV,1.0,0.002559418776439726,0.0025046624297864195,5.475634665330631e-05
2026-08-13,sector_healthcare,Healthcare sector,sector,XLV,1.0,-0.0003561954270014933,0.006977455651952402,-0.0073336510789538956
2026-08-14,sector_healthcare,Healthcare sector,sector,XLV,1.0,-0.005998394918256156,-0.0019797115463531245,-0.004018683371903031
2026-08-17,sector_healthcare,Healthcare sector,sector,XLV,1.0,-0.0019118842968576244,-0.004727366641364417,0.0028154823445067922
2026-08-18,sector_healthcare,Healthcare sector,sector,XLV,1.0,0.016043056730450367,-0.006755757074274671,0.022798813804725038
2026-08-19,sector_healthcare,Healthcare sector,sector,XLV,1.0,0.03505565956528667,0.00209783741736147,0.0329578221479252
2026-08-20,sector_healthcare,Healthcare sector,sector,XLV,1.0,-0.018727193893982697,-0.008399893367440514,-0.010327300526542182
2026-08-21,sector_healthcare,Healthcare sector,sector,XLV,1.0,0.012935760400454965,0.0040912604472485015,0.008844499953206464
2026-08-24,sector_healthcare,Healthcare sector,sector,XLV,1.0,0.00045814816911993184,-0.0029384110198065194,0.0033965591889264513
2026-08-25,sector_healthcare,Healthcare sector,sector,XLV,1.0,0.0033771971848712834,0.003195937672779925,0.0001812595120913585
2026-08-26,sector_healthcare,Healthcare sector,sector,XLV,1.0,-0.009983456369602406,0.0002220155779071309,-0.010205471947509537
2026-08-27,sector_healthcare,Healthcare sector,sector,XLV,1.0,-0.011294177313044385,0.006552786111251541,-0.017846963424295925
2026-08-28,sector_healthcare,Healthcare sector,sector,XLV,1.0,-0.0024478270454785234,-0.002269485222937795,-0.0001783418225407285
2026-08-31,sector_healthcare,Healthcare sector,sector,XLV,1.0,-0.0036224022126135624,-0.002989520850009919,-0.0006328813626036434
2026-09-01,sector_healthcare,Healthcare sector,sector,XLV,1.0,0.006626040385240062,-0.0068704238054380085,0.01349646419067807
2026-09-02,sector_healthcare,Healthcare sector,sector,XLV,1.0,0.007456158868465623,0.004436902672253051,0.003019256196212572
2026-09-03,sector_healthcare,Healthcare sector,sector,XLV,1.0,0.0017924114718921302,0.01046841189654324,-0.008676000424651109
2026-09-04,sector_healthcare,Healthcare sector,sector,XLV,1.0,-0.010446713701831145,-0.0038542371465761782,-0.006592476555254967
2026-07-08,sector_staples,Consumer staples sector,sector,XLP,1.0,,,
2026-07-09,sector_staples,Consumer staples sector,sector,XLP,1.0,-0.014101225856297583,0.00846525000257925,-0.022566475858876833
2026-07-10,sector_staples,Consumer staples sector,sector,XLP,1.0,0.011057762404873328,0.0043101596888019955,0.0067476027160713326
2026-07-13,sector_staples,Consumer staples sector,sector,XLP,1.0,0.005587179932987851,-0.007656174850540931,0.013243354783528782
2026-07-14,sector_staples,Consumer staples sector,sector,XLP,1.0,-0.013831401106483177,0.00355064169730146,-0.017382042803784636
2026-07-15,sector_staples,Consumer staples sector,sector,XLP,1.0,0.000599413244490199,0.003963635929681075,-0.0033642226851908763
2026-07-16,sector_staples,Consumer staples sector,sector,XLP,1.0,0.028033979916969765,-0.005418617756386079,0.033452597673355844
2026-07-17,sector_staples,Consumer staples sector,sector,XLP,1.0,-0.007225208423577323,-0.009897156017872222,0.002671947594294899
2026-07-20,sector_staples,Consumer staples sector,sector,XLP,1.0,-0.0038737154783117234,-0.0016143782471810253,-0.002259337231130698
2026-07-21,sector_staples,Consumer staples sector,sector,XLP,1.0,-0.009427327904829474,0.008341309298597777,-0.01776863720342725
2026-07-22,sector_staples,Consumer staples sector,sector,XLP,1.0,0.003806801143447114,-0.0011627413779321527,0.0049695425213792666
2026-07-23,sector_staples,Consumer staples sector,sector,XLP,1.0,-0.013865823738195449,-0.012349287272575782,-0.0015165364656196667
2026-07-24,sector_staples,Consumer staples sector,sector,XLP,1.0,0.011056341534283032,0.0010160123647910968,0.010040329169491935
2026-07-27,sector_staples,Consumer staples sector,sector,XLP,1.0,0.01462027097455576,0.0002165755636849287,0.014403695410870831
2026-07-28,sector_staples,Consumer staples sector,sector,XLP,1.0,0.0199156154649327,0.002394780651586048,0.017520834813346653
2026-07-29,sector_staples,Consumer staples sector,sector,XLP,1.0,0.0034459345298729627,-0.015387473482586067,0.01883340801245903
2026-07-30,sector_staples,Consumer staples sector,sector,XLP,1.0,-0.021634608246837495,0.01676579949601198,-0.038400407742849474
2026-07-31,sector_staples,Consumer staples sector,sector,XLP,1.0,-0.004913983420460899,0.007199809675054292,-0.01211379309551519
2026-08-03,sector_staples,Consumer staples sector,sector,XLP,1.0,-0.002234008637138074,0.01424300656734756,-0.016477015204485634
2026-08-04,sector_staples,Consumer staples sector,sector,XLP,1.0,0.006009923786970406,0.018029002715958642,-0.012019078928988236
2026-08-05,sector_staples,Consumer staples sector,sector,XLP,1.0,-0.0004685593796462939,-0.0019966020100066206,0.0015280426303603267
2026-08-06,sector_staples,Consumer staples sector,sector,XLP,1.0,-0.0025782399622902297,-0.001597813044932006,-0.0009804269173582236
2026-08-07,sector_staples,Consumer staples sector,sector,XLP,1.0,0.00011752010526078216,0.006115348472417681,-0.005997828367156899
2026-08-10,sector_staples,Consumer staples sector,sector,XLP,1.0,-0.00199724850627625,-0.00029741673673222557,-0.0016998317695440246
2026-08-11,sector_staples,Consumer staples sector,sector,XLP,1.0,-0.003060559342860758,-0.0031952597501651026,0.00013470040730434452
2026-08-12,sector_staples,Consumer staples sector,sector,XLP,1.0,0.004605022770170164,0.0025046624297864195,0.0021003603403837445
2026-08-13,sector_staples,Consumer staples sector,sector,XLP,1.0,0.010813330384879194,0.006977455651952402,0.0038358747329267917
2026-08-14,sector_staples,Consumer staples sector,sector,XLP,1.0,0.0010464690452398617,-0.0019797115463531245,0.0030261805915929862
2026-08-17,sector_staples,Consumer staples sector,sector,XLP,1.0,-0.016378163464902618,-0.004727366641364417,-0.011650796823538201
2026-08-18,sector_staples,Consumer staples sector,sector,XLP,1.0,0.010628265501126721,-0.006755757074274671,0.017384022575401392
2026-08-19,sector_staples,Consumer staples sector,sector,XLP,1.0,0.011217563261658015,0.00209783741736147,0.009119725844296545
2026-08-20,sector_staples,Consumer staples sector,sector,XLP,1.0,-0.014097541111583567,-0.008399893367440514,-0.005697647744143053
2026-08-21,sector_staples,Consumer staples sector,sector,XLP,1.0,0.0078527680654219,0.0040912604472485015,0.0037615076181733986
2026-08-24,sector_staples,Consumer staples sector,sector,XLP,1.0,0.01697870823052794,-0.0029384110198065194,0.01991711925033446
2026-08-25,sector_staples,Consumer staples sector,sector,XLP,1.0,-0.010634652231334085,0.003195937672779925,-0.01383058990411401
2026-08-26,sector_staples,Consumer staples sector,sector,XLP,1.0,-0.0028895054288011757,0.0002220155779071309,-0.0031115210067083066
2026-08-27,sector_staples,Consumer staples sector,sector,XLP,1.0,-0.01379384326320543,0.006552786111251541,-0.02034662937445697
2026-08-28,sector_staples,Consumer staples sector,sector,XLP,1.0,0.004348790658493584,-0.002269485222937795,0.006618275881431379
2026-08-31,sector_staples,Consumer staples sector,sector,XLP,1.0,-0.005500217765873949,-0.002989520850009919,-0.00251069691586403
2026-09-01,sector_staples,Consumer staples sector,sector,XLP,1.0,0.0031771785408429842,-0.0068704238054380085,0.010047602346280993
2026-09-02,sector_staples,Consumer staples sector,sector,XLP,1.0,0.003284443158907635,0.004436902672253051,-0.0011524595133454163
2026-09-03,sector_staples,Consumer staples sector,sector,XLP,1.0,-0.0031567478886923572,0.01046841189654324,-0.013625159785235597
2026-09-04,sector_staples,Consumer staples sector,sector,XLP,1.0,-0.007975607414239305,-0.0038542371465761782,-0.004121370267663127
2026-07-08,cloud_platforms,Cloud platforms,theme,MSFT|AMZN|GOOGL,0.3333333333333333|0.3333333333333333|0.3333333333333333,,,
2026-07-09,cloud_platforms,Cloud platforms,theme,MSFT|AMZN|GOOGL,0.3333333333333333|0.3333333333333333|0.3333333333333333,0.0027756780922771522,0.00846525000257925,-0.005689571910302098
2026-07-10,cloud_platforms,Cloud platforms,theme,MSFT|AMZN|GOOGL,0.3333333333333333|0.3333333333333333|0.3333333333333333,-0.003240306130359083,0.0043101596888019955,-0.0075504658191610785
2026-07-13,cloud_platforms,Cloud platforms,theme,MSFT|AMZN|GOOGL,0.3333333333333333|0.3333333333333333|0.3333333333333333,0.0034165997745043324,-0.007656174850540931,0.011072774625045263
2026-07-14,cloud_platforms,Cloud platforms,theme,MSFT|AMZN|GOOGL,0.3333333333333333|0.3333333333333333|0.3333333333333333,0.0016954550210990238,0.00355064169730146,-0.001855186676202436
2026-07-15,cloud_platforms,Cloud platforms,theme,MSFT|AMZN|GOOGL,0.3333333333333333|0.3333333333333333|0.3333333333333333,0.029905995181624068,0.003963635929681075,0.025942359251942992
2026-07-16,cloud_platforms,Cloud platforms,theme,MSFT|AMZN|GOOGL,0.3333333333333333|0.3333333333333333|0.3333333333333333,-0.016811901439229948,-0.005418617756386079,-0.011393283682843869
2026-07-17,cloud_platforms,Cloud platforms,theme,MSFT|AMZN|GOOGL,0.3333333333333333|0.3333333333333333|0.3333333333333333,-0.016829922892526827,-0.009897156017872222,-0.006932766874654606
2026-07-20,cloud_platforms,Cloud platforms,theme,MSFT|AMZN|GOOGL,0.3333333333333333|0.3333333333333333|0.3333333333333333,0.015908087117729137,-0.0016143782471810253,0.017522465364910162
2026-07-21,cloud_platforms,Cloud platforms,theme,MSFT|AMZN|GOOGL,0.3333333333333333|0.3333333333333333|0.3333333333333333,-0.011598740722285505,0.008341309298597777,-0.019940050020883282
2026-07-22,cloud_platforms,Cloud platforms,theme,MSFT|AMZN|GOOGL,0.3333333333333333|0.3333333333333333|0.3333333333333333,-0.01470416272258009,-0.0011627413779321527,-0.013541421344647937
2026-07-23,cloud_platforms,Cloud platforms,theme,MSFT|AMZN|GOOGL,0.3333333333333333|0.3333333333333333|0.3333333333333333,-0.046489897696754934,-0.012349287272575782,-0.03414061042417915
2026-07-24,cloud_platforms,Cloud platforms,theme,MSFT|AMZN|GOOGL,0.3333333333333333|0.3333333333333333|0.3333333333333333,4.4601512202202976e-05,0.0010160123647910968,-0.0009714108525888938
2026-07-27,cloud_platforms,Cloud platforms,theme,MSFT|AMZN|GOOGL,0.3333333333333333|0.3333333333333333|0.3333333333333333,0.012538244581423868,0.0002165755636849287,0.01232166901773894
2026-07-28,cloud_platforms,Cloud platforms,theme,MSFT|AMZN|GOOGL,0.3333333333333333|0.3333333333333333|0.3333333333333333,0.010175683148002471,0.002394780651586048,0.007780902496416423
2026-07-29,cloud_platforms,Cloud platforms,theme,MSFT|AMZN|GOOGL,0.3333333333333333|0.3333333333333333|0.3333333333333333,-0.005463364816939357,-0.015387473482586067,0.009924108665646709
2026-07-30,cloud_platforms,Cloud platforms,theme,MSFT|AMZN|GOOGL,0.3333333333333333|0.3333333333333333|0.3333333333333333,0.06168539555026579,0.01676579949601198,0.04491959605425381
2026-07-31,cloud_platforms,Cloud platforms,theme,MSFT|AMZN|GOOGL,0.3333333333333333|0.3333333333333333|0.3333333333333333,0.08358090385838997,0.007199809675054292,0.07638109418333568
2026-08-03,cloud_platforms,Cloud platforms,theme,MSFT|AMZN|GOOGL,0.3333333333333333|0.3333333333333333|0.3333333333333333,0.04798331575688282,0.01424300656734756,0.03374030918953526
2026-08-04,cloud_platforms,Cloud platforms,theme,MSFT|AMZN|GOOGL,0.3333333333333333|0.3333333333333333|0.3333333333333333,-0.0005240980602571055,0.018029002715958642,-0.018553100776215747
2026-08-05,cloud_platforms,Cloud platforms,theme,MSFT|AMZN|GOOGL,0.3333333333333333|0.3333333333333333|0.3333333333333333,-0.022784087770179706,-0.0019966020100066206,-0.020787485760173086
2026-08-06,cloud_platforms,Cloud platforms,theme,MSFT|AMZN|GOOGL,0.3333333333333333|0.3333333333333333|0.3333333333333333,0.003698271650476464,-0.001597813044932006,0.00529608469540847
2026-08-07,cloud_platforms,Cloud platforms,theme,MSFT|AMZN|GOOGL,0.3333333333333333|0.3333333333333333|0.3333333333333333,-0.0004098783629716456,0.006115348472417681,-0.006525226835389327
2026-08-10,cloud_platforms,Cloud platforms,theme,MSFT|AMZN|GOOGL,0.3333333333333333|0.3333333333333333|0.3333333333333333,0.011460268474687247,-0.00029741673673222557,0.011757685211419473
2026-08-11,cloud_platforms,Cloud platforms,theme,MSFT|AMZN|GOOGL,0.3333333333333333|0.3333333333333333|0.3333333333333333,-0.02125006486902592,-0.0031952597501651026,-0.018054805118860817
2026-08-12,cloud_platforms,Cloud platforms,theme,MSFT|AMZN|GOOGL,0.3333333333333333|0.3333333333333333|0.3333333333333333,-0.013890459146051876,0.0025046624297864195,-0.016395121575838296
2026-08-13,cloud_platforms,Cloud platforms,theme,MSFT|AMZN|GOOGL,0.3333333333333333|0.3333333333333333|0.3333333333333333,0.003067160215541357,0.006977455651952402,-0.003910295436411046
2026-08-14,cloud_platforms,Cloud platforms,theme,MSFT|AMZN|GOOGL,0.3333333333333333|0.3333333333333333|0.3333333333333333,-0.0045535642224613,-0.0019797115463531245,-0.0025738526761081753
2026-08-17,cloud_platforms,Cloud platforms,theme,MSFT|AMZN|GOOGL,0.3333333333333333|0.3333333333333333|0.3333333333333333,-0.013658058722645954,-0.004727366641364417,-0.008930692081281538
2026-08-18,cloud_platforms,Cloud platforms,theme,MSFT|AMZN|GOOGL,0.3333333333333333|0.3333333333333333|0.3333333333333333,-0.0012905893595136497,-0.006755757074274671,0.005465167714761021
2026-08-19,cloud_platforms,Cloud platforms,theme,MSFT|AMZN|GOOGL,0.3333333333333333|0.3333333333333333|0.3333333333333333,0.010568031990494015,0.00209783741736147,0.008470194573132545
2026-08-20,cloud_platforms,Cloud platforms,theme,MSFT|AMZN|GOOGL,0.3333333333333333|0.3333333333333333|0.3333333333333333,-0.012652514194764986,-0.008399893367440514,-0.0042526208273244714
2026-08-21,cloud_platforms,Cloud platforms,theme,MSFT|AMZN|GOOGL,0.3333333333333333|0.3333333333333333|0.3333333333333333,0.00361193898057921,0.0040912604472485015,-0.0004793214666692913
2026-08-24,cloud_platforms,Cloud platforms,theme,MSFT|AMZN|GOOGL,0.3333333333333333|0.3333333333333333|0.3333333333333333,0.010373130244839693,-0.0029384110198065194,0.013311541264646213
2026-08-25,cloud_platforms,Cloud platforms,theme,MSFT|AMZN|GOOGL,0.3333333333333333|0.3333333333333333|0.3333333333333333,0.0006715908865026301,0.003195937672779925,-0.002524346786277295
2026-08-26,cloud_platforms,Cloud platforms,theme,MSFT|AMZN|GOOGL,0.3333333333333333|0.3333333333333333|0.3333333333333333,-0.0026020942718841065,0.0002220155779071309,-0.0028241098497912374
2026-08-27,cloud_platforms,Cloud platforms,theme,MSFT|AMZN|GOOGL,0.3333333333333333|0.3333333333333333|0.3333333333333333,-0.0006283636445011029,0.006552786111251541,-0.007181149755752644
2026-08-28,cloud_platforms,Cloud platforms,theme,MSFT|AMZN|GOOGL,0.3333333333333333|0.3333333333333333|0.3333333333333333,0.02463126587682137,-0.002269485222937795,0.026900751099759163
2026-08-31,cloud_platforms,Cloud platforms,theme,MSFT|AMZN|GOOGL,0.3333333333333333|0.3333333333333333|0.3333333333333333,-0.0193458897407159,-0.002989520850009919,-0.01635636889070598
2026-09-01,cloud_platforms,Cloud platforms,theme,MSFT|AMZN|GOOGL,0.3333333333333333|0.3333333333333333|0.3333333333333333,-0.014596636967618516,-0.0068704238054380085,-0.007726213162180508
2026-09-02,cloud_platforms,Cloud platforms,theme,MSFT|AMZN|GOOGL,0.3333333333333333|0.3333333333333333|0.3333333333333333,-0.0006263948753169046,0.004436902672253051,-0.005063297547569956
2026-09-03,cloud_platforms,Cloud platforms,theme,MSFT|AMZN|GOOGL,0.3333333333333333|0.3333333333333333|0.3333333333333333,0.01934779866089268,0.01046841189654324,0.008879386764349441
2026-09-04,cloud_platforms,Cloud platforms,theme,MSFT|AMZN|GOOGL,0.3333333333333333|0.3333333333333333|0.3333333333333333,-0.011011856172223925,-0.0038542371465761782,-0.0071576190256477466
2026-07-08,electrical_equipment,Electrical equipment,theme,ETN|VRT,0.5|0.5,,,
2026-07-09,electrical_equipment,Electrical equipment,theme,ETN|VRT,0.5|0.5,0.017458813470600076,0.00846525000257925,0.008993563468020827
2026-07-10,electrical_equipment,Electrical equipment,theme,ETN|VRT,0.5|0.5,-0.006024150660243088,0.0043101596888019955,-0.010334310349045084
2026-07-13,electrical_equipment,Electrical equipment,theme,ETN|VRT,0.5|0.5,-0.025807947131597453,-0.007656174850540931,-0.018151772281056522
2026-07-14,electrical_equipment,Electrical equipment,theme,ETN|VRT,0.5|0.5,0.011981999356237616,0.00355064169730146,0.008431357658936156
2026-07-15,electrical_equipment,Electrical equipment,theme,ETN|VRT,0.5|0.5,-0.0015702340757160482,0.003963635929681075,-0.0055338700053971235
2026-07-16,electrical_equipment,Electrical equipment,theme,ETN|VRT,0.5|0.5,-0.03726334761860495,-0.005418617756386079,-0.03184472986221887
2026-07-17,electrical_equipment,Electrical equipment,theme,ETN|VRT,0.5|0.5,-0.0030414026924628357,-0.009897156017872222,0.006855753325409386
2026-07-20,electrical_equipment,Electrical equipment,theme,ETN|VRT,0.5|0.5,0.005418555475754427,-0.0016143782471810253,0.007032933722935453
2026-07-21,electrical_equipment,Electrical equipment,theme,ETN|VRT,0.5|0.5,0.023912253582357268,0.008341309298597777,0.015570944283759491
2026-07-22,electrical_equipment,Electrical equipment,theme,ETN|VRT,0.5|0.5,-0.0005706261687987157,-0.0011627413779321527,0.000592115209133437
2026-07-23,electrical_equipment,Electrical equipment,theme,ETN|VRT,0.5|0.5,0.01488203753238626,-0.012349287272575782,0.027231324804962043
2026-07-24,electrical_equipment,Electrical equipment,theme,ETN|VRT,0.5|0.5,-0.03581822021618908,0.0010160123647910968,-0.036834232580980175
2026-07-27,electrical_equipment,Electrical equipment,theme,ETN|VRT,0.5|0.5,-0.01147179765034817,0.0002165755636849287,-0.011688373214033099
2026-07-28,electrical_equipment,Electrical equipment,theme,ETN|VRT,0.5|0.5,-0.04689084307256286,0.002394780651586048,-0.04928562372414891
2026-07-29,electrical_equipment,Electrical equipment,theme,ETN|VRT,0.5|0.5,-0.11784782526323256,-0.015387473482586067,-0.1024603517806465
2026-07-30,electrical_equipment,Electrical equipment,theme,ETN|VRT,0.5|0.5,0.04455390638074763,0.01676579949601198,0.027788106884735653
2026-07-31,electrical_equipment,Electrical equipment,theme,ETN|VRT,0.5|0.5,0.06750970668885248,0.007199809675054292,0.060309897013798186
2026-08-03,electrical_equipment,Electrical equipment,theme,ETN|VRT,0.5|0.5,0.0721927472384517,0.01424300656734756,0.057949740671104144
2026-08-04,electrical_equipment,Electrical equipment,theme,ETN|VRT,0.5|0.5,0.020539180343786212,0.018029002715958642,0.00251017762782757
2026-08-05,electrical_equipment,Electrical equipment,theme,ETN|VRT,0.5|0.5,0.017658887989272287,-0.0019966020100066206,0.019655489999278908
2026-08-06,electrical_equipment,Electrical equipment,theme,ETN|VRT,0.5|0.5,-0.0039657997271203005,-0.001597813044932006,-0.0023679866821882944
2026-08-07,electrical_equipment,Electrical equipment,theme,ETN|VRT,0.5|0.5,-0.0032551260260856307,0.006115348472417681,-0.009370474498503312
2026-08-10,electrical_equipment,Electrical equipment,theme,ETN|VRT,0.5|0.5,-0.008367205309554038,-0.00029741673673222557,-0.008069788572821812
2026-08-11,electrical_equipment,Electrical equipment,theme,ETN|VRT,0.5|0.5,0.037779730831397074,-0.0031952597501651026,0.040974990581562176
2026-08-12,electrical_equipment,Electrical equipment,theme,ETN|VRT,0.5|0.5,0.012350651620898323,0.0025046624297864195,0.009845989191111904
2026-08-13,electrical_equipment,Electrical equipment,theme,ETN|VRT,0.5|0.5,-0.009443903252872032,0.006977455651952402,-0.016421358904824435
2026-08-14,electrical_equipment,Electrical equipment,theme,ETN|VRT,0.5|0.5,0.009784187483807938,-0.0019797115463531245,0.011763899030161062
2026-08-17,electrical_equipment,Electrical equipment,theme,ETN|VRT,0.5|0.5,0.0019084784358047724,-0.004727366641364417,0.006635845077169189
2026-08-18,electrical_equipment,Electrical equipment,theme,ETN|VRT,0.5|0.5,-0.06043543745882313,-0.006755757074274671,-0.053679680384548456
2026-08-19,electrical_equipment,Electrical equipment,theme,ETN|VRT,0.5|0.5,-0.02889149530646723,0.00209783741736147,-0.0309893327238287
2026-08-20,electrical_equipment,Electrical equipment,theme,ETN|VRT,0.5|0.5,-0.004089842414581213,-0.008399893367440514,0.004310050952859301
2026-08-21,electrical_equipment,Electrical equipment,theme,ETN|VRT,0.5|0.5,-0.0003561018068272692,0.0040912604472485015,-0.004447362254075771
2026-08-24,electrical_equipment,Electrical equipment,theme,ETN|VRT,0.5|0.5,-0.025882809205788893,-0.0029384110198065194,-0.022944398185982373
2026-08-25,electrical_equipment,Electrical equipment,theme,ETN|VRT,0.5|0.5,0.0021780327563067914,0.003195937672779925,-0.0010179049164731335
2026-08-26,electrical_equipment,Electrical equipment,theme,ETN|VRT,0.5|0.5,0.028269777642535576,0.0002220155779071309,0.028047762064628445
2026-08-27,electrical_equipment,Electrical equipment,theme,ETN|VRT,0.5|0.5,0.006314296436838229,0.006552786111251541,-0.00023848967441331137
2026-08-28,electrical_equipment,Electrical equipment,theme,ETN|VRT,0.5|0.5,-0.03858900246743535,-0.002269485222937795,-0.03631951724449756
2026-08-31,electrical_equipment,Electrical equipment,theme,ETN|VRT,0.5|0.5,0.002072469600391036,-0.002989520850009919,0.005061990450400955
2026-09-01,electrical_equipment,Electrical equipment,theme,ETN|VRT,0.5|0.5,-0.01921182560134127,-0.0068704238054380085,-0.012341401795903262
2026-09-02,electrical_equipment,Electrical equipment,theme,ETN|VRT,0.5|0.5,0.00160514957111213,0.004436902672253051,-0.0028317531011409214
2026-09-03,electrical_equipment,Electrical equipment,theme,ETN|VRT,0.5|0.5,0.03164771639506203,0.01046841189654324,0.02117930449851879
2026-09-04,electrical_equipment,Electrical equipment,theme,ETN|VRT,0.5|0.5,0.039047968170420555,-0.0038542371465761782,0.04290220531699673
2026-07-08,regulated_utilities,Regulated utilities,theme,AEP|DUK,0.5|0.5,,,
2026-07-09,regulated_utilities,Regulated utilities,theme,AEP|DUK,0.5|0.5,-0.01357586102615399,0.00846525000257925,-0.02204111102873324
2026-07-10,regulated_utilities,Regulated utilities,theme,AEP|DUK,0.5|0.5,0.0067802313462325126,0.0043101596888019955,0.002470071657430517
2026-07-13,regulated_utilities,Regulated utilities,theme,AEP|DUK,0.5|0.5,0.006237293056375326,-0.007656174850540931,0.013893467906916257
2026-07-14,regulated_utilities,Regulated utilities,theme,AEP|DUK,0.5|0.5,-0.004474922806743664,0.00355064169730146,-0.008025564504045124
2026-07-15,regulated_utilities,Regulated utilities,theme,AEP|DUK,0.5|0.5,-0.01707307349397108,0.003963635929681075,-0.021036709423652156
2026-07-16,regulated_utilities,Regulated utilities,theme,AEP|DUK,0.5|0.5,0.00949497319847703,-0.005418617756386079,0.01491359095486311
2026-07-17,regulated_utilities,Regulated utilities,theme,AEP|DUK,0.5|0.5,-0.008079458046229449,-0.009897156017872222,0.0018176979716427732
2026-07-20,regulated_utilities,Regulated utilities,theme,AEP|DUK,0.5|0.5,-0.0007646815797290318,-0.0016143782471810253,0.0008496966674519935
2026-07-21,regulated_utilities,Regulated utilities,theme,AEP|DUK,0.5|0.5,-0.0019363691630390756,0.008341309298597777,-0.010277678461636852
2026-07-22,regulated_utilities,Regulated utilities,theme,AEP|DUK,0.5|0.5,0.018025949023515397,-0.0011627413779321527,0.01918869040144755
2026-07-23,regulated_utilities,Regulated utilities,theme,AEP|DUK,0.5|0.5,0.01207039152946121,-0.012349287272575782,0.024419678802036993
2026-07-24,regulated_utilities,Regulated utilities,theme,AEP|DUK,0.5|0.5,0.007171557809853679,0.0010160123647910968,0.006155545445062582
2026-07-27,regulated_utilities,Regulated utilities,theme,AEP|DUK,0.5|0.5,-0.013667572897191893,0.0002165755636849287,-0.013884148460876822
2026-07-28,regulated_utilities,Regulated utilities,theme,AEP|DUK,0.5|0.5,-0.0005420807932818295,0.002394780651586048,-0.0029368614448678776
2026-07-29,regulated_utilities,Regulated utilities,theme,AEP|DUK,0.5|0.5,-0.014226058476272119,-0.015387473482586067,0.0011614150063139483
2026-07-30,regulated_utilities,Regulated utilities,theme,AEP|DUK,0.5|0.5,-0.017144367932532933,0.01676579949601198,-0.03391016742854491
2026-07-31,regulated_utilities,Regulated utilities,theme,AEP|DUK,0.5|0.5,-0.003052261852416527,0.007199809675054292,-0.010252071527470819
2026-08-03,regulated_utilities,Regulated utilities,theme,AEP|DUK,0.5|0.5,-0.0027461173145177376,0.01424300656734756,-0.016989123881865298
2026-08-04,regulated_utilities,Regulated utilities,theme,AEP|DUK,0.5|0.5,7.662828379295661e-05,0.018029002715958642,-0.017952374432165685
2026-08-05,regulated_utilities,Regulated utilities,theme,AEP|DUK,0.5|0.5,-0.011065606083423218,-0.0019966020100066206,-0.009069004073416598
2026-08-06,regulated_utilities,Regulated utilities,theme,AEP|DUK,0.5|0.5,-0.0025135280897529144,-0.001597813044932006,-0.0009157150448209084
2026-08-07,regulated_utilities,Regulated utilities,theme,AEP|DUK,0.5|0.5,0.005709787376732667,0.006115348472417681,-0.0004055610956850142
2026-08-10,regulated_utilities,Regulated utilities,theme,AEP|DUK,0.5|0.5,-0.02243123635789457,-0.00029741673673222557,-0.022133819621162343
2026-08-11,regulated_utilities,Regulated utilities,theme,AEP|DUK,0.5|0.5,0.011263567687885168,-0.0031952597501651026,0.01445882743805027
2026-08-12,regulated_utilities,Regulated utilities,theme,AEP|DUK,0.5|0.5,0.00554678164350042,0.0025046624297864195,0.0030421192137140007
2026-08-13,regulated_utilities,Regulated utilities,theme,AEP|DUK,0.5|0.5,0.006977104158648495,0.006977455651952402,-3.5149330390726874e-07
2026-08-14,regulated_utilities,Regulated utilities,theme,AEP|DUK,0.5|0.5,0.0029639606822018383,-0.0019797115463531245,0.004943672228554963
2026-08-17,regulated_utilities,Regulated utilities,theme,AEP|DUK,0.5|0.5,0.0023303925067812425,-0.004727366641364417,0.007057759148145659
2026-08-18,regulated_utilities,Regulated utilities,theme,AEP|DUK,0.5|0.5,0.0009475334200225172,-0.006755757074274671,0.007703290494297188
2026-08-19,regulated_utilities,Regulated utilities,theme,AEP|DUK,0.5|0.5,-0.001889293217996968,0.00209783741736147,-0.003987130635358438
2026-08-20,regulated_utilities,Regulated utilities,theme,AEP|DUK,0.5|0.5,-0.0059382808088175865,-0.008399893367440514,0.0024616125586229276
2026-08-21,regulated_utilities,Regulated utilities,theme,AEP|DUK,0.5|0.5,-0.030507849718526048,0.0040912604472485015,-0.03459911016577455
2026-08-24,regulated_utilities,Regulated utilities,theme,AEP|DUK,0.5|0.5,0.013144056808983673,-0.0029384110198065194,0.016082467828790192
2026-08-25,regulated_utilities,Regulated utilities,theme,AEP|DUK,0.5|0.5,0.0016804280610775435,0.003195937672779925,-0.0015155096117023814
2026-08-26,regulated_utilities,Regulated utilities,theme,AEP|DUK,0.5|0.5,0.0036365500429758058,0.0002220155779071309,0.003414534465068675
2026-08-27,regulated_utilities,Regulated utilities,theme,AEP|DUK,0.5|0.5,-0.00694174640645584,0.006552786111251541,-0.01349453251770738
2026-08-28,regulated_utilities,Regulated utilities,theme,AEP|DUK,0.5|0.5,-0.0040710947890229,-0.002269485222937795,-0.001801609566085105
2026-08-31,regulated_utilities,Regulated utilities,theme,AEP|DUK,0.5|0.5,-0.0009231381669621563,-0.002989520850009919,0.0020663826830477627
2026-09-01,regulated_utilities,Regulated utilities,theme,AEP|DUK,0.5|0.5,0.004165980423232352,-0.0068704238054380085,0.01103640422867036
2026-09-02,regulated_utilities,Regulated utilities,theme,AEP|DUK,0.5|0.5,0.0031865150641985363,0.004436902672253051,-0.001250387608054515
2026-09-03,regulated_utilities,Regulated utilities,theme,AEP|DUK,0.5|0.5,0.008096526690517414,0.01046841189654324,-0.0023718852060258255
2026-09-04,regulated_utilities,Regulated utilities,theme,AEP|DUK,0.5|0.5,-0.005701917914173071,-0.0038542371465761782,-0.0018476807675968931
2026-07-08,power_generators,Power generators,theme,CEG|VST,0.5|0.5,,,
2026-07-09,power_generators,Power generators,theme,CEG|VST,0.5|0.5,0.022924149639442337,0.00846525000257925,0.014458899636863087
2026-07-10,power_generators,Power generators,theme,CEG|VST,0.5|0.5,0.004061410854836134,0.0043101596888019955,-0.00024874883396586167
2026-07-13,power_generators,Power generators,theme,CEG|VST,0.5|0.5,0.009982949682347808,-0.007656174850540931,0.01763912453288874
2026-07-14,power_generators,Power generators,theme,CEG|VST,0.5|0.5,-0.0012327784255130037,0.00355064169730146,-0.0047834201228144635
2026-07-15,power_generators,Power generators,theme,CEG|VST,0.5|0.5,0.008966229389682612,0.003963635929681075,0.0050025934600015365
2026-07-16,power_generators,Power generators,theme,CEG|VST,0.5|0.5,-0.036225352965771174,-0.005418617756386079,-0.030806735209385094
2026-07-17,power_generators,Power generators,theme,CEG|VST,0.5|0.5,0.010670209358473515,-0.009897156017872222,0.020567365376345736
2026-07-20,power_generators,Power generators,theme,CEG|VST,0.5|0.5,0.010401500113942697,-0.0016143782471810253,0.012015878361123722
2026-07-21,power_generators,Power generators,theme,CEG|VST,0.5|0.5,0.03093428286961697,0.008341309298597777,0.022592973571019193
2026-07-22,power_generators,Power generators,theme,CEG|VST,0.5|0.5,0.03776159304841398,-0.0011627413779321527,0.03892433442634613
2026-07-23,power_generators,Power generators,theme,CEG|VST,0.5|0.5,0.00799023897749307,-0.012349287272575782,0.02033952625006885
2026-07-24,power_generators,Power generators,theme,CEG|VST,0.5|0.5,-0.018837753600391194,0.0010160123647910968,-0.01985376596518229
2026-07-27,power_generators,Power generators,theme,CEG|VST,0.5|0.5,-0.027208098044873952,0.0002165755636849287,-0.02742467360855888
2026-07-28,power_generators,Power generators,theme,CEG|VST,0.5|0.5,-0.04571713821924733,0.002394780651586048,-0.04811191887083338
2026-07-29,power_generators,Power generators,theme,CEG|VST,0.5|0.5,-0.023209786142532995,-0.015387473482586067,-0.007822312659946928
2026-07-30,power_generators,Power generators,theme,CEG|VST,0.5|0.5,0.031215885740196292,0.01676579949601198,0.014450086244184313
2026-07-31,power_generators,Power generators,theme,CEG|VST,0.5|0.5,-0.0029832501296869762,0.007199809675054292,-0.010183059804741268
2026-08-03,power_generators,Power generators,theme,CEG|VST,0.5|0.5,0.04700518707343826,0.01424300656734756,0.0327621805060907
2026-08-04,power_generators,Power generators,theme,CEG|VST,0.5|0.5,-0.052553664776425535,0.018029002715958642,-0.07058266749238418
2026-08-05,power_generators,Power generators,theme,CEG|VST,0.5|0.5,-0.013235883312309016,-0.0019966020100066206,-0.011239281302302395
2026-08-06,power_generators,Power generators,theme,CEG|VST,0.5|0.5,-0.004736096685944546,-0.001597813044932006,-0.0031382836410125403
2026-08-07,power_generators,Power generators,theme,CEG|VST,0.5|0.5,0.014038733634633427,0.006115348472417681,0.007923385162215746
2026-08-10,power_generators,Power generators,theme,CEG|VST,0.5|0.5,0.009109056454776221,-0.00029741673673222557,0.009406473191508447
2026-08-11,power_generators,Power generators,theme,CEG|VST,0.5|0.5,0.02183617738693866,-0.0031952597501651026,0.025031437137103763
2026-08-12,power_generators,Power generators,theme,CEG|VST,0.5|0.5,0.006647110495800357,0.0025046624297864195,0.004142448066013937
2026-08-13,power_generators,Power generators,theme,CEG|VST,0.5|0.5,-0.0010261826372096605,0.006977455651952402,-0.008003638289162063
2026-08-14,power_generators,Power generators,theme,CEG|VST,0.5|0.5,0.012834988622228982,-0.0019797115463531245,0.014814700168582107
2026-08-17,power_generators,Power generators,theme,CEG|VST,0.5|0.5,-0.014428961520078387,-0.004727366641364417,-0.00970159487871397
2026-08-18,power_generators,Power generators,theme,CEG|VST,0.5|0.5,-0.03882719112715499,-0.006755757074274671,-0.03207143405288032
2026-08-19,power_generators,Power generators,theme,CEG|VST,0.5|0.5,0.021511003279006013,0.00209783741736147,0.019413165861644543
2026-08-20,power_generators,Power generators,theme,CEG|VST,0.5|0.5,-0.015454080406755555,-0.008399893367440514,-0.007054187039315041
2026-08-21,power_generators,Power generators,theme,CEG|VST,0.5|0.5,-0.009897666277353279,0.0040912604472485015,-0.01398892672460178
2026-08-24,power_generators,Power generators,theme,CEG|VST,0.5|0.5,-0.0010112058458227602,-0.0029384110198065194,0.0019272051739837592
2026-08-25,power_generators,Power generators,theme,CEG|VST,0.5|0.5,0.021545599346279642,0.003195937672779925,0.018349661673499718
2026-08-26,power_generators,Power generators,theme,CEG|VST,0.5|0.5,0.005571735004079037,0.0002220155779071309,0.005349719426171906
2026-08-27,power_generators,Power generators,theme,CEG|VST,0.5|0.5,0.004384052502738711,0.006552786111251541,-0.0021687336085128295
2026-08-28,power_generators,Power generators,theme,CEG|VST,0.5|0.5,-0.019748389804859268,-0.002269485222937795,-0.017478904581921473
2026-08-31,power_generators,Power generators,theme,CEG|VST,0.5|0.5,-0.0025560331148919424,-0.002989520850009919,0.00043348773511797667
2026-09-01,power_generators,Power generators,theme,CEG|VST,0.5|0.5,0.012665460752268265,-0.0068704238054380085,0.019535884557706273
2026-09-02,power_generators,Power generators,theme,CEG|VST,0.5|0.5,0.03683728186082014,0.004436902672253051,0.032400379188567086
2026-09-03,power_generators,Power generators,theme,CEG|VST,0.5|0.5,-0.0059534945758230595,0.01046841189654324,-0.0164219064723663
2026-09-04,power_generators,Power generators,theme,CEG|VST,0.5|0.5,0.04201122356777398,-0.0038542371465761782,0.04586546071435016
2026-07-08,data_center_reits,Data-center REITs,theme,DLR|EQIX,0.5|0.5,,,
2026-07-09,data_center_reits,Data-center REITs,theme,DLR|EQIX,0.5|0.5,0.017894787404655776,0.00846525000257925,0.009429537402076527
2026-07-10,data_center_reits,Data-center REITs,theme,DLR|EQIX,0.5|0.5,0.010905880750430419,0.0043101596888019955,0.006595721061628423
2026-07-13,data_center_reits,Data-center REITs,theme,DLR|EQIX,0.5|0.5,-0.012456433564612457,-0.007656174850540931,-0.004800258714071526
2026-07-14,data_center_reits,Data-center REITs,theme,DLR|EQIX,0.5|0.5,-0.021208299261995522,0.00355064169730146,-0.024758940959296982
2026-07-15,data_center_reits,Data-center REITs,theme,DLR|EQIX,0.5|0.5,0.008090297605362895,0.003963635929681075,0.00412666167568182
2026-07-16,data_center_reits,Data-center REITs,theme,DLR|EQIX,0.5|0.5,-0.013595494226103677,-0.005418617756386079,-0.008176876469717598
2026-07-17,data_center_reits,Data-center REITs,theme,DLR|EQIX,0.5|0.5,0.006187263748871241,-0.009897156017872222,0.016084419766743463
2026-07-20,data_center_reits,Data-center REITs,theme,DLR|EQIX,0.5|0.5,0.005496384457303105,-0.0016143782471810253,0.00711076270448413
2026-07-21,data_center_reits,Data-center REITs,theme,DLR|EQIX,0.5|0.5,0.013875937126631377,0.008341309298597777,0.0055346278280336
2026-07-22,data_center_reits,Data-center REITs,theme,DLR|EQIX,0.5|0.5,-0.002091273492082213,-0.0011627413779321527,-0.0009285321141500602
2026-07-23,data_center_reits,Data-center REITs,theme,DLR|EQIX,0.5|0.5,0.004944168228025347,-0.012349287272575782,0.01729345550060113
2026-07-24,data_center_reits,Data-center REITs,theme,DLR|EQIX,0.5|0.5,0.07955737425332698,0.0010160123647910968,0.07854136188853589
2026-07-27,data_center_reits,Data-center REITs,theme,DLR|EQIX,0.5|0.5,-0.02560850902272449,0.0002165755636849287,-0.02582508458640942
2026-07-28,data_center_reits,Data-center REITs,theme,DLR|EQIX,0.5|0.5,-0.012288090454307232,0.002394780651586048,-0.01468287110589328
2026-07-29,data_center_reits,Data-center REITs,theme,DLR|EQIX,0.5|0.5,-0.0259092247196428,-0.015387473482586067,-0.010521751237056731
2026-07-30,data_center_reits,Data-center REITs,theme,DLR|EQIX,0.5|0.5,0.03290955818489261,0.01676579949601198,0.016143758688880627
2026-07-31,data_center_reits,Data-center REITs,theme,DLR|EQIX,0.5|0.5,-0.025570614148981707,0.007199809675054292,-0.032770423824036
2026-08-03,data_center_reits,Data-center REITs,theme,DLR|EQIX,0.5|0.5,0.013125969267748783,0.01424300656734756,-0.0011170372995987776
2026-08-04,data_center_reits,Data-center REITs,theme,DLR|EQIX,0.5|0.5,0.016720375064713577,0.018029002715958642,-0.0013086276512450645
2026-08-05,data_center_reits,Data-center REITs,theme,DLR|EQIX,0.5|0.5,0.004902447685868561,-0.0019966020100066206,0.006899049695875181
2026-08-06,data_center_reits,Data-center REITs,theme,DLR|EQIX,0.5|0.5,-0.007660223278428191,-0.001597813044932006,-0.006062410233496185
2026-08-07,data_center_reits,Data-center REITs,theme,DLR|EQIX,0.5|0.5,-0.0016431447942252264,0.006115348472417681,-0.007758493266642907
2026-08-10,data_center_reits,Data-center REITs,theme,DLR|EQIX,0.5|0.5,-0.006085500306386105,-0.00029741673673222557,-0.005788083569653879
2026-08-11,data_center_reits,Data-center REITs,theme,DLR|EQIX,0.5|0.5,-0.006542445903703731,-0.0031952597501651026,-0.0033471861535386283
2026-08-12,data_center_reits,Data-center REITs,theme,DLR|EQIX,0.5|0.5,0.03418554249420158,0.0025046624297864195,0.03168088006441516
2026-08-13,data_center_reits,Data-center REITs,theme,DLR|EQIX,0.5|0.5,0.003475310698113576,0.006977455651952402,-0.003502144953838826
2026-08-14,data_center_reits,Data-center REITs,theme,DLR|EQIX,0.5|0.5,0.0196907209749273,-0.0019797115463531245,0.021670432521280425
2026-08-17,data_center_reits,Data-center REITs,theme,DLR|EQIX,0.5|0.5,-0.007632845431000734,-0.004727366641364417,-0.0029054787896363177
2026-08-18,data_center_reits,Data-center REITs,theme,DLR|EQIX,0.5|0.5,-0.012423530504267533,-0.006755757074274671,-0.005667773429992862
2026-08-19,data_center_reits,Data-center REITs,theme,DLR|EQIX,0.5|0.5,-0.008745879559980463,0.00209783741736147,-0.010843716977341933
2026-08-20,data_center_reits,Data-center REITs,theme,DLR|EQIX,0.5|0.5,0.0076360163896245226,-0.008399893367440514,0.016035909757065037
2026-08-21,data_center_reits,Data-center REITs,theme,DLR|EQIX,0.5|0.5,-0.01742290123252449,0.0040912604472485015,-0.021514161679772992
2026-08-24,data_center_reits,Data-center REITs,theme,DLR|EQIX,0.5|0.5,-0.010211945963789382,-0.0029384110198065194,-0.007273534943982862
2026-08-25,data_center_reits,Data-center REITs,theme,DLR|EQIX,0.5|0.5,0.018640266420472673,0.003195937672779925,0.015444328747692748
2026-08-26,data_center_reits,Data-center REITs,theme,DLR|EQIX,0.5|0.5,0.005759735734419125,0.0002220155779071309,0.005537720156511994
2026-08-27,data_center_reits,Data-center REITs,theme,DLR|EQIX,0.5|0.5,-0.004901408920431283,0.006552786111251541,-0.011454195031682823
2026-08-28,data_center_reits,Data-center REITs,theme,DLR|EQIX,0.5|0.5,-0.032138863294021436,-0.002269485222937795,-0.02986937807108364
2026-08-31,data_center_reits,Data-center REITs,theme,DLR|EQIX,0.5|0.5,0.0014293463974294207,-0.002989520850009919,0.00441886724743934
2026-09-01,data_center_reits,Data-center REITs,theme,DLR|EQIX,0.5|0.5,-0.015388387496496736,-0.0068704238054380085,-0.008517963691058728
2026-09-02,data_center_reits,Data-center REITs,theme,DLR|EQIX,0.5|0.5,-0.002726093946745889,0.004436902672253051,-0.00716299661899894
2026-09-03,data_center_reits,Data-center REITs,theme,DLR|EQIX,0.5|0.5,0.021556594813413987,0.01046841189654324,0.011088182916870748
2026-09-04,data_center_reits,Data-center REITs,theme,DLR|EQIX,0.5|0.5,-0.0007323142599409138,-0.0038542371465761782,0.0031219228866352644
2026-07-08,integrated_energy,Integrated energy,theme,XOM|CVX,0.5|0.5,,,
2026-07-09,integrated_energy,Integrated energy,theme,XOM|CVX,0.5|0.5,-0.018457707052610406,0.00846525000257925,-0.026922957055189656
2026-07-10,integrated_energy,Integrated energy,theme,XOM|CVX,0.5|0.5,0.01191609844009145,0.0043101596888019955,0.007605938751289454
2026-07-13,integrated_energy,Integrated energy,theme,XOM|CVX,0.5|0.5,0.036709144398217264,-0.007656174850540931,0.044365319248758195
2026-07-14,integrated_energy,Integrated energy,theme,XOM|CVX,0.5|0.5,0.0007993145761779341,0.00355064169730146,-0.0027513271211235257
2026-07-15,integrated_energy,Integrated energy,theme,XOM|CVX,0.5|0.5,-0.002438838459347892,0.003963635929681075,-0.006402474389028967
2026-07-16,integrated_energy,Integrated energy,theme,XOM|CVX,0.5|0.5,0.011204796559277752,-0.005418617756386079,0.01662341431566383
2026-07-17,integrated_energy,Integrated energy,theme,XOM|CVX,0.5|0.5,0.014402912563328263,-0.009897156017872222,0.024300068581200485
2026-07-20,integrated_energy,Integrated energy,theme,XOM|CVX,0.5|0.5,0.009610405167126967,-0.0016143782471810253,0.011224783414307993
2026-07-21,integrated_energy,Integrated energy,theme,XOM|CVX,0.5|0.5,0.014874521202348556,0.008341309298597777,0.00653321190375078
2026-07-22,integrated_energy,Integrated energy,theme,XOM|CVX,0.5|0.5,0.014028503074510201,-0.0011627413779321527,0.015191244452442354
2026-07-23,integrated_energy,Integrated energy,theme,XOM|CVX,0.5|0.5,0.01162997486772921,-0.012349287272575782,0.02397926214030499
2026-07-24,integrated_energy,Integrated energy,theme,XOM|CVX,0.5|0.5,0.0011108882215536964,0.0010160123647910968,9.487585676259958e-05
2026-07-27,integrated_energy,Integrated energy,theme,XOM|CVX,0.5|0.5,-0.01920873238501636,0.0002165755636849287,-0.019425307948701287
2026-07-28,integrated_energy,Integrated energy,theme,XOM|CVX,0.5|0.5,-0.011957366182937135,0.002394780651586048,-0.014352146834523183
2026-07-29,integrated_energy,Integrated energy,theme,XOM|CVX,0.5|0.5,0.023529449107662637,-0.015387473482586067,0.038916922590248704
2026-07-30,integrated_energy,Integrated energy,theme,XOM|CVX,0.5|0.5,0.0018745234803548838,0.01676579949601198,-0.014891276015657096
2026-07-31,integrated_energy,Integrated energy,theme,XOM|CVX,0.5|0.5,0.006878320450485087,0.007199809675054292,-0.0003214892245692047
2026-08-03,integrated_energy,Integrated energy,theme,XOM|CVX,0.5|0.5,-0.010494328989945512,0.01424300656734756,-0.024737335557293072
2026-08-04,integrated_energy,Integrated energy,theme,XOM|CVX,0.5|0.5,-0.01074234249559669,0.018029002715958642,-0.028771345211555333
2026-08-05,integrated_energy,Integrated energy,theme,XOM|CVX,0.5|0.5,-0.018044853427713614,-0.0019966020100066206,-0.016048251417706993
2026-08-06,integrated_energy,Integrated energy,theme,XOM|CVX,0.5|0.5,0.018148916467336296,-0.001597813044932006,0.019746729512268302
2026-08-07,integrated_energy,Integrated energy,theme,XOM|CVX,0.5|0.5,-0.012867354959562871,0.006115348472417681,-0.018982703431980552
2026-08-10,integrated_energy,Integrated energy,theme,XOM|CVX,0.5|0.5,0.0444319500931587,-0.00029741673673222557,0.044729366829890926
2026-08-11,integrated_energy,Integrated energy,theme,XOM|CVX,0.5|0.5,0.004520545053105729,-0.0031952597501651026,0.0077158048032708315
2026-08-12,integrated_energy,Integrated energy,theme,XOM|CVX,0.5|0.5,-0.0003090011214777477,0.0025046624297864195,-0.0028136635512641672
2026-08-13,integrated_energy,Integrated energy,theme,XOM|CVX,0.5|0.5,-0.0007705337173862237,0.006977455651952402,-0.007747989369338626
2026-08-14,integrated_energy,Integrated energy,theme,XOM|CVX,0.5|0.5,0.010513989465286921,-0.0019797115463531245,0.012493701011640046
2026-08-17,integrated_energy,Integrated energy,theme,XOM|CVX,0.5|0.5,0.01426240158967429,-0.004727366641364417,0.018989768231038706
2026-08-18,integrated_energy,Integrated energy,theme,XOM|CVX,0.5|0.5,0.020195389615740078,-0.006755757074274671,0.02695114669001475
2026-08-19,integrated_energy,Integrated energy,theme,XOM|CVX,0.5|0.5,0.0020267781073574076,0.00209783741736147,-7.10593100040624e-05
2026-08-20,integrated_energy,Integrated energy,theme,XOM|CVX,0.5|0.5,0.0042119478117788045,-0.008399893367440514,0.012611841179219319
2026-08-21,integrated_energy,Integrated energy,theme,XOM|CVX,0.5|0.5,-0.004344630691108353,0.0040912604472485015,-0.008435891138356855
2026-08-24,integrated_energy,Integrated energy,theme,XOM|CVX,0.5|0.5,-0.008520072443741034,-0.0029384110198065194,-0.005581661423934514
2026-08-25,integrated_energy,Integrated energy,theme,XOM|CVX,0.5|0.5,-0.01827145697540461,0.003195937672779925,-0.021467394648184535
2026-08-26,integrated_energy,Integrated energy,theme,XOM|CVX,0.5|0.5,-0.006825278976977489,0.0002220155779071309,-0.00704729455488462
2026-08-27,integrated_energy,Integrated energy,theme,XOM|CVX,0.5|0.5,-0.0066301752788593404,0.006552786111251541,-0.013182961390110881
2026-08-28,integrated_energy,Integrated energy,theme,XOM|CVX,0.5|0.5,0.006093970684139194,-0.002269485222937795,0.008363455907076989
2026-08-31,integrated_energy,Integrated energy,theme,XOM|CVX,0.5|0.5,0.02412954518065591,-0.002989520850009919,0.027119066030665828
2026-09-01,integrated_energy,Integrated energy,theme,XOM|CVX,0.5|0.5,0.02309300745470777,-0.0068704238054380085,0.02996343126014578
2026-09-02,integrated_energy,Integrated energy,theme,XOM|CVX,0.5|0.5,0.0005139740169211593,0.004436902672253051,-0.003922928655331892
2026-09-03,integrated_energy,Integrated energy,theme,XOM|CVX,0.5|0.5,-0.006995203049052823,0.01046841189654324,-0.017463614945596062
2026-09-04,integrated_energy,Integrated energy,theme,XOM|CVX,0.5|0.5,-0.014881598328399137,-0.0038542371465761782,-0.011027361181822959
2026-07-08,homebuilders,Homebuilders,theme,DHI|LEN,0.5|0.5,,,
2026-07-09,homebuilders,Homebuilders,theme,DHI|LEN,0.5|0.5,0.008047537143831662,0.00846525000257925,-0.00041771285874758757
2026-07-10,homebuilders,Homebuilders,theme,DHI|LEN,0.5|0.5,0.009291448590965645,0.0043101596888019955,0.00498128890216365
2026-07-13,homebuilders,Homebuilders,theme,DHI|LEN,0.5|0.5,-0.01748974673081599,-0.007656174850540931,-0.00983357188027506
2026-07-14,homebuilders,Homebuilders,theme,DHI|LEN,0.5|0.5,0.00908045882046582,0.00355064169730146,0.00552981712316436
2026-07-15,homebuilders,Homebuilders,theme,DHI|LEN,0.5|0.5,0.014637681006377301,0.003963635929681075,0.010674045076696226
2026-07-16,homebuilders,Homebuilders,theme,DHI|LEN,0.5|0.5,0.01597601339975918,-0.005418617756386079,0.02139463115614526
2026-07-17,homebuilders,Homebuilders,theme,DHI|LEN,0.5|0.5,-0.030812196207304965,-0.009897156017872222,-0.020915040189432743
2026-07-20,homebuilders,Homebuilders,theme,DHI|LEN,0.5|0.5,-0.021296521941399138,-0.0016143782471810253,-0.019682143694218113
2026-07-21,homebuilders,Homebuilders,theme,DHI|LEN,0.5|0.5,-0.010778915978307324,0.008341309298597777,-0.0191202252769051
2026-07-22,homebuilders,Homebuilders,theme,DHI|LEN,0.5|0.5,-0.001589849089887685,-0.0011627413779321527,-0.0004271077119555322
2026-07-23,homebuilders,Homebuilders,theme,DHI|LEN,0.5|0.5,-0.0015251462901275104,-0.012349287272575782,0.010824140982448271
2026-07-24,homebuilders,Homebuilders,theme,DHI|LEN,0.5|0.5,0.03160492700562889,0.0010160123647910968,0.030588914640837794
2026-07-27,homebuilders,Homebuilders,theme,DHI|LEN,0.5|0.5,0.005395133337502633,0.0002165755636849287,0.005178557773817705
2026-07-28,homebuilders,Homebuilders,theme,DHI|LEN,0.5|0.5,0.027231947268709478,0.002394780651586048,0.02483716661712343
2026-07-29,homebuilders,Homebuilders,theme,DHI|LEN,0.5|0.5,-0.03085795620167181,-0.015387473482586067,-0.015470482719085743
2026-07-30,homebuilders,Homebuilders,theme,DHI|LEN,0.5|0.5,-0.010327711555475405,0.01676579949601198,-0.027093511051487384
2026-07-31,homebuilders,Homebuilders,theme,DHI|LEN,0.5|0.5,-0.01684444417537012,0.007199809675054292,-0.024044253850424413
2026-08-03,homebuilders,Homebuilders,theme,DHI|LEN,0.5|0.5,0.02988633687129183,0.01424300656734756,0.01564333030394427
2026-08-04,homebuilders,Homebuilders,theme,DHI|LEN,0.5|0.5,0.023329045681704685,0.018029002715958642,0.0053000429657460435
2026-08-05,homebuilders,Homebuilders,theme,DHI|LEN,0.5|0.5,0.008532560047566418,-0.0019966020100066206,0.010529162057573038
2026-08-06,homebuilders,Homebuilders,theme,DHI|LEN,0.5|0.5,-0.03393328833900622,-0.001597813044932006,-0.03233547529407421
2026-08-07,homebuilders,Homebuilders,theme,DHI|LEN,0.5|0.5,0.0371685033113065,0.006115348472417681,0.03105315483888882
2026-08-10,homebuilders,Homebuilders,theme,DHI|LEN,0.5|0.5,-0.02925718335584193,-0.00029741673673222557,-0.028959766619109706
2026-08-11,homebuilders,Homebuilders,theme,DHI|LEN,0.5|0.5,0.025470363594596646,-0.0031952597501651026,0.028665623344761748
2026-08-12,homebuilders,Homebuilders,theme,DHI|LEN,0.5|0.5,-0.029900763586909962,0.0025046624297864195,-0.03240542601669638
2026-08-13,homebuilders,Homebuilders,theme,DHI|LEN,0.5|0.5,0.027653681871814273,0.006977455651952402,0.02067622621986187
2026-08-14,homebuilders,Homebuilders,theme,DHI|LEN,0.5|0.5,-0.007624830340946354,-0.0019797115463531245,-0.005645118794593229
2026-08-17,homebuilders,Homebuilders,theme,DHI|LEN,0.5|0.5,-0.00324913405855487,-0.004727366641364417,0.0014782325828095466
2026-08-18,homebuilders,Homebuilders,theme,DHI|LEN,0.5|0.5,-0.01821017292635524,-0.006755757074274671,-0.011454415852080568
2026-08-19,homebuilders,Homebuilders,theme,DHI|LEN,0.5|0.5,0.03510306381061867,0.00209783741736147,0.0330052263932572
2026-08-20,homebuilders,Homebuilders,theme,DHI|LEN,0.5|0.5,-0.02568254534821629,-0.008399893367440514,-0.017282651980775776
2026-08-21,homebuilders,Homebuilders,theme,DHI|LEN,0.5|0.5,0.012827110680471154,0.0040912604472485015,0.008735850233222653
2026-08-24,homebuilders,Homebuilders,theme,DHI|LEN,0.5|0.5,0.008639895228305994,-0.0029384110198065194,0.011578306248112513
2026-08-25,homebuilders,Homebuilders,theme,DHI|LEN,0.5|0.5,0.003419840397700491,0.003195937672779925,0.00022390272492056607
2026-08-26,homebuilders,Homebuilders,theme,DHI|LEN,0.5|0.5,-0.008161614351938795,0.0002220155779071309,-0.008383629929845926
2026-08-27,homebuilders,Homebuilders,theme,DHI|LEN,0.5|0.5,-0.025070816312999067,0.006552786111251541,-0.03162360242425061
2026-08-28,homebuilders,Homebuilders,theme,DHI|LEN,0.5|0.5,0.014498900722029862,-0.002269485222937795,0.016768385944967656
2026-08-31,homebuilders,Homebuilders,theme,DHI|LEN,0.5|0.5,-0.02245803228408305,-0.002989520850009919,-0.019468511434073132
2026-09-01,homebuilders,Homebuilders,theme,DHI|LEN,0.5|0.5,-0.01911814416000751,-0.0068704238054380085,-0.012247720354569502
2026-09-02,homebuilders,Homebuilders,theme,DHI|LEN,0.5|0.5,0.008162883021641143,0.004436902672253051,0.0037259803493880916
2026-09-03,homebuilders,Homebuilders,theme,DHI|LEN,0.5|0.5,0.012761184077592858,0.01046841189654324,0.0022927721810496182
2026-09-04,homebuilders,Homebuilders,theme,DHI|LEN,0.5|0.5,-0.010898485129535618,-0.0038542371465761782,-0.0070442479829594395
2026-07-08,machinery_distribution,Machinery and distribution,theme,CAT|DE|FAST,0.3333333333333333|0.3333333333333333|0.3333333333333333,,,
2026-07-09,machinery_distribution,Machinery and distribution,theme,CAT|DE|FAST,0.3333333333333333|0.3333333333333333|0.3333333333333333,-0.006698557746129003,0.00846525000257925,-0.015163807748708253
2026-07-10,machinery_distribution,Machinery and distribution,theme,CAT|DE|FAST,0.3333333333333333|0.3333333333333333|0.3333333333333333,0.0025912567448096078,0.0043101596888019955,-0.0017189029439923877
2026-07-13,machinery_distribution,Machinery and distribution,theme,CAT|DE|FAST,0.3333333333333333|0.3333333333333333|0.3333333333333333,-0.0040065326900187905,-0.007656174850540931,0.0036496421605221405
2026-07-14,machinery_distribution,Machinery and distribution,theme,CAT|DE|FAST,0.3333333333333333|0.3333333333333333|0.3333333333333333,-0.009317461970488956,0.00355064169730146,-0.012868103667790416
2026-07-15,machinery_distribution,Machinery and distribution,theme,CAT|DE|FAST,0.3333333333333333|0.3333333333333333|0.3333333333333333,-0.006671697555799993,0.003963635929681075,-0.010635333485481069
2026-07-16,machinery_distribution,Machinery and distribution,theme,CAT|DE|FAST,0.3333333333333333|0.3333333333333333|0.3333333333333333,0.001456225746459613,-0.005418617756386079,0.0068748435028456924
2026-07-17,machinery_distribution,Machinery and distribution,theme,CAT|DE|FAST,0.3333333333333333|0.3333333333333333|0.3333333333333333,-0.008208869036509636,-0.009897156017872222,0.0016882869813625856
2026-07-20,machinery_distribution,Machinery and distribution,theme,CAT|DE|FAST,0.3333333333333333|0.3333333333333333|0.3333333333333333,-0.01706646399048798,-0.0016143782471810253,-0.015452085743306955
2026-07-21,machinery_distribution,Machinery and distribution,theme,CAT|DE|FAST,0.3333333333333333|0.3333333333333333|0.3333333333333333,0.012262448956943912,0.008341309298597777,0.003921139658346135
2026-07-22,machinery_distribution,Machinery and distribution,theme,CAT|DE|FAST,0.3333333333333333|0.3333333333333333|0.3333333333333333,0.01373780525834478,-0.0011627413779321527,0.014900546636276933
2026-07-23,machinery_distribution,Machinery and distribution,theme,CAT|DE|FAST,0.3333333333333333|0.3333333333333333|0.3333333333333333,0.009466551450371858,-0.012349287272575782,0.02181583872294764
2026-07-24,machinery_distribution,Machinery and distribution,theme,CAT|DE|FAST,0.3333333333333333|0.3333333333333333|0.3333333333333333,0.014031100649466777,0.0010160123647910968,0.01301508828467568
2026-07-27,machinery_distribution,Machinery and distribution,theme,CAT|DE|FAST,0.3333333333333333|0.3333333333333333|0.3333333333333333,-0.003065699725726085,0.0002165755636849287,-0.0032822752894110137
2026-07-28,machinery_distribution,Machinery and distribution,theme,CAT|DE|FAST,0.3333333333333333|0.3333333333333333|0.3333333333333333,0.0005905221983723381,0.002394780651586048,-0.00180425845321371
2026-07-29,machinery_distribution,Machinery and distribution,theme,CAT|DE|FAST,0.3333333333333333|0.3333333333333333|0.3333333333333333,-0.04031633319560061,-0.015387473482586067,-0.02492885971301454
2026-07-30,machinery_distribution,Machinery and distribution,theme,CAT|DE|FAST,0.3333333333333333|0.3333333333333333|0.3333333333333333,-0.0028213130022333157,0.01676579949601198,-0.019587112498245296
2026-07-31,machinery_distribution,Machinery and distribution,theme,CAT|DE|FAST,0.3333333333333333|0.3333333333333333|0.3333333333333333,0.006055761243648446,0.007199809675054292,-0.0011440484314058459
2026-08-03,machinery_distribution,Machinery and distribution,theme,CAT|DE|FAST,0.3333333333333333|0.3333333333333333|0.3333333333333333,0.015989559524831533,0.01424300656734756,0.0017465529574839725
2026-08-04,machinery_distribution,Machinery and distribution,theme,CAT|DE|FAST,0.3333333333333333|0.3333333333333333|0.3333333333333333,0.03654540941886079,0.018029002715958642,0.018516406702902145
2026-08-05,machinery_distribution,Machinery and distribution,theme,CAT|DE|FAST,0.3333333333333333|0.3333333333333333|0.3333333333333333,-0.003098150116636722,-0.0019966020100066206,-0.0011015481066301014
2026-08-06,machinery_distribution,Machinery and distribution,theme,CAT|DE|FAST,0.3333333333333333|0.3333333333333333|0.3333333333333333,0.0015446671178096874,-0.001597813044932006,0.0031424801627416934
2026-08-07,machinery_distribution,Machinery and distribution,theme,CAT|DE|FAST,0.3333333333333333|0.3333333333333333|0.3333333333333333,0.0043264830252233155,0.006115348472417681,-0.0017888654471943655
2026-08-10,machinery_distribution,Machinery and distribution,theme,CAT|DE|FAST,0.3333333333333333|0.3333333333333333|0.3333333333333333,-0.006032649533784055,-0.00029741673673222557,-0.00573523279705183
2026-08-11,machinery_distribution,Machinery and distribution,theme,CAT|DE|FAST,0.3333333333333333|0.3333333333333333|0.3333333333333333,0.008517657985531352,-0.0031952597501651026,0.011712917735696455
2026-08-12,machinery_distribution,Machinery and distribution,theme,CAT|DE|FAST,0.3333333333333333|0.3333333333333333|0.3333333333333333,0.004797319532973316,0.0025046624297864195,0.0022926571031868966
2026-08-13,machinery_distribution,Machinery and distribution,theme,CAT|DE|FAST,0.3333333333333333|0.3333333333333333|0.3333333333333333,-0.009981457636394426,0.006977455651952402,-0.016958913288346828
2026-08-14,machinery_distribution,Machinery and distribution,theme,CAT|DE|FAST,0.3333333333333333|0.3333333333333333|0.3333333333333333,-0.0032307280112528294,-0.0019797115463531245,-0.0012510164648997049
2026-08-17,machinery_distribution,Machinery and distribution,theme,CAT|DE|FAST,0.3333333333333333|0.3333333333333333|0.3333333333333333,0.006242873148756859,-0.004727366641364417,0.010970239790121275
2026-08-18,machinery_distribution,Machinery and distribution,theme,CAT|DE|FAST,0.3333333333333333|0.3333333333333333|0.3333333333333333,-0.021380860277411075,-0.006755757074274671,-0.014625103203136404
2026-08-19,machinery_distribution,Machinery and distribution,theme,CAT|DE|FAST,0.3333333333333333|0.3333333333333333|0.3333333333333333,-0.013274654907236153,0.00209783741736147,-0.015372492324597623
2026-08-20,machinery_distribution,Machinery and distribution,theme,CAT|DE|FAST,0.3333333333333333|0.3333333333333333|0.3333333333333333,0.017776699571060726,-0.008399893367440514,0.02617659293850124
2026-08-21,machinery_distribution,Machinery and distribution,theme,CAT|DE|FAST,0.3333333333333333|0.3333333333333333|0.3333333333333333,0.023303830209792764,0.0040912604472485015,0.019212569762544263
2026-08-24,machinery_distribution,Machinery and distribution,theme,CAT|DE|FAST,0.3333333333333333|0.3333333333333333|0.3333333333333333,-0.006063887652871136,-0.0029384110198065194,-0.0031254766330646166
2026-08-25,machinery_distribution,Machinery and distribution,theme,CAT|DE|FAST,0.3333333333333333|0.3333333333333333|0.3333333333333333,-0.015434147730322478,0.003195937672779925,-0.018630085403102403
2026-08-26,machinery_distribution,Machinery and distribution,theme,CAT|DE|FAST,0.3333333333333333|0.3333333333333333|0.3333333333333333,0.011987903821531068,0.0002220155779071309,0.011765888243623937
2026-08-27,machinery_distribution,Machinery and distribution,theme,CAT|DE|FAST,0.3333333333333333|0.3333333333333333|0.3333333333333333,-0.008305282111254845,0.006552786111251541,-0.014858068222506385
2026-08-28,machinery_distribution,Machinery and distribution,theme,CAT|DE|FAST,0.3333333333333333|0.3333333333333333|0.3333333333333333,-0.011592440847481861,-0.002269485222937795,-0.009322955624544067
2026-08-31,machinery_distribution,Machinery and distribution,theme,CAT|DE|FAST,0.3333333333333333|0.3333333333333333|0.3333333333333333,0.008693311377399222,-0.002989520850009919,0.01168283222740914
2026-09-01,machinery_distribution,Machinery and distribution,theme,CAT|DE|FAST,0.3333333333333333|0.3333333333333333|0.3333333333333333,-0.0006639129060853999,-0.0068704238054380085,0.006206510899352608
2026-09-02,machinery_distribution,Machinery and distribution,theme,CAT|DE|FAST,0.3333333333333333|0.3333333333333333|0.3333333333333333,0.010995883523498486,0.004436902672253051,0.006558980851245434
2026-09-03,machinery_distribution,Machinery and distribution,theme,CAT|DE|FAST,0.3333333333333333|0.3333333333333333|0.3333333333333333,0.010457736508300914,0.01046841189654324,-1.0675388242325362e-05
2026-09-04,machinery_distribution,Machinery and distribution,theme,CAT|DE|FAST,0.3333333333333333|0.3333333333333333|0.3333333333333333,0.007831834990465062,-0.0038542371465761782,0.01168607213704124
2026-07-08,managed_care,Managed care (UNH only),single_company_proxy,UNH,1.0,,,
2026-07-09,managed_care,Managed care (UNH only),single_company_proxy,UNH,1.0,0.014285682530716048,0.00846525000257925,0.005820432528136799
2026-07-10,managed_care,Managed care (UNH only),single_company_proxy,UNH,1.0,-0.016354701812405503,0.0043101596888019955,-0.0206648615012075
2026-07-13,managed_care,Managed care (UNH only),single_company_proxy,UNH,1.0,0.010527062484350314,-0.007656174850540931,0.018183237334891245
2026-07-14,managed_care,Managed care (UNH only),single_company_proxy,UNH,1.0,-0.009088988160454003,0.00355064169730146,-0.012639629857755463
2026-07-15,managed_care,Managed care (UNH only),single_company_proxy,UNH,1.0,-0.01568713607901351,0.003963635929681075,-0.019650772008694584
2026-07-16,managed_care,Managed care (UNH only),single_company_proxy,UNH,1.0,0.011612386496984817,-0.005418617756386079,0.017031004253370896
2026-07-17,managed_care,Managed care (UNH only),single_company_proxy,UNH,1.0,0.006400848939071224,-0.009897156017872222,0.016298004956943446
2026-07-20,managed_care,Managed care (UNH only),single_company_proxy,UNH,1.0,-0.0106550460793301,-0.0016143782471810253,-0.009040667832149074
2026-07-21,managed_care,Managed care (UNH only),single_company_proxy,UNH,1.0,0.03510857250413535,0.008341309298597777,0.026767263205537573
2026-07-22,managed_care,Managed care (UNH only),single_company_proxy,UNH,1.0,-0.011550380369941493,-0.0011627413779321527,-0.01038763899200934
2026-07-23,managed_care,Managed care (UNH only),single_company_proxy,UNH,1.0,-0.01796851462722504,-0.012349287272575782,-0.005619227354649259
2026-07-24,managed_care,Managed care (UNH only),single_company_proxy,UNH,1.0,-0.006657869818852857,0.0010160123647910968,-0.007673882183643954
2026-07-27,managed_care,Managed care (UNH only),single_company_proxy,UNH,1.0,-0.007367912862788817,0.0002165755636849287,-0.0075844884264737455
2026-07-28,managed_care,Managed care (UNH only),single_company_proxy,UNH,1.0,0.026697618775514798,0.002394780651586048,0.02430283812392875
2026-07-29,managed_care,Managed care (UNH only),single_company_proxy,UNH,1.0,-0.019170225651006345,-0.015387473482586067,-0.003782752168420278
2026-07-30,managed_care,Managed care (UNH only),single_company_proxy,UNH,1.0,0.0021399383712841225,0.01676579949601198,-0.014625861124727857
2026-07-31,managed_care,Managed care (UNH only),single_company_proxy,UNH,1.0,-0.016774639484997467,0.007199809675054292,-0.02397444916005176
2026-08-03,managed_care,Managed care (UNH only),single_company_proxy,UNH,1.0,0.0023165817307371217,0.01424300656734756,-0.011926424836610439
2026-08-04,managed_care,Managed care (UNH only),single_company_proxy,UNH,1.0,-0.01880296088700817,0.018029002715958642,-0.03683196360296681
2026-08-05,managed_care,Managed care (UNH only),single_company_proxy,UNH,1.0,0.012759200988303743,-0.0019966020100066206,0.014755802998310363
2026-08-06,managed_care,Managed care (UNH only),single_company_proxy,UNH,1.0,-0.021271953432578705,-0.001597813044932006,-0.0196741403876467
2026-08-07,managed_care,Managed care (UNH only),single_company_proxy,UNH,1.0,0.007698555195100765,0.006115348472417681,0.0015832067226830837
2026-08-10,managed_care,Managed care (UNH only),single_company_proxy,UNH,1.0,0.004077831671576604,-0.00029741673673222557,0.0043752484083088294
2026-08-11,managed_care,Managed care (UNH only),single_company_proxy,UNH,1.0,-0.016024827395070607,-0.0031952597501651026,-0.012829567644905504
2026-08-12,managed_care,Managed care (UNH only),single_company_proxy,UNH,1.0,0.008453700678399345,0.0025046624297864195,0.005949038248612926
2026-08-13,managed_care,Managed care (UNH only),single_company_proxy,UNH,1.0,-0.01609999960121511,0.006977455651952402,-0.02307745525316751
2026-08-14,managed_care,Managed care (UNH only),single_company_proxy,UNH,1.0,0.006690756888861893,-0.0019797115463531245,0.008670468435215017
2026-08-17,managed_care,Managed care (UNH only),single_company_proxy,UNH,1.0,-0.015209259209037707,-0.004727366641364417,-0.01048189256767329
2026-08-18,managed_care,Managed care (UNH only),single_company_proxy,UNH,1.0,-0.004271782170427452,-0.006755757074274671,0.002483974903847219
2026-08-19,managed_care,Managed care (UNH only),single_company_proxy,UNH,1.0,-0.01350495626921544,0.00209783741736147,-0.01560279368657691
2026-08-20,managed_care,Managed care (UNH only),single_company_proxy,UNH,1.0,-0.009675457115815855,-0.008399893367440514,-0.0012755637483753413
2026-08-21,managed_care,Managed care (UNH only),single_company_proxy,UNH,1.0,0.013667608586790836,0.0040912604472485015,0.009576348139542334
2026-08-24,managed_care,Managed care (UNH only),single_company_proxy,UNH,1.0,0.022173296605743742,-0.0029384110198065194,0.02511170762555026
2026-08-25,managed_care,Managed care (UNH only),single_company_proxy,UNH,1.0,-0.005441903336821152,0.003195937672779925,-0.008637841009601077
2026-08-26,managed_care,Managed care (UNH only),single_company_proxy,UNH,1.0,0.011145045181544466,0.0002220155779071309,0.010923029603637335
2026-08-27,managed_care,Managed care (UNH only),single_company_proxy,UNH,1.0,-0.014862526688896316,0.006552786111251541,-0.021415312800147857
2026-08-28,managed_care,Managed care (UNH only),single_company_proxy,UNH,1.0,-0.005315721176627486,-0.002269485222937795,-0.003046235953689691
2026-08-31,managed_care,Managed care (UNH only),single_company_proxy,UNH,1.0,-0.009008801208681083,-0.002989520850009919,-0.006019280358671164
2026-09-01,managed_care,Managed care (UNH only),single_company_proxy,UNH,1.0,0.017693392737896607,-0.0068704238054380085,0.024563816543334616
2026-09-02,managed_care,Managed care (UNH only),single_company_proxy,UNH,1.0,0.008478465739685692,0.004436902672253051,0.004041563067432641
2026-09-03,managed_care,Managed care (UNH only),single_company_proxy,UNH,1.0,0.003202719230266382,0.01046841189654324,-0.007265692666276857
2026-09-04,managed_care,Managed care (UNH only),single_company_proxy,UNH,1.0,-0.009477696837007832,-0.0038542371465761782,-0.005623459690431654
2026-07-08,hospitals,Hospitals (HCA only),single_company_proxy,HCA,1.0,,,
2026-07-09,hospitals,Hospitals (HCA only),single_company_proxy,HCA,1.0,-0.00389658226301437,0.00846525000257925,-0.01236183226559362
2026-07-10,hospitals,Hospitals (HCA only),single_company_proxy,HCA,1.0,-0.005916758441000258,0.0043101596888019955,-0.010226918129802254
2026-07-13,hospitals,Hospitals (HCA only),single_company_proxy,HCA,1.0,-0.03898277440732634,-0.007656174850540931,-0.031326599556785406
2026-07-14,hospitals,Hospitals (HCA only),single_company_proxy,HCA,1.0,-0.06945791270194834,0.00355064169730146,-0.0730085543992498
2026-07-15,hospitals,Hospitals (HCA only),single_company_proxy,HCA,1.0,0.041941693465369134,0.003963635929681075,0.03797805753568806
2026-07-16,hospitals,Hospitals (HCA only),single_company_proxy,HCA,1.0,0.018186575214088174,-0.005418617756386079,0.023605192970474254
2026-07-17,hospitals,Hospitals (HCA only),single_company_proxy,HCA,1.0,-0.03774562639913759,-0.009897156017872222,-0.027848470381265367
2026-07-20,hospitals,Hospitals (HCA only),single_company_proxy,HCA,1.0,-0.0020474682446334214,-0.0016143782471810253,-0.00043308999745239607
2026-07-21,hospitals,Hospitals (HCA only),single_company_proxy,HCA,1.0,0.007207987725741827,0.008341309298597777,-0.0011333215728559498
2026-07-22,hospitals,Hospitals (HCA only),single_company_proxy,HCA,1.0,-0.003269991778600878,-0.0011627413779321527,-0.0021072504006687254
2026-07-23,hospitals,Hospitals (HCA only),single_company_proxy,HCA,1.0,0.012450600864835737,-0.012349287272575782,0.02479988813741152
2026-07-24,hospitals,Hospitals (HCA only),single_company_proxy,HCA,1.0,0.015112888290587767,0.0010160123647910968,0.01409687592579667
2026-07-27,hospitals,Hospitals (HCA only),single_company_proxy,HCA,1.0,0.019440573087518898,0.0002165755636849287,0.01922399752383397
2026-07-28,hospitals,Hospitals (HCA only),single_company_proxy,HCA,1.0,0.07332787763016557,0.002394780651586048,0.07093309697857952
2026-07-29,hospitals,Hospitals (HCA only),single_company_proxy,HCA,1.0,-0.023936511411526418,-0.015387473482586067,-0.00854903792894035
2026-07-30,hospitals,Hospitals (HCA only),single_company_proxy,HCA,1.0,-0.03035421714238906,0.01676579949601198,-0.04712001663840104
2026-07-31,hospitals,Hospitals (HCA only),single_company_proxy,HCA,1.0,0.01718079700386621,0.007199809675054292,0.009980987328811919
2026-08-03,hospitals,Hospitals (HCA only),single_company_proxy,HCA,1.0,0.00998531769353228,0.01424300656734756,-0.00425768887381528
2026-08-04,hospitals,Hospitals (HCA only),single_company_proxy,HCA,1.0,-0.014460968931076401,0.018029002715958642,-0.03248997164703504
2026-08-05,hospitals,Hospitals (HCA only),single_company_proxy,HCA,1.0,0.022234430708543362,-0.0019966020100066206,0.024231032718549983
2026-08-06,hospitals,Hospitals (HCA only),single_company_proxy,HCA,1.0,-0.0018308758255554114,-0.001597813044932006,-0.00023306278062340535
2026-08-07,hospitals,Hospitals (HCA only),single_company_proxy,HCA,1.0,0.010931963469365424,0.006115348472417681,0.004816614996947743
2026-08-10,hospitals,Hospitals (HCA only),single_company_proxy,HCA,1.0,0.0016208957119168144,-0.00029741673673222557,0.00191831244864904
2026-08-11,hospitals,Hospitals (HCA only),single_company_proxy,HCA,1.0,-0.0062555765174667766,-0.0031952597501651026,-0.003060316767301674
2026-08-12,hospitals,Hospitals (HCA only),single_company_proxy,HCA,1.0,0.007656022452344979,0.0025046624297864195,0.00515136002255856
2026-08-13,hospitals,Hospitals (HCA only),single_company_proxy,HCA,1.0,-0.006874276100943044,0.006977455651952402,-0.013851731752895446
2026-08-14,hospitals,Hospitals (HCA only),single_company_proxy,HCA,1.0,-0.017146737567499626,-0.0019797115463531245,-0.015167026021146501
2026-08-17,hospitals,Hospitals (HCA only),single_company_proxy,HCA,1.0,0.0007413717405773124,-0.004727366641364417,0.005468738381941729
2026-08-18,hospitals,Hospitals (HCA only),single_company_proxy,HCA,1.0,0.0166674893004235,-0.006755757074274671,0.02342324637469817
2026-08-19,hospitals,Hospitals (HCA only),single_company_proxy,HCA,1.0,-0.011366728361986489,0.00209783741736147,-0.013464565779347959
2026-08-20,hospitals,Hospitals (HCA only),single_company_proxy,HCA,1.0,-0.0019162235663636729,-0.008399893367440514,0.006483669801076841
2026-08-21,hospitals,Hospitals (HCA only),single_company_proxy,HCA,1.0,0.05641571872778206,0.0040912604472485015,0.05232445828053356
2026-08-24,hospitals,Hospitals (HCA only),single_company_proxy,HCA,1.0,0.00011647007778448071,-0.0029384110198065194,0.003054881097591
2026-08-25,hospitals,Hospitals (HCA only),single_company_proxy,HCA,1.0,-0.0011182100448933197,0.003195937672779925,-0.0043141477176732446
2026-08-26,hospitals,Hospitals (HCA only),single_company_proxy,HCA,1.0,-0.0037317055394000542,0.0002220155779071309,-0.003953721117307185
2026-08-27,hospitals,Hospitals (HCA only),single_company_proxy,HCA,1.0,-0.01830697456966146,0.006552786111251541,-0.024859760680913
2026-08-28,hospitals,Hospitals (HCA only),single_company_proxy,HCA,1.0,-0.003624717477335615,-0.002269485222937795,-0.0013552322543978201
2026-08-31,hospitals,Hospitals (HCA only),single_company_proxy,HCA,1.0,-0.008065662385986383,-0.002989520850009919,-0.005076141535976464
2026-09-01,hospitals,Hospitals (HCA only),single_company_proxy,HCA,1.0,-0.002099229362143351,-0.0068704238054380085,0.004771194443294657
2026-09-02,hospitals,Hospitals (HCA only),single_company_proxy,HCA,1.0,-0.02785431932804361,0.004436902672253051,-0.03229122200029666
2026-09-03,hospitals,Hospitals (HCA only),single_company_proxy,HCA,1.0,0.017758580042265937,0.01046841189654324,0.0072901681457226974
2026-09-04,hospitals,Hospitals (HCA only),single_company_proxy,HCA,1.0,-0.01026395914403433,-0.0038542371465761782,-0.006409721997458151
2026-07-08,generators_minus_regulated,Generators minus regulated utilities,relative_return_contrast,CEG|VST|AEP|DUK,0.5|0.5|-0.5|-0.5,,,
2026-07-09,generators_minus_regulated,Generators minus regulated utilities,relative_return_contrast,CEG|VST|AEP|DUK,0.5|0.5|-0.5|-0.5,0.03650001066559633,0.00846525000257925,
2026-07-10,generators_minus_regulated,Generators minus regulated utilities,relative_return_contrast,CEG|VST|AEP|DUK,0.5|0.5|-0.5|-0.5,-0.0027188204913963787,0.0043101596888019955,
2026-07-13,generators_minus_regulated,Generators minus regulated utilities,relative_return_contrast,CEG|VST|AEP|DUK,0.5|0.5|-0.5|-0.5,0.003745656625972482,-0.007656174850540931,
2026-07-14,generators_minus_regulated,Generators minus regulated utilities,relative_return_contrast,CEG|VST|AEP|DUK,0.5|0.5|-0.5|-0.5,0.0032421443812306605,0.00355064169730146,
2026-07-15,generators_minus_regulated,Generators minus regulated utilities,relative_return_contrast,CEG|VST|AEP|DUK,0.5|0.5|-0.5|-0.5,0.026039302883653692,0.003963635929681075,
2026-07-16,generators_minus_regulated,Generators minus regulated utilities,relative_return_contrast,CEG|VST|AEP|DUK,0.5|0.5|-0.5|-0.5,-0.045720326164248204,-0.005418617756386079,
2026-07-17,generators_minus_regulated,Generators minus regulated utilities,relative_return_contrast,CEG|VST|AEP|DUK,0.5|0.5|-0.5|-0.5,0.018749667404702963,-0.009897156017872222,
2026-07-20,generators_minus_regulated,Generators minus regulated utilities,relative_return_contrast,CEG|VST|AEP|DUK,0.5|0.5|-0.5|-0.5,0.011166181693671728,-0.0016143782471810253,
2026-07-21,generators_minus_regulated,Generators minus regulated utilities,relative_return_contrast,CEG|VST|AEP|DUK,0.5|0.5|-0.5|-0.5,0.032870652032656045,0.008341309298597777,
2026-07-22,generators_minus_regulated,Generators minus regulated utilities,relative_return_contrast,CEG|VST|AEP|DUK,0.5|0.5|-0.5|-0.5,0.01973564402489858,-0.0011627413779321527,
2026-07-23,generators_minus_regulated,Generators minus regulated utilities,relative_return_contrast,CEG|VST|AEP|DUK,0.5|0.5|-0.5|-0.5,-0.004080152551968141,-0.012349287272575782,
2026-07-24,generators_minus_regulated,Generators minus regulated utilities,relative_return_contrast,CEG|VST|AEP|DUK,0.5|0.5|-0.5|-0.5,-0.026009311410244873,0.0010160123647910968,
2026-07-27,generators_minus_regulated,Generators minus regulated utilities,relative_return_contrast,CEG|VST|AEP|DUK,0.5|0.5|-0.5|-0.5,-0.013540525147682059,0.0002165755636849287,
2026-07-28,generators_minus_regulated,Generators minus regulated utilities,relative_return_contrast,CEG|VST|AEP|DUK,0.5|0.5|-0.5|-0.5,-0.045175057425965504,0.002394780651586048,
2026-07-29,generators_minus_regulated,Generators minus regulated utilities,relative_return_contrast,CEG|VST|AEP|DUK,0.5|0.5|-0.5|-0.5,-0.008983727666260877,-0.015387473482586067,
2026-07-30,generators_minus_regulated,Generators minus regulated utilities,relative_return_contrast,CEG|VST|AEP|DUK,0.5|0.5|-0.5|-0.5,0.048360253672729225,0.01676579949601198,
2026-07-31,generators_minus_regulated,Generators minus regulated utilities,relative_return_contrast,CEG|VST|AEP|DUK,0.5|0.5|-0.5|-0.5,6.901172272955058e-05,0.007199809675054292,
2026-08-03,generators_minus_regulated,Generators minus regulated utilities,relative_return_contrast,CEG|VST|AEP|DUK,0.5|0.5|-0.5|-0.5,0.049751304387956,0.01424300656734756,
2026-08-04,generators_minus_regulated,Generators minus regulated utilities,relative_return_contrast,CEG|VST|AEP|DUK,0.5|0.5|-0.5|-0.5,-0.05263029306021849,0.018029002715958642,
2026-08-05,generators_minus_regulated,Generators minus regulated utilities,relative_return_contrast,CEG|VST|AEP|DUK,0.5|0.5|-0.5|-0.5,-0.0021702772288857974,-0.0019966020100066206,
2026-08-06,generators_minus_regulated,Generators minus regulated utilities,relative_return_contrast,CEG|VST|AEP|DUK,0.5|0.5|-0.5|-0.5,-0.002222568596191632,-0.001597813044932006,
2026-08-07,generators_minus_regulated,Generators minus regulated utilities,relative_return_contrast,CEG|VST|AEP|DUK,0.5|0.5|-0.5|-0.5,0.00832894625790076,0.006115348472417681,
2026-08-10,generators_minus_regulated,Generators minus regulated utilities,relative_return_contrast,CEG|VST|AEP|DUK,0.5|0.5|-0.5|-0.5,0.03154029281267079,-0.00029741673673222557,
2026-08-11,generators_minus_regulated,Generators minus regulated utilities,relative_return_contrast,CEG|VST|AEP|DUK,0.5|0.5|-0.5|-0.5,0.010572609699053492,-0.0031952597501651026,
2026-08-12,generators_minus_regulated,Generators minus regulated utilities,relative_return_contrast,CEG|VST|AEP|DUK,0.5|0.5|-0.5|-0.5,0.0011003288522999366,0.0025046624297864195,
2026-08-13,generators_minus_regulated,Generators minus regulated utilities,relative_return_contrast,CEG|VST|AEP|DUK,0.5|0.5|-0.5|-0.5,-0.008003286795858156,0.006977455651952402,
2026-08-14,generators_minus_regulated,Generators minus regulated utilities,relative_return_contrast,CEG|VST|AEP|DUK,0.5|0.5|-0.5|-0.5,0.009871027940027144,-0.0019797115463531245,
2026-08-17,generators_minus_regulated,Generators minus regulated utilities,relative_return_contrast,CEG|VST|AEP|DUK,0.5|0.5|-0.5|-0.5,-0.01675935402685963,-0.004727366641364417,
2026-08-18,generators_minus_regulated,Generators minus regulated utilities,relative_return_contrast,CEG|VST|AEP|DUK,0.5|0.5|-0.5|-0.5,-0.03977472454717751,-0.006755757074274671,
2026-08-19,generators_minus_regulated,Generators minus regulated utilities,relative_return_contrast,CEG|VST|AEP|DUK,0.5|0.5|-0.5|-0.5,0.02340029649700298,0.00209783741736147,
2026-08-20,generators_minus_regulated,Generators minus regulated utilities,relative_return_contrast,CEG|VST|AEP|DUK,0.5|0.5|-0.5|-0.5,-0.009515799597937968,-0.008399893367440514,
2026-08-21,generators_minus_regulated,Generators minus regulated utilities,relative_return_contrast,CEG|VST|AEP|DUK,0.5|0.5|-0.5|-0.5,0.02061018344117277,0.0040912604472485015,
2026-08-24,generators_minus_regulated,Generators minus regulated utilities,relative_return_contrast,CEG|VST|AEP|DUK,0.5|0.5|-0.5|-0.5,-0.014155262654806433,-0.0029384110198065194,
2026-08-25,generators_minus_regulated,Generators minus regulated utilities,relative_return_contrast,CEG|VST|AEP|DUK,0.5|0.5|-0.5|-0.5,0.0198651712852021,0.003195937672779925,
2026-08-26,generators_minus_regulated,Generators minus regulated utilities,relative_return_contrast,CEG|VST|AEP|DUK,0.5|0.5|-0.5|-0.5,0.0019351849611032312,0.0002220155779071309,
2026-08-27,generators_minus_regulated,Generators minus regulated utilities,relative_return_contrast,CEG|VST|AEP|DUK,0.5|0.5|-0.5|-0.5,0.011325798909194551,0.006552786111251541,
2026-08-28,generators_minus_regulated,Generators minus regulated utilities,relative_return_contrast,CEG|VST|AEP|DUK,0.5|0.5|-0.5|-0.5,-0.015677295015836368,-0.002269485222937795,
2026-08-31,generators_minus_regulated,Generators minus regulated utilities,relative_return_contrast,CEG|VST|AEP|DUK,0.5|0.5|-0.5|-0.5,-0.001632894947929786,-0.002989520850009919,
2026-09-01,generators_minus_regulated,Generators minus regulated utilities,relative_return_contrast,CEG|VST|AEP|DUK,0.5|0.5|-0.5|-0.5,0.008499480329035913,-0.0068704238054380085,
2026-09-02,generators_minus_regulated,Generators minus regulated utilities,relative_return_contrast,CEG|VST|AEP|DUK,0.5|0.5|-0.5|-0.5,0.0336507667966216,0.004436902672253051,
2026-09-03,generators_minus_regulated,Generators minus regulated utilities,relative_return_contrast,CEG|VST|AEP|DUK,0.5|0.5|-0.5|-0.5,-0.014050021266340473,0.01046841189654324,
2026-09-04,generators_minus_regulated,Generators minus regulated utilities,relative_return_contrast,CEG|VST|AEP|DUK,0.5|0.5|-0.5|-0.5,0.04771314148194705,-0.0038542371465761782,
2026-07-08,equipment_minus_generators,Equipment minus generators,relative_return_contrast,ETN|VRT|CEG|VST,0.5|0.5|-0.5|-0.5,,,
2026-07-09,equipment_minus_generators,Equipment minus generators,relative_return_contrast,ETN|VRT|CEG|VST,0.5|0.5|-0.5|-0.5,-0.005465336168842261,0.00846525000257925,
2026-07-10,equipment_minus_generators,Equipment minus generators,relative_return_contrast,ETN|VRT|CEG|VST,0.5|0.5|-0.5|-0.5,-0.010085561515079222,0.0043101596888019955,
2026-07-13,equipment_minus_generators,Equipment minus generators,relative_return_contrast,ETN|VRT|CEG|VST,0.5|0.5|-0.5|-0.5,-0.03579089681394526,-0.007656174850540931,
2026-07-14,equipment_minus_generators,Equipment minus generators,relative_return_contrast,ETN|VRT|CEG|VST,0.5|0.5|-0.5|-0.5,0.01321477778175062,0.00355064169730146,
2026-07-15,equipment_minus_generators,Equipment minus generators,relative_return_contrast,ETN|VRT|CEG|VST,0.5|0.5|-0.5|-0.5,-0.01053646346539866,0.003963635929681075,
2026-07-16,equipment_minus_generators,Equipment minus generators,relative_return_contrast,ETN|VRT|CEG|VST,0.5|0.5|-0.5|-0.5,-0.0010379946528337736,-0.005418617756386079,
2026-07-17,equipment_minus_generators,Equipment minus generators,relative_return_contrast,ETN|VRT|CEG|VST,0.5|0.5|-0.5|-0.5,-0.01371161205093635,-0.009897156017872222,
2026-07-20,equipment_minus_generators,Equipment minus generators,relative_return_contrast,ETN|VRT|CEG|VST,0.5|0.5|-0.5|-0.5,-0.004982944638188269,-0.0016143782471810253,
2026-07-21,equipment_minus_generators,Equipment minus generators,relative_return_contrast,ETN|VRT|CEG|VST,0.5|0.5|-0.5|-0.5,-0.007022029287259701,0.008341309298597777,
2026-07-22,equipment_minus_generators,Equipment minus generators,relative_return_contrast,ETN|VRT|CEG|VST,0.5|0.5|-0.5|-0.5,-0.03833221921721269,-0.0011627413779321527,
2026-07-23,equipment_minus_generators,Equipment minus generators,relative_return_contrast,ETN|VRT|CEG|VST,0.5|0.5|-0.5|-0.5,0.0068917985548931915,-0.012349287272575782,
2026-07-24,equipment_minus_generators,Equipment minus generators,relative_return_contrast,ETN|VRT|CEG|VST,0.5|0.5|-0.5|-0.5,-0.016980466615797885,0.0010160123647910968,
2026-07-27,equipment_minus_generators,Equipment minus generators,relative_return_contrast,ETN|VRT|CEG|VST,0.5|0.5|-0.5|-0.5,0.015736300394525782,0.0002165755636849287,
2026-07-28,equipment_minus_generators,Equipment minus generators,relative_return_contrast,ETN|VRT|CEG|VST,0.5|0.5|-0.5|-0.5,-0.001173704853315527,0.002394780651586048,
2026-07-29,equipment_minus_generators,Equipment minus generators,relative_return_contrast,ETN|VRT|CEG|VST,0.5|0.5|-0.5|-0.5,-0.09463803912069957,-0.015387473482586067,
2026-07-30,equipment_minus_generators,Equipment minus generators,relative_return_contrast,ETN|VRT|CEG|VST,0.5|0.5|-0.5|-0.5,0.01333802064055134,0.01676579949601198,
2026-07-31,equipment_minus_generators,Equipment minus generators,relative_return_contrast,ETN|VRT|CEG|VST,0.5|0.5|-0.5|-0.5,0.07049295681853945,0.007199809675054292,
2026-08-03,equipment_minus_generators,Equipment minus generators,relative_return_contrast,ETN|VRT|CEG|VST,0.5|0.5|-0.5|-0.5,0.025187560165013445,0.01424300656734756,
2026-08-04,equipment_minus_generators,Equipment minus generators,relative_return_contrast,ETN|VRT|CEG|VST,0.5|0.5|-0.5|-0.5,0.07309284512021175,0.018029002715958642,
2026-08-05,equipment_minus_generators,Equipment minus generators,relative_return_contrast,ETN|VRT|CEG|VST,0.5|0.5|-0.5|-0.5,0.030894771301581303,-0.0019966020100066206,
2026-08-06,equipment_minus_generators,Equipment minus generators,relative_return_contrast,ETN|VRT|CEG|VST,0.5|0.5|-0.5|-0.5,0.0007702969588242459,-0.001597813044932006,
2026-08-07,equipment_minus_generators,Equipment minus generators,relative_return_contrast,ETN|VRT|CEG|VST,0.5|0.5|-0.5|-0.5,-0.017293859660719058,0.006115348472417681,
2026-08-10,equipment_minus_generators,Equipment minus generators,relative_return_contrast,ETN|VRT|CEG|VST,0.5|0.5|-0.5|-0.5,-0.01747626176433026,-0.00029741673673222557,
2026-08-11,equipment_minus_generators,Equipment minus generators,relative_return_contrast,ETN|VRT|CEG|VST,0.5|0.5|-0.5|-0.5,0.015943553444458414,-0.0031952597501651026,
2026-08-12,equipment_minus_generators,Equipment minus generators,relative_return_contrast,ETN|VRT|CEG|VST,0.5|0.5|-0.5|-0.5,0.005703541125097966,0.0025046624297864195,
2026-08-13,equipment_minus_generators,Equipment minus generators,relative_return_contrast,ETN|VRT|CEG|VST,0.5|0.5|-0.5|-0.5,-0.008417720615662372,0.006977455651952402,
2026-08-14,equipment_minus_generators,Equipment minus generators,relative_return_contrast,ETN|VRT|CEG|VST,0.5|0.5|-0.5|-0.5,-0.0030508011384210443,-0.0019797115463531245,
2026-08-17,equipment_minus_generators,Equipment minus generators,relative_return_contrast,ETN|VRT|CEG|VST,0.5|0.5|-0.5|-0.5,0.01633743995588316,-0.004727366641364417,
2026-08-18,equipment_minus_generators,Equipment minus generators,relative_return_contrast,ETN|VRT|CEG|VST,0.5|0.5|-0.5|-0.5,-0.021608246331668135,-0.006755757074274671,
2026-08-19,equipment_minus_generators,Equipment minus generators,relative_return_contrast,ETN|VRT|CEG|VST,0.5|0.5|-0.5|-0.5,-0.05040249858547324,0.00209783741736147,
2026-08-20,equipment_minus_generators,Equipment minus generators,relative_return_contrast,ETN|VRT|CEG|VST,0.5|0.5|-0.5|-0.5,0.011364237992174342,-0.008399893367440514,
2026-08-21,equipment_minus_generators,Equipment minus generators,relative_return_contrast,ETN|VRT|CEG|VST,0.5|0.5|-0.5|-0.5,0.00954156447052601,0.0040912604472485015,
2026-08-24,equipment_minus_generators,Equipment minus generators,relative_return_contrast,ETN|VRT|CEG|VST,0.5|0.5|-0.5|-0.5,-0.024871603359966132,-0.0029384110198065194,
2026-08-25,equipment_minus_generators,Equipment minus generators,relative_return_contrast,ETN|VRT|CEG|VST,0.5|0.5|-0.5|-0.5,-0.01936756658997285,0.003195937672779925,
2026-08-26,equipment_minus_generators,Equipment minus generators,relative_return_contrast,ETN|VRT|CEG|VST,0.5|0.5|-0.5|-0.5,0.02269804263845654,0.0002220155779071309,
2026-08-27,equipment_minus_generators,Equipment minus generators,relative_return_contrast,ETN|VRT|CEG|VST,0.5|0.5|-0.5|-0.5,0.0019302439340995181,0.006552786111251541,
2026-08-28,equipment_minus_generators,Equipment minus generators,relative_return_contrast,ETN|VRT|CEG|VST,0.5|0.5|-0.5|-0.5,-0.018840612662576084,-0.002269485222937795,
2026-08-31,equipment_minus_generators,Equipment minus generators,relative_return_contrast,ETN|VRT|CEG|VST,0.5|0.5|-0.5|-0.5,0.004628502715282978,-0.002989520850009919,
2026-09-01,equipment_minus_generators,Equipment minus generators,relative_return_contrast,ETN|VRT|CEG|VST,0.5|0.5|-0.5|-0.5,-0.031877286353609535,-0.0068704238054380085,
2026-09-02,equipment_minus_generators,Equipment minus generators,relative_return_contrast,ETN|VRT|CEG|VST,0.5|0.5|-0.5|-0.5,-0.03523213228970801,0.004436902672253051,
2026-09-03,equipment_minus_generators,Equipment minus generators,relative_return_contrast,ETN|VRT|CEG|VST,0.5|0.5|-0.5|-0.5,0.03760121097088509,0.01046841189654324,
2026-09-04,equipment_minus_generators,Equipment minus generators,relative_return_contrast,ETN|VRT|CEG|VST,0.5|0.5|-0.5|-0.5,-0.002963255397353426,-0.0038542371465761782,
2026-07-08,hospitals_minus_managed_care,Hospitals minus managed care,relative_return_contrast,HCA|UNH,1|-1,,,
2026-07-09,hospitals_minus_managed_care,Hospitals minus managed care,relative_return_contrast,HCA|UNH,1|-1,-0.018182264793730418,0.00846525000257925,
2026-07-10,hospitals_minus_managed_care,Hospitals minus managed care,relative_return_contrast,HCA|UNH,1|-1,0.010437943371405245,0.0043101596888019955,
2026-07-13,hospitals_minus_managed_care,Hospitals minus managed care,relative_return_contrast,HCA|UNH,1|-1,-0.04950983689167665,-0.007656174850540931,
2026-07-14,hospitals_minus_managed_care,Hospitals minus managed care,relative_return_contrast,HCA|UNH,1|-1,-0.06036892454149434,0.00355064169730146,
2026-07-15,hospitals_minus_managed_care,Hospitals minus managed care,relative_return_contrast,HCA|UNH,1|-1,0.05762882954438264,0.003963635929681075,
2026-07-16,hospitals_minus_managed_care,Hospitals minus managed care,relative_return_contrast,HCA|UNH,1|-1,0.0065741887171033575,-0.005418617756386079,
2026-07-17,hospitals_minus_managed_care,Hospitals minus managed care,relative_return_contrast,HCA|UNH,1|-1,-0.04414647533820881,-0.009897156017872222,
2026-07-20,hospitals_minus_managed_care,Hospitals minus managed care,relative_return_contrast,HCA|UNH,1|-1,0.008607577834696678,-0.0016143782471810253,
2026-07-21,hospitals_minus_managed_care,Hospitals minus managed care,relative_return_contrast,HCA|UNH,1|-1,-0.027900584778393522,0.008341309298597777,
2026-07-22,hospitals_minus_managed_care,Hospitals minus managed care,relative_return_contrast,HCA|UNH,1|-1,0.008280388591340615,-0.0011627413779321527,
2026-07-23,hospitals_minus_managed_care,Hospitals minus managed care,relative_return_contrast,HCA|UNH,1|-1,0.030419115492060778,-0.012349287272575782,
2026-07-24,hospitals_minus_managed_care,Hospitals minus managed care,relative_return_contrast,HCA|UNH,1|-1,0.021770758109440624,0.0010160123647910968,
2026-07-27,hospitals_minus_managed_care,Hospitals minus managed care,relative_return_contrast,HCA|UNH,1|-1,0.026808485950307714,0.0002165755636849287,
2026-07-28,hospitals_minus_managed_care,Hospitals minus managed care,relative_return_contrast,HCA|UNH,1|-1,0.046630258854650775,0.002394780651586048,
2026-07-29,hospitals_minus_managed_care,Hospitals minus managed care,relative_return_contrast,HCA|UNH,1|-1,-0.004766285760520073,-0.015387473482586067,
2026-07-30,hospitals_minus_managed_care,Hospitals minus managed care,relative_return_contrast,HCA|UNH,1|-1,-0.032494155513673184,0.01676579949601198,
2026-07-31,hospitals_minus_managed_care,Hospitals minus managed care,relative_return_contrast,HCA|UNH,1|-1,0.03395543648886368,0.007199809675054292,
2026-08-03,hospitals_minus_managed_care,Hospitals minus managed care,relative_return_contrast,HCA|UNH,1|-1,0.007668735962795159,0.01424300656734756,
2026-08-04,hospitals_minus_managed_care,Hospitals minus managed care,relative_return_contrast,HCA|UNH,1|-1,0.004341991955931768,0.018029002715958642,
2026-08-05,hospitals_minus_managed_care,Hospitals minus managed care,relative_return_contrast,HCA|UNH,1|-1,0.00947522972023962,-0.0019966020100066206,
2026-08-06,hospitals_minus_managed_care,Hospitals minus managed care,relative_return_contrast,HCA|UNH,1|-1,0.019441077607023294,-0.001597813044932006,
2026-08-07,hospitals_minus_managed_care,Hospitals minus managed care,relative_return_contrast,HCA|UNH,1|-1,0.0032334082742646597,0.006115348472417681,
2026-08-10,hospitals_minus_managed_care,Hospitals minus managed care,relative_return_contrast,HCA|UNH,1|-1,-0.0024569359596597895,-0.00029741673673222557,
2026-08-11,hospitals_minus_managed_care,Hospitals minus managed care,relative_return_contrast,HCA|UNH,1|-1,0.00976925087760383,-0.0031952597501651026,
2026-08-12,hospitals_minus_managed_care,Hospitals minus managed care,relative_return_contrast,HCA|UNH,1|-1,-0.0007976782260543658,0.0025046624297864195,
2026-08-13,hospitals_minus_managed_care,Hospitals minus managed care,relative_return_contrast,HCA|UNH,1|-1,0.009225723500272065,0.006977455651952402,
2026-08-14,hospitals_minus_managed_care,Hospitals minus managed care,relative_return_contrast,HCA|UNH,1|-1,-0.02383749445636152,-0.0019797115463531245,
2026-08-17,hospitals_minus_managed_care,Hospitals minus managed care,relative_return_contrast,HCA|UNH,1|-1,0.01595063094961502,-0.004727366641364417,
2026-08-18,hospitals_minus_managed_care,Hospitals minus managed care,relative_return_contrast,HCA|UNH,1|-1,0.02093927147085095,-0.006755757074274671,
2026-08-19,hospitals_minus_managed_care,Hospitals minus managed care,relative_return_contrast,HCA|UNH,1|-1,0.002138227907228951,0.00209783741736147,
2026-08-20,hospitals_minus_managed_care,Hospitals minus managed care,relative_return_contrast,HCA|UNH,1|-1,0.0077592335494521825,-0.008399893367440514,
2026-08-21,hospitals_minus_managed_care,Hospitals minus managed care,relative_return_contrast,HCA|UNH,1|-1,0.042748110140991225,0.0040912604472485015,
2026-08-24,hospitals_minus_managed_care,Hospitals minus managed care,relative_return_contrast,HCA|UNH,1|-1,-0.02205682652795926,-0.0029384110198065194,
2026-08-25,hospitals_minus_managed_care,Hospitals minus managed care,relative_return_contrast,HCA|UNH,1|-1,0.004323693291927833,0.003195937672779925,
2026-08-26,hospitals_minus_managed_care,Hospitals minus managed care,relative_return_contrast,HCA|UNH,1|-1,-0.01487675072094452,0.0002220155779071309,
2026-08-27,hospitals_minus_managed_care,Hospitals minus managed care,relative_return_contrast,HCA|UNH,1|-1,-0.0034444478807651446,0.006552786111251541,
2026-08-28,hospitals_minus_managed_care,Hospitals minus managed care,relative_return_contrast,HCA|UNH,1|-1,0.0016910036992918709,-0.002269485222937795,
2026-08-31,hospitals_minus_managed_care,Hospitals minus managed care,relative_return_contrast,HCA|UNH,1|-1,0.0009431388226947002,-0.002989520850009919,
2026-09-01,hospitals_minus_managed_care,Hospitals minus managed care,relative_return_contrast,HCA|UNH,1|-1,-0.019792622100039958,-0.0068704238054380085,
2026-09-02,hospitals_minus_managed_care,Hospitals minus managed care,relative_return_contrast,HCA|UNH,1|-1,-0.0363327850677293,0.004436902672253051,
2026-09-03,hospitals_minus_managed_care,Hospitals minus managed care,relative_return_contrast,HCA|UNH,1|-1,0.014555860811999555,0.01046841189654324,
2026-09-04,hospitals_minus_managed_care,Hospitals minus managed care,relative_return_contrast,HCA|UNH,1|-1,-0.0007862623070264974,-0.0038542371465761782,
