scenario_id,scenario_label,ticker,issue_id,basket_id,basket_label,basket_kind,model,spread_gate,scenario_primary,primary_test,n_observations,n_calendar_sessions,valid_change_coverage,meaningful_shock_days,large_move_days,probability_min,probability_max,max_abs_daily_delta_pp,median_endpoint_spread_pp,first_valid_date,last_valid_date,status,beta_per_10pp,intercept,market_beta,hc3_se,hac3_se,hac3_low,hac3_high,hc3_low,hc3_high,p_value_hac,p_value_hc3,r_squared,bootstrap_low,bootstrap_high,bootstrap_valid_draws,leave_largest_beta,leave_largest_relative_change,largest_move_date,leave_largest_sign_stable,q_value_bh_primary,q_value_hc3_primary,q_value_conservative_primary,evidence_grade,bootstrap_excludes_zero,tight_status,tight_n_observations,tight_beta_per_10pp,loose_status,loose_n_observations,loose_beta_per_10pp,tape_window,executions,active_days,top_five_print_volume_share,liquidity_validation_status,liquidity_veto_reasons,robustness_screen_status,robustness_failures
house_dem,Democratic House victory,CONTROLH-2026-D,taxes_fiscal,sector_technology,Technology sector,sector,market_conditioned,0.1,True,True,42,43,1.0,8,0,0.815,0.855,1.0000000000000009,1.0,2026-07-09,2026-09-04,estimated,-0.011105336389931534,-0.0006100212618327017,1.9648881943152972,0.05034440373438204,0.04490577195421651,-0.1019358335789667,0.07972516079910362,-0.11293650469813088,0.0907258319182678,0.8059709731392707,0.8265645246884561,0.6184812203995601,-0.10096519131181517,0.06461871095795099,500.0,-0.0215591238899677,0.9413301077051495,2026-07-10,True,0.9211096835877379,0.9915527907147141,0.9915527907147141,pilot_observational,False,estimated,42,-0.011105336389931534,estimated,42,-0.011105336389931534,Latest 28 calendar days; shorter than full equity regression window,4133,28,0.264909557444741,passes_descriptive_tape_gate,,not_ready_for_sizing,conservative_q_not_below_10pct|block_interval_includes_zero_or_unavailable|fewer_than_10_meaningful_days|fewer_than_3_moves_exceeding_quote_noise_rule
house_dem,Democratic House victory,CONTROLH-2026-D,taxes_fiscal,sector_consumer_discretionary,Consumer discretionary sector,sector,market_conditioned,0.1,True,True,42,43,1.0,8,0,0.815,0.855,1.0000000000000009,1.0,2026-07-09,2026-09-04,estimated,0.004913915043225438,-0.0009282714180100863,1.1312494102625081,0.0477529581450516,0.040348611739251035,-0.07669885555784628,0.08652668564429716,-0.09167555980166592,0.1015033898881168,0.9036934963712505,0.9185673975756491,0.380436297278797,-0.07043067433251211,0.08373483214208993,500.0,0.004727471823279816,0.03794188916689982,2026-07-10,True,0.9558334240855805,0.9915527907147141,0.9915527907147141,pilot_observational,False,estimated,42,0.004913915043225438,estimated,42,0.004913915043225438,Latest 28 calendar days; shorter than full equity regression window,4133,28,0.264909557444741,passes_descriptive_tape_gate,,not_ready_for_sizing,conservative_q_not_below_10pct|block_interval_includes_zero_or_unavailable|fewer_than_10_meaningful_days|fewer_than_3_moves_exceeding_quote_noise_rule
house_dem,Democratic House victory,CONTROLH-2026-D,taxes_fiscal,sector_communications,Communication services sector,sector,market_conditioned,0.1,True,True,42,43,1.0,8,0,0.815,0.855,1.0000000000000009,1.0,2026-07-09,2026-09-04,estimated,0.010654407930009269,4.711439928291512e-07,0.7248093665008114,0.037882186562708024,0.03514897381934233,-0.060441102262984284,0.08174991812300282,-0.06596954686151885,0.08727836272153738,0.7634083908830271,0.7800046578374759,0.16386634870332306,-0.05055514435283288,0.08437706181227345,500.0,0.023492464488027207,1.2049526019984829,2026-07-10,True,0.9004304097594679,0.9915527907147141,0.9915527907147141,pilot_observational,False,estimated,42,0.010654407930009269,estimated,42,0.010654407930009269,Latest 28 calendar days; shorter than full equity regression window,4133,28,0.264909557444741,passes_descriptive_tape_gate,,not_ready_for_sizing,conservative_q_not_below_10pct|block_interval_includes_zero_or_unavailable|fewer_than_10_meaningful_days|fewer_than_3_moves_exceeding_quote_noise_rule
house_dem,Democratic House victory,CONTROLH-2026-D,taxes_fiscal,sector_industrials,Industrials sector,sector,market_conditioned,0.1,True,True,42,43,1.0,8,0,0.815,0.855,1.0000000000000009,1.0,2026-07-09,2026-09-04,estimated,0.018673036269988844,-0.0013703978177668926,0.7909574242540951,0.02553436654849091,0.021578411072647734,-0.024973419875476428,0.06231949241545412,-0.032975095096534124,0.07032116763651182,0.39213481318209753,0.46897313001122976,0.361961777880454,-0.02503580016278441,0.059015534346298595,500.0,0.025434537922122198,0.3620997439500712,2026-07-10,True,0.7073804473088818,0.9915527907147141,0.9915527907147141,pilot_observational,False,estimated,42,0.018673036269988844,estimated,42,0.018673036269988844,Latest 28 calendar days; shorter than full equity regression window,4133,28,0.264909557444741,passes_descriptive_tape_gate,,not_ready_for_sizing,conservative_q_not_below_10pct|block_interval_includes_zero_or_unavailable|fewer_than_10_meaningful_days|fewer_than_3_moves_exceeding_quote_noise_rule
house_dem,Democratic House victory,CONTROLH-2026-D,taxes_fiscal,sector_utilities,Utilities sector,sector,market_conditioned,0.1,True,True,42,43,1.0,8,0,0.815,0.855,1.0000000000000009,1.0,2026-07-09,2026-09-04,estimated,0.026799039388632366,-0.0012951005662923934,-0.03057235027308859,0.02555494318847581,0.02335445896064432,-0.02043981269343407,0.07403789147069881,-0.024890712160752927,0.07848879093801767,0.25816929744407463,0.3007795063937284,0.020504625377559038,-0.018378383159199835,0.07358406814118859,500.0,0.04300896546015252,0.6048696685149131,2026-07-10,True,0.6013057054393637,0.9174737754878881,0.9174737754878881,pilot_observational,False,estimated,42,0.026799039388632366,estimated,42,0.026799039388632366,Latest 28 calendar days; shorter than full equity regression window,4133,28,0.264909557444741,passes_descriptive_tape_gate,,not_ready_for_sizing,conservative_q_not_below_10pct|block_interval_includes_zero_or_unavailable|fewer_than_10_meaningful_days|fewer_than_3_moves_exceeding_quote_noise_rule
house_dem,Democratic House victory,CONTROLH-2026-D,taxes_fiscal,sector_real_estate,Real estate sector,sector,market_conditioned,0.1,True,True,42,43,1.0,8,0,0.815,0.855,1.0000000000000009,1.0,2026-07-09,2026-09-04,estimated,0.04276051113152855,-0.00032780388100536246,0.04470503939178057,0.03923321240388478,0.035086820350153126,-0.028209281803687217,0.11373030406674432,-0.036596151361682816,0.12211717362473992,0.23027660387625332,0.2824432610986773,0.05602472674873815,-0.02059344061030696,0.12241233807102983,500.0,0.0575149127166057,0.3450473624997972,2026-07-10,True,0.5884846543504252,0.9174737754878881,0.9174737754878881,pilot_observational,False,estimated,42,0.04276051113152855,estimated,42,0.04276051113152855,Latest 28 calendar days; shorter than full equity regression window,4133,28,0.264909557444741,passes_descriptive_tape_gate,,not_ready_for_sizing,conservative_q_not_below_10pct|block_interval_includes_zero_or_unavailable|fewer_than_10_meaningful_days|fewer_than_3_moves_exceeding_quote_noise_rule
house_dem,Democratic House victory,CONTROLH-2026-D,taxes_fiscal,sector_energy,Energy sector,sector,market_conditioned,0.1,True,True,42,43,1.0,8,0,0.815,0.855,1.0000000000000009,1.0,2026-07-09,2026-09-04,estimated,-0.030971288826769902,0.0042181133432985535,-0.7521694248308978,0.02576518488574969,0.01992849355732016,-0.07128047179517248,0.009337894141632677,-0.08308629434824419,0.021143716694704384,0.12823402044993915,0.23658862529956784,0.16865114309513074,-0.07538926536950194,0.009943455364239911,500.0,-0.02991867555136324,0.03398674434551919,2026-07-10,True,0.4626482306429177,0.9094769698122832,0.9094769698122832,pilot_observational,False,estimated,42,-0.030971288826769902,estimated,42,-0.030971288826769902,Latest 28 calendar days; shorter than full equity regression window,4133,28,0.264909557444741,passes_descriptive_tape_gate,,not_ready_for_sizing,conservative_q_not_below_10pct|block_interval_includes_zero_or_unavailable|fewer_than_10_meaningful_days|fewer_than_3_moves_exceeding_quote_noise_rule
house_dem,Democratic House victory,CONTROLH-2026-D,taxes_fiscal,sector_financials,Financials sector,sector,market_conditioned,0.1,True,True,42,43,1.0,8,0,0.815,0.855,1.0000000000000009,1.0,2026-07-09,2026-09-04,estimated,0.03592303448785018,0.000716134787822581,0.5687450380575676,0.029428382137351383,0.028640165558901344,-0.02200716833648913,0.0938532373121895,-0.023601486852742465,0.09544755582844283,0.21720283476384195,0.2295312814728832,0.35348285757944087,-0.014856177583940018,0.09351429340107625,500.0,0.041402738788869284,0.15254012861503766,2026-07-10,True,0.5709331656649559,0.9094769698122832,0.9094769698122832,pilot_observational,False,estimated,42,0.03592303448785018,estimated,42,0.03592303448785018,Latest 28 calendar days; shorter than full equity regression window,4133,28,0.264909557444741,passes_descriptive_tape_gate,,not_ready_for_sizing,conservative_q_not_below_10pct|block_interval_includes_zero_or_unavailable|fewer_than_10_meaningful_days|fewer_than_3_moves_exceeding_quote_noise_rule
house_dem,Democratic House victory,CONTROLH-2026-D,taxes_fiscal,sector_healthcare,Healthcare sector,sector,market_conditioned,0.1,True,True,42,43,1.0,8,0,0.815,0.855,1.0000000000000009,1.0,2026-07-09,2026-09-04,estimated,-0.01736446905647008,0.0015789244225273967,-0.15841407463900123,0.062379148001745634,0.053800564403450366,-0.1261863821681821,0.09145744405524195,-0.14353820531923023,0.10880926720629008,0.7486039006274222,0.7821991534866941,0.013828086117594007,-0.13262734094249654,0.064483450898277,500.0,-0.034396309425515206,0.9808442926562726,2026-07-10,True,0.8886652755835206,0.9915527907147141,0.9915527907147141,pilot_observational,False,estimated,42,-0.01736446905647008,estimated,42,-0.01736446905647008,Latest 28 calendar days; shorter than full equity regression window,4133,28,0.264909557444741,passes_descriptive_tape_gate,,not_ready_for_sizing,conservative_q_not_below_10pct|block_interval_includes_zero_or_unavailable|fewer_than_10_meaningful_days|fewer_than_3_moves_exceeding_quote_noise_rule
house_dem,Democratic House victory,CONTROLH-2026-D,taxes_fiscal,sector_staples,Consumer staples sector,sector,market_conditioned,0.1,True,True,42,43,1.0,8,0,0.815,0.855,1.0000000000000009,1.0,2026-07-09,2026-09-04,estimated,0.023646159293878564,0.00012276574025582657,-0.15740121816691663,0.043477828824634496,0.037419364079630035,-0.05204164866353883,0.09933396725129595,-0.06429605029262218,0.1115883688803793,0.5311242691095862,0.589628799699603,0.022512899368766326,-0.04084593800765125,0.09683314605270589,500.0,0.04562093356948905,0.9293168502547997,2026-07-10,True,0.784171318772089,0.9915527907147141,0.9915527907147141,pilot_observational,False,estimated,42,0.023646159293878564,estimated,42,0.023646159293878564,Latest 28 calendar days; shorter than full equity regression window,4133,28,0.264909557444741,passes_descriptive_tape_gate,,not_ready_for_sizing,conservative_q_not_below_10pct|block_interval_includes_zero_or_unavailable|fewer_than_10_meaningful_days|fewer_than_3_moves_exceeding_quote_noise_rule
house_dem,Democratic House victory,CONTROLH-2026-D,taxes_fiscal,cloud_platforms,Cloud platforms,theme,market_conditioned,0.1,True,True,42,43,1.0,8,0,0.815,0.855,1.0000000000000009,1.0,2026-07-09,2026-09-04,estimated,0.021923990899844256,0.0008973246629463624,1.7781828471094796,0.054328406134502565,0.050305980122164626,-0.0798294583168079,0.12367744011649642,-0.08796558288848354,0.13181356468817204,0.6653753732459153,0.6887510005878493,0.32151157738711156,-0.0971977579248847,0.11404496615258194,500.0,0.006816988665777494,0.6890626028390697,2026-07-10,True,0.8468918281353232,0.9915527907147141,0.9915527907147141,pilot_observational,False,estimated,42,0.021923990899844256,estimated,42,0.021923990899844256,Latest 28 calendar days; shorter than full equity regression window,4133,28,0.264909557444741,passes_descriptive_tape_gate,,not_ready_for_sizing,conservative_q_not_below_10pct|block_interval_includes_zero_or_unavailable|fewer_than_10_meaningful_days|fewer_than_3_moves_exceeding_quote_noise_rule
house_dem,Democratic House victory,CONTROLH-2026-D,taxes_fiscal,electrical_equipment,Electrical equipment,theme,market_conditioned,0.1,True,True,42,43,1.0,8,0,0.815,0.855,1.0000000000000009,1.0,2026-07-09,2026-09-04,estimated,0.008944536050830086,-0.002609001446021391,2.605280424628642,0.08694013195680712,0.07359222667257402,-0.1399097926250725,0.15779886472673268,-0.1669084794450015,0.1847975515466617,0.9038859553852772,0.9185841804590129,0.31867041911142624,-0.13045323040743828,0.1375789879959464,500.0,-0.012671538940215912,2.416679285343139,2026-07-10,False,0.9558334240855805,0.9915527907147141,0.9915527907147141,pilot_observational,False,estimated,42,0.008944536050830086,estimated,42,0.008944536050830086,Latest 28 calendar days; shorter than full equity regression window,4133,28,0.264909557444741,passes_descriptive_tape_gate,,not_ready_for_sizing,conservative_q_not_below_10pct|block_interval_includes_zero_or_unavailable|largest_move_removal_sign_unstable_or_unavailable|fewer_than_10_meaningful_days|fewer_than_3_moves_exceeding_quote_noise_rule
house_dem,Democratic House victory,CONTROLH-2026-D,taxes_fiscal,regulated_utilities,Regulated utilities,theme,market_conditioned,0.1,True,True,42,43,1.0,8,0,0.815,0.855,1.0000000000000009,1.0,2026-07-09,2026-09-04,estimated,0.042980847648690194,-0.001480891019470644,-0.18221584123891119,0.02861810400153214,0.02509435560797513,-0.007777277583734671,0.09373897288111506,-0.01490473146387656,0.10086642676125696,0.09469587230645594,0.1411832687418425,0.05645174473669856,-0.0013759993387651526,0.09228352198989201,500.0,0.06395977885767036,0.48809952238388393,2026-07-10,True,0.3788025605429987,0.9094769698122832,0.9094769698122832,pilot_observational,False,estimated,42,0.042980847648690194,estimated,42,0.042980847648690194,Latest 28 calendar days; shorter than full equity regression window,4133,28,0.264909557444741,passes_descriptive_tape_gate,,not_ready_for_sizing,conservative_q_not_below_10pct|block_interval_includes_zero_or_unavailable|fewer_than_10_meaningful_days|fewer_than_3_moves_exceeding_quote_noise_rule
house_dem,Democratic House victory,CONTROLH-2026-D,taxes_fiscal,power_generators,Power generators,theme,market_conditioned,0.1,True,True,42,43,1.0,8,0,0.815,0.855,1.0000000000000009,1.0,2026-07-09,2026-09-04,estimated,-0.02272670729510448,0.0019435034906182176,0.5615608181534276,0.045958421598222006,0.03719571497010253,-0.09796214222940629,0.052508727639197325,-0.1156863893610495,0.07023297477084053,0.5447422862713829,0.6237232090930571,0.033631774860673924,-0.10135430147933057,0.06377337666174608,500.0,-0.026775130042945933,0.1781350327292469,2026-07-10,True,0.784171318772089,0.9915527907147141,0.9915527907147141,pilot_observational,False,estimated,42,-0.02272670729510448,estimated,42,-0.02272670729510448,Latest 28 calendar days; shorter than full equity regression window,4133,28,0.264909557444741,passes_descriptive_tape_gate,,not_ready_for_sizing,conservative_q_not_below_10pct|block_interval_includes_zero_or_unavailable|fewer_than_10_meaningful_days|fewer_than_3_moves_exceeding_quote_noise_rule
house_dem,Democratic House victory,CONTROLH-2026-D,taxes_fiscal,data_center_reits,Data-center REITs,theme,market_conditioned,0.1,True,True,42,43,1.0,8,0,0.815,0.855,1.0000000000000009,1.0,2026-07-09,2026-09-04,estimated,0.14841744964645653,-0.0002494877811940312,1.0294275229736765,0.10989993683268051,0.09690885305430479,-0.04759920749766247,0.3444341067905755,-0.0738761546976199,0.37071105399053295,0.13371421297131184,0.18464755641111563,0.2308133507940553,0.002943569700769634,0.37241077320992805,500.0,0.18231195813792486,0.22837279964187526,2026-07-10,True,0.4731425997446419,0.9094769698122832,0.9094769698122832,pilot_observational,True,estimated,42,0.14841744964645653,estimated,42,0.14841744964645653,Latest 28 calendar days; shorter than full equity regression window,4133,28,0.264909557444741,passes_descriptive_tape_gate,,not_ready_for_sizing,conservative_q_not_below_10pct|fewer_than_10_meaningful_days|fewer_than_3_moves_exceeding_quote_noise_rule
house_dem,Democratic House victory,CONTROLH-2026-D,taxes_fiscal,integrated_energy,Integrated energy,theme,market_conditioned,0.1,True,True,42,43,1.0,8,0,0.815,0.855,1.0000000000000009,1.0,2026-07-09,2026-09-04,estimated,-0.04494520242045891,0.004818984950792172,-1.019397709676924,0.030612516504121393,0.024058408165153155,-0.09360792616665246,0.003717521325734649,-0.10686486159282074,0.01697445675190292,0.0692646086509108,0.15007050712832878,0.25449762148607324,-0.0913025770569191,0.0023831488069925343,500.0,-0.03394627349045055,0.24471864265098256,2026-07-10,True,0.33217270570691554,0.9094769698122832,0.9094769698122832,pilot_observational,False,estimated,42,-0.04494520242045891,estimated,42,-0.04494520242045891,Latest 28 calendar days; shorter than full equity regression window,4133,28,0.264909557444741,passes_descriptive_tape_gate,,not_ready_for_sizing,conservative_q_not_below_10pct|block_interval_includes_zero_or_unavailable|fewer_than_10_meaningful_days|fewer_than_3_moves_exceeding_quote_noise_rule
house_dem,Democratic House victory,CONTROLH-2026-D,taxes_fiscal,homebuilders,Homebuilders,theme,market_conditioned,0.1,True,True,42,43,1.0,8,0,0.815,0.855,1.0000000000000009,1.0,2026-07-09,2026-09-04,estimated,0.024028178492284148,-0.0012668815229152682,1.2435892876431878,0.11172011250385357,0.09310174526171468,-0.16428787628816166,0.21234423327272994,-0.20194707865474587,0.25000343563931415,0.7976982873612593,0.8308297810536386,0.18898743921795258,-0.14535881365654665,0.20932051581438887,500.0,0.03597778254047169,0.4973162677322694,2026-07-10,True,0.917353030465448,0.9915527907147141,0.9915527907147141,pilot_observational,False,estimated,42,0.024028178492284148,estimated,42,0.024028178492284148,Latest 28 calendar days; shorter than full equity regression window,4133,28,0.264909557444741,passes_descriptive_tape_gate,,not_ready_for_sizing,conservative_q_not_below_10pct|block_interval_includes_zero_or_unavailable|fewer_than_10_meaningful_days|fewer_than_3_moves_exceeding_quote_noise_rule
house_dem,Democratic House victory,CONTROLH-2026-D,taxes_fiscal,machinery_distribution,Machinery and distribution,theme,market_conditioned,0.1,True,True,42,43,1.0,8,0,0.815,0.855,1.0000000000000009,1.0,2026-07-09,2026-09-04,estimated,0.030810638849662144,3.222198331828788e-05,0.7235401583763776,0.04108010115730355,0.03451343448437839,-0.03899937170117364,0.10062064940049793,-0.052281708755407386,0.11390298645473168,0.377485653667138,0.4577474031035076,0.16013958308857923,-0.0463603044648106,0.09535791770357874,500.0,0.03477471072062725,0.1286591910770645,2026-07-10,True,0.694677176552132,0.9915527907147141,0.9915527907147141,pilot_observational,False,estimated,42,0.030810638849662144,estimated,42,0.030810638849662144,Latest 28 calendar days; shorter than full equity regression window,4133,28,0.264909557444741,passes_descriptive_tape_gate,,not_ready_for_sizing,conservative_q_not_below_10pct|block_interval_includes_zero_or_unavailable|fewer_than_10_meaningful_days|fewer_than_3_moves_exceeding_quote_noise_rule
house_dem,Democratic House victory,CONTROLH-2026-D,taxes_fiscal,managed_care,Managed care (UNH only),single_company_proxy,market_conditioned,0.1,True,True,42,43,1.0,8,0,0.815,0.855,1.0000000000000009,1.0,2026-07-09,2026-09-04,estimated,0.08959560421044124,-0.0021455939590979646,0.20951619000130858,0.040605134034729665,0.03694706169556357,0.014863117996786801,0.16432809042409569,0.007463968291517908,0.17172724012936458,0.020041487985685582,0.03330442022391739,0.08548916541517537,-0.002883211247055849,0.15440323663447955,500.0,0.07992315154603682,0.10795677700533009,2026-07-10,True,0.15365140789025614,0.4713856400923693,0.4713856400923693,pilot_observational,False,estimated,42,0.08959560421044124,estimated,42,0.08959560421044124,Latest 28 calendar days; shorter than full equity regression window,4133,28,0.264909557444741,passes_descriptive_tape_gate,,not_ready_for_sizing,conservative_q_not_below_10pct|block_interval_includes_zero_or_unavailable|fewer_than_10_meaningful_days|fewer_than_3_moves_exceeding_quote_noise_rule
house_dem,Democratic House victory,CONTROLH-2026-D,taxes_fiscal,hospitals,Hospitals (HCA only),single_company_proxy,market_conditioned,0.1,True,True,42,43,1.0,8,0,0.815,0.855,1.0000000000000009,1.0,2026-07-09,2026-09-04,estimated,0.08907748993859141,-0.0007137661905844815,0.3140725729951164,0.02820004544706669,0.021020334183845024,0.04655985084878974,0.13159512902839307,0.03203751406818562,0.1461174658089972,0.00013368341420532163,0.0030564874056185267,0.03208890262233344,0.0371435273507306,0.13006326072947863,500.0,0.09277356519148124,0.0414928087380756,2026-07-10,True,0.00409962470229653,0.14059842065845224,0.14059842065845224,pilot_observational,True,estimated,42,0.08907748993859141,estimated,42,0.08907748993859141,Latest 28 calendar days; shorter than full equity regression window,4133,28,0.264909557444741,passes_descriptive_tape_gate,,not_ready_for_sizing,conservative_q_not_below_10pct|fewer_than_10_meaningful_days|fewer_than_3_moves_exceeding_quote_noise_rule
house_dem,Democratic House victory,CONTROLH-2026-D,taxes_fiscal,generators_minus_regulated,Generators minus regulated utilities,relative_return_contrast,market_conditioned,0.1,True,True,42,43,1.0,8,0,0.815,0.855,1.0000000000000009,1.0,2026-07-09,2026-09-04,estimated,-0.06570755494379465,0.0034243945100888608,0.7437766593923387,0.0542930235569052,0.04547945943600397,-0.15769844459318005,0.026283334705590758,-0.17552556071368874,0.04411045082609945,0.15650845746638747,0.23347125711679284,0.06486009818712624,-0.16060582026140008,0.022052755210815567,500.0,-0.0907349089006163,0.38089005104861545,2026-07-10,True,0.5052202837511455,0.9094769698122832,0.9094769698122832,pilot_observational,False,estimated,42,-0.06570755494379465,estimated,42,-0.06570755494379465,Latest 28 calendar days; shorter than full equity regression window,4133,28,0.264909557444741,passes_descriptive_tape_gate,,not_ready_for_sizing,conservative_q_not_below_10pct|block_interval_includes_zero_or_unavailable|fewer_than_10_meaningful_days|fewer_than_3_moves_exceeding_quote_noise_rule
house_dem,Democratic House victory,CONTROLH-2026-D,taxes_fiscal,equipment_minus_generators,Equipment minus generators,relative_return_contrast,market_conditioned,0.1,True,True,42,43,1.0,8,0,0.815,0.855,1.0000000000000009,1.0,2026-07-09,2026-09-04,estimated,0.03167124334593457,-0.0045525049366396085,2.0437196064752143,0.09513234368082371,0.07645304498802302,-0.12296963656050158,0.18631212325237073,-0.16075208441908406,0.2240945711109532,0.6809552237025798,0.7409794757485608,0.2567787913723091,-0.1333977648311287,0.18269032467049304,500.0,0.014103591102730038,0.5546877983702391,2026-07-10,True,0.8468918281353232,0.9915527907147141,0.9915527907147141,pilot_observational,False,estimated,42,0.03167124334593457,estimated,42,0.03167124334593457,Latest 28 calendar days; shorter than full equity regression window,4133,28,0.264909557444741,passes_descriptive_tape_gate,,not_ready_for_sizing,conservative_q_not_below_10pct|block_interval_includes_zero_or_unavailable|fewer_than_10_meaningful_days|fewer_than_3_moves_exceeding_quote_noise_rule
house_dem,Democratic House victory,CONTROLH-2026-D,taxes_fiscal,hospitals_minus_managed_care,Hospitals minus managed care,relative_return_contrast,market_conditioned,0.1,True,True,42,43,1.0,8,0,0.815,0.855,1.0000000000000009,1.0,2026-07-09,2026-09-04,estimated,-0.000518114271849832,0.0014318277685134843,0.10455638299380784,0.0486250767568149,0.03918937026410296,-0.07978609766700953,0.07874986912330986,-0.09887161551394988,0.09783538697025021,0.9895190482419287,0.9915527907147141,0.0009163005627408349,-0.07981476754594782,0.08977683747153531,500.0,0.012850413645444382,25.802276917723837,2026-07-10,False,0.9895190482419288,0.9915527907147141,0.9915527907147141,pilot_observational,False,estimated,42,-0.000518114271849832,estimated,42,-0.000518114271849832,Latest 28 calendar days; shorter than full equity regression window,4133,28,0.264909557444741,passes_descriptive_tape_gate,,not_ready_for_sizing,conservative_q_not_below_10pct|block_interval_includes_zero_or_unavailable|largest_move_removal_sign_unstable_or_unavailable|fewer_than_10_meaningful_days|fewer_than_3_moves_exceeding_quote_noise_rule
senate_dem,Democratic Senate victory,CONTROLS-2026-D,taxes_fiscal,sector_technology,Technology sector,sector,market_conditioned,0.1,True,True,42,43,1.0,19,1,0.435,0.495,2.9999999999999973,1.0,2026-07-09,2026-09-04,estimated,0.027453375858037303,-0.000889243458445774,1.92124774497597,0.02244932808731249,0.0182535649703708,-0.0094679442658328,0.0643746959819074,-0.017954676225095896,0.07286142794117051,0.1406370136407564,0.22870446211311393,0.6339352475866433,-0.011859288609279532,0.06926766526872756,500.0,0.031240586291758406,0.1379506277590394,2026-08-11,True,0.4882492549037581,0.9094769698122832,0.9094769698122832,pilot_observational,False,estimated,42,0.027453375858037303,estimated,42,0.027453375858037303,Latest 28 calendar days; shorter than full equity regression window,3124,28,0.2567762185281578,passes_descriptive_tape_gate,,not_ready_for_sizing,conservative_q_not_below_10pct|block_interval_includes_zero_or_unavailable|fewer_than_3_moves_exceeding_quote_noise_rule
senate_dem,Democratic Senate victory,CONTROLS-2026-D,taxes_fiscal,sector_consumer_discretionary,Consumer discretionary sector,sector,market_conditioned,0.1,True,True,42,43,1.0,19,1,0.435,0.495,2.9999999999999973,1.0,2026-07-09,2026-09-04,estimated,-0.007379254851533818,-0.0008433477946157802,1.1421276129449331,0.016529387433949355,0.012551209883176791,-0.03276647311771117,0.018007963414643533,-0.04081309672795291,0.02605458702488528,0.5599673711363017,0.6577539880922487,0.38236131223296854,-0.041268110376615555,0.020714348681433115,500.0,-0.01220681527664812,0.6542070333986185,2026-08-11,True,0.784171318772089,0.9915527907147141,0.9915527907147141,pilot_observational,False,estimated,42,-0.007379254851533818,estimated,42,-0.007379254851533818,Latest 28 calendar days; shorter than full equity regression window,3124,28,0.2567762185281578,passes_descriptive_tape_gate,,not_ready_for_sizing,conservative_q_not_below_10pct|block_interval_includes_zero_or_unavailable|fewer_than_3_moves_exceeding_quote_noise_rule
senate_dem,Democratic Senate victory,CONTROLS-2026-D,taxes_fiscal,sector_communications,Communication services sector,sector,market_conditioned,0.1,True,True,42,43,1.0,19,1,0.435,0.495,2.9999999999999973,1.0,2026-07-09,2026-09-04,estimated,-0.022263106504302844,0.00023534088748189275,0.7594710422359895,0.018344615972290354,0.012952931449692964,-0.0484628833354554,0.003936670326849714,-0.059368594663015875,0.014842381654410191,0.09358606753006532,0.23219763979048436,0.18350566447396766,-0.053362471281277635,0.002787856735860105,500.0,-0.028252626894784822,0.26903345179273924,2026-08-11,True,0.3788025605429987,0.9094769698122832,0.9094769698122832,pilot_observational,False,estimated,42,-0.022263106504302844,estimated,42,-0.022263106504302844,Latest 28 calendar days; shorter than full equity regression window,3124,28,0.2567762185281578,passes_descriptive_tape_gate,,not_ready_for_sizing,conservative_q_not_below_10pct|block_interval_includes_zero_or_unavailable|fewer_than_3_moves_exceeding_quote_noise_rule
senate_dem,Democratic Senate victory,CONTROLS-2026-D,taxes_fiscal,sector_industrials,Industrials sector,sector,market_conditioned,0.1,True,True,42,43,1.0,19,1,0.435,0.495,2.9999999999999973,1.0,2026-07-09,2026-09-04,estimated,-0.005710858866357116,-0.001228578643525747,0.7928078344230625,0.021427203598982016,0.015985600221847626,-0.03804478728642594,0.026623069553711708,-0.04905146902779704,0.03762975129508281,0.7228305049933929,0.791240025141054,0.3571179195885119,-0.04841684130244445,0.014324646299795712,500.0,-0.023440453070649257,3.104540773847143,2026-08-11,True,0.863641642329768,0.9915527907147141,0.9915527907147141,pilot_observational,False,estimated,42,-0.005710858866357116,estimated,42,-0.005710858866357116,Latest 28 calendar days; shorter than full equity regression window,3124,28,0.2567762185281578,passes_descriptive_tape_gate,,not_ready_for_sizing,conservative_q_not_below_10pct|block_interval_includes_zero_or_unavailable|fewer_than_3_moves_exceeding_quote_noise_rule
senate_dem,Democratic Senate victory,CONTROLS-2026-D,taxes_fiscal,sector_utilities,Utilities sector,sector,market_conditioned,0.1,True,True,42,43,1.0,19,1,0.435,0.495,2.9999999999999973,1.0,2026-07-09,2026-09-04,estimated,0.01705300967302822,-0.0012961010355953314,-0.07256464455566825,0.016545014294147394,0.016193383286465222,-0.015701199665180025,0.04980721901123647,-0.01641244051162213,0.05051845985767857,0.29878308431904793,0.3090296335872636,0.029922241283670825,-0.023190239282812965,0.04223172714623919,500.0,0.0053594521585000575,0.68571810716927,2026-08-11,True,0.6319090518931588,0.9174737754878881,0.9174737754878881,pilot_observational,False,estimated,42,0.01705300967302822,estimated,42,0.01705300967302822,Latest 28 calendar days; shorter than full equity regression window,3124,28,0.2567762185281578,passes_descriptive_tape_gate,,not_ready_for_sizing,conservative_q_not_below_10pct|block_interval_includes_zero_or_unavailable|fewer_than_3_moves_exceeding_quote_noise_rule
senate_dem,Democratic Senate victory,CONTROLS-2026-D,taxes_fiscal,sector_real_estate,Real estate sector,sector,market_conditioned,0.1,True,True,42,43,1.0,19,1,0.435,0.495,2.9999999999999973,1.0,2026-07-09,2026-09-04,estimated,-0.018955241214825447,4.456914927033733e-05,0.05933576844475284,0.012497008482012776,0.011587101847998403,-0.04239236691231299,0.004481884482662096,-0.04423282679901507,0.006322344369364179,0.10990863958830607,0.13738635591023907,0.04068332362234428,-0.048912642503223185,-0.0019820578589908873,500.0,-0.016822196865713228,0.11253058322697064,2026-08-11,True,0.4213164517551733,0.9094769698122832,0.9094769698122832,pilot_observational,True,estimated,42,-0.018955241214825447,estimated,42,-0.018955241214825447,Latest 28 calendar days; shorter than full equity regression window,3124,28,0.2567762185281578,passes_descriptive_tape_gate,,not_ready_for_sizing,conservative_q_not_below_10pct|fewer_than_3_moves_exceeding_quote_noise_rule
senate_dem,Democratic Senate victory,CONTROLS-2026-D,taxes_fiscal,sector_energy,Energy sector,sector,market_conditioned,0.1,True,True,42,43,1.0,19,1,0.435,0.495,2.9999999999999973,1.0,2026-07-09,2026-09-04,estimated,0.013075103452810077,0.003953703627621516,-0.7616097452403936,0.024810086112813892,0.02362101302432408,-0.034702905113560306,0.060853112019180464,-0.03710803245290872,0.06325823935852887,0.5830555502281736,0.6011734244167244,0.16514300977704965,-0.027084171533188064,0.07478888233550056,500.0,0.00973686312634491,0.2553127276211125,2026-08-11,True,0.8066332424209318,0.9915527907147141,0.9915527907147141,pilot_observational,False,estimated,42,0.013075103452810077,estimated,42,0.013075103452810077,Latest 28 calendar days; shorter than full equity regression window,3124,28,0.2567762185281578,passes_descriptive_tape_gate,,not_ready_for_sizing,conservative_q_not_below_10pct|block_interval_includes_zero_or_unavailable|fewer_than_3_moves_exceeding_quote_noise_rule
senate_dem,Democratic Senate victory,CONTROLS-2026-D,taxes_fiscal,sector_financials,Financials sector,sector,market_conditioned,0.1,True,True,42,43,1.0,19,1,0.435,0.495,2.9999999999999973,1.0,2026-07-09,2026-09-04,estimated,-0.01426102278359484,0.001015491292826515,0.5780951747892872,0.01334304091115053,0.011867630210543385,-0.0382655706528149,0.009743525085625218,-0.04124987048025805,0.012727824913068366,0.23673634270931526,0.2917314082563865,0.3336191403283927,-0.047824955037579525,0.007129918957235913,500.0,-0.021916396116273173,0.5368039479948582,2026-08-11,True,0.588641717006946,0.9174737754878881,0.9174737754878881,pilot_observational,False,estimated,42,-0.01426102278359484,estimated,42,-0.01426102278359484,Latest 28 calendar days; shorter than full equity regression window,3124,28,0.2567762185281578,passes_descriptive_tape_gate,,not_ready_for_sizing,conservative_q_not_below_10pct|block_interval_includes_zero_or_unavailable|fewer_than_3_moves_exceeding_quote_noise_rule
senate_dem,Democratic Senate victory,CONTROLS-2026-D,taxes_fiscal,sector_healthcare,Healthcare sector,sector,market_conditioned,0.1,True,True,42,43,1.0,19,1,0.435,0.495,2.9999999999999973,1.0,2026-07-09,2026-09-04,estimated,-0.03304824536718444,0.0017577780375105006,-0.0923047647218003,0.029160652081493772,0.02493710533890466,-0.08348830190818712,0.017391811173818245,-0.09203123155477297,0.025934740820404083,0.19279552823478674,0.26400049436364276,0.06959677467435221,-0.10381817122193414,0.014523749324251906,500.0,-0.04128031229690988,0.24909240530813614,2026-08-11,True,0.5709331656649559,0.9174737754878881,0.9174737754878881,pilot_observational,False,estimated,42,-0.03304824536718444,estimated,42,-0.03304824536718444,Latest 28 calendar days; shorter than full equity regression window,3124,28,0.2567762185281578,passes_descriptive_tape_gate,,not_ready_for_sizing,conservative_q_not_below_10pct|block_interval_includes_zero_or_unavailable|fewer_than_3_moves_exceeding_quote_noise_rule
senate_dem,Democratic Senate victory,CONTROLS-2026-D,taxes_fiscal,sector_staples,Consumer staples sector,sector,market_conditioned,0.1,True,True,42,43,1.0,19,1,0.435,0.495,2.9999999999999973,1.0,2026-07-09,2026-09-04,estimated,-0.02506703090709831,0.00044683308599579143,-0.12351997373174634,0.023433357064240608,0.019953953266152714,-0.06542771099738327,0.015293649183186653,-0.07246546946691707,0.02233140765272045,0.2165008627800329,0.2913234232303065,0.05223514578640254,-0.08268217822815352,0.0022894029930342376,500.0,-0.030677248862200746,0.22380863437295928,2026-08-11,True,0.5709331656649559,0.9174737754878881,0.9174737754878881,pilot_observational,False,estimated,42,-0.02506703090709831,estimated,42,-0.02506703090709831,Latest 28 calendar days; shorter than full equity regression window,3124,28,0.2567762185281578,passes_descriptive_tape_gate,,not_ready_for_sizing,conservative_q_not_below_10pct|block_interval_includes_zero_or_unavailable|fewer_than_3_moves_exceeding_quote_noise_rule
senate_dem,Democratic Senate victory,CONTROLS-2026-D,taxes_fiscal,cloud_platforms,Cloud platforms,theme,market_conditioned,0.1,True,True,42,43,1.0,19,1,0.435,0.495,2.9999999999999973,1.0,2026-07-09,2026-09-04,estimated,0.024593749916601106,0.0008102913187758941,1.7250096276818352,0.04729562536941645,0.049058989392701806,-0.07463742247419661,0.1238249223073988,-0.07107068207557782,0.12025818190878004,0.618971209419198,0.606002549012247,0.32804607770419325,-0.03537605435250309,0.18060745177688667,500.0,0.06169495720780038,1.5085624362698538,2026-08-11,True,0.8309243098507223,0.9915527907147141,0.9915527907147141,pilot_observational,False,estimated,42,0.024593749916601106,estimated,42,0.024593749916601106,Latest 28 calendar days; shorter than full equity regression window,3124,28,0.2567762185281578,passes_descriptive_tape_gate,,not_ready_for_sizing,conservative_q_not_below_10pct|block_interval_includes_zero_or_unavailable|fewer_than_3_moves_exceeding_quote_noise_rule
senate_dem,Democratic Senate victory,CONTROLS-2026-D,taxes_fiscal,electrical_equipment,Electrical equipment,theme,market_conditioned,0.1,True,True,42,43,1.0,19,1,0.435,0.495,2.9999999999999973,1.0,2026-07-09,2026-09-04,estimated,0.03264915717052658,-0.0028277102170792155,2.543596007074369,0.08250078575029982,0.05027418444777933,-0.06903997922425001,0.13433829356530316,-0.13422443306250303,0.1995227474035562,0.5198724034441917,0.6944508734980481,0.3252952855855814,-0.07929877004207575,0.10133514622274557,500.0,-0.02773237210062558,1.8494054519012353,2026-08-11,False,0.784171318772089,0.9915527907147141,0.9915527907147141,pilot_observational,False,estimated,42,0.03264915717052658,estimated,42,0.03264915717052658,Latest 28 calendar days; shorter than full equity regression window,3124,28,0.2567762185281578,passes_descriptive_tape_gate,,not_ready_for_sizing,conservative_q_not_below_10pct|block_interval_includes_zero_or_unavailable|largest_move_removal_sign_unstable_or_unavailable|fewer_than_3_moves_exceeding_quote_noise_rule
senate_dem,Democratic Senate victory,CONTROLS-2026-D,taxes_fiscal,regulated_utilities,Regulated utilities,theme,market_conditioned,0.1,True,True,42,43,1.0,19,1,0.435,0.495,2.9999999999999973,1.0,2026-07-09,2026-09-04,estimated,0.020051315043863323,-0.0014233713241471988,-0.23665773670406803,0.01795613591721922,0.020471155595768266,-0.021355505502356875,0.06145813559008352,-0.016268398034841945,0.05637102812256859,0.3333746610816229,0.27096255318404294,0.04943302129661353,-0.034356512419139576,0.05265336257418857,500.0,0.010878812277822204,0.45745143128895926,2026-08-11,True,0.6781879880476129,0.9174737754878881,0.9174737754878881,pilot_observational,False,estimated,42,0.020051315043863323,estimated,42,0.020051315043863323,Latest 28 calendar days; shorter than full equity regression window,3124,28,0.2567762185281578,passes_descriptive_tape_gate,,not_ready_for_sizing,conservative_q_not_below_10pct|block_interval_includes_zero_or_unavailable|fewer_than_3_moves_exceeding_quote_noise_rule
senate_dem,Democratic Senate victory,CONTROLS-2026-D,taxes_fiscal,power_generators,Power generators,theme,market_conditioned,0.1,True,True,42,43,1.0,19,1,0.435,0.495,2.9999999999999973,1.0,2026-07-09,2026-09-04,estimated,0.05598956585731587,0.0013736467835234437,0.4725931176557734,0.035682909849265386,0.024957844012825463,0.005507561388879971,0.10647157032575177,-0.016185931895283535,0.12816506360991528,0.030626504772435493,0.1247067404476441,0.07290328208354147,0.006503344485838313,0.11230918044617423,500.0,0.047963971338832484,0.14334089567573816,2026-08-11,True,0.20871395844919002,0.9094769698122832,0.9094769698122832,pilot_observational,True,estimated,42,0.05598956585731587,estimated,42,0.05598956585731587,Latest 28 calendar days; shorter than full equity regression window,3124,28,0.2567762185281578,passes_descriptive_tape_gate,,not_ready_for_sizing,conservative_q_not_below_10pct|fewer_than_3_moves_exceeding_quote_noise_rule
senate_dem,Democratic Senate victory,CONTROLS-2026-D,taxes_fiscal,data_center_reits,Data-center REITs,theme,market_conditioned,0.1,True,True,42,43,1.0,19,1,0.435,0.495,2.9999999999999973,1.0,2026-07-09,2026-09-04,estimated,-0.025284555935872487,0.0007148446358907065,1.0085804526386772,0.02520685492741067,0.019859483955896668,-0.0654541538100804,0.014885041938335435,-0.07627023252022994,0.025701120648484958,0.21049365494009425,0.32200437114865177,0.13502163003723755,-0.07591289475610516,0.002251828684999654,500.0,-0.030790439092760833,0.2177567670499156,2026-08-11,True,0.5709331656649559,0.9174737754878881,0.9174737754878881,pilot_observational,False,estimated,42,-0.025284555935872487,estimated,42,-0.025284555935872487,Latest 28 calendar days; shorter than full equity regression window,3124,28,0.2567762185281578,passes_descriptive_tape_gate,,not_ready_for_sizing,conservative_q_not_below_10pct|block_interval_includes_zero_or_unavailable|fewer_than_3_moves_exceeding_quote_noise_rule
senate_dem,Democratic Senate victory,CONTROLS-2026-D,taxes_fiscal,integrated_energy,Integrated energy,theme,market_conditioned,0.1,True,True,42,43,1.0,19,1,0.435,0.495,2.9999999999999973,1.0,2026-07-09,2026-09-04,estimated,0.0062940287056716115,0.004537996847324719,-1.0106746106094169,0.025579717575817274,0.027941779079570087,-0.05022355412824792,0.06281161153959114,-0.045445833772038736,0.05803389118338196,0.8229570046835192,0.8069297301459993,0.23822436411311743,-0.03716603536766248,0.07067689927206494,500.0,0.014256527854877894,1.2650878350826706,2026-08-11,True,0.9233176150107776,0.9915527907147141,0.9915527907147141,pilot_observational,False,estimated,42,0.0062940287056716115,estimated,42,0.0062940287056716115,Latest 28 calendar days; shorter than full equity regression window,3124,28,0.2567762185281578,passes_descriptive_tape_gate,,not_ready_for_sizing,conservative_q_not_below_10pct|block_interval_includes_zero_or_unavailable|fewer_than_3_moves_exceeding_quote_noise_rule
senate_dem,Democratic Senate victory,CONTROLS-2026-D,taxes_fiscal,homebuilders,Homebuilders,theme,market_conditioned,0.1,True,True,42,43,1.0,19,1,0.435,0.495,2.9999999999999973,1.0,2026-07-09,2026-09-04,estimated,-0.00441268384041331,-0.001108174156285213,1.2407787046491332,0.058634994261702406,0.05076682052646203,-0.10709827075842392,0.0982729030775973,-0.12301315432996635,0.11418778664913973,0.9311793592838564,0.9403950843203999,0.18671769272398597,-0.14961422717221154,0.0629672000394612,500.0,-0.05382635248933792,11.198098580363357,2026-08-11,True,0.9733581796064962,0.9915527907147141,0.9915527907147141,pilot_observational,False,estimated,42,-0.00441268384041331,estimated,42,-0.00441268384041331,Latest 28 calendar days; shorter than full equity regression window,3124,28,0.2567762185281578,passes_descriptive_tape_gate,,not_ready_for_sizing,conservative_q_not_below_10pct|block_interval_includes_zero_or_unavailable|fewer_than_3_moves_exceeding_quote_noise_rule
senate_dem,Democratic Senate victory,CONTROLS-2026-D,taxes_fiscal,machinery_distribution,Machinery and distribution,theme,market_conditioned,0.1,True,True,42,43,1.0,19,1,0.435,0.495,2.9999999999999973,1.0,2026-07-09,2026-09-04,estimated,-0.039578087438760845,0.0005105026338967922,0.7799166703321917,0.040891339811353296,0.035573910283967315,-0.11153311276034389,0.0323769378828222,-0.12228862918332287,0.04313245430580118,0.27270867231036533,0.3390663952890021,0.21256249349922296,-0.12094446800677235,0.010685343437100977,500.0,-0.07426961014835382,0.8765335809435245,2026-08-11,True,0.6194863667297188,0.9174737754878881,0.9174737754878881,pilot_observational,False,estimated,42,-0.039578087438760845,estimated,42,-0.039578087438760845,Latest 28 calendar days; shorter than full equity regression window,3124,28,0.2567762185281578,passes_descriptive_tape_gate,,not_ready_for_sizing,conservative_q_not_below_10pct|block_interval_includes_zero_or_unavailable|fewer_than_3_moves_exceeding_quote_noise_rule
senate_dem,Democratic Senate victory,CONTROLS-2026-D,taxes_fiscal,managed_care,Managed care (UNH only),single_company_proxy,market_conditioned,0.1,True,True,42,43,1.0,19,1,0.435,0.495,2.9999999999999973,1.0,2026-07-09,2026-09-04,estimated,-0.05280868985946777,-0.001259310597212358,0.2633223591767729,0.021963024298130546,0.021389819123021573,-0.09607368278083217,-0.009543696938103356,-0.09723309968384317,-0.00838428003509236,0.01804064708076408,0.02104487924026968,0.10720569459705931,-0.11293704051595145,-0.016173198468225188,500.0,-0.05578352128297064,0.056332233036255404,2026-08-11,True,0.14432517664611264,0.40282059884503013,0.40282059884503013,pilot_observational,True,estimated,42,-0.05280868985946777,estimated,42,-0.05280868985946777,Latest 28 calendar days; shorter than full equity regression window,3124,28,0.2567762185281578,passes_descriptive_tape_gate,,not_ready_for_sizing,conservative_q_not_below_10pct|fewer_than_3_moves_exceeding_quote_noise_rule
senate_dem,Democratic Senate victory,CONTROLS-2026-D,taxes_fiscal,hospitals,Hospitals (HCA only),single_company_proxy,market_conditioned,0.1,True,True,42,43,1.0,19,1,0.435,0.495,2.9999999999999973,1.0,2026-07-09,2026-09-04,estimated,-0.0712599310204192,0.0003193339726064389,0.4007349319119069,0.05335564823875701,0.05626744135843646,-0.18507157374982955,0.042551711708991136,-0.1791819162456284,0.03666205420478999,0.2128638872658058,0.1894341688538155,0.06662884116094492,-0.22321760239275862,0.0064861802344750525,500.0,-0.09619942787805669,0.34997924500503913,2026-08-11,True,0.5709331656649559,0.9094769698122832,0.9094769698122832,pilot_observational,False,estimated,42,-0.0712599310204192,estimated,42,-0.0712599310204192,Latest 28 calendar days; shorter than full equity regression window,3124,28,0.2567762185281578,passes_descriptive_tape_gate,,not_ready_for_sizing,conservative_q_not_below_10pct|block_interval_includes_zero_or_unavailable|fewer_than_3_moves_exceeding_quote_noise_rule
senate_dem,Democratic Senate victory,CONTROLS-2026-D,taxes_fiscal,generators_minus_regulated,Generators minus regulated utilities,relative_return_contrast,market_conditioned,0.1,True,True,42,43,1.0,19,1,0.435,0.495,2.9999999999999973,1.0,2026-07-09,2026-09-04,estimated,0.03593825081345249,0.0027970181076706416,0.7092508543598415,0.036500311550231763,0.030815586443650286,-0.02639215608172684,0.09826865770863183,-0.03789059793771421,0.10976709956461919,0.2506014397361696,0.33088919365402575,0.06623533990687391,-0.006694454256355862,0.1285831889813548,500.0,0.0370851590610103,0.03191330188859654,2026-08-11,True,0.6013057054393637,0.9174737754878881,0.9174737754878881,pilot_observational,False,estimated,42,0.03593825081345249,estimated,42,0.03593825081345249,Latest 28 calendar days; shorter than full equity regression window,3124,28,0.2567762185281578,passes_descriptive_tape_gate,,not_ready_for_sizing,conservative_q_not_below_10pct|block_interval_includes_zero_or_unavailable|fewer_than_3_moves_exceeding_quote_noise_rule
senate_dem,Democratic Senate victory,CONTROLS-2026-D,taxes_fiscal,equipment_minus_generators,Equipment minus generators,relative_return_contrast,market_conditioned,0.1,True,True,42,43,1.0,19,1,0.435,0.495,2.9999999999999973,1.0,2026-07-09,2026-09-04,estimated,-0.023340408686789268,-0.004201357000602657,2.0710028894185957,0.07264718958774277,0.05445261164889612,-0.1334812118412994,0.08680039446772086,-0.1702832194321057,0.12360240205852716,0.6705456520694955,0.7497104207863364,0.25904613666094456,-0.1471996893989241,0.046926845975697386,500.0,-0.07569634343945808,2.243145587347937,2026-08-11,True,0.8468918281353232,0.9915527907147141,0.9915527907147141,pilot_observational,False,estimated,42,-0.023340408686789268,estimated,42,-0.023340408686789268,Latest 28 calendar days; shorter than full equity regression window,3124,28,0.2567762185281578,passes_descriptive_tape_gate,,not_ready_for_sizing,conservative_q_not_below_10pct|block_interval_includes_zero_or_unavailable|fewer_than_3_moves_exceeding_quote_noise_rule
senate_dem,Democratic Senate victory,CONTROLS-2026-D,taxes_fiscal,hospitals_minus_managed_care,Hospitals minus managed care,relative_return_contrast,market_conditioned,0.1,True,True,42,43,1.0,19,1,0.435,0.495,2.9999999999999973,1.0,2026-07-09,2026-09-04,estimated,-0.01845124116095146,0.0015786445698187978,0.13741257273513396,0.049519312806200144,0.05139860498847464,-0.12241473277369527,0.08551225045179237,-0.11861350554051259,0.08171102321860965,0.7215438386803849,0.7114583300363975,0.004741223202338163,-0.1516224857685018,0.05786677363383285,500.0,-0.04041590659508607,1.1904166902668123,2026-08-11,True,0.863641642329768,0.9915527907147141,0.9915527907147141,pilot_observational,False,estimated,42,-0.01845124116095146,estimated,42,-0.01845124116095146,Latest 28 calendar days; shorter than full equity regression window,3124,28,0.2567762185281578,passes_descriptive_tape_gate,,not_ready_for_sizing,conservative_q_not_below_10pct|block_interval_includes_zero_or_unavailable|fewer_than_3_moves_exceeding_quote_noise_rule
wisconsin_dem,Democratic Wisconsin governor,GOVPARTYWI-26-D,electricity_datacenters,sector_technology,Technology sector,sector,market_conditioned,0.1,True,True,40,43,0.9523809523809523,23,9,0.385,0.795,38.0,1.0,2026-07-09,2026-09-04,estimated,0.001775235311460288,-0.0009627251207356838,1.9883352855433563,0.009414848557114032,0.0012594331508956108,-0.0007766186465734016,0.004327089269493978,-0.017301059875524646,0.020851530498445223,0.16702266582542985,0.851470489284728,0.6229183868420595,-0.01666758481298943,0.003907016775999854,500.0,-0.007592914981793967,5.2771315626592195,2026-08-12,False,0.5208842459640525,0.9915527907147141,0.9915527907147141,pilot_observational,False,estimated,40,0.001775235311460288,estimated,40,0.001775235311460288,Latest 28 calendar days; shorter than full equity regression window,1705,28,0.2494853242937198,passes_descriptive_tape_gate,,not_ready_for_sizing,conservative_q_not_below_10pct|block_interval_includes_zero_or_unavailable|largest_move_removal_sign_unstable_or_unavailable
wisconsin_dem,Democratic Wisconsin governor,GOVPARTYWI-26-D,electricity_datacenters,sector_consumer_discretionary,Consumer discretionary sector,sector,market_conditioned,0.1,True,True,40,43,0.9523809523809523,23,9,0.385,0.795,38.0,1.0,2026-07-09,2026-09-04,estimated,-0.0025265912842819694,-0.000581309741166734,1.092453421612749,0.008862431342708551,0.001231863376558321,-0.005022583573346029,-3.059899521790999e-05,-0.020483582874990983,0.015430400306427046,0.0473950659653642,0.7771649123428955,0.3765234480272769,-0.005290809075413742,0.013395203871948777,500.0,0.006281440083195579,3.4861322534723693,2026-08-12,False,0.25649094522432386,0.9915527907147141,0.9915527907147141,pilot_observational,False,estimated,40,-0.0025265912842819694,estimated,40,-0.0025265912842819694,Latest 28 calendar days; shorter than full equity regression window,1705,28,0.2494853242937198,passes_descriptive_tape_gate,,not_ready_for_sizing,conservative_q_not_below_10pct|block_interval_includes_zero_or_unavailable|largest_move_removal_sign_unstable_or_unavailable
wisconsin_dem,Democratic Wisconsin governor,GOVPARTYWI-26-D,electricity_datacenters,sector_communications,Communication services sector,sector,market_conditioned,0.1,True,True,40,43,0.9523809523809523,23,9,0.385,0.795,38.0,1.0,2026-07-09,2026-09-04,estimated,-0.0012889824092060982,0.00039843426747376354,0.6953480353454127,0.014201164435598516,0.0017062517052725183,-0.00474617675445984,0.0021682119360476437,-0.030063274754852844,0.02748530993644065,0.4547634517539099,0.9281681617786736,0.15616288488701946,-0.0032507655684836574,0.018908284962137274,500.0,0.012867873535743583,10.982970631592314,2026-08-12,False,0.7471113850242805,0.9915527907147141,0.9915527907147141,pilot_observational,False,estimated,40,-0.0012889824092060982,estimated,40,-0.0012889824092060982,Latest 28 calendar days; shorter than full equity regression window,1705,28,0.2494853242937198,passes_descriptive_tape_gate,,not_ready_for_sizing,conservative_q_not_below_10pct|block_interval_includes_zero_or_unavailable|largest_move_removal_sign_unstable_or_unavailable
wisconsin_dem,Democratic Wisconsin governor,GOVPARTYWI-26-D,electricity_datacenters,sector_industrials,Industrials sector,sector,market_conditioned,0.1,True,True,40,43,0.9523809523809523,23,9,0.385,0.795,38.0,1.0,2026-07-09,2026-09-04,estimated,-0.0008464502059139303,-0.0008434864898354492,0.7397023365751272,0.0072464893257522854,0.0009476982030747634,-0.0027666691622102463,0.0010737687503823855,-0.015529232261174104,0.013836331849346243,0.37754194377833267,0.9076437006553673,0.3362083485850249,-0.0159708486879673,0.0010299408390681837,500.0,-0.008066035710042501,8.529250100817722,2026-08-12,True,0.694677176552132,0.9915527907147141,0.9915527907147141,pilot_observational,False,estimated,40,-0.0008464502059139303,estimated,40,-0.0008464502059139303,Latest 28 calendar days; shorter than full equity regression window,1705,28,0.2494853242937198,passes_descriptive_tape_gate,,not_ready_for_sizing,conservative_q_not_below_10pct|block_interval_includes_zero_or_unavailable
wisconsin_dem,Democratic Wisconsin governor,GOVPARTYWI-26-D,electricity_datacenters,sector_utilities,Utilities sector,sector,market_conditioned,0.1,True,True,40,43,0.9523809523809523,23,9,0.385,0.795,38.0,1.0,2026-07-09,2026-09-04,estimated,0.0013007390819237943,-0.0011455820028007217,-0.029042924417281124,0.0027179467539096445,0.0009955314191979145,-0.0007163991763636925,0.0033178773402112813,-0.00420634414576236,0.0068078223096099495,0.19941972376466385,0.635057598659302,0.010771585975514641,-0.012011149347837011,0.008487713792162418,500.0,-0.0011735543926695811,1.9022212132919796,2026-08-12,False,0.5709331656649559,0.9915527907147141,0.9915527907147141,pilot_observational,False,estimated,40,0.0013007390819237943,estimated,40,0.0013007390819237943,Latest 28 calendar days; shorter than full equity regression window,1705,28,0.2494853242937198,passes_descriptive_tape_gate,,not_ready_for_sizing,conservative_q_not_below_10pct|block_interval_includes_zero_or_unavailable|largest_move_removal_sign_unstable_or_unavailable
wisconsin_dem,Democratic Wisconsin governor,GOVPARTYWI-26-D,electricity_datacenters,sector_real_estate,Real estate sector,sector,market_conditioned,0.1,True,True,40,43,0.9523809523809523,23,9,0.385,0.795,38.0,1.0,2026-07-09,2026-09-04,estimated,0.003264041500438464,8.986752248347514e-05,0.0073552193741294875,0.007309257873968046,0.0008325566706855124,0.0015771214492508708,0.004950961551626058,-0.011545921714131761,0.01807400471500869,0.00036817970160560873,0.6577937256544953,0.06939865978072501,0.0024144003201462534,0.01596427144829964,500.0,0.010560308949095288,2.235347635033655,2026-08-12,True,0.006774506509543201,0.9915527907147141,0.9915527907147141,pilot_observational,True,estimated,40,0.003264041500438464,estimated,40,0.003264041500438464,Latest 28 calendar days; shorter than full equity regression window,1705,28,0.2494853242937198,passes_descriptive_tape_gate,,not_ready_for_sizing,conservative_q_not_below_10pct
wisconsin_dem,Democratic Wisconsin governor,GOVPARTYWI-26-D,electricity_datacenters,sector_energy,Energy sector,sector,market_conditioned,0.1,True,True,40,43,0.9523809523809523,23,9,0.385,0.795,38.0,1.0,2026-07-09,2026-09-04,estimated,-0.0004879301149174502,0.0035812077973828276,-0.6974110339199568,0.0039048775179975114,0.0007751636592798893,-0.0020585608789644265,0.001082700649129526,-0.008399963510935823,0.007424103281100923,0.5329193749649336,0.9012364021117751,0.14424573098288762,-0.010587149020159295,0.008661758035580128,500.0,-0.004262694607670122,7.736281031539321,2026-08-12,True,0.784171318772089,0.9915527907147141,0.9915527907147141,pilot_observational,False,estimated,40,-0.0004879301149174502,estimated,40,-0.0004879301149174502,Latest 28 calendar days; shorter than full equity regression window,1705,28,0.2494853242937198,passes_descriptive_tape_gate,,not_ready_for_sizing,conservative_q_not_below_10pct|block_interval_includes_zero_or_unavailable
wisconsin_dem,Democratic Wisconsin governor,GOVPARTYWI-26-D,electricity_datacenters,sector_financials,Financials sector,sector,market_conditioned,0.1,True,True,40,43,0.9523809523809523,23,9,0.385,0.795,38.0,1.0,2026-07-09,2026-09-04,estimated,0.0006760668652122711,0.0012227527489769717,0.5188360295539016,0.006869374905677649,0.0008472360240205774,-0.0010405963810649723,0.0023927301114895147,-0.01324260879439308,0.014594742524817622,0.42998122613179557,0.9221320185505036,0.28662097467525693,-0.00017377317635434598,0.013149958625166555,500.0,0.0075287667074131395,10.13612734895573,2026-08-12,True,0.737915968479999,0.9915527907147141,0.9915527907147141,pilot_observational,False,estimated,40,0.0006760668652122711,estimated,40,0.0006760668652122711,Latest 28 calendar days; shorter than full equity regression window,1705,28,0.2494853242937198,passes_descriptive_tape_gate,,not_ready_for_sizing,conservative_q_not_below_10pct|block_interval_includes_zero_or_unavailable
wisconsin_dem,Democratic Wisconsin governor,GOVPARTYWI-26-D,electricity_datacenters,sector_healthcare,Healthcare sector,sector,market_conditioned,0.1,True,True,40,43,0.9523809523809523,23,9,0.385,0.795,38.0,1.0,2026-07-09,2026-09-04,estimated,0.0010975457166104916,0.0015012472175469638,-0.1450822802558869,0.006296504120492972,0.0011420610870332521,-0.0012164898502551153,0.0034115812834760984,-0.011660383475764098,0.013855474908985081,0.34277979830667393,0.8625718636856908,0.012304641853474463,-0.0057401507144236065,0.01596881771661342,500.0,0.007345500396451157,5.692660073546627,2026-08-12,True,0.6781879880476129,0.9915527907147141,0.9915527907147141,pilot_observational,False,estimated,40,0.0010975457166104916,estimated,40,0.0010975457166104916,Latest 28 calendar days; shorter than full equity regression window,1705,28,0.2494853242937198,passes_descriptive_tape_gate,,not_ready_for_sizing,conservative_q_not_below_10pct|block_interval_includes_zero_or_unavailable
wisconsin_dem,Democratic Wisconsin governor,GOVPARTYWI-26-D,electricity_datacenters,sector_staples,Consumer staples sector,sector,market_conditioned,0.1,True,True,40,43,0.9523809523809523,23,9,0.385,0.795,38.0,1.0,2026-07-09,2026-09-04,estimated,0.0022640931807636384,0.00031981317294749347,-0.17153271359091474,0.008862836589099877,0.0010516837177801603,0.0001331795583070449,0.0043950068032202316,-0.01569371951712915,0.020221905878656427,0.03792153282930228,0.7997832467362983,0.03181018518638712,0.0010920509123546322,0.01974186514831719,500.0,0.011102012954416398,3.903514152483727,2026-08-12,True,0.22856267538306246,0.9915527907147141,0.9915527907147141,pilot_observational,True,estimated,40,0.0022640931807636384,estimated,40,0.0022640931807636384,Latest 28 calendar days; shorter than full equity regression window,1705,28,0.2494853242937198,passes_descriptive_tape_gate,,not_ready_for_sizing,conservative_q_not_below_10pct
wisconsin_dem,Democratic Wisconsin governor,GOVPARTYWI-26-D,electricity_datacenters,cloud_platforms,Cloud platforms,theme,market_conditioned,0.1,True,True,40,43,0.9523809523809523,23,9,0.385,0.795,38.0,1.0,2026-07-09,2026-09-04,estimated,-0.005615481747658368,0.0016226125895332283,1.7211181809416838,0.004181456275474247,0.0021063836409094326,-0.009883420405116874,-0.001347543090199862,-0.014087916937510058,0.0028569534421933225,0.01131519676539543,0.18746915231558195,0.3307572019797892,-0.023665670120615358,0.014682869907037523,500.0,-0.00905849960351618,0.613129560485801,2026-08-12,True,0.09463619112876179,0.9094769698122832,0.9094769698122832,pilot_observational,False,estimated,40,-0.005615481747658368,estimated,40,-0.005615481747658368,Latest 28 calendar days; shorter than full equity regression window,1705,28,0.2494853242937198,passes_descriptive_tape_gate,,not_ready_for_sizing,conservative_q_not_below_10pct|block_interval_includes_zero_or_unavailable
wisconsin_dem,Democratic Wisconsin governor,GOVPARTYWI-26-D,electricity_datacenters,electrical_equipment,Electrical equipment,theme,market_conditioned,0.1,True,True,40,43,0.9523809523809523,23,9,0.385,0.795,38.0,1.0,2026-07-09,2026-09-04,estimated,-0.004169533272048626,-0.0028594225485917544,2.6272190168482092,0.055692308750476455,0.006643393038043238,-0.01763032617467189,0.009291259630574639,-0.11701286951095413,0.10867380296685689,0.5341067736068413,0.9407236136760173,0.32292790640253854,-0.10049981700093155,0.002327942316919573,500.0,-0.05979186524373506,13.340181824321403,2026-08-12,True,0.784171318772089,0.9915527907147141,0.9915527907147141,pilot_observational,False,estimated,40,-0.004169533272048626,estimated,40,-0.004169533272048626,Latest 28 calendar days; shorter than full equity regression window,1705,28,0.2494853242937198,passes_descriptive_tape_gate,,not_ready_for_sizing,conservative_q_not_below_10pct|block_interval_includes_zero_or_unavailable
wisconsin_dem,Democratic Wisconsin governor,GOVPARTYWI-26-D,electricity_datacenters,regulated_utilities,Regulated utilities,theme,market_conditioned,0.1,True,True,40,43,0.9523809523809523,23,9,0.385,0.795,38.0,1.0,2026-07-09,2026-09-04,estimated,0.0015983578174493084,-0.0014012074220089285,-0.1849187457588342,0.003223359728837879,0.000895538705992622,-0.00021617595898378353,0.0034128915938824,-0.0049327893707535545,0.008129505005652172,0.08249482217492222,0.6229209808784895,0.02786250332532525,-0.011048038220906163,0.007038285228953286,500.0,-0.0014411391825754907,1.9016373973603042,2026-08-12,False,0.3769261295980524,0.9915527907147141,0.9915527907147141,pilot_observational,False,estimated,40,0.0015983578174493084,estimated,40,0.0015983578174493084,Latest 28 calendar days; shorter than full equity regression window,1705,28,0.2494853242937198,passes_descriptive_tape_gate,,not_ready_for_sizing,conservative_q_not_below_10pct|block_interval_includes_zero_or_unavailable|largest_move_removal_sign_unstable_or_unavailable
wisconsin_dem,Democratic Wisconsin governor,GOVPARTYWI-26-D,electricity_datacenters,power_generators,Power generators,theme,market_conditioned,0.1,True,True,40,43,0.9523809523809523,23,9,0.385,0.795,38.0,1.0,2026-07-09,2026-09-04,estimated,-0.001219928950565365,0.0014911191194609734,0.6221323887989784,0.018859823773702482,0.0028855430086497003,-0.007066594446437728,0.004626736545306997,-0.039433561734898544,0.036993703833767815,0.6749081215732303,0.9487738202952631,0.03776219716381268,-0.038525561146979824,0.004685222521382357,500.0,-0.0199322697758392,15.33887757692919,2026-08-12,True,0.8468918281353232,0.9915527907147141,0.9915527907147141,pilot_observational,False,estimated,40,-0.001219928950565365,estimated,40,-0.001219928950565365,Latest 28 calendar days; shorter than full equity regression window,1705,28,0.2494853242937198,passes_descriptive_tape_gate,,not_ready_for_sizing,conservative_q_not_below_10pct|block_interval_includes_zero_or_unavailable
wisconsin_dem,Democratic Wisconsin governor,GOVPARTYWI-26-D,electricity_datacenters,data_center_reits,Data-center REITs,theme,market_conditioned,0.1,True,True,40,43,0.9523809523809523,23,9,0.385,0.795,38.0,1.0,2026-07-09,2026-09-04,estimated,0.007822887958079828,0.000534054185283311,0.9418377063700945,0.003930139987216192,0.0015944784367251455,0.004592167767124901,0.011053608149034755,-0.0001403320626669393,0.015786107978826597,1.8840144325720977e-05,0.05396307645484653,0.1775984987117345,-0.014560204291183439,0.032168336931624956,500.0,0.004264894370039147,0.45481842602204553,2026-08-12,True,0.0006933173111865319,0.5980640448639107,0.5980640448639107,pilot_observational,False,estimated,40,0.007822887958079828,estimated,40,0.007822887958079828,Latest 28 calendar days; shorter than full equity regression window,1705,28,0.2494853242937198,passes_descriptive_tape_gate,,not_ready_for_sizing,conservative_q_not_below_10pct|block_interval_includes_zero_or_unavailable
wisconsin_dem,Democratic Wisconsin governor,GOVPARTYWI-26-D,electricity_datacenters,integrated_energy,Integrated energy,theme,market_conditioned,0.1,True,True,40,43,0.9523809523809523,23,9,0.385,0.795,38.0,1.0,2026-07-09,2026-09-04,estimated,-0.001240405731820908,0.003822598240339708,-0.9231710637698526,0.006649774067436404,0.0009175532028303877,-0.003099545115824059,0.0006187336521822429,-0.014714127828106974,0.012233316364465159,0.1846260236606472,0.853045410549829,0.21710203381673066,-0.015425930011042048,0.004670487705889584,500.0,-0.007818026815146654,5.302798039855748,2026-08-12,True,0.5654673498811874,0.9915527907147141,0.9915527907147141,pilot_observational,False,estimated,40,-0.001240405731820908,estimated,40,-0.001240405731820908,Latest 28 calendar days; shorter than full equity regression window,1705,28,0.2494853242937198,passes_descriptive_tape_gate,,not_ready_for_sizing,conservative_q_not_below_10pct|block_interval_includes_zero_or_unavailable
wisconsin_dem,Democratic Wisconsin governor,GOVPARTYWI-26-D,electricity_datacenters,homebuilders,Homebuilders,theme,market_conditioned,0.1,True,True,40,43,0.9523809523809523,23,9,0.385,0.795,38.0,1.0,2026-07-09,2026-09-04,estimated,-0.005084054290244911,-0.0002945265679632535,1.1577220799966752,0.030021182090596222,0.003577983631593509,-0.0123337377574212,0.002165629176931379,-0.06591274717343545,0.055744638592945636,0.16371138850407604,0.8664447086578333,0.1937313586927326,-0.008478725765652237,0.033175332172171335,500.0,0.0248851228283708,5.894739789879787,2026-08-12,False,0.5193602669784482,0.9915527907147141,0.9915527907147141,pilot_observational,False,estimated,40,-0.005084054290244911,estimated,40,-0.005084054290244911,Latest 28 calendar days; shorter than full equity regression window,1705,28,0.2494853242937198,passes_descriptive_tape_gate,,not_ready_for_sizing,conservative_q_not_below_10pct|block_interval_includes_zero_or_unavailable|largest_move_removal_sign_unstable_or_unavailable
wisconsin_dem,Democratic Wisconsin governor,GOVPARTYWI-26-D,electricity_datacenters,machinery_distribution,Machinery and distribution,theme,market_conditioned,0.1,True,True,40,43,0.9523809523809523,23,9,0.385,0.795,38.0,1.0,2026-07-09,2026-09-04,estimated,8.055113164208747e-05,-0.00021755994694858105,0.7463981527774168,0.006560399802575096,0.0010714748523050328,-0.002090463138423598,0.0022515654017077726,-0.01321208150279323,0.013373183766077405,0.9404782486387514,0.9902694782355913,0.16115010543256425,-0.019026395147146425,0.00583369419124566,500.0,-0.00637237874368403,80.10973581350036,2026-08-12,False,0.9733581796064962,0.9915527907147141,0.9915527907147141,pilot_observational,False,estimated,40,8.055113164208747e-05,estimated,40,8.055113164208747e-05,Latest 28 calendar days; shorter than full equity regression window,1705,28,0.2494853242937198,passes_descriptive_tape_gate,,not_ready_for_sizing,conservative_q_not_below_10pct|block_interval_includes_zero_or_unavailable|largest_move_removal_sign_unstable_or_unavailable
wisconsin_dem,Democratic Wisconsin governor,GOVPARTYWI-26-D,electricity_datacenters,managed_care,Managed care (UNH only),single_company_proxy,market_conditioned,0.1,True,True,40,43,0.9523809523809523,23,9,0.385,0.795,38.0,1.0,2026-07-09,2026-09-04,estimated,0.003329594563502543,-0.002163141528478339,0.2381164305318163,0.006103700988154711,0.0011855604480647606,0.0009274209191683113,0.0057317682078367755,-0.009037678375279858,0.015696867502284946,0.007902363311586792,0.588680599317498,0.038644000335965045,-0.005684082331978554,0.02542692156052905,500.0,0.00931141114069982,1.7965600505140025,2026-08-12,True,0.06923975473009379,0.9915527907147141,0.9915527907147141,pilot_observational,False,estimated,40,0.003329594563502543,estimated,40,0.003329594563502543,Latest 28 calendar days; shorter than full equity regression window,1705,28,0.2494853242937198,passes_descriptive_tape_gate,,not_ready_for_sizing,conservative_q_not_below_10pct|block_interval_includes_zero_or_unavailable
wisconsin_dem,Democratic Wisconsin governor,GOVPARTYWI-26-D,electricity_datacenters,hospitals,Hospitals (HCA only),single_company_proxy,market_conditioned,0.1,True,True,40,43,0.9523809523809523,23,9,0.385,0.795,38.0,1.0,2026-07-09,2026-09-04,estimated,0.0030493780848717144,-0.00012555919727854714,0.263530112889256,0.010343760651602345,0.0020970396800614115,-0.0011996279095416924,0.007298384079285122,-0.017909071786782024,0.024007827956525455,0.1543398385514476,0.7697917412986384,0.012029493565036575,-0.0188792062936033,0.030472161958824736,500.0,0.01319955218878855,3.3286046601675663,2026-08-12,True,0.5052202837511455,0.9915527907147141,0.9915527907147141,pilot_observational,False,estimated,40,0.0030493780848717144,estimated,40,0.0030493780848717144,Latest 28 calendar days; shorter than full equity regression window,1705,28,0.2494853242937198,passes_descriptive_tape_gate,,not_ready_for_sizing,conservative_q_not_below_10pct|block_interval_includes_zero_or_unavailable
wisconsin_dem,Democratic Wisconsin governor,GOVPARTYWI-26-D,electricity_datacenters,generators_minus_regulated,Generators minus regulated utilities,relative_return_contrast,market_conditioned,0.1,True,True,40,43,0.9523809523809523,23,9,0.385,0.795,38.0,1.0,2026-07-09,2026-09-04,estimated,-0.0028182867680146737,0.002892326541469901,0.8070511345578126,0.01581936219890776,0.002309572803851874,-0.007497925775996348,0.0018613522399670008,-0.03487135922536917,0.029234785689339824,0.2300856234813383,0.8595736842110433,0.05956779321632821,-0.03347303868813578,0.0015258666096996153,500.0,-0.018491130593263707,5.5611245821835515,2026-08-12,True,0.5884846543504252,0.9915527907147141,0.9915527907147141,pilot_observational,False,estimated,40,-0.0028182867680146737,estimated,40,-0.0028182867680146737,Latest 28 calendar days; shorter than full equity regression window,1705,28,0.2494853242937198,passes_descriptive_tape_gate,,not_ready_for_sizing,conservative_q_not_below_10pct|block_interval_includes_zero_or_unavailable
wisconsin_dem,Democratic Wisconsin governor,GOVPARTYWI-26-D,electricity_datacenters,equipment_minus_generators,Equipment minus generators,relative_return_contrast,market_conditioned,0.1,True,True,40,43,0.9523809523809523,23,9,0.385,0.795,38.0,1.0,2026-07-09,2026-09-04,estimated,-0.002949604321483261,-0.004350541668052727,2.0050866280492308,0.03702120097205534,0.005048011910995008,-0.013177848008822518,0.007278639365855996,-0.07796168270334773,0.0720624740603812,0.5625576852060639,0.9369264039317168,0.25076417864360145,-0.09262715004597454,0.005576249637590336,500.0,-0.03985959546789587,12.513539825522011,2026-08-12,True,0.784171318772089,0.9915527907147141,0.9915527907147141,pilot_observational,False,estimated,40,-0.002949604321483261,estimated,40,-0.002949604321483261,Latest 28 calendar days; shorter than full equity regression window,1705,28,0.2494853242937198,passes_descriptive_tape_gate,,not_ready_for_sizing,conservative_q_not_below_10pct|block_interval_includes_zero_or_unavailable
wisconsin_dem,Democratic Wisconsin governor,GOVPARTYWI-26-D,electricity_datacenters,hospitals_minus_managed_care,Hospitals minus managed care,relative_return_contrast,market_conditioned,0.1,True,True,40,43,0.9523809523809523,23,9,0.385,0.795,38.0,1.0,2026-07-09,2026-09-04,estimated,-0.0002802164786308292,0.002037582331199793,0.02541368235743985,0.004879377886970582,0.0021754988421326784,-0.004688195835888616,0.004127762878626958,-0.010166775177481524,0.009606342220219865,0.8982090818817128,0.9545127059532584,0.00010473749433503876,-0.02852305958737053,0.02138726837349642,500.0,0.0038881410480887274,14.875490360476453,2026-08-12,False,0.9558334240855805,0.9915527907147141,0.9915527907147141,pilot_observational,False,estimated,40,-0.0002802164786308292,estimated,40,-0.0002802164786308292,Latest 28 calendar days; shorter than full equity regression window,1705,28,0.2494853242937198,passes_descriptive_tape_gate,,not_ready_for_sizing,conservative_q_not_below_10pct|block_interval_includes_zero_or_unavailable|largest_move_removal_sign_unstable_or_unavailable
georgia_dem,Democratic Georgia governor,GOVPARTYGA-26-D,electricity_datacenters,sector_technology,Technology sector,sector,market_conditioned,0.1,True,True,36,43,0.8571428571428571,14,5,0.4649999999999999,0.61,5.000000000000004,1.0,2026-07-13,2026-09-04,estimated,0.00541499041971083,-0.0012664616399573354,2.0682160524201847,0.017524002017880267,0.010510108644382026,-0.01596798639513893,0.02679796723456059,-0.030237859758199648,0.04106784059762131,0.6098354603092893,0.759260864066276,0.622597924610965,-0.020268923055403183,0.026747035957376656,500.0,0.017471795855868687,2.226560806510478,2026-07-16,True,0.8250715051243325,0.9915527907147141,0.9915527907147141,pilot_observational,False,estimated,36,0.00541499041971083,estimated,36,0.00541499041971083,Latest 28 calendar days; shorter than full equity regression window,553,28,0.3735602811368662,passes_descriptive_tape_gate,,not_ready_for_sizing,conservative_q_not_below_10pct|block_interval_includes_zero_or_unavailable
georgia_dem,Democratic Georgia governor,GOVPARTYGA-26-D,electricity_datacenters,sector_consumer_discretionary,Consumer discretionary sector,sector,market_conditioned,0.1,True,True,36,43,0.8571428571428571,14,5,0.4649999999999999,0.61,5.000000000000004,1.0,2026-07-13,2026-09-04,estimated,-0.0036804217591293875,0.00013537715403818266,0.8465794906972797,0.012375480694022518,0.008386900383977207,-0.020743698888514746,0.01338285537025597,-0.028858526544407154,0.02149768302614838,0.6636447091126763,0.7680281416702462,0.3034423003157318,-0.022750016978383712,0.017732681420814977,500.0,-0.01248654837766552,2.392694966736433,2026-07-16,True,0.8468918281353232,0.9915527907147141,0.9915527907147141,pilot_observational,False,estimated,36,-0.0036804217591293875,estimated,36,-0.0036804217591293875,Latest 28 calendar days; shorter than full equity regression window,553,28,0.3735602811368662,passes_descriptive_tape_gate,,not_ready_for_sizing,conservative_q_not_below_10pct|block_interval_includes_zero_or_unavailable
georgia_dem,Democratic Georgia governor,GOVPARTYGA-26-D,electricity_datacenters,sector_communications,Communication services sector,sector,market_conditioned,0.1,True,True,36,43,0.8571428571428571,14,5,0.4649999999999999,0.61,5.000000000000004,1.0,2026-07-13,2026-09-04,estimated,-0.014645873261996787,0.0014493295850025194,0.46334023615739584,0.010167823299563818,0.008276451094772567,-0.0314844396229029,0.0021926930989093225,-0.035332465306721184,0.006040718782727607,0.08603748610390326,0.15917134065661193,0.12115095125164199,-0.03040486566505513,0.011704608518409404,500.0,-0.016508742249033013,0.1271941217646619,2026-07-16,True,0.3769261295980524,0.9094769698122832,0.9094769698122832,pilot_observational,False,estimated,36,-0.014645873261996787,estimated,36,-0.014645873261996787,Latest 28 calendar days; shorter than full equity regression window,553,28,0.3735602811368662,passes_descriptive_tape_gate,,not_ready_for_sizing,conservative_q_not_below_10pct|block_interval_includes_zero_or_unavailable
georgia_dem,Democratic Georgia governor,GOVPARTYGA-26-D,electricity_datacenters,sector_industrials,Industrials sector,sector,market_conditioned,0.1,True,True,36,43,0.8571428571428571,14,5,0.4649999999999999,0.61,5.000000000000004,1.0,2026-07-13,2026-09-04,estimated,0.015610273426547878,-0.002952464131500753,1.044852753352992,0.006127756095224736,0.005303291955717076,0.004820644815801469,0.02639990203729429,0.0031432599117747276,0.028077286941321028,0.005901753299869996,0.015694776604663428,0.6040172502692972,0.0031165942477564797,0.027521681044110336,500.0,0.014357245912402464,0.08026941488509941,2026-07-16,True,0.06580902434840322,0.36097986190725884,0.36097986190725884,pilot_observational,True,estimated,36,0.015610273426547878,estimated,36,0.015610273426547878,Latest 28 calendar days; shorter than full equity regression window,553,28,0.3735602811368662,passes_descriptive_tape_gate,,not_ready_for_sizing,conservative_q_not_below_10pct
georgia_dem,Democratic Georgia governor,GOVPARTYGA-26-D,electricity_datacenters,sector_utilities,Utilities sector,sector,market_conditioned,0.1,True,True,36,43,0.8571428571428571,14,5,0.4649999999999999,0.61,5.000000000000004,1.0,2026-07-13,2026-09-04,estimated,0.006792566752826881,-0.0023497537835654608,0.026470239478199722,0.011335928556617395,0.010660451504842369,-0.014896284911491739,0.0284814184171455,-0.016270553306404006,0.029855686812057768,0.5284073235969405,0.5531267457591847,0.014905987900352802,-0.013305400360645196,0.032873573817681745,500.0,0.002364236472015371,0.6519376904126205,2026-07-16,True,0.784171318772089,0.9915527907147141,0.9915527907147141,pilot_observational,False,estimated,36,0.006792566752826881,estimated,36,0.006792566752826881,Latest 28 calendar days; shorter than full equity regression window,553,28,0.3735602811368662,passes_descriptive_tape_gate,,not_ready_for_sizing,conservative_q_not_below_10pct|block_interval_includes_zero_or_unavailable
georgia_dem,Democratic Georgia governor,GOVPARTYGA-26-D,electricity_datacenters,sector_real_estate,Real estate sector,sector,market_conditioned,0.1,True,True,36,43,0.8571428571428571,14,5,0.4649999999999999,0.61,5.000000000000004,1.0,2026-07-13,2026-09-04,estimated,0.019859404420512573,-0.0007538054569378263,0.05204498713910282,0.016546228080632327,0.011204451036456956,-0.0029362226126811997,0.042655031453706346,-0.0138041497246197,0.053522958565644846,0.08555148962294898,0.2385926929977476,0.1134993044985203,-2.249834741886939e-06,0.04574948501792691,500.0,0.009037522772695317,0.5449247831742349,2026-07-16,True,0.3769261295980524,0.9094769698122832,0.9094769698122832,pilot_observational,False,estimated,36,0.019859404420512573,estimated,36,0.019859404420512573,Latest 28 calendar days; shorter than full equity regression window,553,28,0.3735602811368662,passes_descriptive_tape_gate,,not_ready_for_sizing,conservative_q_not_below_10pct|block_interval_includes_zero_or_unavailable
georgia_dem,Democratic Georgia governor,GOVPARTYGA-26-D,electricity_datacenters,sector_energy,Energy sector,sector,market_conditioned,0.1,True,True,36,43,0.8571428571428571,14,5,0.4649999999999999,0.61,5.000000000000004,1.0,2026-07-13,2026-09-04,estimated,0.008786183867036657,0.003075938707827737,-0.6738159192940638,0.010098458778688316,0.009068188689427195,-0.00966318474176004,0.027235552475833355,-0.011759284998866283,0.029331652732939598,0.3396423002940306,0.3905569712090925,0.1997841989125989,-0.009905646221703208,0.02751663487427457,500.0,0.010621145696446229,0.20884628152318135,2026-07-16,True,0.6781879880476129,0.9844175712667537,0.9844175712667537,pilot_observational,False,estimated,36,0.008786183867036657,estimated,36,0.008786183867036657,Latest 28 calendar days; shorter than full equity regression window,553,28,0.3735602811368662,passes_descriptive_tape_gate,,not_ready_for_sizing,conservative_q_not_below_10pct|block_interval_includes_zero_or_unavailable
georgia_dem,Democratic Georgia governor,GOVPARTYGA-26-D,electricity_datacenters,sector_financials,Financials sector,sector,market_conditioned,0.1,True,True,36,43,0.8571428571428571,14,5,0.4649999999999999,0.61,5.000000000000004,1.0,2026-07-13,2026-09-04,estimated,-0.004405357121255423,0.0010753786537587796,0.5547358427135571,0.011241324149382611,0.007207611577467821,-0.019069353133686663,0.010258638891175816,-0.027276003066761013,0.01846528882425017,0.5452488324232175,0.6976592899428251,0.31161147094555264,-0.021656305953641052,0.010562023512222189,500.0,-0.011578529951787592,1.628284071664089,2026-07-16,True,0.784171318772089,0.9915527907147141,0.9915527907147141,pilot_observational,False,estimated,36,-0.004405357121255423,estimated,36,-0.004405357121255423,Latest 28 calendar days; shorter than full equity regression window,553,28,0.3735602811368662,passes_descriptive_tape_gate,,not_ready_for_sizing,conservative_q_not_below_10pct|block_interval_includes_zero_or_unavailable
georgia_dem,Democratic Georgia governor,GOVPARTYGA-26-D,electricity_datacenters,sector_healthcare,Healthcare sector,sector,market_conditioned,0.1,True,True,36,43,0.8571428571428571,14,5,0.4649999999999999,0.61,5.000000000000004,1.0,2026-07-13,2026-09-04,estimated,0.011110072065785587,0.0005394048695000758,-0.04256831904616312,0.017656752065373284,0.010066884128899393,-0.009371157692110183,0.03159130182368136,-0.02481286011448656,0.04703300424605773,0.2777385102711953,0.5335337629549534,0.020511222921522965,-0.011567761020604401,0.03130348077779027,500.0,-0.004063999655451313,1.3657941758961893,2026-07-16,False,0.6232181206085358,0.9915527907147141,0.9915527907147141,pilot_observational,False,estimated,36,0.011110072065785587,estimated,36,0.011110072065785587,Latest 28 calendar days; shorter than full equity regression window,553,28,0.3735602811368662,passes_descriptive_tape_gate,,not_ready_for_sizing,conservative_q_not_below_10pct|block_interval_includes_zero_or_unavailable|largest_move_removal_sign_unstable_or_unavailable
georgia_dem,Democratic Georgia governor,GOVPARTYGA-26-D,electricity_datacenters,sector_staples,Consumer staples sector,sector,market_conditioned,0.1,True,True,36,43,0.8571428571428571,14,5,0.4649999999999999,0.61,5.000000000000004,1.0,2026-07-13,2026-09-04,estimated,0.012930702236246995,0.0001671240852447228,-0.20422358430322385,0.023291295277194167,0.013361473614379683,-0.014253420228674171,0.04011482470116816,-0.034455794302614064,0.06031719877510806,0.3402037258010495,0.5825203216310876,0.05634580806050782,-0.0176762366106993,0.03585166250020101,500.0,-0.006499384747617862,1.502632001640171,2026-07-16,False,0.6781879880476129,0.9915527907147141,0.9915527907147141,pilot_observational,False,estimated,36,0.012930702236246995,estimated,36,0.012930702236246995,Latest 28 calendar days; shorter than full equity regression window,553,28,0.3735602811368662,passes_descriptive_tape_gate,,not_ready_for_sizing,conservative_q_not_below_10pct|block_interval_includes_zero_or_unavailable|largest_move_removal_sign_unstable_or_unavailable
georgia_dem,Democratic Georgia governor,GOVPARTYGA-26-D,electricity_datacenters,cloud_platforms,Cloud platforms,theme,market_conditioned,0.1,True,True,36,43,0.8571428571428571,14,5,0.4649999999999999,0.61,5.000000000000004,1.0,2026-07-13,2026-09-04,estimated,-0.03295061817918512,0.004361941759619247,1.573174828973232,0.01130911926103286,0.011462808522364098,-0.056271877469667525,-0.009629358888702717,-0.05595919431643543,-0.009942042041934808,0.007029354494694476,0.006367708389909054,0.3366650715046504,-0.06366788873324916,-0.009340477995289535,500.0,-0.036613487526941546,0.11116238632725436,2026-07-16,True,0.06580902434840322,0.2343316687486532,0.2586802454047567,pilot_observational,True,estimated,36,-0.03295061817918512,estimated,36,-0.03295061817918512,Latest 28 calendar days; shorter than full equity regression window,553,28,0.3735602811368662,passes_descriptive_tape_gate,,not_ready_for_sizing,conservative_q_not_below_10pct
georgia_dem,Democratic Georgia governor,GOVPARTYGA-26-D,electricity_datacenters,electrical_equipment,Electrical equipment,theme,market_conditioned,0.1,True,True,36,43,0.8571428571428571,14,5,0.4649999999999999,0.61,5.000000000000004,1.0,2026-07-13,2026-09-04,estimated,0.018257596349567348,-0.004174563823212555,3.1005265379520024,0.04191993117642579,0.03073595469820959,-0.044275173665649925,0.08079036636478462,-0.06702914489689436,0.10354433759602906,0.5565530720521716,0.6660097783088115,0.3882327079742287,-0.05086192773214947,0.08912719167444634,500.0,0.04259153772367743,1.3328118832404094,2026-07-16,True,0.784171318772089,0.9915527907147141,0.9915527907147141,pilot_observational,False,estimated,36,0.018257596349567348,estimated,36,0.018257596349567348,Latest 28 calendar days; shorter than full equity regression window,553,28,0.3735602811368662,passes_descriptive_tape_gate,,not_ready_for_sizing,conservative_q_not_below_10pct|block_interval_includes_zero_or_unavailable
georgia_dem,Democratic Georgia governor,GOVPARTYGA-26-D,electricity_datacenters,regulated_utilities,Regulated utilities,theme,market_conditioned,0.1,True,True,36,43,0.8571428571428571,14,5,0.4649999999999999,0.61,5.000000000000004,1.0,2026-07-13,2026-09-04,estimated,0.006793311427361976,-0.0020543548947760067,-0.0895821789116995,0.013766062806877212,0.011553298882029729,-0.016712051884131846,0.030298674738855797,-0.021213953938878087,0.03480057679360204,0.5605366818769749,0.6249400652873197,0.019582780778356956,-0.015591842116860976,0.031113142567600192,500.0,-0.0005472312503671615,1.0805544183007765,2026-07-16,False,0.784171318772089,0.9915527907147141,0.9915527907147141,pilot_observational,False,estimated,36,0.006793311427361976,estimated,36,0.006793311427361976,Latest 28 calendar days; shorter than full equity regression window,553,28,0.3735602811368662,passes_descriptive_tape_gate,,not_ready_for_sizing,conservative_q_not_below_10pct|block_interval_includes_zero_or_unavailable|largest_move_removal_sign_unstable_or_unavailable
georgia_dem,Democratic Georgia governor,GOVPARTYGA-26-D,electricity_datacenters,power_generators,Power generators,theme,market_conditioned,0.1,True,True,36,43,0.8571428571428571,14,5,0.4649999999999999,0.61,5.000000000000004,1.0,2026-07-13,2026-09-04,estimated,0.005094131275210358,-0.0007135355524263533,0.6345484100862179,0.03886416944718793,0.027918911773981488,-0.05170732181709342,0.061895584367514134,-0.07397561598775668,0.08416387853817739,0.8563367388196571,0.8965116077058606,0.036434052635816006,-0.04066976721423883,0.07524318183943256,500.0,0.03823938635658015,6.506556916321534,2026-07-16,True,0.9378926187072435,0.9915527907147141,0.9915527907147141,pilot_observational,False,estimated,36,0.005094131275210358,estimated,36,0.005094131275210358,Latest 28 calendar days; shorter than full equity regression window,553,28,0.3735602811368662,passes_descriptive_tape_gate,,not_ready_for_sizing,conservative_q_not_below_10pct|block_interval_includes_zero_or_unavailable
georgia_dem,Democratic Georgia governor,GOVPARTYGA-26-D,electricity_datacenters,data_center_reits,Data-center REITs,theme,market_conditioned,0.1,True,True,36,43,0.8571428571428571,14,5,0.4649999999999999,0.61,5.000000000000004,1.0,2026-07-13,2026-09-04,estimated,0.049451131701833614,-0.002201745160929385,1.2243140882294405,0.04280517630398919,0.036738271846101754,-0.025293444370912743,0.12419570777457997,-0.03763665429864832,0.13653891770231555,0.18746471925408933,0.25628039833755917,0.23643436470028523,-0.004771467217972359,0.17580902066306847,500.0,0.0776799290835618,0.5708422923854235,2026-07-16,True,0.5654673498811874,0.9174737754878881,0.9174737754878881,pilot_observational,False,estimated,36,0.049451131701833614,estimated,36,0.049451131701833614,Latest 28 calendar days; shorter than full equity regression window,553,28,0.3735602811368662,passes_descriptive_tape_gate,,not_ready_for_sizing,conservative_q_not_below_10pct|block_interval_includes_zero_or_unavailable
georgia_dem,Democratic Georgia governor,GOVPARTYGA-26-D,electricity_datacenters,integrated_energy,Integrated energy,theme,market_conditioned,0.1,True,True,36,43,0.8571428571428571,14,5,0.4649999999999999,0.61,5.000000000000004,1.0,2026-07-13,2026-09-04,estimated,0.0016179799416212882,0.003681209812182681,-0.9289902992858186,0.011440635155151525,0.010537201155090565,-0.019820117000711304,0.023056076883953877,-0.021658167294071176,0.02489412717731375,0.8789002534097355,0.8883948595201605,0.2565869999244028,-0.020109202676497965,0.02023903159629528,500.0,8.84693763379945e-06,0.9945321092022102,2026-07-16,True,0.9457172317391306,0.9915527907147141,0.9915527907147141,pilot_observational,False,estimated,36,0.0016179799416212882,estimated,36,0.0016179799416212882,Latest 28 calendar days; shorter than full equity regression window,553,28,0.3735602811368662,passes_descriptive_tape_gate,,not_ready_for_sizing,conservative_q_not_below_10pct|block_interval_includes_zero_or_unavailable
georgia_dem,Democratic Georgia governor,GOVPARTYGA-26-D,electricity_datacenters,homebuilders,Homebuilders,theme,market_conditioned,0.1,True,True,36,43,0.8571428571428571,14,5,0.4649999999999999,0.61,5.000000000000004,1.0,2026-07-13,2026-09-04,estimated,0.020273459599747027,-0.0026759173680740897,1.3028939320774235,0.031014577349585067,0.01799601373212822,-0.0163397056313762,0.05688662483087026,-0.04282617246190955,0.0833730916614036,0.2680573539667574,0.5178504119117402,0.2058804812347914,-0.016919682053529707,0.06201381139677133,500.0,0.005362061589939598,0.735513242643278,2026-07-16,True,0.616531914123542,0.9915527907147141,0.9915527907147141,pilot_observational,False,estimated,36,0.020273459599747027,estimated,36,0.020273459599747027,Latest 28 calendar days; shorter than full equity regression window,553,28,0.3735602811368662,passes_descriptive_tape_gate,,not_ready_for_sizing,conservative_q_not_below_10pct|block_interval_includes_zero_or_unavailable
georgia_dem,Democratic Georgia governor,GOVPARTYGA-26-D,electricity_datacenters,machinery_distribution,Machinery and distribution,theme,market_conditioned,0.1,True,True,36,43,0.8571428571428571,14,5,0.4649999999999999,0.61,5.000000000000004,1.0,2026-07-13,2026-09-04,estimated,0.010124230604261437,-0.0007661864695439567,0.9393325412152627,0.010006703197116423,0.009444611673547793,-0.009090976324040143,0.029339437532563017,-0.010234560127307127,0.03048302133583,0.29151591172770613,0.31902121024000146,0.23249498853788342,-0.010336278285263591,0.03323005550950183,500.0,0.007969934646612848,0.21278614068132887,2026-07-16,True,0.6310462089164462,0.9174737754878881,0.9174737754878881,pilot_observational,False,estimated,36,0.010124230604261437,estimated,36,0.010124230604261437,Latest 28 calendar days; shorter than full equity regression window,553,28,0.3735602811368662,passes_descriptive_tape_gate,,not_ready_for_sizing,conservative_q_not_below_10pct|block_interval_includes_zero_or_unavailable
georgia_dem,Democratic Georgia governor,GOVPARTYGA-26-D,electricity_datacenters,managed_care,Managed care (UNH only),single_company_proxy,market_conditioned,0.1,True,True,36,43,0.8571428571428571,14,5,0.4649999999999999,0.61,5.000000000000004,1.0,2026-07-13,2026-09-04,estimated,-0.006065104644292019,-0.0009956138374974134,-0.012629454755956615,0.02165121861473579,0.01694974860600613,-0.04054962747113209,0.028419418182548055,-0.05011484012439185,0.03798463083580782,0.7227502580520796,0.7811281546687079,0.0035126126332745145,-0.05428682211291779,0.021136581594775484,500.0,-0.020973662377012734,2.4580874703870825,2026-07-16,True,0.863641642329768,0.9915527907147141,0.9915527907147141,pilot_observational,False,estimated,36,-0.006065104644292019,estimated,36,-0.006065104644292019,Latest 28 calendar days; shorter than full equity regression window,553,28,0.3735602811368662,passes_descriptive_tape_gate,,not_ready_for_sizing,conservative_q_not_below_10pct|block_interval_includes_zero_or_unavailable
georgia_dem,Democratic Georgia governor,GOVPARTYGA-26-D,electricity_datacenters,hospitals,Hospitals (HCA only),single_company_proxy,market_conditioned,0.1,True,True,36,43,0.8571428571428571,14,5,0.4649999999999999,0.61,5.000000000000004,1.0,2026-07-13,2026-09-04,estimated,-0.012343310640685477,-0.00014072671891119228,0.3521727097347549,0.03624737495865375,0.018687820147975487,-0.05036396660772356,0.025677345326352612,-0.08608914948644861,0.06140252820507766,0.5135174158506276,0.7356159722155373,0.016454427600016364,-0.06806547167874188,0.01987803042217839,500.0,-0.0376252888484054,2.04823316399302,2026-07-16,True,0.784171318772089,0.9915527907147141,0.9915527907147141,pilot_observational,False,estimated,36,-0.012343310640685477,estimated,36,-0.012343310640685477,Latest 28 calendar days; shorter than full equity regression window,553,28,0.3735602811368662,passes_descriptive_tape_gate,,not_ready_for_sizing,conservative_q_not_below_10pct|block_interval_includes_zero_or_unavailable
georgia_dem,Democratic Georgia governor,GOVPARTYGA-26-D,electricity_datacenters,generators_minus_regulated,Generators minus regulated utilities,relative_return_contrast,market_conditioned,0.1,True,True,36,43,0.8571428571428571,14,5,0.4649999999999999,0.61,5.000000000000004,1.0,2026-07-13,2026-09-04,estimated,-0.0016991801521516123,0.0013408193423496543,0.7241305889979175,0.046779559348106056,0.029590621544150774,-0.06190175234476032,0.0585033920404571,-0.09687290925381259,0.09347454894950935,0.9545545978335706,0.9712435433391472,0.04411153081400543,-0.051721970438369326,0.06789092305319597,500.0,0.03878661760694731,23.826665882268678,2026-07-16,False,0.9812181340859049,0.9915527907147141,0.9915527907147141,pilot_observational,False,estimated,36,-0.0016991801521516123,estimated,36,-0.0016991801521516123,Latest 28 calendar days; shorter than full equity regression window,553,28,0.3735602811368662,passes_descriptive_tape_gate,,not_ready_for_sizing,conservative_q_not_below_10pct|block_interval_includes_zero_or_unavailable|largest_move_removal_sign_unstable_or_unavailable
georgia_dem,Democratic Georgia governor,GOVPARTYGA-26-D,electricity_datacenters,equipment_minus_generators,Equipment minus generators,relative_return_contrast,market_conditioned,0.1,True,True,36,43,0.8571428571428571,14,5,0.4649999999999999,0.61,5.000000000000004,1.0,2026-07-13,2026-09-04,estimated,0.013163465074356999,-0.0034610282707862026,2.4659781278657844,0.02402347813623764,0.022391462081336345,-0.0323923070623786,0.058719237211092595,-0.0357126686917582,0.0620395988404722,0.560615472613966,0.5874195508999894,0.3371992730260507,-0.06244533086545972,0.0490583905488811,500.0,0.004352151367097289,0.6693764641366756,2026-07-16,True,0.784171318772089,0.9915527907147141,0.9915527907147141,pilot_observational,False,estimated,36,0.013163465074356999,estimated,36,0.013163465074356999,Latest 28 calendar days; shorter than full equity regression window,553,28,0.3735602811368662,passes_descriptive_tape_gate,,not_ready_for_sizing,conservative_q_not_below_10pct|block_interval_includes_zero_or_unavailable
georgia_dem,Democratic Georgia governor,GOVPARTYGA-26-D,electricity_datacenters,hospitals_minus_managed_care,Hospitals minus managed care,relative_return_contrast,market_conditioned,0.1,True,True,36,43,0.8571428571428571,14,5,0.4649999999999999,0.61,5.000000000000004,1.0,2026-07-13,2026-09-04,estimated,-0.006278205996393453,0.0008548871185862218,0.3648021644907116,0.030684553071133203,0.0221615129613138,-0.05136614313080817,0.03880973113802126,-0.06870639861501003,0.05614998662222312,0.7787217523456808,0.8391376604986057,0.012608717205145004,-0.05604288033911294,0.04393103997010033,500.0,-0.016651626471392674,1.6522905557667724,2026-07-16,True,0.9019562336311837,0.9915527907147141,0.9915527907147141,pilot_observational,False,estimated,36,-0.006278205996393453,estimated,36,-0.006278205996393453,Latest 28 calendar days; shorter than full equity regression window,553,28,0.3735602811368662,passes_descriptive_tape_gate,,not_ready_for_sizing,conservative_q_not_below_10pct|block_interval_includes_zero_or_unavailable
datacenter_three_states,At least three binding state data-center moratoriums,KXMORATORIUMCOUNT-26DEC31-AL3,electricity_datacenters,sector_technology,Technology sector,sector,market_conditioned,0.1,True,True,23,43,0.5476190476190477,14,4,0.155,0.715,35.0,5.0,2026-07-22,2026-09-04,estimated,-0.0051020261257416575,-0.001234225731005568,2.033363578599126,0.0034658410421843544,0.0022629968840600055,-0.009822554907167375,-0.0003814973443159401,-0.012331643853772048,0.0021275916022887326,0.03553066962124941,0.15655905930592123,0.6767760744274913,-0.016451337045496835,0.006766224214911412,498.0,-0.002213022754752309,0.5662462911377953,2026-07-28,True,0.22856267538306246,0.9094769698122832,0.9094769698122832,pilot_observational,False,insufficient_observations,9,,estimated,25,-0.004691351284000416,Latest 28 calendar days; shorter than full equity regression window,65,18,0.508594260185658,veto_sizing_use,fewer_than_100_executions|top_five_volume_share_above_50pct_or_unavailable,not_ready_for_sizing,conservative_q_not_below_10pct|block_interval_includes_zero_or_unavailable|tight_spread_estimate_unavailable|tape_liquidity_veto_or_unavailable
datacenter_three_states,At least three binding state data-center moratoriums,KXMORATORIUMCOUNT-26DEC31-AL3,electricity_datacenters,sector_consumer_discretionary,Consumer discretionary sector,sector,market_conditioned,0.1,True,True,23,43,0.5476190476190477,14,4,0.155,0.715,35.0,5.0,2026-07-22,2026-09-04,estimated,0.003075176118760326,-0.0009453808180599081,1.1296711040212704,0.0019767251006779342,0.0008870753961655532,0.0012247692673900967,0.004925582970130555,-0.0010482001865467798,0.007198552424067432,0.002436055664974477,0.1354641287396691,0.40196370330588027,-0.004835653686765961,0.011879178725362025,498.0,0.0015096209922472183,0.5090944603017465,2026-07-28,True,0.034479557104254134,0.9094769698122832,0.9094769698122832,pilot_observational,False,insufficient_observations,9,,estimated,25,0.0037443746372689112,Latest 28 calendar days; shorter than full equity regression window,65,18,0.508594260185658,veto_sizing_use,fewer_than_100_executions|top_five_volume_share_above_50pct_or_unavailable,not_ready_for_sizing,conservative_q_not_below_10pct|block_interval_includes_zero_or_unavailable|tight_spread_estimate_unavailable|tape_liquidity_veto_or_unavailable
datacenter_three_states,At least three binding state data-center moratoriums,KXMORATORIUMCOUNT-26DEC31-AL3,electricity_datacenters,sector_communications,Communication services sector,sector,market_conditioned,0.1,True,True,23,43,0.5476190476190477,14,4,0.155,0.715,35.0,5.0,2026-07-22,2026-09-04,estimated,0.005127781229698147,0.0003279562417726415,0.5027821085693629,0.002376353194485222,0.0016925487126685014,0.0015971864823547599,0.008658375977041534,0.00017079532820850514,0.01008476713118779,0.006618984352736888,0.043278744359368355,0.2223521409309006,-0.002477310156676152,0.01931713399327267,498.0,0.005685242150847354,0.10871386593495956,2026-07-28,True,0.06580902434840322,0.5509107191595766,0.5509107191595766,pilot_observational,False,insufficient_observations,9,,estimated,25,0.0051296773837639035,Latest 28 calendar days; shorter than full equity regression window,65,18,0.508594260185658,veto_sizing_use,fewer_than_100_executions|top_five_volume_share_above_50pct_or_unavailable,not_ready_for_sizing,conservative_q_not_below_10pct|block_interval_includes_zero_or_unavailable|tight_spread_estimate_unavailable|tape_liquidity_veto_or_unavailable
datacenter_three_states,At least three binding state data-center moratoriums,KXMORATORIUMCOUNT-26DEC31-AL3,electricity_datacenters,sector_industrials,Industrials sector,sector,market_conditioned,0.1,True,True,23,43,0.5476190476190477,14,4,0.155,0.715,35.0,5.0,2026-07-22,2026-09-04,estimated,-0.0002945935242678906,-0.0012377486475603511,0.8794771035852622,0.002788647607810588,0.0006320796252004287,-0.0016130885181974918,0.0010239014696617108,-0.006111610501466169,0.005522423452930388,0.6462012457403267,0.9169201256492383,0.38985337727940317,-0.003146379497417172,0.0066223307978274405,498.0,0.0022625291443210023,8.68017270557365,2026-07-28,False,0.8432697107533341,0.9915527907147141,0.9915527907147141,pilot_observational,False,insufficient_observations,9,,estimated,25,-0.0009459792601754253,Latest 28 calendar days; shorter than full equity regression window,65,18,0.508594260185658,veto_sizing_use,fewer_than_100_executions|top_five_volume_share_above_50pct_or_unavailable,not_ready_for_sizing,conservative_q_not_below_10pct|block_interval_includes_zero_or_unavailable|tight_spread_estimate_unavailable|largest_move_removal_sign_unstable_or_unavailable|tape_liquidity_veto_or_unavailable
datacenter_three_states,At least three binding state data-center moratoriums,KXMORATORIUMCOUNT-26DEC31-AL3,electricity_datacenters,sector_utilities,Utilities sector,sector,market_conditioned,0.1,True,True,23,43,0.5476190476190477,14,4,0.155,0.715,35.0,5.0,2026-07-22,2026-09-04,estimated,-0.00207277370212241,-0.0004815048259147924,-0.0550977331749367,0.004007192186869073,0.0026141294314730897,-0.007525752142597169,0.003380204738352349,-0.010431630130100658,0.006286082725855837,0.4371350030669559,0.6106460782623752,0.04513862035833072,-0.011837259737904275,0.010596940808772591,498.0,-0.005079433680492248,1.4505490759995545,2026-07-28,True,0.737915968479999,0.9915527907147141,0.9915527907147141,pilot_observational,False,insufficient_observations,9,,estimated,25,-0.0028575457484520937,Latest 28 calendar days; shorter than full equity regression window,65,18,0.508594260185658,veto_sizing_use,fewer_than_100_executions|top_five_volume_share_above_50pct_or_unavailable,not_ready_for_sizing,conservative_q_not_below_10pct|block_interval_includes_zero_or_unavailable|tight_spread_estimate_unavailable|tape_liquidity_veto_or_unavailable
datacenter_three_states,At least three binding state data-center moratoriums,KXMORATORIUMCOUNT-26DEC31-AL3,electricity_datacenters,sector_real_estate,Real estate sector,sector,market_conditioned,0.1,True,True,23,43,0.5476190476190477,14,4,0.155,0.715,35.0,5.0,2026-07-22,2026-09-04,estimated,0.0014561117798200963,-0.00013287159318552648,-0.05654674471275861,0.0014489060296479284,0.0012486877556149056,-0.0011486052354410467,0.004060828795081239,-0.0015662532365485927,0.004478476796188785,0.2572866246967498,0.326914593393211,0.030439378172324116,-0.002323493858334268,0.01055223662258427,498.0,0.0010186435683937432,0.30043587140020434,2026-07-28,True,0.6013057054393637,0.9174737754878881,0.9174737754878881,pilot_observational,False,insufficient_observations,9,,estimated,25,0.0006471887805639871,Latest 28 calendar days; shorter than full equity regression window,65,18,0.508594260185658,veto_sizing_use,fewer_than_100_executions|top_five_volume_share_above_50pct_or_unavailable,not_ready_for_sizing,conservative_q_not_below_10pct|block_interval_includes_zero_or_unavailable|tight_spread_estimate_unavailable|tape_liquidity_veto_or_unavailable
datacenter_three_states,At least three binding state data-center moratoriums,KXMORATORIUMCOUNT-26DEC31-AL3,electricity_datacenters,sector_energy,Energy sector,sector,market_conditioned,0.1,True,True,23,43,0.5476190476190477,14,4,0.155,0.715,35.0,5.0,2026-07-22,2026-09-04,estimated,-0.005364251300728125,0.0003747088336937372,-0.4366230724986422,0.00418261643601593,0.0008628642199263414,-0.007164154523448047,-0.0035643480780082034,-0.014089036300190776,0.0033605336987345257,4.514047169131138e-06,0.21432933973566373,0.3573150933383141,-0.012424937437102873,-0.0013187478315625435,498.0,-0.009434006299576232,0.758680898916069,2026-07-28,True,0.00027686155970670984,0.9094769698122832,0.9094769698122832,pilot_observational,True,insufficient_observations,9,,estimated,25,-0.0035292888588587157,Latest 28 calendar days; shorter than full equity regression window,65,18,0.508594260185658,veto_sizing_use,fewer_than_100_executions|top_five_volume_share_above_50pct_or_unavailable,not_ready_for_sizing,conservative_q_not_below_10pct|tight_spread_estimate_unavailable|tape_liquidity_veto_or_unavailable
datacenter_three_states,At least three binding state data-center moratoriums,KXMORATORIUMCOUNT-26DEC31-AL3,electricity_datacenters,sector_financials,Financials sector,sector,market_conditioned,0.1,True,True,23,43,0.5476190476190477,14,4,0.155,0.715,35.0,5.0,2026-07-22,2026-09-04,estimated,0.0023253961008721747,0.000785046903913589,0.5154780929487375,0.0019294885669761572,0.0010933181798872518,4.4774341396123206e-05,0.004606017860348226,-0.0016994465217574821,0.006350238723501832,0.046062916017318496,0.24219767130870584,0.3608791440897643,-0.014464226190370263,0.004100913262954378,498.0,0.0006037235190306584,0.7403782010281076,2026-07-28,True,0.25649094522432386,0.9094769698122832,0.9094769698122832,pilot_observational,False,insufficient_observations,9,,estimated,25,0.0021037974257166396,Latest 28 calendar days; shorter than full equity regression window,65,18,0.508594260185658,veto_sizing_use,fewer_than_100_executions|top_five_volume_share_above_50pct_or_unavailable,not_ready_for_sizing,conservative_q_not_below_10pct|block_interval_includes_zero_or_unavailable|tight_spread_estimate_unavailable|tape_liquidity_veto_or_unavailable
datacenter_three_states,At least three binding state data-center moratoriums,KXMORATORIUMCOUNT-26DEC31-AL3,electricity_datacenters,sector_healthcare,Healthcare sector,sector,market_conditioned,0.1,True,True,23,43,0.5476190476190477,14,4,0.155,0.715,35.0,5.0,2026-07-22,2026-09-04,estimated,0.006288018135612968,0.0024796596912703478,-0.23479859260392613,0.0010301268522622407,0.0010026159016246277,0.004196598013176487,0.00837943825804945,0.004139211175746891,0.008436825095479045,4.009004347326088e-06,5.7676852730276955e-06,0.2074550291164795,0.0019440234684728183,0.014014943368841034,498.0,0.0064963002961602795,0.033123657733695064,2026-07-28,True,0.00027686155970670984,0.001061254090237096,0.001061254090237096,pilot_observational,True,insufficient_observations,9,,estimated,25,0.004583852354421742,Latest 28 calendar days; shorter than full equity regression window,65,18,0.508594260185658,veto_sizing_use,fewer_than_100_executions|top_five_volume_share_above_50pct_or_unavailable,not_ready_for_sizing,tight_spread_estimate_unavailable|tape_liquidity_veto_or_unavailable
datacenter_three_states,At least three binding state data-center moratoriums,KXMORATORIUMCOUNT-26DEC31-AL3,electricity_datacenters,sector_staples,Consumer staples sector,sector,market_conditioned,0.1,True,True,23,43,0.5476190476190477,14,4,0.155,0.715,35.0,5.0,2026-07-22,2026-09-04,estimated,0.003355032001630283,0.0009680298675249333,-0.20427812855905722,0.005595004457577021,0.00255306680345202,-0.001970572028798532,0.008680636032059099,-0.008315942784164955,0.015026006787425522,0.20367988885708926,0.5554743094250679,0.09008813618277489,-0.0218925596028665,0.006741463051661226,498.0,-0.0019441493321759441,1.5794726641150487,2026-07-28,False,0.5709331656649559,0.9915527907147141,0.9915527907147141,pilot_observational,False,insufficient_observations,9,,estimated,25,0.0028236843641687884,Latest 28 calendar days; shorter than full equity regression window,65,18,0.508594260185658,veto_sizing_use,fewer_than_100_executions|top_five_volume_share_above_50pct_or_unavailable,not_ready_for_sizing,conservative_q_not_below_10pct|block_interval_includes_zero_or_unavailable|tight_spread_estimate_unavailable|largest_move_removal_sign_unstable_or_unavailable|tape_liquidity_veto_or_unavailable
datacenter_three_states,At least three binding state data-center moratoriums,KXMORATORIUMCOUNT-26DEC31-AL3,electricity_datacenters,cloud_platforms,Cloud platforms,theme,market_conditioned,0.1,True,True,23,43,0.5476190476190477,14,4,0.155,0.715,35.0,5.0,2026-07-22,2026-09-04,estimated,8.347931092592386e-05,0.003106454342213065,1.9850237528788288,0.003313931289060926,0.002522956548017893,-0.005179315827279464,0.005346274449131312,-0.006829260224805813,0.006996218846657661,0.9739324916718014,0.9801527304952278,0.4016813887772428,-0.015444830647802181,0.008756219979792163,498.0,-0.001310058503532185,16.693211755121908,2026-07-28,False,0.9846350465253377,0.9915527907147141,0.9915527907147141,pilot_observational,False,insufficient_observations,9,,estimated,25,0.0017250860338217785,Latest 28 calendar days; shorter than full equity regression window,65,18,0.508594260185658,veto_sizing_use,fewer_than_100_executions|top_five_volume_share_above_50pct_or_unavailable,not_ready_for_sizing,conservative_q_not_below_10pct|block_interval_includes_zero_or_unavailable|tight_spread_estimate_unavailable|largest_move_removal_sign_unstable_or_unavailable|tape_liquidity_veto_or_unavailable
datacenter_three_states,At least three binding state data-center moratoriums,KXMORATORIUMCOUNT-26DEC31-AL3,electricity_datacenters,electrical_equipment,Electrical equipment,theme,market_conditioned,0.1,True,True,23,43,0.5476190476190477,14,4,0.155,0.715,35.0,5.0,2026-07-22,2026-09-04,estimated,-0.004948759506049951,-0.006319076424301845,3.1356449874401493,0.021578342357356218,0.004112240803706474,-0.013526743508936855,0.003629224496836954,-0.049960392916083736,0.04006287390398384,0.2428649452073184,0.8209343423942653,0.4038880515663261,-0.008714978543887364,0.032388617221407005,498.0,0.016236664322993415,4.280956430221309,2026-07-28,False,0.5958286655752878,0.9915527907147141,0.9915527907147141,pilot_observational,False,insufficient_observations,9,,estimated,25,-0.0056566045260410544,Latest 28 calendar days; shorter than full equity regression window,65,18,0.508594260185658,veto_sizing_use,fewer_than_100_executions|top_five_volume_share_above_50pct_or_unavailable,not_ready_for_sizing,conservative_q_not_below_10pct|block_interval_includes_zero_or_unavailable|tight_spread_estimate_unavailable|largest_move_removal_sign_unstable_or_unavailable|tape_liquidity_veto_or_unavailable
datacenter_three_states,At least three binding state data-center moratoriums,KXMORATORIUMCOUNT-26DEC31-AL3,electricity_datacenters,regulated_utilities,Regulated utilities,theme,market_conditioned,0.1,True,True,23,43,0.5476190476190477,14,4,0.155,0.715,35.0,5.0,2026-07-22,2026-09-04,estimated,-0.0007841832443595993,-0.0007482383790381685,-0.16804661757237843,0.0034890718986705107,0.0026460686088609353,-0.006303785641401145,0.004735419152681946,-0.008062259689868791,0.006493893201149592,0.7700123202738028,0.8244509307117789,0.024463656257481148,-0.009764482948708908,0.01496716049517459,498.0,-0.0030936438186069167,2.94505218118162,2026-07-28,True,0.9019562336311837,0.9915527907147141,0.9915527907147141,pilot_observational,False,insufficient_observations,9,,estimated,25,-0.0009711220451358966,Latest 28 calendar days; shorter than full equity regression window,65,18,0.508594260185658,veto_sizing_use,fewer_than_100_executions|top_five_volume_share_above_50pct_or_unavailable,not_ready_for_sizing,conservative_q_not_below_10pct|block_interval_includes_zero_or_unavailable|tight_spread_estimate_unavailable|tape_liquidity_veto_or_unavailable
datacenter_three_states,At least three binding state data-center moratoriums,KXMORATORIUMCOUNT-26DEC31-AL3,electricity_datacenters,power_generators,Power generators,theme,market_conditioned,0.1,True,True,23,43,0.5476190476190477,14,4,0.155,0.715,35.0,5.0,2026-07-22,2026-09-04,estimated,-0.011835653129665868,0.0012029518457307249,0.5768338323975489,0.0058143186753706255,0.0020952699522862298,-0.016206309662289434,-0.007464996597042302,-0.02396410935724427,0.00029280309791253345,1.5773623406557563e-05,0.05525591718851349,0.1584548673688717,-0.017313341533859952,0.02671042265173834,498.0,-0.007099492047621399,0.4001605175614145,2026-07-28,True,0.0006933173111865319,0.5980640448639107,0.5980640448639107,pilot_observational,False,insufficient_observations,9,,estimated,25,-0.011477454755643893,Latest 28 calendar days; shorter than full equity regression window,65,18,0.508594260185658,veto_sizing_use,fewer_than_100_executions|top_five_volume_share_above_50pct_or_unavailable,not_ready_for_sizing,conservative_q_not_below_10pct|block_interval_includes_zero_or_unavailable|tight_spread_estimate_unavailable|tape_liquidity_veto_or_unavailable
datacenter_three_states,At least three binding state data-center moratoriums,KXMORATORIUMCOUNT-26DEC31-AL3,electricity_datacenters,data_center_reits,Data-center REITs,theme,market_conditioned,0.1,True,True,23,43,0.5476190476190477,14,4,0.155,0.715,35.0,5.0,2026-07-22,2026-09-04,estimated,-0.005827519470300196,2.9594326906465197e-05,0.9959525060600372,0.005491965296786026,0.002610902697878529,-0.011273767062442637,-0.0003812718781577556,-0.017283558333048468,0.005628519392448076,0.037214318486713104,0.3012911600682944,0.16634562645346218,-0.014690189041046442,0.02413247911176788,498.0,-0.009748814581478853,0.6728926657668733,2026-07-28,True,0.22856267538306246,0.9174737754878881,0.9174737754878881,pilot_observational,False,insufficient_observations,9,,estimated,25,-0.007147213540403999,Latest 28 calendar days; shorter than full equity regression window,65,18,0.508594260185658,veto_sizing_use,fewer_than_100_executions|top_five_volume_share_above_50pct_or_unavailable,not_ready_for_sizing,conservative_q_not_below_10pct|block_interval_includes_zero_or_unavailable|tight_spread_estimate_unavailable|tape_liquidity_veto_or_unavailable
datacenter_three_states,At least three binding state data-center moratoriums,KXMORATORIUMCOUNT-26DEC31-AL3,electricity_datacenters,integrated_energy,Integrated energy,theme,market_conditioned,0.1,True,True,23,43,0.5476190476190477,14,4,0.155,0.715,35.0,5.0,2026-07-22,2026-09-04,estimated,-0.004684724713231949,0.0004325805351811555,-0.7335205927165065,0.004151078671106746,0.0010520080846233935,-0.006879175123984522,-0.002490274302479376,-0.013343723087885577,0.00397427366142168,0.0002440254498127549,0.27244129420207136,0.3979552703930812,-0.010862445908433367,0.0056766361759171165,498.0,-0.008654000036621748,0.8472803774741829,2026-07-28,True,0.005612585345693363,0.9174737754878881,0.9174737754878881,pilot_observational,False,insufficient_observations,9,,estimated,25,-0.0029611900927027607,Latest 28 calendar days; shorter than full equity regression window,65,18,0.508594260185658,veto_sizing_use,fewer_than_100_executions|top_five_volume_share_above_50pct_or_unavailable,not_ready_for_sizing,conservative_q_not_below_10pct|block_interval_includes_zero_or_unavailable|tight_spread_estimate_unavailable|tape_liquidity_veto_or_unavailable
datacenter_three_states,At least three binding state data-center moratoriums,KXMORATORIUMCOUNT-26DEC31-AL3,electricity_datacenters,homebuilders,Homebuilders,theme,market_conditioned,0.1,True,True,23,43,0.5476190476190477,14,4,0.155,0.715,35.0,5.0,2026-07-22,2026-09-04,estimated,0.005578520945886946,0.0008690552892666068,1.0880975115663274,0.003932601942094378,0.0029187289866116893,-0.0005098410326603749,0.011666882924434267,-0.002624742957968675,0.013781784849742566,0.07040617131831362,0.1714311169326314,0.28560422667526864,-0.0070030353716436355,0.022111382928174956,498.0,0.002663614723885128,0.5225231293880834,2026-07-28,True,0.33217270570691554,0.9094769698122832,0.9094769698122832,pilot_observational,False,insufficient_observations,9,,estimated,25,0.005377991375044202,Latest 28 calendar days; shorter than full equity regression window,65,18,0.508594260185658,veto_sizing_use,fewer_than_100_executions|top_five_volume_share_above_50pct_or_unavailable,not_ready_for_sizing,conservative_q_not_below_10pct|block_interval_includes_zero_or_unavailable|tight_spread_estimate_unavailable|tape_liquidity_veto_or_unavailable
datacenter_three_states,At least three binding state data-center moratoriums,KXMORATORIUMCOUNT-26DEC31-AL3,electricity_datacenters,machinery_distribution,Machinery and distribution,theme,market_conditioned,0.1,True,True,23,43,0.5476190476190477,14,4,0.155,0.715,35.0,5.0,2026-07-22,2026-09-04,estimated,-0.0006914443040048629,0.0016484473043525067,0.8749619199788553,0.0026833962224880616,0.002435549560572375,-0.005771911661363274,0.004389023053353548,-0.006288910738646257,0.004906022130636531,0.779407832322599,0.799290394781068,0.21005929386322697,-0.01175873984658564,0.015078006981736837,498.0,-0.0001864619032175593,0.7303298296947892,2026-07-28,True,0.9019562336311837,0.9915527907147141,0.9915527907147141,pilot_observational,False,insufficient_observations,9,,estimated,25,-0.0012193566788916933,Latest 28 calendar days; shorter than full equity regression window,65,18,0.508594260185658,veto_sizing_use,fewer_than_100_executions|top_five_volume_share_above_50pct_or_unavailable,not_ready_for_sizing,conservative_q_not_below_10pct|block_interval_includes_zero_or_unavailable|tight_spread_estimate_unavailable|tape_liquidity_veto_or_unavailable
datacenter_three_states,At least three binding state data-center moratoriums,KXMORATORIUMCOUNT-26DEC31-AL3,electricity_datacenters,managed_care,Managed care (UNH only),single_company_proxy,market_conditioned,0.1,True,True,23,43,0.5476190476190477,14,4,0.155,0.715,35.0,5.0,2026-07-22,2026-09-04,estimated,0.006769847387058538,-0.002101021207414033,0.06595948239669944,0.0036543516982292354,0.0016094886836144594,0.0034125128242507227,0.010127181949866353,-0.0008529966789015825,0.014392691453018658,0.00043436569125665086,0.07876458383537153,0.20818717502734185,-0.017519516359803877,0.009568360212372683,498.0,0.0033632581287276427,0.50320030328055,2026-07-28,True,0.007265753381020341,0.7627728118793875,0.7627728118793875,pilot_observational,False,insufficient_observations,9,,estimated,25,0.00518122586950635,Latest 28 calendar days; shorter than full equity regression window,65,18,0.508594260185658,veto_sizing_use,fewer_than_100_executions|top_five_volume_share_above_50pct_or_unavailable,not_ready_for_sizing,conservative_q_not_below_10pct|block_interval_includes_zero_or_unavailable|tight_spread_estimate_unavailable|tape_liquidity_veto_or_unavailable
datacenter_three_states,At least three binding state data-center moratoriums,KXMORATORIUMCOUNT-26DEC31-AL3,electricity_datacenters,hospitals,Hospitals (HCA only),single_company_proxy,market_conditioned,0.1,True,True,23,43,0.5476190476190477,14,4,0.155,0.715,35.0,5.0,2026-07-22,2026-09-04,estimated,0.017655724488958274,0.004278038803518029,-0.3003065618239751,0.0065031294525068825,0.004082408347891799,0.009139969898442957,0.026171479079473592,0.004090434158190848,0.031221014819725702,0.0003292050243295286,0.013333936042514238,0.4234166483723729,0.002476709639287214,0.03437389065291218,498.0,0.01216383988103209,0.31105404999725483,2026-07-28,True,0.006730413830737029,0.35434053124230414,0.35434053124230414,pilot_observational,True,insufficient_observations,9,,estimated,25,0.013583689763434619,Latest 28 calendar days; shorter than full equity regression window,65,18,0.508594260185658,veto_sizing_use,fewer_than_100_executions|top_five_volume_share_above_50pct_or_unavailable,not_ready_for_sizing,conservative_q_not_below_10pct|tight_spread_estimate_unavailable|tape_liquidity_veto_or_unavailable
datacenter_three_states,At least three binding state data-center moratoriums,KXMORATORIUMCOUNT-26DEC31-AL3,electricity_datacenters,generators_minus_regulated,Generators minus regulated utilities,relative_return_contrast,market_conditioned,0.1,True,True,23,43,0.5476190476190477,14,4,0.155,0.715,35.0,5.0,2026-07-22,2026-09-04,estimated,-0.011051469885306269,0.0019511902247688934,0.7448804499699274,0.007669336976257695,0.0030522737177027187,-0.017418401291484427,-0.0046845384791281116,-0.027049426482544325,0.0049464867119317895,0.0017042321384289642,0.1650602476089373,0.15278086734837426,-0.015210957654155125,0.026108701261563762,498.0,-0.004005848229014485,0.6375280147719942,2026-07-28,True,0.026131559455910783,0.9094769698122832,0.9094769698122832,pilot_observational,False,insufficient_observations,9,,estimated,25,-0.010506332710507996,Latest 28 calendar days; shorter than full equity regression window,65,18,0.508594260185658,veto_sizing_use,fewer_than_100_executions|top_five_volume_share_above_50pct_or_unavailable,not_ready_for_sizing,conservative_q_not_below_10pct|block_interval_includes_zero_or_unavailable|tight_spread_estimate_unavailable|tape_liquidity_veto_or_unavailable
datacenter_three_states,At least three binding state data-center moratoriums,KXMORATORIUMCOUNT-26DEC31-AL3,electricity_datacenters,equipment_minus_generators,Equipment minus generators,relative_return_contrast,market_conditioned,0.1,True,True,23,43,0.5476190476190477,14,4,0.155,0.715,35.0,5.0,2026-07-22,2026-09-04,estimated,0.0068868936236159166,-0.007522028270032567,2.5588111550425996,0.01680392300992714,0.003952067114457433,-0.0013569739182837668,0.0151307611655156,-0.028165475545761872,0.0419392627929937,0.09675934970391815,0.6862810448192969,0.39921260472131836,-0.009009169639268896,0.027797547102320207,498.0,0.023336156370614813,2.3884879956026275,2026-07-28,True,0.3788025605429987,0.9915527907147141,0.9915527907147141,pilot_observational,False,insufficient_observations,9,,estimated,25,0.00582085022960284,Latest 28 calendar days; shorter than full equity regression window,65,18,0.508594260185658,veto_sizing_use,fewer_than_100_executions|top_five_volume_share_above_50pct_or_unavailable,not_ready_for_sizing,conservative_q_not_below_10pct|block_interval_includes_zero_or_unavailable|tight_spread_estimate_unavailable|tape_liquidity_veto_or_unavailable
datacenter_three_states,At least three binding state data-center moratoriums,KXMORATORIUMCOUNT-26DEC31-AL3,electricity_datacenters,hospitals_minus_managed_care,Hospitals minus managed care,relative_return_contrast,market_conditioned,0.1,True,True,23,43,0.5476190476190477,14,4,0.155,0.715,35.0,5.0,2026-07-22,2026-09-04,estimated,0.010885877101899736,0.006379060010932061,-0.36626604422067444,0.00401696643247721,0.003290463637074524,0.004022090230404789,0.017749663973394683,0.002506631954858316,0.019265122248941155,0.0035087975750308868,0.01348034629726157,0.20148029797621259,-0.0017324238276418369,0.03341077715586371,498.0,0.008800581752304444,0.1915596997904173,2026-07-28,True,0.04611562527183451,0.35434053124230414,0.35434053124230414,pilot_observational,False,insufficient_observations,9,,estimated,25,0.00840246389392827,Latest 28 calendar days; shorter than full equity regression window,65,18,0.508594260185658,veto_sizing_use,fewer_than_100_executions|top_five_volume_share_above_50pct_or_unavailable,not_ready_for_sizing,conservative_q_not_below_10pct|block_interval_includes_zero_or_unavailable|tight_spread_estimate_unavailable|tape_liquidity_veto_or_unavailable
federal_ai_framework,Federal AI framework before 2027,KXAIBILL-26JUN-27JAN01,ai_jobs_regulation,sector_technology,Technology sector,sector,market_conditioned,0.1,True,True,31,43,0.7380952380952381,7,0,0.075,0.115,3.0,6.0,2026-07-24,2026-09-04,estimated,0.01490627058609931,-0.0009960959594527293,2.0021006683636586,0.04160309380328778,0.03210892574275561,-0.05086588222073449,0.0806784233929331,-0.07031380388133289,0.1001263450535315,0.6460647185077618,0.7228082119596483,0.6243469606742542,-0.05458814290438011,0.06388683252293505,500.0,-0.012776239039408197,1.8571049992425703,2026-07-28,False,0.8432697107533341,0.9915527907147141,0.9915527907147141,pilot_observational,False,insufficient_observations,4,,estimated,31,0.01490627058609931,Latest 28 calendar days; shorter than full equity regression window,9,5,0.9763809165333583,veto_sizing_use,fewer_than_100_executions|fewer_than_10_active_days|top_five_volume_share_above_50pct_or_unavailable,not_ready_for_sizing,conservative_q_not_below_10pct|block_interval_includes_zero_or_unavailable|tight_spread_estimate_unavailable|largest_move_removal_sign_unstable_or_unavailable|fewer_than_10_meaningful_days|fewer_than_3_moves_exceeding_quote_noise_rule|tape_liquidity_veto_or_unavailable
federal_ai_framework,Federal AI framework before 2027,KXAIBILL-26JUN-27JAN01,ai_jobs_regulation,sector_consumer_discretionary,Consumer discretionary sector,sector,market_conditioned,0.1,True,True,31,43,0.7380952380952381,7,0,0.075,0.115,3.0,6.0,2026-07-24,2026-09-04,estimated,-0.008791297411748595,0.000589695816612788,0.8676809944337489,0.022445807705494706,0.018426013516286244,-0.046535275093325064,0.02895268026982787,-0.0547694502190467,0.03718685539554951,0.6369844016618418,0.6982688204698442,0.2802516625389633,-0.03679410731573725,0.032237546194556425,500.0,0.00601662404234941,1.6843840858243357,2026-07-28,False,0.8432023734228697,0.9915527907147141,0.9915527907147141,pilot_observational,False,insufficient_observations,4,,estimated,31,-0.008791297411748595,Latest 28 calendar days; shorter than full equity regression window,9,5,0.9763809165333583,veto_sizing_use,fewer_than_100_executions|fewer_than_10_active_days|top_five_volume_share_above_50pct_or_unavailable,not_ready_for_sizing,conservative_q_not_below_10pct|block_interval_includes_zero_or_unavailable|tight_spread_estimate_unavailable|largest_move_removal_sign_unstable_or_unavailable|fewer_than_10_meaningful_days|fewer_than_3_moves_exceeding_quote_noise_rule|tape_liquidity_veto_or_unavailable
federal_ai_framework,Federal AI framework before 2027,KXAIBILL-26JUN-27JAN01,ai_jobs_regulation,sector_communications,Communication services sector,sector,market_conditioned,0.1,True,True,31,43,0.7380952380952381,7,0,0.075,0.115,3.0,6.0,2026-07-24,2026-09-04,estimated,-0.002976660855529215,0.0014156354024696038,0.4436890402559473,0.045678824101632196,0.032329779503896344,-0.06920121208397603,0.06324789037291761,-0.09654549037412138,0.09059216866306297,0.9272965897022817,0.9485056647549991,0.06760423743038069,-0.0541730074353302,0.06013990652931375,500.0,0.020891974164089055,8.018594048187163,2026-07-28,False,0.9733581796064962,0.9915527907147141,0.9915527907147141,pilot_observational,False,insufficient_observations,4,,estimated,31,-0.002976660855529215,Latest 28 calendar days; shorter than full equity regression window,9,5,0.9763809165333583,veto_sizing_use,fewer_than_100_executions|fewer_than_10_active_days|top_five_volume_share_above_50pct_or_unavailable,not_ready_for_sizing,conservative_q_not_below_10pct|block_interval_includes_zero_or_unavailable|tight_spread_estimate_unavailable|largest_move_removal_sign_unstable_or_unavailable|fewer_than_10_meaningful_days|fewer_than_3_moves_exceeding_quote_noise_rule|tape_liquidity_veto_or_unavailable
federal_ai_framework,Federal AI framework before 2027,KXAIBILL-26JUN-27JAN01,ai_jobs_regulation,sector_industrials,Industrials sector,sector,market_conditioned,0.1,True,True,31,43,0.7380952380952381,7,0,0.075,0.115,3.0,6.0,2026-07-24,2026-09-04,estimated,0.008212804068110821,-0.002626480028520876,1.0846933243144317,0.009117151355868549,0.005509616798815561,-0.003073134331138032,0.019498742467359675,-0.010462833882078517,0.02688844201830016,0.14723883483686162,0.37537347769221313,0.6031231192115023,-0.0096038511296847,0.01687713608017161,500.0,0.006055420460892577,0.26268538605408415,2026-07-28,True,0.49258082927240976,0.9727988717657353,0.9727988717657353,pilot_observational,False,insufficient_observations,4,,estimated,31,0.008212804068110821,Latest 28 calendar days; shorter than full equity regression window,9,5,0.9763809165333583,veto_sizing_use,fewer_than_100_executions|fewer_than_10_active_days|top_five_volume_share_above_50pct_or_unavailable,not_ready_for_sizing,conservative_q_not_below_10pct|block_interval_includes_zero_or_unavailable|tight_spread_estimate_unavailable|fewer_than_10_meaningful_days|fewer_than_3_moves_exceeding_quote_noise_rule|tape_liquidity_veto_or_unavailable
federal_ai_framework,Federal AI framework before 2027,KXAIBILL-26JUN-27JAN01,ai_jobs_regulation,sector_utilities,Utilities sector,sector,market_conditioned,0.1,True,True,31,43,0.7380952380952381,7,0,0.075,0.115,3.0,6.0,2026-07-24,2026-09-04,estimated,-0.007264948721237198,-0.0023814741389980767,0.09502557351592902,0.013250219097176306,0.010579664843405296,-0.028936409744268685,0.014406512301794287,-0.03440679215024489,0.019876894707770494,0.49792622532545416,0.5878387975953995,0.013136267789075617,-0.03925514180338627,0.012408144302899797,500.0,-0.012769567228331015,0.757695438510459,2026-07-28,True,0.784171318772089,0.9915527907147141,0.9915527907147141,pilot_observational,False,insufficient_observations,4,,estimated,31,-0.007264948721237198,Latest 28 calendar days; shorter than full equity regression window,9,5,0.9763809165333583,veto_sizing_use,fewer_than_100_executions|fewer_than_10_active_days|top_five_volume_share_above_50pct_or_unavailable,not_ready_for_sizing,conservative_q_not_below_10pct|block_interval_includes_zero_or_unavailable|tight_spread_estimate_unavailable|fewer_than_10_meaningful_days|fewer_than_3_moves_exceeding_quote_noise_rule|tape_liquidity_veto_or_unavailable
federal_ai_framework,Federal AI framework before 2027,KXAIBILL-26JUN-27JAN01,ai_jobs_regulation,sector_real_estate,Real estate sector,sector,market_conditioned,0.1,True,True,31,43,0.7380952380952381,7,0,0.075,0.115,3.0,6.0,2026-07-24,2026-09-04,estimated,-0.019601917970398224,-0.0010025569126509623,0.14358529787343077,0.01549144238821706,0.012247400358955456,-0.044689580334108234,0.005485744393311783,-0.051334699195131644,0.012130863254335197,0.12071259375154067,0.2161789561664394,0.06388034252957664,-0.041103657264067936,0.0073097350304169115,500.0,-0.01922527054623033,0.019214825035829938,2026-07-28,True,0.45179387365326973,0.9094769698122832,0.9094769698122832,pilot_observational,False,insufficient_observations,4,,estimated,31,-0.019601917970398224,Latest 28 calendar days; shorter than full equity regression window,9,5,0.9763809165333583,veto_sizing_use,fewer_than_100_executions|fewer_than_10_active_days|top_five_volume_share_above_50pct_or_unavailable,not_ready_for_sizing,conservative_q_not_below_10pct|block_interval_includes_zero_or_unavailable|tight_spread_estimate_unavailable|fewer_than_10_meaningful_days|fewer_than_3_moves_exceeding_quote_noise_rule|tape_liquidity_veto_or_unavailable
federal_ai_framework,Federal AI framework before 2027,KXAIBILL-26JUN-27JAN01,ai_jobs_regulation,sector_energy,Energy sector,sector,market_conditioned,0.1,True,True,31,43,0.7380952380952381,7,0,0.075,0.115,3.0,6.0,2026-07-24,2026-09-04,estimated,0.023506543833916774,0.0036722445266792747,-0.7252463142463001,0.03774024146967365,0.029006915769110353,-0.035911429588982,0.08292451725681554,-0.05380083632563981,0.10081392399347336,0.42455780531187953,0.5384228271783869,0.1511771573952001,-0.03370250995339029,0.08876717907573715,500.0,0.010369597100019917,0.558863388285181,2026-07-28,True,0.737915968479999,0.9915527907147141,0.9915527907147141,pilot_observational,False,insufficient_observations,4,,estimated,31,0.023506543833916774,Latest 28 calendar days; shorter than full equity regression window,9,5,0.9763809165333583,veto_sizing_use,fewer_than_100_executions|fewer_than_10_active_days|top_five_volume_share_above_50pct_or_unavailable,not_ready_for_sizing,conservative_q_not_below_10pct|block_interval_includes_zero_or_unavailable|tight_spread_estimate_unavailable|fewer_than_10_meaningful_days|fewer_than_3_moves_exceeding_quote_noise_rule|tape_liquidity_veto_or_unavailable
federal_ai_framework,Federal AI framework before 2027,KXAIBILL-26JUN-27JAN01,ai_jobs_regulation,sector_financials,Financials sector,sector,market_conditioned,0.1,True,True,31,43,0.7380952380952381,7,0,0.075,0.115,3.0,6.0,2026-07-24,2026-09-04,estimated,-0.02724718148889586,0.00028029790159453627,0.6476537487054725,0.01477067774458324,0.012546707290120368,-0.05294794630799289,-0.0015464166697988294,-0.05750354327005626,0.0030091802922645357,0.03850784204823335,0.0756875415551286,0.4305200990367962,-0.052103232914147,0.003627406493071554,500.0,-0.02310843389225662,0.15189635663145262,2026-07-28,True,0.22856267538306246,0.7627728118793875,0.7627728118793875,pilot_observational,False,insufficient_observations,4,,estimated,31,-0.02724718148889586,Latest 28 calendar days; shorter than full equity regression window,9,5,0.9763809165333583,veto_sizing_use,fewer_than_100_executions|fewer_than_10_active_days|top_five_volume_share_above_50pct_or_unavailable,not_ready_for_sizing,conservative_q_not_below_10pct|block_interval_includes_zero_or_unavailable|tight_spread_estimate_unavailable|fewer_than_10_meaningful_days|fewer_than_3_moves_exceeding_quote_noise_rule|tape_liquidity_veto_or_unavailable
federal_ai_framework,Federal AI framework before 2027,KXAIBILL-26JUN-27JAN01,ai_jobs_regulation,sector_healthcare,Healthcare sector,sector,market_conditioned,0.1,True,True,31,43,0.7380952380952381,7,0,0.075,0.115,3.0,6.0,2026-07-24,2026-09-04,estimated,-0.010101656650851882,0.001995453998228596,-0.028494810051887393,0.032231377824317564,0.024872237579441202,-0.06105012574100733,0.04084681243930357,-0.07612464117608489,0.05592132787438112,0.6877257404416154,0.7562915532450986,0.008384698815304459,-0.04853846268590946,0.057958937308371664,500.0,0.0190195353892224,2.8828134875895297,2026-07-28,False,0.8492720553104512,0.9915527907147141,0.9915527907147141,pilot_observational,False,insufficient_observations,4,,estimated,31,-0.010101656650851882,Latest 28 calendar days; shorter than full equity regression window,9,5,0.9763809165333583,veto_sizing_use,fewer_than_100_executions|fewer_than_10_active_days|top_five_volume_share_above_50pct_or_unavailable,not_ready_for_sizing,conservative_q_not_below_10pct|block_interval_includes_zero_or_unavailable|tight_spread_estimate_unavailable|largest_move_removal_sign_unstable_or_unavailable|fewer_than_10_meaningful_days|fewer_than_3_moves_exceeding_quote_noise_rule|tape_liquidity_veto_or_unavailable
federal_ai_framework,Federal AI framework before 2027,KXAIBILL-26JUN-27JAN01,ai_jobs_regulation,sector_staples,Consumer staples sector,sector,market_conditioned,0.1,True,True,31,43,0.7380952380952381,7,0,0.075,0.115,3.0,6.0,2026-07-24,2026-09-04,estimated,-0.043596639298278464,0.00047282553368395436,-0.07840457538932877,0.024507913056595197,0.01808159364836952,-0.08063510486263814,-0.006558173733918787,-0.093798823433905,0.006605544837348078,0.0227131332211211,0.08611950616020542,0.19794918949935292,-0.07757635551990705,-0.007225448545566762,500.0,-0.033375041000936065,0.23445840004796029,2026-07-28,True,0.1648359820694834,0.7922994566738899,0.7922994566738899,pilot_observational,True,insufficient_observations,4,,estimated,31,-0.043596639298278464,Latest 28 calendar days; shorter than full equity regression window,9,5,0.9763809165333583,veto_sizing_use,fewer_than_100_executions|fewer_than_10_active_days|top_five_volume_share_above_50pct_or_unavailable,not_ready_for_sizing,conservative_q_not_below_10pct|tight_spread_estimate_unavailable|fewer_than_10_meaningful_days|fewer_than_3_moves_exceeding_quote_noise_rule|tape_liquidity_veto_or_unavailable
federal_ai_framework,Federal AI framework before 2027,KXAIBILL-26JUN-27JAN01,ai_jobs_regulation,cloud_platforms,Cloud platforms,theme,market_conditioned,0.1,True,True,31,43,0.7380952380952381,7,0,0.075,0.115,3.0,6.0,2026-07-24,2026-09-04,estimated,0.026383320922711638,0.0027985002404442853,1.7415473306261247,0.03285396659080402,0.02659004578229135,-0.028083918758396505,0.08085056060381979,-0.04091497887819371,0.09368162072361699,0.3295852936031231,0.42871133006582424,0.32357136983129386,-0.022236568818101578,0.0856400108405894,500.0,0.043734924626170305,0.6576732229535908,2026-07-28,True,0.6781879880476129,0.9915527907147141,0.9915527907147141,pilot_observational,False,insufficient_observations,4,,estimated,31,0.026383320922711638,Latest 28 calendar days; shorter than full equity regression window,9,5,0.9763809165333583,veto_sizing_use,fewer_than_100_executions|fewer_than_10_active_days|top_five_volume_share_above_50pct_or_unavailable,not_ready_for_sizing,conservative_q_not_below_10pct|block_interval_includes_zero_or_unavailable|tight_spread_estimate_unavailable|fewer_than_10_meaningful_days|fewer_than_3_moves_exceeding_quote_noise_rule|tape_liquidity_veto_or_unavailable
federal_ai_framework,Federal AI framework before 2027,KXAIBILL-26JUN-27JAN01,ai_jobs_regulation,electrical_equipment,Electrical equipment,theme,market_conditioned,0.1,True,True,31,43,0.7380952380952381,7,0,0.075,0.115,3.0,6.0,2026-07-24,2026-09-04,estimated,0.09833919306475553,-0.004329056950941518,3.0009844679523474,0.04316932177782487,0.033604999657930415,0.029502471765424088,0.16717591436408696,0.009910846028602038,0.186767540100909,0.00673486784883686,0.03055930993651343,0.43976720497793464,-0.04233140267416399,0.13307672562480777,500.0,0.06675069797188835,0.32121979150333707,2026-07-28,True,0.06580902434840322,0.4685760856932059,0.4685760856932059,pilot_observational,False,insufficient_observations,4,,estimated,31,0.09833919306475553,Latest 28 calendar days; shorter than full equity regression window,9,5,0.9763809165333583,veto_sizing_use,fewer_than_100_executions|fewer_than_10_active_days|top_five_volume_share_above_50pct_or_unavailable,not_ready_for_sizing,conservative_q_not_below_10pct|block_interval_includes_zero_or_unavailable|tight_spread_estimate_unavailable|fewer_than_10_meaningful_days|fewer_than_3_moves_exceeding_quote_noise_rule|tape_liquidity_veto_or_unavailable
federal_ai_framework,Federal AI framework before 2027,KXAIBILL-26JUN-27JAN01,ai_jobs_regulation,regulated_utilities,Regulated utilities,theme,market_conditioned,0.1,True,True,31,43,0.7380952380952381,7,0,0.075,0.115,3.0,6.0,2026-07-24,2026-09-04,estimated,-0.02365267803623607,-0.0022988314564053834,0.028914822208749788,0.019399635436924103,0.014863724000155454,-0.0540996364318279,0.006794280359355757,-0.06339102981345553,0.01608567374098339,0.12277007436230156,0.23292758930254198,0.05663022095540515,-0.06582621566446852,-0.001342415350305038,500.0,-0.03209058356854602,0.3567420788201244,2026-07-28,True,0.45179387365326973,0.9094769698122832,0.9094769698122832,pilot_observational,True,insufficient_observations,4,,estimated,31,-0.02365267803623607,Latest 28 calendar days; shorter than full equity regression window,9,5,0.9763809165333583,veto_sizing_use,fewer_than_100_executions|fewer_than_10_active_days|top_five_volume_share_above_50pct_or_unavailable,not_ready_for_sizing,conservative_q_not_below_10pct|tight_spread_estimate_unavailable|fewer_than_10_meaningful_days|fewer_than_3_moves_exceeding_quote_noise_rule|tape_liquidity_veto_or_unavailable
federal_ai_framework,Federal AI framework before 2027,KXAIBILL-26JUN-27JAN01,ai_jobs_regulation,power_generators,Power generators,theme,market_conditioned,0.1,True,True,31,43,0.7380952380952381,7,0,0.075,0.115,3.0,6.0,2026-07-24,2026-09-04,estimated,0.12849618209995953,-0.0002689377172472806,0.40306974803080897,0.03183310109273285,0.029841695728974642,0.0673682394454472,0.18962412475447185,0.06328903047611552,0.19370333372380355,0.00018411970654637198,0.0003809419875372135,0.30349817511000843,0.022381949411245074,0.17487976048330933,500.0,0.11622599296366519,0.09549069035178907,2026-07-28,True,0.004839718000647491,0.02336444190228243,0.02336444190228243,pilot_observational,True,insufficient_observations,4,,estimated,31,0.12849618209995953,Latest 28 calendar days; shorter than full equity regression window,9,5,0.9763809165333583,veto_sizing_use,fewer_than_100_executions|fewer_than_10_active_days|top_five_volume_share_above_50pct_or_unavailable,not_ready_for_sizing,tight_spread_estimate_unavailable|fewer_than_10_meaningful_days|fewer_than_3_moves_exceeding_quote_noise_rule|tape_liquidity_veto_or_unavailable
federal_ai_framework,Federal AI framework before 2027,KXAIBILL-26JUN-27JAN01,ai_jobs_regulation,data_center_reits,Data-center REITs,theme,market_conditioned,0.1,True,True,31,43,0.7380952380952381,7,0,0.075,0.115,3.0,6.0,2026-07-24,2026-09-04,estimated,-0.005080447050685482,-0.00041984534922094265,1.1142232950952566,0.03150097743090355,0.02119429488710307,-0.04849499206274187,0.0383340979613709,-0.06960727419367915,0.05944638009230818,0.8123026011178607,0.8730317245943839,0.13332359930837845,-0.06968586496217043,0.03191715166694377,500.0,-0.03013799399139165,4.932153940532707,2026-07-28,True,0.9226153000351011,0.9915527907147141,0.9915527907147141,pilot_observational,False,insufficient_observations,4,,estimated,31,-0.005080447050685482,Latest 28 calendar days; shorter than full equity regression window,9,5,0.9763809165333583,veto_sizing_use,fewer_than_100_executions|fewer_than_10_active_days|top_five_volume_share_above_50pct_or_unavailable,not_ready_for_sizing,conservative_q_not_below_10pct|block_interval_includes_zero_or_unavailable|tight_spread_estimate_unavailable|fewer_than_10_meaningful_days|fewer_than_3_moves_exceeding_quote_noise_rule|tape_liquidity_veto_or_unavailable
federal_ai_framework,Federal AI framework before 2027,KXAIBILL-26JUN-27JAN01,ai_jobs_regulation,integrated_energy,Integrated energy,theme,market_conditioned,0.1,True,True,31,43,0.7380952380952381,7,0,0.075,0.115,3.0,6.0,2026-07-24,2026-09-04,estimated,0.029510947432988446,0.0032478794602300246,-0.9610966252490852,0.031068201631825075,0.024328535514829146,-0.020323798465006843,0.07934569333098374,-0.03412937867237674,0.09315127353835363,0.23525777062274345,0.35030254116955967,0.23331780327297602,-0.016226549364145935,0.08921651692202445,500.0,0.023191687827120822,0.21413272549846088,2026-07-28,True,0.588641717006946,0.9341401097854923,0.9341401097854923,pilot_observational,False,insufficient_observations,4,,estimated,31,0.029510947432988446,Latest 28 calendar days; shorter than full equity regression window,9,5,0.9763809165333583,veto_sizing_use,fewer_than_100_executions|fewer_than_10_active_days|top_five_volume_share_above_50pct_or_unavailable,not_ready_for_sizing,conservative_q_not_below_10pct|block_interval_includes_zero_or_unavailable|tight_spread_estimate_unavailable|fewer_than_10_meaningful_days|fewer_than_3_moves_exceeding_quote_noise_rule|tape_liquidity_veto_or_unavailable
federal_ai_framework,Federal AI framework before 2027,KXAIBILL-26JUN-27JAN01,ai_jobs_regulation,homebuilders,Homebuilders,theme,market_conditioned,0.1,True,True,31,43,0.7380952380952381,7,0,0.075,0.115,3.0,6.0,2026-07-24,2026-09-04,estimated,-0.020341906036419194,-0.0013452697278063669,1.357631811026379,0.048466020306246214,0.038485668167651345,-0.09917622356779815,0.05849241149495976,-0.11962004816612733,0.07893623609328894,0.601277067384073,0.6778968871641301,0.19374011246800094,-0.08764673825552871,0.06429931750722312,500.0,0.009650038913319729,1.474392070047062,2026-07-28,False,0.8195183733234773,0.9915527907147141,0.9915527907147141,pilot_observational,False,insufficient_observations,4,,estimated,31,-0.020341906036419194,Latest 28 calendar days; shorter than full equity regression window,9,5,0.9763809165333583,veto_sizing_use,fewer_than_100_executions|fewer_than_10_active_days|top_five_volume_share_above_50pct_or_unavailable,not_ready_for_sizing,conservative_q_not_below_10pct|block_interval_includes_zero_or_unavailable|tight_spread_estimate_unavailable|largest_move_removal_sign_unstable_or_unavailable|fewer_than_10_meaningful_days|fewer_than_3_moves_exceeding_quote_noise_rule|tape_liquidity_veto_or_unavailable
federal_ai_framework,Federal AI framework before 2027,KXAIBILL-26JUN-27JAN01,ai_jobs_regulation,machinery_distribution,Machinery and distribution,theme,market_conditioned,0.1,True,True,31,43,0.7380952380952381,7,0,0.075,0.115,3.0,6.0,2026-07-24,2026-09-04,estimated,-0.002299701398074173,0.00010174576045534017,0.9459124841349338,0.015636222545835892,0.010783961305719129,-0.024389644753552816,0.019790241957404472,-0.034329051331664244,0.0297296485355159,0.8326755275690705,0.8841265269563213,0.22715265015420494,-0.03651065474296732,0.01728341189392753,500.0,-0.006147703473977343,1.6732616152364748,2026-07-28,True,0.9285593761982361,0.9915527907147141,0.9915527907147141,pilot_observational,False,insufficient_observations,4,,estimated,31,-0.002299701398074173,Latest 28 calendar days; shorter than full equity regression window,9,5,0.9763809165333583,veto_sizing_use,fewer_than_100_executions|fewer_than_10_active_days|top_five_volume_share_above_50pct_or_unavailable,not_ready_for_sizing,conservative_q_not_below_10pct|block_interval_includes_zero_or_unavailable|tight_spread_estimate_unavailable|fewer_than_10_meaningful_days|fewer_than_3_moves_exceeding_quote_noise_rule|tape_liquidity_veto_or_unavailable
federal_ai_framework,Federal AI framework before 2027,KXAIBILL-26JUN-27JAN01,ai_jobs_regulation,managed_care,Managed care (UNH only),single_company_proxy,market_conditioned,0.1,True,True,31,43,0.7380952380952381,7,0,0.075,0.115,3.0,6.0,2026-07-24,2026-09-04,estimated,-0.027160893782056682,-0.002275574313588781,0.10919994848796595,0.04126898950232399,0.03377810566876252,-0.09635220667026428,0.04203041910615093,-0.11169658661329016,0.057374799049176785,0.4281151178969767,0.5158215357984293,0.04216146078402705,-0.08537804940232854,0.055957554222096674,500.0,0.004921689787730305,1.1812050011027886,2026-07-28,False,0.737915968479999,0.9915527907147141,0.9915527907147141,pilot_observational,False,insufficient_observations,4,,estimated,31,-0.027160893782056682,Latest 28 calendar days; shorter than full equity regression window,9,5,0.9763809165333583,veto_sizing_use,fewer_than_100_executions|fewer_than_10_active_days|top_five_volume_share_above_50pct_or_unavailable,not_ready_for_sizing,conservative_q_not_below_10pct|block_interval_includes_zero_or_unavailable|tight_spread_estimate_unavailable|largest_move_removal_sign_unstable_or_unavailable|fewer_than_10_meaningful_days|fewer_than_3_moves_exceeding_quote_noise_rule|tape_liquidity_veto_or_unavailable
federal_ai_framework,Federal AI framework before 2027,KXAIBILL-26JUN-27JAN01,ai_jobs_regulation,hospitals,Hospitals (HCA only),single_company_proxy,market_conditioned,0.1,True,True,31,43,0.7380952380952381,7,0,0.075,0.115,3.0,6.0,2026-07-24,2026-09-04,estimated,-0.06394651994018337,0.0020144307763647886,0.18360284036115554,0.09231978022833527,0.06967369269047156,-0.20666660964259254,0.07877356976222578,-0.25305501708887285,0.12516197720850608,0.36656215054945385,0.4942261867543814,0.08384944768170666,-0.17595517374136369,0.053495746770756594,500.0,0.016698762026359566,1.261136368984268,2026-07-28,False,0.6932070742235156,0.9915527907147141,0.9915527907147141,pilot_observational,False,insufficient_observations,4,,estimated,31,-0.06394651994018337,Latest 28 calendar days; shorter than full equity regression window,9,5,0.9763809165333583,veto_sizing_use,fewer_than_100_executions|fewer_than_10_active_days|top_five_volume_share_above_50pct_or_unavailable,not_ready_for_sizing,conservative_q_not_below_10pct|block_interval_includes_zero_or_unavailable|tight_spread_estimate_unavailable|largest_move_removal_sign_unstable_or_unavailable|fewer_than_10_meaningful_days|fewer_than_3_moves_exceeding_quote_noise_rule|tape_liquidity_veto_or_unavailable
federal_ai_framework,Federal AI framework before 2027,KXAIBILL-26JUN-27JAN01,ai_jobs_regulation,generators_minus_regulated,Generators minus regulated utilities,relative_return_contrast,market_conditioned,0.1,True,True,31,43,0.7380952380952381,7,0,0.075,0.115,3.0,6.0,2026-07-24,2026-09-04,estimated,0.1521488601361956,0.0020298937391581024,0.37415492582205945,0.028878875727441532,0.025315839211494204,0.10029171429483077,0.20400600597756044,0.09299316484908701,0.2113045554233042,1.781367770695939e-06,1.331472378683233e-05,0.37461216898007443,0.07412277519391514,0.19843226470819122,500.0,0.14831657653221123,0.025187724709563545,2026-07-28,True,0.00027686155970670984,0.0012249545883885743,0.0012249545883885743,pilot_observational,True,insufficient_observations,4,,estimated,31,0.1521488601361956,Latest 28 calendar days; shorter than full equity regression window,9,5,0.9763809165333583,veto_sizing_use,fewer_than_100_executions|fewer_than_10_active_days|top_five_volume_share_above_50pct_or_unavailable,not_ready_for_sizing,tight_spread_estimate_unavailable|fewer_than_10_meaningful_days|fewer_than_3_moves_exceeding_quote_noise_rule|tape_liquidity_veto_or_unavailable
federal_ai_framework,Federal AI framework before 2027,KXAIBILL-26JUN-27JAN01,ai_jobs_regulation,equipment_minus_generators,Equipment minus generators,relative_return_contrast,market_conditioned,0.1,True,True,31,43,0.7380952380952381,7,0,0.075,0.115,3.0,6.0,2026-07-24,2026-09-04,estimated,-0.03015698903520398,-0.004060119233694235,2.597914719921538,0.034191423239077465,0.02294261725004875,-0.07715281006167864,0.016838831991270675,-0.10019494458627418,0.03988096651586622,0.19935995678962898,0.3852837184429691,0.3341292173512125,-0.10060021045371073,0.007422636565468382,500.0,-0.04947529499177686,0.6405913380152611,2026-07-28,True,0.5709331656649559,0.9844175712667537,0.9844175712667537,pilot_observational,False,insufficient_observations,4,,estimated,31,-0.03015698903520398,Latest 28 calendar days; shorter than full equity regression window,9,5,0.9763809165333583,veto_sizing_use,fewer_than_100_executions|fewer_than_10_active_days|top_five_volume_share_above_50pct_or_unavailable,not_ready_for_sizing,conservative_q_not_below_10pct|block_interval_includes_zero_or_unavailable|tight_spread_estimate_unavailable|fewer_than_10_meaningful_days|fewer_than_3_moves_exceeding_quote_noise_rule|tape_liquidity_veto_or_unavailable
federal_ai_framework,Federal AI framework before 2027,KXAIBILL-26JUN-27JAN01,ai_jobs_regulation,hospitals_minus_managed_care,Hospitals minus managed care,relative_return_contrast,market_conditioned,0.1,True,True,31,43,0.7380952380952381,7,0,0.075,0.115,3.0,6.0,2026-07-24,2026-09-04,estimated,-0.03678562615812668,0.004290005089953568,0.0744028918731895,0.05834485225725059,0.04651010754183535,-0.13205726261248713,0.05848601029623375,-0.15629963820886722,0.08272838589261387,0.43564107980082095,0.5334890292182323,0.03385135772118786,-0.12477394388321557,0.06278743074965364,500.0,0.011777072238629267,1.3201541870730797,2026-07-28,False,0.737915968479999,0.9915527907147141,0.9915527907147141,pilot_observational,False,insufficient_observations,4,,estimated,31,-0.03678562615812668,Latest 28 calendar days; shorter than full equity regression window,9,5,0.9763809165333583,veto_sizing_use,fewer_than_100_executions|fewer_than_10_active_days|top_five_volume_share_above_50pct_or_unavailable,not_ready_for_sizing,conservative_q_not_below_10pct|block_interval_includes_zero_or_unavailable|tight_spread_estimate_unavailable|largest_move_removal_sign_unstable_or_unavailable|fewer_than_10_meaningful_days|fewer_than_3_moves_exceeding_quote_noise_rule|tape_liquidity_veto_or_unavailable
election_gas_four,Election-day gasoline above $4,KXAAAGASED-26NOV03-4.00,energy_iran,sector_technology,Technology sector,sector,market_conditioned,0.1,True,True,34,43,0.8095238095238095,30,7,0.2,0.565,30.999999999999993,4.499999999999995,2026-07-15,2026-09-04,estimated,-0.0021928515444647003,-0.0012025923062461774,2.0200707576786905,0.0018282279731025588,0.0010269094209222264,-0.004287247116666731,-9.845597226267001e-05,-0.00592154707868542,0.00153584398975602,0.04073768397222398,0.23944413048629046,0.637575508655509,-0.004172497581938329,-0.0003340890845958931,500.0,-0.0028209022133819706,0.28640820237130304,2026-08-13,True,0.23424168284028787,0.9094769698122832,0.9094769698122832,pilot_observational,True,insufficient_observations,14,,estimated,34,-0.0021928515444647003,Latest 28 calendar days; shorter than full equity regression window,367,28,0.3724167931027763,passes_descriptive_tape_gate,,not_ready_for_sizing,conservative_q_not_below_10pct|tight_spread_estimate_unavailable
election_gas_four,Election-day gasoline above $4,KXAAAGASED-26NOV03-4.00,energy_iran,sector_consumer_discretionary,Consumer discretionary sector,sector,market_conditioned,0.1,True,True,34,43,0.8095238095238095,30,7,0.2,0.565,30.999999999999993,4.499999999999995,2026-07-15,2026-09-04,estimated,0.001960999948830666,-0.0007778617656339229,1.061768279805286,0.002303011410508176,0.001814193139752265,-0.0017390713540541974,0.00566107125171553,-0.0027360227901051175,0.006658022687766449,0.28806978115962256,0.40102514765627184,0.3447774595863413,-0.0005497348263687108,0.006163316607238878,500.0,0.0032048946514732788,0.6343165400816765,2026-08-13,True,0.6310462089164462,0.9890723741691735,0.9915527907147141,pilot_observational,False,insufficient_observations,14,,estimated,34,0.001960999948830666,Latest 28 calendar days; shorter than full equity regression window,367,28,0.3724167931027763,passes_descriptive_tape_gate,,not_ready_for_sizing,conservative_q_not_below_10pct|block_interval_includes_zero_or_unavailable|tight_spread_estimate_unavailable
election_gas_four,Election-day gasoline above $4,KXAAAGASED-26NOV03-4.00,energy_iran,sector_communications,Communication services sector,sector,market_conditioned,0.1,True,True,34,43,0.8095238095238095,30,7,0.2,0.565,30.999999999999993,4.499999999999995,2026-07-15,2026-09-04,estimated,0.0028879174766016204,-0.00013769246807471378,0.6881952397635829,0.0020213849366978363,0.001412942335710402,6.202583937507146e-06,0.005769632369265734,-0.00123472428213677,0.007010559235340011,0.04953847140723605,0.16309471351053914,0.1792139851121307,-0.0003384088547308929,0.004895769015865147,500.0,0.001784615370946551,0.38204073163246643,2026-08-13,True,0.2604308211123267,0.9094769698122832,0.9094769698122832,pilot_observational,False,insufficient_observations,14,,estimated,34,0.0028879174766016204,Latest 28 calendar days; shorter than full equity regression window,367,28,0.3724167931027763,passes_descriptive_tape_gate,,not_ready_for_sizing,conservative_q_not_below_10pct|block_interval_includes_zero_or_unavailable|tight_spread_estimate_unavailable
election_gas_four,Election-day gasoline above $4,KXAAAGASED-26NOV03-4.00,energy_iran,sector_industrials,Industrials sector,sector,market_conditioned,0.1,True,True,34,43,0.8095238095238095,30,7,0.2,0.565,30.999999999999993,4.499999999999995,2026-07-15,2026-09-04,estimated,-0.0005550893038789989,-0.001425480851461981,0.7792901700522101,0.0009942134217387738,0.0008635950156993612,-0.0023164029506387634,0.0012062243428807658,-0.0025828009461030116,0.0014726223383450135,0.5251020740873074,0.5806363882757187,0.33289309895383656,-0.0017002281019950264,0.0017874806249659544,500.0,-0.00012134793396919733,0.7813902499630053,2026-08-13,True,0.784171318772089,0.9915527907147141,0.9915527907147141,pilot_observational,False,insufficient_observations,14,,estimated,34,-0.0005550893038789989,Latest 28 calendar days; shorter than full equity regression window,367,28,0.3724167931027763,passes_descriptive_tape_gate,,not_ready_for_sizing,conservative_q_not_below_10pct|block_interval_includes_zero_or_unavailable|tight_spread_estimate_unavailable
election_gas_four,Election-day gasoline above $4,KXAAAGASED-26NOV03-4.00,energy_iran,sector_utilities,Utilities sector,sector,market_conditioned,0.1,True,True,34,43,0.8095238095238095,30,7,0.2,0.565,30.999999999999993,4.499999999999995,2026-07-15,2026-09-04,estimated,-0.0011041533183853921,-0.0009158461778273094,0.005531298100037704,0.002599141452678914,0.0017886304321034542,-0.004752089135294206,0.002543782498523421,-0.0064051372602103316,0.004196830623439548,0.5415333903709361,0.6739059779279212,0.01669825157219218,-0.004915480323882103,0.0015826167693461248,500.0,-0.002489116768428456,1.2543216843004206,2026-08-13,True,0.784171318772089,0.9915527907147141,0.9915527907147141,pilot_observational,False,insufficient_observations,14,,estimated,34,-0.0011041533183853921,Latest 28 calendar days; shorter than full equity regression window,367,28,0.3724167931027763,passes_descriptive_tape_gate,,not_ready_for_sizing,conservative_q_not_below_10pct|block_interval_includes_zero_or_unavailable|tight_spread_estimate_unavailable
election_gas_four,Election-day gasoline above $4,KXAAAGASED-26NOV03-4.00,energy_iran,sector_real_estate,Real estate sector,sector,market_conditioned,0.1,True,True,34,43,0.8095238095238095,30,7,0.2,0.565,30.999999999999993,4.499999999999995,2026-07-15,2026-09-04,estimated,0.00242699306012739,-0.00031515810310227656,0.04121303754812626,0.0019609493533712975,0.0014085611156888565,-0.00044578627539116006,0.005299772395645941,-0.0015723895137757138,0.006426375634030495,0.0948461118597304,0.22513386551823225,0.07656422083571768,-0.0022777786633228505,0.004489756095691597,500.0,0.0013855044312952056,0.42912715571486554,2026-08-13,True,0.3788025605429987,0.9094769698122832,0.9094769698122832,pilot_observational,False,insufficient_observations,14,,estimated,34,0.00242699306012739,Latest 28 calendar days; shorter than full equity regression window,367,28,0.3724167931027763,passes_descriptive_tape_gate,,not_ready_for_sizing,conservative_q_not_below_10pct|block_interval_includes_zero_or_unavailable|tight_spread_estimate_unavailable
election_gas_four,Election-day gasoline above $4,KXAAAGASED-26NOV03-4.00,energy_iran,sector_energy,Energy sector,sector,market_conditioned,0.1,True,True,34,43,0.8095238095238095,30,7,0.2,0.565,30.999999999999993,4.499999999999995,2026-07-15,2026-09-04,estimated,0.0053732307635230405,0.0032794176562935236,-0.5968790842013526,0.0037224850172166628,0.0026736516901792184,-7.971780957796021e-05,0.010826179336624041,-0.0022188274830995097,0.01296528901014559,0.053235923470656046,0.15892329198469668,0.2587121270585092,0.0019580368745478255,0.01359218015837097,500.0,0.007761176405862789,0.4444152405570715,2026-08-13,True,0.27209471996113094,0.9094769698122832,0.9094769698122832,pilot_observational,True,insufficient_observations,14,,estimated,34,0.0053732307635230405,Latest 28 calendar days; shorter than full equity regression window,367,28,0.3724167931027763,passes_descriptive_tape_gate,,not_ready_for_sizing,conservative_q_not_below_10pct|tight_spread_estimate_unavailable
election_gas_four,Election-day gasoline above $4,KXAAAGASED-26NOV03-4.00,energy_iran,sector_financials,Financials sector,sector,market_conditioned,0.1,True,True,34,43,0.8095238095238095,30,7,0.2,0.565,30.999999999999993,4.499999999999995,2026-07-15,2026-09-04,estimated,-1.2503427924631032e-05,0.0008124504117190761,0.515250178670672,0.0009685797495944637,0.0007257084195681412,-0.0014925955077969419,0.0014675886519476796,-0.001987934851129806,0.001962927995280544,0.9863641238703261,0.98978309035983,0.28722727016361327,-0.0017307533242367683,0.001307761106841933,500.0,-0.0002471301166653029,18.764989101786302,2026-08-13,True,0.9895190482419288,0.9915527907147141,0.9915527907147141,pilot_observational,False,insufficient_observations,14,,estimated,34,-1.2503427924631032e-05,Latest 28 calendar days; shorter than full equity regression window,367,28,0.3724167931027763,passes_descriptive_tape_gate,,not_ready_for_sizing,conservative_q_not_below_10pct|block_interval_includes_zero_or_unavailable|tight_spread_estimate_unavailable
election_gas_four,Election-day gasoline above $4,KXAAAGASED-26NOV03-4.00,energy_iran,sector_healthcare,Healthcare sector,sector,market_conditioned,0.1,True,True,34,43,0.8095238095238095,30,7,0.2,0.565,30.999999999999993,4.499999999999995,2026-07-15,2026-09-04,estimated,0.0005023574402535865,0.003076223297256964,-0.25221550581202956,0.0014464882007804705,0.0012112875159824388,-0.0019680797360447024,0.002972794616551875,-0.0024477746952919315,0.003452489575799104,0.6811956008914556,0.7307169140559988,0.03164739888808843,-0.002217142243383216,0.0029463792702650884,500.0,0.0010071198360722291,1.0047873393969087,2026-08-13,True,0.8468918281353232,0.9915527907147141,0.9915527907147141,pilot_observational,False,insufficient_observations,14,,estimated,34,0.0005023574402535865,Latest 28 calendar days; shorter than full equity regression window,367,28,0.3724167931027763,passes_descriptive_tape_gate,,not_ready_for_sizing,conservative_q_not_below_10pct|block_interval_includes_zero_or_unavailable|tight_spread_estimate_unavailable
election_gas_four,Election-day gasoline above $4,KXAAAGASED-26NOV03-4.00,energy_iran,sector_staples,Consumer staples sector,sector,market_conditioned,0.1,True,True,34,43,0.8095238095238095,30,7,0.2,0.565,30.999999999999993,4.499999999999995,2026-07-15,2026-09-04,estimated,0.0009143983705273994,0.0013326523488669893,-0.243323174237848,0.0019246535902940516,0.0012916814454386383,-0.0017200033059054523,0.003548800046960251,-0.0030109585065324434,0.004839755247587242,0.48428809688037977,0.6380477712979534,0.039389923710235086,-0.002013624113147632,0.0034935294827999888,500.0,-0.00038955557864430254,1.4260239204271743,2026-08-13,False,0.784171318772089,0.9915527907147141,0.9915527907147141,pilot_observational,False,insufficient_observations,14,,estimated,34,0.0009143983705273994,Latest 28 calendar days; shorter than full equity regression window,367,28,0.3724167931027763,passes_descriptive_tape_gate,,not_ready_for_sizing,conservative_q_not_below_10pct|block_interval_includes_zero_or_unavailable|tight_spread_estimate_unavailable|largest_move_removal_sign_unstable_or_unavailable
election_gas_four,Election-day gasoline above $4,KXAAAGASED-26NOV03-4.00,energy_iran,cloud_platforms,Cloud platforms,theme,market_conditioned,0.1,True,True,34,43,0.8095238095238095,30,7,0.2,0.565,30.999999999999993,4.499999999999995,2026-07-15,2026-09-04,estimated,0.003817155537408377,0.0015081824014144057,1.9278652260378057,0.005852447994509475,0.004025121674237286,-0.004392134240580192,0.012026445315396947,-0.008118990841729392,0.015753301916546145,0.35029469432152993,0.5190586764597757,0.3566855156008629,-0.00156931752642612,0.015419248708926681,500.0,0.007524971568681342,0.9713557634568784,2026-08-13,True,0.6784655132122264,0.9915527907147141,0.9915527907147141,pilot_observational,False,insufficient_observations,14,,estimated,34,0.003817155537408377,Latest 28 calendar days; shorter than full equity regression window,367,28,0.3724167931027763,passes_descriptive_tape_gate,,not_ready_for_sizing,conservative_q_not_below_10pct|block_interval_includes_zero_or_unavailable|tight_spread_estimate_unavailable
election_gas_four,Election-day gasoline above $4,KXAAAGASED-26NOV03-4.00,energy_iran,electrical_equipment,Electrical equipment,theme,market_conditioned,0.1,True,True,34,43,0.8095238095238095,30,7,0.2,0.565,30.999999999999993,4.499999999999995,2026-07-15,2026-09-04,estimated,-0.003383392193016147,-0.003598347612748698,2.7981351550300126,0.005372566794769521,0.0038367408430331354,-0.01120847673272052,0.0044416923466882256,-0.014340814412611438,0.007574030026579144,0.38464997817284535,0.5334703764810917,0.33936504776875276,-0.00851624976045566,0.007247653663501842,500.0,-0.0010578370080617878,0.6873442546077485,2026-08-13,True,0.7007484750871638,0.9915527907147141,0.9915527907147141,pilot_observational,False,insufficient_observations,14,,estimated,34,-0.003383392193016147,Latest 28 calendar days; shorter than full equity regression window,367,28,0.3724167931027763,passes_descriptive_tape_gate,,not_ready_for_sizing,conservative_q_not_below_10pct|block_interval_includes_zero_or_unavailable|tight_spread_estimate_unavailable
election_gas_four,Election-day gasoline above $4,KXAAAGASED-26NOV03-4.00,energy_iran,regulated_utilities,Regulated utilities,theme,market_conditioned,0.1,True,True,34,43,0.8095238095238095,30,7,0.2,0.565,30.999999999999993,4.499999999999995,2026-07-15,2026-09-04,estimated,-0.00013583685896380117,-0.0005666674442450913,-0.11543903895481505,0.0026156709696160264,0.001839804209076081,-0.003888142282111178,0.003616468564183576,-0.005470532972844419,0.005198859254916816,0.9416182389671539,0.9589161299303437,0.0086425957591304,-0.004098154784948251,0.003033348831306445,500.0,-0.001506445938238368,10.09011169523448,2026-08-13,True,0.9733581796064962,0.9915527907147141,0.9915527907147141,pilot_observational,False,insufficient_observations,14,,estimated,34,-0.00013583685896380117,Latest 28 calendar days; shorter than full equity regression window,367,28,0.3724167931027763,passes_descriptive_tape_gate,,not_ready_for_sizing,conservative_q_not_below_10pct|block_interval_includes_zero_or_unavailable|tight_spread_estimate_unavailable
election_gas_four,Election-day gasoline above $4,KXAAAGASED-26NOV03-4.00,energy_iran,power_generators,Power generators,theme,market_conditioned,0.1,True,True,34,43,0.8095238095238095,30,7,0.2,0.565,30.999999999999993,4.499999999999995,2026-07-15,2026-09-04,estimated,-0.004343756414581496,0.0021686210797739066,0.49475263163662797,0.003979624837633748,0.0029099610454586455,-0.010278661095284154,0.001591148266121163,-0.012460254782548648,0.0037727419533856573,0.14561900500324765,0.2834643267473264,0.05144385893932979,-0.009627918255117477,0.0010244612566261372,500.0,-0.00540937213729495,0.24532124295374927,2026-08-13,True,0.49258082927240976,0.9174737754878881,0.9174737754878881,pilot_observational,False,insufficient_observations,14,,estimated,34,-0.004343756414581496,Latest 28 calendar days; shorter than full equity regression window,367,28,0.3724167931027763,passes_descriptive_tape_gate,,not_ready_for_sizing,conservative_q_not_below_10pct|block_interval_includes_zero_or_unavailable|tight_spread_estimate_unavailable
election_gas_four,Election-day gasoline above $4,KXAAAGASED-26NOV03-4.00,energy_iran,data_center_reits,Data-center REITs,theme,market_conditioned,0.1,True,True,34,43,0.8095238095238095,30,7,0.2,0.565,30.999999999999993,4.499999999999995,2026-07-15,2026-09-04,estimated,0.0026061422186824204,0.0004512245422663391,1.0691388491017602,0.006073323106699385,0.006244177680575807,-0.010128942122540277,0.015341226559905117,-0.009780481921740986,0.014992766359105826,0.6792831759914036,0.6708085287660249,0.1612229253869879,-0.00788448685517034,0.014669515665451048,500.0,0.0045619315563590395,0.7504538024273295,2026-08-13,True,0.8468918281353232,0.9915527907147141,0.9915527907147141,pilot_observational,False,insufficient_observations,14,,estimated,34,0.0026061422186824204,Latest 28 calendar days; shorter than full equity regression window,367,28,0.3724167931027763,passes_descriptive_tape_gate,,not_ready_for_sizing,conservative_q_not_below_10pct|block_interval_includes_zero_or_unavailable|tight_spread_estimate_unavailable
election_gas_four,Election-day gasoline above $4,KXAAAGASED-26NOV03-4.00,energy_iran,integrated_energy,Integrated energy,theme,market_conditioned,0.1,True,True,34,43,0.8095238095238095,30,7,0.2,0.565,30.999999999999993,4.499999999999995,2026-07-15,2026-09-04,estimated,0.004882263812979257,0.0037938761380917323,-0.8446914942312437,0.003572571653636247,0.0025345043973662735,-0.00028689198540008364,0.010051419611358598,-0.0024040441128265217,0.012168571738785036,0.0632765147400451,0.18158253802012148,0.2956315598562683,0.0016316241138927415,0.012405045066444312,500.0,0.0070397775916429435,0.4419084796130931,2026-08-13,True,0.3146723976261702,0.9094769698122832,0.9094769698122832,pilot_observational,True,insufficient_observations,14,,estimated,34,0.004882263812979257,Latest 28 calendar days; shorter than full equity regression window,367,28,0.3724167931027763,passes_descriptive_tape_gate,,not_ready_for_sizing,conservative_q_not_below_10pct|tight_spread_estimate_unavailable
election_gas_four,Election-day gasoline above $4,KXAAAGASED-26NOV03-4.00,energy_iran,homebuilders,Homebuilders,theme,market_conditioned,0.1,True,True,34,43,0.8095238095238095,30,7,0.2,0.565,30.999999999999993,4.499999999999995,2026-07-15,2026-09-04,estimated,0.0005613063726013619,-0.0009477495415767085,1.1091714164411768,0.004571287735732636,0.003287255667822561,-0.0061430957636655565,0.007265708508868281,-0.00876189643177234,0.009884509176975064,0.8655281817188779,0.9030663634038294,0.14248971533899368,-0.009490315869379765,0.005101546009904576,500.0,-0.0024270673454424773,5.3239618573975696,2026-08-13,False,0.9423502096820919,0.9915527907147141,0.9915527907147141,pilot_observational,False,insufficient_observations,14,,estimated,34,0.0005613063726013619,Latest 28 calendar days; shorter than full equity regression window,367,28,0.3724167931027763,passes_descriptive_tape_gate,,not_ready_for_sizing,conservative_q_not_below_10pct|block_interval_includes_zero_or_unavailable|tight_spread_estimate_unavailable|largest_move_removal_sign_unstable_or_unavailable
election_gas_four,Election-day gasoline above $4,KXAAAGASED-26NOV03-4.00,energy_iran,machinery_distribution,Machinery and distribution,theme,market_conditioned,0.1,True,True,34,43,0.8095238095238095,30,7,0.2,0.565,30.999999999999993,4.499999999999995,2026-07-15,2026-09-04,estimated,-0.0008856813707930805,-0.0007681605646423172,0.893954200929976,0.0027792230860724616,0.0022374998900463643,-0.005449092482853126,0.0036777297412669656,-0.006553944225373189,0.004782581483787028,0.6949377951910032,0.7521068601496077,0.24605508377019003,-0.0036893417638498628,0.005434875525917462,500.0,0.0010998612298708632,2.241824956627456,2026-08-13,False,0.8524570287676306,0.9915527907147141,0.9915527907147141,pilot_observational,False,insufficient_observations,14,,estimated,34,-0.0008856813707930805,Latest 28 calendar days; shorter than full equity regression window,367,28,0.3724167931027763,passes_descriptive_tape_gate,,not_ready_for_sizing,conservative_q_not_below_10pct|block_interval_includes_zero_or_unavailable|tight_spread_estimate_unavailable|largest_move_removal_sign_unstable_or_unavailable
election_gas_four,Election-day gasoline above $4,KXAAAGASED-26NOV03-4.00,energy_iran,managed_care,Managed care (UNH only),single_company_proxy,market_conditioned,0.1,True,True,34,43,0.8095238095238095,30,7,0.2,0.565,30.999999999999993,4.499999999999995,2026-07-15,2026-09-04,estimated,-0.0008765048081094379,-0.0018731224627659368,0.12742430762229112,0.0027162021218436992,0.0024023836663531156,-0.00577619859903972,0.004023188982820844,-0.006416235558740119,0.0046632259425212425,0.7177022161933334,0.7490927120828084,0.0080465554023057,-0.005020127190029876,0.00563326805195662,500.0,0.0010611541242858554,2.2106654914702566,2026-08-13,False,0.863641642329768,0.9915527907147141,0.9915527907147141,pilot_observational,False,insufficient_observations,14,,estimated,34,-0.0008765048081094379,Latest 28 calendar days; shorter than full equity regression window,367,28,0.3724167931027763,passes_descriptive_tape_gate,,not_ready_for_sizing,conservative_q_not_below_10pct|block_interval_includes_zero_or_unavailable|tight_spread_estimate_unavailable|largest_move_removal_sign_unstable_or_unavailable
election_gas_four,Election-day gasoline above $4,KXAAAGASED-26NOV03-4.00,energy_iran,hospitals,Hospitals (HCA only),single_company_proxy,market_conditioned,0.1,True,True,34,43,0.8095238095238095,30,7,0.2,0.565,30.999999999999993,4.499999999999995,2026-07-15,2026-09-04,estimated,-0.00033644994525850217,0.0021893550461358356,0.12481143183873981,0.002840787989826342,0.0021899031842560535,-0.004802786935855036,0.004129887045338031,-0.006130275248870751,0.005457375358353746,0.8788918267288854,0.9064867762931024,0.002288343534122439,-0.0037819901449175465,0.0038503695470405302,500.0,0.0010530946776287169,4.130018870472992,2026-08-13,False,0.9457172317391306,0.9915527907147141,0.9915527907147141,pilot_observational,False,insufficient_observations,14,,estimated,34,-0.00033644994525850217,Latest 28 calendar days; shorter than full equity regression window,367,28,0.3724167931027763,passes_descriptive_tape_gate,,not_ready_for_sizing,conservative_q_not_below_10pct|block_interval_includes_zero_or_unavailable|tight_spread_estimate_unavailable|largest_move_removal_sign_unstable_or_unavailable
election_gas_four,Election-day gasoline above $4,KXAAAGASED-26NOV03-4.00,energy_iran,generators_minus_regulated,Generators minus regulated utilities,relative_return_contrast,market_conditioned,0.1,True,True,34,43,0.8095238095238095,30,7,0.2,0.565,30.999999999999993,4.499999999999995,2026-07-15,2026-09-04,estimated,-0.004207919555617695,0.002735288524018998,0.6101916705914431,0.003305220967539165,0.0024140201874032975,-0.009131346187699098,0.0007155070764637084,-0.01094896216222517,0.002533123050989779,0.09122562722918008,0.2124427365092556,0.055411626190330354,-0.008673477829387832,0.001449202493851811,500.0,-0.0039029261990565804,0.07248079544532636,2026-08-13,True,0.3788025605429987,0.9094769698122832,0.9094769698122832,pilot_observational,False,insufficient_observations,14,,estimated,34,-0.004207919555617695,Latest 28 calendar days; shorter than full equity regression window,367,28,0.3724167931027763,passes_descriptive_tape_gate,,not_ready_for_sizing,conservative_q_not_below_10pct|block_interval_includes_zero_or_unavailable|tight_spread_estimate_unavailable
election_gas_four,Election-day gasoline above $4,KXAAAGASED-26NOV03-4.00,energy_iran,equipment_minus_generators,Equipment minus generators,relative_return_contrast,market_conditioned,0.1,True,True,34,43,0.8095238095238095,30,7,0.2,0.565,30.999999999999993,4.499999999999995,2026-07-15,2026-09-04,estimated,0.0009603642215653502,-0.005766968692522605,2.303382523393385,0.0062456314562978075,0.005204596448904102,-0.009654480219041566,0.011575208662172265,-0.011777685114790413,0.013698413557921112,0.8548055624653577,0.878791081429104,0.3026302921167008,-0.006898979451587546,0.012755494611834152,500.0,0.004351535129233161,3.5311299937229603,2026-08-13,True,0.9378926187072435,0.9915527907147141,0.9915527907147141,pilot_observational,False,insufficient_observations,14,,estimated,34,0.0009603642215653502,Latest 28 calendar days; shorter than full equity regression window,367,28,0.3724167931027763,passes_descriptive_tape_gate,,not_ready_for_sizing,conservative_q_not_below_10pct|block_interval_includes_zero_or_unavailable|tight_spread_estimate_unavailable
election_gas_four,Election-day gasoline above $4,KXAAAGASED-26NOV03-4.00,energy_iran,hospitals_minus_managed_care,Hospitals minus managed care,relative_return_contrast,market_conditioned,0.1,True,True,34,43,0.8095238095238095,30,7,0.2,0.565,30.999999999999993,4.499999999999995,2026-07-15,2026-09-04,estimated,0.0005400548628509359,0.004062477508901772,-0.002612875783551405,0.003024914188951152,0.0023527450295776384,-0.004258400260914974,0.0053385099866168455,-0.005629298299710226,0.006709408025412097,0.8199551479179403,0.8594640441883235,0.0005626013466126789,-0.004051393503475775,0.005683771553911759,500.0,-8.059446657137807e-06,1.0149233850327581,2026-08-13,False,0.9233176150107776,0.9915527907147141,0.9915527907147141,pilot_observational,False,insufficient_observations,14,,estimated,34,0.0005400548628509359,Latest 28 calendar days; shorter than full equity regression window,367,28,0.3724167931027763,passes_descriptive_tape_gate,,not_ready_for_sizing,conservative_q_not_below_10pct|block_interval_includes_zero_or_unavailable|tight_spread_estimate_unavailable|largest_move_removal_sign_unstable_or_unavailable
fed_2027_above375,End-2027 Fed upper bound above 3.75%,KXFEDFUNDSYEAR-28JAN01-T3.75,fed_rates,sector_technology,Technology sector,sector,market_conditioned,0.1,True,True,19,43,0.4523809523809524,11,1,0.51,0.645,8.499999999999996,1.99999999999999,2026-07-31,2026-09-04,insufficient_observations,,,,,,,,,,,,,,,,,,,,,,,insufficient_evidence,False,insufficient_observations,14,,insufficient_observations,19,,Latest 28 calendar days; shorter than full equity regression window,330,28,0.2216233741626068,passes_descriptive_tape_gate,,not_ready_for_sizing,insufficient_observations|conservative_q_not_below_10pct|block_interval_includes_zero_or_unavailable|tight_spread_estimate_unavailable|largest_move_removal_sign_unstable_or_unavailable|fewer_than_3_moves_exceeding_quote_noise_rule
fed_2027_above375,End-2027 Fed upper bound above 3.75%,KXFEDFUNDSYEAR-28JAN01-T3.75,fed_rates,sector_consumer_discretionary,Consumer discretionary sector,sector,market_conditioned,0.1,True,True,19,43,0.4523809523809524,11,1,0.51,0.645,8.499999999999996,1.99999999999999,2026-07-31,2026-09-04,insufficient_observations,,,,,,,,,,,,,,,,,,,,,,,insufficient_evidence,False,insufficient_observations,14,,insufficient_observations,19,,Latest 28 calendar days; shorter than full equity regression window,330,28,0.2216233741626068,passes_descriptive_tape_gate,,not_ready_for_sizing,insufficient_observations|conservative_q_not_below_10pct|block_interval_includes_zero_or_unavailable|tight_spread_estimate_unavailable|largest_move_removal_sign_unstable_or_unavailable|fewer_than_3_moves_exceeding_quote_noise_rule
fed_2027_above375,End-2027 Fed upper bound above 3.75%,KXFEDFUNDSYEAR-28JAN01-T3.75,fed_rates,sector_communications,Communication services sector,sector,market_conditioned,0.1,True,True,19,43,0.4523809523809524,11,1,0.51,0.645,8.499999999999996,1.99999999999999,2026-07-31,2026-09-04,insufficient_observations,,,,,,,,,,,,,,,,,,,,,,,insufficient_evidence,False,insufficient_observations,14,,insufficient_observations,19,,Latest 28 calendar days; shorter than full equity regression window,330,28,0.2216233741626068,passes_descriptive_tape_gate,,not_ready_for_sizing,insufficient_observations|conservative_q_not_below_10pct|block_interval_includes_zero_or_unavailable|tight_spread_estimate_unavailable|largest_move_removal_sign_unstable_or_unavailable|fewer_than_3_moves_exceeding_quote_noise_rule
fed_2027_above375,End-2027 Fed upper bound above 3.75%,KXFEDFUNDSYEAR-28JAN01-T3.75,fed_rates,sector_industrials,Industrials sector,sector,market_conditioned,0.1,True,True,19,43,0.4523809523809524,11,1,0.51,0.645,8.499999999999996,1.99999999999999,2026-07-31,2026-09-04,insufficient_observations,,,,,,,,,,,,,,,,,,,,,,,insufficient_evidence,False,insufficient_observations,14,,insufficient_observations,19,,Latest 28 calendar days; shorter than full equity regression window,330,28,0.2216233741626068,passes_descriptive_tape_gate,,not_ready_for_sizing,insufficient_observations|conservative_q_not_below_10pct|block_interval_includes_zero_or_unavailable|tight_spread_estimate_unavailable|largest_move_removal_sign_unstable_or_unavailable|fewer_than_3_moves_exceeding_quote_noise_rule
fed_2027_above375,End-2027 Fed upper bound above 3.75%,KXFEDFUNDSYEAR-28JAN01-T3.75,fed_rates,sector_utilities,Utilities sector,sector,market_conditioned,0.1,True,True,19,43,0.4523809523809524,11,1,0.51,0.645,8.499999999999996,1.99999999999999,2026-07-31,2026-09-04,insufficient_observations,,,,,,,,,,,,,,,,,,,,,,,insufficient_evidence,False,insufficient_observations,14,,insufficient_observations,19,,Latest 28 calendar days; shorter than full equity regression window,330,28,0.2216233741626068,passes_descriptive_tape_gate,,not_ready_for_sizing,insufficient_observations|conservative_q_not_below_10pct|block_interval_includes_zero_or_unavailable|tight_spread_estimate_unavailable|largest_move_removal_sign_unstable_or_unavailable|fewer_than_3_moves_exceeding_quote_noise_rule
fed_2027_above375,End-2027 Fed upper bound above 3.75%,KXFEDFUNDSYEAR-28JAN01-T3.75,fed_rates,sector_real_estate,Real estate sector,sector,market_conditioned,0.1,True,True,19,43,0.4523809523809524,11,1,0.51,0.645,8.499999999999996,1.99999999999999,2026-07-31,2026-09-04,insufficient_observations,,,,,,,,,,,,,,,,,,,,,,,insufficient_evidence,False,insufficient_observations,14,,insufficient_observations,19,,Latest 28 calendar days; shorter than full equity regression window,330,28,0.2216233741626068,passes_descriptive_tape_gate,,not_ready_for_sizing,insufficient_observations|conservative_q_not_below_10pct|block_interval_includes_zero_or_unavailable|tight_spread_estimate_unavailable|largest_move_removal_sign_unstable_or_unavailable|fewer_than_3_moves_exceeding_quote_noise_rule
fed_2027_above375,End-2027 Fed upper bound above 3.75%,KXFEDFUNDSYEAR-28JAN01-T3.75,fed_rates,sector_energy,Energy sector,sector,market_conditioned,0.1,True,True,19,43,0.4523809523809524,11,1,0.51,0.645,8.499999999999996,1.99999999999999,2026-07-31,2026-09-04,insufficient_observations,,,,,,,,,,,,,,,,,,,,,,,insufficient_evidence,False,insufficient_observations,14,,insufficient_observations,19,,Latest 28 calendar days; shorter than full equity regression window,330,28,0.2216233741626068,passes_descriptive_tape_gate,,not_ready_for_sizing,insufficient_observations|conservative_q_not_below_10pct|block_interval_includes_zero_or_unavailable|tight_spread_estimate_unavailable|largest_move_removal_sign_unstable_or_unavailable|fewer_than_3_moves_exceeding_quote_noise_rule
fed_2027_above375,End-2027 Fed upper bound above 3.75%,KXFEDFUNDSYEAR-28JAN01-T3.75,fed_rates,sector_financials,Financials sector,sector,market_conditioned,0.1,True,True,19,43,0.4523809523809524,11,1,0.51,0.645,8.499999999999996,1.99999999999999,2026-07-31,2026-09-04,insufficient_observations,,,,,,,,,,,,,,,,,,,,,,,insufficient_evidence,False,insufficient_observations,14,,insufficient_observations,19,,Latest 28 calendar days; shorter than full equity regression window,330,28,0.2216233741626068,passes_descriptive_tape_gate,,not_ready_for_sizing,insufficient_observations|conservative_q_not_below_10pct|block_interval_includes_zero_or_unavailable|tight_spread_estimate_unavailable|largest_move_removal_sign_unstable_or_unavailable|fewer_than_3_moves_exceeding_quote_noise_rule
fed_2027_above375,End-2027 Fed upper bound above 3.75%,KXFEDFUNDSYEAR-28JAN01-T3.75,fed_rates,sector_healthcare,Healthcare sector,sector,market_conditioned,0.1,True,True,19,43,0.4523809523809524,11,1,0.51,0.645,8.499999999999996,1.99999999999999,2026-07-31,2026-09-04,insufficient_observations,,,,,,,,,,,,,,,,,,,,,,,insufficient_evidence,False,insufficient_observations,14,,insufficient_observations,19,,Latest 28 calendar days; shorter than full equity regression window,330,28,0.2216233741626068,passes_descriptive_tape_gate,,not_ready_for_sizing,insufficient_observations|conservative_q_not_below_10pct|block_interval_includes_zero_or_unavailable|tight_spread_estimate_unavailable|largest_move_removal_sign_unstable_or_unavailable|fewer_than_3_moves_exceeding_quote_noise_rule
fed_2027_above375,End-2027 Fed upper bound above 3.75%,KXFEDFUNDSYEAR-28JAN01-T3.75,fed_rates,sector_staples,Consumer staples sector,sector,market_conditioned,0.1,True,True,19,43,0.4523809523809524,11,1,0.51,0.645,8.499999999999996,1.99999999999999,2026-07-31,2026-09-04,insufficient_observations,,,,,,,,,,,,,,,,,,,,,,,insufficient_evidence,False,insufficient_observations,14,,insufficient_observations,19,,Latest 28 calendar days; shorter than full equity regression window,330,28,0.2216233741626068,passes_descriptive_tape_gate,,not_ready_for_sizing,insufficient_observations|conservative_q_not_below_10pct|block_interval_includes_zero_or_unavailable|tight_spread_estimate_unavailable|largest_move_removal_sign_unstable_or_unavailable|fewer_than_3_moves_exceeding_quote_noise_rule
fed_2027_above375,End-2027 Fed upper bound above 3.75%,KXFEDFUNDSYEAR-28JAN01-T3.75,fed_rates,cloud_platforms,Cloud platforms,theme,market_conditioned,0.1,True,True,19,43,0.4523809523809524,11,1,0.51,0.645,8.499999999999996,1.99999999999999,2026-07-31,2026-09-04,insufficient_observations,,,,,,,,,,,,,,,,,,,,,,,insufficient_evidence,False,insufficient_observations,14,,insufficient_observations,19,,Latest 28 calendar days; shorter than full equity regression window,330,28,0.2216233741626068,passes_descriptive_tape_gate,,not_ready_for_sizing,insufficient_observations|conservative_q_not_below_10pct|block_interval_includes_zero_or_unavailable|tight_spread_estimate_unavailable|largest_move_removal_sign_unstable_or_unavailable|fewer_than_3_moves_exceeding_quote_noise_rule
fed_2027_above375,End-2027 Fed upper bound above 3.75%,KXFEDFUNDSYEAR-28JAN01-T3.75,fed_rates,electrical_equipment,Electrical equipment,theme,market_conditioned,0.1,True,True,19,43,0.4523809523809524,11,1,0.51,0.645,8.499999999999996,1.99999999999999,2026-07-31,2026-09-04,insufficient_observations,,,,,,,,,,,,,,,,,,,,,,,insufficient_evidence,False,insufficient_observations,14,,insufficient_observations,19,,Latest 28 calendar days; shorter than full equity regression window,330,28,0.2216233741626068,passes_descriptive_tape_gate,,not_ready_for_sizing,insufficient_observations|conservative_q_not_below_10pct|block_interval_includes_zero_or_unavailable|tight_spread_estimate_unavailable|largest_move_removal_sign_unstable_or_unavailable|fewer_than_3_moves_exceeding_quote_noise_rule
fed_2027_above375,End-2027 Fed upper bound above 3.75%,KXFEDFUNDSYEAR-28JAN01-T3.75,fed_rates,regulated_utilities,Regulated utilities,theme,market_conditioned,0.1,True,True,19,43,0.4523809523809524,11,1,0.51,0.645,8.499999999999996,1.99999999999999,2026-07-31,2026-09-04,insufficient_observations,,,,,,,,,,,,,,,,,,,,,,,insufficient_evidence,False,insufficient_observations,14,,insufficient_observations,19,,Latest 28 calendar days; shorter than full equity regression window,330,28,0.2216233741626068,passes_descriptive_tape_gate,,not_ready_for_sizing,insufficient_observations|conservative_q_not_below_10pct|block_interval_includes_zero_or_unavailable|tight_spread_estimate_unavailable|largest_move_removal_sign_unstable_or_unavailable|fewer_than_3_moves_exceeding_quote_noise_rule
fed_2027_above375,End-2027 Fed upper bound above 3.75%,KXFEDFUNDSYEAR-28JAN01-T3.75,fed_rates,power_generators,Power generators,theme,market_conditioned,0.1,True,True,19,43,0.4523809523809524,11,1,0.51,0.645,8.499999999999996,1.99999999999999,2026-07-31,2026-09-04,insufficient_observations,,,,,,,,,,,,,,,,,,,,,,,insufficient_evidence,False,insufficient_observations,14,,insufficient_observations,19,,Latest 28 calendar days; shorter than full equity regression window,330,28,0.2216233741626068,passes_descriptive_tape_gate,,not_ready_for_sizing,insufficient_observations|conservative_q_not_below_10pct|block_interval_includes_zero_or_unavailable|tight_spread_estimate_unavailable|largest_move_removal_sign_unstable_or_unavailable|fewer_than_3_moves_exceeding_quote_noise_rule
fed_2027_above375,End-2027 Fed upper bound above 3.75%,KXFEDFUNDSYEAR-28JAN01-T3.75,fed_rates,data_center_reits,Data-center REITs,theme,market_conditioned,0.1,True,True,19,43,0.4523809523809524,11,1,0.51,0.645,8.499999999999996,1.99999999999999,2026-07-31,2026-09-04,insufficient_observations,,,,,,,,,,,,,,,,,,,,,,,insufficient_evidence,False,insufficient_observations,14,,insufficient_observations,19,,Latest 28 calendar days; shorter than full equity regression window,330,28,0.2216233741626068,passes_descriptive_tape_gate,,not_ready_for_sizing,insufficient_observations|conservative_q_not_below_10pct|block_interval_includes_zero_or_unavailable|tight_spread_estimate_unavailable|largest_move_removal_sign_unstable_or_unavailable|fewer_than_3_moves_exceeding_quote_noise_rule
fed_2027_above375,End-2027 Fed upper bound above 3.75%,KXFEDFUNDSYEAR-28JAN01-T3.75,fed_rates,integrated_energy,Integrated energy,theme,market_conditioned,0.1,True,True,19,43,0.4523809523809524,11,1,0.51,0.645,8.499999999999996,1.99999999999999,2026-07-31,2026-09-04,insufficient_observations,,,,,,,,,,,,,,,,,,,,,,,insufficient_evidence,False,insufficient_observations,14,,insufficient_observations,19,,Latest 28 calendar days; shorter than full equity regression window,330,28,0.2216233741626068,passes_descriptive_tape_gate,,not_ready_for_sizing,insufficient_observations|conservative_q_not_below_10pct|block_interval_includes_zero_or_unavailable|tight_spread_estimate_unavailable|largest_move_removal_sign_unstable_or_unavailable|fewer_than_3_moves_exceeding_quote_noise_rule
fed_2027_above375,End-2027 Fed upper bound above 3.75%,KXFEDFUNDSYEAR-28JAN01-T3.75,fed_rates,homebuilders,Homebuilders,theme,market_conditioned,0.1,True,True,19,43,0.4523809523809524,11,1,0.51,0.645,8.499999999999996,1.99999999999999,2026-07-31,2026-09-04,insufficient_observations,,,,,,,,,,,,,,,,,,,,,,,insufficient_evidence,False,insufficient_observations,14,,insufficient_observations,19,,Latest 28 calendar days; shorter than full equity regression window,330,28,0.2216233741626068,passes_descriptive_tape_gate,,not_ready_for_sizing,insufficient_observations|conservative_q_not_below_10pct|block_interval_includes_zero_or_unavailable|tight_spread_estimate_unavailable|largest_move_removal_sign_unstable_or_unavailable|fewer_than_3_moves_exceeding_quote_noise_rule
fed_2027_above375,End-2027 Fed upper bound above 3.75%,KXFEDFUNDSYEAR-28JAN01-T3.75,fed_rates,machinery_distribution,Machinery and distribution,theme,market_conditioned,0.1,True,True,19,43,0.4523809523809524,11,1,0.51,0.645,8.499999999999996,1.99999999999999,2026-07-31,2026-09-04,insufficient_observations,,,,,,,,,,,,,,,,,,,,,,,insufficient_evidence,False,insufficient_observations,14,,insufficient_observations,19,,Latest 28 calendar days; shorter than full equity regression window,330,28,0.2216233741626068,passes_descriptive_tape_gate,,not_ready_for_sizing,insufficient_observations|conservative_q_not_below_10pct|block_interval_includes_zero_or_unavailable|tight_spread_estimate_unavailable|largest_move_removal_sign_unstable_or_unavailable|fewer_than_3_moves_exceeding_quote_noise_rule
fed_2027_above375,End-2027 Fed upper bound above 3.75%,KXFEDFUNDSYEAR-28JAN01-T3.75,fed_rates,managed_care,Managed care (UNH only),single_company_proxy,market_conditioned,0.1,True,True,19,43,0.4523809523809524,11,1,0.51,0.645,8.499999999999996,1.99999999999999,2026-07-31,2026-09-04,insufficient_observations,,,,,,,,,,,,,,,,,,,,,,,insufficient_evidence,False,insufficient_observations,14,,insufficient_observations,19,,Latest 28 calendar days; shorter than full equity regression window,330,28,0.2216233741626068,passes_descriptive_tape_gate,,not_ready_for_sizing,insufficient_observations|conservative_q_not_below_10pct|block_interval_includes_zero_or_unavailable|tight_spread_estimate_unavailable|largest_move_removal_sign_unstable_or_unavailable|fewer_than_3_moves_exceeding_quote_noise_rule
fed_2027_above375,End-2027 Fed upper bound above 3.75%,KXFEDFUNDSYEAR-28JAN01-T3.75,fed_rates,hospitals,Hospitals (HCA only),single_company_proxy,market_conditioned,0.1,True,True,19,43,0.4523809523809524,11,1,0.51,0.645,8.499999999999996,1.99999999999999,2026-07-31,2026-09-04,insufficient_observations,,,,,,,,,,,,,,,,,,,,,,,insufficient_evidence,False,insufficient_observations,14,,insufficient_observations,19,,Latest 28 calendar days; shorter than full equity regression window,330,28,0.2216233741626068,passes_descriptive_tape_gate,,not_ready_for_sizing,insufficient_observations|conservative_q_not_below_10pct|block_interval_includes_zero_or_unavailable|tight_spread_estimate_unavailable|largest_move_removal_sign_unstable_or_unavailable|fewer_than_3_moves_exceeding_quote_noise_rule
fed_2027_above375,End-2027 Fed upper bound above 3.75%,KXFEDFUNDSYEAR-28JAN01-T3.75,fed_rates,generators_minus_regulated,Generators minus regulated utilities,relative_return_contrast,market_conditioned,0.1,True,True,19,43,0.4523809523809524,11,1,0.51,0.645,8.499999999999996,1.99999999999999,2026-07-31,2026-09-04,insufficient_observations,,,,,,,,,,,,,,,,,,,,,,,insufficient_evidence,False,insufficient_observations,14,,insufficient_observations,19,,Latest 28 calendar days; shorter than full equity regression window,330,28,0.2216233741626068,passes_descriptive_tape_gate,,not_ready_for_sizing,insufficient_observations|conservative_q_not_below_10pct|block_interval_includes_zero_or_unavailable|tight_spread_estimate_unavailable|largest_move_removal_sign_unstable_or_unavailable|fewer_than_3_moves_exceeding_quote_noise_rule
fed_2027_above375,End-2027 Fed upper bound above 3.75%,KXFEDFUNDSYEAR-28JAN01-T3.75,fed_rates,equipment_minus_generators,Equipment minus generators,relative_return_contrast,market_conditioned,0.1,True,True,19,43,0.4523809523809524,11,1,0.51,0.645,8.499999999999996,1.99999999999999,2026-07-31,2026-09-04,insufficient_observations,,,,,,,,,,,,,,,,,,,,,,,insufficient_evidence,False,insufficient_observations,14,,insufficient_observations,19,,Latest 28 calendar days; shorter than full equity regression window,330,28,0.2216233741626068,passes_descriptive_tape_gate,,not_ready_for_sizing,insufficient_observations|conservative_q_not_below_10pct|block_interval_includes_zero_or_unavailable|tight_spread_estimate_unavailable|largest_move_removal_sign_unstable_or_unavailable|fewer_than_3_moves_exceeding_quote_noise_rule
fed_2027_above375,End-2027 Fed upper bound above 3.75%,KXFEDFUNDSYEAR-28JAN01-T3.75,fed_rates,hospitals_minus_managed_care,Hospitals minus managed care,relative_return_contrast,market_conditioned,0.1,True,True,19,43,0.4523809523809524,11,1,0.51,0.645,8.499999999999996,1.99999999999999,2026-07-31,2026-09-04,insufficient_observations,,,,,,,,,,,,,,,,,,,,,,,insufficient_evidence,False,insufficient_observations,14,,insufficient_observations,19,,Latest 28 calendar days; shorter than full equity regression window,330,28,0.2216233741626068,passes_descriptive_tape_gate,,not_ready_for_sizing,insufficient_observations|conservative_q_not_below_10pct|block_interval_includes_zero_or_unavailable|tight_spread_estimate_unavailable|largest_move_removal_sign_unstable_or_unavailable|fewer_than_3_moves_exceeding_quote_noise_rule
sept_fed_hike25,September FOMC increase of 25 bp,KXFEDDECISION-26SEP-H25,fed_rates,sector_technology,Technology sector,sector,market_conditioned,0.1,True,True,42,43,1.0,39,23,0.265,0.605,25.999999999999996,1.0,2026-07-09,2026-09-04,estimated,-0.001676279675497147,-0.000557034561296137,1.915166190168919,0.0023013552533380174,0.0018451609432156887,-0.005408469961345986,0.0020559106103516917,-0.006331210050202854,0.00297865069920856,0.3692081156190464,0.47072729604171043,0.6221577542076042,-0.007413385097044739,0.002088292333596538,500.0,-0.0009531721903670228,0.4313763960155794,2026-07-13,True,0.6932070742235156,0.9915527907147141,0.9915527907147141,pilot_observational,False,estimated,40,-0.002780947251256868,estimated,42,-0.001676279675497147,Latest 28 calendar days; shorter than full equity regression window,10349,28,0.0358210159637073,passes_descriptive_tape_gate,,not_ready_for_sizing,conservative_q_not_below_10pct|block_interval_includes_zero_or_unavailable
sept_fed_hike25,September FOMC increase of 25 bp,KXFEDDECISION-26SEP-H25,fed_rates,sector_consumer_discretionary,Consumer discretionary sector,sector,market_conditioned,0.1,True,True,42,43,1.0,39,23,0.265,0.605,25.999999999999996,1.0,2026-07-09,2026-09-04,estimated,0.0011673534401498613,-0.0009796010685683817,1.167121119611622,0.002160151945491234,0.0017711198309252128,-0.00241507456015961,0.004749781440459332,-0.003201966285895002,0.005536673166194724,0.5137016171883501,0.591991891277299,0.38416531298224976,-0.0015641032241800825,0.00678577801231348,500.0,0.0016897893762232768,0.44753878140483894,2026-07-13,True,0.784171318772089,0.9915527907147141,0.9915527907147141,pilot_observational,False,estimated,40,0.001640108347093682,estimated,42,0.0011673534401498613,Latest 28 calendar days; shorter than full equity regression window,10349,28,0.0358210159637073,passes_descriptive_tape_gate,,not_ready_for_sizing,conservative_q_not_below_10pct|block_interval_includes_zero_or_unavailable
sept_fed_hike25,September FOMC increase of 25 bp,KXFEDDECISION-26SEP-H25,fed_rates,sector_communications,Communication services sector,sector,market_conditioned,0.1,True,True,42,43,1.0,39,23,0.265,0.605,25.999999999999996,1.0,2026-07-09,2026-09-04,estimated,0.001137028404559396,-1.9495519579166694e-05,0.7571571857695765,0.0026011795344315553,0.0018355535409044729,-0.0025757290758694064,0.004849785884988198,-0.004124353821120761,0.006398410630239552,0.5392240464634349,0.6644350628800905,0.16654552456069427,-0.002299293331569163,0.005615830027859456,500.0,0.0007614205559295529,0.33034165824150447,2026-07-13,True,0.784171318772089,0.9915527907147141,0.9915527907147141,pilot_observational,False,estimated,40,0.0018501123262532888,estimated,42,0.001137028404559396,Latest 28 calendar days; shorter than full equity regression window,10349,28,0.0358210159637073,passes_descriptive_tape_gate,,not_ready_for_sizing,conservative_q_not_below_10pct|block_interval_includes_zero_or_unavailable
sept_fed_hike25,September FOMC increase of 25 bp,KXFEDDECISION-26SEP-H25,fed_rates,sector_industrials,Industrials sector,sector,market_conditioned,0.1,True,True,42,43,1.0,39,23,0.265,0.605,25.999999999999996,1.0,2026-07-09,2026-09-04,estimated,-0.0010494692973736048,-0.0012060874781062573,0.7485087397028749,0.001333663404500734,0.0012333890873396274,-0.0035442342052078965,0.0014452956104606869,-0.003747058156042553,0.0016481195612953435,0.4000287728844414,0.4360922075216874,0.36083666409701565,-0.0038891958797807914,0.0005663331189904445,500.0,-0.0012277826346783574,0.1699081028392144,2026-07-13,True,0.7146145069003613,0.9915527907147141,0.9915527907147141,pilot_observational,False,estimated,40,-0.0012119208497885729,estimated,42,-0.0010494692973736048,Latest 28 calendar days; shorter than full equity regression window,10349,28,0.0358210159637073,passes_descriptive_tape_gate,,not_ready_for_sizing,conservative_q_not_below_10pct|block_interval_includes_zero_or_unavailable
sept_fed_hike25,September FOMC increase of 25 bp,KXFEDDECISION-26SEP-H25,fed_rates,sector_utilities,Utilities sector,sector,market_conditioned,0.1,True,True,42,43,1.0,39,23,0.265,0.605,25.999999999999996,1.0,2026-07-09,2026-09-04,estimated,-0.0025624295074375357,-0.0009900887619615183,-0.12591542165494418,0.002579154907338462,0.0024264458509020937,-0.007470379498018072,0.002345520483143001,-0.007779262719879295,0.0026544037050042243,0.2974470048598257,0.32658346650984454,0.04840160197385146,-0.008053291596024283,0.001114091602571368,500.0,-0.004666841374682957,0.821256491598031,2026-07-13,True,0.6319090518931588,0.9174737754878881,0.9174737754878881,pilot_observational,False,estimated,40,-0.003031021286570449,estimated,42,-0.0025624295074375357,Latest 28 calendar days; shorter than full equity regression window,10349,28,0.0358210159637073,passes_descriptive_tape_gate,,not_ready_for_sizing,conservative_q_not_below_10pct|block_interval_includes_zero_or_unavailable
sept_fed_hike25,September FOMC increase of 25 bp,KXFEDDECISION-26SEP-H25,fed_rates,sector_real_estate,Real estate sector,sector,market_conditioned,0.1,True,True,42,43,1.0,39,23,0.265,0.605,25.999999999999996,1.0,2026-07-09,2026-09-04,estimated,-0.0020003228404168374,2.2064026523992906e-05,-0.03937021670008052,0.002052196238879324,0.001861536403945575,-0.005765635621995436,0.0017649899411617607,-0.006151281538931638,0.002150635858097963,0.2891775177965676,0.33570506460768706,0.033130635153653776,-0.0060859156071674525,0.0012944188148050967,500.0,-0.0036355159196165593,0.817464584296289,2026-07-13,True,0.6310462089164462,0.9174737754878881,0.9174737754878881,pilot_observational,False,estimated,40,-0.001738347777416824,estimated,42,-0.0020003228404168374,Latest 28 calendar days; shorter than full equity regression window,10349,28,0.0358210159637073,passes_descriptive_tape_gate,,not_ready_for_sizing,conservative_q_not_below_10pct|block_interval_includes_zero_or_unavailable
sept_fed_hike25,September FOMC increase of 25 bp,KXFEDDECISION-26SEP-H25,fed_rates,sector_energy,Energy sector,sector,market_conditioned,0.1,True,True,42,43,1.0,39,23,0.265,0.605,25.999999999999996,1.0,2026-07-09,2026-09-04,estimated,0.006391081730392666,0.0036409265601238436,-0.5302135635783806,0.0027227711869452177,0.0022443753740363217,0.0018514040401752894,0.010930759420610043,0.0008837571732208602,0.011898406287564472,0.0069932727162246335,0.024081666235300715,0.2750414469135729,0.0015299828980775935,0.012489704609882886,500.0,0.005484730389273816,0.14181501338164937,2026-07-13,True,0.06580902434840322,0.40282059884503013,0.40282059884503013,pilot_observational,True,estimated,40,0.00628018871382252,estimated,42,0.006391081730392666,Latest 28 calendar days; shorter than full equity regression window,10349,28,0.0358210159637073,passes_descriptive_tape_gate,,not_ready_for_sizing,conservative_q_not_below_10pct
sept_fed_hike25,September FOMC increase of 25 bp,KXFEDDECISION-26SEP-H25,fed_rates,sector_financials,Financials sector,sector,market_conditioned,0.1,True,True,42,43,1.0,39,23,0.265,0.605,25.999999999999996,1.0,2026-07-09,2026-09-04,estimated,0.0009910991419707182,0.0008350376295606402,0.5851757950701644,0.0016162529895269752,0.001291246104629241,-0.0016206926293956848,0.0036028909133371213,-0.0022780811044277646,0.004260279388369201,0.44737541456034996,0.543298743506232,0.31583076809192334,-0.0018850969398977917,0.0031796905862302716,500.0,-0.0001814399498156266,1.1830694247750515,2026-07-13,False,0.7415952817937334,0.9915527907147141,0.9915527907147141,pilot_observational,False,estimated,40,0.0012879473318125247,estimated,42,0.0009910991419707182,Latest 28 calendar days; shorter than full equity regression window,10349,28,0.0358210159637073,passes_descriptive_tape_gate,,not_ready_for_sizing,conservative_q_not_below_10pct|block_interval_includes_zero_or_unavailable|largest_move_removal_sign_unstable_or_unavailable
sept_fed_hike25,September FOMC increase of 25 bp,KXFEDDECISION-26SEP-H25,fed_rates,sector_healthcare,Healthcare sector,sector,market_conditioned,0.1,True,True,42,43,1.0,39,23,0.265,0.605,25.999999999999996,1.0,2026-07-09,2026-09-04,estimated,0.0013745634310966825,0.001400012850287363,-0.10594908451577531,0.0022246435983346784,0.0017892993990769061,-0.0022446362166434084,0.004993763078836773,-0.0031252029755727785,0.005874329837766143,0.44698740426917016,0.5402458288814851,0.016910000312580054,-0.0019326090107675898,0.006841804497823807,500.0,0.001723521552614349,0.2538683291168699,2026-07-13,True,0.7415952817937334,0.9915527907147141,0.9915527907147141,pilot_observational,False,estimated,40,0.001661928201178891,estimated,42,0.0013745634310966825,Latest 28 calendar days; shorter than full equity regression window,10349,28,0.0358210159637073,passes_descriptive_tape_gate,,not_ready_for_sizing,conservative_q_not_below_10pct|block_interval_includes_zero_or_unavailable
sept_fed_hike25,September FOMC increase of 25 bp,KXFEDDECISION-26SEP-H25,fed_rates,sector_staples,Consumer staples sector,sector,market_conditioned,0.1,True,True,42,43,1.0,39,23,0.265,0.605,25.999999999999996,1.0,2026-07-09,2026-09-04,estimated,0.0002707242077791366,0.00022603650927091303,-0.15902352478030268,0.0017217601315745823,0.0014487519657190363,-0.002659653238666167,0.0032011016542244403,-0.0032118643768380695,0.003753312792396343,0.852733488574258,0.8758693895375118,0.01337227199758606,-0.0038692535635742997,0.0027957092565204645,500.0,-0.0002648730257021473,1.9783869269579215,2026-07-13,False,0.9378926187072435,0.9915527907147141,0.9915527907147141,pilot_observational,False,estimated,40,0.0006900220469479339,estimated,42,0.0002707242077791366,Latest 28 calendar days; shorter than full equity regression window,10349,28,0.0358210159637073,passes_descriptive_tape_gate,,not_ready_for_sizing,conservative_q_not_below_10pct|block_interval_includes_zero_or_unavailable|largest_move_removal_sign_unstable_or_unavailable
sept_fed_hike25,September FOMC increase of 25 bp,KXFEDDECISION-26SEP-H25,fed_rates,cloud_platforms,Cloud platforms,theme,market_conditioned,0.1,True,True,42,43,1.0,39,23,0.265,0.605,25.999999999999996,1.0,2026-07-09,2026-09-04,estimated,0.007595046104925489,0.0005119489671582843,2.0160095714861077,0.0036653297533099155,0.0032162229474721696,0.001089621152259663,0.014100471057591314,0.00018121689396494167,0.015008875315886036,0.02329204094460092,0.04491119993148722,0.37764682102407543,0.0015458823730499804,0.017675640988000667,500.0,0.007814212830747114,0.028856536588960684,2026-07-13,True,0.1648359820694834,0.5509107191595766,0.5509107191595766,pilot_observational,True,estimated,40,0.008904134052565574,estimated,42,0.007595046104925489,Latest 28 calendar days; shorter than full equity regression window,10349,28,0.0358210159637073,passes_descriptive_tape_gate,,not_ready_for_sizing,conservative_q_not_below_10pct
sept_fed_hike25,September FOMC increase of 25 bp,KXFEDDECISION-26SEP-H25,fed_rates,electrical_equipment,Electrical equipment,theme,market_conditioned,0.1,True,True,42,43,1.0,39,23,0.265,0.605,25.999999999999996,1.0,2026-07-09,2026-09-04,estimated,-0.00017175740347922684,-0.002551976565294287,2.595732208295951,0.005896509925176062,0.0045947443936015875,-0.009465505168306972,0.009121990361348517,-0.012098574489039489,0.011755059682081034,0.9703716947630382,0.9769105347981704,0.3185461941436374,-0.010500344582141408,0.007312878349737101,500.0,0.0002854053944113311,2.661677392822542,2026-07-13,False,0.9846350465253377,0.9915527907147141,0.9915527907147141,pilot_observational,False,estimated,40,-0.0009017674258876647,estimated,42,-0.00017175740347922684,Latest 28 calendar days; shorter than full equity regression window,10349,28,0.0358210159637073,passes_descriptive_tape_gate,,not_ready_for_sizing,conservative_q_not_below_10pct|block_interval_includes_zero_or_unavailable|largest_move_removal_sign_unstable_or_unavailable
sept_fed_hike25,September FOMC increase of 25 bp,KXFEDDECISION-26SEP-H25,fed_rates,regulated_utilities,Regulated utilities,theme,market_conditioned,0.1,True,True,42,43,1.0,39,23,0.265,0.605,25.999999999999996,1.0,2026-07-09,2026-09-04,estimated,-0.0021710485631014115,-0.0011187109232311434,-0.27195210998830954,0.00256867871228234,0.0027378242584749405,-0.007708820831375052,0.0033667237051722286,-0.00736669167092662,0.003024594544723797,0.43258552165463493,0.4031545003406957,0.045318802140885794,-0.008984345486023407,0.0022074843872534385,500.0,-0.003871167370299017,0.7830864938225667,2026-07-13,True,0.737915968479999,0.9890723741691735,0.9915527907147141,pilot_observational,False,estimated,40,-0.002869179240210337,estimated,42,-0.0021710485631014115,Latest 28 calendar days; shorter than full equity regression window,10349,28,0.0358210159637073,passes_descriptive_tape_gate,,not_ready_for_sizing,conservative_q_not_below_10pct|block_interval_includes_zero_or_unavailable
sept_fed_hike25,September FOMC increase of 25 bp,KXFEDDECISION-26SEP-H25,fed_rates,power_generators,Power generators,theme,market_conditioned,0.1,True,True,42,43,1.0,39,23,0.265,0.605,25.999999999999996,1.0,2026-07-09,2026-09-04,estimated,0.001828334391801593,0.0017074236735503308,0.6311820669136821,0.004303567642041015,0.0036916397705015628,-0.0056387118520385094,0.009295380635641694,-0.006876452801518783,0.010533121585121968,0.6231932323880417,0.6732870020782475,0.034987589860156265,-0.007973476771456912,0.0072857545503253116,500.0,0.0005275014413571274,0.7114852492396967,2026-07-13,True,0.8309243098507223,0.9915527907147141,0.9915527907147141,pilot_observational,False,estimated,40,0.0016863691354374766,estimated,42,0.001828334391801593,Latest 28 calendar days; shorter than full equity regression window,10349,28,0.0358210159637073,passes_descriptive_tape_gate,,not_ready_for_sizing,conservative_q_not_below_10pct|block_interval_includes_zero_or_unavailable
sept_fed_hike25,September FOMC increase of 25 bp,KXFEDDECISION-26SEP-H25,fed_rates,data_center_reits,Data-center REITs,theme,market_conditioned,0.1,True,True,42,43,1.0,39,23,0.265,0.605,25.999999999999996,1.0,2026-07-09,2026-09-04,estimated,-0.003219037189938183,0.0007209083850582686,0.858966322562587,0.003970337998803722,0.0033846824934072057,-0.010065203736560321,0.003627129356683956,-0.011249803809595395,0.00481172942971903,0.34743089494975876,0.4224171401457367,0.13710202182067588,-0.011773242453689436,0.003981306511773351,500.0,-0.003494415188276931,0.08554669675749726,2026-07-13,True,0.6784655132122264,0.9915527907147141,0.9915527907147141,pilot_observational,False,estimated,40,-0.0033115628489987434,estimated,42,-0.003219037189938183,Latest 28 calendar days; shorter than full equity regression window,10349,28,0.0358210159637073,passes_descriptive_tape_gate,,not_ready_for_sizing,conservative_q_not_below_10pct|block_interval_includes_zero_or_unavailable
sept_fed_hike25,September FOMC increase of 25 bp,KXFEDDECISION-26SEP-H25,fed_rates,integrated_energy,Integrated energy,theme,market_conditioned,0.1,True,True,42,43,1.0,39,23,0.265,0.605,25.999999999999996,1.0,2026-07-09,2026-09-04,estimated,0.007038863341406507,0.0041278505567568105,-0.7701592030714479,0.0029669081444174982,0.0024794565801143885,0.0020236890301837335,0.01205403765262928,0.001037725177110118,0.013040001505702895,0.007153154820478611,0.02269806714764305,0.3524081246415597,0.002797005085398836,0.013399472846697954,500.0,0.005733440302407345,0.18545935269405467,2026-07-13,True,0.06580902434840322,0.40282059884503013,0.40282059884503013,pilot_observational,True,estimated,40,0.0072469029125206705,estimated,42,0.007038863341406507,Latest 28 calendar days; shorter than full equity regression window,10349,28,0.0358210159637073,passes_descriptive_tape_gate,,not_ready_for_sizing,conservative_q_not_below_10pct
sept_fed_hike25,September FOMC increase of 25 bp,KXFEDDECISION-26SEP-H25,fed_rates,homebuilders,Homebuilders,theme,market_conditioned,0.1,True,True,42,43,1.0,39,23,0.265,0.605,25.999999999999996,1.0,2026-07-09,2026-09-04,estimated,-0.004845263634720784,-0.0008264954813596032,1.075076103096904,0.00441580096980708,0.004172127543569109,-0.013284188134333297,0.0035936608648917297,-0.013777064161039087,0.00408653689159752,0.2525619875341298,0.2792583726579964,0.21467624631494475,-0.01459229198289115,0.004617433276936604,500.0,-0.0054938515337969104,0.13386018759193954,2026-07-13,True,0.6013057054393637,0.9174737754878881,0.9174737754878881,pilot_observational,False,estimated,40,-0.004238958819341919,estimated,42,-0.004845263634720784,Latest 28 calendar days; shorter than full equity regression window,10349,28,0.0358210159637073,passes_descriptive_tape_gate,,not_ready_for_sizing,conservative_q_not_below_10pct|block_interval_includes_zero_or_unavailable
sept_fed_hike25,September FOMC increase of 25 bp,KXFEDDECISION-26SEP-H25,fed_rates,machinery_distribution,Machinery and distribution,theme,market_conditioned,0.1,True,True,42,43,1.0,39,23,0.265,0.605,25.999999999999996,1.0,2026-07-09,2026-09-04,estimated,0.000949106584229591,0.00012771374941413763,0.7408606488590099,0.002398247826347403,0.0017520758115237196,-0.002594801250955476,0.0044930144194146576,-0.0039018075181211998,0.0058000206865803814,0.5911039804235627,0.694446181397668,0.1524403492270513,-0.0032238869024098214,0.004109738267499578,500.0,0.0010938786490646928,0.15253509694342302,2026-07-13,True,0.8116651671487727,0.9915527907147141,0.9915527907147141,pilot_observational,False,estimated,40,0.000597663911512906,estimated,42,0.000949106584229591,Latest 28 calendar days; shorter than full equity regression window,10349,28,0.0358210159637073,passes_descriptive_tape_gate,,not_ready_for_sizing,conservative_q_not_below_10pct|block_interval_includes_zero_or_unavailable
sept_fed_hike25,September FOMC increase of 25 bp,KXFEDDECISION-26SEP-H25,fed_rates,managed_care,Managed care (UNH only),single_company_proxy,market_conditioned,0.1,True,True,42,43,1.0,39,23,0.265,0.605,25.999999999999996,1.0,2026-07-09,2026-09-04,estimated,0.0036934803752818714,-0.001929067130341213,0.2903055610717478,0.0028268289745212597,0.0028967247705408905,-0.0021656985159367575,0.0095526592665005,-0.002024320923979109,0.009411281674542853,0.20983396169543955,0.19900797377747217,0.0431501713235255,-0.002309869860931538,0.010466979859672411,500.0,0.002903150328886724,0.21397976057604817,2026-07-13,True,0.5709331656649559,0.9094769698122832,0.9094769698122832,pilot_observational,False,estimated,40,0.003355120624071422,estimated,42,0.0036934803752818714,Latest 28 calendar days; shorter than full equity regression window,10349,28,0.0358210159637073,passes_descriptive_tape_gate,,not_ready_for_sizing,conservative_q_not_below_10pct|block_interval_includes_zero_or_unavailable
sept_fed_hike25,September FOMC increase of 25 bp,KXFEDDECISION-26SEP-H25,fed_rates,hospitals,Hospitals (HCA only),single_company_proxy,market_conditioned,0.1,True,True,42,43,1.0,39,23,0.265,0.605,25.999999999999996,1.0,2026-07-09,2026-09-04,estimated,-0.0001706848051015301,-0.0002467402517512463,0.2691636312961332,0.008241498642851638,0.0041097041183763994,-0.008483346009379155,0.008141976399176095,-0.016840689277492826,0.016499319667289764,0.9670835725095893,0.9835822644829811,0.006643047304150107,-0.004416182364141562,0.01878592445404848,500.0,0.0054708571022198576,33.0523968080555,2026-07-13,False,0.9846350465253377,0.9915527907147141,0.9915527907147141,pilot_observational,False,estimated,40,0.0020623629427199922,estimated,42,-0.0001706848051015301,Latest 28 calendar days; shorter than full equity regression window,10349,28,0.0358210159637073,passes_descriptive_tape_gate,,not_ready_for_sizing,conservative_q_not_below_10pct|block_interval_includes_zero_or_unavailable|tight_spread_sign_reversal|largest_move_removal_sign_unstable_or_unavailable
sept_fed_hike25,September FOMC increase of 25 bp,KXFEDDECISION-26SEP-H25,fed_rates,generators_minus_regulated,Generators minus regulated utilities,relative_return_contrast,market_conditioned,0.1,True,True,42,43,1.0,39,23,0.265,0.605,25.999999999999996,1.0,2026-07-09,2026-09-04,estimated,0.003999382954903003,0.002826134596781474,0.9031341769019918,0.004452874123765804,0.004060134122340494,-0.004213013468486536,0.012211779378292542,-0.005007405103304736,0.013006171013110742,0.33067773462595196,0.3746131951538636,0.06478195003811216,-0.005091579080754889,0.012519057890098847,500.0,0.004398668811656144,0.09983686515032032,2026-07-13,True,0.6781879880476129,0.9727988717657353,0.9727988717657353,pilot_observational,False,estimated,40,0.004555548375647815,estimated,42,0.003999382954903003,Latest 28 calendar days; shorter than full equity regression window,10349,28,0.0358210159637073,passes_descriptive_tape_gate,,not_ready_for_sizing,conservative_q_not_below_10pct|block_interval_includes_zero_or_unavailable
sept_fed_hike25,September FOMC increase of 25 bp,KXFEDDECISION-26SEP-H25,fed_rates,equipment_minus_generators,Equipment minus generators,relative_return_contrast,market_conditioned,0.1,True,True,42,43,1.0,39,23,0.265,0.605,25.999999999999996,1.0,2026-07-09,2026-09-04,estimated,-0.0020000917952808193,-0.004259400238844617,1.9645501413822688,0.004848976337504275,0.003312224326444723,-0.008699697865505437,0.004699514274943798,-0.011808072204623824,0.0078078886140621855,0.5494388915683514,0.6822484773809429,0.2569382749093658,-0.007799706499601515,0.004730782491529961,500.0,-0.0002420960469457956,0.8789575320907687,2026-07-13,True,0.784171318772089,0.9915527907147141,0.9915527907147141,pilot_observational,False,estimated,40,-0.002588136561325142,estimated,42,-0.0020000917952808193,Latest 28 calendar days; shorter than full equity regression window,10349,28,0.0358210159637073,passes_descriptive_tape_gate,,not_ready_for_sizing,conservative_q_not_below_10pct|block_interval_includes_zero_or_unavailable
sept_fed_hike25,September FOMC increase of 25 bp,KXFEDDECISION-26SEP-H25,fed_rates,hospitals_minus_managed_care,Hospitals minus managed care,relative_return_contrast,market_conditioned,0.1,True,True,42,43,1.0,39,23,0.265,0.605,25.999999999999996,1.0,2026-07-09,2026-09-04,estimated,-0.0038641651803834,0.0016823268785899678,-0.02114192977561466,0.00868860147905402,0.004206926360609899,-0.012373476931252339,0.004645146570485538,-0.021438520499883935,0.013710190139117137,0.3639903997469356,0.6589664425521339,0.013147068260710437,-0.009233555433126987,0.01171392264054568,500.0,0.0025677067733331335,1.6644919804071023,2026-07-13,False,0.6932070742235156,0.9915527907147141,0.9915527907147141,pilot_observational,False,estimated,40,-0.0012927576813514278,estimated,42,-0.0038641651803834,Latest 28 calendar days; shorter than full equity regression window,10349,28,0.0358210159637073,passes_descriptive_tape_gate,,not_ready_for_sizing,conservative_q_not_below_10pct|block_interval_includes_zero_or_unavailable|largest_move_removal_sign_unstable_or_unavailable
aca_extension,Enhanced ACA credits extended before 2027,KXACAEXT-26JAN-27,healthcare,sector_technology,Technology sector,sector,market_conditioned,0.1,True,True,33,43,0.7857142857142857,4,1,0.0535,0.105,4.949999999999999,2.1,2026-07-09,2026-09-04,insufficient_probability_variation,,,,,,,,,,,,,,,,,,,,,,,insufficient_evidence,False,insufficient_probability_variation,33,,insufficient_probability_variation,33,,Latest 28 calendar days; shorter than full equity regression window,98,17,0.6143796084599068,veto_sizing_use,fewer_than_100_executions|top_five_volume_share_above_50pct_or_unavailable,not_ready_for_sizing,insufficient_probability_variation|conservative_q_not_below_10pct|block_interval_includes_zero_or_unavailable|tight_spread_estimate_unavailable|largest_move_removal_sign_unstable_or_unavailable|fewer_than_10_meaningful_days|fewer_than_3_moves_exceeding_quote_noise_rule|tape_liquidity_veto_or_unavailable
aca_extension,Enhanced ACA credits extended before 2027,KXACAEXT-26JAN-27,healthcare,sector_consumer_discretionary,Consumer discretionary sector,sector,market_conditioned,0.1,True,True,33,43,0.7857142857142857,4,1,0.0535,0.105,4.949999999999999,2.1,2026-07-09,2026-09-04,insufficient_probability_variation,,,,,,,,,,,,,,,,,,,,,,,insufficient_evidence,False,insufficient_probability_variation,33,,insufficient_probability_variation,33,,Latest 28 calendar days; shorter than full equity regression window,98,17,0.6143796084599068,veto_sizing_use,fewer_than_100_executions|top_five_volume_share_above_50pct_or_unavailable,not_ready_for_sizing,insufficient_probability_variation|conservative_q_not_below_10pct|block_interval_includes_zero_or_unavailable|tight_spread_estimate_unavailable|largest_move_removal_sign_unstable_or_unavailable|fewer_than_10_meaningful_days|fewer_than_3_moves_exceeding_quote_noise_rule|tape_liquidity_veto_or_unavailable
aca_extension,Enhanced ACA credits extended before 2027,KXACAEXT-26JAN-27,healthcare,sector_communications,Communication services sector,sector,market_conditioned,0.1,True,True,33,43,0.7857142857142857,4,1,0.0535,0.105,4.949999999999999,2.1,2026-07-09,2026-09-04,insufficient_probability_variation,,,,,,,,,,,,,,,,,,,,,,,insufficient_evidence,False,insufficient_probability_variation,33,,insufficient_probability_variation,33,,Latest 28 calendar days; shorter than full equity regression window,98,17,0.6143796084599068,veto_sizing_use,fewer_than_100_executions|top_five_volume_share_above_50pct_or_unavailable,not_ready_for_sizing,insufficient_probability_variation|conservative_q_not_below_10pct|block_interval_includes_zero_or_unavailable|tight_spread_estimate_unavailable|largest_move_removal_sign_unstable_or_unavailable|fewer_than_10_meaningful_days|fewer_than_3_moves_exceeding_quote_noise_rule|tape_liquidity_veto_or_unavailable
aca_extension,Enhanced ACA credits extended before 2027,KXACAEXT-26JAN-27,healthcare,sector_industrials,Industrials sector,sector,market_conditioned,0.1,True,True,33,43,0.7857142857142857,4,1,0.0535,0.105,4.949999999999999,2.1,2026-07-09,2026-09-04,insufficient_probability_variation,,,,,,,,,,,,,,,,,,,,,,,insufficient_evidence,False,insufficient_probability_variation,33,,insufficient_probability_variation,33,,Latest 28 calendar days; shorter than full equity regression window,98,17,0.6143796084599068,veto_sizing_use,fewer_than_100_executions|top_five_volume_share_above_50pct_or_unavailable,not_ready_for_sizing,insufficient_probability_variation|conservative_q_not_below_10pct|block_interval_includes_zero_or_unavailable|tight_spread_estimate_unavailable|largest_move_removal_sign_unstable_or_unavailable|fewer_than_10_meaningful_days|fewer_than_3_moves_exceeding_quote_noise_rule|tape_liquidity_veto_or_unavailable
aca_extension,Enhanced ACA credits extended before 2027,KXACAEXT-26JAN-27,healthcare,sector_utilities,Utilities sector,sector,market_conditioned,0.1,True,True,33,43,0.7857142857142857,4,1,0.0535,0.105,4.949999999999999,2.1,2026-07-09,2026-09-04,insufficient_probability_variation,,,,,,,,,,,,,,,,,,,,,,,insufficient_evidence,False,insufficient_probability_variation,33,,insufficient_probability_variation,33,,Latest 28 calendar days; shorter than full equity regression window,98,17,0.6143796084599068,veto_sizing_use,fewer_than_100_executions|top_five_volume_share_above_50pct_or_unavailable,not_ready_for_sizing,insufficient_probability_variation|conservative_q_not_below_10pct|block_interval_includes_zero_or_unavailable|tight_spread_estimate_unavailable|largest_move_removal_sign_unstable_or_unavailable|fewer_than_10_meaningful_days|fewer_than_3_moves_exceeding_quote_noise_rule|tape_liquidity_veto_or_unavailable
aca_extension,Enhanced ACA credits extended before 2027,KXACAEXT-26JAN-27,healthcare,sector_real_estate,Real estate sector,sector,market_conditioned,0.1,True,True,33,43,0.7857142857142857,4,1,0.0535,0.105,4.949999999999999,2.1,2026-07-09,2026-09-04,insufficient_probability_variation,,,,,,,,,,,,,,,,,,,,,,,insufficient_evidence,False,insufficient_probability_variation,33,,insufficient_probability_variation,33,,Latest 28 calendar days; shorter than full equity regression window,98,17,0.6143796084599068,veto_sizing_use,fewer_than_100_executions|top_five_volume_share_above_50pct_or_unavailable,not_ready_for_sizing,insufficient_probability_variation|conservative_q_not_below_10pct|block_interval_includes_zero_or_unavailable|tight_spread_estimate_unavailable|largest_move_removal_sign_unstable_or_unavailable|fewer_than_10_meaningful_days|fewer_than_3_moves_exceeding_quote_noise_rule|tape_liquidity_veto_or_unavailable
aca_extension,Enhanced ACA credits extended before 2027,KXACAEXT-26JAN-27,healthcare,sector_energy,Energy sector,sector,market_conditioned,0.1,True,True,33,43,0.7857142857142857,4,1,0.0535,0.105,4.949999999999999,2.1,2026-07-09,2026-09-04,insufficient_probability_variation,,,,,,,,,,,,,,,,,,,,,,,insufficient_evidence,False,insufficient_probability_variation,33,,insufficient_probability_variation,33,,Latest 28 calendar days; shorter than full equity regression window,98,17,0.6143796084599068,veto_sizing_use,fewer_than_100_executions|top_five_volume_share_above_50pct_or_unavailable,not_ready_for_sizing,insufficient_probability_variation|conservative_q_not_below_10pct|block_interval_includes_zero_or_unavailable|tight_spread_estimate_unavailable|largest_move_removal_sign_unstable_or_unavailable|fewer_than_10_meaningful_days|fewer_than_3_moves_exceeding_quote_noise_rule|tape_liquidity_veto_or_unavailable
aca_extension,Enhanced ACA credits extended before 2027,KXACAEXT-26JAN-27,healthcare,sector_financials,Financials sector,sector,market_conditioned,0.1,True,True,33,43,0.7857142857142857,4,1,0.0535,0.105,4.949999999999999,2.1,2026-07-09,2026-09-04,insufficient_probability_variation,,,,,,,,,,,,,,,,,,,,,,,insufficient_evidence,False,insufficient_probability_variation,33,,insufficient_probability_variation,33,,Latest 28 calendar days; shorter than full equity regression window,98,17,0.6143796084599068,veto_sizing_use,fewer_than_100_executions|top_five_volume_share_above_50pct_or_unavailable,not_ready_for_sizing,insufficient_probability_variation|conservative_q_not_below_10pct|block_interval_includes_zero_or_unavailable|tight_spread_estimate_unavailable|largest_move_removal_sign_unstable_or_unavailable|fewer_than_10_meaningful_days|fewer_than_3_moves_exceeding_quote_noise_rule|tape_liquidity_veto_or_unavailable
aca_extension,Enhanced ACA credits extended before 2027,KXACAEXT-26JAN-27,healthcare,sector_healthcare,Healthcare sector,sector,market_conditioned,0.1,True,True,33,43,0.7857142857142857,4,1,0.0535,0.105,4.949999999999999,2.1,2026-07-09,2026-09-04,insufficient_probability_variation,,,,,,,,,,,,,,,,,,,,,,,insufficient_evidence,False,insufficient_probability_variation,33,,insufficient_probability_variation,33,,Latest 28 calendar days; shorter than full equity regression window,98,17,0.6143796084599068,veto_sizing_use,fewer_than_100_executions|top_five_volume_share_above_50pct_or_unavailable,not_ready_for_sizing,insufficient_probability_variation|conservative_q_not_below_10pct|block_interval_includes_zero_or_unavailable|tight_spread_estimate_unavailable|largest_move_removal_sign_unstable_or_unavailable|fewer_than_10_meaningful_days|fewer_than_3_moves_exceeding_quote_noise_rule|tape_liquidity_veto_or_unavailable
aca_extension,Enhanced ACA credits extended before 2027,KXACAEXT-26JAN-27,healthcare,sector_staples,Consumer staples sector,sector,market_conditioned,0.1,True,True,33,43,0.7857142857142857,4,1,0.0535,0.105,4.949999999999999,2.1,2026-07-09,2026-09-04,insufficient_probability_variation,,,,,,,,,,,,,,,,,,,,,,,insufficient_evidence,False,insufficient_probability_variation,33,,insufficient_probability_variation,33,,Latest 28 calendar days; shorter than full equity regression window,98,17,0.6143796084599068,veto_sizing_use,fewer_than_100_executions|top_five_volume_share_above_50pct_or_unavailable,not_ready_for_sizing,insufficient_probability_variation|conservative_q_not_below_10pct|block_interval_includes_zero_or_unavailable|tight_spread_estimate_unavailable|largest_move_removal_sign_unstable_or_unavailable|fewer_than_10_meaningful_days|fewer_than_3_moves_exceeding_quote_noise_rule|tape_liquidity_veto_or_unavailable
aca_extension,Enhanced ACA credits extended before 2027,KXACAEXT-26JAN-27,healthcare,cloud_platforms,Cloud platforms,theme,market_conditioned,0.1,True,True,33,43,0.7857142857142857,4,1,0.0535,0.105,4.949999999999999,2.1,2026-07-09,2026-09-04,insufficient_probability_variation,,,,,,,,,,,,,,,,,,,,,,,insufficient_evidence,False,insufficient_probability_variation,33,,insufficient_probability_variation,33,,Latest 28 calendar days; shorter than full equity regression window,98,17,0.6143796084599068,veto_sizing_use,fewer_than_100_executions|top_five_volume_share_above_50pct_or_unavailable,not_ready_for_sizing,insufficient_probability_variation|conservative_q_not_below_10pct|block_interval_includes_zero_or_unavailable|tight_spread_estimate_unavailable|largest_move_removal_sign_unstable_or_unavailable|fewer_than_10_meaningful_days|fewer_than_3_moves_exceeding_quote_noise_rule|tape_liquidity_veto_or_unavailable
aca_extension,Enhanced ACA credits extended before 2027,KXACAEXT-26JAN-27,healthcare,electrical_equipment,Electrical equipment,theme,market_conditioned,0.1,True,True,33,43,0.7857142857142857,4,1,0.0535,0.105,4.949999999999999,2.1,2026-07-09,2026-09-04,insufficient_probability_variation,,,,,,,,,,,,,,,,,,,,,,,insufficient_evidence,False,insufficient_probability_variation,33,,insufficient_probability_variation,33,,Latest 28 calendar days; shorter than full equity regression window,98,17,0.6143796084599068,veto_sizing_use,fewer_than_100_executions|top_five_volume_share_above_50pct_or_unavailable,not_ready_for_sizing,insufficient_probability_variation|conservative_q_not_below_10pct|block_interval_includes_zero_or_unavailable|tight_spread_estimate_unavailable|largest_move_removal_sign_unstable_or_unavailable|fewer_than_10_meaningful_days|fewer_than_3_moves_exceeding_quote_noise_rule|tape_liquidity_veto_or_unavailable
aca_extension,Enhanced ACA credits extended before 2027,KXACAEXT-26JAN-27,healthcare,regulated_utilities,Regulated utilities,theme,market_conditioned,0.1,True,True,33,43,0.7857142857142857,4,1,0.0535,0.105,4.949999999999999,2.1,2026-07-09,2026-09-04,insufficient_probability_variation,,,,,,,,,,,,,,,,,,,,,,,insufficient_evidence,False,insufficient_probability_variation,33,,insufficient_probability_variation,33,,Latest 28 calendar days; shorter than full equity regression window,98,17,0.6143796084599068,veto_sizing_use,fewer_than_100_executions|top_five_volume_share_above_50pct_or_unavailable,not_ready_for_sizing,insufficient_probability_variation|conservative_q_not_below_10pct|block_interval_includes_zero_or_unavailable|tight_spread_estimate_unavailable|largest_move_removal_sign_unstable_or_unavailable|fewer_than_10_meaningful_days|fewer_than_3_moves_exceeding_quote_noise_rule|tape_liquidity_veto_or_unavailable
aca_extension,Enhanced ACA credits extended before 2027,KXACAEXT-26JAN-27,healthcare,power_generators,Power generators,theme,market_conditioned,0.1,True,True,33,43,0.7857142857142857,4,1,0.0535,0.105,4.949999999999999,2.1,2026-07-09,2026-09-04,insufficient_probability_variation,,,,,,,,,,,,,,,,,,,,,,,insufficient_evidence,False,insufficient_probability_variation,33,,insufficient_probability_variation,33,,Latest 28 calendar days; shorter than full equity regression window,98,17,0.6143796084599068,veto_sizing_use,fewer_than_100_executions|top_five_volume_share_above_50pct_or_unavailable,not_ready_for_sizing,insufficient_probability_variation|conservative_q_not_below_10pct|block_interval_includes_zero_or_unavailable|tight_spread_estimate_unavailable|largest_move_removal_sign_unstable_or_unavailable|fewer_than_10_meaningful_days|fewer_than_3_moves_exceeding_quote_noise_rule|tape_liquidity_veto_or_unavailable
aca_extension,Enhanced ACA credits extended before 2027,KXACAEXT-26JAN-27,healthcare,data_center_reits,Data-center REITs,theme,market_conditioned,0.1,True,True,33,43,0.7857142857142857,4,1,0.0535,0.105,4.949999999999999,2.1,2026-07-09,2026-09-04,insufficient_probability_variation,,,,,,,,,,,,,,,,,,,,,,,insufficient_evidence,False,insufficient_probability_variation,33,,insufficient_probability_variation,33,,Latest 28 calendar days; shorter than full equity regression window,98,17,0.6143796084599068,veto_sizing_use,fewer_than_100_executions|top_five_volume_share_above_50pct_or_unavailable,not_ready_for_sizing,insufficient_probability_variation|conservative_q_not_below_10pct|block_interval_includes_zero_or_unavailable|tight_spread_estimate_unavailable|largest_move_removal_sign_unstable_or_unavailable|fewer_than_10_meaningful_days|fewer_than_3_moves_exceeding_quote_noise_rule|tape_liquidity_veto_or_unavailable
aca_extension,Enhanced ACA credits extended before 2027,KXACAEXT-26JAN-27,healthcare,integrated_energy,Integrated energy,theme,market_conditioned,0.1,True,True,33,43,0.7857142857142857,4,1,0.0535,0.105,4.949999999999999,2.1,2026-07-09,2026-09-04,insufficient_probability_variation,,,,,,,,,,,,,,,,,,,,,,,insufficient_evidence,False,insufficient_probability_variation,33,,insufficient_probability_variation,33,,Latest 28 calendar days; shorter than full equity regression window,98,17,0.6143796084599068,veto_sizing_use,fewer_than_100_executions|top_five_volume_share_above_50pct_or_unavailable,not_ready_for_sizing,insufficient_probability_variation|conservative_q_not_below_10pct|block_interval_includes_zero_or_unavailable|tight_spread_estimate_unavailable|largest_move_removal_sign_unstable_or_unavailable|fewer_than_10_meaningful_days|fewer_than_3_moves_exceeding_quote_noise_rule|tape_liquidity_veto_or_unavailable
aca_extension,Enhanced ACA credits extended before 2027,KXACAEXT-26JAN-27,healthcare,homebuilders,Homebuilders,theme,market_conditioned,0.1,True,True,33,43,0.7857142857142857,4,1,0.0535,0.105,4.949999999999999,2.1,2026-07-09,2026-09-04,insufficient_probability_variation,,,,,,,,,,,,,,,,,,,,,,,insufficient_evidence,False,insufficient_probability_variation,33,,insufficient_probability_variation,33,,Latest 28 calendar days; shorter than full equity regression window,98,17,0.6143796084599068,veto_sizing_use,fewer_than_100_executions|top_five_volume_share_above_50pct_or_unavailable,not_ready_for_sizing,insufficient_probability_variation|conservative_q_not_below_10pct|block_interval_includes_zero_or_unavailable|tight_spread_estimate_unavailable|largest_move_removal_sign_unstable_or_unavailable|fewer_than_10_meaningful_days|fewer_than_3_moves_exceeding_quote_noise_rule|tape_liquidity_veto_or_unavailable
aca_extension,Enhanced ACA credits extended before 2027,KXACAEXT-26JAN-27,healthcare,machinery_distribution,Machinery and distribution,theme,market_conditioned,0.1,True,True,33,43,0.7857142857142857,4,1,0.0535,0.105,4.949999999999999,2.1,2026-07-09,2026-09-04,insufficient_probability_variation,,,,,,,,,,,,,,,,,,,,,,,insufficient_evidence,False,insufficient_probability_variation,33,,insufficient_probability_variation,33,,Latest 28 calendar days; shorter than full equity regression window,98,17,0.6143796084599068,veto_sizing_use,fewer_than_100_executions|top_five_volume_share_above_50pct_or_unavailable,not_ready_for_sizing,insufficient_probability_variation|conservative_q_not_below_10pct|block_interval_includes_zero_or_unavailable|tight_spread_estimate_unavailable|largest_move_removal_sign_unstable_or_unavailable|fewer_than_10_meaningful_days|fewer_than_3_moves_exceeding_quote_noise_rule|tape_liquidity_veto_or_unavailable
aca_extension,Enhanced ACA credits extended before 2027,KXACAEXT-26JAN-27,healthcare,managed_care,Managed care (UNH only),single_company_proxy,market_conditioned,0.1,True,True,33,43,0.7857142857142857,4,1,0.0535,0.105,4.949999999999999,2.1,2026-07-09,2026-09-04,insufficient_probability_variation,,,,,,,,,,,,,,,,,,,,,,,insufficient_evidence,False,insufficient_probability_variation,33,,insufficient_probability_variation,33,,Latest 28 calendar days; shorter than full equity regression window,98,17,0.6143796084599068,veto_sizing_use,fewer_than_100_executions|top_five_volume_share_above_50pct_or_unavailable,not_ready_for_sizing,insufficient_probability_variation|conservative_q_not_below_10pct|block_interval_includes_zero_or_unavailable|tight_spread_estimate_unavailable|largest_move_removal_sign_unstable_or_unavailable|fewer_than_10_meaningful_days|fewer_than_3_moves_exceeding_quote_noise_rule|tape_liquidity_veto_or_unavailable
aca_extension,Enhanced ACA credits extended before 2027,KXACAEXT-26JAN-27,healthcare,hospitals,Hospitals (HCA only),single_company_proxy,market_conditioned,0.1,True,True,33,43,0.7857142857142857,4,1,0.0535,0.105,4.949999999999999,2.1,2026-07-09,2026-09-04,insufficient_probability_variation,,,,,,,,,,,,,,,,,,,,,,,insufficient_evidence,False,insufficient_probability_variation,33,,insufficient_probability_variation,33,,Latest 28 calendar days; shorter than full equity regression window,98,17,0.6143796084599068,veto_sizing_use,fewer_than_100_executions|top_five_volume_share_above_50pct_or_unavailable,not_ready_for_sizing,insufficient_probability_variation|conservative_q_not_below_10pct|block_interval_includes_zero_or_unavailable|tight_spread_estimate_unavailable|largest_move_removal_sign_unstable_or_unavailable|fewer_than_10_meaningful_days|fewer_than_3_moves_exceeding_quote_noise_rule|tape_liquidity_veto_or_unavailable
aca_extension,Enhanced ACA credits extended before 2027,KXACAEXT-26JAN-27,healthcare,generators_minus_regulated,Generators minus regulated utilities,relative_return_contrast,market_conditioned,0.1,True,True,33,43,0.7857142857142857,4,1,0.0535,0.105,4.949999999999999,2.1,2026-07-09,2026-09-04,insufficient_probability_variation,,,,,,,,,,,,,,,,,,,,,,,insufficient_evidence,False,insufficient_probability_variation,33,,insufficient_probability_variation,33,,Latest 28 calendar days; shorter than full equity regression window,98,17,0.6143796084599068,veto_sizing_use,fewer_than_100_executions|top_five_volume_share_above_50pct_or_unavailable,not_ready_for_sizing,insufficient_probability_variation|conservative_q_not_below_10pct|block_interval_includes_zero_or_unavailable|tight_spread_estimate_unavailable|largest_move_removal_sign_unstable_or_unavailable|fewer_than_10_meaningful_days|fewer_than_3_moves_exceeding_quote_noise_rule|tape_liquidity_veto_or_unavailable
aca_extension,Enhanced ACA credits extended before 2027,KXACAEXT-26JAN-27,healthcare,equipment_minus_generators,Equipment minus generators,relative_return_contrast,market_conditioned,0.1,True,True,33,43,0.7857142857142857,4,1,0.0535,0.105,4.949999999999999,2.1,2026-07-09,2026-09-04,insufficient_probability_variation,,,,,,,,,,,,,,,,,,,,,,,insufficient_evidence,False,insufficient_probability_variation,33,,insufficient_probability_variation,33,,Latest 28 calendar days; shorter than full equity regression window,98,17,0.6143796084599068,veto_sizing_use,fewer_than_100_executions|top_five_volume_share_above_50pct_or_unavailable,not_ready_for_sizing,insufficient_probability_variation|conservative_q_not_below_10pct|block_interval_includes_zero_or_unavailable|tight_spread_estimate_unavailable|largest_move_removal_sign_unstable_or_unavailable|fewer_than_10_meaningful_days|fewer_than_3_moves_exceeding_quote_noise_rule|tape_liquidity_veto_or_unavailable
aca_extension,Enhanced ACA credits extended before 2027,KXACAEXT-26JAN-27,healthcare,hospitals_minus_managed_care,Hospitals minus managed care,relative_return_contrast,market_conditioned,0.1,True,True,33,43,0.7857142857142857,4,1,0.0535,0.105,4.949999999999999,2.1,2026-07-09,2026-09-04,insufficient_probability_variation,,,,,,,,,,,,,,,,,,,,,,,insufficient_evidence,False,insufficient_probability_variation,33,,insufficient_probability_variation,33,,Latest 28 calendar days; shorter than full equity regression window,98,17,0.6143796084599068,veto_sizing_use,fewer_than_100_executions|top_five_volume_share_above_50pct_or_unavailable,not_ready_for_sizing,insufficient_probability_variation|conservative_q_not_below_10pct|block_interval_includes_zero_or_unavailable|tight_spread_estimate_unavailable|largest_move_removal_sign_unstable_or_unavailable|fewer_than_10_meaningful_days|fewer_than_3_moves_exceeding_quote_noise_rule|tape_liquidity_veto_or_unavailable
