scenario_id,scenario_label,ticker,issue_id,basket_id,basket_label,basket_kind,model,spread_gate,scenario_primary,primary_test,n_observations,n_calendar_sessions,valid_change_coverage,meaningful_shock_days,large_move_days,probability_min,probability_max,max_abs_daily_delta_pp,median_endpoint_spread_pp,first_valid_date,last_valid_date,status,beta_per_10pp,intercept,market_beta,hc3_se,hac3_se,hac3_low,hac3_high,hc3_low,hc3_high,p_value_hac,p_value_hc3,r_squared,bootstrap_low,bootstrap_high,bootstrap_valid_draws,leave_largest_beta,leave_largest_relative_change,largest_move_date,leave_largest_sign_stable,q_value_bh_primary,q_value_hc3_primary,q_value_conservative_primary,evidence_grade,bootstrap_excludes_zero
house_dem,Democratic House victory,CONTROLH-2026-D,taxes_fiscal,sector_technology,Technology sector,sector,raw,0.05,True,False,42,43,1.0,8,0,0.815,0.855,1.0000000000000009,1.0,2026-07-09,2026-09-04,estimated,-0.03468747569223159,0.0010835827303766162,,0.0659728895047138,0.06061450937512882,-0.1571939688857933,0.08781901750133013,-0.16802365909760364,0.09864870771314048,0.570345986913945,0.6019414168717128,0.007050487993724319,,,,-0.03822082547263885,0.10186240739329942,2026-07-10,True,,,,pilot_observational,False
house_dem,Democratic House victory,CONTROLH-2026-D,taxes_fiscal,sector_technology,Technology sector,sector,market_conditioned,0.05,True,False,42,43,1.0,8,0,0.815,0.855,1.0000000000000009,1.0,2026-07-09,2026-09-04,estimated,-0.011105336389931534,-0.0006100212618327017,1.9648881943152972,0.05034440373438204,0.04490577195421651,-0.1019358335789667,0.07972516079910362,-0.11293650469813088,0.0907258319182678,0.8059709731392707,0.8265645246884561,0.6184812203995601,,,,-0.0215591238899677,0.9413301077051495,2026-07-10,True,,,,pilot_observational,False
house_dem,Democratic House victory,CONTROLH-2026-D,taxes_fiscal,sector_consumer_discretionary,Consumer discretionary sector,sector,raw,0.05,True,False,42,43,1.0,8,0,0.815,0.855,1.0000000000000009,1.0,2026-07-09,2026-09-04,estimated,-0.008663081986751354,4.679094072765827e-05,,0.045968044188127305,0.037800450716038915,-0.08506064267142273,0.06773447869792003,-0.10156796483588675,0.08424180086238404,0.8198973376040116,0.8514699144251289,0.0008237035486871047,,,,-0.004825731188585024,0.44295445939850003,2026-07-10,True,,,,pilot_observational,False
house_dem,Democratic House victory,CONTROLH-2026-D,taxes_fiscal,sector_consumer_discretionary,Consumer discretionary sector,sector,market_conditioned,0.05,True,False,42,43,1.0,8,0,0.815,0.855,1.0000000000000009,1.0,2026-07-09,2026-09-04,estimated,0.004913915043225438,-0.0009282714180100863,1.1312494102625081,0.0477529581450516,0.040348611739251035,-0.07669885555784628,0.08652668564429716,-0.09167555980166592,0.1015033898881168,0.9036934963712505,0.9185673975756491,0.380436297278797,,,,0.004727471823279816,0.03794188916689982,2026-07-10,True,,,,pilot_observational,False
house_dem,Democratic House victory,CONTROLH-2026-D,taxes_fiscal,sector_communications,Communication services sector,sector,raw,0.05,True,False,42,43,1.0,8,0,0.815,0.855,1.0000000000000009,1.0,2026-07-09,2026-09-04,estimated,0.001955411469098568,0.000625208999433119,,0.033478068975337935,0.02989701050012806,-0.05846870069643848,0.06237952363463562,-0.06570628985193287,0.06961711279013001,0.9481774091056457,0.9537138865535576,4.411677613591625e-05,,,,0.01745928007191021,7.928698817522445,2026-07-10,True,,,,pilot_observational,False
house_dem,Democratic House victory,CONTROLH-2026-D,taxes_fiscal,sector_communications,Communication services sector,sector,market_conditioned,0.05,True,False,42,43,1.0,8,0,0.815,0.855,1.0000000000000009,1.0,2026-07-09,2026-09-04,estimated,0.010654407930009269,4.711439928291512e-07,0.7248093665008114,0.037882186562708024,0.03514897381934233,-0.060441102262984284,0.08174991812300282,-0.06596954686151885,0.08727836272153738,0.7634083908830271,0.7800046578374759,0.16386634870332306,,,,0.023492464488027207,1.2049526019984829,2026-07-10,True,,,,pilot_observational,False
house_dem,Democratic House victory,CONTROLH-2026-D,taxes_fiscal,sector_industrials,Industrials sector,sector,raw,0.05,True,False,42,43,1.0,8,0,0.815,0.855,1.0000000000000009,1.0,2026-07-09,2026-09-04,estimated,0.009180145928995,-0.0006886447005870445,,0.02451783751260099,0.020048529551776023,-0.031339443759927574,0.04969973561791757,-0.040372252091250824,0.05873254394924082,0.6495048080962118,0.710064204010663,0.0017951413217555112,,,,0.018801689039510388,1.0480817173206647,2026-07-10,True,,,,pilot_observational,False
house_dem,Democratic House victory,CONTROLH-2026-D,taxes_fiscal,sector_industrials,Industrials sector,sector,market_conditioned,0.05,True,False,42,43,1.0,8,0,0.815,0.855,1.0000000000000009,1.0,2026-07-09,2026-09-04,estimated,0.018673036269988844,-0.0013703978177668926,0.7909574242540951,0.02553436654849091,0.021578411072647734,-0.024973419875476428,0.06231949241545412,-0.032975095096534124,0.07032116763651182,0.39213481318209753,0.46897313001122976,0.361961777880454,,,,0.025434537922122198,0.3620997439500712,2026-07-10,True,,,,pilot_observational,False
house_dem,Democratic House victory,CONTROLH-2026-D,taxes_fiscal,sector_utilities,Utilities sector,sector,raw,0.05,True,False,42,43,1.0,8,0,0.815,0.855,1.0000000000000009,1.0,2026-07-09,2026-09-04,estimated,0.02716596175348984,-0.0013214519152513434,,0.025380003634170433,0.02281387115262006,-0.018942591790688763,0.07327451529766844,-0.024128938997415795,0.07846086250439548,0.24076445010696204,0.2908698003209826,0.019825984465824953,,,,0.04337682728818552,0.5967344606385294,2026-07-10,True,,,,pilot_observational,False
house_dem,Democratic House victory,CONTROLH-2026-D,taxes_fiscal,sector_utilities,Utilities sector,sector,market_conditioned,0.05,True,False,42,43,1.0,8,0,0.815,0.855,1.0000000000000009,1.0,2026-07-09,2026-09-04,estimated,0.026799039388632366,-0.0012951005662923934,-0.03057235027308859,0.02555494318847581,0.02335445896064432,-0.02043981269343407,0.07403789147069881,-0.024890712160752927,0.07848879093801767,0.25816929744407463,0.3007795063937284,0.020504625377559038,,,,0.04300896546015252,0.6048696685149131,2026-07-10,True,,,,pilot_observational,False
house_dem,Democratic House victory,CONTROLH-2026-D,taxes_fiscal,sector_real_estate,Real estate sector,sector,raw,0.05,True,False,42,43,1.0,8,0,0.815,0.855,1.0000000000000009,1.0,2026-07-09,2026-09-04,estimated,0.04222397145995749,-0.0002892710864143814,,0.03921762741445935,0.034394252236717215,-0.027289405303658157,0.11173734822357313,-0.037037810173606925,0.1214857530935219,0.22675557489237166,0.28808400968840003,0.054377284816470084,,,,0.057237302357457394,0.35556415889816495,2026-07-10,True,,,,pilot_observational,False
house_dem,Democratic House victory,CONTROLH-2026-D,taxes_fiscal,sector_real_estate,Real estate sector,sector,market_conditioned,0.05,True,False,42,43,1.0,8,0,0.815,0.855,1.0000000000000009,1.0,2026-07-09,2026-09-04,estimated,0.04276051113152855,-0.00032780388100536246,0.04470503939178057,0.03923321240388478,0.035086820350153126,-0.028209281803687217,0.11373030406674432,-0.036596151361682816,0.12211717362473992,0.23027660387625332,0.2824432610986773,0.05602472674873815,,,,0.0575149127166057,0.3450473624997972,2026-07-10,True,,,,pilot_observational,False
house_dem,Democratic House victory,CONTROLH-2026-D,taxes_fiscal,sector_energy,Energy sector,sector,raw,0.05,True,False,42,43,1.0,8,0,0.815,0.855,1.0000000000000009,1.0,2026-07-09,2026-09-04,estimated,-0.021943923195172625,0.003569792922626831,,0.029301356877054787,0.023327669883428624,-0.06909090270975901,0.025203056319413768,-0.08116417448196953,0.03727632809162427,0.3525142266899669,0.45829618023300733,0.005148999576736091,,,,-0.023560450982020198,0.07366630718080473,2026-07-10,True,,,,pilot_observational,False
house_dem,Democratic House victory,CONTROLH-2026-D,taxes_fiscal,sector_energy,Energy sector,sector,market_conditioned,0.05,True,False,42,43,1.0,8,0,0.815,0.855,1.0000000000000009,1.0,2026-07-09,2026-09-04,estimated,-0.030971288826769902,0.0042181133432985535,-0.7521694248308978,0.02576518488574969,0.01992849355732016,-0.07128047179517248,0.009337894141632677,-0.08308629434824419,0.021143716694704384,0.12823402044993915,0.23658862529956784,0.16865114309513074,,,,-0.02991867555136324,0.03398674434551919,2026-07-10,True,,,,pilot_observational,False
house_dem,Democratic House victory,CONTROLH-2026-D,taxes_fiscal,sector_financials,Financials sector,sector,raw,0.05,True,False,42,43,1.0,8,0,0.815,0.855,1.0000000000000009,1.0,2026-07-09,2026-09-04,estimated,0.029097086449804566,0.0012063554883134774,,0.02477825966841441,0.023647744165107596,-0.018696787318553152,0.07689096021816229,-0.02098164438064627,0.0791758172802554,0.22572014173605484,0.24721934203672305,0.031209733753697066,,,,0.036637510760257175,0.2591470566463968,2026-07-10,True,,,,pilot_observational,False
house_dem,Democratic House victory,CONTROLH-2026-D,taxes_fiscal,sector_financials,Financials sector,sector,market_conditioned,0.05,True,False,42,43,1.0,8,0,0.815,0.855,1.0000000000000009,1.0,2026-07-09,2026-09-04,estimated,0.03592303448785018,0.000716134787822581,0.5687450380575676,0.029428382137351383,0.028640165558901344,-0.02200716833648913,0.0938532373121895,-0.023601486852742465,0.09544755582844283,0.21720283476384195,0.2295312814728832,0.35348285757944087,,,,0.041402738788869284,0.15254012861503766,2026-07-10,True,,,,pilot_observational,False
house_dem,Democratic House victory,CONTROLH-2026-D,taxes_fiscal,sector_healthcare,Healthcare sector,sector,raw,0.05,True,False,42,43,1.0,8,0,0.815,0.855,1.0000000000000009,1.0,2026-07-09,2026-09-04,estimated,-0.015463219516475937,0.0014423819413791254,,0.0623753996526823,0.053919116700136445,-0.12443781934617366,0.0935113803132218,-0.1415286047150306,0.11060216568207872,0.7757569088348232,0.8054755780011046,0.0036043327916798207,,,,-0.03317398801053969,1.1453480612619558,2026-07-10,True,,,,pilot_observational,False
house_dem,Democratic House victory,CONTROLH-2026-D,taxes_fiscal,sector_healthcare,Healthcare sector,sector,market_conditioned,0.05,True,False,42,43,1.0,8,0,0.815,0.855,1.0000000000000009,1.0,2026-07-09,2026-09-04,estimated,-0.01736446905647008,0.0015789244225273967,-0.15841407463900123,0.062379148001745634,0.053800564403450366,-0.1261863821681821,0.09145744405524195,-0.14353820531923023,0.10880926720629008,0.7486039006274222,0.7821991534866941,0.013828086117594007,,,,-0.034396309425515206,0.9808442926562726,2026-07-10,True,,,,pilot_observational,False
house_dem,Democratic House victory,CONTROLH-2026-D,taxes_fiscal,sector_staples,Consumer staples sector,sector,raw,0.05,True,False,42,43,1.0,8,0,0.815,0.855,1.0000000000000009,1.0,2026-07-09,2026-09-04,estimated,0.02553525276184427,-1.2903725435575524e-05,,0.0438284680026969,0.03712502291283182,-0.04949721741183662,0.10056772293552516,-0.06304538531323237,0.11411589083692089,0.4955369505161347,0.5634206379832684,0.011106988537571638,,,,0.04709872117499916,0.8444587807400062,2026-07-10,True,,,,pilot_observational,False
house_dem,Democratic House victory,CONTROLH-2026-D,taxes_fiscal,sector_staples,Consumer staples sector,sector,market_conditioned,0.05,True,False,42,43,1.0,8,0,0.815,0.855,1.0000000000000009,1.0,2026-07-09,2026-09-04,estimated,0.023646159293878564,0.00012276574025582657,-0.15740121816691663,0.043477828824634496,0.037419364079630035,-0.05204164866353883,0.09933396725129595,-0.06429605029262218,0.1115883688803793,0.5311242691095862,0.589628799699603,0.022512899368766326,,,,0.04562093356948905,0.9293168502547997,2026-07-10,True,,,,pilot_observational,False
house_dem,Democratic House victory,CONTROLH-2026-D,taxes_fiscal,cloud_platforms,Cloud platforms,theme,raw,0.05,True,False,42,43,1.0,8,0,0.815,0.855,1.0000000000000009,1.0,2026-07-09,2026-09-04,estimated,0.000582646528792783,0.0024300009635397283,,0.0370691473246258,0.033572583664973184,-0.0672700761054829,0.06843536916306846,-0.07433689486864604,0.0755021879262316,0.9862398218467315,0.9875376414578245,1.2771873025840819e-06,,,,-0.008299722802317257,15.244867843826174,2026-07-10,False,,,,pilot_observational,False
house_dem,Democratic House victory,CONTROLH-2026-D,taxes_fiscal,cloud_platforms,Cloud platforms,theme,market_conditioned,0.05,True,False,42,43,1.0,8,0,0.815,0.855,1.0000000000000009,1.0,2026-07-09,2026-09-04,estimated,0.021923990899844256,0.0008973246629463624,1.7781828471094796,0.054328406134502565,0.050305980122164626,-0.0798294583168079,0.12367744011649642,-0.08796558288848354,0.13181356468817204,0.6653753732459153,0.6887510005878493,0.32151157738711156,,,,0.006816988665777494,0.6890626028390697,2026-07-10,True,,,,pilot_observational,False
house_dem,Democratic House victory,CONTROLH-2026-D,taxes_fiscal,electrical_equipment,Electrical equipment,theme,raw,0.05,True,False,42,43,1.0,8,0,0.815,0.855,1.0000000000000009,1.0,2026-07-09,2026-09-04,estimated,-0.02232344452582423,-0.00036342160043968696,,0.08075578395799805,0.06713146415202194,-0.15800119463870355,0.11335430558705507,-0.18553697210822417,0.14089008305657574,0.7412231151314423,0.7836400030998295,0.0008633347935399494,,,,-0.03481607886197444,0.5596194763625508,2026-07-10,True,,,,pilot_observational,False
house_dem,Democratic House victory,CONTROLH-2026-D,taxes_fiscal,electrical_equipment,Electrical equipment,theme,market_conditioned,0.05,True,False,42,43,1.0,8,0,0.815,0.855,1.0000000000000009,1.0,2026-07-09,2026-09-04,estimated,0.008944536050830086,-0.002609001446021391,2.605280424628642,0.08694013195680712,0.07359222667257402,-0.1399097926250725,0.15779886472673268,-0.1669084794450015,0.1847975515466617,0.9038859553852772,0.9185841804590129,0.31867041911142624,,,,-0.012671538940215912,2.416679285343139,2026-07-10,False,,,,pilot_observational,False
house_dem,Democratic House victory,CONTROLH-2026-D,taxes_fiscal,regulated_utilities,Regulated utilities,theme,raw,0.05,True,False,42,43,1.0,8,0,0.815,0.855,1.0000000000000009,1.0,2026-07-09,2026-09-04,estimated,0.045167760554785184,-0.0016379490531332347,,0.02788835880322947,0.023857626677898747,-0.0030503015950303705,0.09338582270460075,-0.0111967150984532,0.10153223620802357,0.06557870109476298,0.11317861163605272,0.0392064545469899,,,,0.06564035350489839,0.4532567632012981,2026-07-10,True,,,,pilot_observational,False
house_dem,Democratic House victory,CONTROLH-2026-D,taxes_fiscal,regulated_utilities,Regulated utilities,theme,market_conditioned,0.05,True,False,42,43,1.0,8,0,0.815,0.855,1.0000000000000009,1.0,2026-07-09,2026-09-04,estimated,0.042980847648690194,-0.001480891019470644,-0.18221584123891119,0.02861810400153214,0.02509435560797513,-0.007777277583734671,0.09373897288111506,-0.01490473146387656,0.10086642676125696,0.09469587230645594,0.1411832687418425,0.05645174473669856,,,,0.06395977885767036,0.48809952238388393,2026-07-10,True,,,,pilot_observational,False
house_dem,Democratic House victory,CONTROLH-2026-D,taxes_fiscal,power_generators,Power generators,theme,raw,0.05,True,False,42,43,1.0,8,0,0.815,0.855,1.0000000000000009,1.0,2026-07-09,2026-09-04,estimated,-0.02946643196682935,0.002427531867522579,,0.0463072336256928,0.03858082782388287,-0.10744119361932253,0.04850832968566382,-0.12305684224088019,0.06412397830722148,0.4494929856815315,0.5281895167361224,0.0031094353572047595,,,,-0.031544188269428355,0.07051265334526947,2026-07-10,True,,,,pilot_observational,False
house_dem,Democratic House victory,CONTROLH-2026-D,taxes_fiscal,power_generators,Power generators,theme,market_conditioned,0.05,True,False,42,43,1.0,8,0,0.815,0.855,1.0000000000000009,1.0,2026-07-09,2026-09-04,estimated,-0.02272670729510448,0.0019435034906182176,0.5615608181534276,0.045958421598222006,0.03719571497010253,-0.09796214222940629,0.052508727639197325,-0.1156863893610495,0.07023297477084053,0.5447422862713829,0.6237232090930571,0.033631774860673924,,,,-0.026775130042945933,0.1781350327292469,2026-07-10,True,,,,pilot_observational,False
house_dem,Democratic House victory,CONTROLH-2026-D,taxes_fiscal,data_center_reits,Data-center REITs,theme,raw,0.05,True,False,42,43,1.0,8,0,0.815,0.855,1.0000000000000009,1.0,2026-07-09,2026-09-04,estimated,0.13606249565028453,0.0006378108282853272,,0.11226402732355263,0.09995024118589785,-0.06594447706571008,0.33806946836627916,-0.0908315671900187,0.3629565584905877,0.1810378581013535,0.23262826280907903,0.09061884415776911,,,,0.1738491883637966,0.2777157109526607,2026-07-10,True,,,,pilot_observational,False
house_dem,Democratic House victory,CONTROLH-2026-D,taxes_fiscal,data_center_reits,Data-center REITs,theme,market_conditioned,0.05,True,False,42,43,1.0,8,0,0.815,0.855,1.0000000000000009,1.0,2026-07-09,2026-09-04,estimated,0.14841744964645653,-0.0002494877811940312,1.0294275229736765,0.10989993683268051,0.09690885305430479,-0.04759920749766247,0.3444341067905755,-0.0738761546976199,0.37071105399053295,0.13371421297131184,0.18464755641111563,0.2308133507940553,,,,0.18231195813792486,0.22837279964187526,2026-07-10,True,,,,pilot_observational,False
house_dem,Democratic House victory,CONTROLH-2026-D,taxes_fiscal,integrated_energy,Integrated energy,theme,raw,0.05,True,False,42,43,1.0,8,0,0.815,0.855,1.0000000000000009,1.0,2026-07-09,2026-09-04,estimated,-0.03271062395253549,0.003940331378668953,,0.03628918679950949,0.029218492722662325,-0.09176340053615123,0.026342152631080258,-0.10605380632725137,0.04063255842218039,0.2695968746071079,0.3727778553694671,0.00933981521443028,,,,-0.025264328797447947,0.22764148937948828,2026-07-10,True,,,,pilot_observational,False
house_dem,Democratic House victory,CONTROLH-2026-D,taxes_fiscal,integrated_energy,Integrated energy,theme,market_conditioned,0.05,True,False,42,43,1.0,8,0,0.815,0.855,1.0000000000000009,1.0,2026-07-09,2026-09-04,estimated,-0.04494520242045891,0.004818984950792172,-1.019397709676924,0.030612516504121393,0.024058408165153155,-0.09360792616665246,0.003717521325734649,-0.10686486159282074,0.01697445675190292,0.0692646086509108,0.15007050712832878,0.25449762148607324,,,,-0.03394627349045055,0.24471864265098256,2026-07-10,True,,,,pilot_observational,False
house_dem,Democratic House victory,CONTROLH-2026-D,taxes_fiscal,homebuilders,Homebuilders,theme,raw,0.05,True,False,42,43,1.0,8,0,0.815,0.855,1.0000000000000009,1.0,2026-07-09,2026-09-04,estimated,0.009102903913865134,-0.00019498960137254132,,0.11139308811319273,0.09225735063249495,-0.17735615702432725,0.19556196485205754,-0.2160309251219269,0.2342367329496572,0.9218942115461148,0.9352779121871303,0.00037392197929864146,,,,0.025558157787386227,1.8076928010255267,2026-07-10,True,,,,pilot_observational,False
house_dem,Democratic House victory,CONTROLH-2026-D,taxes_fiscal,homebuilders,Homebuilders,theme,market_conditioned,0.05,True,False,42,43,1.0,8,0,0.815,0.855,1.0000000000000009,1.0,2026-07-09,2026-09-04,estimated,0.024028178492284148,-0.0012668815229152682,1.2435892876431878,0.11172011250385357,0.09310174526171468,-0.16428787628816166,0.21234423327272994,-0.20194707865474587,0.25000343563931415,0.7976982873612593,0.8308297810536386,0.18898743921795258,,,,0.03597778254047169,0.4973162677322694,2026-07-10,True,,,,pilot_observational,False
house_dem,Democratic House victory,CONTROLH-2026-D,taxes_fiscal,machinery_distribution,Machinery and distribution,theme,raw,0.05,True,False,42,43,1.0,8,0,0.815,0.855,1.0000000000000009,1.0,2026-07-09,2026-09-04,estimated,0.02212687513475735,0.0006558658650898951,,0.041401165241079084,0.03480961848412168,-0.04822598812945132,0.09247973839896602,-0.061548001063991054,0.10580175133350575,0.5286221091505091,0.5959882104286531,0.0053560169774033994,,,,0.028692179066433576,0.2967117539956337,2026-07-10,True,,,,pilot_observational,False
house_dem,Democratic House victory,CONTROLH-2026-D,taxes_fiscal,machinery_distribution,Machinery and distribution,theme,market_conditioned,0.05,True,False,42,43,1.0,8,0,0.815,0.855,1.0000000000000009,1.0,2026-07-09,2026-09-04,estimated,0.030810638849662144,3.222198331828788e-05,0.7235401583763776,0.04108010115730355,0.03451343448437839,-0.03899937170117364,0.10062064940049793,-0.052281708755407386,0.11390298645473168,0.377485653667138,0.4577474031035076,0.16013958308857923,,,,0.03477471072062725,0.1286591910770645,2026-07-10,True,,,,pilot_observational,False
house_dem,Democratic House victory,CONTROLH-2026-D,taxes_fiscal,managed_care,Managed care (UNH only),single_company_proxy,raw,0.05,True,False,42,43,1.0,8,0,0.815,0.855,1.0000000000000009,1.0,2026-07-09,2026-09-04,estimated,0.08708103875425266,-0.001965004825912017,,0.03983933909028906,0.036780368977522356,0.012745140167397931,0.1614169373411074,0.006562730952802742,0.16759934655570258,0.02282835746136597,0.034743374915737715,0.07392355381969118,,,,0.07808858922594326,0.1032652992769938,2026-07-10,True,,,,pilot_observational,False
house_dem,Democratic House victory,CONTROLH-2026-D,taxes_fiscal,managed_care,Managed care (UNH only),single_company_proxy,market_conditioned,0.05,True,False,42,43,1.0,8,0,0.815,0.855,1.0000000000000009,1.0,2026-07-09,2026-09-04,estimated,0.08959560421044124,-0.0021455939590979646,0.20951619000130858,0.040605134034729665,0.03694706169556357,0.014863117996786801,0.16432809042409569,0.007463968291517908,0.17172724012936458,0.020041487985685582,0.03330442022391739,0.08548916541517537,,,,0.07992315154603682,0.10795677700533009,2026-07-10,True,,,,pilot_observational,False
house_dem,Democratic House victory,CONTROLH-2026-D,taxes_fiscal,hospitals,Hospitals (HCA only),single_company_proxy,raw,0.05,True,False,42,43,1.0,8,0,0.815,0.855,1.0000000000000009,1.0,2026-07-09,2026-09-04,estimated,0.08530806265574106,-0.00044305635324773753,,0.027996695839148437,0.02168887751170629,0.04147320607346433,0.1291429192380178,0.028724629685348134,0.14189149562613398,0.00032493125394269867,0.004080919109991295,0.02348539529296323,,,,0.0901466448076889,0.05671893138018896,2026-07-10,True,,,,pilot_observational,False
house_dem,Democratic House victory,CONTROLH-2026-D,taxes_fiscal,hospitals,Hospitals (HCA only),single_company_proxy,market_conditioned,0.05,True,False,42,43,1.0,8,0,0.815,0.855,1.0000000000000009,1.0,2026-07-09,2026-09-04,estimated,0.08907748993859141,-0.0007137661905844815,0.3140725729951164,0.02820004544706669,0.021020334183845024,0.04655985084878974,0.13159512902839307,0.03203751406818562,0.1461174658089972,0.00013368341420532163,0.0030564874056185267,0.03208890262233344,,,,0.09277356519148124,0.0414928087380756,2026-07-10,True,,,,pilot_observational,False
house_dem,Democratic House victory,CONTROLH-2026-D,taxes_fiscal,generators_minus_regulated,Generators minus regulated utilities,relative_return_contrast,raw,0.05,True,False,42,43,1.0,8,0,0.815,0.855,1.0000000000000009,1.0,2026-07-09,2026-09-04,estimated,-0.07463419252161453,0.0040654809206558135,,0.05385275399551255,0.045546213273016334,-0.16668652328934874,0.017418138246119694,-0.18347466832216275,0.034206283278933686,0.1091299738396535,0.1734578006278648,0.01760516049050287,,,,-0.09718454177432675,0.3021450154522875,2026-07-10,True,,,,pilot_observational,False
house_dem,Democratic House victory,CONTROLH-2026-D,taxes_fiscal,generators_minus_regulated,Generators minus regulated utilities,relative_return_contrast,market_conditioned,0.05,True,False,42,43,1.0,8,0,0.815,0.855,1.0000000000000009,1.0,2026-07-09,2026-09-04,estimated,-0.06570755494379465,0.0034243945100888608,0.7437766593923387,0.0542930235569052,0.04547945943600397,-0.15769844459318005,0.026283334705590758,-0.17552556071368874,0.04411045082609945,0.15650845746638747,0.23347125711679284,0.06486009818712624,,,,-0.0907349089006163,0.38089005104861545,2026-07-10,True,,,,pilot_observational,False
house_dem,Democratic House victory,CONTROLH-2026-D,taxes_fiscal,equipment_minus_generators,Equipment minus generators,relative_return_contrast,raw,0.05,True,False,42,43,1.0,8,0,0.815,0.855,1.0000000000000009,1.0,2026-07-09,2026-09-04,estimated,0.007142987441005114,-0.002790953467962266,,0.08860342968634743,0.07094771216721427,-0.13624768761868455,0.15053366250069478,-0.17193122379480394,0.18621719867681416,0.9203077600051734,0.9361481613615379,0.00011600648297804828,,,,-0.0032718905925460833,1.4580563272116973,2026-07-10,False,,,,pilot_observational,False
house_dem,Democratic House victory,CONTROLH-2026-D,taxes_fiscal,equipment_minus_generators,Equipment minus generators,relative_return_contrast,market_conditioned,0.05,True,False,42,43,1.0,8,0,0.815,0.855,1.0000000000000009,1.0,2026-07-09,2026-09-04,estimated,0.03167124334593457,-0.0045525049366396085,2.0437196064752143,0.09513234368082371,0.07645304498802302,-0.12296963656050158,0.18631212325237073,-0.16075208441908406,0.2240945711109532,0.6809552237025798,0.7409794757485608,0.2567787913723091,,,,0.014103591102730038,0.5546877983702391,2026-07-10,True,,,,pilot_observational,False
house_dem,Democratic House victory,CONTROLH-2026-D,taxes_fiscal,hospitals_minus_managed_care,Hospitals minus managed care,relative_return_contrast,raw,0.05,True,False,42,43,1.0,8,0,0.815,0.855,1.0000000000000009,1.0,2026-07-09,2026-09-04,estimated,-0.0017729760985115922,0.0015219484726642792,,0.0485632589221327,0.04005915740442314,-0.08273555328499652,0.07918960108797332,-0.09992298357910553,0.09637703138208234,0.9649182083841235,0.9710584236155952,9.646032121501946e-06,,,,0.012058055581745636,7.801025457629313,2026-07-10,False,,,,pilot_observational,False
house_dem,Democratic House victory,CONTROLH-2026-D,taxes_fiscal,hospitals_minus_managed_care,Hospitals minus managed care,relative_return_contrast,market_conditioned,0.05,True,False,42,43,1.0,8,0,0.815,0.855,1.0000000000000009,1.0,2026-07-09,2026-09-04,estimated,-0.000518114271849832,0.0014318277685134843,0.10455638299380784,0.0486250767568149,0.03918937026410296,-0.07978609766700953,0.07874986912330986,-0.09887161551394988,0.09783538697025021,0.9895190482419287,0.9915527907147141,0.0009163005627408349,,,,0.012850413645444382,25.802276917723837,2026-07-10,False,,,,pilot_observational,False
house_dem,Democratic House victory,CONTROLH-2026-D,taxes_fiscal,sector_technology,Technology sector,sector,raw,0.1,True,False,42,43,1.0,8,0,0.815,0.855,1.0000000000000009,1.0,2026-07-09,2026-09-04,estimated,-0.03468747569223159,0.0010835827303766162,,0.0659728895047138,0.06061450937512882,-0.1571939688857933,0.08781901750133013,-0.16802365909760364,0.09864870771314048,0.570345986913945,0.6019414168717128,0.007050487993724319,-0.1543667937469951,0.07683922468479681,500.0,-0.03822082547263885,0.10186240739329942,2026-07-10,True,,,,pilot_observational,False
house_dem,Democratic House victory,CONTROLH-2026-D,taxes_fiscal,sector_technology,Technology sector,sector,market_conditioned,0.1,True,True,42,43,1.0,8,0,0.815,0.855,1.0000000000000009,1.0,2026-07-09,2026-09-04,estimated,-0.011105336389931534,-0.0006100212618327017,1.9648881943152972,0.05034440373438204,0.04490577195421651,-0.1019358335789667,0.07972516079910362,-0.11293650469813088,0.0907258319182678,0.8059709731392707,0.8265645246884561,0.6184812203995601,-0.10096519131181517,0.06461871095795099,500.0,-0.0215591238899677,0.9413301077051495,2026-07-10,True,0.9211096835877379,0.9915527907147141,0.9915527907147141,pilot_observational,False
house_dem,Democratic House victory,CONTROLH-2026-D,taxes_fiscal,sector_consumer_discretionary,Consumer discretionary sector,sector,raw,0.1,True,False,42,43,1.0,8,0,0.815,0.855,1.0000000000000009,1.0,2026-07-09,2026-09-04,estimated,-0.008663081986751354,4.679094072765827e-05,,0.045968044188127305,0.037800450716038915,-0.08506064267142273,0.06773447869792003,-0.10156796483588675,0.08424180086238404,0.8198973376040116,0.8514699144251289,0.0008237035486871047,-0.0801362295389445,0.06477915443881645,500.0,-0.004825731188585024,0.44295445939850003,2026-07-10,True,,,,pilot_observational,False
house_dem,Democratic House victory,CONTROLH-2026-D,taxes_fiscal,sector_consumer_discretionary,Consumer discretionary sector,sector,market_conditioned,0.1,True,True,42,43,1.0,8,0,0.815,0.855,1.0000000000000009,1.0,2026-07-09,2026-09-04,estimated,0.004913915043225438,-0.0009282714180100863,1.1312494102625081,0.0477529581450516,0.040348611739251035,-0.07669885555784628,0.08652668564429716,-0.09167555980166592,0.1015033898881168,0.9036934963712505,0.9185673975756491,0.380436297278797,-0.07043067433251211,0.08373483214208993,500.0,0.004727471823279816,0.03794188916689982,2026-07-10,True,0.9558334240855805,0.9915527907147141,0.9915527907147141,pilot_observational,False
house_dem,Democratic House victory,CONTROLH-2026-D,taxes_fiscal,sector_communications,Communication services sector,sector,raw,0.1,True,False,42,43,1.0,8,0,0.815,0.855,1.0000000000000009,1.0,2026-07-09,2026-09-04,estimated,0.001955411469098568,0.000625208999433119,,0.033478068975337935,0.02989701050012806,-0.05846870069643848,0.06237952363463562,-0.06570628985193287,0.06961711279013001,0.9481774091056457,0.9537138865535576,4.411677613591625e-05,-0.04832513971909591,0.06505183937302639,500.0,0.01745928007191021,7.928698817522445,2026-07-10,True,,,,pilot_observational,False
house_dem,Democratic House victory,CONTROLH-2026-D,taxes_fiscal,sector_communications,Communication services sector,sector,market_conditioned,0.1,True,True,42,43,1.0,8,0,0.815,0.855,1.0000000000000009,1.0,2026-07-09,2026-09-04,estimated,0.010654407930009269,4.711439928291512e-07,0.7248093665008114,0.037882186562708024,0.03514897381934233,-0.060441102262984284,0.08174991812300282,-0.06596954686151885,0.08727836272153738,0.7634083908830271,0.7800046578374759,0.16386634870332306,-0.05055514435283288,0.08437706181227345,500.0,0.023492464488027207,1.2049526019984829,2026-07-10,True,0.9004304097594679,0.9915527907147141,0.9915527907147141,pilot_observational,False
house_dem,Democratic House victory,CONTROLH-2026-D,taxes_fiscal,sector_industrials,Industrials sector,sector,raw,0.1,True,False,42,43,1.0,8,0,0.815,0.855,1.0000000000000009,1.0,2026-07-09,2026-09-04,estimated,0.009180145928995,-0.0006886447005870445,,0.02451783751260099,0.020048529551776023,-0.031339443759927574,0.04969973561791757,-0.040372252091250824,0.05873254394924082,0.6495048080962118,0.710064204010663,0.0017951413217555112,-0.028879767277097915,0.04625041950043742,500.0,0.018801689039510388,1.0480817173206647,2026-07-10,True,,,,pilot_observational,False
house_dem,Democratic House victory,CONTROLH-2026-D,taxes_fiscal,sector_industrials,Industrials sector,sector,market_conditioned,0.1,True,True,42,43,1.0,8,0,0.815,0.855,1.0000000000000009,1.0,2026-07-09,2026-09-04,estimated,0.018673036269988844,-0.0013703978177668926,0.7909574242540951,0.02553436654849091,0.021578411072647734,-0.024973419875476428,0.06231949241545412,-0.032975095096534124,0.07032116763651182,0.39213481318209753,0.46897313001122976,0.361961777880454,-0.02503580016278441,0.059015534346298595,500.0,0.025434537922122198,0.3620997439500712,2026-07-10,True,0.7073804473088818,0.9915527907147141,0.9915527907147141,pilot_observational,False
house_dem,Democratic House victory,CONTROLH-2026-D,taxes_fiscal,sector_utilities,Utilities sector,sector,raw,0.1,True,False,42,43,1.0,8,0,0.815,0.855,1.0000000000000009,1.0,2026-07-09,2026-09-04,estimated,0.02716596175348984,-0.0013214519152513434,,0.025380003634170433,0.02281387115262006,-0.018942591790688763,0.07327451529766844,-0.024128938997415795,0.07846086250439548,0.24076445010696204,0.2908698003209826,0.019825984465824953,-0.016866006894271448,0.0725830839739971,500.0,0.04337682728818552,0.5967344606385294,2026-07-10,True,,,,pilot_observational,False
house_dem,Democratic House victory,CONTROLH-2026-D,taxes_fiscal,sector_utilities,Utilities sector,sector,market_conditioned,0.1,True,True,42,43,1.0,8,0,0.815,0.855,1.0000000000000009,1.0,2026-07-09,2026-09-04,estimated,0.026799039388632366,-0.0012951005662923934,-0.03057235027308859,0.02555494318847581,0.02335445896064432,-0.02043981269343407,0.07403789147069881,-0.024890712160752927,0.07848879093801767,0.25816929744407463,0.3007795063937284,0.020504625377559038,-0.018378383159199835,0.07358406814118859,500.0,0.04300896546015252,0.6048696685149131,2026-07-10,True,0.6013057054393637,0.9174737754878881,0.9174737754878881,pilot_observational,False
house_dem,Democratic House victory,CONTROLH-2026-D,taxes_fiscal,sector_real_estate,Real estate sector,sector,raw,0.1,True,False,42,43,1.0,8,0,0.815,0.855,1.0000000000000009,1.0,2026-07-09,2026-09-04,estimated,0.04222397145995749,-0.0002892710864143814,,0.03921762741445935,0.034394252236717215,-0.027289405303658157,0.11173734822357313,-0.037037810173606925,0.1214857530935219,0.22675557489237166,0.28808400968840003,0.054377284816470084,-0.017646708032083493,0.12170176455925866,500.0,0.057237302357457394,0.35556415889816495,2026-07-10,True,,,,pilot_observational,False
house_dem,Democratic House victory,CONTROLH-2026-D,taxes_fiscal,sector_real_estate,Real estate sector,sector,market_conditioned,0.1,True,True,42,43,1.0,8,0,0.815,0.855,1.0000000000000009,1.0,2026-07-09,2026-09-04,estimated,0.04276051113152855,-0.00032780388100536246,0.04470503939178057,0.03923321240388478,0.035086820350153126,-0.028209281803687217,0.11373030406674432,-0.036596151361682816,0.12211717362473992,0.23027660387625332,0.2824432610986773,0.05602472674873815,-0.02059344061030696,0.12241233807102983,500.0,0.0575149127166057,0.3450473624997972,2026-07-10,True,0.5884846543504252,0.9174737754878881,0.9174737754878881,pilot_observational,False
house_dem,Democratic House victory,CONTROLH-2026-D,taxes_fiscal,sector_energy,Energy sector,sector,raw,0.1,True,False,42,43,1.0,8,0,0.815,0.855,1.0000000000000009,1.0,2026-07-09,2026-09-04,estimated,-0.021943923195172625,0.003569792922626831,,0.029301356877054787,0.023327669883428624,-0.06909090270975901,0.025203056319413768,-0.08116417448196953,0.03727632809162427,0.3525142266899669,0.45829618023300733,0.005148999576736091,-0.07721775737423452,0.023247270916946058,500.0,-0.023560450982020198,0.07366630718080473,2026-07-10,True,,,,pilot_observational,False
house_dem,Democratic House victory,CONTROLH-2026-D,taxes_fiscal,sector_energy,Energy sector,sector,market_conditioned,0.1,True,True,42,43,1.0,8,0,0.815,0.855,1.0000000000000009,1.0,2026-07-09,2026-09-04,estimated,-0.030971288826769902,0.0042181133432985535,-0.7521694248308978,0.02576518488574969,0.01992849355732016,-0.07128047179517248,0.009337894141632677,-0.08308629434824419,0.021143716694704384,0.12823402044993915,0.23658862529956784,0.16865114309513074,-0.07538926536950194,0.009943455364239911,500.0,-0.02991867555136324,0.03398674434551919,2026-07-10,True,0.4626482306429177,0.9094769698122832,0.9094769698122832,pilot_observational,False
house_dem,Democratic House victory,CONTROLH-2026-D,taxes_fiscal,sector_financials,Financials sector,sector,raw,0.1,True,False,42,43,1.0,8,0,0.815,0.855,1.0000000000000009,1.0,2026-07-09,2026-09-04,estimated,0.029097086449804566,0.0012063554883134774,,0.02477825966841441,0.023647744165107596,-0.018696787318553152,0.07689096021816229,-0.02098164438064627,0.0791758172802554,0.22572014173605484,0.24721934203672305,0.031209733753697066,-0.015213202853471209,0.07437329047695725,500.0,0.036637510760257175,0.2591470566463968,2026-07-10,True,,,,pilot_observational,False
house_dem,Democratic House victory,CONTROLH-2026-D,taxes_fiscal,sector_financials,Financials sector,sector,market_conditioned,0.1,True,True,42,43,1.0,8,0,0.815,0.855,1.0000000000000009,1.0,2026-07-09,2026-09-04,estimated,0.03592303448785018,0.000716134787822581,0.5687450380575676,0.029428382137351383,0.028640165558901344,-0.02200716833648913,0.0938532373121895,-0.023601486852742465,0.09544755582844283,0.21720283476384195,0.2295312814728832,0.35348285757944087,-0.014856177583940018,0.09351429340107625,500.0,0.041402738788869284,0.15254012861503766,2026-07-10,True,0.5709331656649559,0.9094769698122832,0.9094769698122832,pilot_observational,False
house_dem,Democratic House victory,CONTROLH-2026-D,taxes_fiscal,sector_healthcare,Healthcare sector,sector,raw,0.1,True,False,42,43,1.0,8,0,0.815,0.855,1.0000000000000009,1.0,2026-07-09,2026-09-04,estimated,-0.015463219516475937,0.0014423819413791254,,0.0623753996526823,0.053919116700136445,-0.12443781934617366,0.0935113803132218,-0.1415286047150306,0.11060216568207872,0.7757569088348232,0.8054755780011046,0.0036043327916798207,-0.1346098343216772,0.06627264547280835,500.0,-0.03317398801053969,1.1453480612619558,2026-07-10,True,,,,pilot_observational,False
house_dem,Democratic House victory,CONTROLH-2026-D,taxes_fiscal,sector_healthcare,Healthcare sector,sector,market_conditioned,0.1,True,True,42,43,1.0,8,0,0.815,0.855,1.0000000000000009,1.0,2026-07-09,2026-09-04,estimated,-0.01736446905647008,0.0015789244225273967,-0.15841407463900123,0.062379148001745634,0.053800564403450366,-0.1261863821681821,0.09145744405524195,-0.14353820531923023,0.10880926720629008,0.7486039006274222,0.7821991534866941,0.013828086117594007,-0.13262734094249654,0.064483450898277,500.0,-0.034396309425515206,0.9808442926562726,2026-07-10,True,0.8886652755835206,0.9915527907147141,0.9915527907147141,pilot_observational,False
house_dem,Democratic House victory,CONTROLH-2026-D,taxes_fiscal,sector_staples,Consumer staples sector,sector,raw,0.1,True,False,42,43,1.0,8,0,0.815,0.855,1.0000000000000009,1.0,2026-07-09,2026-09-04,estimated,0.02553525276184427,-1.2903725435575524e-05,,0.0438284680026969,0.03712502291283182,-0.04949721741183662,0.10056772293552516,-0.06304538531323237,0.11411589083692089,0.4955369505161347,0.5634206379832684,0.011106988537571638,-0.03910242106785402,0.09537896720839426,500.0,0.04709872117499916,0.8444587807400062,2026-07-10,True,,,,pilot_observational,False
house_dem,Democratic House victory,CONTROLH-2026-D,taxes_fiscal,sector_staples,Consumer staples sector,sector,market_conditioned,0.1,True,True,42,43,1.0,8,0,0.815,0.855,1.0000000000000009,1.0,2026-07-09,2026-09-04,estimated,0.023646159293878564,0.00012276574025582657,-0.15740121816691663,0.043477828824634496,0.037419364079630035,-0.05204164866353883,0.09933396725129595,-0.06429605029262218,0.1115883688803793,0.5311242691095862,0.589628799699603,0.022512899368766326,-0.04084593800765125,0.09683314605270589,500.0,0.04562093356948905,0.9293168502547997,2026-07-10,True,0.784171318772089,0.9915527907147141,0.9915527907147141,pilot_observational,False
house_dem,Democratic House victory,CONTROLH-2026-D,taxes_fiscal,cloud_platforms,Cloud platforms,theme,raw,0.1,True,False,42,43,1.0,8,0,0.815,0.855,1.0000000000000009,1.0,2026-07-09,2026-09-04,estimated,0.000582646528792783,0.0024300009635397283,,0.0370691473246258,0.033572583664973184,-0.0672700761054829,0.06843536916306846,-0.07433689486864604,0.0755021879262316,0.9862398218467315,0.9875376414578245,1.2771873025840819e-06,-0.08855521785987659,0.0742525263670663,500.0,-0.008299722802317257,15.244867843826174,2026-07-10,False,,,,pilot_observational,False
house_dem,Democratic House victory,CONTROLH-2026-D,taxes_fiscal,cloud_platforms,Cloud platforms,theme,market_conditioned,0.1,True,True,42,43,1.0,8,0,0.815,0.855,1.0000000000000009,1.0,2026-07-09,2026-09-04,estimated,0.021923990899844256,0.0008973246629463624,1.7781828471094796,0.054328406134502565,0.050305980122164626,-0.0798294583168079,0.12367744011649642,-0.08796558288848354,0.13181356468817204,0.6653753732459153,0.6887510005878493,0.32151157738711156,-0.0971977579248847,0.11404496615258194,500.0,0.006816988665777494,0.6890626028390697,2026-07-10,True,0.8468918281353232,0.9915527907147141,0.9915527907147141,pilot_observational,False
house_dem,Democratic House victory,CONTROLH-2026-D,taxes_fiscal,electrical_equipment,Electrical equipment,theme,raw,0.1,True,False,42,43,1.0,8,0,0.815,0.855,1.0000000000000009,1.0,2026-07-09,2026-09-04,estimated,-0.02232344452582423,-0.00036342160043968696,,0.08075578395799805,0.06713146415202194,-0.15800119463870355,0.11335430558705507,-0.18553697210822417,0.14089008305657574,0.7412231151314423,0.7836400030998295,0.0008633347935399494,-0.15260093154354484,0.0942860673760497,500.0,-0.03481607886197444,0.5596194763625508,2026-07-10,True,,,,pilot_observational,False
house_dem,Democratic House victory,CONTROLH-2026-D,taxes_fiscal,electrical_equipment,Electrical equipment,theme,market_conditioned,0.1,True,True,42,43,1.0,8,0,0.815,0.855,1.0000000000000009,1.0,2026-07-09,2026-09-04,estimated,0.008944536050830086,-0.002609001446021391,2.605280424628642,0.08694013195680712,0.07359222667257402,-0.1399097926250725,0.15779886472673268,-0.1669084794450015,0.1847975515466617,0.9038859553852772,0.9185841804590129,0.31867041911142624,-0.13045323040743828,0.1375789879959464,500.0,-0.012671538940215912,2.416679285343139,2026-07-10,False,0.9558334240855805,0.9915527907147141,0.9915527907147141,pilot_observational,False
house_dem,Democratic House victory,CONTROLH-2026-D,taxes_fiscal,regulated_utilities,Regulated utilities,theme,raw,0.1,True,False,42,43,1.0,8,0,0.815,0.855,1.0000000000000009,1.0,2026-07-09,2026-09-04,estimated,0.045167760554785184,-0.0016379490531332347,,0.02788835880322947,0.023857626677898747,-0.0030503015950303705,0.09338582270460075,-0.0111967150984532,0.10153223620802357,0.06557870109476298,0.11317861163605272,0.0392064545469899,0.003484576643615475,0.09271658414828393,500.0,0.06564035350489839,0.4532567632012981,2026-07-10,True,,,,pilot_observational,True
house_dem,Democratic House victory,CONTROLH-2026-D,taxes_fiscal,regulated_utilities,Regulated utilities,theme,market_conditioned,0.1,True,True,42,43,1.0,8,0,0.815,0.855,1.0000000000000009,1.0,2026-07-09,2026-09-04,estimated,0.042980847648690194,-0.001480891019470644,-0.18221584123891119,0.02861810400153214,0.02509435560797513,-0.007777277583734671,0.09373897288111506,-0.01490473146387656,0.10086642676125696,0.09469587230645594,0.1411832687418425,0.05645174473669856,-0.0013759993387651526,0.09228352198989201,500.0,0.06395977885767036,0.48809952238388393,2026-07-10,True,0.3788025605429987,0.9094769698122832,0.9094769698122832,pilot_observational,False
house_dem,Democratic House victory,CONTROLH-2026-D,taxes_fiscal,power_generators,Power generators,theme,raw,0.1,True,False,42,43,1.0,8,0,0.815,0.855,1.0000000000000009,1.0,2026-07-09,2026-09-04,estimated,-0.02946643196682935,0.002427531867522579,,0.0463072336256928,0.03858082782388287,-0.10744119361932253,0.04850832968566382,-0.12305684224088019,0.06412397830722148,0.4494929856815315,0.5281895167361224,0.0031094353572047595,-0.11459598570919095,0.0619187624696177,500.0,-0.031544188269428355,0.07051265334526947,2026-07-10,True,,,,pilot_observational,False
house_dem,Democratic House victory,CONTROLH-2026-D,taxes_fiscal,power_generators,Power generators,theme,market_conditioned,0.1,True,True,42,43,1.0,8,0,0.815,0.855,1.0000000000000009,1.0,2026-07-09,2026-09-04,estimated,-0.02272670729510448,0.0019435034906182176,0.5615608181534276,0.045958421598222006,0.03719571497010253,-0.09796214222940629,0.052508727639197325,-0.1156863893610495,0.07023297477084053,0.5447422862713829,0.6237232090930571,0.033631774860673924,-0.10135430147933057,0.06377337666174608,500.0,-0.026775130042945933,0.1781350327292469,2026-07-10,True,0.784171318772089,0.9915527907147141,0.9915527907147141,pilot_observational,False
house_dem,Democratic House victory,CONTROLH-2026-D,taxes_fiscal,data_center_reits,Data-center REITs,theme,raw,0.1,True,False,42,43,1.0,8,0,0.815,0.855,1.0000000000000009,1.0,2026-07-09,2026-09-04,estimated,0.13606249565028453,0.0006378108282853272,,0.11226402732355263,0.09995024118589785,-0.06594447706571008,0.33806946836627916,-0.0908315671900187,0.3629565584905877,0.1810378581013535,0.23262826280907903,0.09061884415776911,-0.007241676220629061,0.3760812102469081,500.0,0.1738491883637966,0.2777157109526607,2026-07-10,True,,,,pilot_observational,False
house_dem,Democratic House victory,CONTROLH-2026-D,taxes_fiscal,data_center_reits,Data-center REITs,theme,market_conditioned,0.1,True,True,42,43,1.0,8,0,0.815,0.855,1.0000000000000009,1.0,2026-07-09,2026-09-04,estimated,0.14841744964645653,-0.0002494877811940312,1.0294275229736765,0.10989993683268051,0.09690885305430479,-0.04759920749766247,0.3444341067905755,-0.0738761546976199,0.37071105399053295,0.13371421297131184,0.18464755641111563,0.2308133507940553,0.002943569700769634,0.37241077320992805,500.0,0.18231195813792486,0.22837279964187526,2026-07-10,True,0.4731425997446419,0.9094769698122832,0.9094769698122832,pilot_observational,True
house_dem,Democratic House victory,CONTROLH-2026-D,taxes_fiscal,integrated_energy,Integrated energy,theme,raw,0.1,True,False,42,43,1.0,8,0,0.815,0.855,1.0000000000000009,1.0,2026-07-09,2026-09-04,estimated,-0.03271062395253549,0.003940331378668953,,0.03628918679950949,0.029218492722662325,-0.09176340053615123,0.026342152631080258,-0.10605380632725137,0.04063255842218039,0.2695968746071079,0.3727778553694671,0.00933981521443028,-0.09802465957650565,0.02602680735120476,500.0,-0.025264328797447947,0.22764148937948828,2026-07-10,True,,,,pilot_observational,False
house_dem,Democratic House victory,CONTROLH-2026-D,taxes_fiscal,integrated_energy,Integrated energy,theme,market_conditioned,0.1,True,True,42,43,1.0,8,0,0.815,0.855,1.0000000000000009,1.0,2026-07-09,2026-09-04,estimated,-0.04494520242045891,0.004818984950792172,-1.019397709676924,0.030612516504121393,0.024058408165153155,-0.09360792616665246,0.003717521325734649,-0.10686486159282074,0.01697445675190292,0.0692646086509108,0.15007050712832878,0.25449762148607324,-0.0913025770569191,0.0023831488069925343,500.0,-0.03394627349045055,0.24471864265098256,2026-07-10,True,0.33217270570691554,0.9094769698122832,0.9094769698122832,pilot_observational,False
house_dem,Democratic House victory,CONTROLH-2026-D,taxes_fiscal,homebuilders,Homebuilders,theme,raw,0.1,True,False,42,43,1.0,8,0,0.815,0.855,1.0000000000000009,1.0,2026-07-09,2026-09-04,estimated,0.009102903913865134,-0.00019498960137254132,,0.11139308811319273,0.09225735063249495,-0.17735615702432725,0.19556196485205754,-0.2160309251219269,0.2342367329496572,0.9218942115461148,0.9352779121871303,0.00037392197929864146,-0.1521850555971164,0.19064718107166928,500.0,0.025558157787386227,1.8076928010255267,2026-07-10,True,,,,pilot_observational,False
house_dem,Democratic House victory,CONTROLH-2026-D,taxes_fiscal,homebuilders,Homebuilders,theme,market_conditioned,0.1,True,True,42,43,1.0,8,0,0.815,0.855,1.0000000000000009,1.0,2026-07-09,2026-09-04,estimated,0.024028178492284148,-0.0012668815229152682,1.2435892876431878,0.11172011250385357,0.09310174526171468,-0.16428787628816166,0.21234423327272994,-0.20194707865474587,0.25000343563931415,0.7976982873612593,0.8308297810536386,0.18898743921795258,-0.14535881365654665,0.20932051581438887,500.0,0.03597778254047169,0.4973162677322694,2026-07-10,True,0.917353030465448,0.9915527907147141,0.9915527907147141,pilot_observational,False
house_dem,Democratic House victory,CONTROLH-2026-D,taxes_fiscal,machinery_distribution,Machinery and distribution,theme,raw,0.1,True,False,42,43,1.0,8,0,0.815,0.855,1.0000000000000009,1.0,2026-07-09,2026-09-04,estimated,0.02212687513475735,0.0006558658650898951,,0.041401165241079084,0.03480961848412168,-0.04822598812945132,0.09247973839896602,-0.061548001063991054,0.10580175133350575,0.5286221091505091,0.5959882104286531,0.0053560169774033994,-0.05281915415771952,0.0857680378629643,500.0,0.028692179066433576,0.2967117539956337,2026-07-10,True,,,,pilot_observational,False
house_dem,Democratic House victory,CONTROLH-2026-D,taxes_fiscal,machinery_distribution,Machinery and distribution,theme,market_conditioned,0.1,True,True,42,43,1.0,8,0,0.815,0.855,1.0000000000000009,1.0,2026-07-09,2026-09-04,estimated,0.030810638849662144,3.222198331828788e-05,0.7235401583763776,0.04108010115730355,0.03451343448437839,-0.03899937170117364,0.10062064940049793,-0.052281708755407386,0.11390298645473168,0.377485653667138,0.4577474031035076,0.16013958308857923,-0.0463603044648106,0.09535791770357874,500.0,0.03477471072062725,0.1286591910770645,2026-07-10,True,0.694677176552132,0.9915527907147141,0.9915527907147141,pilot_observational,False
house_dem,Democratic House victory,CONTROLH-2026-D,taxes_fiscal,managed_care,Managed care (UNH only),single_company_proxy,raw,0.1,True,False,42,43,1.0,8,0,0.815,0.855,1.0000000000000009,1.0,2026-07-09,2026-09-04,estimated,0.08708103875425266,-0.001965004825912017,,0.03983933909028906,0.036780368977522356,0.012745140167397931,0.1614169373411074,0.006562730952802742,0.16759934655570258,0.02282835746136597,0.034743374915737715,0.07392355381969118,-0.0058101444596552095,0.15116785748733189,500.0,0.07808858922594326,0.1032652992769938,2026-07-10,True,,,,pilot_observational,False
house_dem,Democratic House victory,CONTROLH-2026-D,taxes_fiscal,managed_care,Managed care (UNH only),single_company_proxy,market_conditioned,0.1,True,True,42,43,1.0,8,0,0.815,0.855,1.0000000000000009,1.0,2026-07-09,2026-09-04,estimated,0.08959560421044124,-0.0021455939590979646,0.20951619000130858,0.040605134034729665,0.03694706169556357,0.014863117996786801,0.16432809042409569,0.007463968291517908,0.17172724012936458,0.020041487985685582,0.03330442022391739,0.08548916541517537,-0.002883211247055849,0.15440323663447955,500.0,0.07992315154603682,0.10795677700533009,2026-07-10,True,0.15365140789025614,0.4713856400923693,0.4713856400923693,pilot_observational,False
house_dem,Democratic House victory,CONTROLH-2026-D,taxes_fiscal,hospitals,Hospitals (HCA only),single_company_proxy,raw,0.1,True,False,42,43,1.0,8,0,0.815,0.855,1.0000000000000009,1.0,2026-07-09,2026-09-04,estimated,0.08530806265574106,-0.00044305635324773753,,0.027996695839148437,0.02168887751170629,0.04147320607346433,0.1291429192380178,0.028724629685348134,0.14189149562613398,0.00032493125394269867,0.004080919109991295,0.02348539529296323,0.03344917486628738,0.12293063049400926,500.0,0.0901466448076889,0.05671893138018896,2026-07-10,True,,,,pilot_observational,True
house_dem,Democratic House victory,CONTROLH-2026-D,taxes_fiscal,hospitals,Hospitals (HCA only),single_company_proxy,market_conditioned,0.1,True,True,42,43,1.0,8,0,0.815,0.855,1.0000000000000009,1.0,2026-07-09,2026-09-04,estimated,0.08907748993859141,-0.0007137661905844815,0.3140725729951164,0.02820004544706669,0.021020334183845024,0.04655985084878974,0.13159512902839307,0.03203751406818562,0.1461174658089972,0.00013368341420532163,0.0030564874056185267,0.03208890262233344,0.0371435273507306,0.13006326072947863,500.0,0.09277356519148124,0.0414928087380756,2026-07-10,True,0.00409962470229653,0.14059842065845224,0.14059842065845224,pilot_observational,True
house_dem,Democratic House victory,CONTROLH-2026-D,taxes_fiscal,generators_minus_regulated,Generators minus regulated utilities,relative_return_contrast,raw,0.1,True,False,42,43,1.0,8,0,0.815,0.855,1.0000000000000009,1.0,2026-07-09,2026-09-04,estimated,-0.07463419252161453,0.0040654809206558135,,0.05385275399551255,0.045546213273016334,-0.16668652328934874,0.017418138246119694,-0.18347466832216275,0.034206283278933686,0.1091299738396535,0.1734578006278648,0.01760516049050287,-0.17866836542429315,0.013224048170054724,500.0,-0.09718454177432675,0.3021450154522875,2026-07-10,True,,,,pilot_observational,False
house_dem,Democratic House victory,CONTROLH-2026-D,taxes_fiscal,generators_minus_regulated,Generators minus regulated utilities,relative_return_contrast,market_conditioned,0.1,True,True,42,43,1.0,8,0,0.815,0.855,1.0000000000000009,1.0,2026-07-09,2026-09-04,estimated,-0.06570755494379465,0.0034243945100888608,0.7437766593923387,0.0542930235569052,0.04547945943600397,-0.15769844459318005,0.026283334705590758,-0.17552556071368874,0.04411045082609945,0.15650845746638747,0.23347125711679284,0.06486009818712624,-0.16060582026140008,0.022052755210815567,500.0,-0.0907349089006163,0.38089005104861545,2026-07-10,True,0.5052202837511455,0.9094769698122832,0.9094769698122832,pilot_observational,False
house_dem,Democratic House victory,CONTROLH-2026-D,taxes_fiscal,equipment_minus_generators,Equipment minus generators,relative_return_contrast,raw,0.1,True,False,42,43,1.0,8,0,0.815,0.855,1.0000000000000009,1.0,2026-07-09,2026-09-04,estimated,0.007142987441005114,-0.002790953467962266,,0.08860342968634743,0.07094771216721427,-0.13624768761868455,0.15053366250069478,-0.17193122379480394,0.18621719867681416,0.9203077600051734,0.9361481613615379,0.00011600648297804828,-0.14657932563208692,0.1480995829663283,500.0,-0.0032718905925460833,1.4580563272116973,2026-07-10,False,,,,pilot_observational,False
house_dem,Democratic House victory,CONTROLH-2026-D,taxes_fiscal,equipment_minus_generators,Equipment minus generators,relative_return_contrast,market_conditioned,0.1,True,True,42,43,1.0,8,0,0.815,0.855,1.0000000000000009,1.0,2026-07-09,2026-09-04,estimated,0.03167124334593457,-0.0045525049366396085,2.0437196064752143,0.09513234368082371,0.07645304498802302,-0.12296963656050158,0.18631212325237073,-0.16075208441908406,0.2240945711109532,0.6809552237025798,0.7409794757485608,0.2567787913723091,-0.1333977648311287,0.18269032467049304,500.0,0.014103591102730038,0.5546877983702391,2026-07-10,True,0.8468918281353232,0.9915527907147141,0.9915527907147141,pilot_observational,False
house_dem,Democratic House victory,CONTROLH-2026-D,taxes_fiscal,hospitals_minus_managed_care,Hospitals minus managed care,relative_return_contrast,raw,0.1,True,False,42,43,1.0,8,0,0.815,0.855,1.0000000000000009,1.0,2026-07-09,2026-09-04,estimated,-0.0017729760985115922,0.0015219484726642792,,0.0485632589221327,0.04005915740442314,-0.08273555328499652,0.07918960108797332,-0.09992298357910553,0.09637703138208234,0.9649182083841235,0.9710584236155952,9.646032121501946e-06,-0.08416933349776184,0.08668029675463333,500.0,0.012058055581745636,7.801025457629313,2026-07-10,False,,,,pilot_observational,False
house_dem,Democratic House victory,CONTROLH-2026-D,taxes_fiscal,hospitals_minus_managed_care,Hospitals minus managed care,relative_return_contrast,market_conditioned,0.1,True,True,42,43,1.0,8,0,0.815,0.855,1.0000000000000009,1.0,2026-07-09,2026-09-04,estimated,-0.000518114271849832,0.0014318277685134843,0.10455638299380784,0.0486250767568149,0.03918937026410296,-0.07978609766700953,0.07874986912330986,-0.09887161551394988,0.09783538697025021,0.9895190482419287,0.9915527907147141,0.0009163005627408349,-0.07981476754594782,0.08977683747153531,500.0,0.012850413645444382,25.802276917723837,2026-07-10,False,0.9895190482419288,0.9915527907147141,0.9915527907147141,pilot_observational,False
house_dem,Democratic House victory,CONTROLH-2026-D,taxes_fiscal,sector_technology,Technology sector,sector,raw,0.15,True,False,42,43,1.0,8,0,0.815,0.855,1.0000000000000009,1.0,2026-07-09,2026-09-04,estimated,-0.03468747569223159,0.0010835827303766162,,0.0659728895047138,0.06061450937512882,-0.1571939688857933,0.08781901750133013,-0.16802365909760364,0.09864870771314048,0.570345986913945,0.6019414168717128,0.007050487993724319,,,,-0.03822082547263885,0.10186240739329942,2026-07-10,True,,,,pilot_observational,False
house_dem,Democratic House victory,CONTROLH-2026-D,taxes_fiscal,sector_technology,Technology sector,sector,market_conditioned,0.15,True,False,42,43,1.0,8,0,0.815,0.855,1.0000000000000009,1.0,2026-07-09,2026-09-04,estimated,-0.011105336389931534,-0.0006100212618327017,1.9648881943152972,0.05034440373438204,0.04490577195421651,-0.1019358335789667,0.07972516079910362,-0.11293650469813088,0.0907258319182678,0.8059709731392707,0.8265645246884561,0.6184812203995601,,,,-0.0215591238899677,0.9413301077051495,2026-07-10,True,,,,pilot_observational,False
house_dem,Democratic House victory,CONTROLH-2026-D,taxes_fiscal,sector_consumer_discretionary,Consumer discretionary sector,sector,raw,0.15,True,False,42,43,1.0,8,0,0.815,0.855,1.0000000000000009,1.0,2026-07-09,2026-09-04,estimated,-0.008663081986751354,4.679094072765827e-05,,0.045968044188127305,0.037800450716038915,-0.08506064267142273,0.06773447869792003,-0.10156796483588675,0.08424180086238404,0.8198973376040116,0.8514699144251289,0.0008237035486871047,,,,-0.004825731188585024,0.44295445939850003,2026-07-10,True,,,,pilot_observational,False
house_dem,Democratic House victory,CONTROLH-2026-D,taxes_fiscal,sector_consumer_discretionary,Consumer discretionary sector,sector,market_conditioned,0.15,True,False,42,43,1.0,8,0,0.815,0.855,1.0000000000000009,1.0,2026-07-09,2026-09-04,estimated,0.004913915043225438,-0.0009282714180100863,1.1312494102625081,0.0477529581450516,0.040348611739251035,-0.07669885555784628,0.08652668564429716,-0.09167555980166592,0.1015033898881168,0.9036934963712505,0.9185673975756491,0.380436297278797,,,,0.004727471823279816,0.03794188916689982,2026-07-10,True,,,,pilot_observational,False
house_dem,Democratic House victory,CONTROLH-2026-D,taxes_fiscal,sector_communications,Communication services sector,sector,raw,0.15,True,False,42,43,1.0,8,0,0.815,0.855,1.0000000000000009,1.0,2026-07-09,2026-09-04,estimated,0.001955411469098568,0.000625208999433119,,0.033478068975337935,0.02989701050012806,-0.05846870069643848,0.06237952363463562,-0.06570628985193287,0.06961711279013001,0.9481774091056457,0.9537138865535576,4.411677613591625e-05,,,,0.01745928007191021,7.928698817522445,2026-07-10,True,,,,pilot_observational,False
house_dem,Democratic House victory,CONTROLH-2026-D,taxes_fiscal,sector_communications,Communication services sector,sector,market_conditioned,0.15,True,False,42,43,1.0,8,0,0.815,0.855,1.0000000000000009,1.0,2026-07-09,2026-09-04,estimated,0.010654407930009269,4.711439928291512e-07,0.7248093665008114,0.037882186562708024,0.03514897381934233,-0.060441102262984284,0.08174991812300282,-0.06596954686151885,0.08727836272153738,0.7634083908830271,0.7800046578374759,0.16386634870332306,,,,0.023492464488027207,1.2049526019984829,2026-07-10,True,,,,pilot_observational,False
house_dem,Democratic House victory,CONTROLH-2026-D,taxes_fiscal,sector_industrials,Industrials sector,sector,raw,0.15,True,False,42,43,1.0,8,0,0.815,0.855,1.0000000000000009,1.0,2026-07-09,2026-09-04,estimated,0.009180145928995,-0.0006886447005870445,,0.02451783751260099,0.020048529551776023,-0.031339443759927574,0.04969973561791757,-0.040372252091250824,0.05873254394924082,0.6495048080962118,0.710064204010663,0.0017951413217555112,,,,0.018801689039510388,1.0480817173206647,2026-07-10,True,,,,pilot_observational,False
house_dem,Democratic House victory,CONTROLH-2026-D,taxes_fiscal,sector_industrials,Industrials sector,sector,market_conditioned,0.15,True,False,42,43,1.0,8,0,0.815,0.855,1.0000000000000009,1.0,2026-07-09,2026-09-04,estimated,0.018673036269988844,-0.0013703978177668926,0.7909574242540951,0.02553436654849091,0.021578411072647734,-0.024973419875476428,0.06231949241545412,-0.032975095096534124,0.07032116763651182,0.39213481318209753,0.46897313001122976,0.361961777880454,,,,0.025434537922122198,0.3620997439500712,2026-07-10,True,,,,pilot_observational,False
house_dem,Democratic House victory,CONTROLH-2026-D,taxes_fiscal,sector_utilities,Utilities sector,sector,raw,0.15,True,False,42,43,1.0,8,0,0.815,0.855,1.0000000000000009,1.0,2026-07-09,2026-09-04,estimated,0.02716596175348984,-0.0013214519152513434,,0.025380003634170433,0.02281387115262006,-0.018942591790688763,0.07327451529766844,-0.024128938997415795,0.07846086250439548,0.24076445010696204,0.2908698003209826,0.019825984465824953,,,,0.04337682728818552,0.5967344606385294,2026-07-10,True,,,,pilot_observational,False
house_dem,Democratic House victory,CONTROLH-2026-D,taxes_fiscal,sector_utilities,Utilities sector,sector,market_conditioned,0.15,True,False,42,43,1.0,8,0,0.815,0.855,1.0000000000000009,1.0,2026-07-09,2026-09-04,estimated,0.026799039388632366,-0.0012951005662923934,-0.03057235027308859,0.02555494318847581,0.02335445896064432,-0.02043981269343407,0.07403789147069881,-0.024890712160752927,0.07848879093801767,0.25816929744407463,0.3007795063937284,0.020504625377559038,,,,0.04300896546015252,0.6048696685149131,2026-07-10,True,,,,pilot_observational,False
house_dem,Democratic House victory,CONTROLH-2026-D,taxes_fiscal,sector_real_estate,Real estate sector,sector,raw,0.15,True,False,42,43,1.0,8,0,0.815,0.855,1.0000000000000009,1.0,2026-07-09,2026-09-04,estimated,0.04222397145995749,-0.0002892710864143814,,0.03921762741445935,0.034394252236717215,-0.027289405303658157,0.11173734822357313,-0.037037810173606925,0.1214857530935219,0.22675557489237166,0.28808400968840003,0.054377284816470084,,,,0.057237302357457394,0.35556415889816495,2026-07-10,True,,,,pilot_observational,False
house_dem,Democratic House victory,CONTROLH-2026-D,taxes_fiscal,sector_real_estate,Real estate sector,sector,market_conditioned,0.15,True,False,42,43,1.0,8,0,0.815,0.855,1.0000000000000009,1.0,2026-07-09,2026-09-04,estimated,0.04276051113152855,-0.00032780388100536246,0.04470503939178057,0.03923321240388478,0.035086820350153126,-0.028209281803687217,0.11373030406674432,-0.036596151361682816,0.12211717362473992,0.23027660387625332,0.2824432610986773,0.05602472674873815,,,,0.0575149127166057,0.3450473624997972,2026-07-10,True,,,,pilot_observational,False
house_dem,Democratic House victory,CONTROLH-2026-D,taxes_fiscal,sector_energy,Energy sector,sector,raw,0.15,True,False,42,43,1.0,8,0,0.815,0.855,1.0000000000000009,1.0,2026-07-09,2026-09-04,estimated,-0.021943923195172625,0.003569792922626831,,0.029301356877054787,0.023327669883428624,-0.06909090270975901,0.025203056319413768,-0.08116417448196953,0.03727632809162427,0.3525142266899669,0.45829618023300733,0.005148999576736091,,,,-0.023560450982020198,0.07366630718080473,2026-07-10,True,,,,pilot_observational,False
house_dem,Democratic House victory,CONTROLH-2026-D,taxes_fiscal,sector_energy,Energy sector,sector,market_conditioned,0.15,True,False,42,43,1.0,8,0,0.815,0.855,1.0000000000000009,1.0,2026-07-09,2026-09-04,estimated,-0.030971288826769902,0.0042181133432985535,-0.7521694248308978,0.02576518488574969,0.01992849355732016,-0.07128047179517248,0.009337894141632677,-0.08308629434824419,0.021143716694704384,0.12823402044993915,0.23658862529956784,0.16865114309513074,,,,-0.02991867555136324,0.03398674434551919,2026-07-10,True,,,,pilot_observational,False
house_dem,Democratic House victory,CONTROLH-2026-D,taxes_fiscal,sector_financials,Financials sector,sector,raw,0.15,True,False,42,43,1.0,8,0,0.815,0.855,1.0000000000000009,1.0,2026-07-09,2026-09-04,estimated,0.029097086449804566,0.0012063554883134774,,0.02477825966841441,0.023647744165107596,-0.018696787318553152,0.07689096021816229,-0.02098164438064627,0.0791758172802554,0.22572014173605484,0.24721934203672305,0.031209733753697066,,,,0.036637510760257175,0.2591470566463968,2026-07-10,True,,,,pilot_observational,False
house_dem,Democratic House victory,CONTROLH-2026-D,taxes_fiscal,sector_financials,Financials sector,sector,market_conditioned,0.15,True,False,42,43,1.0,8,0,0.815,0.855,1.0000000000000009,1.0,2026-07-09,2026-09-04,estimated,0.03592303448785018,0.000716134787822581,0.5687450380575676,0.029428382137351383,0.028640165558901344,-0.02200716833648913,0.0938532373121895,-0.023601486852742465,0.09544755582844283,0.21720283476384195,0.2295312814728832,0.35348285757944087,,,,0.041402738788869284,0.15254012861503766,2026-07-10,True,,,,pilot_observational,False
house_dem,Democratic House victory,CONTROLH-2026-D,taxes_fiscal,sector_healthcare,Healthcare sector,sector,raw,0.15,True,False,42,43,1.0,8,0,0.815,0.855,1.0000000000000009,1.0,2026-07-09,2026-09-04,estimated,-0.015463219516475937,0.0014423819413791254,,0.0623753996526823,0.053919116700136445,-0.12443781934617366,0.0935113803132218,-0.1415286047150306,0.11060216568207872,0.7757569088348232,0.8054755780011046,0.0036043327916798207,,,,-0.03317398801053969,1.1453480612619558,2026-07-10,True,,,,pilot_observational,False
house_dem,Democratic House victory,CONTROLH-2026-D,taxes_fiscal,sector_healthcare,Healthcare sector,sector,market_conditioned,0.15,True,False,42,43,1.0,8,0,0.815,0.855,1.0000000000000009,1.0,2026-07-09,2026-09-04,estimated,-0.01736446905647008,0.0015789244225273967,-0.15841407463900123,0.062379148001745634,0.053800564403450366,-0.1261863821681821,0.09145744405524195,-0.14353820531923023,0.10880926720629008,0.7486039006274222,0.7821991534866941,0.013828086117594007,,,,-0.034396309425515206,0.9808442926562726,2026-07-10,True,,,,pilot_observational,False
house_dem,Democratic House victory,CONTROLH-2026-D,taxes_fiscal,sector_staples,Consumer staples sector,sector,raw,0.15,True,False,42,43,1.0,8,0,0.815,0.855,1.0000000000000009,1.0,2026-07-09,2026-09-04,estimated,0.02553525276184427,-1.2903725435575524e-05,,0.0438284680026969,0.03712502291283182,-0.04949721741183662,0.10056772293552516,-0.06304538531323237,0.11411589083692089,0.4955369505161347,0.5634206379832684,0.011106988537571638,,,,0.04709872117499916,0.8444587807400062,2026-07-10,True,,,,pilot_observational,False
house_dem,Democratic House victory,CONTROLH-2026-D,taxes_fiscal,sector_staples,Consumer staples sector,sector,market_conditioned,0.15,True,False,42,43,1.0,8,0,0.815,0.855,1.0000000000000009,1.0,2026-07-09,2026-09-04,estimated,0.023646159293878564,0.00012276574025582657,-0.15740121816691663,0.043477828824634496,0.037419364079630035,-0.05204164866353883,0.09933396725129595,-0.06429605029262218,0.1115883688803793,0.5311242691095862,0.589628799699603,0.022512899368766326,,,,0.04562093356948905,0.9293168502547997,2026-07-10,True,,,,pilot_observational,False
house_dem,Democratic House victory,CONTROLH-2026-D,taxes_fiscal,cloud_platforms,Cloud platforms,theme,raw,0.15,True,False,42,43,1.0,8,0,0.815,0.855,1.0000000000000009,1.0,2026-07-09,2026-09-04,estimated,0.000582646528792783,0.0024300009635397283,,0.0370691473246258,0.033572583664973184,-0.0672700761054829,0.06843536916306846,-0.07433689486864604,0.0755021879262316,0.9862398218467315,0.9875376414578245,1.2771873025840819e-06,,,,-0.008299722802317257,15.244867843826174,2026-07-10,False,,,,pilot_observational,False
house_dem,Democratic House victory,CONTROLH-2026-D,taxes_fiscal,cloud_platforms,Cloud platforms,theme,market_conditioned,0.15,True,False,42,43,1.0,8,0,0.815,0.855,1.0000000000000009,1.0,2026-07-09,2026-09-04,estimated,0.021923990899844256,0.0008973246629463624,1.7781828471094796,0.054328406134502565,0.050305980122164626,-0.0798294583168079,0.12367744011649642,-0.08796558288848354,0.13181356468817204,0.6653753732459153,0.6887510005878493,0.32151157738711156,,,,0.006816988665777494,0.6890626028390697,2026-07-10,True,,,,pilot_observational,False
house_dem,Democratic House victory,CONTROLH-2026-D,taxes_fiscal,electrical_equipment,Electrical equipment,theme,raw,0.15,True,False,42,43,1.0,8,0,0.815,0.855,1.0000000000000009,1.0,2026-07-09,2026-09-04,estimated,-0.02232344452582423,-0.00036342160043968696,,0.08075578395799805,0.06713146415202194,-0.15800119463870355,0.11335430558705507,-0.18553697210822417,0.14089008305657574,0.7412231151314423,0.7836400030998295,0.0008633347935399494,,,,-0.03481607886197444,0.5596194763625508,2026-07-10,True,,,,pilot_observational,False
house_dem,Democratic House victory,CONTROLH-2026-D,taxes_fiscal,electrical_equipment,Electrical equipment,theme,market_conditioned,0.15,True,False,42,43,1.0,8,0,0.815,0.855,1.0000000000000009,1.0,2026-07-09,2026-09-04,estimated,0.008944536050830086,-0.002609001446021391,2.605280424628642,0.08694013195680712,0.07359222667257402,-0.1399097926250725,0.15779886472673268,-0.1669084794450015,0.1847975515466617,0.9038859553852772,0.9185841804590129,0.31867041911142624,,,,-0.012671538940215912,2.416679285343139,2026-07-10,False,,,,pilot_observational,False
house_dem,Democratic House victory,CONTROLH-2026-D,taxes_fiscal,regulated_utilities,Regulated utilities,theme,raw,0.15,True,False,42,43,1.0,8,0,0.815,0.855,1.0000000000000009,1.0,2026-07-09,2026-09-04,estimated,0.045167760554785184,-0.0016379490531332347,,0.02788835880322947,0.023857626677898747,-0.0030503015950303705,0.09338582270460075,-0.0111967150984532,0.10153223620802357,0.06557870109476298,0.11317861163605272,0.0392064545469899,,,,0.06564035350489839,0.4532567632012981,2026-07-10,True,,,,pilot_observational,False
house_dem,Democratic House victory,CONTROLH-2026-D,taxes_fiscal,regulated_utilities,Regulated utilities,theme,market_conditioned,0.15,True,False,42,43,1.0,8,0,0.815,0.855,1.0000000000000009,1.0,2026-07-09,2026-09-04,estimated,0.042980847648690194,-0.001480891019470644,-0.18221584123891119,0.02861810400153214,0.02509435560797513,-0.007777277583734671,0.09373897288111506,-0.01490473146387656,0.10086642676125696,0.09469587230645594,0.1411832687418425,0.05645174473669856,,,,0.06395977885767036,0.48809952238388393,2026-07-10,True,,,,pilot_observational,False
house_dem,Democratic House victory,CONTROLH-2026-D,taxes_fiscal,power_generators,Power generators,theme,raw,0.15,True,False,42,43,1.0,8,0,0.815,0.855,1.0000000000000009,1.0,2026-07-09,2026-09-04,estimated,-0.02946643196682935,0.002427531867522579,,0.0463072336256928,0.03858082782388287,-0.10744119361932253,0.04850832968566382,-0.12305684224088019,0.06412397830722148,0.4494929856815315,0.5281895167361224,0.0031094353572047595,,,,-0.031544188269428355,0.07051265334526947,2026-07-10,True,,,,pilot_observational,False
house_dem,Democratic House victory,CONTROLH-2026-D,taxes_fiscal,power_generators,Power generators,theme,market_conditioned,0.15,True,False,42,43,1.0,8,0,0.815,0.855,1.0000000000000009,1.0,2026-07-09,2026-09-04,estimated,-0.02272670729510448,0.0019435034906182176,0.5615608181534276,0.045958421598222006,0.03719571497010253,-0.09796214222940629,0.052508727639197325,-0.1156863893610495,0.07023297477084053,0.5447422862713829,0.6237232090930571,0.033631774860673924,,,,-0.026775130042945933,0.1781350327292469,2026-07-10,True,,,,pilot_observational,False
house_dem,Democratic House victory,CONTROLH-2026-D,taxes_fiscal,data_center_reits,Data-center REITs,theme,raw,0.15,True,False,42,43,1.0,8,0,0.815,0.855,1.0000000000000009,1.0,2026-07-09,2026-09-04,estimated,0.13606249565028453,0.0006378108282853272,,0.11226402732355263,0.09995024118589785,-0.06594447706571008,0.33806946836627916,-0.0908315671900187,0.3629565584905877,0.1810378581013535,0.23262826280907903,0.09061884415776911,,,,0.1738491883637966,0.2777157109526607,2026-07-10,True,,,,pilot_observational,False
house_dem,Democratic House victory,CONTROLH-2026-D,taxes_fiscal,data_center_reits,Data-center REITs,theme,market_conditioned,0.15,True,False,42,43,1.0,8,0,0.815,0.855,1.0000000000000009,1.0,2026-07-09,2026-09-04,estimated,0.14841744964645653,-0.0002494877811940312,1.0294275229736765,0.10989993683268051,0.09690885305430479,-0.04759920749766247,0.3444341067905755,-0.0738761546976199,0.37071105399053295,0.13371421297131184,0.18464755641111563,0.2308133507940553,,,,0.18231195813792486,0.22837279964187526,2026-07-10,True,,,,pilot_observational,False
house_dem,Democratic House victory,CONTROLH-2026-D,taxes_fiscal,integrated_energy,Integrated energy,theme,raw,0.15,True,False,42,43,1.0,8,0,0.815,0.855,1.0000000000000009,1.0,2026-07-09,2026-09-04,estimated,-0.03271062395253549,0.003940331378668953,,0.03628918679950949,0.029218492722662325,-0.09176340053615123,0.026342152631080258,-0.10605380632725137,0.04063255842218039,0.2695968746071079,0.3727778553694671,0.00933981521443028,,,,-0.025264328797447947,0.22764148937948828,2026-07-10,True,,,,pilot_observational,False
house_dem,Democratic House victory,CONTROLH-2026-D,taxes_fiscal,integrated_energy,Integrated energy,theme,market_conditioned,0.15,True,False,42,43,1.0,8,0,0.815,0.855,1.0000000000000009,1.0,2026-07-09,2026-09-04,estimated,-0.04494520242045891,0.004818984950792172,-1.019397709676924,0.030612516504121393,0.024058408165153155,-0.09360792616665246,0.003717521325734649,-0.10686486159282074,0.01697445675190292,0.0692646086509108,0.15007050712832878,0.25449762148607324,,,,-0.03394627349045055,0.24471864265098256,2026-07-10,True,,,,pilot_observational,False
house_dem,Democratic House victory,CONTROLH-2026-D,taxes_fiscal,homebuilders,Homebuilders,theme,raw,0.15,True,False,42,43,1.0,8,0,0.815,0.855,1.0000000000000009,1.0,2026-07-09,2026-09-04,estimated,0.009102903913865134,-0.00019498960137254132,,0.11139308811319273,0.09225735063249495,-0.17735615702432725,0.19556196485205754,-0.2160309251219269,0.2342367329496572,0.9218942115461148,0.9352779121871303,0.00037392197929864146,,,,0.025558157787386227,1.8076928010255267,2026-07-10,True,,,,pilot_observational,False
house_dem,Democratic House victory,CONTROLH-2026-D,taxes_fiscal,homebuilders,Homebuilders,theme,market_conditioned,0.15,True,False,42,43,1.0,8,0,0.815,0.855,1.0000000000000009,1.0,2026-07-09,2026-09-04,estimated,0.024028178492284148,-0.0012668815229152682,1.2435892876431878,0.11172011250385357,0.09310174526171468,-0.16428787628816166,0.21234423327272994,-0.20194707865474587,0.25000343563931415,0.7976982873612593,0.8308297810536386,0.18898743921795258,,,,0.03597778254047169,0.4973162677322694,2026-07-10,True,,,,pilot_observational,False
house_dem,Democratic House victory,CONTROLH-2026-D,taxes_fiscal,machinery_distribution,Machinery and distribution,theme,raw,0.15,True,False,42,43,1.0,8,0,0.815,0.855,1.0000000000000009,1.0,2026-07-09,2026-09-04,estimated,0.02212687513475735,0.0006558658650898951,,0.041401165241079084,0.03480961848412168,-0.04822598812945132,0.09247973839896602,-0.061548001063991054,0.10580175133350575,0.5286221091505091,0.5959882104286531,0.0053560169774033994,,,,0.028692179066433576,0.2967117539956337,2026-07-10,True,,,,pilot_observational,False
house_dem,Democratic House victory,CONTROLH-2026-D,taxes_fiscal,machinery_distribution,Machinery and distribution,theme,market_conditioned,0.15,True,False,42,43,1.0,8,0,0.815,0.855,1.0000000000000009,1.0,2026-07-09,2026-09-04,estimated,0.030810638849662144,3.222198331828788e-05,0.7235401583763776,0.04108010115730355,0.03451343448437839,-0.03899937170117364,0.10062064940049793,-0.052281708755407386,0.11390298645473168,0.377485653667138,0.4577474031035076,0.16013958308857923,,,,0.03477471072062725,0.1286591910770645,2026-07-10,True,,,,pilot_observational,False
house_dem,Democratic House victory,CONTROLH-2026-D,taxes_fiscal,managed_care,Managed care (UNH only),single_company_proxy,raw,0.15,True,False,42,43,1.0,8,0,0.815,0.855,1.0000000000000009,1.0,2026-07-09,2026-09-04,estimated,0.08708103875425266,-0.001965004825912017,,0.03983933909028906,0.036780368977522356,0.012745140167397931,0.1614169373411074,0.006562730952802742,0.16759934655570258,0.02282835746136597,0.034743374915737715,0.07392355381969118,,,,0.07808858922594326,0.1032652992769938,2026-07-10,True,,,,pilot_observational,False
house_dem,Democratic House victory,CONTROLH-2026-D,taxes_fiscal,managed_care,Managed care (UNH only),single_company_proxy,market_conditioned,0.15,True,False,42,43,1.0,8,0,0.815,0.855,1.0000000000000009,1.0,2026-07-09,2026-09-04,estimated,0.08959560421044124,-0.0021455939590979646,0.20951619000130858,0.040605134034729665,0.03694706169556357,0.014863117996786801,0.16432809042409569,0.007463968291517908,0.17172724012936458,0.020041487985685582,0.03330442022391739,0.08548916541517537,,,,0.07992315154603682,0.10795677700533009,2026-07-10,True,,,,pilot_observational,False
house_dem,Democratic House victory,CONTROLH-2026-D,taxes_fiscal,hospitals,Hospitals (HCA only),single_company_proxy,raw,0.15,True,False,42,43,1.0,8,0,0.815,0.855,1.0000000000000009,1.0,2026-07-09,2026-09-04,estimated,0.08530806265574106,-0.00044305635324773753,,0.027996695839148437,0.02168887751170629,0.04147320607346433,0.1291429192380178,0.028724629685348134,0.14189149562613398,0.00032493125394269867,0.004080919109991295,0.02348539529296323,,,,0.0901466448076889,0.05671893138018896,2026-07-10,True,,,,pilot_observational,False
house_dem,Democratic House victory,CONTROLH-2026-D,taxes_fiscal,hospitals,Hospitals (HCA only),single_company_proxy,market_conditioned,0.15,True,False,42,43,1.0,8,0,0.815,0.855,1.0000000000000009,1.0,2026-07-09,2026-09-04,estimated,0.08907748993859141,-0.0007137661905844815,0.3140725729951164,0.02820004544706669,0.021020334183845024,0.04655985084878974,0.13159512902839307,0.03203751406818562,0.1461174658089972,0.00013368341420532163,0.0030564874056185267,0.03208890262233344,,,,0.09277356519148124,0.0414928087380756,2026-07-10,True,,,,pilot_observational,False
house_dem,Democratic House victory,CONTROLH-2026-D,taxes_fiscal,generators_minus_regulated,Generators minus regulated utilities,relative_return_contrast,raw,0.15,True,False,42,43,1.0,8,0,0.815,0.855,1.0000000000000009,1.0,2026-07-09,2026-09-04,estimated,-0.07463419252161453,0.0040654809206558135,,0.05385275399551255,0.045546213273016334,-0.16668652328934874,0.017418138246119694,-0.18347466832216275,0.034206283278933686,0.1091299738396535,0.1734578006278648,0.01760516049050287,,,,-0.09718454177432675,0.3021450154522875,2026-07-10,True,,,,pilot_observational,False
house_dem,Democratic House victory,CONTROLH-2026-D,taxes_fiscal,generators_minus_regulated,Generators minus regulated utilities,relative_return_contrast,market_conditioned,0.15,True,False,42,43,1.0,8,0,0.815,0.855,1.0000000000000009,1.0,2026-07-09,2026-09-04,estimated,-0.06570755494379465,0.0034243945100888608,0.7437766593923387,0.0542930235569052,0.04547945943600397,-0.15769844459318005,0.026283334705590758,-0.17552556071368874,0.04411045082609945,0.15650845746638747,0.23347125711679284,0.06486009818712624,,,,-0.0907349089006163,0.38089005104861545,2026-07-10,True,,,,pilot_observational,False
house_dem,Democratic House victory,CONTROLH-2026-D,taxes_fiscal,equipment_minus_generators,Equipment minus generators,relative_return_contrast,raw,0.15,True,False,42,43,1.0,8,0,0.815,0.855,1.0000000000000009,1.0,2026-07-09,2026-09-04,estimated,0.007142987441005114,-0.002790953467962266,,0.08860342968634743,0.07094771216721427,-0.13624768761868455,0.15053366250069478,-0.17193122379480394,0.18621719867681416,0.9203077600051734,0.9361481613615379,0.00011600648297804828,,,,-0.0032718905925460833,1.4580563272116973,2026-07-10,False,,,,pilot_observational,False
house_dem,Democratic House victory,CONTROLH-2026-D,taxes_fiscal,equipment_minus_generators,Equipment minus generators,relative_return_contrast,market_conditioned,0.15,True,False,42,43,1.0,8,0,0.815,0.855,1.0000000000000009,1.0,2026-07-09,2026-09-04,estimated,0.03167124334593457,-0.0045525049366396085,2.0437196064752143,0.09513234368082371,0.07645304498802302,-0.12296963656050158,0.18631212325237073,-0.16075208441908406,0.2240945711109532,0.6809552237025798,0.7409794757485608,0.2567787913723091,,,,0.014103591102730038,0.5546877983702391,2026-07-10,True,,,,pilot_observational,False
house_dem,Democratic House victory,CONTROLH-2026-D,taxes_fiscal,hospitals_minus_managed_care,Hospitals minus managed care,relative_return_contrast,raw,0.15,True,False,42,43,1.0,8,0,0.815,0.855,1.0000000000000009,1.0,2026-07-09,2026-09-04,estimated,-0.0017729760985115922,0.0015219484726642792,,0.0485632589221327,0.04005915740442314,-0.08273555328499652,0.07918960108797332,-0.09992298357910553,0.09637703138208234,0.9649182083841235,0.9710584236155952,9.646032121501946e-06,,,,0.012058055581745636,7.801025457629313,2026-07-10,False,,,,pilot_observational,False
house_dem,Democratic House victory,CONTROLH-2026-D,taxes_fiscal,hospitals_minus_managed_care,Hospitals minus managed care,relative_return_contrast,market_conditioned,0.15,True,False,42,43,1.0,8,0,0.815,0.855,1.0000000000000009,1.0,2026-07-09,2026-09-04,estimated,-0.000518114271849832,0.0014318277685134843,0.10455638299380784,0.0486250767568149,0.03918937026410296,-0.07978609766700953,0.07874986912330986,-0.09887161551394988,0.09783538697025021,0.9895190482419287,0.9915527907147141,0.0009163005627408349,,,,0.012850413645444382,25.802276917723837,2026-07-10,False,,,,pilot_observational,False
senate_dem,Democratic Senate victory,CONTROLS-2026-D,taxes_fiscal,sector_technology,Technology sector,sector,raw,0.05,True,False,42,43,1.0,19,1,0.435,0.495,2.9999999999999973,1.0,2026-07-09,2026-09-04,estimated,0.05208898531574356,0.0004223187002636714,,0.03587595859186488,0.022154193478444103,0.007313690084376462,0.09686428054711066,-0.020419031697921433,0.12459700232940855,0.02372756282337058,0.15432319904464356,0.05957278132275179,,,,0.07660745099175316,0.47070346115187334,2026-08-11,True,,,,pilot_observational,False
senate_dem,Democratic Senate victory,CONTROLS-2026-D,taxes_fiscal,sector_technology,Technology sector,sector,market_conditioned,0.05,True,False,42,43,1.0,19,1,0.435,0.495,2.9999999999999973,1.0,2026-07-09,2026-09-04,estimated,0.027453375858037303,-0.000889243458445774,1.92124774497597,0.02244932808731249,0.0182535649703708,-0.0094679442658328,0.0643746959819074,-0.017954676225095896,0.07286142794117051,0.1406370136407564,0.22870446211311393,0.6339352475866433,,,,0.031240586291758406,0.1379506277590394,2026-08-11,True,,,,pilot_observational,False
senate_dem,Democratic Senate victory,CONTROLS-2026-D,taxes_fiscal,sector_consumer_discretionary,Consumer discretionary sector,sector,raw,0.05,True,False,42,43,1.0,19,1,0.435,0.495,2.9999999999999973,1.0,2026-07-09,2026-09-04,estimated,0.007265920346173736,-6.366107202995539e-05,,0.022289972563012156,0.017658466198955735,-0.028423171119090852,0.04295501181143833,-0.03778379465153217,0.052315635343879646,0.6829247510803502,0.7461443758007813,0.0021711491035618646,,,,0.015365205717070392,1.1146950399974829,2026-08-11,True,,,,pilot_observational,False
senate_dem,Democratic Senate victory,CONTROLS-2026-D,taxes_fiscal,sector_consumer_discretionary,Consumer discretionary sector,sector,market_conditioned,0.05,True,False,42,43,1.0,19,1,0.435,0.495,2.9999999999999973,1.0,2026-07-09,2026-09-04,estimated,-0.007379254851533818,-0.0008433477946157802,1.1421276129449331,0.016529387433949355,0.012551209883176791,-0.03276647311771117,0.018007963414643533,-0.04081309672795291,0.02605458702488528,0.5599673711363017,0.6577539880922487,0.38236131223296854,,,,-0.01220681527664812,0.6542070333986185,2026-08-11,True,,,,pilot_observational,False
senate_dem,Democratic Senate victory,CONTROLS-2026-D,taxes_fiscal,sector_communications,Communication services sector,sector,raw,0.05,True,False,42,43,1.0,19,1,0.435,0.495,2.9999999999999973,1.0,2026-07-09,2026-09-04,estimated,-0.012524626893909343,0.0007538026435136775,,0.018970921970135547,0.018939483179907245,-0.050802750253939474,0.025753496466120785,-0.05086629041917089,0.025817036631352205,0.5122131450800883,0.5129087333047564,0.006781712011578178,,,,-0.00968165563405658,0.2269904951208793,2026-08-11,True,,,,pilot_observational,False
senate_dem,Democratic Senate victory,CONTROLS-2026-D,taxes_fiscal,sector_communications,Communication services sector,sector,market_conditioned,0.05,True,False,42,43,1.0,19,1,0.435,0.495,2.9999999999999973,1.0,2026-07-09,2026-09-04,estimated,-0.022263106504302844,0.00023534088748189275,0.7594710422359895,0.018344615972290354,0.012952931449692964,-0.0484628833354554,0.003936670326849714,-0.059368594663015875,0.014842381654410191,0.09358606753006532,0.23219763979048436,0.18350566447396766,,,,-0.028252626894784822,0.26903345179273924,2026-08-11,True,,,,pilot_observational,False
senate_dem,Democratic Senate victory,CONTROLS-2026-D,taxes_fiscal,sector_industrials,Industrials sector,sector,raw,0.05,True,False,42,43,1.0,19,1,0.435,0.495,2.9999999999999973,1.0,2026-07-09,2026-09-04,estimated,0.004455088880324925,-0.0006873591378806396,,0.017001969339455608,0.012965057403543496,-0.021748269571884978,0.03065844733253483,-0.029907172938390597,0.03881735069904045,0.7329297111575143,0.7946401977958159,0.0015841434877863492,,,,-0.003077152227294926,1.6907050139638287,2026-08-11,False,,,,pilot_observational,False
senate_dem,Democratic Senate victory,CONTROLS-2026-D,taxes_fiscal,sector_industrials,Industrials sector,sector,market_conditioned,0.05,True,False,42,43,1.0,19,1,0.435,0.495,2.9999999999999973,1.0,2026-07-09,2026-09-04,estimated,-0.005710858866357116,-0.001228578643525747,0.7928078344230625,0.021427203598982016,0.015985600221847626,-0.03804478728642594,0.026623069553711708,-0.04905146902779704,0.03762975129508281,0.7228305049933929,0.791240025141054,0.3571179195885119,,,,-0.023440453070649257,3.104540773847143,2026-08-11,True,,,,pilot_observational,False
senate_dem,Democratic Senate victory,CONTROLS-2026-D,taxes_fiscal,sector_utilities,Utilities sector,sector,raw,0.05,True,False,42,43,1.0,19,1,0.435,0.495,2.9999999999999973,1.0,2026-07-09,2026-09-04,estimated,0.016122534023344078,-0.0013456381356951451,,0.01522789972243774,0.01555981813587922,-0.015325031488722642,0.0475700995354108,-0.01465419935172656,0.04689926739841471,0.3063490341606477,0.2960657044074267,0.026165768372993337,,,,0.004629373026250097,0.7128631876634807,2026-08-11,True,,,,pilot_observational,False
senate_dem,Democratic Senate victory,CONTROLS-2026-D,taxes_fiscal,sector_utilities,Utilities sector,sector,market_conditioned,0.05,True,False,42,43,1.0,19,1,0.435,0.495,2.9999999999999973,1.0,2026-07-09,2026-09-04,estimated,0.01705300967302822,-0.0012961010355953314,-0.07256464455566825,0.016545014294147394,0.016193383286465222,-0.015701199665180025,0.04980721901123647,-0.01641244051162213,0.05051845985767857,0.29878308431904793,0.3090296335872636,0.029922241283670825,,,,0.0053594521585000575,0.68571810716927,2026-08-11,True,,,,pilot_observational,False
senate_dem,Democratic Senate victory,CONTROLS-2026-D,taxes_fiscal,sector_real_estate,Real estate sector,sector,raw,0.05,True,False,42,43,1.0,19,1,0.435,0.495,2.9999999999999973,1.0,2026-07-09,2026-09-04,estimated,-0.01819439565386105,8.507540295552101e-05,,0.012682972157373958,0.01227426063665093,-0.04300160176080125,0.006612810453079147,-0.04382763855706921,0.007438847249347114,0.14609104952185484,0.15918714788973629,0.03783179308260687,,,,-0.015592736017295552,0.1429923634761344,2026-08-11,True,,,,pilot_observational,False
senate_dem,Democratic Senate victory,CONTROLS-2026-D,taxes_fiscal,sector_real_estate,Real estate sector,sector,market_conditioned,0.05,True,False,42,43,1.0,19,1,0.435,0.495,2.9999999999999973,1.0,2026-07-09,2026-09-04,estimated,-0.018955241214825447,4.456914927033733e-05,0.05933576844475284,0.012497008482012776,0.011587101847998403,-0.04239236691231299,0.004481884482662096,-0.04423282679901507,0.006322344369364179,0.10990863958830607,0.13738635591023907,0.04068332362234428,,,,-0.016822196865713228,0.11253058322697064,2026-08-11,True,,,,pilot_observational,False
senate_dem,Democratic Senate victory,CONTROLS-2026-D,taxes_fiscal,sector_energy,Energy sector,sector,raw,0.05,True,False,42,43,1.0,19,1,0.435,0.495,2.9999999999999973,1.0,2026-07-09,2026-09-04,estimated,0.003309199866461214,0.0034337818610644744,,0.027691790610846125,0.022973975928735742,-0.043122937500595294,0.04974133723351772,-0.0526579966506342,0.059276396383556626,0.8861911766145094,0.9054765402286231,0.0004387555266277543,,,,-0.008090806808836212,3.4449435317693107,2026-08-11,False,,,,pilot_observational,False
senate_dem,Democratic Senate victory,CONTROLS-2026-D,taxes_fiscal,sector_energy,Energy sector,sector,market_conditioned,0.05,True,False,42,43,1.0,19,1,0.435,0.495,2.9999999999999973,1.0,2026-07-09,2026-09-04,estimated,0.013075103452810077,0.003953703627621516,-0.7616097452403936,0.024810086112813892,0.02362101302432408,-0.034702905113560306,0.060853112019180464,-0.03710803245290872,0.06325823935852887,0.5830555502281736,0.6011734244167244,0.16514300977704965,,,,0.00973686312634491,0.2553127276211125,2026-08-11,True,,,,pilot_observational,False
senate_dem,Democratic Senate victory,CONTROLS-2026-D,taxes_fiscal,sector_financials,Financials sector,sector,raw,0.05,True,False,42,43,1.0,19,1,0.435,0.495,2.9999999999999973,1.0,2026-07-09,2026-09-04,estimated,-0.006848273963076932,0.0014101346996275657,,0.01399982279655426,0.012897150357302298,-0.03291438715530036,0.019217839229146497,-0.03514297128584149,0.021446423359687626,0.5983610642093323,0.6273940333759297,0.006477920343165633,,,,-0.007516905017558473,0.09763497460623274,2026-08-11,True,,,,pilot_observational,False
senate_dem,Democratic Senate victory,CONTROLS-2026-D,taxes_fiscal,sector_financials,Financials sector,sector,market_conditioned,0.05,True,False,42,43,1.0,19,1,0.435,0.495,2.9999999999999973,1.0,2026-07-09,2026-09-04,estimated,-0.01426102278359484,0.001015491292826515,0.5780951747892872,0.01334304091115053,0.011867630210543385,-0.0382655706528149,0.009743525085625218,-0.04124987048025805,0.012727824913068366,0.23673634270931526,0.2917314082563865,0.3336191403283927,,,,-0.021916396116273173,0.5368039479948582,2026-08-11,True,,,,pilot_observational,False
senate_dem,Democratic Senate victory,CONTROLS-2026-D,taxes_fiscal,sector_healthcare,Healthcare sector,sector,raw,0.05,True,False,42,43,1.0,19,1,0.435,0.495,2.9999999999999973,1.0,2026-07-09,2026-09-04,estimated,-0.034231842922844896,0.0016947651143753818,,0.029576039151623323,0.02563555598340228,-0.08604323423771797,0.017579548392028174,-0.09400724779492561,0.02554356194923582,0.18931909641780034,0.2539664905949689,0.06618626877615474,,,,-0.04277454236793361,0.24955417867343851,2026-08-11,True,,,,pilot_observational,False
senate_dem,Democratic Senate victory,CONTROLS-2026-D,taxes_fiscal,sector_healthcare,Healthcare sector,sector,market_conditioned,0.05,True,False,42,43,1.0,19,1,0.435,0.495,2.9999999999999973,1.0,2026-07-09,2026-09-04,estimated,-0.03304824536718444,0.0017577780375105006,-0.0923047647218003,0.029160652081493772,0.02493710533890466,-0.08348830190818712,0.017391811173818245,-0.09203123155477297,0.025934740820404083,0.19279552823478674,0.26400049436364276,0.06959677467435221,,,,-0.04128031229690988,0.24909240530813614,2026-08-11,True,,,,pilot_observational,False
senate_dem,Democratic Senate victory,CONTROLS-2026-D,taxes_fiscal,sector_staples,Consumer staples sector,sector,raw,0.05,True,False,42,43,1.0,19,1,0.435,0.495,2.9999999999999973,1.0,2026-07-09,2026-09-04,estimated,-0.02665089214573286,0.0003625107367230432,,0.02419006896625991,0.02112767280004202,-0.069351511696341,0.016049727404875286,-0.07554084522325227,0.02223906093178655,0.21446421151601275,0.27716499326184457,0.04533376631363206,,,,-0.033137032876251436,0.24337424409850722,2026-08-11,True,,,,pilot_observational,False
senate_dem,Democratic Senate victory,CONTROLS-2026-D,taxes_fiscal,sector_staples,Consumer staples sector,sector,market_conditioned,0.05,True,False,42,43,1.0,19,1,0.435,0.495,2.9999999999999973,1.0,2026-07-09,2026-09-04,estimated,-0.02506703090709831,0.00044683308599579143,-0.12351997373174634,0.023433357064240608,0.019953953266152714,-0.06542771099738327,0.015293649183186653,-0.07246546946691707,0.02233140765272045,0.2165008627800329,0.2913234232303065,0.05223514578640254,,,,-0.030677248862200746,0.22380863437295928,2026-08-11,True,,,,pilot_observational,False
senate_dem,Democratic Senate victory,CONTROLS-2026-D,taxes_fiscal,cloud_platforms,Cloud platforms,theme,raw,0.05,True,False,42,43,1.0,19,1,0.435,0.495,2.9999999999999973,1.0,2026-07-09,2026-09-04,estimated,0.046713054212198075,0.0019878892402273316,,0.06339738163718323,0.060753759634925256,-0.07607487425453197,0.16950098267892813,-0.08141783362456775,0.1748439420489639,0.44647405957767466,0.46552609174081017,0.030761186942052543,,,,0.09955873078772533,1.1312828387429177,2026-08-11,True,,,,pilot_observational,False
senate_dem,Democratic Senate victory,CONTROLS-2026-D,taxes_fiscal,cloud_platforms,Cloud platforms,theme,market_conditioned,0.05,True,False,42,43,1.0,19,1,0.435,0.495,2.9999999999999973,1.0,2026-07-09,2026-09-04,estimated,0.024593749916601106,0.0008102913187758941,1.7250096276818352,0.04729562536941645,0.049058989392701806,-0.07463742247419661,0.1238249223073988,-0.07107068207557782,0.12025818190878004,0.618971209419198,0.606002549012247,0.32804607770419325,,,,0.06169495720780038,1.5085624362698538,2026-08-11,True,,,,pilot_observational,False
senate_dem,Democratic Senate victory,CONTROLS-2026-D,taxes_fiscal,electrical_equipment,Electrical equipment,theme,raw,0.05,True,False,42,43,1.0,19,1,0.435,0.495,2.9999999999999973,1.0,2026-07-09,2026-09-04,estimated,0.06526496011021926,-0.0010912947658980802,,0.060324397428651526,0.033731241788045395,-0.002908422552069842,0.13343834277250838,-0.056655194967883335,0.18718511518832187,0.060102094866845875,0.28577644066545993,0.02765026382710012,,,,0.037897895193521755,0.41932247978823695,2026-08-11,True,,,,pilot_observational,False
senate_dem,Democratic Senate victory,CONTROLS-2026-D,taxes_fiscal,electrical_equipment,Electrical equipment,theme,market_conditioned,0.05,True,False,42,43,1.0,19,1,0.435,0.495,2.9999999999999973,1.0,2026-07-09,2026-09-04,estimated,0.03264915717052658,-0.0028277102170792155,2.543596007074369,0.08250078575029982,0.05027418444777933,-0.06903997922425001,0.13433829356530316,-0.13422443306250303,0.1995227474035562,0.5198724034441917,0.6944508734980481,0.3252952855855814,,,,-0.02773237210062558,1.8494054519012353,2026-08-11,False,,,,pilot_observational,False
senate_dem,Democratic Senate victory,CONTROLS-2026-D,taxes_fiscal,regulated_utilities,Regulated utilities,theme,raw,0.05,True,False,42,43,1.0,19,1,0.435,0.495,2.9999999999999973,1.0,2026-07-09,2026-09-04,estimated,0.017016720680990558,-0.0015849284855484534,,0.017461107130536377,0.02059467485829235,-0.024606669846463435,0.05864011120844455,-0.018273493228037892,0.052306934590019005,0.4135536052411395,0.33564062885367335,0.020851365008720646,,,,0.0060317839805876785,0.6455378157951545,2026-08-11,True,,,,pilot_observational,False
senate_dem,Democratic Senate victory,CONTROLS-2026-D,taxes_fiscal,regulated_utilities,Regulated utilities,theme,market_conditioned,0.05,True,False,42,43,1.0,19,1,0.435,0.495,2.9999999999999973,1.0,2026-07-09,2026-09-04,estimated,0.020051315043863323,-0.0014233713241471988,-0.23665773670406803,0.01795613591721922,0.020471155595768266,-0.021355505502356875,0.06145813559008352,-0.016268398034841945,0.05637102812256859,0.3333746610816229,0.27096255318404294,0.04943302129661353,,,,0.010878812277822204,0.45745143128895926,2026-08-11,True,,,,pilot_observational,False
senate_dem,Democratic Senate victory,CONTROLS-2026-D,taxes_fiscal,power_generators,Power generators,theme,raw,0.05,True,False,42,43,1.0,19,1,0.435,0.495,2.9999999999999973,1.0,2026-07-09,2026-09-04,estimated,0.06204949202218067,0.0016962679817550059,,0.032442978293141085,0.024463587673971818,0.012606737015716359,0.11149224702864499,-0.003520212994327379,0.12761919703868874,0.015206744728425007,0.06298222349541588,0.05166366216650775,,,,0.059886032261476055,0.03486667964874314,2026-08-11,True,,,,pilot_observational,False
senate_dem,Democratic Senate victory,CONTROLS-2026-D,taxes_fiscal,power_generators,Power generators,theme,market_conditioned,0.05,True,False,42,43,1.0,19,1,0.435,0.495,2.9999999999999973,1.0,2026-07-09,2026-09-04,estimated,0.05598956585731587,0.0013736467835234437,0.4725931176557734,0.035682909849265386,0.024957844012825463,0.005507561388879971,0.10647157032575177,-0.016185931895283535,0.12816506360991528,0.030626504772435493,0.1247067404476441,0.07290328208354147,,,,0.047963971338832484,0.14334089567573816,2026-08-11,True,,,,pilot_observational,False
senate_dem,Democratic Senate victory,CONTROLS-2026-D,taxes_fiscal,data_center_reits,Data-center REITs,theme,raw,0.05,True,False,42,43,1.0,19,1,0.435,0.495,2.9999999999999973,1.0,2026-07-09,2026-09-04,estimated,-0.012351817717775684,0.001403363833455975,,0.025965009098948992,0.016189166015381437,-0.04507134274104577,0.020367707305494403,-0.06482905861673995,0.04012542318118857,0.44995883571618367,0.6368687451943137,0.002798244752205914,,,,-0.006336558886811793,0.4869938148704415,2026-08-11,True,,,,pilot_observational,False
senate_dem,Democratic Senate victory,CONTROLS-2026-D,taxes_fiscal,data_center_reits,Data-center REITs,theme,market_conditioned,0.05,True,False,42,43,1.0,19,1,0.435,0.495,2.9999999999999973,1.0,2026-07-09,2026-09-04,estimated,-0.025284555935872487,0.0007148446358907065,1.0085804526386772,0.02520685492741067,0.019859483955896668,-0.0654541538100804,0.014885041938335435,-0.07627023252022994,0.025701120648484958,0.21049365494009425,0.32200437114865177,0.13502163003723755,,,,-0.030790439092760833,0.2177567670499156,2026-08-11,True,,,,pilot_observational,False
senate_dem,Democratic Senate victory,CONTROLS-2026-D,taxes_fiscal,integrated_energy,Integrated energy,theme,raw,0.05,True,False,42,43,1.0,19,1,0.435,0.495,2.9999999999999973,1.0,2026-07-09,2026-09-04,estimated,-0.0066655623001746185,0.0038480480484204484,,0.025926738092987563,0.02554143114717809,-0.058286720224938374,0.04495559562458913,-0.059065454610827975,0.04573433001047873,0.7954541451390326,0.7984255001420244,0.0014531702820959058,,,,-0.01045630898340713,0.5687062114974463,2026-08-11,True,,,,pilot_observational,False
senate_dem,Democratic Senate victory,CONTROLS-2026-D,taxes_fiscal,integrated_energy,Integrated energy,theme,market_conditioned,0.05,True,False,42,43,1.0,19,1,0.435,0.495,2.9999999999999973,1.0,2026-07-09,2026-09-04,estimated,0.0062940287056716115,0.004537996847324719,-1.0106746106094169,0.025579717575817274,0.027941779079570087,-0.05022355412824792,0.06281161153959114,-0.045445833772038736,0.05803389118338196,0.8229570046835192,0.8069297301459993,0.23822436411311743,,,,0.014256527854877894,1.2650878350826706,2026-08-11,True,,,,pilot_observational,False
senate_dem,Democratic Senate victory,CONTROLS-2026-D,taxes_fiscal,homebuilders,Homebuilders,theme,raw,0.05,True,False,42,43,1.0,19,1,0.435,0.495,2.9999999999999973,1.0,2026-07-09,2026-09-04,estimated,0.01149746604583003,-0.0002611421165048983,,0.0491333330865696,0.04698290722211288,-0.08345853150582516,0.10645346359748523,-0.08780470429915672,0.11079963639081679,0.8079274432342999,0.8161743573142105,0.002235154997977218,,,,-0.02011225999460031,2.7492776159921553,2026-08-11,False,,,,pilot_observational,False
senate_dem,Democratic Senate victory,CONTROLS-2026-D,taxes_fiscal,homebuilders,Homebuilders,theme,market_conditioned,0.05,True,False,42,43,1.0,19,1,0.435,0.495,2.9999999999999973,1.0,2026-07-09,2026-09-04,estimated,-0.00441268384041331,-0.001108174156285213,1.2407787046491332,0.058634994261702406,0.05076682052646203,-0.10709827075842392,0.0982729030775973,-0.12301315432996635,0.11418778664913973,0.9311793592838564,0.9403950843203999,0.18671769272398597,,,,-0.05382635248933792,11.198098580363357,2026-08-11,True,,,,pilot_observational,False
senate_dem,Democratic Senate victory,CONTROLS-2026-D,taxes_fiscal,machinery_distribution,Machinery and distribution,theme,raw,0.05,True,False,42,43,1.0,19,1,0.435,0.495,2.9999999999999973,1.0,2026-07-09,2026-09-04,estimated,-0.029577439396309222,0.0010429218361726372,,0.030242361216880443,0.028161896915973553,-0.08649475619752549,0.027339877404907047,-0.09069953139649915,0.0315446526038807,0.2999007125553884,0.33394588854734303,0.03585958158210978,,,,-0.05276874279313108,0.784087597512439,2026-08-11,True,,,,pilot_observational,False
senate_dem,Democratic Senate victory,CONTROLS-2026-D,taxes_fiscal,machinery_distribution,Machinery and distribution,theme,market_conditioned,0.05,True,False,42,43,1.0,19,1,0.435,0.495,2.9999999999999973,1.0,2026-07-09,2026-09-04,estimated,-0.039578087438760845,0.0005105026338967922,0.7799166703321917,0.040891339811353296,0.035573910283967315,-0.11153311276034389,0.0323769378828222,-0.12228862918332287,0.04313245430580118,0.27270867231036533,0.3390663952890021,0.21256249349922296,,,,-0.07426961014835382,0.8765335809435245,2026-08-11,True,,,,pilot_observational,False
senate_dem,Democratic Senate victory,CONTROLS-2026-D,taxes_fiscal,managed_care,Managed care (UNH only),single_company_proxy,raw,0.05,True,False,42,43,1.0,19,1,0.435,0.495,2.9999999999999973,1.0,2026-07-09,2026-09-04,estimated,-0.049432182681190255,-0.0010795505205947159,,0.021945571452291947,0.020362362662617917,-0.09058605274709863,-0.00827831261528187,-0.0937858370696254,-0.005078528292755111,0.019792051648690957,0.029847553328937505,0.08925601771638081,,,,-0.04926816067474263,0.00331812187022929,2026-08-11,True,,,,pilot_observational,False
senate_dem,Democratic Senate victory,CONTROLS-2026-D,taxes_fiscal,managed_care,Managed care (UNH only),single_company_proxy,market_conditioned,0.05,True,False,42,43,1.0,19,1,0.435,0.495,2.9999999999999973,1.0,2026-07-09,2026-09-04,estimated,-0.05280868985946777,-0.001259310597212358,0.2633223591767729,0.021963024298130546,0.021389819123021573,-0.09607368278083217,-0.009543696938103356,-0.09723309968384317,-0.00838428003509236,0.01804064708076408,0.02104487924026968,0.10720569459705931,,,,-0.05578352128297064,0.056332233036255404,2026-08-11,True,,,,pilot_observational,False
senate_dem,Democratic Senate victory,CONTROLS-2026-D,taxes_fiscal,hospitals,Hospitals (HCA only),single_company_proxy,raw,0.05,True,False,42,43,1.0,19,1,0.435,0.495,2.9999999999999973,1.0,2026-07-09,2026-09-04,estimated,-0.0661214217862727,0.0005929003430774362,,0.05117831280297987,0.054625714521442076,-0.17652410908345528,0.044281265510909884,-0.16955665030977174,0.037313806737226354,0.2332124042669947,0.20377861001026867,0.05286696505704935,,,,-0.08454618760477477,0.2786504784796867,2026-08-11,True,,,,pilot_observational,False
senate_dem,Democratic Senate victory,CONTROLS-2026-D,taxes_fiscal,hospitals,Hospitals (HCA only),single_company_proxy,market_conditioned,0.05,True,False,42,43,1.0,19,1,0.435,0.495,2.9999999999999973,1.0,2026-07-09,2026-09-04,estimated,-0.0712599310204192,0.0003193339726064389,0.4007349319119069,0.05335564823875701,0.05626744135843646,-0.18507157374982955,0.042551711708991136,-0.1791819162456284,0.03666205420478999,0.2128638872658058,0.1894341688538155,0.06662884116094492,,,,-0.09619942787805669,0.34997924500503913,2026-08-11,True,,,,pilot_observational,False
senate_dem,Democratic Senate victory,CONTROLS-2026-D,taxes_fiscal,generators_minus_regulated,Generators minus regulated utilities,relative_return_contrast,raw,0.05,True,False,42,43,1.0,19,1,0.435,0.495,2.9999999999999973,1.0,2026-07-09,2026-09-04,estimated,0.04503277134119014,0.003281196467303459,,0.03724738089976652,0.033930892507736586,-0.023544120477323773,0.11360966315970406,-0.03024699354869189,0.12031253623107216,0.19197160967399543,0.2337538928950538,0.02401618150771645,,,,0.053854248280888396,0.1958901634736727,2026-08-11,True,,,,pilot_observational,False
senate_dem,Democratic Senate victory,CONTROLS-2026-D,taxes_fiscal,generators_minus_regulated,Generators minus regulated utilities,relative_return_contrast,market_conditioned,0.05,True,False,42,43,1.0,19,1,0.435,0.495,2.9999999999999973,1.0,2026-07-09,2026-09-04,estimated,0.03593825081345249,0.0027970181076706416,0.7092508543598415,0.036500311550231763,0.030815586443650286,-0.02639215608172684,0.09826865770863183,-0.03789059793771421,0.10976709956461919,0.2506014397361696,0.33088919365402575,0.06623533990687391,,,,0.0370851590610103,0.03191330188859654,2026-08-11,True,,,,pilot_observational,False
senate_dem,Democratic Senate victory,CONTROLS-2026-D,taxes_fiscal,equipment_minus_generators,Equipment minus generators,relative_return_contrast,raw,0.05,True,False,42,43,1.0,19,1,0.435,0.495,2.9999999999999973,1.0,2026-07-09,2026-09-04,estimated,0.0032154680880385933,-0.002787562747653086,,0.05353948211331824,0.03977036879263707,-0.07716344554216478,0.08359438171824196,-0.10499186162093178,0.11142279779700896,0.935963756577759,0.9524085970251258,8.808322181541595e-05,,,,-0.02198813706795433,7.838238311165108,2026-08-11,False,,,,pilot_observational,False
senate_dem,Democratic Senate victory,CONTROLS-2026-D,taxes_fiscal,equipment_minus_generators,Equipment minus generators,relative_return_contrast,market_conditioned,0.05,True,False,42,43,1.0,19,1,0.435,0.495,2.9999999999999973,1.0,2026-07-09,2026-09-04,estimated,-0.023340408686789268,-0.004201357000602657,2.0710028894185957,0.07264718958774277,0.05445261164889612,-0.1334812118412994,0.08680039446772086,-0.1702832194321057,0.12360240205852716,0.6705456520694955,0.7497104207863364,0.25904613666094456,,,,-0.07569634343945808,2.243145587347937,2026-08-11,True,,,,pilot_observational,False
senate_dem,Democratic Senate victory,CONTROLS-2026-D,taxes_fiscal,hospitals_minus_managed_care,Hospitals minus managed care,relative_return_contrast,raw,0.05,True,False,42,43,1.0,19,1,0.435,0.495,2.9999999999999973,1.0,2026-07-09,2026-09-04,estimated,-0.016689239105082413,0.0016724508636721523,,0.047507289215710256,0.0494419230634034,-0.11661509305794315,0.08323661484777833,-0.112705052199117,0.07932657398895218,0.7374655730555395,0.7272081608031895,0.00320256764869975,,,,-0.03527802693003219,1.113818773157183,2026-08-11,True,,,,pilot_observational,False
senate_dem,Democratic Senate victory,CONTROLS-2026-D,taxes_fiscal,hospitals_minus_managed_care,Hospitals minus managed care,relative_return_contrast,market_conditioned,0.05,True,False,42,43,1.0,19,1,0.435,0.495,2.9999999999999973,1.0,2026-07-09,2026-09-04,estimated,-0.01845124116095146,0.0015786445698187978,0.13741257273513396,0.049519312806200144,0.05139860498847464,-0.12241473277369527,0.08551225045179237,-0.11861350554051259,0.08171102321860965,0.7215438386803849,0.7114583300363975,0.004741223202338163,,,,-0.04041590659508607,1.1904166902668123,2026-08-11,True,,,,pilot_observational,False
senate_dem,Democratic Senate victory,CONTROLS-2026-D,taxes_fiscal,sector_technology,Technology sector,sector,raw,0.1,True,False,42,43,1.0,19,1,0.435,0.495,2.9999999999999973,1.0,2026-07-09,2026-09-04,estimated,0.05208898531574356,0.0004223187002636714,,0.03587595859186488,0.022154193478444103,0.007313690084376462,0.09686428054711066,-0.020419031697921433,0.12459700232940855,0.02372756282337058,0.15432319904464356,0.05957278132275179,0.021458217190648703,0.1140444976437542,500.0,0.07660745099175316,0.47070346115187334,2026-08-11,True,,,,pilot_observational,True
senate_dem,Democratic Senate victory,CONTROLS-2026-D,taxes_fiscal,sector_technology,Technology sector,sector,market_conditioned,0.1,True,True,42,43,1.0,19,1,0.435,0.495,2.9999999999999973,1.0,2026-07-09,2026-09-04,estimated,0.027453375858037303,-0.000889243458445774,1.92124774497597,0.02244932808731249,0.0182535649703708,-0.0094679442658328,0.0643746959819074,-0.017954676225095896,0.07286142794117051,0.1406370136407564,0.22870446211311393,0.6339352475866433,-0.011859288609279532,0.06926766526872756,500.0,0.031240586291758406,0.1379506277590394,2026-08-11,True,0.4882492549037581,0.9094769698122832,0.9094769698122832,pilot_observational,False
senate_dem,Democratic Senate victory,CONTROLS-2026-D,taxes_fiscal,sector_consumer_discretionary,Consumer discretionary sector,sector,raw,0.1,True,False,42,43,1.0,19,1,0.435,0.495,2.9999999999999973,1.0,2026-07-09,2026-09-04,estimated,0.007265920346173736,-6.366107202995539e-05,,0.022289972563012156,0.017658466198955735,-0.028423171119090852,0.04295501181143833,-0.03778379465153217,0.052315635343879646,0.6829247510803502,0.7461443758007813,0.0021711491035618646,-0.022058837095639702,0.0495784790616693,500.0,0.015365205717070392,1.1146950399974829,2026-08-11,True,,,,pilot_observational,False
senate_dem,Democratic Senate victory,CONTROLS-2026-D,taxes_fiscal,sector_consumer_discretionary,Consumer discretionary sector,sector,market_conditioned,0.1,True,True,42,43,1.0,19,1,0.435,0.495,2.9999999999999973,1.0,2026-07-09,2026-09-04,estimated,-0.007379254851533818,-0.0008433477946157802,1.1421276129449331,0.016529387433949355,0.012551209883176791,-0.03276647311771117,0.018007963414643533,-0.04081309672795291,0.02605458702488528,0.5599673711363017,0.6577539880922487,0.38236131223296854,-0.041268110376615555,0.020714348681433115,500.0,-0.01220681527664812,0.6542070333986185,2026-08-11,True,0.784171318772089,0.9915527907147141,0.9915527907147141,pilot_observational,False
senate_dem,Democratic Senate victory,CONTROLS-2026-D,taxes_fiscal,sector_communications,Communication services sector,sector,raw,0.1,True,False,42,43,1.0,19,1,0.435,0.495,2.9999999999999973,1.0,2026-07-09,2026-09-04,estimated,-0.012524626893909343,0.0007538026435136775,,0.018970921970135547,0.018939483179907245,-0.050802750253939474,0.025753496466120785,-0.05086629041917089,0.025817036631352205,0.5122131450800883,0.5129087333047564,0.006781712011578178,-0.04789852197435032,0.029155219609580087,500.0,-0.00968165563405658,0.2269904951208793,2026-08-11,True,,,,pilot_observational,False
senate_dem,Democratic Senate victory,CONTROLS-2026-D,taxes_fiscal,sector_communications,Communication services sector,sector,market_conditioned,0.1,True,True,42,43,1.0,19,1,0.435,0.495,2.9999999999999973,1.0,2026-07-09,2026-09-04,estimated,-0.022263106504302844,0.00023534088748189275,0.7594710422359895,0.018344615972290354,0.012952931449692964,-0.0484628833354554,0.003936670326849714,-0.059368594663015875,0.014842381654410191,0.09358606753006532,0.23219763979048436,0.18350566447396766,-0.053362471281277635,0.002787856735860105,500.0,-0.028252626894784822,0.26903345179273924,2026-08-11,True,0.3788025605429987,0.9094769698122832,0.9094769698122832,pilot_observational,False
senate_dem,Democratic Senate victory,CONTROLS-2026-D,taxes_fiscal,sector_industrials,Industrials sector,sector,raw,0.1,True,False,42,43,1.0,19,1,0.435,0.495,2.9999999999999973,1.0,2026-07-09,2026-09-04,estimated,0.004455088880324925,-0.0006873591378806396,,0.017001969339455608,0.012965057403543496,-0.021748269571884978,0.03065844733253483,-0.029907172938390597,0.03881735069904045,0.7329297111575143,0.7946401977958159,0.0015841434877863492,-0.03255054849558777,0.022534319373892442,500.0,-0.003077152227294926,1.6907050139638287,2026-08-11,False,,,,pilot_observational,False
senate_dem,Democratic Senate victory,CONTROLS-2026-D,taxes_fiscal,sector_industrials,Industrials sector,sector,market_conditioned,0.1,True,True,42,43,1.0,19,1,0.435,0.495,2.9999999999999973,1.0,2026-07-09,2026-09-04,estimated,-0.005710858866357116,-0.001228578643525747,0.7928078344230625,0.021427203598982016,0.015985600221847626,-0.03804478728642594,0.026623069553711708,-0.04905146902779704,0.03762975129508281,0.7228305049933929,0.791240025141054,0.3571179195885119,-0.04841684130244445,0.014324646299795712,500.0,-0.023440453070649257,3.104540773847143,2026-08-11,True,0.863641642329768,0.9915527907147141,0.9915527907147141,pilot_observational,False
senate_dem,Democratic Senate victory,CONTROLS-2026-D,taxes_fiscal,sector_utilities,Utilities sector,sector,raw,0.1,True,False,42,43,1.0,19,1,0.435,0.495,2.9999999999999973,1.0,2026-07-09,2026-09-04,estimated,0.016122534023344078,-0.0013456381356951451,,0.01522789972243774,0.01555981813587922,-0.015325031488722642,0.0475700995354108,-0.01465419935172656,0.04689926739841471,0.3063490341606477,0.2960657044074267,0.026165768372993337,-0.022838135108163612,0.04011167612513051,500.0,0.004629373026250097,0.7128631876634807,2026-08-11,True,,,,pilot_observational,False
senate_dem,Democratic Senate victory,CONTROLS-2026-D,taxes_fiscal,sector_utilities,Utilities sector,sector,market_conditioned,0.1,True,True,42,43,1.0,19,1,0.435,0.495,2.9999999999999973,1.0,2026-07-09,2026-09-04,estimated,0.01705300967302822,-0.0012961010355953314,-0.07256464455566825,0.016545014294147394,0.016193383286465222,-0.015701199665180025,0.04980721901123647,-0.01641244051162213,0.05051845985767857,0.29878308431904793,0.3090296335872636,0.029922241283670825,-0.023190239282812965,0.04223172714623919,500.0,0.0053594521585000575,0.68571810716927,2026-08-11,True,0.6319090518931588,0.9174737754878881,0.9174737754878881,pilot_observational,False
senate_dem,Democratic Senate victory,CONTROLS-2026-D,taxes_fiscal,sector_real_estate,Real estate sector,sector,raw,0.1,True,False,42,43,1.0,19,1,0.435,0.495,2.9999999999999973,1.0,2026-07-09,2026-09-04,estimated,-0.01819439565386105,8.507540295552101e-05,,0.012682972157373958,0.01227426063665093,-0.04300160176080125,0.006612810453079147,-0.04382763855706921,0.007438847249347114,0.14609104952185484,0.15918714788973629,0.03783179308260687,-0.052275792139794774,-0.0005600930402495584,500.0,-0.015592736017295552,0.1429923634761344,2026-08-11,True,,,,pilot_observational,True
senate_dem,Democratic Senate victory,CONTROLS-2026-D,taxes_fiscal,sector_real_estate,Real estate sector,sector,market_conditioned,0.1,True,True,42,43,1.0,19,1,0.435,0.495,2.9999999999999973,1.0,2026-07-09,2026-09-04,estimated,-0.018955241214825447,4.456914927033733e-05,0.05933576844475284,0.012497008482012776,0.011587101847998403,-0.04239236691231299,0.004481884482662096,-0.04423282679901507,0.006322344369364179,0.10990863958830607,0.13738635591023907,0.04068332362234428,-0.048912642503223185,-0.0019820578589908873,500.0,-0.016822196865713228,0.11253058322697064,2026-08-11,True,0.4213164517551733,0.9094769698122832,0.9094769698122832,pilot_observational,True
senate_dem,Democratic Senate victory,CONTROLS-2026-D,taxes_fiscal,sector_energy,Energy sector,sector,raw,0.1,True,False,42,43,1.0,19,1,0.435,0.495,2.9999999999999973,1.0,2026-07-09,2026-09-04,estimated,0.003309199866461214,0.0034337818610644744,,0.027691790610846125,0.022973975928735742,-0.043122937500595294,0.04974133723351772,-0.0526579966506342,0.059276396383556626,0.8861911766145094,0.9054765402286231,0.0004387555266277543,-0.038684425154437437,0.06537015338191864,500.0,-0.008090806808836212,3.4449435317693107,2026-08-11,False,,,,pilot_observational,False
senate_dem,Democratic Senate victory,CONTROLS-2026-D,taxes_fiscal,sector_energy,Energy sector,sector,market_conditioned,0.1,True,True,42,43,1.0,19,1,0.435,0.495,2.9999999999999973,1.0,2026-07-09,2026-09-04,estimated,0.013075103452810077,0.003953703627621516,-0.7616097452403936,0.024810086112813892,0.02362101302432408,-0.034702905113560306,0.060853112019180464,-0.03710803245290872,0.06325823935852887,0.5830555502281736,0.6011734244167244,0.16514300977704965,-0.027084171533188064,0.07478888233550056,500.0,0.00973686312634491,0.2553127276211125,2026-08-11,True,0.8066332424209318,0.9915527907147141,0.9915527907147141,pilot_observational,False
senate_dem,Democratic Senate victory,CONTROLS-2026-D,taxes_fiscal,sector_financials,Financials sector,sector,raw,0.1,True,False,42,43,1.0,19,1,0.435,0.495,2.9999999999999973,1.0,2026-07-09,2026-09-04,estimated,-0.006848273963076932,0.0014101346996275657,,0.01399982279655426,0.012897150357302298,-0.03291438715530036,0.019217839229146497,-0.03514297128584149,0.021446423359687626,0.5983610642093323,0.6273940333759297,0.006477920343165633,-0.04123326318426355,0.020342104653500552,500.0,-0.007516905017558473,0.09763497460623274,2026-08-11,True,,,,pilot_observational,False
senate_dem,Democratic Senate victory,CONTROLS-2026-D,taxes_fiscal,sector_financials,Financials sector,sector,market_conditioned,0.1,True,True,42,43,1.0,19,1,0.435,0.495,2.9999999999999973,1.0,2026-07-09,2026-09-04,estimated,-0.01426102278359484,0.001015491292826515,0.5780951747892872,0.01334304091115053,0.011867630210543385,-0.0382655706528149,0.009743525085625218,-0.04124987048025805,0.012727824913068366,0.23673634270931526,0.2917314082563865,0.3336191403283927,-0.047824955037579525,0.007129918957235913,500.0,-0.021916396116273173,0.5368039479948582,2026-08-11,True,0.588641717006946,0.9174737754878881,0.9174737754878881,pilot_observational,False
senate_dem,Democratic Senate victory,CONTROLS-2026-D,taxes_fiscal,sector_healthcare,Healthcare sector,sector,raw,0.1,True,False,42,43,1.0,19,1,0.435,0.495,2.9999999999999973,1.0,2026-07-09,2026-09-04,estimated,-0.034231842922844896,0.0016947651143753818,,0.029576039151623323,0.02563555598340228,-0.08604323423771797,0.017579548392028174,-0.09400724779492561,0.02554356194923582,0.18931909641780034,0.2539664905949689,0.06618626877615474,-0.10661800696694511,0.014737321782423483,500.0,-0.04277454236793361,0.24955417867343851,2026-08-11,True,,,,pilot_observational,False
senate_dem,Democratic Senate victory,CONTROLS-2026-D,taxes_fiscal,sector_healthcare,Healthcare sector,sector,market_conditioned,0.1,True,True,42,43,1.0,19,1,0.435,0.495,2.9999999999999973,1.0,2026-07-09,2026-09-04,estimated,-0.03304824536718444,0.0017577780375105006,-0.0923047647218003,0.029160652081493772,0.02493710533890466,-0.08348830190818712,0.017391811173818245,-0.09203123155477297,0.025934740820404083,0.19279552823478674,0.26400049436364276,0.06959677467435221,-0.10381817122193414,0.014523749324251906,500.0,-0.04128031229690988,0.24909240530813614,2026-08-11,True,0.5709331656649559,0.9174737754878881,0.9174737754878881,pilot_observational,False
senate_dem,Democratic Senate victory,CONTROLS-2026-D,taxes_fiscal,sector_staples,Consumer staples sector,sector,raw,0.1,True,False,42,43,1.0,19,1,0.435,0.495,2.9999999999999973,1.0,2026-07-09,2026-09-04,estimated,-0.02665089214573286,0.0003625107367230432,,0.02419006896625991,0.02112767280004202,-0.069351511696341,0.016049727404875286,-0.07554084522325227,0.02223906093178655,0.21446421151601275,0.27716499326184457,0.04533376631363206,-0.08582164031375202,0.002592346837265166,500.0,-0.033137032876251436,0.24337424409850722,2026-08-11,True,,,,pilot_observational,False
senate_dem,Democratic Senate victory,CONTROLS-2026-D,taxes_fiscal,sector_staples,Consumer staples sector,sector,market_conditioned,0.1,True,True,42,43,1.0,19,1,0.435,0.495,2.9999999999999973,1.0,2026-07-09,2026-09-04,estimated,-0.02506703090709831,0.00044683308599579143,-0.12351997373174634,0.023433357064240608,0.019953953266152714,-0.06542771099738327,0.015293649183186653,-0.07246546946691707,0.02233140765272045,0.2165008627800329,0.2913234232303065,0.05223514578640254,-0.08268217822815352,0.0022894029930342376,500.0,-0.030677248862200746,0.22380863437295928,2026-08-11,True,0.5709331656649559,0.9174737754878881,0.9174737754878881,pilot_observational,False
senate_dem,Democratic Senate victory,CONTROLS-2026-D,taxes_fiscal,cloud_platforms,Cloud platforms,theme,raw,0.1,True,False,42,43,1.0,19,1,0.435,0.495,2.9999999999999973,1.0,2026-07-09,2026-09-04,estimated,0.046713054212198075,0.0019878892402273316,,0.06339738163718323,0.060753759634925256,-0.07607487425453197,0.16950098267892813,-0.08141783362456775,0.1748439420489639,0.44647405957767466,0.46552609174081017,0.030761186942052543,-0.030931376641529118,0.20810750736087905,500.0,0.09955873078772533,1.1312828387429177,2026-08-11,True,,,,pilot_observational,False
senate_dem,Democratic Senate victory,CONTROLS-2026-D,taxes_fiscal,cloud_platforms,Cloud platforms,theme,market_conditioned,0.1,True,True,42,43,1.0,19,1,0.435,0.495,2.9999999999999973,1.0,2026-07-09,2026-09-04,estimated,0.024593749916601106,0.0008102913187758941,1.7250096276818352,0.04729562536941645,0.049058989392701806,-0.07463742247419661,0.1238249223073988,-0.07107068207557782,0.12025818190878004,0.618971209419198,0.606002549012247,0.32804607770419325,-0.03537605435250309,0.18060745177688667,500.0,0.06169495720780038,1.5085624362698538,2026-08-11,True,0.8309243098507223,0.9915527907147141,0.9915527907147141,pilot_observational,False
senate_dem,Democratic Senate victory,CONTROLS-2026-D,taxes_fiscal,electrical_equipment,Electrical equipment,theme,raw,0.1,True,False,42,43,1.0,19,1,0.435,0.495,2.9999999999999973,1.0,2026-07-09,2026-09-04,estimated,0.06526496011021926,-0.0010912947658980802,,0.060324397428651526,0.033731241788045395,-0.002908422552069842,0.13343834277250838,-0.056655194967883335,0.18718511518832187,0.060102094866845875,0.28577644066545993,0.02765026382710012,-0.017544107407339984,0.11396908095946254,500.0,0.037897895193521755,0.41932247978823695,2026-08-11,True,,,,pilot_observational,False
senate_dem,Democratic Senate victory,CONTROLS-2026-D,taxes_fiscal,electrical_equipment,Electrical equipment,theme,market_conditioned,0.1,True,True,42,43,1.0,19,1,0.435,0.495,2.9999999999999973,1.0,2026-07-09,2026-09-04,estimated,0.03264915717052658,-0.0028277102170792155,2.543596007074369,0.08250078575029982,0.05027418444777933,-0.06903997922425001,0.13433829356530316,-0.13422443306250303,0.1995227474035562,0.5198724034441917,0.6944508734980481,0.3252952855855814,-0.07929877004207575,0.10133514622274557,500.0,-0.02773237210062558,1.8494054519012353,2026-08-11,False,0.784171318772089,0.9915527907147141,0.9915527907147141,pilot_observational,False
senate_dem,Democratic Senate victory,CONTROLS-2026-D,taxes_fiscal,regulated_utilities,Regulated utilities,theme,raw,0.1,True,False,42,43,1.0,19,1,0.435,0.495,2.9999999999999973,1.0,2026-07-09,2026-09-04,estimated,0.017016720680990558,-0.0015849284855484534,,0.017461107130536377,0.02059467485829235,-0.024606669846463435,0.05864011120844455,-0.018273493228037892,0.052306934590019005,0.4135536052411395,0.33564062885367335,0.020851365008720646,-0.03597926315632823,0.04777810678239573,500.0,0.0060317839805876785,0.6455378157951545,2026-08-11,True,,,,pilot_observational,False
senate_dem,Democratic Senate victory,CONTROLS-2026-D,taxes_fiscal,regulated_utilities,Regulated utilities,theme,market_conditioned,0.1,True,True,42,43,1.0,19,1,0.435,0.495,2.9999999999999973,1.0,2026-07-09,2026-09-04,estimated,0.020051315043863323,-0.0014233713241471988,-0.23665773670406803,0.01795613591721922,0.020471155595768266,-0.021355505502356875,0.06145813559008352,-0.016268398034841945,0.05637102812256859,0.3333746610816229,0.27096255318404294,0.04943302129661353,-0.034356512419139576,0.05265336257418857,500.0,0.010878812277822204,0.45745143128895926,2026-08-11,True,0.6781879880476129,0.9174737754878881,0.9174737754878881,pilot_observational,False
senate_dem,Democratic Senate victory,CONTROLS-2026-D,taxes_fiscal,power_generators,Power generators,theme,raw,0.1,True,False,42,43,1.0,19,1,0.435,0.495,2.9999999999999973,1.0,2026-07-09,2026-09-04,estimated,0.06204949202218067,0.0016962679817550059,,0.032442978293141085,0.024463587673971818,0.012606737015716359,0.11149224702864499,-0.003520212994327379,0.12761919703868874,0.015206744728425007,0.06298222349541588,0.05166366216650775,0.022826255294154163,0.12241000376414844,500.0,0.059886032261476055,0.03486667964874314,2026-08-11,True,,,,pilot_observational,True
senate_dem,Democratic Senate victory,CONTROLS-2026-D,taxes_fiscal,power_generators,Power generators,theme,market_conditioned,0.1,True,True,42,43,1.0,19,1,0.435,0.495,2.9999999999999973,1.0,2026-07-09,2026-09-04,estimated,0.05598956585731587,0.0013736467835234437,0.4725931176557734,0.035682909849265386,0.024957844012825463,0.005507561388879971,0.10647157032575177,-0.016185931895283535,0.12816506360991528,0.030626504772435493,0.1247067404476441,0.07290328208354147,0.006503344485838313,0.11230918044617423,500.0,0.047963971338832484,0.14334089567573816,2026-08-11,True,0.20871395844919002,0.9094769698122832,0.9094769698122832,pilot_observational,True
senate_dem,Democratic Senate victory,CONTROLS-2026-D,taxes_fiscal,data_center_reits,Data-center REITs,theme,raw,0.1,True,False,42,43,1.0,19,1,0.435,0.495,2.9999999999999973,1.0,2026-07-09,2026-09-04,estimated,-0.012351817717775684,0.001403363833455975,,0.025965009098948992,0.016189166015381437,-0.04507134274104577,0.020367707305494403,-0.06482905861673995,0.04012542318118857,0.44995883571618367,0.6368687451943137,0.002798244752205914,-0.0531460594867963,0.014072657223751322,500.0,-0.006336558886811793,0.4869938148704415,2026-08-11,True,,,,pilot_observational,False
senate_dem,Democratic Senate victory,CONTROLS-2026-D,taxes_fiscal,data_center_reits,Data-center REITs,theme,market_conditioned,0.1,True,True,42,43,1.0,19,1,0.435,0.495,2.9999999999999973,1.0,2026-07-09,2026-09-04,estimated,-0.025284555935872487,0.0007148446358907065,1.0085804526386772,0.02520685492741067,0.019859483955896668,-0.0654541538100804,0.014885041938335435,-0.07627023252022994,0.025701120648484958,0.21049365494009425,0.32200437114865177,0.13502163003723755,-0.07591289475610516,0.002251828684999654,500.0,-0.030790439092760833,0.2177567670499156,2026-08-11,True,0.5709331656649559,0.9174737754878881,0.9174737754878881,pilot_observational,False
senate_dem,Democratic Senate victory,CONTROLS-2026-D,taxes_fiscal,integrated_energy,Integrated energy,theme,raw,0.1,True,False,42,43,1.0,19,1,0.435,0.495,2.9999999999999973,1.0,2026-07-09,2026-09-04,estimated,-0.0066655623001746185,0.0038480480484204484,,0.025926738092987563,0.02554143114717809,-0.058286720224938374,0.04495559562458913,-0.059065454610827975,0.04573433001047873,0.7954541451390326,0.7984255001420244,0.0014531702820959058,-0.049252776863229326,0.06003068164779741,500.0,-0.01045630898340713,0.5687062114974463,2026-08-11,True,,,,pilot_observational,False
senate_dem,Democratic Senate victory,CONTROLS-2026-D,taxes_fiscal,integrated_energy,Integrated energy,theme,market_conditioned,0.1,True,True,42,43,1.0,19,1,0.435,0.495,2.9999999999999973,1.0,2026-07-09,2026-09-04,estimated,0.0062940287056716115,0.004537996847324719,-1.0106746106094169,0.025579717575817274,0.027941779079570087,-0.05022355412824792,0.06281161153959114,-0.045445833772038736,0.05803389118338196,0.8229570046835192,0.8069297301459993,0.23822436411311743,-0.03716603536766248,0.07067689927206494,500.0,0.014256527854877894,1.2650878350826706,2026-08-11,True,0.9233176150107776,0.9915527907147141,0.9915527907147141,pilot_observational,False
senate_dem,Democratic Senate victory,CONTROLS-2026-D,taxes_fiscal,homebuilders,Homebuilders,theme,raw,0.1,True,False,42,43,1.0,19,1,0.435,0.495,2.9999999999999973,1.0,2026-07-09,2026-09-04,estimated,0.01149746604583003,-0.0002611421165048983,,0.0491333330865696,0.04698290722211288,-0.08345853150582516,0.10645346359748523,-0.08780470429915672,0.11079963639081679,0.8079274432342999,0.8161743573142105,0.002235154997977218,-0.12689165576164918,0.07482861730183901,500.0,-0.02011225999460031,2.7492776159921553,2026-08-11,False,,,,pilot_observational,False
senate_dem,Democratic Senate victory,CONTROLS-2026-D,taxes_fiscal,homebuilders,Homebuilders,theme,market_conditioned,0.1,True,True,42,43,1.0,19,1,0.435,0.495,2.9999999999999973,1.0,2026-07-09,2026-09-04,estimated,-0.00441268384041331,-0.001108174156285213,1.2407787046491332,0.058634994261702406,0.05076682052646203,-0.10709827075842392,0.0982729030775973,-0.12301315432996635,0.11418778664913973,0.9311793592838564,0.9403950843203999,0.18671769272398597,-0.14961422717221154,0.0629672000394612,500.0,-0.05382635248933792,11.198098580363357,2026-08-11,True,0.9733581796064962,0.9915527907147141,0.9915527907147141,pilot_observational,False
senate_dem,Democratic Senate victory,CONTROLS-2026-D,taxes_fiscal,machinery_distribution,Machinery and distribution,theme,raw,0.1,True,False,42,43,1.0,19,1,0.435,0.495,2.9999999999999973,1.0,2026-07-09,2026-09-04,estimated,-0.029577439396309222,0.0010429218361726372,,0.030242361216880443,0.028161896915973553,-0.08649475619752549,0.027339877404907047,-0.09069953139649915,0.0315446526038807,0.2999007125553884,0.33394588854734303,0.03585958158210978,-0.09789749618005636,0.011629379702242901,500.0,-0.05276874279313108,0.784087597512439,2026-08-11,True,,,,pilot_observational,False
senate_dem,Democratic Senate victory,CONTROLS-2026-D,taxes_fiscal,machinery_distribution,Machinery and distribution,theme,market_conditioned,0.1,True,True,42,43,1.0,19,1,0.435,0.495,2.9999999999999973,1.0,2026-07-09,2026-09-04,estimated,-0.039578087438760845,0.0005105026338967922,0.7799166703321917,0.040891339811353296,0.035573910283967315,-0.11153311276034389,0.0323769378828222,-0.12228862918332287,0.04313245430580118,0.27270867231036533,0.3390663952890021,0.21256249349922296,-0.12094446800677235,0.010685343437100977,500.0,-0.07426961014835382,0.8765335809435245,2026-08-11,True,0.6194863667297188,0.9174737754878881,0.9174737754878881,pilot_observational,False
senate_dem,Democratic Senate victory,CONTROLS-2026-D,taxes_fiscal,managed_care,Managed care (UNH only),single_company_proxy,raw,0.1,True,False,42,43,1.0,19,1,0.435,0.495,2.9999999999999973,1.0,2026-07-09,2026-09-04,estimated,-0.049432182681190255,-0.0010795505205947159,,0.021945571452291947,0.020362362662617917,-0.09058605274709863,-0.00827831261528187,-0.0937858370696254,-0.005078528292755111,0.019792051648690957,0.029847553328937505,0.08925601771638081,-0.10772304389629314,-0.017614218642261998,500.0,-0.04926816067474263,0.00331812187022929,2026-08-11,True,,,,pilot_observational,True
senate_dem,Democratic Senate victory,CONTROLS-2026-D,taxes_fiscal,managed_care,Managed care (UNH only),single_company_proxy,market_conditioned,0.1,True,True,42,43,1.0,19,1,0.435,0.495,2.9999999999999973,1.0,2026-07-09,2026-09-04,estimated,-0.05280868985946777,-0.001259310597212358,0.2633223591767729,0.021963024298130546,0.021389819123021573,-0.09607368278083217,-0.009543696938103356,-0.09723309968384317,-0.00838428003509236,0.01804064708076408,0.02104487924026968,0.10720569459705931,-0.11293704051595145,-0.016173198468225188,500.0,-0.05578352128297064,0.056332233036255404,2026-08-11,True,0.14432517664611264,0.40282059884503013,0.40282059884503013,pilot_observational,True
senate_dem,Democratic Senate victory,CONTROLS-2026-D,taxes_fiscal,hospitals,Hospitals (HCA only),single_company_proxy,raw,0.1,True,False,42,43,1.0,19,1,0.435,0.495,2.9999999999999973,1.0,2026-07-09,2026-09-04,estimated,-0.0661214217862727,0.0005929003430774362,,0.05117831280297987,0.054625714521442076,-0.17652410908345528,0.044281265510909884,-0.16955665030977174,0.037313806737226354,0.2332124042669947,0.20377861001026867,0.05286696505704935,-0.22053985487088767,0.009091870750643096,500.0,-0.08454618760477477,0.2786504784796867,2026-08-11,True,,,,pilot_observational,False
senate_dem,Democratic Senate victory,CONTROLS-2026-D,taxes_fiscal,hospitals,Hospitals (HCA only),single_company_proxy,market_conditioned,0.1,True,True,42,43,1.0,19,1,0.435,0.495,2.9999999999999973,1.0,2026-07-09,2026-09-04,estimated,-0.0712599310204192,0.0003193339726064389,0.4007349319119069,0.05335564823875701,0.05626744135843646,-0.18507157374982955,0.042551711708991136,-0.1791819162456284,0.03666205420478999,0.2128638872658058,0.1894341688538155,0.06662884116094492,-0.22321760239275862,0.0064861802344750525,500.0,-0.09619942787805669,0.34997924500503913,2026-08-11,True,0.5709331656649559,0.9094769698122832,0.9094769698122832,pilot_observational,False
senate_dem,Democratic Senate victory,CONTROLS-2026-D,taxes_fiscal,generators_minus_regulated,Generators minus regulated utilities,relative_return_contrast,raw,0.1,True,False,42,43,1.0,19,1,0.435,0.495,2.9999999999999973,1.0,2026-07-09,2026-09-04,estimated,0.04503277134119014,0.003281196467303459,,0.03724738089976652,0.033930892507736586,-0.023544120477323773,0.11360966315970406,-0.03024699354869189,0.12031253623107216,0.19197160967399543,0.2337538928950538,0.02401618150771645,0.003823004775685924,0.1424737296888248,500.0,0.053854248280888396,0.1958901634736727,2026-08-11,True,,,,pilot_observational,True
senate_dem,Democratic Senate victory,CONTROLS-2026-D,taxes_fiscal,generators_minus_regulated,Generators minus regulated utilities,relative_return_contrast,market_conditioned,0.1,True,True,42,43,1.0,19,1,0.435,0.495,2.9999999999999973,1.0,2026-07-09,2026-09-04,estimated,0.03593825081345249,0.0027970181076706416,0.7092508543598415,0.036500311550231763,0.030815586443650286,-0.02639215608172684,0.09826865770863183,-0.03789059793771421,0.10976709956461919,0.2506014397361696,0.33088919365402575,0.06623533990687391,-0.006694454256355862,0.1285831889813548,500.0,0.0370851590610103,0.03191330188859654,2026-08-11,True,0.6013057054393637,0.9174737754878881,0.9174737754878881,pilot_observational,False
senate_dem,Democratic Senate victory,CONTROLS-2026-D,taxes_fiscal,equipment_minus_generators,Equipment minus generators,relative_return_contrast,raw,0.1,True,False,42,43,1.0,19,1,0.435,0.495,2.9999999999999973,1.0,2026-07-09,2026-09-04,estimated,0.0032154680880385933,-0.002787562747653086,,0.05353948211331824,0.03977036879263707,-0.07716344554216478,0.08359438171824196,-0.10499186162093178,0.11142279779700896,0.935963756577759,0.9524085970251258,8.808322181541595e-05,-0.09305411409218428,0.059033017244118004,500.0,-0.02198813706795433,7.838238311165108,2026-08-11,False,,,,pilot_observational,False
senate_dem,Democratic Senate victory,CONTROLS-2026-D,taxes_fiscal,equipment_minus_generators,Equipment minus generators,relative_return_contrast,market_conditioned,0.1,True,True,42,43,1.0,19,1,0.435,0.495,2.9999999999999973,1.0,2026-07-09,2026-09-04,estimated,-0.023340408686789268,-0.004201357000602657,2.0710028894185957,0.07264718958774277,0.05445261164889612,-0.1334812118412994,0.08680039446772086,-0.1702832194321057,0.12360240205852716,0.6705456520694955,0.7497104207863364,0.25904613666094456,-0.1471996893989241,0.046926845975697386,500.0,-0.07569634343945808,2.243145587347937,2026-08-11,True,0.8468918281353232,0.9915527907147141,0.9915527907147141,pilot_observational,False
senate_dem,Democratic Senate victory,CONTROLS-2026-D,taxes_fiscal,hospitals_minus_managed_care,Hospitals minus managed care,relative_return_contrast,raw,0.1,True,False,42,43,1.0,19,1,0.435,0.495,2.9999999999999973,1.0,2026-07-09,2026-09-04,estimated,-0.016689239105082413,0.0016724508636721523,,0.047507289215710256,0.0494419230634034,-0.11661509305794315,0.08323661484777833,-0.112705052199117,0.07932657398895218,0.7374655730555395,0.7272081608031895,0.00320256764869975,-0.13227854242874018,0.05400939780116493,500.0,-0.03527802693003219,1.113818773157183,2026-08-11,True,,,,pilot_observational,False
senate_dem,Democratic Senate victory,CONTROLS-2026-D,taxes_fiscal,hospitals_minus_managed_care,Hospitals minus managed care,relative_return_contrast,market_conditioned,0.1,True,True,42,43,1.0,19,1,0.435,0.495,2.9999999999999973,1.0,2026-07-09,2026-09-04,estimated,-0.01845124116095146,0.0015786445698187978,0.13741257273513396,0.049519312806200144,0.05139860498847464,-0.12241473277369527,0.08551225045179237,-0.11861350554051259,0.08171102321860965,0.7215438386803849,0.7114583300363975,0.004741223202338163,-0.1516224857685018,0.05786677363383285,500.0,-0.04041590659508607,1.1904166902668123,2026-08-11,True,0.863641642329768,0.9915527907147141,0.9915527907147141,pilot_observational,False
senate_dem,Democratic Senate victory,CONTROLS-2026-D,taxes_fiscal,sector_technology,Technology sector,sector,raw,0.15,True,False,42,43,1.0,19,1,0.435,0.495,2.9999999999999973,1.0,2026-07-09,2026-09-04,estimated,0.05208898531574356,0.0004223187002636714,,0.03587595859186488,0.022154193478444103,0.007313690084376462,0.09686428054711066,-0.020419031697921433,0.12459700232940855,0.02372756282337058,0.15432319904464356,0.05957278132275179,,,,0.07660745099175316,0.47070346115187334,2026-08-11,True,,,,pilot_observational,False
senate_dem,Democratic Senate victory,CONTROLS-2026-D,taxes_fiscal,sector_technology,Technology sector,sector,market_conditioned,0.15,True,False,42,43,1.0,19,1,0.435,0.495,2.9999999999999973,1.0,2026-07-09,2026-09-04,estimated,0.027453375858037303,-0.000889243458445774,1.92124774497597,0.02244932808731249,0.0182535649703708,-0.0094679442658328,0.0643746959819074,-0.017954676225095896,0.07286142794117051,0.1406370136407564,0.22870446211311393,0.6339352475866433,,,,0.031240586291758406,0.1379506277590394,2026-08-11,True,,,,pilot_observational,False
senate_dem,Democratic Senate victory,CONTROLS-2026-D,taxes_fiscal,sector_consumer_discretionary,Consumer discretionary sector,sector,raw,0.15,True,False,42,43,1.0,19,1,0.435,0.495,2.9999999999999973,1.0,2026-07-09,2026-09-04,estimated,0.007265920346173736,-6.366107202995539e-05,,0.022289972563012156,0.017658466198955735,-0.028423171119090852,0.04295501181143833,-0.03778379465153217,0.052315635343879646,0.6829247510803502,0.7461443758007813,0.0021711491035618646,,,,0.015365205717070392,1.1146950399974829,2026-08-11,True,,,,pilot_observational,False
senate_dem,Democratic Senate victory,CONTROLS-2026-D,taxes_fiscal,sector_consumer_discretionary,Consumer discretionary sector,sector,market_conditioned,0.15,True,False,42,43,1.0,19,1,0.435,0.495,2.9999999999999973,1.0,2026-07-09,2026-09-04,estimated,-0.007379254851533818,-0.0008433477946157802,1.1421276129449331,0.016529387433949355,0.012551209883176791,-0.03276647311771117,0.018007963414643533,-0.04081309672795291,0.02605458702488528,0.5599673711363017,0.6577539880922487,0.38236131223296854,,,,-0.01220681527664812,0.6542070333986185,2026-08-11,True,,,,pilot_observational,False
senate_dem,Democratic Senate victory,CONTROLS-2026-D,taxes_fiscal,sector_communications,Communication services sector,sector,raw,0.15,True,False,42,43,1.0,19,1,0.435,0.495,2.9999999999999973,1.0,2026-07-09,2026-09-04,estimated,-0.012524626893909343,0.0007538026435136775,,0.018970921970135547,0.018939483179907245,-0.050802750253939474,0.025753496466120785,-0.05086629041917089,0.025817036631352205,0.5122131450800883,0.5129087333047564,0.006781712011578178,,,,-0.00968165563405658,0.2269904951208793,2026-08-11,True,,,,pilot_observational,False
senate_dem,Democratic Senate victory,CONTROLS-2026-D,taxes_fiscal,sector_communications,Communication services sector,sector,market_conditioned,0.15,True,False,42,43,1.0,19,1,0.435,0.495,2.9999999999999973,1.0,2026-07-09,2026-09-04,estimated,-0.022263106504302844,0.00023534088748189275,0.7594710422359895,0.018344615972290354,0.012952931449692964,-0.0484628833354554,0.003936670326849714,-0.059368594663015875,0.014842381654410191,0.09358606753006532,0.23219763979048436,0.18350566447396766,,,,-0.028252626894784822,0.26903345179273924,2026-08-11,True,,,,pilot_observational,False
senate_dem,Democratic Senate victory,CONTROLS-2026-D,taxes_fiscal,sector_industrials,Industrials sector,sector,raw,0.15,True,False,42,43,1.0,19,1,0.435,0.495,2.9999999999999973,1.0,2026-07-09,2026-09-04,estimated,0.004455088880324925,-0.0006873591378806396,,0.017001969339455608,0.012965057403543496,-0.021748269571884978,0.03065844733253483,-0.029907172938390597,0.03881735069904045,0.7329297111575143,0.7946401977958159,0.0015841434877863492,,,,-0.003077152227294926,1.6907050139638287,2026-08-11,False,,,,pilot_observational,False
senate_dem,Democratic Senate victory,CONTROLS-2026-D,taxes_fiscal,sector_industrials,Industrials sector,sector,market_conditioned,0.15,True,False,42,43,1.0,19,1,0.435,0.495,2.9999999999999973,1.0,2026-07-09,2026-09-04,estimated,-0.005710858866357116,-0.001228578643525747,0.7928078344230625,0.021427203598982016,0.015985600221847626,-0.03804478728642594,0.026623069553711708,-0.04905146902779704,0.03762975129508281,0.7228305049933929,0.791240025141054,0.3571179195885119,,,,-0.023440453070649257,3.104540773847143,2026-08-11,True,,,,pilot_observational,False
senate_dem,Democratic Senate victory,CONTROLS-2026-D,taxes_fiscal,sector_utilities,Utilities sector,sector,raw,0.15,True,False,42,43,1.0,19,1,0.435,0.495,2.9999999999999973,1.0,2026-07-09,2026-09-04,estimated,0.016122534023344078,-0.0013456381356951451,,0.01522789972243774,0.01555981813587922,-0.015325031488722642,0.0475700995354108,-0.01465419935172656,0.04689926739841471,0.3063490341606477,0.2960657044074267,0.026165768372993337,,,,0.004629373026250097,0.7128631876634807,2026-08-11,True,,,,pilot_observational,False
senate_dem,Democratic Senate victory,CONTROLS-2026-D,taxes_fiscal,sector_utilities,Utilities sector,sector,market_conditioned,0.15,True,False,42,43,1.0,19,1,0.435,0.495,2.9999999999999973,1.0,2026-07-09,2026-09-04,estimated,0.01705300967302822,-0.0012961010355953314,-0.07256464455566825,0.016545014294147394,0.016193383286465222,-0.015701199665180025,0.04980721901123647,-0.01641244051162213,0.05051845985767857,0.29878308431904793,0.3090296335872636,0.029922241283670825,,,,0.0053594521585000575,0.68571810716927,2026-08-11,True,,,,pilot_observational,False
senate_dem,Democratic Senate victory,CONTROLS-2026-D,taxes_fiscal,sector_real_estate,Real estate sector,sector,raw,0.15,True,False,42,43,1.0,19,1,0.435,0.495,2.9999999999999973,1.0,2026-07-09,2026-09-04,estimated,-0.01819439565386105,8.507540295552101e-05,,0.012682972157373958,0.01227426063665093,-0.04300160176080125,0.006612810453079147,-0.04382763855706921,0.007438847249347114,0.14609104952185484,0.15918714788973629,0.03783179308260687,,,,-0.015592736017295552,0.1429923634761344,2026-08-11,True,,,,pilot_observational,False
senate_dem,Democratic Senate victory,CONTROLS-2026-D,taxes_fiscal,sector_real_estate,Real estate sector,sector,market_conditioned,0.15,True,False,42,43,1.0,19,1,0.435,0.495,2.9999999999999973,1.0,2026-07-09,2026-09-04,estimated,-0.018955241214825447,4.456914927033733e-05,0.05933576844475284,0.012497008482012776,0.011587101847998403,-0.04239236691231299,0.004481884482662096,-0.04423282679901507,0.006322344369364179,0.10990863958830607,0.13738635591023907,0.04068332362234428,,,,-0.016822196865713228,0.11253058322697064,2026-08-11,True,,,,pilot_observational,False
senate_dem,Democratic Senate victory,CONTROLS-2026-D,taxes_fiscal,sector_energy,Energy sector,sector,raw,0.15,True,False,42,43,1.0,19,1,0.435,0.495,2.9999999999999973,1.0,2026-07-09,2026-09-04,estimated,0.003309199866461214,0.0034337818610644744,,0.027691790610846125,0.022973975928735742,-0.043122937500595294,0.04974133723351772,-0.0526579966506342,0.059276396383556626,0.8861911766145094,0.9054765402286231,0.0004387555266277543,,,,-0.008090806808836212,3.4449435317693107,2026-08-11,False,,,,pilot_observational,False
senate_dem,Democratic Senate victory,CONTROLS-2026-D,taxes_fiscal,sector_energy,Energy sector,sector,market_conditioned,0.15,True,False,42,43,1.0,19,1,0.435,0.495,2.9999999999999973,1.0,2026-07-09,2026-09-04,estimated,0.013075103452810077,0.003953703627621516,-0.7616097452403936,0.024810086112813892,0.02362101302432408,-0.034702905113560306,0.060853112019180464,-0.03710803245290872,0.06325823935852887,0.5830555502281736,0.6011734244167244,0.16514300977704965,,,,0.00973686312634491,0.2553127276211125,2026-08-11,True,,,,pilot_observational,False
senate_dem,Democratic Senate victory,CONTROLS-2026-D,taxes_fiscal,sector_financials,Financials sector,sector,raw,0.15,True,False,42,43,1.0,19,1,0.435,0.495,2.9999999999999973,1.0,2026-07-09,2026-09-04,estimated,-0.006848273963076932,0.0014101346996275657,,0.01399982279655426,0.012897150357302298,-0.03291438715530036,0.019217839229146497,-0.03514297128584149,0.021446423359687626,0.5983610642093323,0.6273940333759297,0.006477920343165633,,,,-0.007516905017558473,0.09763497460623274,2026-08-11,True,,,,pilot_observational,False
senate_dem,Democratic Senate victory,CONTROLS-2026-D,taxes_fiscal,sector_financials,Financials sector,sector,market_conditioned,0.15,True,False,42,43,1.0,19,1,0.435,0.495,2.9999999999999973,1.0,2026-07-09,2026-09-04,estimated,-0.01426102278359484,0.001015491292826515,0.5780951747892872,0.01334304091115053,0.011867630210543385,-0.0382655706528149,0.009743525085625218,-0.04124987048025805,0.012727824913068366,0.23673634270931526,0.2917314082563865,0.3336191403283927,,,,-0.021916396116273173,0.5368039479948582,2026-08-11,True,,,,pilot_observational,False
senate_dem,Democratic Senate victory,CONTROLS-2026-D,taxes_fiscal,sector_healthcare,Healthcare sector,sector,raw,0.15,True,False,42,43,1.0,19,1,0.435,0.495,2.9999999999999973,1.0,2026-07-09,2026-09-04,estimated,-0.034231842922844896,0.0016947651143753818,,0.029576039151623323,0.02563555598340228,-0.08604323423771797,0.017579548392028174,-0.09400724779492561,0.02554356194923582,0.18931909641780034,0.2539664905949689,0.06618626877615474,,,,-0.04277454236793361,0.24955417867343851,2026-08-11,True,,,,pilot_observational,False
senate_dem,Democratic Senate victory,CONTROLS-2026-D,taxes_fiscal,sector_healthcare,Healthcare sector,sector,market_conditioned,0.15,True,False,42,43,1.0,19,1,0.435,0.495,2.9999999999999973,1.0,2026-07-09,2026-09-04,estimated,-0.03304824536718444,0.0017577780375105006,-0.0923047647218003,0.029160652081493772,0.02493710533890466,-0.08348830190818712,0.017391811173818245,-0.09203123155477297,0.025934740820404083,0.19279552823478674,0.26400049436364276,0.06959677467435221,,,,-0.04128031229690988,0.24909240530813614,2026-08-11,True,,,,pilot_observational,False
senate_dem,Democratic Senate victory,CONTROLS-2026-D,taxes_fiscal,sector_staples,Consumer staples sector,sector,raw,0.15,True,False,42,43,1.0,19,1,0.435,0.495,2.9999999999999973,1.0,2026-07-09,2026-09-04,estimated,-0.02665089214573286,0.0003625107367230432,,0.02419006896625991,0.02112767280004202,-0.069351511696341,0.016049727404875286,-0.07554084522325227,0.02223906093178655,0.21446421151601275,0.27716499326184457,0.04533376631363206,,,,-0.033137032876251436,0.24337424409850722,2026-08-11,True,,,,pilot_observational,False
senate_dem,Democratic Senate victory,CONTROLS-2026-D,taxes_fiscal,sector_staples,Consumer staples sector,sector,market_conditioned,0.15,True,False,42,43,1.0,19,1,0.435,0.495,2.9999999999999973,1.0,2026-07-09,2026-09-04,estimated,-0.02506703090709831,0.00044683308599579143,-0.12351997373174634,0.023433357064240608,0.019953953266152714,-0.06542771099738327,0.015293649183186653,-0.07246546946691707,0.02233140765272045,0.2165008627800329,0.2913234232303065,0.05223514578640254,,,,-0.030677248862200746,0.22380863437295928,2026-08-11,True,,,,pilot_observational,False
senate_dem,Democratic Senate victory,CONTROLS-2026-D,taxes_fiscal,cloud_platforms,Cloud platforms,theme,raw,0.15,True,False,42,43,1.0,19,1,0.435,0.495,2.9999999999999973,1.0,2026-07-09,2026-09-04,estimated,0.046713054212198075,0.0019878892402273316,,0.06339738163718323,0.060753759634925256,-0.07607487425453197,0.16950098267892813,-0.08141783362456775,0.1748439420489639,0.44647405957767466,0.46552609174081017,0.030761186942052543,,,,0.09955873078772533,1.1312828387429177,2026-08-11,True,,,,pilot_observational,False
senate_dem,Democratic Senate victory,CONTROLS-2026-D,taxes_fiscal,cloud_platforms,Cloud platforms,theme,market_conditioned,0.15,True,False,42,43,1.0,19,1,0.435,0.495,2.9999999999999973,1.0,2026-07-09,2026-09-04,estimated,0.024593749916601106,0.0008102913187758941,1.7250096276818352,0.04729562536941645,0.049058989392701806,-0.07463742247419661,0.1238249223073988,-0.07107068207557782,0.12025818190878004,0.618971209419198,0.606002549012247,0.32804607770419325,,,,0.06169495720780038,1.5085624362698538,2026-08-11,True,,,,pilot_observational,False
senate_dem,Democratic Senate victory,CONTROLS-2026-D,taxes_fiscal,electrical_equipment,Electrical equipment,theme,raw,0.15,True,False,42,43,1.0,19,1,0.435,0.495,2.9999999999999973,1.0,2026-07-09,2026-09-04,estimated,0.06526496011021926,-0.0010912947658980802,,0.060324397428651526,0.033731241788045395,-0.002908422552069842,0.13343834277250838,-0.056655194967883335,0.18718511518832187,0.060102094866845875,0.28577644066545993,0.02765026382710012,,,,0.037897895193521755,0.41932247978823695,2026-08-11,True,,,,pilot_observational,False
senate_dem,Democratic Senate victory,CONTROLS-2026-D,taxes_fiscal,electrical_equipment,Electrical equipment,theme,market_conditioned,0.15,True,False,42,43,1.0,19,1,0.435,0.495,2.9999999999999973,1.0,2026-07-09,2026-09-04,estimated,0.03264915717052658,-0.0028277102170792155,2.543596007074369,0.08250078575029982,0.05027418444777933,-0.06903997922425001,0.13433829356530316,-0.13422443306250303,0.1995227474035562,0.5198724034441917,0.6944508734980481,0.3252952855855814,,,,-0.02773237210062558,1.8494054519012353,2026-08-11,False,,,,pilot_observational,False
senate_dem,Democratic Senate victory,CONTROLS-2026-D,taxes_fiscal,regulated_utilities,Regulated utilities,theme,raw,0.15,True,False,42,43,1.0,19,1,0.435,0.495,2.9999999999999973,1.0,2026-07-09,2026-09-04,estimated,0.017016720680990558,-0.0015849284855484534,,0.017461107130536377,0.02059467485829235,-0.024606669846463435,0.05864011120844455,-0.018273493228037892,0.052306934590019005,0.4135536052411395,0.33564062885367335,0.020851365008720646,,,,0.0060317839805876785,0.6455378157951545,2026-08-11,True,,,,pilot_observational,False
senate_dem,Democratic Senate victory,CONTROLS-2026-D,taxes_fiscal,regulated_utilities,Regulated utilities,theme,market_conditioned,0.15,True,False,42,43,1.0,19,1,0.435,0.495,2.9999999999999973,1.0,2026-07-09,2026-09-04,estimated,0.020051315043863323,-0.0014233713241471988,-0.23665773670406803,0.01795613591721922,0.020471155595768266,-0.021355505502356875,0.06145813559008352,-0.016268398034841945,0.05637102812256859,0.3333746610816229,0.27096255318404294,0.04943302129661353,,,,0.010878812277822204,0.45745143128895926,2026-08-11,True,,,,pilot_observational,False
senate_dem,Democratic Senate victory,CONTROLS-2026-D,taxes_fiscal,power_generators,Power generators,theme,raw,0.15,True,False,42,43,1.0,19,1,0.435,0.495,2.9999999999999973,1.0,2026-07-09,2026-09-04,estimated,0.06204949202218067,0.0016962679817550059,,0.032442978293141085,0.024463587673971818,0.012606737015716359,0.11149224702864499,-0.003520212994327379,0.12761919703868874,0.015206744728425007,0.06298222349541588,0.05166366216650775,,,,0.059886032261476055,0.03486667964874314,2026-08-11,True,,,,pilot_observational,False
senate_dem,Democratic Senate victory,CONTROLS-2026-D,taxes_fiscal,power_generators,Power generators,theme,market_conditioned,0.15,True,False,42,43,1.0,19,1,0.435,0.495,2.9999999999999973,1.0,2026-07-09,2026-09-04,estimated,0.05598956585731587,0.0013736467835234437,0.4725931176557734,0.035682909849265386,0.024957844012825463,0.005507561388879971,0.10647157032575177,-0.016185931895283535,0.12816506360991528,0.030626504772435493,0.1247067404476441,0.07290328208354147,,,,0.047963971338832484,0.14334089567573816,2026-08-11,True,,,,pilot_observational,False
senate_dem,Democratic Senate victory,CONTROLS-2026-D,taxes_fiscal,data_center_reits,Data-center REITs,theme,raw,0.15,True,False,42,43,1.0,19,1,0.435,0.495,2.9999999999999973,1.0,2026-07-09,2026-09-04,estimated,-0.012351817717775684,0.001403363833455975,,0.025965009098948992,0.016189166015381437,-0.04507134274104577,0.020367707305494403,-0.06482905861673995,0.04012542318118857,0.44995883571618367,0.6368687451943137,0.002798244752205914,,,,-0.006336558886811793,0.4869938148704415,2026-08-11,True,,,,pilot_observational,False
senate_dem,Democratic Senate victory,CONTROLS-2026-D,taxes_fiscal,data_center_reits,Data-center REITs,theme,market_conditioned,0.15,True,False,42,43,1.0,19,1,0.435,0.495,2.9999999999999973,1.0,2026-07-09,2026-09-04,estimated,-0.025284555935872487,0.0007148446358907065,1.0085804526386772,0.02520685492741067,0.019859483955896668,-0.0654541538100804,0.014885041938335435,-0.07627023252022994,0.025701120648484958,0.21049365494009425,0.32200437114865177,0.13502163003723755,,,,-0.030790439092760833,0.2177567670499156,2026-08-11,True,,,,pilot_observational,False
senate_dem,Democratic Senate victory,CONTROLS-2026-D,taxes_fiscal,integrated_energy,Integrated energy,theme,raw,0.15,True,False,42,43,1.0,19,1,0.435,0.495,2.9999999999999973,1.0,2026-07-09,2026-09-04,estimated,-0.0066655623001746185,0.0038480480484204484,,0.025926738092987563,0.02554143114717809,-0.058286720224938374,0.04495559562458913,-0.059065454610827975,0.04573433001047873,0.7954541451390326,0.7984255001420244,0.0014531702820959058,,,,-0.01045630898340713,0.5687062114974463,2026-08-11,True,,,,pilot_observational,False
senate_dem,Democratic Senate victory,CONTROLS-2026-D,taxes_fiscal,integrated_energy,Integrated energy,theme,market_conditioned,0.15,True,False,42,43,1.0,19,1,0.435,0.495,2.9999999999999973,1.0,2026-07-09,2026-09-04,estimated,0.0062940287056716115,0.004537996847324719,-1.0106746106094169,0.025579717575817274,0.027941779079570087,-0.05022355412824792,0.06281161153959114,-0.045445833772038736,0.05803389118338196,0.8229570046835192,0.8069297301459993,0.23822436411311743,,,,0.014256527854877894,1.2650878350826706,2026-08-11,True,,,,pilot_observational,False
senate_dem,Democratic Senate victory,CONTROLS-2026-D,taxes_fiscal,homebuilders,Homebuilders,theme,raw,0.15,True,False,42,43,1.0,19,1,0.435,0.495,2.9999999999999973,1.0,2026-07-09,2026-09-04,estimated,0.01149746604583003,-0.0002611421165048983,,0.0491333330865696,0.04698290722211288,-0.08345853150582516,0.10645346359748523,-0.08780470429915672,0.11079963639081679,0.8079274432342999,0.8161743573142105,0.002235154997977218,,,,-0.02011225999460031,2.7492776159921553,2026-08-11,False,,,,pilot_observational,False
senate_dem,Democratic Senate victory,CONTROLS-2026-D,taxes_fiscal,homebuilders,Homebuilders,theme,market_conditioned,0.15,True,False,42,43,1.0,19,1,0.435,0.495,2.9999999999999973,1.0,2026-07-09,2026-09-04,estimated,-0.00441268384041331,-0.001108174156285213,1.2407787046491332,0.058634994261702406,0.05076682052646203,-0.10709827075842392,0.0982729030775973,-0.12301315432996635,0.11418778664913973,0.9311793592838564,0.9403950843203999,0.18671769272398597,,,,-0.05382635248933792,11.198098580363357,2026-08-11,True,,,,pilot_observational,False
senate_dem,Democratic Senate victory,CONTROLS-2026-D,taxes_fiscal,machinery_distribution,Machinery and distribution,theme,raw,0.15,True,False,42,43,1.0,19,1,0.435,0.495,2.9999999999999973,1.0,2026-07-09,2026-09-04,estimated,-0.029577439396309222,0.0010429218361726372,,0.030242361216880443,0.028161896915973553,-0.08649475619752549,0.027339877404907047,-0.09069953139649915,0.0315446526038807,0.2999007125553884,0.33394588854734303,0.03585958158210978,,,,-0.05276874279313108,0.784087597512439,2026-08-11,True,,,,pilot_observational,False
senate_dem,Democratic Senate victory,CONTROLS-2026-D,taxes_fiscal,machinery_distribution,Machinery and distribution,theme,market_conditioned,0.15,True,False,42,43,1.0,19,1,0.435,0.495,2.9999999999999973,1.0,2026-07-09,2026-09-04,estimated,-0.039578087438760845,0.0005105026338967922,0.7799166703321917,0.040891339811353296,0.035573910283967315,-0.11153311276034389,0.0323769378828222,-0.12228862918332287,0.04313245430580118,0.27270867231036533,0.3390663952890021,0.21256249349922296,,,,-0.07426961014835382,0.8765335809435245,2026-08-11,True,,,,pilot_observational,False
senate_dem,Democratic Senate victory,CONTROLS-2026-D,taxes_fiscal,managed_care,Managed care (UNH only),single_company_proxy,raw,0.15,True,False,42,43,1.0,19,1,0.435,0.495,2.9999999999999973,1.0,2026-07-09,2026-09-04,estimated,-0.049432182681190255,-0.0010795505205947159,,0.021945571452291947,0.020362362662617917,-0.09058605274709863,-0.00827831261528187,-0.0937858370696254,-0.005078528292755111,0.019792051648690957,0.029847553328937505,0.08925601771638081,,,,-0.04926816067474263,0.00331812187022929,2026-08-11,True,,,,pilot_observational,False
senate_dem,Democratic Senate victory,CONTROLS-2026-D,taxes_fiscal,managed_care,Managed care (UNH only),single_company_proxy,market_conditioned,0.15,True,False,42,43,1.0,19,1,0.435,0.495,2.9999999999999973,1.0,2026-07-09,2026-09-04,estimated,-0.05280868985946777,-0.001259310597212358,0.2633223591767729,0.021963024298130546,0.021389819123021573,-0.09607368278083217,-0.009543696938103356,-0.09723309968384317,-0.00838428003509236,0.01804064708076408,0.02104487924026968,0.10720569459705931,,,,-0.05578352128297064,0.056332233036255404,2026-08-11,True,,,,pilot_observational,False
senate_dem,Democratic Senate victory,CONTROLS-2026-D,taxes_fiscal,hospitals,Hospitals (HCA only),single_company_proxy,raw,0.15,True,False,42,43,1.0,19,1,0.435,0.495,2.9999999999999973,1.0,2026-07-09,2026-09-04,estimated,-0.0661214217862727,0.0005929003430774362,,0.05117831280297987,0.054625714521442076,-0.17652410908345528,0.044281265510909884,-0.16955665030977174,0.037313806737226354,0.2332124042669947,0.20377861001026867,0.05286696505704935,,,,-0.08454618760477477,0.2786504784796867,2026-08-11,True,,,,pilot_observational,False
senate_dem,Democratic Senate victory,CONTROLS-2026-D,taxes_fiscal,hospitals,Hospitals (HCA only),single_company_proxy,market_conditioned,0.15,True,False,42,43,1.0,19,1,0.435,0.495,2.9999999999999973,1.0,2026-07-09,2026-09-04,estimated,-0.0712599310204192,0.0003193339726064389,0.4007349319119069,0.05335564823875701,0.05626744135843646,-0.18507157374982955,0.042551711708991136,-0.1791819162456284,0.03666205420478999,0.2128638872658058,0.1894341688538155,0.06662884116094492,,,,-0.09619942787805669,0.34997924500503913,2026-08-11,True,,,,pilot_observational,False
senate_dem,Democratic Senate victory,CONTROLS-2026-D,taxes_fiscal,generators_minus_regulated,Generators minus regulated utilities,relative_return_contrast,raw,0.15,True,False,42,43,1.0,19,1,0.435,0.495,2.9999999999999973,1.0,2026-07-09,2026-09-04,estimated,0.04503277134119014,0.003281196467303459,,0.03724738089976652,0.033930892507736586,-0.023544120477323773,0.11360966315970406,-0.03024699354869189,0.12031253623107216,0.19197160967399543,0.2337538928950538,0.02401618150771645,,,,0.053854248280888396,0.1958901634736727,2026-08-11,True,,,,pilot_observational,False
senate_dem,Democratic Senate victory,CONTROLS-2026-D,taxes_fiscal,generators_minus_regulated,Generators minus regulated utilities,relative_return_contrast,market_conditioned,0.15,True,False,42,43,1.0,19,1,0.435,0.495,2.9999999999999973,1.0,2026-07-09,2026-09-04,estimated,0.03593825081345249,0.0027970181076706416,0.7092508543598415,0.036500311550231763,0.030815586443650286,-0.02639215608172684,0.09826865770863183,-0.03789059793771421,0.10976709956461919,0.2506014397361696,0.33088919365402575,0.06623533990687391,,,,0.0370851590610103,0.03191330188859654,2026-08-11,True,,,,pilot_observational,False
senate_dem,Democratic Senate victory,CONTROLS-2026-D,taxes_fiscal,equipment_minus_generators,Equipment minus generators,relative_return_contrast,raw,0.15,True,False,42,43,1.0,19,1,0.435,0.495,2.9999999999999973,1.0,2026-07-09,2026-09-04,estimated,0.0032154680880385933,-0.002787562747653086,,0.05353948211331824,0.03977036879263707,-0.07716344554216478,0.08359438171824196,-0.10499186162093178,0.11142279779700896,0.935963756577759,0.9524085970251258,8.808322181541595e-05,,,,-0.02198813706795433,7.838238311165108,2026-08-11,False,,,,pilot_observational,False
senate_dem,Democratic Senate victory,CONTROLS-2026-D,taxes_fiscal,equipment_minus_generators,Equipment minus generators,relative_return_contrast,market_conditioned,0.15,True,False,42,43,1.0,19,1,0.435,0.495,2.9999999999999973,1.0,2026-07-09,2026-09-04,estimated,-0.023340408686789268,-0.004201357000602657,2.0710028894185957,0.07264718958774277,0.05445261164889612,-0.1334812118412994,0.08680039446772086,-0.1702832194321057,0.12360240205852716,0.6705456520694955,0.7497104207863364,0.25904613666094456,,,,-0.07569634343945808,2.243145587347937,2026-08-11,True,,,,pilot_observational,False
senate_dem,Democratic Senate victory,CONTROLS-2026-D,taxes_fiscal,hospitals_minus_managed_care,Hospitals minus managed care,relative_return_contrast,raw,0.15,True,False,42,43,1.0,19,1,0.435,0.495,2.9999999999999973,1.0,2026-07-09,2026-09-04,estimated,-0.016689239105082413,0.0016724508636721523,,0.047507289215710256,0.0494419230634034,-0.11661509305794315,0.08323661484777833,-0.112705052199117,0.07932657398895218,0.7374655730555395,0.7272081608031895,0.00320256764869975,,,,-0.03527802693003219,1.113818773157183,2026-08-11,True,,,,pilot_observational,False
senate_dem,Democratic Senate victory,CONTROLS-2026-D,taxes_fiscal,hospitals_minus_managed_care,Hospitals minus managed care,relative_return_contrast,market_conditioned,0.15,True,False,42,43,1.0,19,1,0.435,0.495,2.9999999999999973,1.0,2026-07-09,2026-09-04,estimated,-0.01845124116095146,0.0015786445698187978,0.13741257273513396,0.049519312806200144,0.05139860498847464,-0.12241473277369527,0.08551225045179237,-0.11861350554051259,0.08171102321860965,0.7215438386803849,0.7114583300363975,0.004741223202338163,,,,-0.04041590659508607,1.1904166902668123,2026-08-11,True,,,,pilot_observational,False
wisconsin_dem,Democratic Wisconsin governor,GOVPARTYWI-26-D,electricity_datacenters,sector_technology,Technology sector,sector,raw,0.05,True,False,40,43,0.9523809523809523,23,9,0.385,0.795,38.0,1.0,2026-07-09,2026-09-04,estimated,0.0015783119828000523,0.0012110297344861943,,0.017244452221095566,0.0026008458312031775,-0.0036868251391224353,0.006843449104722539,-0.033331256453444605,0.036487880419044716,0.5475622546216689,0.9275556138430715,0.0030940929031629816,,,,-0.015600825197413749,10.884500255606394,2026-08-12,False,,,,pilot_observational,False
wisconsin_dem,Democratic Wisconsin governor,GOVPARTYWI-26-D,electricity_datacenters,sector_technology,Technology sector,sector,market_conditioned,0.05,True,False,40,43,0.9523809523809523,23,9,0.385,0.795,38.0,1.0,2026-07-09,2026-09-04,estimated,0.001775235311460288,-0.0009627251207356838,1.9883352855433563,0.009414848557114032,0.0012594331508956108,-0.0007766186465734016,0.004327089269493978,-0.017301059875524646,0.020851530498445223,0.16702266582542985,0.851470489284728,0.6229183868420595,,,,-0.007592914981793967,5.2771315626592195,2026-08-12,False,,,,pilot_observational,False
wisconsin_dem,Democratic Wisconsin governor,GOVPARTYWI-26-D,electricity_datacenters,sector_consumer_discretionary,Consumer discretionary sector,sector,raw,0.05,True,False,40,43,0.9523809523809523,23,9,0.385,0.795,38.0,1.0,2026-07-09,2026-09-04,estimated,-0.0026347871030427154,0.0006130189752225246,,0.004510236392852897,0.0018814892716343375,-0.0064436630040022504,0.0011740887979168196,-0.011765283334597493,0.006495709128512062,0.16951427703749192,0.5625518301773951,0.016587053616604286,,,,0.0016674936654663905,1.6328760542135372,2026-08-12,False,,,,pilot_observational,False
wisconsin_dem,Democratic Wisconsin governor,GOVPARTYWI-26-D,electricity_datacenters,sector_consumer_discretionary,Consumer discretionary sector,sector,market_conditioned,0.05,True,False,40,43,0.9523809523809523,23,9,0.385,0.795,38.0,1.0,2026-07-09,2026-09-04,estimated,-0.0025265912842819694,-0.000581309741166734,1.092453421612749,0.008862431342708551,0.001231863376558321,-0.005022583573346029,-3.059899521790999e-05,-0.020483582874990983,0.015430400306427046,0.0473950659653642,0.7771649123428955,0.3765234480272769,,,,0.006281440083195579,3.4861322534723693,2026-08-12,False,,,,pilot_observational,False
wisconsin_dem,Democratic Wisconsin governor,GOVPARTYWI-26-D,electricity_datacenters,sector_communications,Communication services sector,sector,raw,0.05,True,False,40,43,0.9523809523809523,23,9,0.385,0.795,38.0,1.0,2026-07-09,2026-09-04,estimated,-0.001357849189720007,0.0011586260615292772,,0.011235762482029553,0.0017242289093576087,-0.00484836813107185,0.002132669751631836,-0.0241034611854417,0.021387762806001683,0.4358675349708515,0.9044460970780575,0.004579402105125641,,,,0.009799877486196304,8.217206123028339,2026-08-12,False,,,,pilot_observational,False
wisconsin_dem,Democratic Wisconsin governor,GOVPARTYWI-26-D,electricity_datacenters,sector_communications,Communication services sector,sector,market_conditioned,0.05,True,False,40,43,0.9523809523809523,23,9,0.385,0.795,38.0,1.0,2026-07-09,2026-09-04,estimated,-0.0012889824092060982,0.00039843426747376354,0.6953480353454127,0.014201164435598516,0.0017062517052725183,-0.00474617675445984,0.0021682119360476437,-0.030063274754852844,0.02748530993644065,0.4547634517539099,0.9281681617786736,0.15616288488701946,,,,0.012867873535743583,10.982970631592314,2026-08-12,False,,,,pilot_observational,False
wisconsin_dem,Democratic Wisconsin governor,GOVPARTYWI-26-D,electricity_datacenters,sector_industrials,Industrials sector,sector,raw,0.05,True,False,40,43,0.9523809523809523,23,9,0.385,0.795,38.0,1.0,2026-07-09,2026-09-04,estimated,-0.0009197098052356419,-3.480419302163539e-05,,0.01011344005305129,0.0016905671140967826,-0.004342084004714669,0.0025026643942433853,-0.021393298825706234,0.019553879215234948,0.589602685511266,0.9280184594448954,0.004067876301684148,,,,-0.010987838685204346,10.947071372571825,2026-08-12,True,,,,pilot_observational,False
wisconsin_dem,Democratic Wisconsin governor,GOVPARTYWI-26-D,electricity_datacenters,sector_industrials,Industrials sector,sector,market_conditioned,0.05,True,False,40,43,0.9523809523809523,23,9,0.385,0.795,38.0,1.0,2026-07-09,2026-09-04,estimated,-0.0008464502059139303,-0.0008434864898354492,0.7397023365751272,0.0072464893257522854,0.0009476982030747634,-0.0027666691622102463,0.0010737687503823855,-0.015529232261174104,0.013836331849346243,0.37754194377833267,0.9076437006553673,0.3362083485850249,,,,-0.008066035710042501,8.529250100817722,2026-08-12,True,,,,pilot_observational,False
wisconsin_dem,Democratic Wisconsin governor,GOVPARTYWI-26-D,electricity_datacenters,sector_utilities,Utilities sector,sector,raw,0.05,True,False,40,43,0.9523809523809523,23,9,0.385,0.795,38.0,1.0,2026-07-09,2026-09-04,estimated,0.0013036154727376886,-0.0011773332866113157,,0.002569566090996374,0.0009834798565455513,-0.0006873354091781062,0.0032945663546534833,-0.0038981991256614636,0.006505430071136841,0.19291522122091434,0.6148558287332205,0.01013652904742135,,,,-0.0010165162381347338,1.779766932345452,2026-08-12,False,,,,pilot_observational,False
wisconsin_dem,Democratic Wisconsin governor,GOVPARTYWI-26-D,electricity_datacenters,sector_utilities,Utilities sector,sector,market_conditioned,0.05,True,False,40,43,0.9523809523809523,23,9,0.385,0.795,38.0,1.0,2026-07-09,2026-09-04,estimated,0.0013007390819237943,-0.0011455820028007217,-0.029042924417281124,0.0027179467539096445,0.0009955314191979145,-0.0007163991763636925,0.0033178773402112813,-0.00420634414576236,0.0068078223096099495,0.19941972376466385,0.635057598659302,0.010771585975514641,,,,-0.0011735543926695811,1.9022212132919796,2026-08-12,False,,,,pilot_observational,False
wisconsin_dem,Democratic Wisconsin governor,GOVPARTYWI-26-D,electricity_datacenters,sector_real_estate,Real estate sector,sector,raw,0.05,True,False,40,43,0.9523809523809523,23,9,0.385,0.795,38.0,1.0,2026-07-09,2026-09-04,estimated,0.0032633130446831846,9.790864308420238e-05,,0.0071674530543614405,0.0008229974897390213,0.001597241729541309,0.004929384359825061,-0.011246437088679135,0.017773063178045504,0.00031310441522587194,0.6514871488111511,0.0693541876243029,,,,0.01041818876798307,2.1925189601276847,2026-08-12,True,,,,pilot_observational,False
wisconsin_dem,Democratic Wisconsin governor,GOVPARTYWI-26-D,electricity_datacenters,sector_real_estate,Real estate sector,sector,market_conditioned,0.05,True,False,40,43,0.9523809523809523,23,9,0.385,0.795,38.0,1.0,2026-07-09,2026-09-04,estimated,0.003264041500438464,8.986752248347514e-05,0.0073552193741294875,0.007309257873968046,0.0008325566706855124,0.0015771214492508708,0.004950961551626058,-0.011545921714131761,0.01807400471500869,0.00036817970160560873,0.6577937256544953,0.06939865978072501,,,,0.010560308949095288,2.235347635033655,2026-08-12,True,,,,pilot_observational,False
wisconsin_dem,Democratic Wisconsin governor,GOVPARTYWI-26-D,electricity_datacenters,sector_energy,Energy sector,sector,raw,0.05,True,False,40,43,0.9523809523809523,23,9,0.385,0.795,38.0,1.0,2026-07-09,2026-09-04,estimated,-0.00041885901647523556,0.002818760622557109,,0.0014407148265483322,0.0011315717181958585,-0.0027096061988387712,0.0018718881658883002,-0.0033354337032011246,0.0024977156702506538,0.7133208396310301,0.7728387155607548,0.0004110361813621788,,,,-0.0013455602757329681,2.212441950172326,2026-08-12,True,,,,pilot_observational,False
wisconsin_dem,Democratic Wisconsin governor,GOVPARTYWI-26-D,electricity_datacenters,sector_energy,Energy sector,sector,market_conditioned,0.05,True,False,40,43,0.9523809523809523,23,9,0.385,0.795,38.0,1.0,2026-07-09,2026-09-04,estimated,-0.0004879301149174502,0.0035812077973828276,-0.6974110339199568,0.0039048775179975114,0.0007751636592798893,-0.0020585608789644265,0.001082700649129526,-0.008399963510935823,0.007424103281100923,0.5329193749649336,0.9012364021117751,0.14424573098288762,,,,-0.004262694607670122,7.736281031539321,2026-08-12,True,,,,pilot_observational,False
wisconsin_dem,Democratic Wisconsin governor,GOVPARTYWI-26-D,electricity_datacenters,sector_financials,Financials sector,sector,raw,0.05,True,False,40,43,0.9523809523809523,23,9,0.385,0.795,38.0,1.0,2026-07-09,2026-09-04,estimated,0.0006246817096444595,0.0017899721442705741,,0.004723068062632675,0.0009559589751859669,-0.0013105560606612792,0.0025599194799501984,-0.00893666971210814,0.010186033131397059,0.5173940430597046,0.8954750450433717,0.003254350381921234,,,,0.005296511798607646,7.478736798012192,2026-08-12,True,,,,pilot_observational,False
wisconsin_dem,Democratic Wisconsin governor,GOVPARTYWI-26-D,electricity_datacenters,sector_financials,Financials sector,sector,market_conditioned,0.05,True,False,40,43,0.9523809523809523,23,9,0.385,0.795,38.0,1.0,2026-07-09,2026-09-04,estimated,0.0006760668652122711,0.0012227527489769717,0.5188360295539016,0.006869374905677649,0.0008472360240205774,-0.0010405963810649723,0.0023927301114895147,-0.01324260879439308,0.014594742524817622,0.42998122613179557,0.9221320185505036,0.28662097467525693,,,,0.0075287667074131395,10.13612734895573,2026-08-12,True,,,,pilot_observational,False
wisconsin_dem,Democratic Wisconsin governor,GOVPARTYWI-26-D,electricity_datacenters,sector_healthcare,Healthcare sector,sector,raw,0.05,True,False,40,43,0.9523809523809523,23,9,0.385,0.795,38.0,1.0,2026-07-09,2026-09-04,estimated,0.0011119145636381191,0.0013426354816863724,,0.00677201892982656,0.0011268882145956554,-0.0011693513613705046,0.003393180488646743,-0.01259732103580415,0.014821150163080388,0.3300249935314769,0.8704498742768135,0.003907529975631929,,,,0.007844422280276464,6.054878618200642,2026-08-12,True,,,,pilot_observational,False
wisconsin_dem,Democratic Wisconsin governor,GOVPARTYWI-26-D,electricity_datacenters,sector_healthcare,Healthcare sector,sector,market_conditioned,0.05,True,False,40,43,0.9523809523809523,23,9,0.385,0.795,38.0,1.0,2026-07-09,2026-09-04,estimated,0.0010975457166104916,0.0015012472175469638,-0.1450822802558869,0.006296504120492972,0.0011420610870332521,-0.0012164898502551153,0.0034115812834760984,-0.011660383475764098,0.013855474908985081,0.34277979830667393,0.8625718636856908,0.012304641853474463,,,,0.007345500396451157,5.692660073546627,2026-08-12,True,,,,pilot_observational,False
wisconsin_dem,Democratic Wisconsin governor,GOVPARTYWI-26-D,electricity_datacenters,sector_staples,Consumer staples sector,sector,raw,0.05,True,False,40,43,0.9523809523809523,23,9,0.385,0.795,38.0,1.0,2026-07-09,2026-09-04,estimated,0.0022810816601111813,0.00013228440367569566,,0.009408648630133696,0.0011228154150097146,8.060686815119372e-06,0.004554102633407243,-0.016765731717029816,0.02132789503725218,0.04923286667885985,0.8097390221595651,0.01856160230923498,,,,0.011669630318796451,4.1158318980249335,2026-08-12,True,,,,pilot_observational,False
wisconsin_dem,Democratic Wisconsin governor,GOVPARTYWI-26-D,electricity_datacenters,sector_staples,Consumer staples sector,sector,market_conditioned,0.05,True,False,40,43,0.9523809523809523,23,9,0.385,0.795,38.0,1.0,2026-07-09,2026-09-04,estimated,0.0022640931807636384,0.00031981317294749347,-0.17153271359091474,0.008862836589099877,0.0010516837177801603,0.0001331795583070449,0.0043950068032202316,-0.01569371951712915,0.020221905878656427,0.03792153282930228,0.7997832467362983,0.03181018518638712,,,,0.011102012954416398,3.903514152483727,2026-08-12,True,,,,pilot_observational,False
wisconsin_dem,Democratic Wisconsin governor,GOVPARTYWI-26-D,electricity_datacenters,cloud_platforms,Cloud platforms,theme,raw,0.05,True,False,40,43,0.9523809523809523,23,9,0.385,0.795,38.0,1.0,2026-07-09,2026-09-04,estimated,-0.005785940082162081,0.0035042313635068757,,0.010676574722588827,0.003780257354210962,-0.013438671008112055,0.001866790843787893,-0.027399535641140955,0.01582765547681679,0.13415946091575834,0.5910316084596846,0.027180256639354416,,,,-0.016061812242227615,1.7760073582071494,2026-08-12,True,,,,pilot_observational,False
wisconsin_dem,Democratic Wisconsin governor,GOVPARTYWI-26-D,electricity_datacenters,cloud_platforms,Cloud platforms,theme,market_conditioned,0.05,True,False,40,43,0.9523809523809523,23,9,0.385,0.795,38.0,1.0,2026-07-09,2026-09-04,estimated,-0.005615481747658368,0.0016226125895332283,1.7211181809416838,0.004181456275474247,0.0021063836409094326,-0.009883420405116874,-0.001347543090199862,-0.014087916937510058,0.0028569534421933225,0.01131519676539543,0.18746915231558195,0.3307572019797892,,,,-0.00905849960351618,0.613129560485801,2026-08-12,True,,,,pilot_observational,False
wisconsin_dem,Democratic Wisconsin governor,GOVPARTYWI-26-D,electricity_datacenters,electrical_equipment,Electrical equipment,theme,raw,0.05,True,False,40,43,0.9523809523809523,23,9,0.385,0.795,38.0,1.0,2026-07-09,2026-09-04,estimated,-0.004429731196251252,1.2794292867360354e-05,,0.06537781893190099,0.00874249723932166,-0.022127991585550524,0.013268529193048018,-0.1367802062912851,0.12792074389878258,0.6153003335670579,0.9463352373217028,0.007113004672650636,,,,-0.06970923818787657,14.73667455191624,2026-08-12,True,,,,pilot_observational,False
wisconsin_dem,Democratic Wisconsin governor,GOVPARTYWI-26-D,electricity_datacenters,electrical_equipment,Electrical equipment,theme,market_conditioned,0.05,True,False,40,43,0.9523809523809523,23,9,0.385,0.795,38.0,1.0,2026-07-09,2026-09-04,estimated,-0.004169533272048626,-0.0028594225485917544,2.6272190168482092,0.055692308750476455,0.006643393038043238,-0.01763032617467189,0.009291259630574639,-0.11701286951095413,0.10867380296685689,0.5341067736068413,0.9407236136760173,0.32292790640253854,,,,-0.05979186524373506,13.340181824321403,2026-08-12,True,,,,pilot_observational,False
wisconsin_dem,Democratic Wisconsin governor,GOVPARTYWI-26-D,electricity_datacenters,regulated_utilities,Regulated utilities,theme,raw,0.05,True,False,40,43,0.9523809523809523,23,9,0.385,0.795,38.0,1.0,2026-07-09,2026-09-04,estimated,0.0016166720400108995,-0.0016033705201229159,,0.0024728522123111307,0.0008837547578745952,-0.00017239593415986653,0.0034057400141816654,-0.003389355546808556,0.006622699626830355,0.07520640816792774,0.5171981303654665,0.010508488115749004,,,,-0.0006363763207692232,1.3936335292623312,2026-08-12,False,,,,pilot_observational,False
wisconsin_dem,Democratic Wisconsin governor,GOVPARTYWI-26-D,electricity_datacenters,regulated_utilities,Regulated utilities,theme,market_conditioned,0.05,True,False,40,43,0.9523809523809523,23,9,0.385,0.795,38.0,1.0,2026-07-09,2026-09-04,estimated,0.0015983578174493084,-0.0014012074220089285,-0.1849187457588342,0.003223359728837879,0.000895538705992622,-0.00021617595898378353,0.0034128915938824,-0.0049327893707535545,0.008129505005652172,0.08249482217492222,0.6229209808784895,0.02786250332532525,,,,-0.0014411391825754907,1.9016373973603042,2026-08-12,False,,,,pilot_observational,False
wisconsin_dem,Democratic Wisconsin governor,GOVPARTYWI-26-D,electricity_datacenters,power_generators,Power generators,theme,raw,0.05,True,False,40,43,0.9523809523809523,23,9,0.385,0.795,38.0,1.0,2026-07-09,2026-09-04,estimated,-0.0012815445049240248,0.0021712676389663245,,0.02102935869720714,0.0029408456819566254,-0.007234975340442732,0.004671886330594684,-0.04385325552236157,0.04129016651251353,0.6654661651083075,0.9517258042944755,0.0012281675698903038,,,,-0.022195702497824626,16.319494104608157,2026-08-12,True,,,,pilot_observational,False
wisconsin_dem,Democratic Wisconsin governor,GOVPARTYWI-26-D,electricity_datacenters,power_generators,Power generators,theme,market_conditioned,0.05,True,False,40,43,0.9523809523809523,23,9,0.385,0.795,38.0,1.0,2026-07-09,2026-09-04,estimated,-0.001219928950565365,0.0014911191194609734,0.6221323887989784,0.018859823773702482,0.0028855430086497003,-0.007066594446437728,0.004626736545306997,-0.039433561734898544,0.036993703833767815,0.6749081215732303,0.9487738202952631,0.03776219716381268,,,,-0.0199322697758392,15.33887757692919,2026-08-12,True,,,,pilot_observational,False
wisconsin_dem,Democratic Wisconsin governor,GOVPARTYWI-26-D,electricity_datacenters,data_center_reits,Data-center REITs,theme,raw,0.05,True,False,40,43,0.9523809523809523,23,9,0.385,0.795,38.0,1.0,2026-07-09,2026-09-04,estimated,0.0077296090138571786,0.0015637217176851983,,0.007434345637988899,0.0015528609375693473,0.004586006394474923,0.010873211633239434,-0.007320436908191954,0.02277965493590631,1.423574019565481e-05,0.3050423097673086,0.06179402931977185,,,,0.0004581983192871189,0.9407216693023297,2026-08-12,True,,,,pilot_observational,False
wisconsin_dem,Democratic Wisconsin governor,GOVPARTYWI-26-D,electricity_datacenters,data_center_reits,Data-center REITs,theme,market_conditioned,0.05,True,False,40,43,0.9523809523809523,23,9,0.385,0.795,38.0,1.0,2026-07-09,2026-09-04,estimated,0.007822887958079828,0.000534054185283311,0.9418377063700945,0.003930139987216192,0.0015944784367251455,0.004592167767124901,0.011053608149034755,-0.0001403320626669393,0.015786107978826597,1.8840144325720977e-05,0.05396307645484653,0.1775984987117345,,,,0.004264894370039147,0.45481842602204553,2026-08-12,True,,,,pilot_observational,False
wisconsin_dem,Democratic Wisconsin governor,GOVPARTYWI-26-D,electricity_datacenters,integrated_energy,Integrated energy,theme,raw,0.05,True,False,40,43,0.9523809523809523,23,9,0.385,0.795,38.0,1.0,2026-07-09,2026-09-04,estimated,-0.001148975518756671,0.002813338083533873,,0.0030266566133940707,0.0013640660203236568,-0.003910382809490507,0.0016124317719771652,-0.007276121503077194,0.004978170465563851,0.40488108236663883,0.7063417983130014,0.0026319772878619085,,,,-0.003932322110025755,2.422459439589277,2026-08-12,True,,,,pilot_observational,False
wisconsin_dem,Democratic Wisconsin governor,GOVPARTYWI-26-D,electricity_datacenters,integrated_energy,Integrated energy,theme,market_conditioned,0.05,True,False,40,43,0.9523809523809523,23,9,0.385,0.795,38.0,1.0,2026-07-09,2026-09-04,estimated,-0.001240405731820908,0.003822598240339708,-0.9231710637698526,0.006649774067436404,0.0009175532028303877,-0.003099545115824059,0.0006187336521822429,-0.014714127828106974,0.012233316364465159,0.1846260236606472,0.853045410549829,0.21710203381673066,,,,-0.007818026815146654,5.302798039855748,2026-08-12,True,,,,pilot_observational,False
wisconsin_dem,Democratic Wisconsin governor,GOVPARTYWI-26-D,electricity_datacenters,homebuilders,Homebuilders,theme,raw,0.05,True,False,40,43,0.9523809523809523,23,9,0.385,0.795,38.0,1.0,2026-07-09,2026-09-04,estimated,-0.005198714271040902,0.0009711573489736367,,0.02497478225804813,0.0034958450062474926,-0.012275682499629128,0.0018782539575473243,-0.05575751771920573,0.04536008917712393,0.14523644791252666,0.836216862734483,0.026685601770361167,,,,0.019678860859959436,4.785332263705903,2026-08-12,False,,,,pilot_observational,False
wisconsin_dem,Democratic Wisconsin governor,GOVPARTYWI-26-D,electricity_datacenters,homebuilders,Homebuilders,theme,market_conditioned,0.05,True,False,40,43,0.9523809523809523,23,9,0.385,0.795,38.0,1.0,2026-07-09,2026-09-04,estimated,-0.005084054290244911,-0.0002945265679632535,1.1577220799966752,0.030021182090596222,0.003577983631593509,-0.0123337377574212,0.002165629176931379,-0.06591274717343545,0.055744638592945636,0.16371138850407604,0.8664447086578333,0.1937313586927326,,,,0.0248851228283708,5.894739789879787,2026-08-12,False,,,,pilot_observational,False
wisconsin_dem,Democratic Wisconsin governor,GOVPARTYWI-26-D,electricity_datacenters,machinery_distribution,Machinery and distribution,theme,raw,0.05,True,False,40,43,0.9523809523809523,23,9,0.385,0.795,38.0,1.0,2026-07-09,2026-09-04,estimated,6.628383391601593e-06,0.0005984425755259782,,0.00945084239640651,0.001835857842565236,-0.0037098715188694812,0.0037231282856526847,-0.019125601807945546,0.01913885857472875,0.9971381241265775,0.9994440698173123,1.006845278261892e-07,,,,-0.009333397661788341,1409.0956260940038,2026-08-12,False,,,,pilot_observational,False
wisconsin_dem,Democratic Wisconsin governor,GOVPARTYWI-26-D,electricity_datacenters,machinery_distribution,Machinery and distribution,theme,market_conditioned,0.05,True,False,40,43,0.9523809523809523,23,9,0.385,0.795,38.0,1.0,2026-07-09,2026-09-04,estimated,8.055113164208747e-05,-0.00021755994694858105,0.7463981527774168,0.006560399802575096,0.0010714748523050328,-0.002090463138423598,0.0022515654017077726,-0.01321208150279323,0.013373183766077405,0.9404782486387514,0.9902694782355913,0.16115010543256425,,,,-0.00637237874368403,80.10973581350036,2026-08-12,False,,,,pilot_observational,False
wisconsin_dem,Democratic Wisconsin governor,GOVPARTYWI-26-D,electricity_datacenters,managed_care,Managed care (UNH only),single_company_proxy,raw,0.05,True,False,40,43,0.9523809523809523,23,9,0.385,0.795,38.0,1.0,2026-07-09,2026-09-04,estimated,0.003306011679644902,-0.0019028198660605289,,0.005061387315063785,0.0010974840630987106,0.0010842713473214766,0.005527752011968328,-0.0069402312622682955,0.0135522546215581,0.004593528781361459,0.5175711989968232,0.023352607338912423,,,,0.008243399591466562,1.4934574920654797,2026-08-12,True,,,,pilot_observational,False
wisconsin_dem,Democratic Wisconsin governor,GOVPARTYWI-26-D,electricity_datacenters,managed_care,Managed care (UNH only),single_company_proxy,market_conditioned,0.05,True,False,40,43,0.9523809523809523,23,9,0.385,0.795,38.0,1.0,2026-07-09,2026-09-04,estimated,0.003329594563502543,-0.002163141528478339,0.2381164305318163,0.006103700988154711,0.0011855604480647606,0.0009274209191683113,0.0057317682078367755,-0.009037678375279858,0.015696867502284946,0.007902363311586792,0.588680599317498,0.038644000335965045,,,,0.00931141114069982,1.7965600505140025,2026-08-12,True,,,,pilot_observational,False
wisconsin_dem,Democratic Wisconsin governor,GOVPARTYWI-26-D,electricity_datacenters,hospitals,Hospitals (HCA only),single_company_proxy,raw,0.05,True,False,40,43,0.9523809523809523,23,9,0.385,0.795,38.0,1.0,2026-07-09,2026-09-04,estimated,0.0030232782477820253,0.00016254606673563938,,0.00915692426908364,0.002200048361855716,-0.0014304868162827744,0.007477043311846825,-0.01551394580193477,0.02156050229749882,0.17743499368288573,0.743090119901177,0.006140440292151883,,,,0.011963385016560411,2.9570902960510295,2026-08-12,True,,,,pilot_observational,False
wisconsin_dem,Democratic Wisconsin governor,GOVPARTYWI-26-D,electricity_datacenters,hospitals,Hospitals (HCA only),single_company_proxy,market_conditioned,0.05,True,False,40,43,0.9523809523809523,23,9,0.385,0.795,38.0,1.0,2026-07-09,2026-09-04,estimated,0.0030493780848717144,-0.00012555919727854714,0.263530112889256,0.010343760651602345,0.0020970396800614115,-0.0011996279095416924,0.007298384079285122,-0.017909071786782024,0.024007827956525455,0.1543398385514476,0.7697917412986384,0.012029493565036575,,,,0.01319955218878855,3.3286046601675663,2026-08-12,True,,,,pilot_observational,False
wisconsin_dem,Democratic Wisconsin governor,GOVPARTYWI-26-D,electricity_datacenters,generators_minus_regulated,Generators minus regulated utilities,relative_return_contrast,raw,0.05,True,False,40,43,0.9523809523809523,23,9,0.385,0.795,38.0,1.0,2026-07-09,2026-09-04,estimated,-0.002898216544934924,0.00377463815908924,,0.01875558791190199,0.002434625838175778,-0.007826858883047256,0.002030425793177408,-0.04086691925452719,0.03507048616465734,0.24126685021942107,0.8780132309930726,0.005521807787909672,,,,-0.021559326177055412,6.438825168096439,2026-08-12,True,,,,pilot_observational,False
wisconsin_dem,Democratic Wisconsin governor,GOVPARTYWI-26-D,electricity_datacenters,generators_minus_regulated,Generators minus regulated utilities,relative_return_contrast,market_conditioned,0.05,True,False,40,43,0.9523809523809523,23,9,0.385,0.795,38.0,1.0,2026-07-09,2026-09-04,estimated,-0.0028182867680146737,0.002892326541469901,0.8070511345578126,0.01581936219890776,0.002309572803851874,-0.007497925775996348,0.0018613522399670008,-0.03487135922536917,0.029234785689339824,0.2300856234813383,0.8595736842110433,0.05956779321632821,,,,-0.018491130593263707,5.5611245821835515,2026-08-12,True,,,,pilot_observational,False
wisconsin_dem,Democratic Wisconsin governor,GOVPARTYWI-26-D,electricity_datacenters,equipment_minus_generators,Equipment minus generators,relative_return_contrast,raw,0.05,True,False,40,43,0.9523809523809523,23,9,0.385,0.795,38.0,1.0,2026-07-09,2026-09-04,estimated,-0.0031481866913272284,-0.002158473346098964,,0.04450985721864286,0.006995169565702315,-0.017309167135709617,0.011012793753055162,-0.09325368188130288,0.08695730849864843,0.6552303615663785,0.9439835000329934,0.004803726206347281,,,,-0.04751353569005194,14.092350088685796,2026-08-12,True,,,,pilot_observational,False
wisconsin_dem,Democratic Wisconsin governor,GOVPARTYWI-26-D,electricity_datacenters,equipment_minus_generators,Equipment minus generators,relative_return_contrast,market_conditioned,0.05,True,False,40,43,0.9523809523809523,23,9,0.385,0.795,38.0,1.0,2026-07-09,2026-09-04,estimated,-0.002949604321483261,-0.004350541668052727,2.0050866280492308,0.03702120097205534,0.005048011910995008,-0.013177848008822518,0.007278639365855996,-0.07796168270334773,0.0720624740603812,0.5625576852060639,0.9369264039317168,0.25076417864360145,,,,-0.03985959546789587,12.513539825522011,2026-08-12,True,,,,pilot_observational,False
wisconsin_dem,Democratic Wisconsin governor,GOVPARTYWI-26-D,electricity_datacenters,hospitals_minus_managed_care,Hospitals minus managed care,relative_return_contrast,raw,0.05,True,False,40,43,0.9523809523809523,23,9,0.385,0.795,38.0,1.0,2026-07-09,2026-09-04,estimated,-0.0002827334318628756,0.0020653659327961676,,0.004663720351391363,0.0021392689681571614,-0.004613457046038214,0.0040479901823124624,-0.00972394169333703,0.009158474829611279,0.8955522469486454,0.951976378768415,5.1854922518801416e-05,,,,0.003719985425093852,14.15721809261675,2026-08-12,False,,,,pilot_observational,False
wisconsin_dem,Democratic Wisconsin governor,GOVPARTYWI-26-D,electricity_datacenters,hospitals_minus_managed_care,Hospitals minus managed care,relative_return_contrast,market_conditioned,0.05,True,False,40,43,0.9523809523809523,23,9,0.385,0.795,38.0,1.0,2026-07-09,2026-09-04,estimated,-0.0002802164786308292,0.002037582331199793,0.02541368235743985,0.004879377886970582,0.0021754988421326784,-0.004688195835888616,0.004127762878626958,-0.010166775177481524,0.009606342220219865,0.8982090818817128,0.9545127059532584,0.00010473749433503876,,,,0.0038881410480887274,14.875490360476453,2026-08-12,False,,,,pilot_observational,False
wisconsin_dem,Democratic Wisconsin governor,GOVPARTYWI-26-D,electricity_datacenters,sector_technology,Technology sector,sector,raw,0.1,True,False,40,43,0.9523809523809523,23,9,0.385,0.795,38.0,1.0,2026-07-09,2026-09-04,estimated,0.0015783119828000523,0.0012110297344861943,,0.017244452221095566,0.0026008458312031775,-0.0036868251391224353,0.006843449104722539,-0.033331256453444605,0.036487880419044716,0.5475622546216689,0.9275556138430715,0.0030940929031629816,-0.04346164662402347,0.004725216017965022,500.0,-0.015600825197413749,10.884500255606394,2026-08-12,False,,,,pilot_observational,False
wisconsin_dem,Democratic Wisconsin governor,GOVPARTYWI-26-D,electricity_datacenters,sector_technology,Technology sector,sector,market_conditioned,0.1,True,True,40,43,0.9523809523809523,23,9,0.385,0.795,38.0,1.0,2026-07-09,2026-09-04,estimated,0.001775235311460288,-0.0009627251207356838,1.9883352855433563,0.009414848557114032,0.0012594331508956108,-0.0007766186465734016,0.004327089269493978,-0.017301059875524646,0.020851530498445223,0.16702266582542985,0.851470489284728,0.6229183868420595,-0.01666758481298943,0.003907016775999854,500.0,-0.007592914981793967,5.2771315626592195,2026-08-12,False,0.5208842459640525,0.9915527907147141,0.9915527907147141,pilot_observational,False
wisconsin_dem,Democratic Wisconsin governor,GOVPARTYWI-26-D,electricity_datacenters,sector_consumer_discretionary,Consumer discretionary sector,sector,raw,0.1,True,False,40,43,0.9523809523809523,23,9,0.385,0.795,38.0,1.0,2026-07-09,2026-09-04,estimated,-0.0026347871030427154,0.0006130189752225246,,0.004510236392852897,0.0018814892716343375,-0.0064436630040022504,0.0011740887979168196,-0.011765283334597493,0.006495709128512062,0.16951427703749192,0.5625518301773951,0.016587053616604286,-0.0197338424688666,0.017429448787477847,500.0,0.0016674936654663905,1.6328760542135372,2026-08-12,False,,,,pilot_observational,False
wisconsin_dem,Democratic Wisconsin governor,GOVPARTYWI-26-D,electricity_datacenters,sector_consumer_discretionary,Consumer discretionary sector,sector,market_conditioned,0.1,True,True,40,43,0.9523809523809523,23,9,0.385,0.795,38.0,1.0,2026-07-09,2026-09-04,estimated,-0.0025265912842819694,-0.000581309741166734,1.092453421612749,0.008862431342708551,0.001231863376558321,-0.005022583573346029,-3.059899521790999e-05,-0.020483582874990983,0.015430400306427046,0.0473950659653642,0.7771649123428955,0.3765234480272769,-0.005290809075413742,0.013395203871948777,500.0,0.006281440083195579,3.4861322534723693,2026-08-12,False,0.25649094522432386,0.9915527907147141,0.9915527907147141,pilot_observational,False
wisconsin_dem,Democratic Wisconsin governor,GOVPARTYWI-26-D,electricity_datacenters,sector_communications,Communication services sector,sector,raw,0.1,True,False,40,43,0.9523809523809523,23,9,0.385,0.795,38.0,1.0,2026-07-09,2026-09-04,estimated,-0.001357849189720007,0.0011586260615292772,,0.011235762482029553,0.0017242289093576087,-0.00484836813107185,0.002132669751631836,-0.0241034611854417,0.021387762806001683,0.4358675349708515,0.9044460970780575,0.004579402105125641,-0.00440798373483981,0.020382699708065322,500.0,0.009799877486196304,8.217206123028339,2026-08-12,False,,,,pilot_observational,False
wisconsin_dem,Democratic Wisconsin governor,GOVPARTYWI-26-D,electricity_datacenters,sector_communications,Communication services sector,sector,market_conditioned,0.1,True,True,40,43,0.9523809523809523,23,9,0.385,0.795,38.0,1.0,2026-07-09,2026-09-04,estimated,-0.0012889824092060982,0.00039843426747376354,0.6953480353454127,0.014201164435598516,0.0017062517052725183,-0.00474617675445984,0.0021682119360476437,-0.030063274754852844,0.02748530993644065,0.4547634517539099,0.9281681617786736,0.15616288488701946,-0.0032507655684836574,0.018908284962137274,500.0,0.012867873535743583,10.982970631592314,2026-08-12,False,0.7471113850242805,0.9915527907147141,0.9915527907147141,pilot_observational,False
wisconsin_dem,Democratic Wisconsin governor,GOVPARTYWI-26-D,electricity_datacenters,sector_industrials,Industrials sector,sector,raw,0.1,True,False,40,43,0.9523809523809523,23,9,0.385,0.795,38.0,1.0,2026-07-09,2026-09-04,estimated,-0.0009197098052356419,-3.480419302163539e-05,,0.01011344005305129,0.0016905671140967826,-0.004342084004714669,0.0025026643942433853,-0.021393298825706234,0.019553879215234948,0.589602685511266,0.9280184594448954,0.004067876301684148,-0.03127809438654899,0.0033143605650819024,500.0,-0.010987838685204346,10.947071372571825,2026-08-12,True,,,,pilot_observational,False
wisconsin_dem,Democratic Wisconsin governor,GOVPARTYWI-26-D,electricity_datacenters,sector_industrials,Industrials sector,sector,market_conditioned,0.1,True,True,40,43,0.9523809523809523,23,9,0.385,0.795,38.0,1.0,2026-07-09,2026-09-04,estimated,-0.0008464502059139303,-0.0008434864898354492,0.7397023365751272,0.0072464893257522854,0.0009476982030747634,-0.0027666691622102463,0.0010737687503823855,-0.015529232261174104,0.013836331849346243,0.37754194377833267,0.9076437006553673,0.3362083485850249,-0.0159708486879673,0.0010299408390681837,500.0,-0.008066035710042501,8.529250100817722,2026-08-12,True,0.694677176552132,0.9915527907147141,0.9915527907147141,pilot_observational,False
wisconsin_dem,Democratic Wisconsin governor,GOVPARTYWI-26-D,electricity_datacenters,sector_utilities,Utilities sector,sector,raw,0.1,True,False,40,43,0.9523809523809523,23,9,0.385,0.795,38.0,1.0,2026-07-09,2026-09-04,estimated,0.0013036154727376886,-0.0011773332866113157,,0.002569566090996374,0.0009834798565455513,-0.0006873354091781062,0.0032945663546534833,-0.0038981991256614636,0.006505430071136841,0.19291522122091434,0.6148558287332205,0.01013652904742135,-0.01095948883342224,0.0076632562655870404,500.0,-0.0010165162381347338,1.779766932345452,2026-08-12,False,,,,pilot_observational,False
wisconsin_dem,Democratic Wisconsin governor,GOVPARTYWI-26-D,electricity_datacenters,sector_utilities,Utilities sector,sector,market_conditioned,0.1,True,True,40,43,0.9523809523809523,23,9,0.385,0.795,38.0,1.0,2026-07-09,2026-09-04,estimated,0.0013007390819237943,-0.0011455820028007217,-0.029042924417281124,0.0027179467539096445,0.0009955314191979145,-0.0007163991763636925,0.0033178773402112813,-0.00420634414576236,0.0068078223096099495,0.19941972376466385,0.635057598659302,0.010771585975514641,-0.012011149347837011,0.008487713792162418,500.0,-0.0011735543926695811,1.9022212132919796,2026-08-12,False,0.5709331656649559,0.9915527907147141,0.9915527907147141,pilot_observational,False
wisconsin_dem,Democratic Wisconsin governor,GOVPARTYWI-26-D,electricity_datacenters,sector_real_estate,Real estate sector,sector,raw,0.1,True,False,40,43,0.9523809523809523,23,9,0.385,0.795,38.0,1.0,2026-07-09,2026-09-04,estimated,0.0032633130446831846,9.790864308420238e-05,,0.0071674530543614405,0.0008229974897390213,0.001597241729541309,0.004929384359825061,-0.011246437088679135,0.017773063178045504,0.00031310441522587194,0.6514871488111511,0.0693541876243029,0.0025801509667499156,0.01523208622075916,500.0,0.01041818876798307,2.1925189601276847,2026-08-12,True,,,,pilot_observational,True
wisconsin_dem,Democratic Wisconsin governor,GOVPARTYWI-26-D,electricity_datacenters,sector_real_estate,Real estate sector,sector,market_conditioned,0.1,True,True,40,43,0.9523809523809523,23,9,0.385,0.795,38.0,1.0,2026-07-09,2026-09-04,estimated,0.003264041500438464,8.986752248347514e-05,0.0073552193741294875,0.007309257873968046,0.0008325566706855124,0.0015771214492508708,0.004950961551626058,-0.011545921714131761,0.01807400471500869,0.00036817970160560873,0.6577937256544953,0.06939865978072501,0.0024144003201462534,0.01596427144829964,500.0,0.010560308949095288,2.235347635033655,2026-08-12,True,0.006774506509543201,0.9915527907147141,0.9915527907147141,pilot_observational,True
wisconsin_dem,Democratic Wisconsin governor,GOVPARTYWI-26-D,electricity_datacenters,sector_energy,Energy sector,sector,raw,0.1,True,False,40,43,0.9523809523809523,23,9,0.385,0.795,38.0,1.0,2026-07-09,2026-09-04,estimated,-0.00041885901647523556,0.002818760622557109,,0.0014407148265483322,0.0011315717181958585,-0.0027096061988387712,0.0018718881658883002,-0.0033354337032011246,0.0024977156702506538,0.7133208396310301,0.7728387155607548,0.0004110361813621788,-0.01108806705192063,0.017153855040602843,500.0,-0.0013455602757329681,2.212441950172326,2026-08-12,True,,,,pilot_observational,False
wisconsin_dem,Democratic Wisconsin governor,GOVPARTYWI-26-D,electricity_datacenters,sector_energy,Energy sector,sector,market_conditioned,0.1,True,True,40,43,0.9523809523809523,23,9,0.385,0.795,38.0,1.0,2026-07-09,2026-09-04,estimated,-0.0004879301149174502,0.0035812077973828276,-0.6974110339199568,0.0039048775179975114,0.0007751636592798893,-0.0020585608789644265,0.001082700649129526,-0.008399963510935823,0.007424103281100923,0.5329193749649336,0.9012364021117751,0.14424573098288762,-0.010587149020159295,0.008661758035580128,500.0,-0.004262694607670122,7.736281031539321,2026-08-12,True,0.784171318772089,0.9915527907147141,0.9915527907147141,pilot_observational,False
wisconsin_dem,Democratic Wisconsin governor,GOVPARTYWI-26-D,electricity_datacenters,sector_financials,Financials sector,sector,raw,0.1,True,False,40,43,0.9523809523809523,23,9,0.385,0.795,38.0,1.0,2026-07-09,2026-09-04,estimated,0.0006246817096444595,0.0017899721442705741,,0.004723068062632675,0.0009559589751859669,-0.0013105560606612792,0.0025599194799501984,-0.00893666971210814,0.010186033131397059,0.5173940430597046,0.8954750450433717,0.003254350381921234,-0.0065066694143708645,0.013955753602035464,500.0,0.005296511798607646,7.478736798012192,2026-08-12,True,,,,pilot_observational,False
wisconsin_dem,Democratic Wisconsin governor,GOVPARTYWI-26-D,electricity_datacenters,sector_financials,Financials sector,sector,market_conditioned,0.1,True,True,40,43,0.9523809523809523,23,9,0.385,0.795,38.0,1.0,2026-07-09,2026-09-04,estimated,0.0006760668652122711,0.0012227527489769717,0.5188360295539016,0.006869374905677649,0.0008472360240205774,-0.0010405963810649723,0.0023927301114895147,-0.01324260879439308,0.014594742524817622,0.42998122613179557,0.9221320185505036,0.28662097467525693,-0.00017377317635434598,0.013149958625166555,500.0,0.0075287667074131395,10.13612734895573,2026-08-12,True,0.737915968479999,0.9915527907147141,0.9915527907147141,pilot_observational,False
wisconsin_dem,Democratic Wisconsin governor,GOVPARTYWI-26-D,electricity_datacenters,sector_healthcare,Healthcare sector,sector,raw,0.1,True,False,40,43,0.9523809523809523,23,9,0.385,0.795,38.0,1.0,2026-07-09,2026-09-04,estimated,0.0011119145636381191,0.0013426354816863724,,0.00677201892982656,0.0011268882145956554,-0.0011693513613705046,0.003393180488646743,-0.01259732103580415,0.014821150163080388,0.3300249935314769,0.8704498742768135,0.003907529975631929,-0.001488735403085991,0.015543947369434272,500.0,0.007844422280276464,6.054878618200642,2026-08-12,True,,,,pilot_observational,False
wisconsin_dem,Democratic Wisconsin governor,GOVPARTYWI-26-D,electricity_datacenters,sector_healthcare,Healthcare sector,sector,market_conditioned,0.1,True,True,40,43,0.9523809523809523,23,9,0.385,0.795,38.0,1.0,2026-07-09,2026-09-04,estimated,0.0010975457166104916,0.0015012472175469638,-0.1450822802558869,0.006296504120492972,0.0011420610870332521,-0.0012164898502551153,0.0034115812834760984,-0.011660383475764098,0.013855474908985081,0.34277979830667393,0.8625718636856908,0.012304641853474463,-0.0057401507144236065,0.01596881771661342,500.0,0.007345500396451157,5.692660073546627,2026-08-12,True,0.6781879880476129,0.9915527907147141,0.9915527907147141,pilot_observational,False
wisconsin_dem,Democratic Wisconsin governor,GOVPARTYWI-26-D,electricity_datacenters,sector_staples,Consumer staples sector,sector,raw,0.1,True,False,40,43,0.9523809523809523,23,9,0.385,0.795,38.0,1.0,2026-07-09,2026-09-04,estimated,0.0022810816601111813,0.00013228440367569566,,0.009408648630133696,0.0011228154150097146,8.060686815119372e-06,0.004554102633407243,-0.016765731717029816,0.02132789503725218,0.04923286667885985,0.8097390221595651,0.01856160230923498,0.0012589136233479136,0.018889600744043226,500.0,0.011669630318796451,4.1158318980249335,2026-08-12,True,,,,pilot_observational,True
wisconsin_dem,Democratic Wisconsin governor,GOVPARTYWI-26-D,electricity_datacenters,sector_staples,Consumer staples sector,sector,market_conditioned,0.1,True,True,40,43,0.9523809523809523,23,9,0.385,0.795,38.0,1.0,2026-07-09,2026-09-04,estimated,0.0022640931807636384,0.00031981317294749347,-0.17153271359091474,0.008862836589099877,0.0010516837177801603,0.0001331795583070449,0.0043950068032202316,-0.01569371951712915,0.020221905878656427,0.03792153282930228,0.7997832467362983,0.03181018518638712,0.0010920509123546322,0.01974186514831719,500.0,0.011102012954416398,3.903514152483727,2026-08-12,True,0.22856267538306246,0.9915527907147141,0.9915527907147141,pilot_observational,True
wisconsin_dem,Democratic Wisconsin governor,GOVPARTYWI-26-D,electricity_datacenters,cloud_platforms,Cloud platforms,theme,raw,0.1,True,False,40,43,0.9523809523809523,23,9,0.385,0.795,38.0,1.0,2026-07-09,2026-09-04,estimated,-0.005785940082162081,0.0035042313635068757,,0.010676574722588827,0.003780257354210962,-0.013438671008112055,0.001866790843787893,-0.027399535641140955,0.01582765547681679,0.13415946091575834,0.5910316084596846,0.027180256639354416,-0.05257706399226529,0.014372904513573904,500.0,-0.016061812242227615,1.7760073582071494,2026-08-12,True,,,,pilot_observational,False
wisconsin_dem,Democratic Wisconsin governor,GOVPARTYWI-26-D,electricity_datacenters,cloud_platforms,Cloud platforms,theme,market_conditioned,0.1,True,True,40,43,0.9523809523809523,23,9,0.385,0.795,38.0,1.0,2026-07-09,2026-09-04,estimated,-0.005615481747658368,0.0016226125895332283,1.7211181809416838,0.004181456275474247,0.0021063836409094326,-0.009883420405116874,-0.001347543090199862,-0.014087916937510058,0.0028569534421933225,0.01131519676539543,0.18746915231558195,0.3307572019797892,-0.023665670120615358,0.014682869907037523,500.0,-0.00905849960351618,0.613129560485801,2026-08-12,True,0.09463619112876179,0.9094769698122832,0.9094769698122832,pilot_observational,False
wisconsin_dem,Democratic Wisconsin governor,GOVPARTYWI-26-D,electricity_datacenters,electrical_equipment,Electrical equipment,theme,raw,0.1,True,False,40,43,0.9523809523809523,23,9,0.385,0.795,38.0,1.0,2026-07-09,2026-09-04,estimated,-0.004429731196251252,1.2794292867360354e-05,,0.06537781893190099,0.00874249723932166,-0.022127991585550524,0.013268529193048018,-0.1367802062912851,0.12792074389878258,0.6153003335670579,0.9463352373217028,0.007113004672650636,-0.1471999336180155,0.0034394123985456255,500.0,-0.06970923818787657,14.73667455191624,2026-08-12,True,,,,pilot_observational,False
wisconsin_dem,Democratic Wisconsin governor,GOVPARTYWI-26-D,electricity_datacenters,electrical_equipment,Electrical equipment,theme,market_conditioned,0.1,True,True,40,43,0.9523809523809523,23,9,0.385,0.795,38.0,1.0,2026-07-09,2026-09-04,estimated,-0.004169533272048626,-0.0028594225485917544,2.6272190168482092,0.055692308750476455,0.006643393038043238,-0.01763032617467189,0.009291259630574639,-0.11701286951095413,0.10867380296685689,0.5341067736068413,0.9407236136760173,0.32292790640253854,-0.10049981700093155,0.002327942316919573,500.0,-0.05979186524373506,13.340181824321403,2026-08-12,True,0.784171318772089,0.9915527907147141,0.9915527907147141,pilot_observational,False
wisconsin_dem,Democratic Wisconsin governor,GOVPARTYWI-26-D,electricity_datacenters,regulated_utilities,Regulated utilities,theme,raw,0.1,True,False,40,43,0.9523809523809523,23,9,0.385,0.795,38.0,1.0,2026-07-09,2026-09-04,estimated,0.0016166720400108995,-0.0016033705201229159,,0.0024728522123111307,0.0008837547578745952,-0.00017239593415986653,0.0034057400141816654,-0.003389355546808556,0.006622699626830355,0.07520640816792774,0.5171981303654665,0.010508488115749004,-0.008688991124755246,0.006815161567841607,500.0,-0.0006363763207692232,1.3936335292623312,2026-08-12,False,,,,pilot_observational,False
wisconsin_dem,Democratic Wisconsin governor,GOVPARTYWI-26-D,electricity_datacenters,regulated_utilities,Regulated utilities,theme,market_conditioned,0.1,True,True,40,43,0.9523809523809523,23,9,0.385,0.795,38.0,1.0,2026-07-09,2026-09-04,estimated,0.0015983578174493084,-0.0014012074220089285,-0.1849187457588342,0.003223359728837879,0.000895538705992622,-0.00021617595898378353,0.0034128915938824,-0.0049327893707535545,0.008129505005652172,0.08249482217492222,0.6229209808784895,0.02786250332532525,-0.011048038220906163,0.007038285228953286,500.0,-0.0014411391825754907,1.9016373973603042,2026-08-12,False,0.3769261295980524,0.9915527907147141,0.9915527907147141,pilot_observational,False
wisconsin_dem,Democratic Wisconsin governor,GOVPARTYWI-26-D,electricity_datacenters,power_generators,Power generators,theme,raw,0.1,True,False,40,43,0.9523809523809523,23,9,0.385,0.795,38.0,1.0,2026-07-09,2026-09-04,estimated,-0.0012815445049240248,0.0021712676389663245,,0.02102935869720714,0.0029408456819566254,-0.007234975340442732,0.004671886330594684,-0.04385325552236157,0.04129016651251353,0.6654661651083075,0.9517258042944755,0.0012281675698903038,-0.04030409714969196,0.0023914709506032933,500.0,-0.022195702497824626,16.319494104608157,2026-08-12,True,,,,pilot_observational,False
wisconsin_dem,Democratic Wisconsin governor,GOVPARTYWI-26-D,electricity_datacenters,power_generators,Power generators,theme,market_conditioned,0.1,True,True,40,43,0.9523809523809523,23,9,0.385,0.795,38.0,1.0,2026-07-09,2026-09-04,estimated,-0.001219928950565365,0.0014911191194609734,0.6221323887989784,0.018859823773702482,0.0028855430086497003,-0.007066594446437728,0.004626736545306997,-0.039433561734898544,0.036993703833767815,0.6749081215732303,0.9487738202952631,0.03776219716381268,-0.038525561146979824,0.004685222521382357,500.0,-0.0199322697758392,15.33887757692919,2026-08-12,True,0.8468918281353232,0.9915527907147141,0.9915527907147141,pilot_observational,False
wisconsin_dem,Democratic Wisconsin governor,GOVPARTYWI-26-D,electricity_datacenters,data_center_reits,Data-center REITs,theme,raw,0.1,True,False,40,43,0.9523809523809523,23,9,0.385,0.795,38.0,1.0,2026-07-09,2026-09-04,estimated,0.0077296090138571786,0.0015637217176851983,,0.007434345637988899,0.0015528609375693473,0.004586006394474923,0.010873211633239434,-0.007320436908191954,0.02277965493590631,1.423574019565481e-05,0.3050423097673086,0.06179402931977185,-0.02128817455281499,0.02012704327358101,500.0,0.0004581983192871189,0.9407216693023297,2026-08-12,True,,,,pilot_observational,False
wisconsin_dem,Democratic Wisconsin governor,GOVPARTYWI-26-D,electricity_datacenters,data_center_reits,Data-center REITs,theme,market_conditioned,0.1,True,True,40,43,0.9523809523809523,23,9,0.385,0.795,38.0,1.0,2026-07-09,2026-09-04,estimated,0.007822887958079828,0.000534054185283311,0.9418377063700945,0.003930139987216192,0.0015944784367251455,0.004592167767124901,0.011053608149034755,-0.0001403320626669393,0.015786107978826597,1.8840144325720977e-05,0.05396307645484653,0.1775984987117345,-0.014560204291183439,0.032168336931624956,500.0,0.004264894370039147,0.45481842602204553,2026-08-12,True,0.0006933173111865319,0.5980640448639107,0.5980640448639107,pilot_observational,False
wisconsin_dem,Democratic Wisconsin governor,GOVPARTYWI-26-D,electricity_datacenters,integrated_energy,Integrated energy,theme,raw,0.1,True,False,40,43,0.9523809523809523,23,9,0.385,0.795,38.0,1.0,2026-07-09,2026-09-04,estimated,-0.001148975518756671,0.002813338083533873,,0.0030266566133940707,0.0013640660203236568,-0.003910382809490507,0.0016124317719771652,-0.007276121503077194,0.004978170465563851,0.40488108236663883,0.7063417983130014,0.0026319772878619085,-0.015477404042860578,0.016437150368004177,500.0,-0.003932322110025755,2.422459439589277,2026-08-12,True,,,,pilot_observational,False
wisconsin_dem,Democratic Wisconsin governor,GOVPARTYWI-26-D,electricity_datacenters,integrated_energy,Integrated energy,theme,market_conditioned,0.1,True,True,40,43,0.9523809523809523,23,9,0.385,0.795,38.0,1.0,2026-07-09,2026-09-04,estimated,-0.001240405731820908,0.003822598240339708,-0.9231710637698526,0.006649774067436404,0.0009175532028303877,-0.003099545115824059,0.0006187336521822429,-0.014714127828106974,0.012233316364465159,0.1846260236606472,0.853045410549829,0.21710203381673066,-0.015425930011042048,0.004670487705889584,500.0,-0.007818026815146654,5.302798039855748,2026-08-12,True,0.5654673498811874,0.9915527907147141,0.9915527907147141,pilot_observational,False
wisconsin_dem,Democratic Wisconsin governor,GOVPARTYWI-26-D,electricity_datacenters,homebuilders,Homebuilders,theme,raw,0.1,True,False,40,43,0.9523809523809523,23,9,0.385,0.795,38.0,1.0,2026-07-09,2026-09-04,estimated,-0.005198714271040902,0.0009711573489736367,,0.02497478225804813,0.0034958450062474926,-0.012275682499629128,0.0018782539575473243,-0.05575751771920573,0.04536008917712393,0.14523644791252666,0.836216862734483,0.026685601770361167,-0.00942968894703709,0.03566768039224632,500.0,0.019678860859959436,4.785332263705903,2026-08-12,False,,,,pilot_observational,False
wisconsin_dem,Democratic Wisconsin governor,GOVPARTYWI-26-D,electricity_datacenters,homebuilders,Homebuilders,theme,market_conditioned,0.1,True,True,40,43,0.9523809523809523,23,9,0.385,0.795,38.0,1.0,2026-07-09,2026-09-04,estimated,-0.005084054290244911,-0.0002945265679632535,1.1577220799966752,0.030021182090596222,0.003577983631593509,-0.0123337377574212,0.002165629176931379,-0.06591274717343545,0.055744638592945636,0.16371138850407604,0.8664447086578333,0.1937313586927326,-0.008478725765652237,0.033175332172171335,500.0,0.0248851228283708,5.894739789879787,2026-08-12,False,0.5193602669784482,0.9915527907147141,0.9915527907147141,pilot_observational,False
wisconsin_dem,Democratic Wisconsin governor,GOVPARTYWI-26-D,electricity_datacenters,machinery_distribution,Machinery and distribution,theme,raw,0.1,True,False,40,43,0.9523809523809523,23,9,0.385,0.795,38.0,1.0,2026-07-09,2026-09-04,estimated,6.628383391601593e-06,0.0005984425755259782,,0.00945084239640651,0.001835857842565236,-0.0037098715188694812,0.0037231282856526847,-0.019125601807945546,0.01913885857472875,0.9971381241265775,0.9994440698173123,1.006845278261892e-07,-0.03348162365433072,0.007950234529357716,500.0,-0.009333397661788341,1409.0956260940038,2026-08-12,False,,,,pilot_observational,False
wisconsin_dem,Democratic Wisconsin governor,GOVPARTYWI-26-D,electricity_datacenters,machinery_distribution,Machinery and distribution,theme,market_conditioned,0.1,True,True,40,43,0.9523809523809523,23,9,0.385,0.795,38.0,1.0,2026-07-09,2026-09-04,estimated,8.055113164208747e-05,-0.00021755994694858105,0.7463981527774168,0.006560399802575096,0.0010714748523050328,-0.002090463138423598,0.0022515654017077726,-0.01321208150279323,0.013373183766077405,0.9404782486387514,0.9902694782355913,0.16115010543256425,-0.019026395147146425,0.00583369419124566,500.0,-0.00637237874368403,80.10973581350036,2026-08-12,False,0.9733581796064962,0.9915527907147141,0.9915527907147141,pilot_observational,False
wisconsin_dem,Democratic Wisconsin governor,GOVPARTYWI-26-D,electricity_datacenters,managed_care,Managed care (UNH only),single_company_proxy,raw,0.1,True,False,40,43,0.9523809523809523,23,9,0.385,0.795,38.0,1.0,2026-07-09,2026-09-04,estimated,0.003306011679644902,-0.0019028198660605289,,0.005061387315063785,0.0010974840630987106,0.0010842713473214766,0.005527752011968328,-0.0069402312622682955,0.0135522546215581,0.004593528781361459,0.5175711989968232,0.023352607338912423,-0.007134041425566487,0.02414480239780995,500.0,0.008243399591466562,1.4934574920654797,2026-08-12,True,,,,pilot_observational,False
wisconsin_dem,Democratic Wisconsin governor,GOVPARTYWI-26-D,electricity_datacenters,managed_care,Managed care (UNH only),single_company_proxy,market_conditioned,0.1,True,True,40,43,0.9523809523809523,23,9,0.385,0.795,38.0,1.0,2026-07-09,2026-09-04,estimated,0.003329594563502543,-0.002163141528478339,0.2381164305318163,0.006103700988154711,0.0011855604480647606,0.0009274209191683113,0.0057317682078367755,-0.009037678375279858,0.015696867502284946,0.007902363311586792,0.588680599317498,0.038644000335965045,-0.005684082331978554,0.02542692156052905,500.0,0.00931141114069982,1.7965600505140025,2026-08-12,True,0.06923975473009379,0.9915527907147141,0.9915527907147141,pilot_observational,False
wisconsin_dem,Democratic Wisconsin governor,GOVPARTYWI-26-D,electricity_datacenters,hospitals,Hospitals (HCA only),single_company_proxy,raw,0.1,True,False,40,43,0.9523809523809523,23,9,0.385,0.795,38.0,1.0,2026-07-09,2026-09-04,estimated,0.0030232782477820253,0.00016254606673563938,,0.00915692426908364,0.002200048361855716,-0.0014304868162827744,0.007477043311846825,-0.01551394580193477,0.02156050229749882,0.17743499368288573,0.743090119901177,0.006140440292151883,-0.01595255472789794,0.03197812769868806,500.0,0.011963385016560411,2.9570902960510295,2026-08-12,True,,,,pilot_observational,False
wisconsin_dem,Democratic Wisconsin governor,GOVPARTYWI-26-D,electricity_datacenters,hospitals,Hospitals (HCA only),single_company_proxy,market_conditioned,0.1,True,True,40,43,0.9523809523809523,23,9,0.385,0.795,38.0,1.0,2026-07-09,2026-09-04,estimated,0.0030493780848717144,-0.00012555919727854714,0.263530112889256,0.010343760651602345,0.0020970396800614115,-0.0011996279095416924,0.007298384079285122,-0.017909071786782024,0.024007827956525455,0.1543398385514476,0.7697917412986384,0.012029493565036575,-0.0188792062936033,0.030472161958824736,500.0,0.01319955218878855,3.3286046601675663,2026-08-12,True,0.5052202837511455,0.9915527907147141,0.9915527907147141,pilot_observational,False
wisconsin_dem,Democratic Wisconsin governor,GOVPARTYWI-26-D,electricity_datacenters,generators_minus_regulated,Generators minus regulated utilities,relative_return_contrast,raw,0.1,True,False,40,43,0.9523809523809523,23,9,0.385,0.795,38.0,1.0,2026-07-09,2026-09-04,estimated,-0.002898216544934924,0.00377463815908924,,0.01875558791190199,0.002434625838175778,-0.007826858883047256,0.002030425793177408,-0.04086691925452719,0.03507048616465734,0.24126685021942107,0.8780132309930726,0.005521807787909672,-0.0342139948113446,0.00013830107807467882,500.0,-0.021559326177055412,6.438825168096439,2026-08-12,True,,,,pilot_observational,False
wisconsin_dem,Democratic Wisconsin governor,GOVPARTYWI-26-D,electricity_datacenters,generators_minus_regulated,Generators minus regulated utilities,relative_return_contrast,market_conditioned,0.1,True,True,40,43,0.9523809523809523,23,9,0.385,0.795,38.0,1.0,2026-07-09,2026-09-04,estimated,-0.0028182867680146737,0.002892326541469901,0.8070511345578126,0.01581936219890776,0.002309572803851874,-0.007497925775996348,0.0018613522399670008,-0.03487135922536917,0.029234785689339824,0.2300856234813383,0.8595736842110433,0.05956779321632821,-0.03347303868813578,0.0015258666096996153,500.0,-0.018491130593263707,5.5611245821835515,2026-08-12,True,0.5884846543504252,0.9915527907147141,0.9915527907147141,pilot_observational,False
wisconsin_dem,Democratic Wisconsin governor,GOVPARTYWI-26-D,electricity_datacenters,equipment_minus_generators,Equipment minus generators,relative_return_contrast,raw,0.1,True,False,40,43,0.9523809523809523,23,9,0.385,0.795,38.0,1.0,2026-07-09,2026-09-04,estimated,-0.0031481866913272284,-0.002158473346098964,,0.04450985721864286,0.006995169565702315,-0.017309167135709617,0.011012793753055162,-0.09325368188130288,0.08695730849864843,0.6552303615663785,0.9439835000329934,0.004803726206347281,-0.1323736583792713,0.007787679643420635,500.0,-0.04751353569005194,14.092350088685796,2026-08-12,True,,,,pilot_observational,False
wisconsin_dem,Democratic Wisconsin governor,GOVPARTYWI-26-D,electricity_datacenters,equipment_minus_generators,Equipment minus generators,relative_return_contrast,market_conditioned,0.1,True,True,40,43,0.9523809523809523,23,9,0.385,0.795,38.0,1.0,2026-07-09,2026-09-04,estimated,-0.002949604321483261,-0.004350541668052727,2.0050866280492308,0.03702120097205534,0.005048011910995008,-0.013177848008822518,0.007278639365855996,-0.07796168270334773,0.0720624740603812,0.5625576852060639,0.9369264039317168,0.25076417864360145,-0.09262715004597454,0.005576249637590336,500.0,-0.03985959546789587,12.513539825522011,2026-08-12,True,0.784171318772089,0.9915527907147141,0.9915527907147141,pilot_observational,False
wisconsin_dem,Democratic Wisconsin governor,GOVPARTYWI-26-D,electricity_datacenters,hospitals_minus_managed_care,Hospitals minus managed care,relative_return_contrast,raw,0.1,True,False,40,43,0.9523809523809523,23,9,0.385,0.795,38.0,1.0,2026-07-09,2026-09-04,estimated,-0.0002827334318628756,0.0020653659327961676,,0.004663720351391363,0.0021392689681571614,-0.004613457046038214,0.0040479901823124624,-0.00972394169333703,0.009158474829611279,0.8955522469486454,0.951976378768415,5.1854922518801416e-05,-0.021178132183404377,0.022024627750938615,500.0,0.003719985425093852,14.15721809261675,2026-08-12,False,,,,pilot_observational,False
wisconsin_dem,Democratic Wisconsin governor,GOVPARTYWI-26-D,electricity_datacenters,hospitals_minus_managed_care,Hospitals minus managed care,relative_return_contrast,market_conditioned,0.1,True,True,40,43,0.9523809523809523,23,9,0.385,0.795,38.0,1.0,2026-07-09,2026-09-04,estimated,-0.0002802164786308292,0.002037582331199793,0.02541368235743985,0.004879377886970582,0.0021754988421326784,-0.004688195835888616,0.004127762878626958,-0.010166775177481524,0.009606342220219865,0.8982090818817128,0.9545127059532584,0.00010473749433503876,-0.02852305958737053,0.02138726837349642,500.0,0.0038881410480887274,14.875490360476453,2026-08-12,False,0.9558334240855805,0.9915527907147141,0.9915527907147141,pilot_observational,False
wisconsin_dem,Democratic Wisconsin governor,GOVPARTYWI-26-D,electricity_datacenters,sector_technology,Technology sector,sector,raw,0.15,True,False,40,43,0.9523809523809523,23,9,0.385,0.795,38.0,1.0,2026-07-09,2026-09-04,estimated,0.0015783119828000523,0.0012110297344861943,,0.017244452221095566,0.0026008458312031775,-0.0036868251391224353,0.006843449104722539,-0.033331256453444605,0.036487880419044716,0.5475622546216689,0.9275556138430715,0.0030940929031629816,,,,-0.015600825197413749,10.884500255606394,2026-08-12,False,,,,pilot_observational,False
wisconsin_dem,Democratic Wisconsin governor,GOVPARTYWI-26-D,electricity_datacenters,sector_technology,Technology sector,sector,market_conditioned,0.15,True,False,40,43,0.9523809523809523,23,9,0.385,0.795,38.0,1.0,2026-07-09,2026-09-04,estimated,0.001775235311460288,-0.0009627251207356838,1.9883352855433563,0.009414848557114032,0.0012594331508956108,-0.0007766186465734016,0.004327089269493978,-0.017301059875524646,0.020851530498445223,0.16702266582542985,0.851470489284728,0.6229183868420595,,,,-0.007592914981793967,5.2771315626592195,2026-08-12,False,,,,pilot_observational,False
wisconsin_dem,Democratic Wisconsin governor,GOVPARTYWI-26-D,electricity_datacenters,sector_consumer_discretionary,Consumer discretionary sector,sector,raw,0.15,True,False,40,43,0.9523809523809523,23,9,0.385,0.795,38.0,1.0,2026-07-09,2026-09-04,estimated,-0.0026347871030427154,0.0006130189752225246,,0.004510236392852897,0.0018814892716343375,-0.0064436630040022504,0.0011740887979168196,-0.011765283334597493,0.006495709128512062,0.16951427703749192,0.5625518301773951,0.016587053616604286,,,,0.0016674936654663905,1.6328760542135372,2026-08-12,False,,,,pilot_observational,False
wisconsin_dem,Democratic Wisconsin governor,GOVPARTYWI-26-D,electricity_datacenters,sector_consumer_discretionary,Consumer discretionary sector,sector,market_conditioned,0.15,True,False,40,43,0.9523809523809523,23,9,0.385,0.795,38.0,1.0,2026-07-09,2026-09-04,estimated,-0.0025265912842819694,-0.000581309741166734,1.092453421612749,0.008862431342708551,0.001231863376558321,-0.005022583573346029,-3.059899521790999e-05,-0.020483582874990983,0.015430400306427046,0.0473950659653642,0.7771649123428955,0.3765234480272769,,,,0.006281440083195579,3.4861322534723693,2026-08-12,False,,,,pilot_observational,False
wisconsin_dem,Democratic Wisconsin governor,GOVPARTYWI-26-D,electricity_datacenters,sector_communications,Communication services sector,sector,raw,0.15,True,False,40,43,0.9523809523809523,23,9,0.385,0.795,38.0,1.0,2026-07-09,2026-09-04,estimated,-0.001357849189720007,0.0011586260615292772,,0.011235762482029553,0.0017242289093576087,-0.00484836813107185,0.002132669751631836,-0.0241034611854417,0.021387762806001683,0.4358675349708515,0.9044460970780575,0.004579402105125641,,,,0.009799877486196304,8.217206123028339,2026-08-12,False,,,,pilot_observational,False
wisconsin_dem,Democratic Wisconsin governor,GOVPARTYWI-26-D,electricity_datacenters,sector_communications,Communication services sector,sector,market_conditioned,0.15,True,False,40,43,0.9523809523809523,23,9,0.385,0.795,38.0,1.0,2026-07-09,2026-09-04,estimated,-0.0012889824092060982,0.00039843426747376354,0.6953480353454127,0.014201164435598516,0.0017062517052725183,-0.00474617675445984,0.0021682119360476437,-0.030063274754852844,0.02748530993644065,0.4547634517539099,0.9281681617786736,0.15616288488701946,,,,0.012867873535743583,10.982970631592314,2026-08-12,False,,,,pilot_observational,False
wisconsin_dem,Democratic Wisconsin governor,GOVPARTYWI-26-D,electricity_datacenters,sector_industrials,Industrials sector,sector,raw,0.15,True,False,40,43,0.9523809523809523,23,9,0.385,0.795,38.0,1.0,2026-07-09,2026-09-04,estimated,-0.0009197098052356419,-3.480419302163539e-05,,0.01011344005305129,0.0016905671140967826,-0.004342084004714669,0.0025026643942433853,-0.021393298825706234,0.019553879215234948,0.589602685511266,0.9280184594448954,0.004067876301684148,,,,-0.010987838685204346,10.947071372571825,2026-08-12,True,,,,pilot_observational,False
wisconsin_dem,Democratic Wisconsin governor,GOVPARTYWI-26-D,electricity_datacenters,sector_industrials,Industrials sector,sector,market_conditioned,0.15,True,False,40,43,0.9523809523809523,23,9,0.385,0.795,38.0,1.0,2026-07-09,2026-09-04,estimated,-0.0008464502059139303,-0.0008434864898354492,0.7397023365751272,0.0072464893257522854,0.0009476982030747634,-0.0027666691622102463,0.0010737687503823855,-0.015529232261174104,0.013836331849346243,0.37754194377833267,0.9076437006553673,0.3362083485850249,,,,-0.008066035710042501,8.529250100817722,2026-08-12,True,,,,pilot_observational,False
wisconsin_dem,Democratic Wisconsin governor,GOVPARTYWI-26-D,electricity_datacenters,sector_utilities,Utilities sector,sector,raw,0.15,True,False,40,43,0.9523809523809523,23,9,0.385,0.795,38.0,1.0,2026-07-09,2026-09-04,estimated,0.0013036154727376886,-0.0011773332866113157,,0.002569566090996374,0.0009834798565455513,-0.0006873354091781062,0.0032945663546534833,-0.0038981991256614636,0.006505430071136841,0.19291522122091434,0.6148558287332205,0.01013652904742135,,,,-0.0010165162381347338,1.779766932345452,2026-08-12,False,,,,pilot_observational,False
wisconsin_dem,Democratic Wisconsin governor,GOVPARTYWI-26-D,electricity_datacenters,sector_utilities,Utilities sector,sector,market_conditioned,0.15,True,False,40,43,0.9523809523809523,23,9,0.385,0.795,38.0,1.0,2026-07-09,2026-09-04,estimated,0.0013007390819237943,-0.0011455820028007217,-0.029042924417281124,0.0027179467539096445,0.0009955314191979145,-0.0007163991763636925,0.0033178773402112813,-0.00420634414576236,0.0068078223096099495,0.19941972376466385,0.635057598659302,0.010771585975514641,,,,-0.0011735543926695811,1.9022212132919796,2026-08-12,False,,,,pilot_observational,False
wisconsin_dem,Democratic Wisconsin governor,GOVPARTYWI-26-D,electricity_datacenters,sector_real_estate,Real estate sector,sector,raw,0.15,True,False,40,43,0.9523809523809523,23,9,0.385,0.795,38.0,1.0,2026-07-09,2026-09-04,estimated,0.0032633130446831846,9.790864308420238e-05,,0.0071674530543614405,0.0008229974897390213,0.001597241729541309,0.004929384359825061,-0.011246437088679135,0.017773063178045504,0.00031310441522587194,0.6514871488111511,0.0693541876243029,,,,0.01041818876798307,2.1925189601276847,2026-08-12,True,,,,pilot_observational,False
wisconsin_dem,Democratic Wisconsin governor,GOVPARTYWI-26-D,electricity_datacenters,sector_real_estate,Real estate sector,sector,market_conditioned,0.15,True,False,40,43,0.9523809523809523,23,9,0.385,0.795,38.0,1.0,2026-07-09,2026-09-04,estimated,0.003264041500438464,8.986752248347514e-05,0.0073552193741294875,0.007309257873968046,0.0008325566706855124,0.0015771214492508708,0.004950961551626058,-0.011545921714131761,0.01807400471500869,0.00036817970160560873,0.6577937256544953,0.06939865978072501,,,,0.010560308949095288,2.235347635033655,2026-08-12,True,,,,pilot_observational,False
wisconsin_dem,Democratic Wisconsin governor,GOVPARTYWI-26-D,electricity_datacenters,sector_energy,Energy sector,sector,raw,0.15,True,False,40,43,0.9523809523809523,23,9,0.385,0.795,38.0,1.0,2026-07-09,2026-09-04,estimated,-0.00041885901647523556,0.002818760622557109,,0.0014407148265483322,0.0011315717181958585,-0.0027096061988387712,0.0018718881658883002,-0.0033354337032011246,0.0024977156702506538,0.7133208396310301,0.7728387155607548,0.0004110361813621788,,,,-0.0013455602757329681,2.212441950172326,2026-08-12,True,,,,pilot_observational,False
wisconsin_dem,Democratic Wisconsin governor,GOVPARTYWI-26-D,electricity_datacenters,sector_energy,Energy sector,sector,market_conditioned,0.15,True,False,40,43,0.9523809523809523,23,9,0.385,0.795,38.0,1.0,2026-07-09,2026-09-04,estimated,-0.0004879301149174502,0.0035812077973828276,-0.6974110339199568,0.0039048775179975114,0.0007751636592798893,-0.0020585608789644265,0.001082700649129526,-0.008399963510935823,0.007424103281100923,0.5329193749649336,0.9012364021117751,0.14424573098288762,,,,-0.004262694607670122,7.736281031539321,2026-08-12,True,,,,pilot_observational,False
wisconsin_dem,Democratic Wisconsin governor,GOVPARTYWI-26-D,electricity_datacenters,sector_financials,Financials sector,sector,raw,0.15,True,False,40,43,0.9523809523809523,23,9,0.385,0.795,38.0,1.0,2026-07-09,2026-09-04,estimated,0.0006246817096444595,0.0017899721442705741,,0.004723068062632675,0.0009559589751859669,-0.0013105560606612792,0.0025599194799501984,-0.00893666971210814,0.010186033131397059,0.5173940430597046,0.8954750450433717,0.003254350381921234,,,,0.005296511798607646,7.478736798012192,2026-08-12,True,,,,pilot_observational,False
wisconsin_dem,Democratic Wisconsin governor,GOVPARTYWI-26-D,electricity_datacenters,sector_financials,Financials sector,sector,market_conditioned,0.15,True,False,40,43,0.9523809523809523,23,9,0.385,0.795,38.0,1.0,2026-07-09,2026-09-04,estimated,0.0006760668652122711,0.0012227527489769717,0.5188360295539016,0.006869374905677649,0.0008472360240205774,-0.0010405963810649723,0.0023927301114895147,-0.01324260879439308,0.014594742524817622,0.42998122613179557,0.9221320185505036,0.28662097467525693,,,,0.0075287667074131395,10.13612734895573,2026-08-12,True,,,,pilot_observational,False
wisconsin_dem,Democratic Wisconsin governor,GOVPARTYWI-26-D,electricity_datacenters,sector_healthcare,Healthcare sector,sector,raw,0.15,True,False,40,43,0.9523809523809523,23,9,0.385,0.795,38.0,1.0,2026-07-09,2026-09-04,estimated,0.0011119145636381191,0.0013426354816863724,,0.00677201892982656,0.0011268882145956554,-0.0011693513613705046,0.003393180488646743,-0.01259732103580415,0.014821150163080388,0.3300249935314769,0.8704498742768135,0.003907529975631929,,,,0.007844422280276464,6.054878618200642,2026-08-12,True,,,,pilot_observational,False
wisconsin_dem,Democratic Wisconsin governor,GOVPARTYWI-26-D,electricity_datacenters,sector_healthcare,Healthcare sector,sector,market_conditioned,0.15,True,False,40,43,0.9523809523809523,23,9,0.385,0.795,38.0,1.0,2026-07-09,2026-09-04,estimated,0.0010975457166104916,0.0015012472175469638,-0.1450822802558869,0.006296504120492972,0.0011420610870332521,-0.0012164898502551153,0.0034115812834760984,-0.011660383475764098,0.013855474908985081,0.34277979830667393,0.8625718636856908,0.012304641853474463,,,,0.007345500396451157,5.692660073546627,2026-08-12,True,,,,pilot_observational,False
wisconsin_dem,Democratic Wisconsin governor,GOVPARTYWI-26-D,electricity_datacenters,sector_staples,Consumer staples sector,sector,raw,0.15,True,False,40,43,0.9523809523809523,23,9,0.385,0.795,38.0,1.0,2026-07-09,2026-09-04,estimated,0.0022810816601111813,0.00013228440367569566,,0.009408648630133696,0.0011228154150097146,8.060686815119372e-06,0.004554102633407243,-0.016765731717029816,0.02132789503725218,0.04923286667885985,0.8097390221595651,0.01856160230923498,,,,0.011669630318796451,4.1158318980249335,2026-08-12,True,,,,pilot_observational,False
wisconsin_dem,Democratic Wisconsin governor,GOVPARTYWI-26-D,electricity_datacenters,sector_staples,Consumer staples sector,sector,market_conditioned,0.15,True,False,40,43,0.9523809523809523,23,9,0.385,0.795,38.0,1.0,2026-07-09,2026-09-04,estimated,0.0022640931807636384,0.00031981317294749347,-0.17153271359091474,0.008862836589099877,0.0010516837177801603,0.0001331795583070449,0.0043950068032202316,-0.01569371951712915,0.020221905878656427,0.03792153282930228,0.7997832467362983,0.03181018518638712,,,,0.011102012954416398,3.903514152483727,2026-08-12,True,,,,pilot_observational,False
wisconsin_dem,Democratic Wisconsin governor,GOVPARTYWI-26-D,electricity_datacenters,cloud_platforms,Cloud platforms,theme,raw,0.15,True,False,40,43,0.9523809523809523,23,9,0.385,0.795,38.0,1.0,2026-07-09,2026-09-04,estimated,-0.005785940082162081,0.0035042313635068757,,0.010676574722588827,0.003780257354210962,-0.013438671008112055,0.001866790843787893,-0.027399535641140955,0.01582765547681679,0.13415946091575834,0.5910316084596846,0.027180256639354416,,,,-0.016061812242227615,1.7760073582071494,2026-08-12,True,,,,pilot_observational,False
wisconsin_dem,Democratic Wisconsin governor,GOVPARTYWI-26-D,electricity_datacenters,cloud_platforms,Cloud platforms,theme,market_conditioned,0.15,True,False,40,43,0.9523809523809523,23,9,0.385,0.795,38.0,1.0,2026-07-09,2026-09-04,estimated,-0.005615481747658368,0.0016226125895332283,1.7211181809416838,0.004181456275474247,0.0021063836409094326,-0.009883420405116874,-0.001347543090199862,-0.014087916937510058,0.0028569534421933225,0.01131519676539543,0.18746915231558195,0.3307572019797892,,,,-0.00905849960351618,0.613129560485801,2026-08-12,True,,,,pilot_observational,False
wisconsin_dem,Democratic Wisconsin governor,GOVPARTYWI-26-D,electricity_datacenters,electrical_equipment,Electrical equipment,theme,raw,0.15,True,False,40,43,0.9523809523809523,23,9,0.385,0.795,38.0,1.0,2026-07-09,2026-09-04,estimated,-0.004429731196251252,1.2794292867360354e-05,,0.06537781893190099,0.00874249723932166,-0.022127991585550524,0.013268529193048018,-0.1367802062912851,0.12792074389878258,0.6153003335670579,0.9463352373217028,0.007113004672650636,,,,-0.06970923818787657,14.73667455191624,2026-08-12,True,,,,pilot_observational,False
wisconsin_dem,Democratic Wisconsin governor,GOVPARTYWI-26-D,electricity_datacenters,electrical_equipment,Electrical equipment,theme,market_conditioned,0.15,True,False,40,43,0.9523809523809523,23,9,0.385,0.795,38.0,1.0,2026-07-09,2026-09-04,estimated,-0.004169533272048626,-0.0028594225485917544,2.6272190168482092,0.055692308750476455,0.006643393038043238,-0.01763032617467189,0.009291259630574639,-0.11701286951095413,0.10867380296685689,0.5341067736068413,0.9407236136760173,0.32292790640253854,,,,-0.05979186524373506,13.340181824321403,2026-08-12,True,,,,pilot_observational,False
wisconsin_dem,Democratic Wisconsin governor,GOVPARTYWI-26-D,electricity_datacenters,regulated_utilities,Regulated utilities,theme,raw,0.15,True,False,40,43,0.9523809523809523,23,9,0.385,0.795,38.0,1.0,2026-07-09,2026-09-04,estimated,0.0016166720400108995,-0.0016033705201229159,,0.0024728522123111307,0.0008837547578745952,-0.00017239593415986653,0.0034057400141816654,-0.003389355546808556,0.006622699626830355,0.07520640816792774,0.5171981303654665,0.010508488115749004,,,,-0.0006363763207692232,1.3936335292623312,2026-08-12,False,,,,pilot_observational,False
wisconsin_dem,Democratic Wisconsin governor,GOVPARTYWI-26-D,electricity_datacenters,regulated_utilities,Regulated utilities,theme,market_conditioned,0.15,True,False,40,43,0.9523809523809523,23,9,0.385,0.795,38.0,1.0,2026-07-09,2026-09-04,estimated,0.0015983578174493084,-0.0014012074220089285,-0.1849187457588342,0.003223359728837879,0.000895538705992622,-0.00021617595898378353,0.0034128915938824,-0.0049327893707535545,0.008129505005652172,0.08249482217492222,0.6229209808784895,0.02786250332532525,,,,-0.0014411391825754907,1.9016373973603042,2026-08-12,False,,,,pilot_observational,False
wisconsin_dem,Democratic Wisconsin governor,GOVPARTYWI-26-D,electricity_datacenters,power_generators,Power generators,theme,raw,0.15,True,False,40,43,0.9523809523809523,23,9,0.385,0.795,38.0,1.0,2026-07-09,2026-09-04,estimated,-0.0012815445049240248,0.0021712676389663245,,0.02102935869720714,0.0029408456819566254,-0.007234975340442732,0.004671886330594684,-0.04385325552236157,0.04129016651251353,0.6654661651083075,0.9517258042944755,0.0012281675698903038,,,,-0.022195702497824626,16.319494104608157,2026-08-12,True,,,,pilot_observational,False
wisconsin_dem,Democratic Wisconsin governor,GOVPARTYWI-26-D,electricity_datacenters,power_generators,Power generators,theme,market_conditioned,0.15,True,False,40,43,0.9523809523809523,23,9,0.385,0.795,38.0,1.0,2026-07-09,2026-09-04,estimated,-0.001219928950565365,0.0014911191194609734,0.6221323887989784,0.018859823773702482,0.0028855430086497003,-0.007066594446437728,0.004626736545306997,-0.039433561734898544,0.036993703833767815,0.6749081215732303,0.9487738202952631,0.03776219716381268,,,,-0.0199322697758392,15.33887757692919,2026-08-12,True,,,,pilot_observational,False
wisconsin_dem,Democratic Wisconsin governor,GOVPARTYWI-26-D,electricity_datacenters,data_center_reits,Data-center REITs,theme,raw,0.15,True,False,40,43,0.9523809523809523,23,9,0.385,0.795,38.0,1.0,2026-07-09,2026-09-04,estimated,0.0077296090138571786,0.0015637217176851983,,0.007434345637988899,0.0015528609375693473,0.004586006394474923,0.010873211633239434,-0.007320436908191954,0.02277965493590631,1.423574019565481e-05,0.3050423097673086,0.06179402931977185,,,,0.0004581983192871189,0.9407216693023297,2026-08-12,True,,,,pilot_observational,False
wisconsin_dem,Democratic Wisconsin governor,GOVPARTYWI-26-D,electricity_datacenters,data_center_reits,Data-center REITs,theme,market_conditioned,0.15,True,False,40,43,0.9523809523809523,23,9,0.385,0.795,38.0,1.0,2026-07-09,2026-09-04,estimated,0.007822887958079828,0.000534054185283311,0.9418377063700945,0.003930139987216192,0.0015944784367251455,0.004592167767124901,0.011053608149034755,-0.0001403320626669393,0.015786107978826597,1.8840144325720977e-05,0.05396307645484653,0.1775984987117345,,,,0.004264894370039147,0.45481842602204553,2026-08-12,True,,,,pilot_observational,False
wisconsin_dem,Democratic Wisconsin governor,GOVPARTYWI-26-D,electricity_datacenters,integrated_energy,Integrated energy,theme,raw,0.15,True,False,40,43,0.9523809523809523,23,9,0.385,0.795,38.0,1.0,2026-07-09,2026-09-04,estimated,-0.001148975518756671,0.002813338083533873,,0.0030266566133940707,0.0013640660203236568,-0.003910382809490507,0.0016124317719771652,-0.007276121503077194,0.004978170465563851,0.40488108236663883,0.7063417983130014,0.0026319772878619085,,,,-0.003932322110025755,2.422459439589277,2026-08-12,True,,,,pilot_observational,False
wisconsin_dem,Democratic Wisconsin governor,GOVPARTYWI-26-D,electricity_datacenters,integrated_energy,Integrated energy,theme,market_conditioned,0.15,True,False,40,43,0.9523809523809523,23,9,0.385,0.795,38.0,1.0,2026-07-09,2026-09-04,estimated,-0.001240405731820908,0.003822598240339708,-0.9231710637698526,0.006649774067436404,0.0009175532028303877,-0.003099545115824059,0.0006187336521822429,-0.014714127828106974,0.012233316364465159,0.1846260236606472,0.853045410549829,0.21710203381673066,,,,-0.007818026815146654,5.302798039855748,2026-08-12,True,,,,pilot_observational,False
wisconsin_dem,Democratic Wisconsin governor,GOVPARTYWI-26-D,electricity_datacenters,homebuilders,Homebuilders,theme,raw,0.15,True,False,40,43,0.9523809523809523,23,9,0.385,0.795,38.0,1.0,2026-07-09,2026-09-04,estimated,-0.005198714271040902,0.0009711573489736367,,0.02497478225804813,0.0034958450062474926,-0.012275682499629128,0.0018782539575473243,-0.05575751771920573,0.04536008917712393,0.14523644791252666,0.836216862734483,0.026685601770361167,,,,0.019678860859959436,4.785332263705903,2026-08-12,False,,,,pilot_observational,False
wisconsin_dem,Democratic Wisconsin governor,GOVPARTYWI-26-D,electricity_datacenters,homebuilders,Homebuilders,theme,market_conditioned,0.15,True,False,40,43,0.9523809523809523,23,9,0.385,0.795,38.0,1.0,2026-07-09,2026-09-04,estimated,-0.005084054290244911,-0.0002945265679632535,1.1577220799966752,0.030021182090596222,0.003577983631593509,-0.0123337377574212,0.002165629176931379,-0.06591274717343545,0.055744638592945636,0.16371138850407604,0.8664447086578333,0.1937313586927326,,,,0.0248851228283708,5.894739789879787,2026-08-12,False,,,,pilot_observational,False
wisconsin_dem,Democratic Wisconsin governor,GOVPARTYWI-26-D,electricity_datacenters,machinery_distribution,Machinery and distribution,theme,raw,0.15,True,False,40,43,0.9523809523809523,23,9,0.385,0.795,38.0,1.0,2026-07-09,2026-09-04,estimated,6.628383391601593e-06,0.0005984425755259782,,0.00945084239640651,0.001835857842565236,-0.0037098715188694812,0.0037231282856526847,-0.019125601807945546,0.01913885857472875,0.9971381241265775,0.9994440698173123,1.006845278261892e-07,,,,-0.009333397661788341,1409.0956260940038,2026-08-12,False,,,,pilot_observational,False
wisconsin_dem,Democratic Wisconsin governor,GOVPARTYWI-26-D,electricity_datacenters,machinery_distribution,Machinery and distribution,theme,market_conditioned,0.15,True,False,40,43,0.9523809523809523,23,9,0.385,0.795,38.0,1.0,2026-07-09,2026-09-04,estimated,8.055113164208747e-05,-0.00021755994694858105,0.7463981527774168,0.006560399802575096,0.0010714748523050328,-0.002090463138423598,0.0022515654017077726,-0.01321208150279323,0.013373183766077405,0.9404782486387514,0.9902694782355913,0.16115010543256425,,,,-0.00637237874368403,80.10973581350036,2026-08-12,False,,,,pilot_observational,False
wisconsin_dem,Democratic Wisconsin governor,GOVPARTYWI-26-D,electricity_datacenters,managed_care,Managed care (UNH only),single_company_proxy,raw,0.15,True,False,40,43,0.9523809523809523,23,9,0.385,0.795,38.0,1.0,2026-07-09,2026-09-04,estimated,0.003306011679644902,-0.0019028198660605289,,0.005061387315063785,0.0010974840630987106,0.0010842713473214766,0.005527752011968328,-0.0069402312622682955,0.0135522546215581,0.004593528781361459,0.5175711989968232,0.023352607338912423,,,,0.008243399591466562,1.4934574920654797,2026-08-12,True,,,,pilot_observational,False
wisconsin_dem,Democratic Wisconsin governor,GOVPARTYWI-26-D,electricity_datacenters,managed_care,Managed care (UNH only),single_company_proxy,market_conditioned,0.15,True,False,40,43,0.9523809523809523,23,9,0.385,0.795,38.0,1.0,2026-07-09,2026-09-04,estimated,0.003329594563502543,-0.002163141528478339,0.2381164305318163,0.006103700988154711,0.0011855604480647606,0.0009274209191683113,0.0057317682078367755,-0.009037678375279858,0.015696867502284946,0.007902363311586792,0.588680599317498,0.038644000335965045,,,,0.00931141114069982,1.7965600505140025,2026-08-12,True,,,,pilot_observational,False
wisconsin_dem,Democratic Wisconsin governor,GOVPARTYWI-26-D,electricity_datacenters,hospitals,Hospitals (HCA only),single_company_proxy,raw,0.15,True,False,40,43,0.9523809523809523,23,9,0.385,0.795,38.0,1.0,2026-07-09,2026-09-04,estimated,0.0030232782477820253,0.00016254606673563938,,0.00915692426908364,0.002200048361855716,-0.0014304868162827744,0.007477043311846825,-0.01551394580193477,0.02156050229749882,0.17743499368288573,0.743090119901177,0.006140440292151883,,,,0.011963385016560411,2.9570902960510295,2026-08-12,True,,,,pilot_observational,False
wisconsin_dem,Democratic Wisconsin governor,GOVPARTYWI-26-D,electricity_datacenters,hospitals,Hospitals (HCA only),single_company_proxy,market_conditioned,0.15,True,False,40,43,0.9523809523809523,23,9,0.385,0.795,38.0,1.0,2026-07-09,2026-09-04,estimated,0.0030493780848717144,-0.00012555919727854714,0.263530112889256,0.010343760651602345,0.0020970396800614115,-0.0011996279095416924,0.007298384079285122,-0.017909071786782024,0.024007827956525455,0.1543398385514476,0.7697917412986384,0.012029493565036575,,,,0.01319955218878855,3.3286046601675663,2026-08-12,True,,,,pilot_observational,False
wisconsin_dem,Democratic Wisconsin governor,GOVPARTYWI-26-D,electricity_datacenters,generators_minus_regulated,Generators minus regulated utilities,relative_return_contrast,raw,0.15,True,False,40,43,0.9523809523809523,23,9,0.385,0.795,38.0,1.0,2026-07-09,2026-09-04,estimated,-0.002898216544934924,0.00377463815908924,,0.01875558791190199,0.002434625838175778,-0.007826858883047256,0.002030425793177408,-0.04086691925452719,0.03507048616465734,0.24126685021942107,0.8780132309930726,0.005521807787909672,,,,-0.021559326177055412,6.438825168096439,2026-08-12,True,,,,pilot_observational,False
wisconsin_dem,Democratic Wisconsin governor,GOVPARTYWI-26-D,electricity_datacenters,generators_minus_regulated,Generators minus regulated utilities,relative_return_contrast,market_conditioned,0.15,True,False,40,43,0.9523809523809523,23,9,0.385,0.795,38.0,1.0,2026-07-09,2026-09-04,estimated,-0.0028182867680146737,0.002892326541469901,0.8070511345578126,0.01581936219890776,0.002309572803851874,-0.007497925775996348,0.0018613522399670008,-0.03487135922536917,0.029234785689339824,0.2300856234813383,0.8595736842110433,0.05956779321632821,,,,-0.018491130593263707,5.5611245821835515,2026-08-12,True,,,,pilot_observational,False
wisconsin_dem,Democratic Wisconsin governor,GOVPARTYWI-26-D,electricity_datacenters,equipment_minus_generators,Equipment minus generators,relative_return_contrast,raw,0.15,True,False,40,43,0.9523809523809523,23,9,0.385,0.795,38.0,1.0,2026-07-09,2026-09-04,estimated,-0.0031481866913272284,-0.002158473346098964,,0.04450985721864286,0.006995169565702315,-0.017309167135709617,0.011012793753055162,-0.09325368188130288,0.08695730849864843,0.6552303615663785,0.9439835000329934,0.004803726206347281,,,,-0.04751353569005194,14.092350088685796,2026-08-12,True,,,,pilot_observational,False
wisconsin_dem,Democratic Wisconsin governor,GOVPARTYWI-26-D,electricity_datacenters,equipment_minus_generators,Equipment minus generators,relative_return_contrast,market_conditioned,0.15,True,False,40,43,0.9523809523809523,23,9,0.385,0.795,38.0,1.0,2026-07-09,2026-09-04,estimated,-0.002949604321483261,-0.004350541668052727,2.0050866280492308,0.03702120097205534,0.005048011910995008,-0.013177848008822518,0.007278639365855996,-0.07796168270334773,0.0720624740603812,0.5625576852060639,0.9369264039317168,0.25076417864360145,,,,-0.03985959546789587,12.513539825522011,2026-08-12,True,,,,pilot_observational,False
wisconsin_dem,Democratic Wisconsin governor,GOVPARTYWI-26-D,electricity_datacenters,hospitals_minus_managed_care,Hospitals minus managed care,relative_return_contrast,raw,0.15,True,False,40,43,0.9523809523809523,23,9,0.385,0.795,38.0,1.0,2026-07-09,2026-09-04,estimated,-0.0002827334318628756,0.0020653659327961676,,0.004663720351391363,0.0021392689681571614,-0.004613457046038214,0.0040479901823124624,-0.00972394169333703,0.009158474829611279,0.8955522469486454,0.951976378768415,5.1854922518801416e-05,,,,0.003719985425093852,14.15721809261675,2026-08-12,False,,,,pilot_observational,False
wisconsin_dem,Democratic Wisconsin governor,GOVPARTYWI-26-D,electricity_datacenters,hospitals_minus_managed_care,Hospitals minus managed care,relative_return_contrast,market_conditioned,0.15,True,False,40,43,0.9523809523809523,23,9,0.385,0.795,38.0,1.0,2026-07-09,2026-09-04,estimated,-0.0002802164786308292,0.002037582331199793,0.02541368235743985,0.004879377886970582,0.0021754988421326784,-0.004688195835888616,0.004127762878626958,-0.010166775177481524,0.009606342220219865,0.8982090818817128,0.9545127059532584,0.00010473749433503876,,,,0.0038881410480887274,14.875490360476453,2026-08-12,False,,,,pilot_observational,False
georgia_dem,Democratic Georgia governor,GOVPARTYGA-26-D,electricity_datacenters,sector_technology,Technology sector,sector,raw,0.05,True,False,36,43,0.8571428571428571,14,5,0.4649999999999999,0.61,5.000000000000004,1.0,2026-07-13,2026-09-04,estimated,-0.014353930803690022,0.0012071950541719105,,0.022748116838884447,0.018162776199631005,-0.05126513300935667,0.022557271401976626,-0.06058366634683088,0.03187580473945083,0.43483394317769364,0.5322634555658103,0.0114484277213448,,,,0.0015301725597596022,1.106603033042784,2026-07-16,False,,,,pilot_observational,False
georgia_dem,Democratic Georgia governor,GOVPARTYGA-26-D,electricity_datacenters,sector_technology,Technology sector,sector,market_conditioned,0.05,True,False,36,43,0.8571428571428571,14,5,0.4649999999999999,0.61,5.000000000000004,1.0,2026-07-13,2026-09-04,estimated,0.00541499041971083,-0.0012664616399573354,2.0682160524201847,0.017524002017880267,0.010510108644382026,-0.01596798639513893,0.02679796723456059,-0.030237859758199648,0.04106784059762131,0.6098354603092893,0.759260864066276,0.622597924610965,,,,0.017471795855868687,2.226560806510478,2026-07-16,True,,,,pilot_observational,False
georgia_dem,Democratic Georgia governor,GOVPARTYGA-26-D,electricity_datacenters,sector_consumer_discretionary,Consumer discretionary sector,sector,raw,0.05,True,False,36,43,0.8571428571428571,14,5,0.4649999999999999,0.61,5.000000000000004,1.0,2026-07-13,2026-09-04,estimated,-0.011772401918241509,0.0011479149988273313,,0.013017713154619122,0.009372402186770048,-0.030819414801422317,0.007274610964939299,-0.038227578000589256,0.014682774164106238,0.21765303594856142,0.37218015485980854,0.021224050504596303,,,,-0.01918091409693378,0.6293118626210573,2026-07-16,True,,,,pilot_observational,False
georgia_dem,Democratic Georgia governor,GOVPARTYGA-26-D,electricity_datacenters,sector_consumer_discretionary,Consumer discretionary sector,sector,market_conditioned,0.05,True,False,36,43,0.8571428571428571,14,5,0.4649999999999999,0.61,5.000000000000004,1.0,2026-07-13,2026-09-04,estimated,-0.0036804217591293875,0.00013537715403818266,0.8465794906972797,0.012375480694022518,0.008386900383977207,-0.020743698888514746,0.01338285537025597,-0.028858526544407154,0.02149768302614838,0.6636447091126763,0.7680281416702462,0.3034423003157318,,,,-0.01248654837766552,2.392694966736433,2026-07-16,True,,,,pilot_observational,False
georgia_dem,Democratic Georgia governor,GOVPARTYGA-26-D,electricity_datacenters,sector_communications,Communication services sector,sector,raw,0.05,True,False,36,43,0.8571428571428571,14,5,0.4649999999999999,0.61,5.000000000000004,1.0,2026-07-13,2026-09-04,estimated,-0.019074683597120605,0.0020035002556580204,,0.010919657087424895,0.008577305709902578,-0.03650586603080963,-0.001643501163431576,-0.04126609675667216,0.0031167295624309477,0.03290545455623552,0.08969768810681553,0.04812965128268376,,,,-0.02013625992500098,0.05565367952109165,2026-07-16,True,,,,pilot_observational,False
georgia_dem,Democratic Georgia governor,GOVPARTYGA-26-D,electricity_datacenters,sector_communications,Communication services sector,sector,market_conditioned,0.05,True,False,36,43,0.8571428571428571,14,5,0.4649999999999999,0.61,5.000000000000004,1.0,2026-07-13,2026-09-04,estimated,-0.014645873261996787,0.0014493295850025194,0.46334023615739584,0.010167823299563818,0.008276451094772567,-0.0314844396229029,0.0021926930989093225,-0.035332465306721184,0.006040718782727607,0.08603748610390326,0.15917134065661193,0.12115095125164199,,,,-0.016508742249033013,0.1271941217646619,2026-07-16,True,,,,pilot_observational,False
georgia_dem,Democratic Georgia governor,GOVPARTYGA-26-D,electricity_datacenters,sector_industrials,Industrials sector,sector,raw,0.05,True,False,36,43,0.8571428571428571,14,5,0.4649999999999999,0.61,5.000000000000004,1.0,2026-07-13,2026-09-04,estimated,0.005623109973813821,-0.001702784725576722,,0.007370827186330618,0.007223903548833623,-0.009057628349144092,0.02030384829677173,-0.009356213104736347,0.020602433052363988,0.44171510579849793,0.45079156168317824,0.006727849689466048,,,,0.006213288761788222,0.1049559391018131,2026-07-16,True,,,,pilot_observational,False
georgia_dem,Democratic Georgia governor,GOVPARTYGA-26-D,electricity_datacenters,sector_industrials,Industrials sector,sector,market_conditioned,0.05,True,False,36,43,0.8571428571428571,14,5,0.4649999999999999,0.61,5.000000000000004,1.0,2026-07-13,2026-09-04,estimated,0.015610273426547878,-0.002952464131500753,1.044852753352992,0.006127756095224736,0.005303291955717076,0.004820644815801469,0.02639990203729429,0.0031432599117747276,0.028077286941321028,0.005901753299869996,0.015694776604663428,0.6040172502692972,,,,0.014357245912402464,0.08026941488509941,2026-07-16,True,,,,pilot_observational,False
georgia_dem,Democratic Georgia governor,GOVPARTYGA-26-D,electricity_datacenters,sector_utilities,Utilities sector,sector,raw,0.05,True,False,36,43,0.8571428571428571,14,5,0.4649999999999999,0.61,5.000000000000004,1.0,2026-07-13,2026-09-04,estimated,0.0065395525290968485,-0.002318094477467419,,0.010836836644017273,0.009971563079360719,-0.013725101788249256,0.026804206846442954,-0.015483549239080305,0.028562654297274004,0.5163535076242729,0.5502104628379919,0.014303413244791452,,,,0.0021038434626345966,0.6782893855085907,2026-07-16,True,,,,pilot_observational,False
georgia_dem,Democratic Georgia governor,GOVPARTYGA-26-D,electricity_datacenters,sector_utilities,Utilities sector,sector,market_conditioned,0.05,True,False,36,43,0.8571428571428571,14,5,0.4649999999999999,0.61,5.000000000000004,1.0,2026-07-13,2026-09-04,estimated,0.006792566752826881,-0.0023497537835654608,0.026470239478199722,0.011335928556617395,0.010660451504842369,-0.014896284911491739,0.0284814184171455,-0.016270553306404006,0.029855686812057768,0.5284073235969405,0.5531267457591847,0.014905987900352802,,,,0.002364236472015371,0.6519376904126205,2026-07-16,True,,,,pilot_observational,False
georgia_dem,Democratic Georgia governor,GOVPARTYGA-26-D,electricity_datacenters,sector_real_estate,Real estate sector,sector,raw,0.05,True,False,36,43,0.8571428571428571,14,5,0.4649999999999999,0.61,5.000000000000004,1.0,2026-07-13,2026-09-04,estimated,0.01936193547880222,-0.0006915578833915994,,0.016545242869523875,0.010954845673203683,-0.002900989490988933,0.04162486044859337,-0.014262043498115811,0.05298591445572025,0.08613113143755263,0.2500412973056487,0.1114291133459594,,,,0.008499532693921966,0.5610184372720692,2026-07-16,True,,,,pilot_observational,False
georgia_dem,Democratic Georgia governor,GOVPARTYGA-26-D,electricity_datacenters,sector_real_estate,Real estate sector,sector,market_conditioned,0.05,True,False,36,43,0.8571428571428571,14,5,0.4649999999999999,0.61,5.000000000000004,1.0,2026-07-13,2026-09-04,estimated,0.019859404420512573,-0.0007538054569378263,0.05204498713910282,0.016546228080632327,0.011204451036456956,-0.0029362226126811997,0.042655031453706346,-0.0138041497246197,0.053522958565644846,0.08555148962294898,0.2385926929977476,0.1134993044985203,,,,0.009037522772695317,0.5449247831742349,2026-07-16,True,,,,pilot_observational,False
georgia_dem,Democratic Georgia governor,GOVPARTYGA-26-D,electricity_datacenters,sector_energy,Energy sector,sector,raw,0.05,True,False,36,43,0.8571428571428571,14,5,0.4649999999999999,0.61,5.000000000000004,1.0,2026-07-13,2026-09-04,estimated,0.015226813612662243,0.0022700319664009073,,0.009809967884006315,0.008430612628974665,-0.0019062526127561347,0.03235987983808062,-0.00470943975619275,0.035163066981517235,0.07975678493297851,0.12987950996868203,0.03310320929085564,,,,0.01588573866330753,0.0432739946391241,2026-07-16,True,,,,pilot_observational,False
georgia_dem,Democratic Georgia governor,GOVPARTYGA-26-D,electricity_datacenters,sector_energy,Energy sector,sector,market_conditioned,0.05,True,False,36,43,0.8571428571428571,14,5,0.4649999999999999,0.61,5.000000000000004,1.0,2026-07-13,2026-09-04,estimated,0.008786183867036657,0.003075938707827737,-0.6738159192940638,0.010098458778688316,0.009068188689427195,-0.00966318474176004,0.027235552475833355,-0.011759284998866283,0.029331652732939598,0.3396423002940306,0.3905569712090925,0.1997841989125989,,,,0.010621145696446229,0.20884628152318135,2026-07-16,True,,,,pilot_observational,False
georgia_dem,Democratic Georgia governor,GOVPARTYGA-26-D,electricity_datacenters,sector_financials,Financials sector,sector,raw,0.05,True,False,36,43,0.8571428571428571,14,5,0.4649999999999999,0.61,5.000000000000004,1.0,2026-07-13,2026-09-04,estimated,-0.009707766974214637,0.0017388615762494296,,0.010911388798453133,0.006764434161069959,-0.023454751156690268,0.004039217208260995,-0.03188237694890188,0.012466843000472601,0.16038906880754475,0.3798837955733097,0.03316339288901249,,,,-0.015982382173874442,0.6463500016354095,2026-07-16,True,,,,pilot_observational,False
georgia_dem,Democratic Georgia governor,GOVPARTYGA-26-D,electricity_datacenters,sector_financials,Financials sector,sector,market_conditioned,0.05,True,False,36,43,0.8571428571428571,14,5,0.4649999999999999,0.61,5.000000000000004,1.0,2026-07-13,2026-09-04,estimated,-0.004405357121255423,0.0010753786537587796,0.5547358427135571,0.011241324149382611,0.007207611577467821,-0.019069353133686663,0.010258638891175816,-0.027276003066761013,0.01846528882425017,0.5452488324232175,0.6976592899428251,0.31161147094555264,,,,-0.011578529951787592,1.628284071664089,2026-07-16,True,,,,pilot_observational,False
georgia_dem,Democratic Georgia governor,GOVPARTYGA-26-D,electricity_datacenters,sector_healthcare,Healthcare sector,sector,raw,0.05,True,False,36,43,0.8571428571428571,14,5,0.4649999999999999,0.61,5.000000000000004,1.0,2026-07-13,2026-09-04,estimated,0.01151695883414398,0.000488491713090158,,0.017602592568110666,0.009621757539548867,-0.008036805095590568,0.03107072276387853,-0.0242558132621558,0.047289730930443766,0.23959760341010136,0.5173353834977544,0.019815163165310512,,,,-0.003919463634399913,1.3403210596516153,2026-07-16,False,,,,pilot_observational,False
georgia_dem,Democratic Georgia governor,GOVPARTYGA-26-D,electricity_datacenters,sector_healthcare,Healthcare sector,sector,market_conditioned,0.05,True,False,36,43,0.8571428571428571,14,5,0.4649999999999999,0.61,5.000000000000004,1.0,2026-07-13,2026-09-04,estimated,0.011110072065785587,0.0005394048695000758,-0.04256831904616312,0.017656752065373284,0.010066884128899393,-0.009371157692110183,0.03159130182368136,-0.02481286011448656,0.04703300424605773,0.2777385102711953,0.5335337629549534,0.020511222921522965,,,,-0.004063999655451313,1.3657941758961893,2026-07-16,False,,,,pilot_observational,False
georgia_dem,Democratic Georgia governor,GOVPARTYGA-26-D,electricity_datacenters,sector_staples,Consumer staples sector,sector,raw,0.05,True,False,36,43,0.8571428571428571,14,5,0.4649999999999999,0.61,5.000000000000004,1.0,2026-07-13,2026-09-04,estimated,0.014882761328587294,-7.713426282272774e-05,,0.023340059291663155,0.013153980463762278,-0.011849343244566133,0.041614865901740725,-0.03254994601404515,0.062315468671219745,0.26579307965094007,0.5279734949220507,0.03796457059881431,,,,-0.005149579523438012,1.346009682594757,2026-07-16,False,,,,pilot_observational,False
georgia_dem,Democratic Georgia governor,GOVPARTYGA-26-D,electricity_datacenters,sector_staples,Consumer staples sector,sector,market_conditioned,0.05,True,False,36,43,0.8571428571428571,14,5,0.4649999999999999,0.61,5.000000000000004,1.0,2026-07-13,2026-09-04,estimated,0.012930702236246995,0.0001671240852447228,-0.20422358430322385,0.023291295277194167,0.013361473614379683,-0.014253420228674171,0.04011482470116816,-0.034455794302614064,0.06031719877510806,0.3402037258010495,0.5825203216310876,0.05634580806050782,,,,-0.006499384747617862,1.502632001640171,2026-07-16,False,,,,pilot_observational,False
georgia_dem,Democratic Georgia governor,GOVPARTYGA-26-D,electricity_datacenters,cloud_platforms,Cloud platforms,theme,raw,0.05,True,False,36,43,0.8571428571428571,14,5,0.4649999999999999,0.61,5.000000000000004,1.0,2026-07-13,2026-09-04,estimated,-0.04798771704911042,0.006243512324827614,,0.012548155380532264,0.013671258718750396,-0.0757710575157529,-0.02020437658246794,-0.07348863692326271,-0.02248679717495814,0.0012846566890394344,0.0005342079564552549,0.08945745652965453,,,,-0.04889722298439453,0.018952890264675868,2026-07-16,True,,,,pilot_observational,False
georgia_dem,Democratic Georgia governor,GOVPARTYGA-26-D,electricity_datacenters,cloud_platforms,Cloud platforms,theme,market_conditioned,0.05,True,False,36,43,0.8571428571428571,14,5,0.4649999999999999,0.61,5.000000000000004,1.0,2026-07-13,2026-09-04,estimated,-0.03295061817918512,0.004361941759619247,1.573174828973232,0.01130911926103286,0.011462808522364098,-0.056271877469667525,-0.009629358888702717,-0.05595919431643543,-0.009942042041934808,0.007029354494694476,0.006367708389909054,0.3366650715046504,,,,-0.036613487526941546,0.11116238632725436,2026-07-16,True,,,,pilot_observational,False
georgia_dem,Democratic Georgia governor,GOVPARTYGA-26-D,electricity_datacenters,electrical_equipment,Electrical equipment,theme,raw,0.05,True,False,36,43,0.8571428571428571,14,5,0.4649999999999999,0.61,5.000000000000004,1.0,2026-07-13,2026-09-04,estimated,-0.01137860379891899,-0.00046622870176550243,,0.04430257389391214,0.03651924923522155,-0.08559464754160327,0.0628374399437653,-0.10141226634346442,0.07865505874562645,0.7572636637430677,0.7988514020005619,0.002022920528631511,,,,0.018769941328057184,2.6495821156757735,2026-07-16,False,,,,pilot_observational,False
georgia_dem,Democratic Georgia governor,GOVPARTYGA-26-D,electricity_datacenters,electrical_equipment,Electrical equipment,theme,market_conditioned,0.05,True,False,36,43,0.8571428571428571,14,5,0.4649999999999999,0.61,5.000000000000004,1.0,2026-07-13,2026-09-04,estimated,0.018257596349567348,-0.004174563823212555,3.1005265379520024,0.04191993117642579,0.03073595469820959,-0.044275173665649925,0.08079036636478462,-0.06702914489689436,0.10354433759602906,0.5565530720521716,0.6660097783088115,0.3882327079742287,,,,0.04259153772367743,1.3328118832404094,2026-07-16,True,,,,pilot_observational,False
georgia_dem,Democratic Georgia governor,GOVPARTYGA-26-D,electricity_datacenters,regulated_utilities,Regulated utilities,theme,raw,0.05,True,False,36,43,0.8571428571428571,14,5,0.4649999999999999,0.61,5.000000000000004,1.0,2026-07-13,2026-09-04,estimated,0.007649577403952607,-0.002161498225512804,,0.013341218744152802,0.010872383058038131,-0.01444576336894437,0.029744918176849586,-0.019463041136458553,0.03476219594436377,0.486485826397554,0.5701613536265263,0.014477553908364804,,,,5.9400316538613714e-05,0.9922348237815175,2026-07-16,True,,,,pilot_observational,False
georgia_dem,Democratic Georgia governor,GOVPARTYGA-26-D,electricity_datacenters,regulated_utilities,Regulated utilities,theme,market_conditioned,0.05,True,False,36,43,0.8571428571428571,14,5,0.4649999999999999,0.61,5.000000000000004,1.0,2026-07-13,2026-09-04,estimated,0.006793311427361976,-0.0020543548947760067,-0.0895821789116995,0.013766062806877212,0.011553298882029729,-0.016712051884131846,0.030298674738855797,-0.021213953938878087,0.03480057679360204,0.5605366818769749,0.6249400652873197,0.019582780778356956,,,,-0.0005472312503671615,1.0805544183007765,2026-07-16,False,,,,pilot_observational,False
georgia_dem,Democratic Georgia governor,GOVPARTYGA-26-D,electricity_datacenters,power_generators,Power generators,theme,raw,0.05,True,False,36,43,0.8571428571428571,14,5,0.4649999999999999,0.61,5.000000000000004,1.0,2026-07-13,2026-09-04,estimated,-0.0009711622983259137,4.540591334656037e-05,,0.039400383517931986,0.027967133704057987,-0.057807216209752266,0.055864891613100445,-0.08104237536765553,0.0791000507710037,0.9725019944507973,0.9804793948299881,3.31600091777462e-05,,,,0.033710507748326304,35.711507856551236,2026-07-16,False,,,,pilot_observational,False
georgia_dem,Democratic Georgia governor,GOVPARTYGA-26-D,electricity_datacenters,power_generators,Power generators,theme,market_conditioned,0.05,True,False,36,43,0.8571428571428571,14,5,0.4649999999999999,0.61,5.000000000000004,1.0,2026-07-13,2026-09-04,estimated,0.005094131275210358,-0.0007135355524263533,0.6345484100862179,0.03886416944718793,0.027918911773981488,-0.05170732181709342,0.061895584367514134,-0.07397561598775668,0.08416387853817739,0.8563367388196571,0.8965116077058606,0.036434052635816006,,,,0.03823938635658015,6.506556916321534,2026-07-16,True,,,,pilot_observational,False
georgia_dem,Democratic Georgia governor,GOVPARTYGA-26-D,electricity_datacenters,data_center_reits,Data-center REITs,theme,raw,0.05,True,False,36,43,0.8571428571428571,14,5,0.4649999999999999,0.61,5.000000000000004,1.0,2026-07-13,2026-09-04,estimated,0.0377485976582624,-0.0007374238988825258,,0.04584907422353544,0.03905890124112383,-0.04162863992899453,0.11712583524551932,-0.055427931689818036,0.13092512700634285,0.34064205918167473,0.4160621195581827,0.06381834631085526,,,,0.06850243560715016,0.814701468576446,2026-07-16,True,,,,pilot_observational,False
georgia_dem,Democratic Georgia governor,GOVPARTYGA-26-D,electricity_datacenters,data_center_reits,Data-center REITs,theme,market_conditioned,0.05,True,False,36,43,0.8571428571428571,14,5,0.4649999999999999,0.61,5.000000000000004,1.0,2026-07-13,2026-09-04,estimated,0.049451131701833614,-0.002201745160929385,1.2243140882294405,0.04280517630398919,0.036738271846101754,-0.025293444370912743,0.12419570777457997,-0.03763665429864832,0.13653891770231555,0.18746471925408933,0.25628039833755917,0.23643436470028523,,,,0.0776799290835618,0.5708422923854235,2026-07-16,True,,,,pilot_observational,False
georgia_dem,Democratic Georgia governor,GOVPARTYGA-26-D,electricity_datacenters,integrated_energy,Integrated energy,theme,raw,0.05,True,False,36,43,0.8571428571428571,14,5,0.4649999999999999,0.61,5.000000000000004,1.0,2026-07-13,2026-09-04,estimated,0.010497678956815762,0.0025701058393069165,,0.011924267019504357,0.011189212642498574,-0.012241536999490366,0.03323689491312189,-0.013735347221210326,0.03473070513484185,0.3547608482802268,0.3848435754155286,0.012139433873644134,,,,0.007216237224904529,0.31258735815889205,2026-07-16,True,,,,pilot_observational,False
georgia_dem,Democratic Georgia governor,GOVPARTYGA-26-D,electricity_datacenters,integrated_energy,Integrated energy,theme,market_conditioned,0.05,True,False,36,43,0.8571428571428571,14,5,0.4649999999999999,0.61,5.000000000000004,1.0,2026-07-13,2026-09-04,estimated,0.0016179799416212882,0.003681209812182681,-0.9289902992858186,0.011440635155151525,0.010537201155090565,-0.019820117000711304,0.023056076883953877,-0.021658167294071176,0.02489412717731375,0.8789002534097355,0.8883948595201605,0.2565869999244028,,,,8.84693763379945e-06,0.9945321092022102,2026-07-16,True,,,,pilot_observational,False
georgia_dem,Democratic Georgia governor,GOVPARTYGA-26-D,electricity_datacenters,homebuilders,Homebuilders,theme,raw,0.05,True,False,36,43,0.8571428571428571,14,5,0.4649999999999999,0.61,5.000000000000004,1.0,2026-07-13,2026-09-04,estimated,0.007819824750744928,-0.0011176119419788275,,0.03045080833925169,0.018603403957039275,-0.02998684079556766,0.045626490297057516,-0.05406366330098551,0.06970331280247537,0.6768791759730404,0.7988793924334395,0.00284444502448733,,,,-0.004957342000798764,1.6339454091124639,2026-07-16,False,,,,pilot_observational,False
georgia_dem,Democratic Georgia governor,GOVPARTYGA-26-D,electricity_datacenters,homebuilders,Homebuilders,theme,market_conditioned,0.05,True,False,36,43,0.8571428571428571,14,5,0.4649999999999999,0.61,5.000000000000004,1.0,2026-07-13,2026-09-04,estimated,0.020273459599747027,-0.0026759173680740897,1.3028939320774235,0.031014577349585067,0.01799601373212822,-0.0163397056313762,0.05688662483087026,-0.04282617246190955,0.0833730916614036,0.2680573539667574,0.5178504119117402,0.2058804812347914,,,,0.005362061589939598,0.735513242643278,2026-07-16,True,,,,pilot_observational,False
georgia_dem,Democratic Georgia governor,GOVPARTYGA-26-D,electricity_datacenters,machinery_distribution,Machinery and distribution,theme,raw,0.05,True,False,36,43,0.8571428571428571,14,5,0.4649999999999999,0.61,5.000000000000004,1.0,2026-07-13,2026-09-04,estimated,0.0011456758792211274,0.00035728717619608,,0.010314132991382537,0.010659442813230058,-0.020516918250351873,0.02280827000879413,-0.01981516426088877,0.022106516019331026,0.9150400074671611,0.9122074322119738,0.00013442985069755942,,,,0.000635798616033227,0.4450449489558371,2026-07-16,True,,,,pilot_observational,False
georgia_dem,Democratic Georgia governor,GOVPARTYGA-26-D,electricity_datacenters,machinery_distribution,Machinery and distribution,theme,market_conditioned,0.05,True,False,36,43,0.8571428571428571,14,5,0.4649999999999999,0.61,5.000000000000004,1.0,2026-07-13,2026-09-04,estimated,0.010124230604261437,-0.0007661864695439567,0.9393325412152627,0.010006703197116423,0.009444611673547793,-0.009090976324040143,0.029339437532563017,-0.010234560127307127,0.03048302133583,0.29151591172770613,0.31902121024000146,0.23249498853788342,,,,0.007969934646612848,0.21278614068132887,2026-07-16,True,,,,pilot_observational,False
georgia_dem,Democratic Georgia governor,GOVPARTYGA-26-D,electricity_datacenters,managed_care,Managed care (UNH only),single_company_proxy,raw,0.05,True,False,36,43,0.8571428571428571,14,5,0.4649999999999999,0.61,5.000000000000004,1.0,2026-07-13,2026-09-04,estimated,-0.005944386745466677,-0.0010107190946409869,,0.020988799908756323,0.016952929194157005,-0.04039688401714431,0.028508110526210953,-0.048598760117204945,0.03670998662627159,0.728021185831403,0.7787277727653878,0.003472310765412101,,,,-0.02105877340696013,2.542631781658558,2026-07-16,True,,,,pilot_observational,False
georgia_dem,Democratic Georgia governor,GOVPARTYGA-26-D,electricity_datacenters,managed_care,Managed care (UNH only),single_company_proxy,market_conditioned,0.05,True,False,36,43,0.8571428571428571,14,5,0.4649999999999999,0.61,5.000000000000004,1.0,2026-07-13,2026-09-04,estimated,-0.006065104644292019,-0.0009956138374974134,-0.012629454755956615,0.02165121861473579,0.01694974860600613,-0.04054962747113209,0.028419418182548055,-0.05011484012439185,0.03798463083580782,0.7227502580520796,0.7811281546687079,0.0035126126332745145,,,,-0.020973662377012734,2.4580874703870825,2026-07-16,True,,,,pilot_observational,False
georgia_dem,Democratic Georgia governor,GOVPARTYGA-26-D,electricity_datacenters,hospitals,Hospitals (HCA only),single_company_proxy,raw,0.05,True,False,36,43,0.8571428571428571,14,5,0.4649999999999999,0.61,5.000000000000004,1.0,2026-07-13,2026-09-04,estimated,-0.015709532727411425,0.0002804838117321639,,0.0362640097303529,0.017869410269646353,-0.05202454363264587,0.020605478177823027,-0.08940686738776543,0.05798780193294259,0.3855020654413186,0.6676061709713378,0.007178381501953601,,,,-0.040676002809057164,1.5892560596714609,2026-07-16,True,,,,pilot_observational,False
georgia_dem,Democratic Georgia governor,GOVPARTYGA-26-D,electricity_datacenters,hospitals,Hospitals (HCA only),single_company_proxy,market_conditioned,0.05,True,False,36,43,0.8571428571428571,14,5,0.4649999999999999,0.61,5.000000000000004,1.0,2026-07-13,2026-09-04,estimated,-0.012343310640685477,-0.00014072671891119228,0.3521727097347549,0.03624737495865375,0.018687820147975487,-0.05036396660772356,0.025677345326352612,-0.08608914948644861,0.06140252820507766,0.5135174158506276,0.7356159722155373,0.016454427600016364,,,,-0.0376252888484054,2.04823316399302,2026-07-16,True,,,,pilot_observational,False
georgia_dem,Democratic Georgia governor,GOVPARTYGA-26-D,electricity_datacenters,generators_minus_regulated,Generators minus regulated utilities,relative_return_contrast,raw,0.05,True,False,36,43,0.8571428571428571,14,5,0.4649999999999999,0.61,5.000000000000004,1.0,2026-07-13,2026-09-04,estimated,-0.008620739702278512,0.0022069041388593645,,0.04764706558095179,0.03025290932240134,-0.07010204856361546,0.05286056915905843,-0.10545122711426905,0.08820974770971202,0.7774066670249928,0.8574974704030708,0.002304381264789934,,,,0.03365110743178769,4.903505800423774,2026-07-16,False,,,,pilot_observational,False
georgia_dem,Democratic Georgia governor,GOVPARTYGA-26-D,electricity_datacenters,generators_minus_regulated,Generators minus regulated utilities,relative_return_contrast,market_conditioned,0.05,True,False,36,43,0.8571428571428571,14,5,0.4649999999999999,0.61,5.000000000000004,1.0,2026-07-13,2026-09-04,estimated,-0.0016991801521516123,0.0013408193423496543,0.7241305889979175,0.046779559348106056,0.029590621544150774,-0.06190175234476032,0.0585033920404571,-0.09687290925381259,0.09347454894950935,0.9545545978335706,0.9712435433391472,0.04411153081400543,,,,0.03878661760694731,23.826665882268678,2026-07-16,False,,,,pilot_observational,False
georgia_dem,Democratic Georgia governor,GOVPARTYGA-26-D,electricity_datacenters,equipment_minus_generators,Equipment minus generators,relative_return_contrast,raw,0.05,True,False,36,43,0.8571428571428571,14,5,0.4649999999999999,0.61,5.000000000000004,1.0,2026-07-13,2026-09-04,estimated,-0.010407441500593072,-0.0005116346151120636,,0.02524404688598008,0.02289678165167048,-0.056939300293247085,0.036124417292060944,-0.06170951717758514,0.040894634176399,0.6523309593351249,0.6827272419485118,0.002319778782979953,,,,-0.01494056642026912,0.4355657362491758,2026-07-16,True,,,,pilot_observational,False
georgia_dem,Democratic Georgia governor,GOVPARTYGA-26-D,electricity_datacenters,equipment_minus_generators,Equipment minus generators,relative_return_contrast,market_conditioned,0.05,True,False,36,43,0.8571428571428571,14,5,0.4649999999999999,0.61,5.000000000000004,1.0,2026-07-13,2026-09-04,estimated,0.013163465074356999,-0.0034610282707862026,2.4659781278657844,0.02402347813623764,0.022391462081336345,-0.0323923070623786,0.058719237211092595,-0.0357126686917582,0.0620395988404722,0.560615472613966,0.5874195508999894,0.3371992730260507,,,,0.004352151367097289,0.6693764641366756,2026-07-16,True,,,,pilot_observational,False
georgia_dem,Democratic Georgia governor,GOVPARTYGA-26-D,electricity_datacenters,hospitals_minus_managed_care,Hospitals minus managed care,relative_return_contrast,raw,0.05,True,False,36,43,0.8571428571428571,14,5,0.4649999999999999,0.61,5.000000000000004,1.0,2026-07-13,2026-09-04,estimated,-0.009765145981944745,0.0012912029063731514,,0.03064972376897793,0.02160838025567805,-0.05367865811179586,0.034148366147906374,-0.07205287882355492,0.052522586859665425,0.654200314091313,0.7519752985107219,0.002747915596361672,,,,-0.019617229402097043,1.0089028303691818,2026-07-16,True,,,,pilot_observational,False
georgia_dem,Democratic Georgia governor,GOVPARTYGA-26-D,electricity_datacenters,hospitals_minus_managed_care,Hospitals minus managed care,relative_return_contrast,market_conditioned,0.05,True,False,36,43,0.8571428571428571,14,5,0.4649999999999999,0.61,5.000000000000004,1.0,2026-07-13,2026-09-04,estimated,-0.006278205996393453,0.0008548871185862218,0.3648021644907116,0.030684553071133203,0.0221615129613138,-0.05136614313080817,0.03880973113802126,-0.06870639861501003,0.05614998662222312,0.7787217523456808,0.8391376604986057,0.012608717205145004,,,,-0.016651626471392674,1.6522905557667724,2026-07-16,True,,,,pilot_observational,False
georgia_dem,Democratic Georgia governor,GOVPARTYGA-26-D,electricity_datacenters,sector_technology,Technology sector,sector,raw,0.1,True,False,36,43,0.8571428571428571,14,5,0.4649999999999999,0.61,5.000000000000004,1.0,2026-07-13,2026-09-04,estimated,-0.014353930803690022,0.0012071950541719105,,0.022748116838884447,0.018162776199631005,-0.05126513300935667,0.022557271401976626,-0.06058366634683088,0.03187580473945083,0.43483394317769364,0.5322634555658103,0.0114484277213448,-0.04601268276664751,0.03273036369880655,500.0,0.0015301725597596022,1.106603033042784,2026-07-16,False,,,,pilot_observational,False
georgia_dem,Democratic Georgia governor,GOVPARTYGA-26-D,electricity_datacenters,sector_technology,Technology sector,sector,market_conditioned,0.1,True,True,36,43,0.8571428571428571,14,5,0.4649999999999999,0.61,5.000000000000004,1.0,2026-07-13,2026-09-04,estimated,0.00541499041971083,-0.0012664616399573354,2.0682160524201847,0.017524002017880267,0.010510108644382026,-0.01596798639513893,0.02679796723456059,-0.030237859758199648,0.04106784059762131,0.6098354603092893,0.759260864066276,0.622597924610965,-0.020268923055403183,0.026747035957376656,500.0,0.017471795855868687,2.226560806510478,2026-07-16,True,0.8250715051243325,0.9915527907147141,0.9915527907147141,pilot_observational,False
georgia_dem,Democratic Georgia governor,GOVPARTYGA-26-D,electricity_datacenters,sector_consumer_discretionary,Consumer discretionary sector,sector,raw,0.1,True,False,36,43,0.8571428571428571,14,5,0.4649999999999999,0.61,5.000000000000004,1.0,2026-07-13,2026-09-04,estimated,-0.011772401918241509,0.0011479149988273313,,0.013017713154619122,0.009372402186770048,-0.030819414801422317,0.007274610964939299,-0.038227578000589256,0.014682774164106238,0.21765303594856142,0.37218015485980854,0.021224050504596303,-0.031078976087388393,0.021267540380597257,500.0,-0.01918091409693378,0.6293118626210573,2026-07-16,True,,,,pilot_observational,False
georgia_dem,Democratic Georgia governor,GOVPARTYGA-26-D,electricity_datacenters,sector_consumer_discretionary,Consumer discretionary sector,sector,market_conditioned,0.1,True,True,36,43,0.8571428571428571,14,5,0.4649999999999999,0.61,5.000000000000004,1.0,2026-07-13,2026-09-04,estimated,-0.0036804217591293875,0.00013537715403818266,0.8465794906972797,0.012375480694022518,0.008386900383977207,-0.020743698888514746,0.01338285537025597,-0.028858526544407154,0.02149768302614838,0.6636447091126763,0.7680281416702462,0.3034423003157318,-0.022750016978383712,0.017732681420814977,500.0,-0.01248654837766552,2.392694966736433,2026-07-16,True,0.8468918281353232,0.9915527907147141,0.9915527907147141,pilot_observational,False
georgia_dem,Democratic Georgia governor,GOVPARTYGA-26-D,electricity_datacenters,sector_communications,Communication services sector,sector,raw,0.1,True,False,36,43,0.8571428571428571,14,5,0.4649999999999999,0.61,5.000000000000004,1.0,2026-07-13,2026-09-04,estimated,-0.019074683597120605,0.0020035002556580204,,0.010919657087424895,0.008577305709902578,-0.03650586603080963,-0.001643501163431576,-0.04126609675667216,0.0031167295624309477,0.03290545455623552,0.08969768810681553,0.04812965128268376,-0.03375661454965467,0.01485927286522258,500.0,-0.02013625992500098,0.05565367952109165,2026-07-16,True,,,,pilot_observational,False
georgia_dem,Democratic Georgia governor,GOVPARTYGA-26-D,electricity_datacenters,sector_communications,Communication services sector,sector,market_conditioned,0.1,True,True,36,43,0.8571428571428571,14,5,0.4649999999999999,0.61,5.000000000000004,1.0,2026-07-13,2026-09-04,estimated,-0.014645873261996787,0.0014493295850025194,0.46334023615739584,0.010167823299563818,0.008276451094772567,-0.0314844396229029,0.0021926930989093225,-0.035332465306721184,0.006040718782727607,0.08603748610390326,0.15917134065661193,0.12115095125164199,-0.03040486566505513,0.011704608518409404,500.0,-0.016508742249033013,0.1271941217646619,2026-07-16,True,0.3769261295980524,0.9094769698122832,0.9094769698122832,pilot_observational,False
georgia_dem,Democratic Georgia governor,GOVPARTYGA-26-D,electricity_datacenters,sector_industrials,Industrials sector,sector,raw,0.1,True,False,36,43,0.8571428571428571,14,5,0.4649999999999999,0.61,5.000000000000004,1.0,2026-07-13,2026-09-04,estimated,0.005623109973813821,-0.001702784725576722,,0.007370827186330618,0.007223903548833623,-0.009057628349144092,0.02030384829677173,-0.009356213104736347,0.020602433052363988,0.44171510579849793,0.45079156168317824,0.006727849689466048,-0.004766112880196468,0.02220386898732528,500.0,0.006213288761788222,0.1049559391018131,2026-07-16,True,,,,pilot_observational,False
georgia_dem,Democratic Georgia governor,GOVPARTYGA-26-D,electricity_datacenters,sector_industrials,Industrials sector,sector,market_conditioned,0.1,True,True,36,43,0.8571428571428571,14,5,0.4649999999999999,0.61,5.000000000000004,1.0,2026-07-13,2026-09-04,estimated,0.015610273426547878,-0.002952464131500753,1.044852753352992,0.006127756095224736,0.005303291955717076,0.004820644815801469,0.02639990203729429,0.0031432599117747276,0.028077286941321028,0.005901753299869996,0.015694776604663428,0.6040172502692972,0.0031165942477564797,0.027521681044110336,500.0,0.014357245912402464,0.08026941488509941,2026-07-16,True,0.06580902434840322,0.36097986190725884,0.36097986190725884,pilot_observational,True
georgia_dem,Democratic Georgia governor,GOVPARTYGA-26-D,electricity_datacenters,sector_utilities,Utilities sector,sector,raw,0.1,True,False,36,43,0.8571428571428571,14,5,0.4649999999999999,0.61,5.000000000000004,1.0,2026-07-13,2026-09-04,estimated,0.0065395525290968485,-0.002318094477467419,,0.010836836644017273,0.009971563079360719,-0.013725101788249256,0.026804206846442954,-0.015483549239080305,0.028562654297274004,0.5163535076242729,0.5502104628379919,0.014303413244791452,-0.011809583131661607,0.031154776862328305,500.0,0.0021038434626345966,0.6782893855085907,2026-07-16,True,,,,pilot_observational,False
georgia_dem,Democratic Georgia governor,GOVPARTYGA-26-D,electricity_datacenters,sector_utilities,Utilities sector,sector,market_conditioned,0.1,True,True,36,43,0.8571428571428571,14,5,0.4649999999999999,0.61,5.000000000000004,1.0,2026-07-13,2026-09-04,estimated,0.006792566752826881,-0.0023497537835654608,0.026470239478199722,0.011335928556617395,0.010660451504842369,-0.014896284911491739,0.0284814184171455,-0.016270553306404006,0.029855686812057768,0.5284073235969405,0.5531267457591847,0.014905987900352802,-0.013305400360645196,0.032873573817681745,500.0,0.002364236472015371,0.6519376904126205,2026-07-16,True,0.784171318772089,0.9915527907147141,0.9915527907147141,pilot_observational,False
georgia_dem,Democratic Georgia governor,GOVPARTYGA-26-D,electricity_datacenters,sector_real_estate,Real estate sector,sector,raw,0.1,True,False,36,43,0.8571428571428571,14,5,0.4649999999999999,0.61,5.000000000000004,1.0,2026-07-13,2026-09-04,estimated,0.01936193547880222,-0.0006915578833915994,,0.016545242869523875,0.010954845673203683,-0.002900989490988933,0.04162486044859337,-0.014262043498115811,0.05298591445572025,0.08613113143755263,0.2500412973056487,0.1114291133459594,-0.0005715737747247276,0.04538501565271489,500.0,0.008499532693921966,0.5610184372720692,2026-07-16,True,,,,pilot_observational,False
georgia_dem,Democratic Georgia governor,GOVPARTYGA-26-D,electricity_datacenters,sector_real_estate,Real estate sector,sector,market_conditioned,0.1,True,True,36,43,0.8571428571428571,14,5,0.4649999999999999,0.61,5.000000000000004,1.0,2026-07-13,2026-09-04,estimated,0.019859404420512573,-0.0007538054569378263,0.05204498713910282,0.016546228080632327,0.011204451036456956,-0.0029362226126811997,0.042655031453706346,-0.0138041497246197,0.053522958565644846,0.08555148962294898,0.2385926929977476,0.1134993044985203,-2.249834741886939e-06,0.04574948501792691,500.0,0.009037522772695317,0.5449247831742349,2026-07-16,True,0.3769261295980524,0.9094769698122832,0.9094769698122832,pilot_observational,False
georgia_dem,Democratic Georgia governor,GOVPARTYGA-26-D,electricity_datacenters,sector_energy,Energy sector,sector,raw,0.1,True,False,36,43,0.8571428571428571,14,5,0.4649999999999999,0.61,5.000000000000004,1.0,2026-07-13,2026-09-04,estimated,0.015226813612662243,0.0022700319664009073,,0.009809967884006315,0.008430612628974665,-0.0019062526127561347,0.03235987983808062,-0.00470943975619275,0.035163066981517235,0.07975678493297851,0.12987950996868203,0.03310320929085564,-0.005159788219044347,0.028642867797047732,500.0,0.01588573866330753,0.0432739946391241,2026-07-16,True,,,,pilot_observational,False
georgia_dem,Democratic Georgia governor,GOVPARTYGA-26-D,electricity_datacenters,sector_energy,Energy sector,sector,market_conditioned,0.1,True,True,36,43,0.8571428571428571,14,5,0.4649999999999999,0.61,5.000000000000004,1.0,2026-07-13,2026-09-04,estimated,0.008786183867036657,0.003075938707827737,-0.6738159192940638,0.010098458778688316,0.009068188689427195,-0.00966318474176004,0.027235552475833355,-0.011759284998866283,0.029331652732939598,0.3396423002940306,0.3905569712090925,0.1997841989125989,-0.009905646221703208,0.02751663487427457,500.0,0.010621145696446229,0.20884628152318135,2026-07-16,True,0.6781879880476129,0.9844175712667537,0.9844175712667537,pilot_observational,False
georgia_dem,Democratic Georgia governor,GOVPARTYGA-26-D,electricity_datacenters,sector_financials,Financials sector,sector,raw,0.1,True,False,36,43,0.8571428571428571,14,5,0.4649999999999999,0.61,5.000000000000004,1.0,2026-07-13,2026-09-04,estimated,-0.009707766974214637,0.0017388615762494296,,0.010911388798453133,0.006764434161069959,-0.023454751156690268,0.004039217208260995,-0.03188237694890188,0.012466843000472601,0.16038906880754475,0.3798837955733097,0.03316339288901249,-0.020576828272150193,0.005552447263433193,500.0,-0.015982382173874442,0.6463500016354095,2026-07-16,True,,,,pilot_observational,False
georgia_dem,Democratic Georgia governor,GOVPARTYGA-26-D,electricity_datacenters,sector_financials,Financials sector,sector,market_conditioned,0.1,True,True,36,43,0.8571428571428571,14,5,0.4649999999999999,0.61,5.000000000000004,1.0,2026-07-13,2026-09-04,estimated,-0.004405357121255423,0.0010753786537587796,0.5547358427135571,0.011241324149382611,0.007207611577467821,-0.019069353133686663,0.010258638891175816,-0.027276003066761013,0.01846528882425017,0.5452488324232175,0.6976592899428251,0.31161147094555264,-0.021656305953641052,0.010562023512222189,500.0,-0.011578529951787592,1.628284071664089,2026-07-16,True,0.784171318772089,0.9915527907147141,0.9915527907147141,pilot_observational,False
georgia_dem,Democratic Georgia governor,GOVPARTYGA-26-D,electricity_datacenters,sector_healthcare,Healthcare sector,sector,raw,0.1,True,False,36,43,0.8571428571428571,14,5,0.4649999999999999,0.61,5.000000000000004,1.0,2026-07-13,2026-09-04,estimated,0.01151695883414398,0.000488491713090158,,0.017602592568110666,0.009621757539548867,-0.008036805095590568,0.03107072276387853,-0.0242558132621558,0.047289730930443766,0.23959760341010136,0.5173353834977544,0.019815163165310512,-0.010168925948465845,0.03136458393511886,500.0,-0.003919463634399913,1.3403210596516153,2026-07-16,False,,,,pilot_observational,False
georgia_dem,Democratic Georgia governor,GOVPARTYGA-26-D,electricity_datacenters,sector_healthcare,Healthcare sector,sector,market_conditioned,0.1,True,True,36,43,0.8571428571428571,14,5,0.4649999999999999,0.61,5.000000000000004,1.0,2026-07-13,2026-09-04,estimated,0.011110072065785587,0.0005394048695000758,-0.04256831904616312,0.017656752065373284,0.010066884128899393,-0.009371157692110183,0.03159130182368136,-0.02481286011448656,0.04703300424605773,0.2777385102711953,0.5335337629549534,0.020511222921522965,-0.011567761020604401,0.03130348077779027,500.0,-0.004063999655451313,1.3657941758961893,2026-07-16,False,0.6232181206085358,0.9915527907147141,0.9915527907147141,pilot_observational,False
georgia_dem,Democratic Georgia governor,GOVPARTYGA-26-D,electricity_datacenters,sector_staples,Consumer staples sector,sector,raw,0.1,True,False,36,43,0.8571428571428571,14,5,0.4649999999999999,0.61,5.000000000000004,1.0,2026-07-13,2026-09-04,estimated,0.014882761328587294,-7.713426282272774e-05,,0.023340059291663155,0.013153980463762278,-0.011849343244566133,0.041614865901740725,-0.03254994601404515,0.062315468671219745,0.26579307965094007,0.5279734949220507,0.03796457059881431,-0.017236681189617235,0.035902306096492954,500.0,-0.005149579523438012,1.346009682594757,2026-07-16,False,,,,pilot_observational,False
georgia_dem,Democratic Georgia governor,GOVPARTYGA-26-D,electricity_datacenters,sector_staples,Consumer staples sector,sector,market_conditioned,0.1,True,True,36,43,0.8571428571428571,14,5,0.4649999999999999,0.61,5.000000000000004,1.0,2026-07-13,2026-09-04,estimated,0.012930702236246995,0.0001671240852447228,-0.20422358430322385,0.023291295277194167,0.013361473614379683,-0.014253420228674171,0.04011482470116816,-0.034455794302614064,0.06031719877510806,0.3402037258010495,0.5825203216310876,0.05634580806050782,-0.0176762366106993,0.03585166250020101,500.0,-0.006499384747617862,1.502632001640171,2026-07-16,False,0.6781879880476129,0.9915527907147141,0.9915527907147141,pilot_observational,False
georgia_dem,Democratic Georgia governor,GOVPARTYGA-26-D,electricity_datacenters,cloud_platforms,Cloud platforms,theme,raw,0.1,True,False,36,43,0.8571428571428571,14,5,0.4649999999999999,0.61,5.000000000000004,1.0,2026-07-13,2026-09-04,estimated,-0.04798771704911042,0.006243512324827614,,0.012548155380532264,0.013671258718750396,-0.0757710575157529,-0.02020437658246794,-0.07348863692326271,-0.02248679717495814,0.0012846566890394344,0.0005342079564552549,0.08945745652965453,-0.08256745123071031,-0.007060484650542358,500.0,-0.04889722298439453,0.018952890264675868,2026-07-16,True,,,,pilot_observational,True
georgia_dem,Democratic Georgia governor,GOVPARTYGA-26-D,electricity_datacenters,cloud_platforms,Cloud platforms,theme,market_conditioned,0.1,True,True,36,43,0.8571428571428571,14,5,0.4649999999999999,0.61,5.000000000000004,1.0,2026-07-13,2026-09-04,estimated,-0.03295061817918512,0.004361941759619247,1.573174828973232,0.01130911926103286,0.011462808522364098,-0.056271877469667525,-0.009629358888702717,-0.05595919431643543,-0.009942042041934808,0.007029354494694476,0.006367708389909054,0.3366650715046504,-0.06366788873324916,-0.009340477995289535,500.0,-0.036613487526941546,0.11116238632725436,2026-07-16,True,0.06580902434840322,0.2343316687486532,0.2586802454047567,pilot_observational,True
georgia_dem,Democratic Georgia governor,GOVPARTYGA-26-D,electricity_datacenters,electrical_equipment,Electrical equipment,theme,raw,0.1,True,False,36,43,0.8571428571428571,14,5,0.4649999999999999,0.61,5.000000000000004,1.0,2026-07-13,2026-09-04,estimated,-0.01137860379891899,-0.00046622870176550243,,0.04430257389391214,0.03651924923522155,-0.08559464754160327,0.0628374399437653,-0.10141226634346442,0.07865505874562645,0.7572636637430677,0.7988514020005619,0.002022920528631511,-0.07151321732927664,0.09067899285890757,500.0,0.018769941328057184,2.6495821156757735,2026-07-16,False,,,,pilot_observational,False
georgia_dem,Democratic Georgia governor,GOVPARTYGA-26-D,electricity_datacenters,electrical_equipment,Electrical equipment,theme,market_conditioned,0.1,True,True,36,43,0.8571428571428571,14,5,0.4649999999999999,0.61,5.000000000000004,1.0,2026-07-13,2026-09-04,estimated,0.018257596349567348,-0.004174563823212555,3.1005265379520024,0.04191993117642579,0.03073595469820959,-0.044275173665649925,0.08079036636478462,-0.06702914489689436,0.10354433759602906,0.5565530720521716,0.6660097783088115,0.3882327079742287,-0.05086192773214947,0.08912719167444634,500.0,0.04259153772367743,1.3328118832404094,2026-07-16,True,0.784171318772089,0.9915527907147141,0.9915527907147141,pilot_observational,False
georgia_dem,Democratic Georgia governor,GOVPARTYGA-26-D,electricity_datacenters,regulated_utilities,Regulated utilities,theme,raw,0.1,True,False,36,43,0.8571428571428571,14,5,0.4649999999999999,0.61,5.000000000000004,1.0,2026-07-13,2026-09-04,estimated,0.007649577403952607,-0.002161498225512804,,0.013341218744152802,0.010872383058038131,-0.01444576336894437,0.029744918176849586,-0.019463041136458553,0.03476219594436377,0.486485826397554,0.5701613536265263,0.014477553908364804,-0.016199332919121484,0.029630619331791383,500.0,5.9400316538613714e-05,0.9922348237815175,2026-07-16,True,,,,pilot_observational,False
georgia_dem,Democratic Georgia governor,GOVPARTYGA-26-D,electricity_datacenters,regulated_utilities,Regulated utilities,theme,market_conditioned,0.1,True,True,36,43,0.8571428571428571,14,5,0.4649999999999999,0.61,5.000000000000004,1.0,2026-07-13,2026-09-04,estimated,0.006793311427361976,-0.0020543548947760067,-0.0895821789116995,0.013766062806877212,0.011553298882029729,-0.016712051884131846,0.030298674738855797,-0.021213953938878087,0.03480057679360204,0.5605366818769749,0.6249400652873197,0.019582780778356956,-0.015591842116860976,0.031113142567600192,500.0,-0.0005472312503671615,1.0805544183007765,2026-07-16,False,0.784171318772089,0.9915527907147141,0.9915527907147141,pilot_observational,False
georgia_dem,Democratic Georgia governor,GOVPARTYGA-26-D,electricity_datacenters,power_generators,Power generators,theme,raw,0.1,True,False,36,43,0.8571428571428571,14,5,0.4649999999999999,0.61,5.000000000000004,1.0,2026-07-13,2026-09-04,estimated,-0.0009711622983259137,4.540591334656037e-05,,0.039400383517931986,0.027967133704057987,-0.057807216209752266,0.055864891613100445,-0.08104237536765553,0.0791000507710037,0.9725019944507973,0.9804793948299881,3.31600091777462e-05,-0.04341950609849847,0.07193475876012483,500.0,0.033710507748326304,35.711507856551236,2026-07-16,False,,,,pilot_observational,False
georgia_dem,Democratic Georgia governor,GOVPARTYGA-26-D,electricity_datacenters,power_generators,Power generators,theme,market_conditioned,0.1,True,True,36,43,0.8571428571428571,14,5,0.4649999999999999,0.61,5.000000000000004,1.0,2026-07-13,2026-09-04,estimated,0.005094131275210358,-0.0007135355524263533,0.6345484100862179,0.03886416944718793,0.027918911773981488,-0.05170732181709342,0.061895584367514134,-0.07397561598775668,0.08416387853817739,0.8563367388196571,0.8965116077058606,0.036434052635816006,-0.04066976721423883,0.07524318183943256,500.0,0.03823938635658015,6.506556916321534,2026-07-16,True,0.9378926187072435,0.9915527907147141,0.9915527907147141,pilot_observational,False
georgia_dem,Democratic Georgia governor,GOVPARTYGA-26-D,electricity_datacenters,data_center_reits,Data-center REITs,theme,raw,0.1,True,False,36,43,0.8571428571428571,14,5,0.4649999999999999,0.61,5.000000000000004,1.0,2026-07-13,2026-09-04,estimated,0.0377485976582624,-0.0007374238988825258,,0.04584907422353544,0.03905890124112383,-0.04162863992899453,0.11712583524551932,-0.055427931689818036,0.13092512700634285,0.34064205918167473,0.4160621195581827,0.06381834631085526,-0.014048534250872756,0.17718304713721317,500.0,0.06850243560715016,0.814701468576446,2026-07-16,True,,,,pilot_observational,False
georgia_dem,Democratic Georgia governor,GOVPARTYGA-26-D,electricity_datacenters,data_center_reits,Data-center REITs,theme,market_conditioned,0.1,True,True,36,43,0.8571428571428571,14,5,0.4649999999999999,0.61,5.000000000000004,1.0,2026-07-13,2026-09-04,estimated,0.049451131701833614,-0.002201745160929385,1.2243140882294405,0.04280517630398919,0.036738271846101754,-0.025293444370912743,0.12419570777457997,-0.03763665429864832,0.13653891770231555,0.18746471925408933,0.25628039833755917,0.23643436470028523,-0.004771467217972359,0.17580902066306847,500.0,0.0776799290835618,0.5708422923854235,2026-07-16,True,0.5654673498811874,0.9174737754878881,0.9174737754878881,pilot_observational,False
georgia_dem,Democratic Georgia governor,GOVPARTYGA-26-D,electricity_datacenters,integrated_energy,Integrated energy,theme,raw,0.1,True,False,36,43,0.8571428571428571,14,5,0.4649999999999999,0.61,5.000000000000004,1.0,2026-07-13,2026-09-04,estimated,0.010497678956815762,0.0025701058393069165,,0.011924267019504357,0.011189212642498574,-0.012241536999490366,0.03323689491312189,-0.013735347221210326,0.03473070513484185,0.3547608482802268,0.3848435754155286,0.012139433873644134,-0.019635616817775363,0.02680776125335192,500.0,0.007216237224904529,0.31258735815889205,2026-07-16,True,,,,pilot_observational,False
georgia_dem,Democratic Georgia governor,GOVPARTYGA-26-D,electricity_datacenters,integrated_energy,Integrated energy,theme,market_conditioned,0.1,True,True,36,43,0.8571428571428571,14,5,0.4649999999999999,0.61,5.000000000000004,1.0,2026-07-13,2026-09-04,estimated,0.0016179799416212882,0.003681209812182681,-0.9289902992858186,0.011440635155151525,0.010537201155090565,-0.019820117000711304,0.023056076883953877,-0.021658167294071176,0.02489412717731375,0.8789002534097355,0.8883948595201605,0.2565869999244028,-0.020109202676497965,0.02023903159629528,500.0,8.84693763379945e-06,0.9945321092022102,2026-07-16,True,0.9457172317391306,0.9915527907147141,0.9915527907147141,pilot_observational,False
georgia_dem,Democratic Georgia governor,GOVPARTYGA-26-D,electricity_datacenters,homebuilders,Homebuilders,theme,raw,0.1,True,False,36,43,0.8571428571428571,14,5,0.4649999999999999,0.61,5.000000000000004,1.0,2026-07-13,2026-09-04,estimated,0.007819824750744928,-0.0011176119419788275,,0.03045080833925169,0.018603403957039275,-0.02998684079556766,0.045626490297057516,-0.05406366330098551,0.06970331280247537,0.6768791759730404,0.7988793924334395,0.00284444502448733,-0.020878355119539463,0.0655133345371807,500.0,-0.004957342000798764,1.6339454091124639,2026-07-16,False,,,,pilot_observational,False
georgia_dem,Democratic Georgia governor,GOVPARTYGA-26-D,electricity_datacenters,homebuilders,Homebuilders,theme,market_conditioned,0.1,True,True,36,43,0.8571428571428571,14,5,0.4649999999999999,0.61,5.000000000000004,1.0,2026-07-13,2026-09-04,estimated,0.020273459599747027,-0.0026759173680740897,1.3028939320774235,0.031014577349585067,0.01799601373212822,-0.0163397056313762,0.05688662483087026,-0.04282617246190955,0.0833730916614036,0.2680573539667574,0.5178504119117402,0.2058804812347914,-0.016919682053529707,0.06201381139677133,500.0,0.005362061589939598,0.735513242643278,2026-07-16,True,0.616531914123542,0.9915527907147141,0.9915527907147141,pilot_observational,False
georgia_dem,Democratic Georgia governor,GOVPARTYGA-26-D,electricity_datacenters,machinery_distribution,Machinery and distribution,theme,raw,0.1,True,False,36,43,0.8571428571428571,14,5,0.4649999999999999,0.61,5.000000000000004,1.0,2026-07-13,2026-09-04,estimated,0.0011456758792211274,0.00035728717619608,,0.010314132991382537,0.010659442813230058,-0.020516918250351873,0.02280827000879413,-0.01981516426088877,0.022106516019331026,0.9150400074671611,0.9122074322119738,0.00013442985069755942,-0.017033459004781107,0.027327103001292357,500.0,0.000635798616033227,0.4450449489558371,2026-07-16,True,,,,pilot_observational,False
georgia_dem,Democratic Georgia governor,GOVPARTYGA-26-D,electricity_datacenters,machinery_distribution,Machinery and distribution,theme,market_conditioned,0.1,True,True,36,43,0.8571428571428571,14,5,0.4649999999999999,0.61,5.000000000000004,1.0,2026-07-13,2026-09-04,estimated,0.010124230604261437,-0.0007661864695439567,0.9393325412152627,0.010006703197116423,0.009444611673547793,-0.009090976324040143,0.029339437532563017,-0.010234560127307127,0.03048302133583,0.29151591172770613,0.31902121024000146,0.23249498853788342,-0.010336278285263591,0.03323005550950183,500.0,0.007969934646612848,0.21278614068132887,2026-07-16,True,0.6310462089164462,0.9174737754878881,0.9174737754878881,pilot_observational,False
georgia_dem,Democratic Georgia governor,GOVPARTYGA-26-D,electricity_datacenters,managed_care,Managed care (UNH only),single_company_proxy,raw,0.1,True,False,36,43,0.8571428571428571,14,5,0.4649999999999999,0.61,5.000000000000004,1.0,2026-07-13,2026-09-04,estimated,-0.005944386745466677,-0.0010107190946409869,,0.020988799908756323,0.016952929194157005,-0.04039688401714431,0.028508110526210953,-0.048598760117204945,0.03670998662627159,0.728021185831403,0.7787277727653878,0.003472310765412101,-0.05346291144549026,0.021524642905281395,500.0,-0.02105877340696013,2.542631781658558,2026-07-16,True,,,,pilot_observational,False
georgia_dem,Democratic Georgia governor,GOVPARTYGA-26-D,electricity_datacenters,managed_care,Managed care (UNH only),single_company_proxy,market_conditioned,0.1,True,True,36,43,0.8571428571428571,14,5,0.4649999999999999,0.61,5.000000000000004,1.0,2026-07-13,2026-09-04,estimated,-0.006065104644292019,-0.0009956138374974134,-0.012629454755956615,0.02165121861473579,0.01694974860600613,-0.04054962747113209,0.028419418182548055,-0.05011484012439185,0.03798463083580782,0.7227502580520796,0.7811281546687079,0.0035126126332745145,-0.05428682211291779,0.021136581594775484,500.0,-0.020973662377012734,2.4580874703870825,2026-07-16,True,0.863641642329768,0.9915527907147141,0.9915527907147141,pilot_observational,False
georgia_dem,Democratic Georgia governor,GOVPARTYGA-26-D,electricity_datacenters,hospitals,Hospitals (HCA only),single_company_proxy,raw,0.1,True,False,36,43,0.8571428571428571,14,5,0.4649999999999999,0.61,5.000000000000004,1.0,2026-07-13,2026-09-04,estimated,-0.015709532727411425,0.0002804838117321639,,0.0362640097303529,0.017869410269646353,-0.05202454363264587,0.020605478177823027,-0.08940686738776543,0.05798780193294259,0.3855020654413186,0.6676061709713378,0.007178381501953601,-0.06791356866995023,0.015455367256418478,500.0,-0.040676002809057164,1.5892560596714609,2026-07-16,True,,,,pilot_observational,False
georgia_dem,Democratic Georgia governor,GOVPARTYGA-26-D,electricity_datacenters,hospitals,Hospitals (HCA only),single_company_proxy,market_conditioned,0.1,True,True,36,43,0.8571428571428571,14,5,0.4649999999999999,0.61,5.000000000000004,1.0,2026-07-13,2026-09-04,estimated,-0.012343310640685477,-0.00014072671891119228,0.3521727097347549,0.03624737495865375,0.018687820147975487,-0.05036396660772356,0.025677345326352612,-0.08608914948644861,0.06140252820507766,0.5135174158506276,0.7356159722155373,0.016454427600016364,-0.06806547167874188,0.01987803042217839,500.0,-0.0376252888484054,2.04823316399302,2026-07-16,True,0.784171318772089,0.9915527907147141,0.9915527907147141,pilot_observational,False
georgia_dem,Democratic Georgia governor,GOVPARTYGA-26-D,electricity_datacenters,generators_minus_regulated,Generators minus regulated utilities,relative_return_contrast,raw,0.1,True,False,36,43,0.8571428571428571,14,5,0.4649999999999999,0.61,5.000000000000004,1.0,2026-07-13,2026-09-04,estimated,-0.008620739702278512,0.0022069041388593645,,0.04764706558095179,0.03025290932240134,-0.07010204856361546,0.05286056915905843,-0.10545122711426905,0.08820974770971202,0.7774066670249928,0.8574974704030708,0.002304381264789934,-0.0579382435604082,0.07129928421678429,500.0,0.03365110743178769,4.903505800423774,2026-07-16,False,,,,pilot_observational,False
georgia_dem,Democratic Georgia governor,GOVPARTYGA-26-D,electricity_datacenters,generators_minus_regulated,Generators minus regulated utilities,relative_return_contrast,market_conditioned,0.1,True,True,36,43,0.8571428571428571,14,5,0.4649999999999999,0.61,5.000000000000004,1.0,2026-07-13,2026-09-04,estimated,-0.0016991801521516123,0.0013408193423496543,0.7241305889979175,0.046779559348106056,0.029590621544150774,-0.06190175234476032,0.0585033920404571,-0.09687290925381259,0.09347454894950935,0.9545545978335706,0.9712435433391472,0.04411153081400543,-0.051721970438369326,0.06789092305319597,500.0,0.03878661760694731,23.826665882268678,2026-07-16,False,0.9812181340859049,0.9915527907147141,0.9915527907147141,pilot_observational,False
georgia_dem,Democratic Georgia governor,GOVPARTYGA-26-D,electricity_datacenters,equipment_minus_generators,Equipment minus generators,relative_return_contrast,raw,0.1,True,False,36,43,0.8571428571428571,14,5,0.4649999999999999,0.61,5.000000000000004,1.0,2026-07-13,2026-09-04,estimated,-0.010407441500593072,-0.0005116346151120636,,0.02524404688598008,0.02289678165167048,-0.056939300293247085,0.036124417292060944,-0.06170951717758514,0.040894634176399,0.6523309593351249,0.6827272419485118,0.002319778782979953,-0.06851888950223631,0.03226638977745812,500.0,-0.01494056642026912,0.4355657362491758,2026-07-16,True,,,,pilot_observational,False
georgia_dem,Democratic Georgia governor,GOVPARTYGA-26-D,electricity_datacenters,equipment_minus_generators,Equipment minus generators,relative_return_contrast,market_conditioned,0.1,True,True,36,43,0.8571428571428571,14,5,0.4649999999999999,0.61,5.000000000000004,1.0,2026-07-13,2026-09-04,estimated,0.013163465074356999,-0.0034610282707862026,2.4659781278657844,0.02402347813623764,0.022391462081336345,-0.0323923070623786,0.058719237211092595,-0.0357126686917582,0.0620395988404722,0.560615472613966,0.5874195508999894,0.3371992730260507,-0.06244533086545972,0.0490583905488811,500.0,0.004352151367097289,0.6693764641366756,2026-07-16,True,0.784171318772089,0.9915527907147141,0.9915527907147141,pilot_observational,False
georgia_dem,Democratic Georgia governor,GOVPARTYGA-26-D,electricity_datacenters,hospitals_minus_managed_care,Hospitals minus managed care,relative_return_contrast,raw,0.1,True,False,36,43,0.8571428571428571,14,5,0.4649999999999999,0.61,5.000000000000004,1.0,2026-07-13,2026-09-04,estimated,-0.009765145981944745,0.0012912029063731514,,0.03064972376897793,0.02160838025567805,-0.05367865811179586,0.034148366147906374,-0.07205287882355492,0.052522586859665425,0.654200314091313,0.7519752985107219,0.002747915596361672,-0.05336720489986157,0.043717639314850454,500.0,-0.019617229402097043,1.0089028303691818,2026-07-16,True,,,,pilot_observational,False
georgia_dem,Democratic Georgia governor,GOVPARTYGA-26-D,electricity_datacenters,hospitals_minus_managed_care,Hospitals minus managed care,relative_return_contrast,market_conditioned,0.1,True,True,36,43,0.8571428571428571,14,5,0.4649999999999999,0.61,5.000000000000004,1.0,2026-07-13,2026-09-04,estimated,-0.006278205996393453,0.0008548871185862218,0.3648021644907116,0.030684553071133203,0.0221615129613138,-0.05136614313080817,0.03880973113802126,-0.06870639861501003,0.05614998662222312,0.7787217523456808,0.8391376604986057,0.012608717205145004,-0.05604288033911294,0.04393103997010033,500.0,-0.016651626471392674,1.6522905557667724,2026-07-16,True,0.9019562336311837,0.9915527907147141,0.9915527907147141,pilot_observational,False
georgia_dem,Democratic Georgia governor,GOVPARTYGA-26-D,electricity_datacenters,sector_technology,Technology sector,sector,raw,0.15,True,False,36,43,0.8571428571428571,14,5,0.4649999999999999,0.61,5.000000000000004,1.0,2026-07-13,2026-09-04,estimated,-0.014353930803690022,0.0012071950541719105,,0.022748116838884447,0.018162776199631005,-0.05126513300935667,0.022557271401976626,-0.06058366634683088,0.03187580473945083,0.43483394317769364,0.5322634555658103,0.0114484277213448,,,,0.0015301725597596022,1.106603033042784,2026-07-16,False,,,,pilot_observational,False
georgia_dem,Democratic Georgia governor,GOVPARTYGA-26-D,electricity_datacenters,sector_technology,Technology sector,sector,market_conditioned,0.15,True,False,36,43,0.8571428571428571,14,5,0.4649999999999999,0.61,5.000000000000004,1.0,2026-07-13,2026-09-04,estimated,0.00541499041971083,-0.0012664616399573354,2.0682160524201847,0.017524002017880267,0.010510108644382026,-0.01596798639513893,0.02679796723456059,-0.030237859758199648,0.04106784059762131,0.6098354603092893,0.759260864066276,0.622597924610965,,,,0.017471795855868687,2.226560806510478,2026-07-16,True,,,,pilot_observational,False
georgia_dem,Democratic Georgia governor,GOVPARTYGA-26-D,electricity_datacenters,sector_consumer_discretionary,Consumer discretionary sector,sector,raw,0.15,True,False,36,43,0.8571428571428571,14,5,0.4649999999999999,0.61,5.000000000000004,1.0,2026-07-13,2026-09-04,estimated,-0.011772401918241509,0.0011479149988273313,,0.013017713154619122,0.009372402186770048,-0.030819414801422317,0.007274610964939299,-0.038227578000589256,0.014682774164106238,0.21765303594856142,0.37218015485980854,0.021224050504596303,,,,-0.01918091409693378,0.6293118626210573,2026-07-16,True,,,,pilot_observational,False
georgia_dem,Democratic Georgia governor,GOVPARTYGA-26-D,electricity_datacenters,sector_consumer_discretionary,Consumer discretionary sector,sector,market_conditioned,0.15,True,False,36,43,0.8571428571428571,14,5,0.4649999999999999,0.61,5.000000000000004,1.0,2026-07-13,2026-09-04,estimated,-0.0036804217591293875,0.00013537715403818266,0.8465794906972797,0.012375480694022518,0.008386900383977207,-0.020743698888514746,0.01338285537025597,-0.028858526544407154,0.02149768302614838,0.6636447091126763,0.7680281416702462,0.3034423003157318,,,,-0.01248654837766552,2.392694966736433,2026-07-16,True,,,,pilot_observational,False
georgia_dem,Democratic Georgia governor,GOVPARTYGA-26-D,electricity_datacenters,sector_communications,Communication services sector,sector,raw,0.15,True,False,36,43,0.8571428571428571,14,5,0.4649999999999999,0.61,5.000000000000004,1.0,2026-07-13,2026-09-04,estimated,-0.019074683597120605,0.0020035002556580204,,0.010919657087424895,0.008577305709902578,-0.03650586603080963,-0.001643501163431576,-0.04126609675667216,0.0031167295624309477,0.03290545455623552,0.08969768810681553,0.04812965128268376,,,,-0.02013625992500098,0.05565367952109165,2026-07-16,True,,,,pilot_observational,False
georgia_dem,Democratic Georgia governor,GOVPARTYGA-26-D,electricity_datacenters,sector_communications,Communication services sector,sector,market_conditioned,0.15,True,False,36,43,0.8571428571428571,14,5,0.4649999999999999,0.61,5.000000000000004,1.0,2026-07-13,2026-09-04,estimated,-0.014645873261996787,0.0014493295850025194,0.46334023615739584,0.010167823299563818,0.008276451094772567,-0.0314844396229029,0.0021926930989093225,-0.035332465306721184,0.006040718782727607,0.08603748610390326,0.15917134065661193,0.12115095125164199,,,,-0.016508742249033013,0.1271941217646619,2026-07-16,True,,,,pilot_observational,False
georgia_dem,Democratic Georgia governor,GOVPARTYGA-26-D,electricity_datacenters,sector_industrials,Industrials sector,sector,raw,0.15,True,False,36,43,0.8571428571428571,14,5,0.4649999999999999,0.61,5.000000000000004,1.0,2026-07-13,2026-09-04,estimated,0.005623109973813821,-0.001702784725576722,,0.007370827186330618,0.007223903548833623,-0.009057628349144092,0.02030384829677173,-0.009356213104736347,0.020602433052363988,0.44171510579849793,0.45079156168317824,0.006727849689466048,,,,0.006213288761788222,0.1049559391018131,2026-07-16,True,,,,pilot_observational,False
georgia_dem,Democratic Georgia governor,GOVPARTYGA-26-D,electricity_datacenters,sector_industrials,Industrials sector,sector,market_conditioned,0.15,True,False,36,43,0.8571428571428571,14,5,0.4649999999999999,0.61,5.000000000000004,1.0,2026-07-13,2026-09-04,estimated,0.015610273426547878,-0.002952464131500753,1.044852753352992,0.006127756095224736,0.005303291955717076,0.004820644815801469,0.02639990203729429,0.0031432599117747276,0.028077286941321028,0.005901753299869996,0.015694776604663428,0.6040172502692972,,,,0.014357245912402464,0.08026941488509941,2026-07-16,True,,,,pilot_observational,False
georgia_dem,Democratic Georgia governor,GOVPARTYGA-26-D,electricity_datacenters,sector_utilities,Utilities sector,sector,raw,0.15,True,False,36,43,0.8571428571428571,14,5,0.4649999999999999,0.61,5.000000000000004,1.0,2026-07-13,2026-09-04,estimated,0.0065395525290968485,-0.002318094477467419,,0.010836836644017273,0.009971563079360719,-0.013725101788249256,0.026804206846442954,-0.015483549239080305,0.028562654297274004,0.5163535076242729,0.5502104628379919,0.014303413244791452,,,,0.0021038434626345966,0.6782893855085907,2026-07-16,True,,,,pilot_observational,False
georgia_dem,Democratic Georgia governor,GOVPARTYGA-26-D,electricity_datacenters,sector_utilities,Utilities sector,sector,market_conditioned,0.15,True,False,36,43,0.8571428571428571,14,5,0.4649999999999999,0.61,5.000000000000004,1.0,2026-07-13,2026-09-04,estimated,0.006792566752826881,-0.0023497537835654608,0.026470239478199722,0.011335928556617395,0.010660451504842369,-0.014896284911491739,0.0284814184171455,-0.016270553306404006,0.029855686812057768,0.5284073235969405,0.5531267457591847,0.014905987900352802,,,,0.002364236472015371,0.6519376904126205,2026-07-16,True,,,,pilot_observational,False
georgia_dem,Democratic Georgia governor,GOVPARTYGA-26-D,electricity_datacenters,sector_real_estate,Real estate sector,sector,raw,0.15,True,False,36,43,0.8571428571428571,14,5,0.4649999999999999,0.61,5.000000000000004,1.0,2026-07-13,2026-09-04,estimated,0.01936193547880222,-0.0006915578833915994,,0.016545242869523875,0.010954845673203683,-0.002900989490988933,0.04162486044859337,-0.014262043498115811,0.05298591445572025,0.08613113143755263,0.2500412973056487,0.1114291133459594,,,,0.008499532693921966,0.5610184372720692,2026-07-16,True,,,,pilot_observational,False
georgia_dem,Democratic Georgia governor,GOVPARTYGA-26-D,electricity_datacenters,sector_real_estate,Real estate sector,sector,market_conditioned,0.15,True,False,36,43,0.8571428571428571,14,5,0.4649999999999999,0.61,5.000000000000004,1.0,2026-07-13,2026-09-04,estimated,0.019859404420512573,-0.0007538054569378263,0.05204498713910282,0.016546228080632327,0.011204451036456956,-0.0029362226126811997,0.042655031453706346,-0.0138041497246197,0.053522958565644846,0.08555148962294898,0.2385926929977476,0.1134993044985203,,,,0.009037522772695317,0.5449247831742349,2026-07-16,True,,,,pilot_observational,False
georgia_dem,Democratic Georgia governor,GOVPARTYGA-26-D,electricity_datacenters,sector_energy,Energy sector,sector,raw,0.15,True,False,36,43,0.8571428571428571,14,5,0.4649999999999999,0.61,5.000000000000004,1.0,2026-07-13,2026-09-04,estimated,0.015226813612662243,0.0022700319664009073,,0.009809967884006315,0.008430612628974665,-0.0019062526127561347,0.03235987983808062,-0.00470943975619275,0.035163066981517235,0.07975678493297851,0.12987950996868203,0.03310320929085564,,,,0.01588573866330753,0.0432739946391241,2026-07-16,True,,,,pilot_observational,False
georgia_dem,Democratic Georgia governor,GOVPARTYGA-26-D,electricity_datacenters,sector_energy,Energy sector,sector,market_conditioned,0.15,True,False,36,43,0.8571428571428571,14,5,0.4649999999999999,0.61,5.000000000000004,1.0,2026-07-13,2026-09-04,estimated,0.008786183867036657,0.003075938707827737,-0.6738159192940638,0.010098458778688316,0.009068188689427195,-0.00966318474176004,0.027235552475833355,-0.011759284998866283,0.029331652732939598,0.3396423002940306,0.3905569712090925,0.1997841989125989,,,,0.010621145696446229,0.20884628152318135,2026-07-16,True,,,,pilot_observational,False
georgia_dem,Democratic Georgia governor,GOVPARTYGA-26-D,electricity_datacenters,sector_financials,Financials sector,sector,raw,0.15,True,False,36,43,0.8571428571428571,14,5,0.4649999999999999,0.61,5.000000000000004,1.0,2026-07-13,2026-09-04,estimated,-0.009707766974214637,0.0017388615762494296,,0.010911388798453133,0.006764434161069959,-0.023454751156690268,0.004039217208260995,-0.03188237694890188,0.012466843000472601,0.16038906880754475,0.3798837955733097,0.03316339288901249,,,,-0.015982382173874442,0.6463500016354095,2026-07-16,True,,,,pilot_observational,False
georgia_dem,Democratic Georgia governor,GOVPARTYGA-26-D,electricity_datacenters,sector_financials,Financials sector,sector,market_conditioned,0.15,True,False,36,43,0.8571428571428571,14,5,0.4649999999999999,0.61,5.000000000000004,1.0,2026-07-13,2026-09-04,estimated,-0.004405357121255423,0.0010753786537587796,0.5547358427135571,0.011241324149382611,0.007207611577467821,-0.019069353133686663,0.010258638891175816,-0.027276003066761013,0.01846528882425017,0.5452488324232175,0.6976592899428251,0.31161147094555264,,,,-0.011578529951787592,1.628284071664089,2026-07-16,True,,,,pilot_observational,False
georgia_dem,Democratic Georgia governor,GOVPARTYGA-26-D,electricity_datacenters,sector_healthcare,Healthcare sector,sector,raw,0.15,True,False,36,43,0.8571428571428571,14,5,0.4649999999999999,0.61,5.000000000000004,1.0,2026-07-13,2026-09-04,estimated,0.01151695883414398,0.000488491713090158,,0.017602592568110666,0.009621757539548867,-0.008036805095590568,0.03107072276387853,-0.0242558132621558,0.047289730930443766,0.23959760341010136,0.5173353834977544,0.019815163165310512,,,,-0.003919463634399913,1.3403210596516153,2026-07-16,False,,,,pilot_observational,False
georgia_dem,Democratic Georgia governor,GOVPARTYGA-26-D,electricity_datacenters,sector_healthcare,Healthcare sector,sector,market_conditioned,0.15,True,False,36,43,0.8571428571428571,14,5,0.4649999999999999,0.61,5.000000000000004,1.0,2026-07-13,2026-09-04,estimated,0.011110072065785587,0.0005394048695000758,-0.04256831904616312,0.017656752065373284,0.010066884128899393,-0.009371157692110183,0.03159130182368136,-0.02481286011448656,0.04703300424605773,0.2777385102711953,0.5335337629549534,0.020511222921522965,,,,-0.004063999655451313,1.3657941758961893,2026-07-16,False,,,,pilot_observational,False
georgia_dem,Democratic Georgia governor,GOVPARTYGA-26-D,electricity_datacenters,sector_staples,Consumer staples sector,sector,raw,0.15,True,False,36,43,0.8571428571428571,14,5,0.4649999999999999,0.61,5.000000000000004,1.0,2026-07-13,2026-09-04,estimated,0.014882761328587294,-7.713426282272774e-05,,0.023340059291663155,0.013153980463762278,-0.011849343244566133,0.041614865901740725,-0.03254994601404515,0.062315468671219745,0.26579307965094007,0.5279734949220507,0.03796457059881431,,,,-0.005149579523438012,1.346009682594757,2026-07-16,False,,,,pilot_observational,False
georgia_dem,Democratic Georgia governor,GOVPARTYGA-26-D,electricity_datacenters,sector_staples,Consumer staples sector,sector,market_conditioned,0.15,True,False,36,43,0.8571428571428571,14,5,0.4649999999999999,0.61,5.000000000000004,1.0,2026-07-13,2026-09-04,estimated,0.012930702236246995,0.0001671240852447228,-0.20422358430322385,0.023291295277194167,0.013361473614379683,-0.014253420228674171,0.04011482470116816,-0.034455794302614064,0.06031719877510806,0.3402037258010495,0.5825203216310876,0.05634580806050782,,,,-0.006499384747617862,1.502632001640171,2026-07-16,False,,,,pilot_observational,False
georgia_dem,Democratic Georgia governor,GOVPARTYGA-26-D,electricity_datacenters,cloud_platforms,Cloud platforms,theme,raw,0.15,True,False,36,43,0.8571428571428571,14,5,0.4649999999999999,0.61,5.000000000000004,1.0,2026-07-13,2026-09-04,estimated,-0.04798771704911042,0.006243512324827614,,0.012548155380532264,0.013671258718750396,-0.0757710575157529,-0.02020437658246794,-0.07348863692326271,-0.02248679717495814,0.0012846566890394344,0.0005342079564552549,0.08945745652965453,,,,-0.04889722298439453,0.018952890264675868,2026-07-16,True,,,,pilot_observational,False
georgia_dem,Democratic Georgia governor,GOVPARTYGA-26-D,electricity_datacenters,cloud_platforms,Cloud platforms,theme,market_conditioned,0.15,True,False,36,43,0.8571428571428571,14,5,0.4649999999999999,0.61,5.000000000000004,1.0,2026-07-13,2026-09-04,estimated,-0.03295061817918512,0.004361941759619247,1.573174828973232,0.01130911926103286,0.011462808522364098,-0.056271877469667525,-0.009629358888702717,-0.05595919431643543,-0.009942042041934808,0.007029354494694476,0.006367708389909054,0.3366650715046504,,,,-0.036613487526941546,0.11116238632725436,2026-07-16,True,,,,pilot_observational,False
georgia_dem,Democratic Georgia governor,GOVPARTYGA-26-D,electricity_datacenters,electrical_equipment,Electrical equipment,theme,raw,0.15,True,False,36,43,0.8571428571428571,14,5,0.4649999999999999,0.61,5.000000000000004,1.0,2026-07-13,2026-09-04,estimated,-0.01137860379891899,-0.00046622870176550243,,0.04430257389391214,0.03651924923522155,-0.08559464754160327,0.0628374399437653,-0.10141226634346442,0.07865505874562645,0.7572636637430677,0.7988514020005619,0.002022920528631511,,,,0.018769941328057184,2.6495821156757735,2026-07-16,False,,,,pilot_observational,False
georgia_dem,Democratic Georgia governor,GOVPARTYGA-26-D,electricity_datacenters,electrical_equipment,Electrical equipment,theme,market_conditioned,0.15,True,False,36,43,0.8571428571428571,14,5,0.4649999999999999,0.61,5.000000000000004,1.0,2026-07-13,2026-09-04,estimated,0.018257596349567348,-0.004174563823212555,3.1005265379520024,0.04191993117642579,0.03073595469820959,-0.044275173665649925,0.08079036636478462,-0.06702914489689436,0.10354433759602906,0.5565530720521716,0.6660097783088115,0.3882327079742287,,,,0.04259153772367743,1.3328118832404094,2026-07-16,True,,,,pilot_observational,False
georgia_dem,Democratic Georgia governor,GOVPARTYGA-26-D,electricity_datacenters,regulated_utilities,Regulated utilities,theme,raw,0.15,True,False,36,43,0.8571428571428571,14,5,0.4649999999999999,0.61,5.000000000000004,1.0,2026-07-13,2026-09-04,estimated,0.007649577403952607,-0.002161498225512804,,0.013341218744152802,0.010872383058038131,-0.01444576336894437,0.029744918176849586,-0.019463041136458553,0.03476219594436377,0.486485826397554,0.5701613536265263,0.014477553908364804,,,,5.9400316538613714e-05,0.9922348237815175,2026-07-16,True,,,,pilot_observational,False
georgia_dem,Democratic Georgia governor,GOVPARTYGA-26-D,electricity_datacenters,regulated_utilities,Regulated utilities,theme,market_conditioned,0.15,True,False,36,43,0.8571428571428571,14,5,0.4649999999999999,0.61,5.000000000000004,1.0,2026-07-13,2026-09-04,estimated,0.006793311427361976,-0.0020543548947760067,-0.0895821789116995,0.013766062806877212,0.011553298882029729,-0.016712051884131846,0.030298674738855797,-0.021213953938878087,0.03480057679360204,0.5605366818769749,0.6249400652873197,0.019582780778356956,,,,-0.0005472312503671615,1.0805544183007765,2026-07-16,False,,,,pilot_observational,False
georgia_dem,Democratic Georgia governor,GOVPARTYGA-26-D,electricity_datacenters,power_generators,Power generators,theme,raw,0.15,True,False,36,43,0.8571428571428571,14,5,0.4649999999999999,0.61,5.000000000000004,1.0,2026-07-13,2026-09-04,estimated,-0.0009711622983259137,4.540591334656037e-05,,0.039400383517931986,0.027967133704057987,-0.057807216209752266,0.055864891613100445,-0.08104237536765553,0.0791000507710037,0.9725019944507973,0.9804793948299881,3.31600091777462e-05,,,,0.033710507748326304,35.711507856551236,2026-07-16,False,,,,pilot_observational,False
georgia_dem,Democratic Georgia governor,GOVPARTYGA-26-D,electricity_datacenters,power_generators,Power generators,theme,market_conditioned,0.15,True,False,36,43,0.8571428571428571,14,5,0.4649999999999999,0.61,5.000000000000004,1.0,2026-07-13,2026-09-04,estimated,0.005094131275210358,-0.0007135355524263533,0.6345484100862179,0.03886416944718793,0.027918911773981488,-0.05170732181709342,0.061895584367514134,-0.07397561598775668,0.08416387853817739,0.8563367388196571,0.8965116077058606,0.036434052635816006,,,,0.03823938635658015,6.506556916321534,2026-07-16,True,,,,pilot_observational,False
georgia_dem,Democratic Georgia governor,GOVPARTYGA-26-D,electricity_datacenters,data_center_reits,Data-center REITs,theme,raw,0.15,True,False,36,43,0.8571428571428571,14,5,0.4649999999999999,0.61,5.000000000000004,1.0,2026-07-13,2026-09-04,estimated,0.0377485976582624,-0.0007374238988825258,,0.04584907422353544,0.03905890124112383,-0.04162863992899453,0.11712583524551932,-0.055427931689818036,0.13092512700634285,0.34064205918167473,0.4160621195581827,0.06381834631085526,,,,0.06850243560715016,0.814701468576446,2026-07-16,True,,,,pilot_observational,False
georgia_dem,Democratic Georgia governor,GOVPARTYGA-26-D,electricity_datacenters,data_center_reits,Data-center REITs,theme,market_conditioned,0.15,True,False,36,43,0.8571428571428571,14,5,0.4649999999999999,0.61,5.000000000000004,1.0,2026-07-13,2026-09-04,estimated,0.049451131701833614,-0.002201745160929385,1.2243140882294405,0.04280517630398919,0.036738271846101754,-0.025293444370912743,0.12419570777457997,-0.03763665429864832,0.13653891770231555,0.18746471925408933,0.25628039833755917,0.23643436470028523,,,,0.0776799290835618,0.5708422923854235,2026-07-16,True,,,,pilot_observational,False
georgia_dem,Democratic Georgia governor,GOVPARTYGA-26-D,electricity_datacenters,integrated_energy,Integrated energy,theme,raw,0.15,True,False,36,43,0.8571428571428571,14,5,0.4649999999999999,0.61,5.000000000000004,1.0,2026-07-13,2026-09-04,estimated,0.010497678956815762,0.0025701058393069165,,0.011924267019504357,0.011189212642498574,-0.012241536999490366,0.03323689491312189,-0.013735347221210326,0.03473070513484185,0.3547608482802268,0.3848435754155286,0.012139433873644134,,,,0.007216237224904529,0.31258735815889205,2026-07-16,True,,,,pilot_observational,False
georgia_dem,Democratic Georgia governor,GOVPARTYGA-26-D,electricity_datacenters,integrated_energy,Integrated energy,theme,market_conditioned,0.15,True,False,36,43,0.8571428571428571,14,5,0.4649999999999999,0.61,5.000000000000004,1.0,2026-07-13,2026-09-04,estimated,0.0016179799416212882,0.003681209812182681,-0.9289902992858186,0.011440635155151525,0.010537201155090565,-0.019820117000711304,0.023056076883953877,-0.021658167294071176,0.02489412717731375,0.8789002534097355,0.8883948595201605,0.2565869999244028,,,,8.84693763379945e-06,0.9945321092022102,2026-07-16,True,,,,pilot_observational,False
georgia_dem,Democratic Georgia governor,GOVPARTYGA-26-D,electricity_datacenters,homebuilders,Homebuilders,theme,raw,0.15,True,False,36,43,0.8571428571428571,14,5,0.4649999999999999,0.61,5.000000000000004,1.0,2026-07-13,2026-09-04,estimated,0.007819824750744928,-0.0011176119419788275,,0.03045080833925169,0.018603403957039275,-0.02998684079556766,0.045626490297057516,-0.05406366330098551,0.06970331280247537,0.6768791759730404,0.7988793924334395,0.00284444502448733,,,,-0.004957342000798764,1.6339454091124639,2026-07-16,False,,,,pilot_observational,False
georgia_dem,Democratic Georgia governor,GOVPARTYGA-26-D,electricity_datacenters,homebuilders,Homebuilders,theme,market_conditioned,0.15,True,False,36,43,0.8571428571428571,14,5,0.4649999999999999,0.61,5.000000000000004,1.0,2026-07-13,2026-09-04,estimated,0.020273459599747027,-0.0026759173680740897,1.3028939320774235,0.031014577349585067,0.01799601373212822,-0.0163397056313762,0.05688662483087026,-0.04282617246190955,0.0833730916614036,0.2680573539667574,0.5178504119117402,0.2058804812347914,,,,0.005362061589939598,0.735513242643278,2026-07-16,True,,,,pilot_observational,False
georgia_dem,Democratic Georgia governor,GOVPARTYGA-26-D,electricity_datacenters,machinery_distribution,Machinery and distribution,theme,raw,0.15,True,False,36,43,0.8571428571428571,14,5,0.4649999999999999,0.61,5.000000000000004,1.0,2026-07-13,2026-09-04,estimated,0.0011456758792211274,0.00035728717619608,,0.010314132991382537,0.010659442813230058,-0.020516918250351873,0.02280827000879413,-0.01981516426088877,0.022106516019331026,0.9150400074671611,0.9122074322119738,0.00013442985069755942,,,,0.000635798616033227,0.4450449489558371,2026-07-16,True,,,,pilot_observational,False
georgia_dem,Democratic Georgia governor,GOVPARTYGA-26-D,electricity_datacenters,machinery_distribution,Machinery and distribution,theme,market_conditioned,0.15,True,False,36,43,0.8571428571428571,14,5,0.4649999999999999,0.61,5.000000000000004,1.0,2026-07-13,2026-09-04,estimated,0.010124230604261437,-0.0007661864695439567,0.9393325412152627,0.010006703197116423,0.009444611673547793,-0.009090976324040143,0.029339437532563017,-0.010234560127307127,0.03048302133583,0.29151591172770613,0.31902121024000146,0.23249498853788342,,,,0.007969934646612848,0.21278614068132887,2026-07-16,True,,,,pilot_observational,False
georgia_dem,Democratic Georgia governor,GOVPARTYGA-26-D,electricity_datacenters,managed_care,Managed care (UNH only),single_company_proxy,raw,0.15,True,False,36,43,0.8571428571428571,14,5,0.4649999999999999,0.61,5.000000000000004,1.0,2026-07-13,2026-09-04,estimated,-0.005944386745466677,-0.0010107190946409869,,0.020988799908756323,0.016952929194157005,-0.04039688401714431,0.028508110526210953,-0.048598760117204945,0.03670998662627159,0.728021185831403,0.7787277727653878,0.003472310765412101,,,,-0.02105877340696013,2.542631781658558,2026-07-16,True,,,,pilot_observational,False
georgia_dem,Democratic Georgia governor,GOVPARTYGA-26-D,electricity_datacenters,managed_care,Managed care (UNH only),single_company_proxy,market_conditioned,0.15,True,False,36,43,0.8571428571428571,14,5,0.4649999999999999,0.61,5.000000000000004,1.0,2026-07-13,2026-09-04,estimated,-0.006065104644292019,-0.0009956138374974134,-0.012629454755956615,0.02165121861473579,0.01694974860600613,-0.04054962747113209,0.028419418182548055,-0.05011484012439185,0.03798463083580782,0.7227502580520796,0.7811281546687079,0.0035126126332745145,,,,-0.020973662377012734,2.4580874703870825,2026-07-16,True,,,,pilot_observational,False
georgia_dem,Democratic Georgia governor,GOVPARTYGA-26-D,electricity_datacenters,hospitals,Hospitals (HCA only),single_company_proxy,raw,0.15,True,False,36,43,0.8571428571428571,14,5,0.4649999999999999,0.61,5.000000000000004,1.0,2026-07-13,2026-09-04,estimated,-0.015709532727411425,0.0002804838117321639,,0.0362640097303529,0.017869410269646353,-0.05202454363264587,0.020605478177823027,-0.08940686738776543,0.05798780193294259,0.3855020654413186,0.6676061709713378,0.007178381501953601,,,,-0.040676002809057164,1.5892560596714609,2026-07-16,True,,,,pilot_observational,False
georgia_dem,Democratic Georgia governor,GOVPARTYGA-26-D,electricity_datacenters,hospitals,Hospitals (HCA only),single_company_proxy,market_conditioned,0.15,True,False,36,43,0.8571428571428571,14,5,0.4649999999999999,0.61,5.000000000000004,1.0,2026-07-13,2026-09-04,estimated,-0.012343310640685477,-0.00014072671891119228,0.3521727097347549,0.03624737495865375,0.018687820147975487,-0.05036396660772356,0.025677345326352612,-0.08608914948644861,0.06140252820507766,0.5135174158506276,0.7356159722155373,0.016454427600016364,,,,-0.0376252888484054,2.04823316399302,2026-07-16,True,,,,pilot_observational,False
georgia_dem,Democratic Georgia governor,GOVPARTYGA-26-D,electricity_datacenters,generators_minus_regulated,Generators minus regulated utilities,relative_return_contrast,raw,0.15,True,False,36,43,0.8571428571428571,14,5,0.4649999999999999,0.61,5.000000000000004,1.0,2026-07-13,2026-09-04,estimated,-0.008620739702278512,0.0022069041388593645,,0.04764706558095179,0.03025290932240134,-0.07010204856361546,0.05286056915905843,-0.10545122711426905,0.08820974770971202,0.7774066670249928,0.8574974704030708,0.002304381264789934,,,,0.03365110743178769,4.903505800423774,2026-07-16,False,,,,pilot_observational,False
georgia_dem,Democratic Georgia governor,GOVPARTYGA-26-D,electricity_datacenters,generators_minus_regulated,Generators minus regulated utilities,relative_return_contrast,market_conditioned,0.15,True,False,36,43,0.8571428571428571,14,5,0.4649999999999999,0.61,5.000000000000004,1.0,2026-07-13,2026-09-04,estimated,-0.0016991801521516123,0.0013408193423496543,0.7241305889979175,0.046779559348106056,0.029590621544150774,-0.06190175234476032,0.0585033920404571,-0.09687290925381259,0.09347454894950935,0.9545545978335706,0.9712435433391472,0.04411153081400543,,,,0.03878661760694731,23.826665882268678,2026-07-16,False,,,,pilot_observational,False
georgia_dem,Democratic Georgia governor,GOVPARTYGA-26-D,electricity_datacenters,equipment_minus_generators,Equipment minus generators,relative_return_contrast,raw,0.15,True,False,36,43,0.8571428571428571,14,5,0.4649999999999999,0.61,5.000000000000004,1.0,2026-07-13,2026-09-04,estimated,-0.010407441500593072,-0.0005116346151120636,,0.02524404688598008,0.02289678165167048,-0.056939300293247085,0.036124417292060944,-0.06170951717758514,0.040894634176399,0.6523309593351249,0.6827272419485118,0.002319778782979953,,,,-0.01494056642026912,0.4355657362491758,2026-07-16,True,,,,pilot_observational,False
georgia_dem,Democratic Georgia governor,GOVPARTYGA-26-D,electricity_datacenters,equipment_minus_generators,Equipment minus generators,relative_return_contrast,market_conditioned,0.15,True,False,36,43,0.8571428571428571,14,5,0.4649999999999999,0.61,5.000000000000004,1.0,2026-07-13,2026-09-04,estimated,0.013163465074356999,-0.0034610282707862026,2.4659781278657844,0.02402347813623764,0.022391462081336345,-0.0323923070623786,0.058719237211092595,-0.0357126686917582,0.0620395988404722,0.560615472613966,0.5874195508999894,0.3371992730260507,,,,0.004352151367097289,0.6693764641366756,2026-07-16,True,,,,pilot_observational,False
georgia_dem,Democratic Georgia governor,GOVPARTYGA-26-D,electricity_datacenters,hospitals_minus_managed_care,Hospitals minus managed care,relative_return_contrast,raw,0.15,True,False,36,43,0.8571428571428571,14,5,0.4649999999999999,0.61,5.000000000000004,1.0,2026-07-13,2026-09-04,estimated,-0.009765145981944745,0.0012912029063731514,,0.03064972376897793,0.02160838025567805,-0.05367865811179586,0.034148366147906374,-0.07205287882355492,0.052522586859665425,0.654200314091313,0.7519752985107219,0.002747915596361672,,,,-0.019617229402097043,1.0089028303691818,2026-07-16,True,,,,pilot_observational,False
georgia_dem,Democratic Georgia governor,GOVPARTYGA-26-D,electricity_datacenters,hospitals_minus_managed_care,Hospitals minus managed care,relative_return_contrast,market_conditioned,0.15,True,False,36,43,0.8571428571428571,14,5,0.4649999999999999,0.61,5.000000000000004,1.0,2026-07-13,2026-09-04,estimated,-0.006278205996393453,0.0008548871185862218,0.3648021644907116,0.030684553071133203,0.0221615129613138,-0.05136614313080817,0.03880973113802126,-0.06870639861501003,0.05614998662222312,0.7787217523456808,0.8391376604986057,0.012608717205145004,,,,-0.016651626471392674,1.6522905557667724,2026-07-16,True,,,,pilot_observational,False
datacenter_three_states,At least three binding state data-center moratoriums,KXMORATORIUMCOUNT-26DEC31-AL3,electricity_datacenters,sector_technology,Technology sector,sector,raw,0.05,True,False,9,43,0.21428571428571427,6,3,0.155,0.715,35.0,3.0,2026-07-23,2026-09-02,insufficient_observations,,,,,,,,,,,,,,,,,,,,,,,insufficient_evidence,False
datacenter_three_states,At least three binding state data-center moratoriums,KXMORATORIUMCOUNT-26DEC31-AL3,electricity_datacenters,sector_technology,Technology sector,sector,market_conditioned,0.05,True,False,9,43,0.21428571428571427,6,3,0.155,0.715,35.0,3.0,2026-07-23,2026-09-02,insufficient_observations,,,,,,,,,,,,,,,,,,,,,,,insufficient_evidence,False
datacenter_three_states,At least three binding state data-center moratoriums,KXMORATORIUMCOUNT-26DEC31-AL3,electricity_datacenters,sector_consumer_discretionary,Consumer discretionary sector,sector,raw,0.05,True,False,9,43,0.21428571428571427,6,3,0.155,0.715,35.0,3.0,2026-07-23,2026-09-02,insufficient_observations,,,,,,,,,,,,,,,,,,,,,,,insufficient_evidence,False
datacenter_three_states,At least three binding state data-center moratoriums,KXMORATORIUMCOUNT-26DEC31-AL3,electricity_datacenters,sector_consumer_discretionary,Consumer discretionary sector,sector,market_conditioned,0.05,True,False,9,43,0.21428571428571427,6,3,0.155,0.715,35.0,3.0,2026-07-23,2026-09-02,insufficient_observations,,,,,,,,,,,,,,,,,,,,,,,insufficient_evidence,False
datacenter_three_states,At least three binding state data-center moratoriums,KXMORATORIUMCOUNT-26DEC31-AL3,electricity_datacenters,sector_communications,Communication services sector,sector,raw,0.05,True,False,9,43,0.21428571428571427,6,3,0.155,0.715,35.0,3.0,2026-07-23,2026-09-02,insufficient_observations,,,,,,,,,,,,,,,,,,,,,,,insufficient_evidence,False
datacenter_three_states,At least three binding state data-center moratoriums,KXMORATORIUMCOUNT-26DEC31-AL3,electricity_datacenters,sector_communications,Communication services sector,sector,market_conditioned,0.05,True,False,9,43,0.21428571428571427,6,3,0.155,0.715,35.0,3.0,2026-07-23,2026-09-02,insufficient_observations,,,,,,,,,,,,,,,,,,,,,,,insufficient_evidence,False
datacenter_three_states,At least three binding state data-center moratoriums,KXMORATORIUMCOUNT-26DEC31-AL3,electricity_datacenters,sector_industrials,Industrials sector,sector,raw,0.05,True,False,9,43,0.21428571428571427,6,3,0.155,0.715,35.0,3.0,2026-07-23,2026-09-02,insufficient_observations,,,,,,,,,,,,,,,,,,,,,,,insufficient_evidence,False
datacenter_three_states,At least three binding state data-center moratoriums,KXMORATORIUMCOUNT-26DEC31-AL3,electricity_datacenters,sector_industrials,Industrials sector,sector,market_conditioned,0.05,True,False,9,43,0.21428571428571427,6,3,0.155,0.715,35.0,3.0,2026-07-23,2026-09-02,insufficient_observations,,,,,,,,,,,,,,,,,,,,,,,insufficient_evidence,False
datacenter_three_states,At least three binding state data-center moratoriums,KXMORATORIUMCOUNT-26DEC31-AL3,electricity_datacenters,sector_utilities,Utilities sector,sector,raw,0.05,True,False,9,43,0.21428571428571427,6,3,0.155,0.715,35.0,3.0,2026-07-23,2026-09-02,insufficient_observations,,,,,,,,,,,,,,,,,,,,,,,insufficient_evidence,False
datacenter_three_states,At least three binding state data-center moratoriums,KXMORATORIUMCOUNT-26DEC31-AL3,electricity_datacenters,sector_utilities,Utilities sector,sector,market_conditioned,0.05,True,False,9,43,0.21428571428571427,6,3,0.155,0.715,35.0,3.0,2026-07-23,2026-09-02,insufficient_observations,,,,,,,,,,,,,,,,,,,,,,,insufficient_evidence,False
datacenter_three_states,At least three binding state data-center moratoriums,KXMORATORIUMCOUNT-26DEC31-AL3,electricity_datacenters,sector_real_estate,Real estate sector,sector,raw,0.05,True,False,9,43,0.21428571428571427,6,3,0.155,0.715,35.0,3.0,2026-07-23,2026-09-02,insufficient_observations,,,,,,,,,,,,,,,,,,,,,,,insufficient_evidence,False
datacenter_three_states,At least three binding state data-center moratoriums,KXMORATORIUMCOUNT-26DEC31-AL3,electricity_datacenters,sector_real_estate,Real estate sector,sector,market_conditioned,0.05,True,False,9,43,0.21428571428571427,6,3,0.155,0.715,35.0,3.0,2026-07-23,2026-09-02,insufficient_observations,,,,,,,,,,,,,,,,,,,,,,,insufficient_evidence,False
datacenter_three_states,At least three binding state data-center moratoriums,KXMORATORIUMCOUNT-26DEC31-AL3,electricity_datacenters,sector_energy,Energy sector,sector,raw,0.05,True,False,9,43,0.21428571428571427,6,3,0.155,0.715,35.0,3.0,2026-07-23,2026-09-02,insufficient_observations,,,,,,,,,,,,,,,,,,,,,,,insufficient_evidence,False
datacenter_three_states,At least three binding state data-center moratoriums,KXMORATORIUMCOUNT-26DEC31-AL3,electricity_datacenters,sector_energy,Energy sector,sector,market_conditioned,0.05,True,False,9,43,0.21428571428571427,6,3,0.155,0.715,35.0,3.0,2026-07-23,2026-09-02,insufficient_observations,,,,,,,,,,,,,,,,,,,,,,,insufficient_evidence,False
datacenter_three_states,At least three binding state data-center moratoriums,KXMORATORIUMCOUNT-26DEC31-AL3,electricity_datacenters,sector_financials,Financials sector,sector,raw,0.05,True,False,9,43,0.21428571428571427,6,3,0.155,0.715,35.0,3.0,2026-07-23,2026-09-02,insufficient_observations,,,,,,,,,,,,,,,,,,,,,,,insufficient_evidence,False
datacenter_three_states,At least three binding state data-center moratoriums,KXMORATORIUMCOUNT-26DEC31-AL3,electricity_datacenters,sector_financials,Financials sector,sector,market_conditioned,0.05,True,False,9,43,0.21428571428571427,6,3,0.155,0.715,35.0,3.0,2026-07-23,2026-09-02,insufficient_observations,,,,,,,,,,,,,,,,,,,,,,,insufficient_evidence,False
datacenter_three_states,At least three binding state data-center moratoriums,KXMORATORIUMCOUNT-26DEC31-AL3,electricity_datacenters,sector_healthcare,Healthcare sector,sector,raw,0.05,True,False,9,43,0.21428571428571427,6,3,0.155,0.715,35.0,3.0,2026-07-23,2026-09-02,insufficient_observations,,,,,,,,,,,,,,,,,,,,,,,insufficient_evidence,False
datacenter_three_states,At least three binding state data-center moratoriums,KXMORATORIUMCOUNT-26DEC31-AL3,electricity_datacenters,sector_healthcare,Healthcare sector,sector,market_conditioned,0.05,True,False,9,43,0.21428571428571427,6,3,0.155,0.715,35.0,3.0,2026-07-23,2026-09-02,insufficient_observations,,,,,,,,,,,,,,,,,,,,,,,insufficient_evidence,False
datacenter_three_states,At least three binding state data-center moratoriums,KXMORATORIUMCOUNT-26DEC31-AL3,electricity_datacenters,sector_staples,Consumer staples sector,sector,raw,0.05,True,False,9,43,0.21428571428571427,6,3,0.155,0.715,35.0,3.0,2026-07-23,2026-09-02,insufficient_observations,,,,,,,,,,,,,,,,,,,,,,,insufficient_evidence,False
datacenter_three_states,At least three binding state data-center moratoriums,KXMORATORIUMCOUNT-26DEC31-AL3,electricity_datacenters,sector_staples,Consumer staples sector,sector,market_conditioned,0.05,True,False,9,43,0.21428571428571427,6,3,0.155,0.715,35.0,3.0,2026-07-23,2026-09-02,insufficient_observations,,,,,,,,,,,,,,,,,,,,,,,insufficient_evidence,False
datacenter_three_states,At least three binding state data-center moratoriums,KXMORATORIUMCOUNT-26DEC31-AL3,electricity_datacenters,cloud_platforms,Cloud platforms,theme,raw,0.05,True,False,9,43,0.21428571428571427,6,3,0.155,0.715,35.0,3.0,2026-07-23,2026-09-02,insufficient_observations,,,,,,,,,,,,,,,,,,,,,,,insufficient_evidence,False
datacenter_three_states,At least three binding state data-center moratoriums,KXMORATORIUMCOUNT-26DEC31-AL3,electricity_datacenters,cloud_platforms,Cloud platforms,theme,market_conditioned,0.05,True,False,9,43,0.21428571428571427,6,3,0.155,0.715,35.0,3.0,2026-07-23,2026-09-02,insufficient_observations,,,,,,,,,,,,,,,,,,,,,,,insufficient_evidence,False
datacenter_three_states,At least three binding state data-center moratoriums,KXMORATORIUMCOUNT-26DEC31-AL3,electricity_datacenters,electrical_equipment,Electrical equipment,theme,raw,0.05,True,False,9,43,0.21428571428571427,6,3,0.155,0.715,35.0,3.0,2026-07-23,2026-09-02,insufficient_observations,,,,,,,,,,,,,,,,,,,,,,,insufficient_evidence,False
datacenter_three_states,At least three binding state data-center moratoriums,KXMORATORIUMCOUNT-26DEC31-AL3,electricity_datacenters,electrical_equipment,Electrical equipment,theme,market_conditioned,0.05,True,False,9,43,0.21428571428571427,6,3,0.155,0.715,35.0,3.0,2026-07-23,2026-09-02,insufficient_observations,,,,,,,,,,,,,,,,,,,,,,,insufficient_evidence,False
datacenter_three_states,At least three binding state data-center moratoriums,KXMORATORIUMCOUNT-26DEC31-AL3,electricity_datacenters,regulated_utilities,Regulated utilities,theme,raw,0.05,True,False,9,43,0.21428571428571427,6,3,0.155,0.715,35.0,3.0,2026-07-23,2026-09-02,insufficient_observations,,,,,,,,,,,,,,,,,,,,,,,insufficient_evidence,False
datacenter_three_states,At least three binding state data-center moratoriums,KXMORATORIUMCOUNT-26DEC31-AL3,electricity_datacenters,regulated_utilities,Regulated utilities,theme,market_conditioned,0.05,True,False,9,43,0.21428571428571427,6,3,0.155,0.715,35.0,3.0,2026-07-23,2026-09-02,insufficient_observations,,,,,,,,,,,,,,,,,,,,,,,insufficient_evidence,False
datacenter_three_states,At least three binding state data-center moratoriums,KXMORATORIUMCOUNT-26DEC31-AL3,electricity_datacenters,power_generators,Power generators,theme,raw,0.05,True,False,9,43,0.21428571428571427,6,3,0.155,0.715,35.0,3.0,2026-07-23,2026-09-02,insufficient_observations,,,,,,,,,,,,,,,,,,,,,,,insufficient_evidence,False
datacenter_three_states,At least three binding state data-center moratoriums,KXMORATORIUMCOUNT-26DEC31-AL3,electricity_datacenters,power_generators,Power generators,theme,market_conditioned,0.05,True,False,9,43,0.21428571428571427,6,3,0.155,0.715,35.0,3.0,2026-07-23,2026-09-02,insufficient_observations,,,,,,,,,,,,,,,,,,,,,,,insufficient_evidence,False
datacenter_three_states,At least three binding state data-center moratoriums,KXMORATORIUMCOUNT-26DEC31-AL3,electricity_datacenters,data_center_reits,Data-center REITs,theme,raw,0.05,True,False,9,43,0.21428571428571427,6,3,0.155,0.715,35.0,3.0,2026-07-23,2026-09-02,insufficient_observations,,,,,,,,,,,,,,,,,,,,,,,insufficient_evidence,False
datacenter_three_states,At least three binding state data-center moratoriums,KXMORATORIUMCOUNT-26DEC31-AL3,electricity_datacenters,data_center_reits,Data-center REITs,theme,market_conditioned,0.05,True,False,9,43,0.21428571428571427,6,3,0.155,0.715,35.0,3.0,2026-07-23,2026-09-02,insufficient_observations,,,,,,,,,,,,,,,,,,,,,,,insufficient_evidence,False
datacenter_three_states,At least three binding state data-center moratoriums,KXMORATORIUMCOUNT-26DEC31-AL3,electricity_datacenters,integrated_energy,Integrated energy,theme,raw,0.05,True,False,9,43,0.21428571428571427,6,3,0.155,0.715,35.0,3.0,2026-07-23,2026-09-02,insufficient_observations,,,,,,,,,,,,,,,,,,,,,,,insufficient_evidence,False
datacenter_three_states,At least three binding state data-center moratoriums,KXMORATORIUMCOUNT-26DEC31-AL3,electricity_datacenters,integrated_energy,Integrated energy,theme,market_conditioned,0.05,True,False,9,43,0.21428571428571427,6,3,0.155,0.715,35.0,3.0,2026-07-23,2026-09-02,insufficient_observations,,,,,,,,,,,,,,,,,,,,,,,insufficient_evidence,False
datacenter_three_states,At least three binding state data-center moratoriums,KXMORATORIUMCOUNT-26DEC31-AL3,electricity_datacenters,homebuilders,Homebuilders,theme,raw,0.05,True,False,9,43,0.21428571428571427,6,3,0.155,0.715,35.0,3.0,2026-07-23,2026-09-02,insufficient_observations,,,,,,,,,,,,,,,,,,,,,,,insufficient_evidence,False
datacenter_three_states,At least three binding state data-center moratoriums,KXMORATORIUMCOUNT-26DEC31-AL3,electricity_datacenters,homebuilders,Homebuilders,theme,market_conditioned,0.05,True,False,9,43,0.21428571428571427,6,3,0.155,0.715,35.0,3.0,2026-07-23,2026-09-02,insufficient_observations,,,,,,,,,,,,,,,,,,,,,,,insufficient_evidence,False
datacenter_three_states,At least three binding state data-center moratoriums,KXMORATORIUMCOUNT-26DEC31-AL3,electricity_datacenters,machinery_distribution,Machinery and distribution,theme,raw,0.05,True,False,9,43,0.21428571428571427,6,3,0.155,0.715,35.0,3.0,2026-07-23,2026-09-02,insufficient_observations,,,,,,,,,,,,,,,,,,,,,,,insufficient_evidence,False
datacenter_three_states,At least three binding state data-center moratoriums,KXMORATORIUMCOUNT-26DEC31-AL3,electricity_datacenters,machinery_distribution,Machinery and distribution,theme,market_conditioned,0.05,True,False,9,43,0.21428571428571427,6,3,0.155,0.715,35.0,3.0,2026-07-23,2026-09-02,insufficient_observations,,,,,,,,,,,,,,,,,,,,,,,insufficient_evidence,False
datacenter_three_states,At least three binding state data-center moratoriums,KXMORATORIUMCOUNT-26DEC31-AL3,electricity_datacenters,managed_care,Managed care (UNH only),single_company_proxy,raw,0.05,True,False,9,43,0.21428571428571427,6,3,0.155,0.715,35.0,3.0,2026-07-23,2026-09-02,insufficient_observations,,,,,,,,,,,,,,,,,,,,,,,insufficient_evidence,False
datacenter_three_states,At least three binding state data-center moratoriums,KXMORATORIUMCOUNT-26DEC31-AL3,electricity_datacenters,managed_care,Managed care (UNH only),single_company_proxy,market_conditioned,0.05,True,False,9,43,0.21428571428571427,6,3,0.155,0.715,35.0,3.0,2026-07-23,2026-09-02,insufficient_observations,,,,,,,,,,,,,,,,,,,,,,,insufficient_evidence,False
datacenter_three_states,At least three binding state data-center moratoriums,KXMORATORIUMCOUNT-26DEC31-AL3,electricity_datacenters,hospitals,Hospitals (HCA only),single_company_proxy,raw,0.05,True,False,9,43,0.21428571428571427,6,3,0.155,0.715,35.0,3.0,2026-07-23,2026-09-02,insufficient_observations,,,,,,,,,,,,,,,,,,,,,,,insufficient_evidence,False
datacenter_three_states,At least three binding state data-center moratoriums,KXMORATORIUMCOUNT-26DEC31-AL3,electricity_datacenters,hospitals,Hospitals (HCA only),single_company_proxy,market_conditioned,0.05,True,False,9,43,0.21428571428571427,6,3,0.155,0.715,35.0,3.0,2026-07-23,2026-09-02,insufficient_observations,,,,,,,,,,,,,,,,,,,,,,,insufficient_evidence,False
datacenter_three_states,At least three binding state data-center moratoriums,KXMORATORIUMCOUNT-26DEC31-AL3,electricity_datacenters,generators_minus_regulated,Generators minus regulated utilities,relative_return_contrast,raw,0.05,True,False,9,43,0.21428571428571427,6,3,0.155,0.715,35.0,3.0,2026-07-23,2026-09-02,insufficient_observations,,,,,,,,,,,,,,,,,,,,,,,insufficient_evidence,False
datacenter_three_states,At least three binding state data-center moratoriums,KXMORATORIUMCOUNT-26DEC31-AL3,electricity_datacenters,generators_minus_regulated,Generators minus regulated utilities,relative_return_contrast,market_conditioned,0.05,True,False,9,43,0.21428571428571427,6,3,0.155,0.715,35.0,3.0,2026-07-23,2026-09-02,insufficient_observations,,,,,,,,,,,,,,,,,,,,,,,insufficient_evidence,False
datacenter_three_states,At least three binding state data-center moratoriums,KXMORATORIUMCOUNT-26DEC31-AL3,electricity_datacenters,equipment_minus_generators,Equipment minus generators,relative_return_contrast,raw,0.05,True,False,9,43,0.21428571428571427,6,3,0.155,0.715,35.0,3.0,2026-07-23,2026-09-02,insufficient_observations,,,,,,,,,,,,,,,,,,,,,,,insufficient_evidence,False
datacenter_three_states,At least three binding state data-center moratoriums,KXMORATORIUMCOUNT-26DEC31-AL3,electricity_datacenters,equipment_minus_generators,Equipment minus generators,relative_return_contrast,market_conditioned,0.05,True,False,9,43,0.21428571428571427,6,3,0.155,0.715,35.0,3.0,2026-07-23,2026-09-02,insufficient_observations,,,,,,,,,,,,,,,,,,,,,,,insufficient_evidence,False
datacenter_three_states,At least three binding state data-center moratoriums,KXMORATORIUMCOUNT-26DEC31-AL3,electricity_datacenters,hospitals_minus_managed_care,Hospitals minus managed care,relative_return_contrast,raw,0.05,True,False,9,43,0.21428571428571427,6,3,0.155,0.715,35.0,3.0,2026-07-23,2026-09-02,insufficient_observations,,,,,,,,,,,,,,,,,,,,,,,insufficient_evidence,False
datacenter_three_states,At least three binding state data-center moratoriums,KXMORATORIUMCOUNT-26DEC31-AL3,electricity_datacenters,hospitals_minus_managed_care,Hospitals minus managed care,relative_return_contrast,market_conditioned,0.05,True,False,9,43,0.21428571428571427,6,3,0.155,0.715,35.0,3.0,2026-07-23,2026-09-02,insufficient_observations,,,,,,,,,,,,,,,,,,,,,,,insufficient_evidence,False
datacenter_three_states,At least three binding state data-center moratoriums,KXMORATORIUMCOUNT-26DEC31-AL3,electricity_datacenters,sector_technology,Technology sector,sector,raw,0.1,True,False,23,43,0.5476190476190477,14,4,0.155,0.715,35.0,5.0,2026-07-22,2026-09-04,estimated,-0.002595252402230866,0.0021553918670100666,,0.008243829025716893,0.002910623510661468,-0.008648225351792337,0.0034577205473306062,-0.019739233377679615,0.014548728573217883,0.3826845449616764,0.7560113826590283,0.012271672257886057,-0.008892425018836839,0.020018301094761253,498.0,0.004987679443394815,2.9218475394175267,2026-07-28,False,,,,pilot_observational,False
datacenter_three_states,At least three binding state data-center moratoriums,KXMORATORIUMCOUNT-26DEC31-AL3,electricity_datacenters,sector_technology,Technology sector,sector,market_conditioned,0.1,True,True,23,43,0.5476190476190477,14,4,0.155,0.715,35.0,5.0,2026-07-22,2026-09-04,estimated,-0.0051020261257416575,-0.001234225731005568,2.033363578599126,0.0034658410421843544,0.0022629968840600055,-0.009822554907167375,-0.0003814973443159401,-0.012331643853772048,0.0021275916022887326,0.03553066962124941,0.15655905930592123,0.6767760744274913,-0.016451337045496835,0.006766224214911412,498.0,-0.002213022754752309,0.5662462911377953,2026-07-28,True,0.22856267538306246,0.9094769698122832,0.9094769698122832,pilot_observational,False
datacenter_three_states,At least three binding state data-center moratoriums,KXMORATORIUMCOUNT-26DEC31-AL3,electricity_datacenters,sector_consumer_discretionary,Consumer discretionary sector,sector,raw,0.1,True,False,23,43,0.5476190476190477,14,4,0.155,0.715,35.0,5.0,2026-07-22,2026-09-04,estimated,0.004467858602883958,0.0009377811970669293,,0.001413328834096694,0.0005553129925914435,0.0033130220153336325,0.005622695190434283,0.0015286803923436434,0.007407036813424273,7.516253294695695e-08,0.00470802982628052,0.06054270145286622,0.00012844361617584264,0.014335852810212033,498.0,0.005642151473982937,0.26283125216652664,2026-07-28,True,,,,pilot_observational,True
datacenter_three_states,At least three binding state data-center moratoriums,KXMORATORIUMCOUNT-26DEC31-AL3,electricity_datacenters,sector_consumer_discretionary,Consumer discretionary sector,sector,market_conditioned,0.1,True,True,23,43,0.5476190476190477,14,4,0.155,0.715,35.0,5.0,2026-07-22,2026-09-04,estimated,0.003075176118760326,-0.0009453808180599081,1.1296711040212704,0.0019767251006779342,0.0008870753961655532,0.0012247692673900967,0.004925582970130555,-0.0010482001865467798,0.007198552424067432,0.002436055664974477,0.1354641287396691,0.40196370330588027,-0.004835653686765961,0.011879178725362025,498.0,0.0015096209922472183,0.5090944603017465,2026-07-28,True,0.034479557104254134,0.9094769698122832,0.9094769698122832,pilot_observational,False
datacenter_three_states,At least three binding state data-center moratoriums,KXMORATORIUMCOUNT-26DEC31-AL3,electricity_datacenters,sector_communications,Communication services sector,sector,raw,0.1,True,False,23,43,0.5476190476190477,14,4,0.155,0.715,35.0,5.0,2026-07-22,2026-09-04,estimated,0.005747621671259192,0.0011660941434794513,,0.0021261198659543548,0.001195086825615374,0.0032623025630578065,0.008232940779460577,0.001326113362469958,0.010169129980048427,9.412561164749749e-05,0.01331097070140705,0.13274720842639365,0.0008526755517520048,0.020250150497892826,498.0,0.007472266948131224,0.30006242155708823,2026-07-28,True,,,,pilot_observational,True
datacenter_three_states,At least three binding state data-center moratoriums,KXMORATORIUMCOUNT-26DEC31-AL3,electricity_datacenters,sector_communications,Communication services sector,sector,market_conditioned,0.1,True,True,23,43,0.5476190476190477,14,4,0.155,0.715,35.0,5.0,2026-07-22,2026-09-04,estimated,0.005127781229698147,0.0003279562417726415,0.5027821085693629,0.002376353194485222,0.0016925487126685014,0.0015971864823547599,0.008658375977041534,0.00017079532820850514,0.01008476713118779,0.006618984352736888,0.043278744359368355,0.2223521409309006,-0.002477310156676152,0.01931713399327267,498.0,0.005685242150847354,0.10871386593495956,2026-07-28,True,0.06580902434840322,0.5509107191595766,0.5509107191595766,pilot_observational,False
datacenter_three_states,At least three binding state data-center moratoriums,KXMORATORIUMCOUNT-26DEC31-AL3,electricity_datacenters,sector_industrials,Industrials sector,sector,raw,0.1,True,False,23,43,0.5476190476190477,14,4,0.155,0.715,35.0,5.0,2026-07-22,2026-09-04,estimated,0.0007896444924353469,0.00022833990578052744,,0.004925362291392247,0.0011938615968580956,-0.001693126613079444,0.0032724155979501376,-0.009453207119043617,0.01103249610391431,0.5155349161626023,0.8741595034619536,0.003530541246343666,-0.001807765984858117,0.0127285907455025,498.0,0.005322541500745851,5.740427561687376,2026-07-28,True,,,,pilot_observational,False
datacenter_three_states,At least three binding state data-center moratoriums,KXMORATORIUMCOUNT-26DEC31-AL3,electricity_datacenters,sector_industrials,Industrials sector,sector,market_conditioned,0.1,True,True,23,43,0.5476190476190477,14,4,0.155,0.715,35.0,5.0,2026-07-22,2026-09-04,estimated,-0.0002945935242678906,-0.0012377486475603511,0.8794771035852622,0.002788647607810588,0.0006320796252004287,-0.0016130885181974918,0.0010239014696617108,-0.006111610501466169,0.005522423452930388,0.6462012457403267,0.9169201256492383,0.38985337727940317,-0.003146379497417172,0.0066223307978274405,498.0,0.0022625291443210023,8.68017270557365,2026-07-28,False,0.8432697107533341,0.9915527907147141,0.9915527907147141,pilot_observational,False
datacenter_three_states,At least three binding state data-center moratoriums,KXMORATORIUMCOUNT-26DEC31-AL3,electricity_datacenters,sector_utilities,Utilities sector,sector,raw,0.1,True,False,23,43,0.5476190476190477,14,4,0.155,0.715,35.0,5.0,2026-07-22,2026-09-04,estimated,-0.0021406993555577367,-0.0005733527610042971,,0.004017974719496328,0.0026805784362007312,-0.00771526738335925,0.0034338686722437763,-0.010496535209988115,0.006215136498872641,0.4334640235843332,0.5997785467307204,0.04264653401897123,-0.012140279910295902,0.01187041433456222,498.0,-0.005152585060318244,1.406963428536088,2026-07-28,True,,,,pilot_observational,False
datacenter_three_states,At least three binding state data-center moratoriums,KXMORATORIUMCOUNT-26DEC31-AL3,electricity_datacenters,sector_utilities,Utilities sector,sector,market_conditioned,0.1,True,True,23,43,0.5476190476190477,14,4,0.155,0.715,35.0,5.0,2026-07-22,2026-09-04,estimated,-0.00207277370212241,-0.0004815048259147924,-0.0550977331749367,0.004007192186869073,0.0026141294314730897,-0.007525752142597169,0.003380204738352349,-0.010431630130100658,0.006286082725855837,0.4371350030669559,0.6106460782623752,0.04513862035833072,-0.011837259737904275,0.010596940808772591,498.0,-0.005079433680492248,1.4505490759995545,2026-07-28,True,0.737915968479999,0.9915527907147141,0.9915527907147141,pilot_observational,False
datacenter_three_states,At least three binding state data-center moratoriums,KXMORATORIUMCOUNT-26DEC31-AL3,electricity_datacenters,sector_real_estate,Real estate sector,sector,raw,0.1,True,False,23,43,0.5476190476190477,14,4,0.155,0.715,35.0,5.0,2026-07-22,2026-09-04,estimated,0.0013863997542443883,-0.00022713503087379026,,0.0013722078094138366,0.0011460633946967498,-0.0009969695483025755,0.003769769056791352,-0.0014672626040560673,0.004240062112544844,0.23983412418439062,0.3238316670898772,0.026544170107686393,-0.0020640837679480536,0.010006323175017325,498.0,0.000833270002406955,0.3989684433685568,2026-07-28,True,,,,pilot_observational,False
datacenter_three_states,At least three binding state data-center moratoriums,KXMORATORIUMCOUNT-26DEC31-AL3,electricity_datacenters,sector_real_estate,Real estate sector,sector,market_conditioned,0.1,True,True,23,43,0.5476190476190477,14,4,0.155,0.715,35.0,5.0,2026-07-22,2026-09-04,estimated,0.0014561117798200963,-0.00013287159318552648,-0.05654674471275861,0.0014489060296479284,0.0012486877556149056,-0.0011486052354410467,0.004060828795081239,-0.0015662532365485927,0.004478476796188785,0.2572866246967498,0.326914593393211,0.030439378172324116,-0.002323493858334268,0.01055223662258427,498.0,0.0010186435683937432,0.30043587140020434,2026-07-28,True,0.6013057054393637,0.9174737754878881,0.9174737754878881,pilot_observational,False
datacenter_three_states,At least three binding state data-center moratoriums,KXMORATORIUMCOUNT-26DEC31-AL3,electricity_datacenters,sector_energy,Energy sector,sector,raw,0.1,True,False,23,43,0.5476190476190477,14,4,0.155,0.715,35.0,5.0,2026-07-22,2026-09-04,estimated,-0.005902529480163306,-0.0003531419382083944,,0.005042728307098501,0.0009701474345394113,-0.007920061516458505,-0.003884997443868106,-0.016389457082805522,0.00458439812247891,4.8870352375875205e-06,0.2549106684362929,0.24099255030369293,-0.01517596933625723,-0.004485409273446082,498.0,-0.010836544026980376,0.8359152738497734,2026-07-28,True,,,,pilot_observational,True
datacenter_three_states,At least three binding state data-center moratoriums,KXMORATORIUMCOUNT-26DEC31-AL3,electricity_datacenters,sector_energy,Energy sector,sector,market_conditioned,0.1,True,True,23,43,0.5476190476190477,14,4,0.155,0.715,35.0,5.0,2026-07-22,2026-09-04,estimated,-0.005364251300728125,0.0003747088336937372,-0.4366230724986422,0.00418261643601593,0.0008628642199263414,-0.007164154523448047,-0.0035643480780082034,-0.014089036300190776,0.0033605336987345257,4.514047169131138e-06,0.21432933973566373,0.3573150933383141,-0.012424937437102873,-0.0013187478315625435,498.0,-0.009434006299576232,0.758680898916069,2026-07-28,True,0.00027686155970670984,0.9094769698122832,0.9094769698122832,pilot_observational,True
datacenter_three_states,At least three binding state data-center moratoriums,KXMORATORIUMCOUNT-26DEC31-AL3,electricity_datacenters,sector_financials,Financials sector,sector,raw,0.1,True,False,23,43,0.5476190476190477,14,4,0.155,0.715,35.0,5.0,2026-07-22,2026-09-04,estimated,0.002960888421109165,0.0016443490147807238,,0.0012671016124962313,0.0010183583416170862,0.0008430963149883525,0.005078680527229977,0.00032580636508523515,0.005595970477133095,0.008420194083998224,0.02944001966399033,0.09823531152963538,-0.01113698068306196,0.0052412051228704565,498.0,0.002531383954777001,0.1450593218137107,2026-07-28,True,,,,pilot_observational,False
datacenter_three_states,At least three binding state data-center moratoriums,KXMORATORIUMCOUNT-26DEC31-AL3,electricity_datacenters,sector_financials,Financials sector,sector,market_conditioned,0.1,True,True,23,43,0.5476190476190477,14,4,0.155,0.715,35.0,5.0,2026-07-22,2026-09-04,estimated,0.0023253961008721747,0.000785046903913589,0.5154780929487375,0.0019294885669761572,0.0010933181798872518,4.4774341396123206e-05,0.004606017860348226,-0.0016994465217574821,0.006350238723501832,0.046062916017318496,0.24219767130870584,0.3608791440897643,-0.014464226190370263,0.004100913262954378,498.0,0.0006037235190306584,0.7403782010281076,2026-07-28,True,0.25649094522432386,0.9094769698122832,0.9094769698122832,pilot_observational,False
datacenter_three_states,At least three binding state data-center moratoriums,KXMORATORIUMCOUNT-26DEC31-AL3,electricity_datacenters,sector_healthcare,Healthcare sector,sector,raw,0.1,True,False,23,43,0.5476190476190477,14,4,0.155,0.715,35.0,5.0,2026-07-22,2026-09-04,estimated,0.005998553453324159,0.0020882503782207427,,0.000940464422451377,0.000956603196104241,0.004009188202795032,0.007987918703853285,0.004042750619920455,0.007954356286727863,3.2161252906991394e-06,2.5312966791198528e-06,0.18275535311245594,0.0030772656163598764,0.012727374417268565,498.0,0.005642244508800079,0.05939914469323065,2026-07-28,True,,,,pilot_observational,True
datacenter_three_states,At least three binding state data-center moratoriums,KXMORATORIUMCOUNT-26DEC31-AL3,electricity_datacenters,sector_healthcare,Healthcare sector,sector,market_conditioned,0.1,True,True,23,43,0.5476190476190477,14,4,0.155,0.715,35.0,5.0,2026-07-22,2026-09-04,estimated,0.006288018135612968,0.0024796596912703478,-0.23479859260392613,0.0010301268522622407,0.0010026159016246277,0.004196598013176487,0.00837943825804945,0.004139211175746891,0.008436825095479045,4.009004347326088e-06,5.7676852730276955e-06,0.2074550291164795,0.0019440234684728183,0.014014943368841034,498.0,0.0064963002961602795,0.033123657733695064,2026-07-28,True,0.00027686155970670984,0.001061254090237096,0.001061254090237096,pilot_observational,True
datacenter_three_states,At least three binding state data-center moratoriums,KXMORATORIUMCOUNT-26DEC31-AL3,electricity_datacenters,sector_staples,Consumer staples sector,sector,raw,0.1,True,False,23,43,0.5476190476190477,14,4,0.155,0.715,35.0,5.0,2026-07-22,2026-09-04,estimated,0.0031031935943973787,0.0006274981757305311,,0.00581018018319666,0.0023425754705470236,-0.00176845878647167,0.007974845975266428,-0.0089797375549408,0.015186124743735558,0.19950863679294653,0.598884257979007,0.0651749221459813,-0.020362599965040883,0.006302642800281679,498.0,-0.00245893555502095,1.7923887054486076,2026-07-28,False,,,,pilot_observational,False
datacenter_three_states,At least three binding state data-center moratoriums,KXMORATORIUMCOUNT-26DEC31-AL3,electricity_datacenters,sector_staples,Consumer staples sector,sector,market_conditioned,0.1,True,True,23,43,0.5476190476190477,14,4,0.155,0.715,35.0,5.0,2026-07-22,2026-09-04,estimated,0.003355032001630283,0.0009680298675249333,-0.20427812855905722,0.005595004457577021,0.00255306680345202,-0.001970572028798532,0.008680636032059099,-0.008315942784164955,0.015026006787425522,0.20367988885708926,0.5554743094250679,0.09008813618277489,-0.0218925596028665,0.006741463051661226,498.0,-0.0019441493321759441,1.5794726641150487,2026-07-28,False,0.5709331656649559,0.9915527907147141,0.9915527907147141,pilot_observational,False
datacenter_three_states,At least three binding state data-center moratoriums,KXMORATORIUMCOUNT-26DEC31-AL3,electricity_datacenters,cloud_platforms,Cloud platforms,theme,raw,0.1,True,False,23,43,0.5476190476190477,14,4,0.155,0.715,35.0,5.0,2026-07-22,2026-09-04,estimated,0.0025306586725674938,0.006415489438569349,,0.0046909358554902,0.0028914838795929673,-0.0034825112352409437,0.008543828580375931,-0.007224676477239406,0.012285993822374393,0.3913596841429417,0.5952312382668976,0.007267165658706776,-0.009566914657228963,0.014906035498039054,498.0,0.005894963418496122,1.3294186143702083,2026-07-28,True,,,,pilot_observational,False
datacenter_three_states,At least three binding state data-center moratoriums,KXMORATORIUMCOUNT-26DEC31-AL3,electricity_datacenters,cloud_platforms,Cloud platforms,theme,market_conditioned,0.1,True,True,23,43,0.5476190476190477,14,4,0.155,0.715,35.0,5.0,2026-07-22,2026-09-04,estimated,8.347931092592386e-05,0.003106454342213065,1.9850237528788288,0.003313931289060926,0.002522956548017893,-0.005179315827279464,0.005346274449131312,-0.006829260224805813,0.006996218846657661,0.9739324916718014,0.9801527304952278,0.4016813887772428,-0.015444830647802181,0.008756219979792163,498.0,-0.001310058503532185,16.693211755121908,2026-07-28,False,0.9846350465253377,0.9915527907147141,0.9915527907147141,pilot_observational,False
datacenter_three_states,At least three binding state data-center moratoriums,KXMORATORIUMCOUNT-26DEC31-AL3,electricity_datacenters,electrical_equipment,Electrical equipment,theme,raw,0.1,True,False,23,43,0.5476190476190477,14,4,0.155,0.715,35.0,5.0,2026-07-22,2026-09-04,estimated,-0.0010830698952482122,-0.0010919554399281672,,0.028674343083254866,0.0055862524728346056,-0.012700317877899294,0.010534178087402868,-0.06071463075965641,0.05854849096915998,0.8481319775475623,0.9702267205189966,0.0005455191226357847,-0.0067468909284937205,0.05036858058660363,498.0,0.026644043951886295,25.6004842981811,2026-07-28,False,,,,pilot_observational,False
datacenter_three_states,At least three binding state data-center moratoriums,KXMORATORIUMCOUNT-26DEC31-AL3,electricity_datacenters,electrical_equipment,Electrical equipment,theme,market_conditioned,0.1,True,True,23,43,0.5476190476190477,14,4,0.155,0.715,35.0,5.0,2026-07-22,2026-09-04,estimated,-0.004948759506049951,-0.006319076424301845,3.1356449874401493,0.021578342357356218,0.004112240803706474,-0.013526743508936855,0.003629224496836954,-0.049960392916083736,0.04006287390398384,0.2428649452073184,0.8209343423942653,0.4038880515663261,-0.008714978543887364,0.032388617221407005,498.0,0.016236664322993415,4.280956430221309,2026-07-28,False,0.5958286655752878,0.9915527907147141,0.9915527907147141,pilot_observational,False
datacenter_three_states,At least three binding state data-center moratoriums,KXMORATORIUMCOUNT-26DEC31-AL3,electricity_datacenters,regulated_utilities,Regulated utilities,theme,raw,0.1,True,False,23,43,0.5476190476190477,14,4,0.155,0.715,35.0,5.0,2026-07-22,2026-09-04,estimated,-0.000991354676802353,-0.0010283721328859527,,0.0036421330471659457,0.002735344315498526,-0.0066798145854102455,0.00469710523180554,-0.008565584986028864,0.006582875632424158,0.7206570206347471,0.7881336805887048,0.0069210209771671805,-0.010732989762193966,0.01485271650287293,498.0,-0.003602500075232702,2.633916457480873,2026-07-28,True,,,,pilot_observational,False
datacenter_three_states,At least three binding state data-center moratoriums,KXMORATORIUMCOUNT-26DEC31-AL3,electricity_datacenters,regulated_utilities,Regulated utilities,theme,market_conditioned,0.1,True,True,23,43,0.5476190476190477,14,4,0.155,0.715,35.0,5.0,2026-07-22,2026-09-04,estimated,-0.0007841832443595993,-0.0007482383790381685,-0.16804661757237843,0.0034890718986705107,0.0026460686088609353,-0.006303785641401145,0.004735419152681946,-0.008062259689868791,0.006493893201149592,0.7700123202738028,0.8244509307117789,0.024463656257481148,-0.009764482948708908,0.01496716049517459,498.0,-0.0030936438186069167,2.94505218118162,2026-07-28,True,0.9019562336311837,0.9915527907147141,0.9915527907147141,pilot_observational,False
datacenter_three_states,At least three binding state data-center moratoriums,KXMORATORIUMCOUNT-26DEC31-AL3,electricity_datacenters,power_generators,Power generators,theme,raw,0.1,True,False,23,43,0.5476190476190477,14,4,0.155,0.715,35.0,5.0,2026-07-22,2026-09-04,estimated,-0.011124520153200137,0.0021645339897231864,,0.006810409856564502,0.0020270089297664768,-0.015339915986929138,-0.006909124319471135,-0.025287542779181528,0.003038502472781252,1.9111400542868625e-05,0.11727695700131144,0.12807835817671231,-0.0161951439325939,0.026922544725008796,498.0,-0.005219887620531233,0.5307763796868441,2026-07-28,True,,,,pilot_observational,False
datacenter_three_states,At least three binding state data-center moratoriums,KXMORATORIUMCOUNT-26DEC31-AL3,electricity_datacenters,power_generators,Power generators,theme,market_conditioned,0.1,True,True,23,43,0.5476190476190477,14,4,0.155,0.715,35.0,5.0,2026-07-22,2026-09-04,estimated,-0.011835653129665868,0.0012029518457307249,0.5768338323975489,0.0058143186753706255,0.0020952699522862298,-0.016206309662289434,-0.007464996597042302,-0.02396410935724427,0.00029280309791253345,1.5773623406557563e-05,0.05525591718851349,0.1584548673688717,-0.017313341533859952,0.02671042265173834,498.0,-0.007099492047621399,0.4001605175614145,2026-07-28,True,0.0006933173111865319,0.5980640448639107,0.5980640448639107,pilot_observational,False
datacenter_three_states,At least three binding state data-center moratoriums,KXMORATORIUMCOUNT-26DEC31-AL3,electricity_datacenters,data_center_reits,Data-center REITs,theme,raw,0.1,True,False,23,43,0.5476190476190477,14,4,0.155,0.715,35.0,5.0,2026-07-22,2026-09-04,estimated,-0.0045996881083476705,0.0016898474055293657,,0.004547966098694106,0.0028629186257601285,-0.010553453318807176,0.001354077102111835,-0.014057701372544066,0.004858325155848725,0.12306570459421347,0.3233500598912664,0.03239037751592044,-0.013414307002698562,0.02578773679308893,498.0,-0.005999616476004865,0.30435288973540553,2026-07-28,True,,,,pilot_observational,False
datacenter_three_states,At least three binding state data-center moratoriums,KXMORATORIUMCOUNT-26DEC31-AL3,electricity_datacenters,data_center_reits,Data-center REITs,theme,market_conditioned,0.1,True,True,23,43,0.5476190476190477,14,4,0.155,0.715,35.0,5.0,2026-07-22,2026-09-04,estimated,-0.005827519470300196,2.9594326906465197e-05,0.9959525060600372,0.005491965296786026,0.002610902697878529,-0.011273767062442637,-0.0003812718781577556,-0.017283558333048468,0.005628519392448076,0.037214318486713104,0.3012911600682944,0.16634562645346218,-0.014690189041046442,0.02413247911176788,498.0,-0.009748814581478853,0.6728926657668733,2026-07-28,True,0.22856267538306246,0.9174737754878881,0.9174737754878881,pilot_observational,False
datacenter_three_states,At least three binding state data-center moratoriums,KXMORATORIUMCOUNT-26DEC31-AL3,electricity_datacenters,integrated_energy,Integrated energy,theme,raw,0.1,True,False,23,43,0.5476190476190477,14,4,0.155,0.715,35.0,5.0,2026-07-22,2026-09-04,estimated,-0.00558902444930896,-0.0007901984777544886,,0.005719933934259513,0.0012082331694175314,-0.008101682876088864,-0.003076366022529058,-0.017484278249922706,0.0063062293513047865,0.00014565956974143027,0.3396357382152428,0.15795555130284678,-0.01409905169846476,-0.002894222593239023,498.0,-0.011129687836734858,0.9913471371754256,2026-07-28,True,,,,pilot_observational,True
datacenter_three_states,At least three binding state data-center moratoriums,KXMORATORIUMCOUNT-26DEC31-AL3,electricity_datacenters,integrated_energy,Integrated energy,theme,market_conditioned,0.1,True,True,23,43,0.5476190476190477,14,4,0.155,0.715,35.0,5.0,2026-07-22,2026-09-04,estimated,-0.004684724713231949,0.0004325805351811555,-0.7335205927165065,0.004151078671106746,0.0010520080846233935,-0.006879175123984522,-0.002490274302479376,-0.013343723087885577,0.00397427366142168,0.0002440254498127549,0.27244129420207136,0.3979552703930812,-0.010862445908433367,0.0056766361759171165,498.0,-0.008654000036621748,0.8472803774741829,2026-07-28,True,0.005612585345693363,0.9174737754878881,0.9174737754878881,pilot_observational,False
datacenter_three_states,At least three binding state data-center moratoriums,KXMORATORIUMCOUNT-26DEC31-AL3,electricity_datacenters,homebuilders,Homebuilders,theme,raw,0.1,True,False,23,43,0.5476190476190477,14,4,0.155,0.715,35.0,5.0,2026-07-22,2026-09-04,estimated,0.006919950623943401,0.002682914115292808,,0.0025148100992531,0.0025339449890609913,0.001650323542913835,0.012189577704972965,0.0016901167246756643,0.012149784523211138,0.012520387742383511,0.011954029672996944,0.08978481061639632,-0.0018096214679250737,0.029551993847090344,498.0,0.006702661052280491,0.031400451169561236,2026-07-28,True,,,,pilot_observational,False
datacenter_three_states,At least three binding state data-center moratoriums,KXMORATORIUMCOUNT-26DEC31-AL3,electricity_datacenters,homebuilders,Homebuilders,theme,market_conditioned,0.1,True,True,23,43,0.5476190476190477,14,4,0.155,0.715,35.0,5.0,2026-07-22,2026-09-04,estimated,0.005578520945886946,0.0008690552892666068,1.0880975115663274,0.003932601942094378,0.0029187289866116893,-0.0005098410326603749,0.011666882924434267,-0.002624742957968675,0.013781784849742566,0.07040617131831362,0.1714311169326314,0.28560422667526864,-0.0070030353716436355,0.022111382928174956,498.0,0.002663614723885128,0.5225231293880834,2026-07-28,True,0.33217270570691554,0.9094769698122832,0.9094769698122832,pilot_observational,False
datacenter_three_states,At least three binding state data-center moratoriums,KXMORATORIUMCOUNT-26DEC31-AL3,electricity_datacenters,machinery_distribution,Machinery and distribution,theme,raw,0.1,True,False,23,43,0.5476190476190477,14,4,0.155,0.715,35.0,5.0,2026-07-22,2026-09-04,estimated,0.00038722729863426285,0.0031070090454834937,,0.0039065729634618004,0.002513027702793625,-0.004838899904279556,0.005613354501548082,-0.007736935921619737,0.008511390518888263,0.8790116096749614,0.9219815271879787,0.0004653814367007181,-0.008619113309497948,0.014844797737449466,498.0,0.002942763999825038,6.599577845374187,2026-07-28,True,,,,pilot_observational,False
datacenter_three_states,At least three binding state data-center moratoriums,KXMORATORIUMCOUNT-26DEC31-AL3,electricity_datacenters,machinery_distribution,Machinery and distribution,theme,market_conditioned,0.1,True,True,23,43,0.5476190476190477,14,4,0.155,0.715,35.0,5.0,2026-07-22,2026-09-04,estimated,-0.0006914443040048629,0.0016484473043525067,0.8749619199788553,0.0026833962224880616,0.002435549560572375,-0.005771911661363274,0.004389023053353548,-0.006288910738646257,0.004906022130636531,0.779407832322599,0.799290394781068,0.21005929386322697,-0.01175873984658564,0.015078006981736837,498.0,-0.0001864619032175593,0.7303298296947892,2026-07-28,True,0.9019562336311837,0.9915527907147141,0.9915527907147141,pilot_observational,False
datacenter_three_states,At least three binding state data-center moratoriums,KXMORATORIUMCOUNT-26DEC31-AL3,electricity_datacenters,managed_care,Managed care (UNH only),single_company_proxy,raw,0.1,True,False,23,43,0.5476190476190477,14,4,0.155,0.715,35.0,5.0,2026-07-22,2026-09-04,estimated,0.006851163635184872,-0.001991066733634243,,0.0033624223293919372,0.0016351698670613339,0.003450641741162603,0.010251685529207142,-0.00014137639284009414,0.013843703663209838,0.00041263664764410845,0.054389625465188565,0.20649880907476126,-0.020124389117229913,0.010074089324327774,498.0,0.003742624181401372,0.4537243042655219,2026-07-28,True,,,,pilot_observational,False
datacenter_three_states,At least three binding state data-center moratoriums,KXMORATORIUMCOUNT-26DEC31-AL3,electricity_datacenters,managed_care,Managed care (UNH only),single_company_proxy,market_conditioned,0.1,True,True,23,43,0.5476190476190477,14,4,0.155,0.715,35.0,5.0,2026-07-22,2026-09-04,estimated,0.006769847387058538,-0.002101021207414033,0.06595948239669944,0.0036543516982292354,0.0016094886836144594,0.0034125128242507227,0.010127181949866353,-0.0008529966789015825,0.014392691453018658,0.00043436569125665086,0.07876458383537153,0.20818717502734185,-0.017519516359803877,0.009568360212372683,498.0,0.0033632581287276427,0.50320030328055,2026-07-28,True,0.007265753381020341,0.7627728118793875,0.7627728118793875,pilot_observational,False
datacenter_three_states,At least three binding state data-center moratoriums,KXMORATORIUMCOUNT-26DEC31-AL3,electricity_datacenters,hospitals,Hospitals (HCA only),single_company_proxy,raw,0.1,True,False,23,43,0.5476190476190477,14,4,0.155,0.715,35.0,5.0,2026-07-22,2026-09-04,estimated,0.017285500193558602,0.0037774276892679095,,0.006855452555495579,0.004095035508279281,0.00876940765588956,0.025801592731227646,0.0030288061472762452,0.03154219423984096,0.000382957858371442,0.0198370768434848,0.4124355675218495,0.002975564963222039,0.03305449120798624,498.0,0.01131133388882677,0.34561720736077334,2026-07-28,True,,,,pilot_observational,True
datacenter_three_states,At least three binding state data-center moratoriums,KXMORATORIUMCOUNT-26DEC31-AL3,electricity_datacenters,hospitals,Hospitals (HCA only),single_company_proxy,market_conditioned,0.1,True,True,23,43,0.5476190476190477,14,4,0.155,0.715,35.0,5.0,2026-07-22,2026-09-04,estimated,0.017655724488958274,0.004278038803518029,-0.3003065618239751,0.0065031294525068825,0.004082408347891799,0.009139969898442957,0.026171479079473592,0.004090434158190848,0.031221014819725702,0.0003292050243295286,0.013333936042514238,0.4234166483723729,0.002476709639287214,0.03437389065291218,498.0,0.01216383988103209,0.31105404999725483,2026-07-28,True,0.006730413830737029,0.35434053124230414,0.35434053124230414,pilot_observational,True
datacenter_three_states,At least three binding state data-center moratoriums,KXMORATORIUMCOUNT-26DEC31-AL3,electricity_datacenters,generators_minus_regulated,Generators minus regulated utilities,relative_return_contrast,raw,0.1,True,False,23,43,0.5476190476190477,14,4,0.155,0.715,35.0,5.0,2026-07-22,2026-09-04,estimated,-0.010133165476397784,0.003192906122609139,,0.008962043806174646,0.002848039975869143,-0.01605598884055314,-0.004210342112242428,-0.028770755852774527,0.008504424899978958,0.0018596818433830947,0.2709400602580569,0.10346400751986762,-0.013680977801310636,0.02780720485802391,498.0,-0.0016173875452985297,0.8403867430107841,2026-07-28,True,,,,pilot_observational,False
datacenter_three_states,At least three binding state data-center moratoriums,KXMORATORIUMCOUNT-26DEC31-AL3,electricity_datacenters,generators_minus_regulated,Generators minus regulated utilities,relative_return_contrast,market_conditioned,0.1,True,True,23,43,0.5476190476190477,14,4,0.155,0.715,35.0,5.0,2026-07-22,2026-09-04,estimated,-0.011051469885306269,0.0019511902247688934,0.7448804499699274,0.007669336976257695,0.0030522737177027187,-0.017418401291484427,-0.0046845384791281116,-0.027049426482544325,0.0049464867119317895,0.0017042321384289642,0.1650602476089373,0.15278086734837426,-0.015210957654155125,0.026108701261563762,498.0,-0.004005848229014485,0.6375280147719942,2026-07-28,True,0.026131559455910783,0.9094769698122832,0.9094769698122832,pilot_observational,False
datacenter_three_states,At least three binding state data-center moratoriums,KXMORATORIUMCOUNT-26DEC31-AL3,electricity_datacenters,equipment_minus_generators,Equipment minus generators,relative_return_contrast,raw,0.1,True,False,23,43,0.5476190476190477,14,4,0.155,0.715,35.0,5.0,2026-07-22,2026-09-04,estimated,0.010041450257951926,-0.003256489429651355,,0.02250159908125216,0.004867792877647587,-8.167920367078627e-05,0.020164579719574638,-0.0367531867199317,0.056836087235835546,0.051712165677248734,0.6599805760877947,0.059335555616492064,-0.00041564679156236924,0.039813668609371806,498.0,0.03186393157241753,2.173239995605631,2026-07-28,True,,,,pilot_observational,False
datacenter_three_states,At least three binding state data-center moratoriums,KXMORATORIUMCOUNT-26DEC31-AL3,electricity_datacenters,equipment_minus_generators,Equipment minus generators,relative_return_contrast,market_conditioned,0.1,True,True,23,43,0.5476190476190477,14,4,0.155,0.715,35.0,5.0,2026-07-22,2026-09-04,estimated,0.0068868936236159166,-0.007522028270032567,2.5588111550425996,0.01680392300992714,0.003952067114457433,-0.0013569739182837668,0.0151307611655156,-0.028165475545761872,0.0419392627929937,0.09675934970391815,0.6862810448192969,0.39921260472131836,-0.009009169639268896,0.027797547102320207,498.0,0.023336156370614813,2.3884879956026275,2026-07-28,True,0.3788025605429987,0.9915527907147141,0.9915527907147141,pilot_observational,False
datacenter_three_states,At least three binding state data-center moratoriums,KXMORATORIUMCOUNT-26DEC31-AL3,electricity_datacenters,hospitals_minus_managed_care,Hospitals minus managed care,relative_return_contrast,raw,0.1,True,False,23,43,0.5476190476190477,14,4,0.155,0.715,35.0,5.0,2026-07-22,2026-09-04,estimated,0.010434336558373733,0.005768494422902154,,0.004321725283713702,0.003361461603677254,0.003443794468846008,0.01742487864790146,0.0014468168252530604,0.019421856291494406,0.005371943740272209,0.024970875864128706,0.18172836549877602,-0.0018821698642700283,0.034263814769713026,498.0,0.007568709707425398,0.2746343128685667,2026-07-28,True,,,,pilot_observational,False
datacenter_three_states,At least three binding state data-center moratoriums,KXMORATORIUMCOUNT-26DEC31-AL3,electricity_datacenters,hospitals_minus_managed_care,Hospitals minus managed care,relative_return_contrast,market_conditioned,0.1,True,True,23,43,0.5476190476190477,14,4,0.155,0.715,35.0,5.0,2026-07-22,2026-09-04,estimated,0.010885877101899736,0.006379060010932061,-0.36626604422067444,0.00401696643247721,0.003290463637074524,0.004022090230404789,0.017749663973394683,0.002506631954858316,0.019265122248941155,0.0035087975750308868,0.01348034629726157,0.20148029797621259,-0.0017324238276418369,0.03341077715586371,498.0,0.008800581752304444,0.1915596997904173,2026-07-28,True,0.04611562527183451,0.35434053124230414,0.35434053124230414,pilot_observational,False
datacenter_three_states,At least three binding state data-center moratoriums,KXMORATORIUMCOUNT-26DEC31-AL3,electricity_datacenters,sector_technology,Technology sector,sector,raw,0.15,True,False,25,43,0.5952380952380952,16,5,0.155,0.715,35.0,5.0,2026-07-22,2026-09-04,estimated,-0.0035123809821644546,0.0019257884390718185,,0.004383231703702902,0.002654132742410959,-0.009002872878815266,0.0019781109144863564,-0.012579786604259515,0.0055550246399306055,0.19871992249141843,0.431146166553239,0.02602851231822645,,,,-0.0006123468025259972,0.8256604834055765,2026-07-28,True,,,,pilot_observational,False
datacenter_three_states,At least three binding state data-center moratoriums,KXMORATORIUMCOUNT-26DEC31-AL3,electricity_datacenters,sector_technology,Technology sector,sector,market_conditioned,0.15,True,False,25,43,0.5952380952380952,16,5,0.155,0.715,35.0,5.0,2026-07-22,2026-09-04,estimated,-0.004691351284000416,-0.0006287441091309063,1.9904999791437687,0.0028280333376865916,0.002016609825887125,-0.008873544090378351,-0.0005091584776224815,-0.010556333458163368,0.0011736308901625359,0.029607994064773838,0.11133163558419505,0.6651172930504261,,,,-0.002473203351171337,0.4728164229342503,2026-07-28,True,,,,pilot_observational,False
datacenter_three_states,At least three binding state data-center moratoriums,KXMORATORIUMCOUNT-26DEC31-AL3,electricity_datacenters,sector_consumer_discretionary,Consumer discretionary sector,sector,raw,0.15,True,False,25,43,0.5952380952380952,16,5,0.155,0.715,35.0,5.0,2026-07-22,2026-09-04,estimated,0.004403188856123451,0.0006632121478421409,,0.0009480362256362281,0.0005230560717299692,0.0033211649326633586,0.005485212779583544,0.0024420265030081177,0.006364351209238785,1.7698443689738492e-08,0.00011288817583648183,0.06847901433019588,,,,0.004863722581388702,0.10459095449081021,2026-07-28,True,,,,pilot_observational,False
datacenter_three_states,At least three binding state data-center moratoriums,KXMORATORIUMCOUNT-26DEC31-AL3,electricity_datacenters,sector_consumer_discretionary,Consumer discretionary sector,sector,market_conditioned,0.15,True,False,25,43,0.5952380952380952,16,5,0.155,0.715,35.0,5.0,2026-07-22,2026-09-04,estimated,0.0037443746372689112,-0.0007642728046302587,1.1123008669916774,0.0013616499710699694,0.0010792691449479214,0.001506107424541611,0.005982641849996211,0.0009204854343546065,0.006568263840183216,0.0021783609937486652,0.011689627275111057,0.4025649186250849,,,,0.0038197924484420216,0.02014163070715567,2026-07-28,True,,,,pilot_observational,False
datacenter_three_states,At least three binding state data-center moratoriums,KXMORATORIUMCOUNT-26DEC31-AL3,electricity_datacenters,sector_communications,Communication services sector,sector,raw,0.15,True,False,25,43,0.5952380952380952,16,5,0.155,0.715,35.0,5.0,2026-07-22,2026-09-04,estimated,0.005445169665950665,0.000552709271379033,,0.0013760625906976789,0.001018173217444668,0.0033389178909589037,0.007551421440942426,0.002598567315290959,0.00829177201661037,1.9758104872335516e-05,0.0006258010253344824,0.13093509474871723,,,,0.005784197374125943,0.062262101821227274,2026-07-28,True,,,,pilot_observational,False
datacenter_three_states,At least three binding state data-center moratoriums,KXMORATORIUMCOUNT-26DEC31-AL3,electricity_datacenters,sector_communications,Communication services sector,sector,market_conditioned,0.15,True,False,25,43,0.5952380952380952,16,5,0.155,0.715,35.0,5.0,2026-07-22,2026-09-04,estimated,0.0051296773837639035,-0.00013088326890615934,0.5326575064145664,0.002145285030121744,0.001400136878000672,0.002225971221099086,0.008033383546428722,0.0006806285368167429,0.009578726230711064,0.0013647437728030259,0.025782240864232593,0.2267250705591093,,,,0.00528469737018097,0.030220221432974457,2026-07-28,True,,,,pilot_observational,False
datacenter_three_states,At least three binding state data-center moratoriums,KXMORATORIUMCOUNT-26DEC31-AL3,electricity_datacenters,sector_industrials,Industrials sector,sector,raw,0.15,True,False,25,43,0.5952380952380952,16,5,0.155,0.715,35.0,5.0,2026-07-22,2026-09-04,estimated,-0.00040359179726198296,-0.0005358198777715759,,0.0020866016759711653,0.0015099788281198933,-0.003527220991623837,0.002720037397099871,-0.004720056234172876,0.00391287263964891,0.7916333142949104,0.8483275259934879,0.001033379825178593,,,,0.0002907389224192826,1.7203786707056279,2026-07-28,False,,,,pilot_observational,False
datacenter_three_states,At least three binding state data-center moratoriums,KXMORATORIUMCOUNT-26DEC31-AL3,electricity_datacenters,sector_industrials,Industrials sector,sector,market_conditioned,0.15,True,False,25,43,0.5952380952380952,16,5,0.155,0.715,35.0,5.0,2026-07-22,2026-09-04,estimated,-0.0009459792601754253,-0.0017110372904509574,0.9157331884745509,0.001200203102150801,0.0009812949961619578,-0.0029810605243846934,0.0010891020040338431,-0.0034350481497408356,0.0015430896293899849,0.3455180183065554,0.43900062782695065,0.4077612681439383,,,,-0.0005675990241021388,0.39998787711595124,2026-07-28,True,,,,pilot_observational,False
datacenter_three_states,At least three binding state data-center moratoriums,KXMORATORIUMCOUNT-26DEC31-AL3,electricity_datacenters,sector_utilities,Utilities sector,sector,raw,0.15,True,False,25,43,0.5952380952380952,16,5,0.155,0.715,35.0,5.0,2026-07-22,2026-09-04,estimated,-0.002863007321369285,-0.0010972595350249362,,0.0035817337990309128,0.0026910692185836047,-0.008429908140556702,0.0027038934978181315,-0.010272388203229713,0.004546373560491144,0.2984202432273959,0.4322738469696815,0.08251524177396707,,,,-0.00560672501279362,0.9583341512770226,2026-07-28,True,,,,pilot_observational,False
datacenter_three_states,At least three binding state data-center moratoriums,KXMORATORIUMCOUNT-26DEC31-AL3,electricity_datacenters,sector_utilities,Utilities sector,sector,market_conditioned,0.15,True,False,25,43,0.5952380952380952,16,5,0.155,0.715,35.0,5.0,2026-07-22,2026-09-04,estimated,-0.0028575457484520937,-0.001085425678175766,-0.00922097932478322,0.0036042232493508743,0.0026905861080911463,-0.008437479814899031,0.0027223883179948436,-0.010332247275994407,0.004617155779090219,0.2997316114058535,0.43634253578530974,0.08258068038644273,,,,-0.00560769487870616,0.9624164833559696,2026-07-28,True,,,,pilot_observational,False
datacenter_three_states,At least three binding state data-center moratoriums,KXMORATORIUMCOUNT-26DEC31-AL3,electricity_datacenters,sector_real_estate,Real estate sector,sector,raw,0.15,True,False,25,43,0.5952380952380952,16,5,0.155,0.715,35.0,5.0,2026-07-22,2026-09-04,estimated,0.0006407431097747712,-0.0007444102349524933,,0.0019234391408322826,0.0012010132947619203,-0.0018437421826489313,0.003125228402198474,-0.003338193907085806,0.004619680126635348,0.5988044707781124,0.7420585465344108,0.006397952467977475,,,,-0.0007878680487232835,2.2296161077724714,2026-07-28,False,,,,pilot_observational,False
datacenter_three_states,At least three binding state data-center moratoriums,KXMORATORIUMCOUNT-26DEC31-AL3,electricity_datacenters,sector_real_estate,Real estate sector,sector,market_conditioned,0.15,True,False,25,43,0.5952380952380952,16,5,0.155,0.715,35.0,5.0,2026-07-22,2026-09-04,estimated,0.0006471887805639871,-0.000730444085168728,-0.01088246883871609,0.001987491002967827,0.0012793823785774818,-0.002006087877918844,0.0033004654390468183,-0.0034746152831925483,0.004768992844320523,0.6179860243628555,0.7477803931284804,0.006539049770423633,,,,-0.0007826567516860975,2.2093175518340384,2026-07-28,False,,,,pilot_observational,False
datacenter_three_states,At least three binding state data-center moratoriums,KXMORATORIUMCOUNT-26DEC31-AL3,electricity_datacenters,sector_energy,Energy sector,sector,raw,0.15,True,False,25,43,0.5952380952380952,16,5,0.155,0.715,35.0,5.0,2026-07-22,2026-09-04,estimated,-0.0038506233619096377,0.0010694997880164678,,0.0017347921203701186,0.001908522856640512,-0.007798703693957736,9.745697013846012e-05,-0.007439314284208282,-0.00026193243961099375,0.05544857553542454,0.036582400302349195,0.10420322429953033,,,,-0.0034438474632682023,0.1056389733322823,2026-07-28,True,,,,pilot_observational,False
datacenter_three_states,At least three binding state data-center moratoriums,KXMORATORIUMCOUNT-26DEC31-AL3,electricity_datacenters,sector_energy,Energy sector,sector,market_conditioned,0.15,True,False,25,43,0.5952380952380952,16,5,0.155,0.715,35.0,5.0,2026-07-22,2026-09-04,estimated,-0.0035292888588587157,0.0017657509536529873,-0.5425211480093981,0.0015825492217372479,0.0017500981098314257,-0.00715877019502785,0.00010019247731041887,-0.00681129506845207,-0.00024728264926536167,0.05610330703998126,0.036259490397078424,0.26234373796159915,,,,-0.002932456092633754,0.16910850601726113,2026-07-28,True,,,,pilot_observational,False
datacenter_three_states,At least three binding state data-center moratoriums,KXMORATORIUMCOUNT-26DEC31-AL3,electricity_datacenters,sector_financials,Financials sector,sector,raw,0.15,True,False,25,43,0.5952380952380952,16,5,0.155,0.715,35.0,5.0,2026-07-22,2026-09-04,estimated,0.0024220993995417053,0.0011665229402195892,,0.0015673205573162572,0.001173706674190397,-5.897844421889984e-06,0.004850096643505301,-0.0008201501993167948,0.005664348998400206,0.050514124010467246,0.1359049040157217,0.07500380390394279,,,,0.0013360529882211637,0.4483905208539487,2026-07-28,True,,,,pilot_observational,False
datacenter_three_states,At least three binding state data-center moratoriums,KXMORATORIUMCOUNT-26DEC31-AL3,electricity_datacenters,sector_financials,Financials sector,sector,market_conditioned,0.15,True,False,25,43,0.5952380952380952,16,5,0.155,0.715,35.0,5.0,2026-07-22,2026-09-04,estimated,0.0021037974257166396,0.00047684250380225783,0.537401214664664,0.0015361195328816963,0.001097432885257951,-0.00017213907885203338,0.0043797339302853126,-0.0010819195026080222,0.005289514354041302,0.06831414487552918,0.1846450697051073,0.3572885297620838,,,,0.0008270883100682811,0.6068593392319886,2026-07-28,True,,,,pilot_observational,False
datacenter_three_states,At least three binding state data-center moratoriums,KXMORATORIUMCOUNT-26DEC31-AL3,electricity_datacenters,sector_healthcare,Healthcare sector,sector,raw,0.15,True,False,25,43,0.5952380952380952,16,5,0.155,0.715,35.0,5.0,2026-07-22,2026-09-04,estimated,0.0044922668641514205,0.0012683711283494826,,0.0027862231643972072,0.001883388520581494,0.00059618086767464,0.0083883528606282,-0.0012714748892047063,0.010256008617507547,0.025696055307323717,0.12053234527430678,0.12053244763070325,,,,0.002102883363492727,0.5318881475466491,2026-07-28,True,,,,pilot_observational,False
datacenter_three_states,At least three binding state data-center moratoriums,KXMORATORIUMCOUNT-26DEC31-AL3,electricity_datacenters,sector_healthcare,Healthcare sector,sector,market_conditioned,0.15,True,False,25,43,0.5952380952380952,16,5,0.155,0.715,35.0,5.0,2026-07-22,2026-09-04,estimated,0.004583852354421742,0.0014668138842648,-0.1546272337726046,0.002831496591654036,0.00202096239468883,0.00039263287282975245,0.008775071836013733,-0.0012883121688716049,0.01045601687771509,0.033483026797841986,0.1197213357434654,0.13145025883302608,,,,0.0022398380304167937,0.5113633997709004,2026-07-28,True,,,,pilot_observational,False
datacenter_three_states,At least three binding state data-center moratoriums,KXMORATORIUMCOUNT-26DEC31-AL3,electricity_datacenters,sector_staples,Consumer staples sector,sector,raw,0.15,True,False,25,43,0.5952380952380952,16,5,0.155,0.715,35.0,5.0,2026-07-22,2026-09-04,estimated,0.0027240914930580346,0.0002655151723278134,,0.0039543210479278355,0.00217610800177119,-0.0017775308858997258,0.007225713872015795,-0.005456044836778109,0.010904227822894179,0.2232178737510979,0.49778362876553184,0.05880274091831306,,,,-0.0009205908341195664,1.3379441683458735,2026-07-28,False,,,,pilot_observational,False
datacenter_three_states,At least three binding state data-center moratoriums,KXMORATORIUMCOUNT-26DEC31-AL3,electricity_datacenters,sector_staples,Consumer staples sector,sector,market_conditioned,0.15,True,False,25,43,0.5952380952380952,16,5,0.155,0.715,35.0,5.0,2026-07-22,2026-09-04,estimated,0.0028236843641687884,0.00048130791148773077,-0.16814639652933658,0.003932407532583786,0.0023231122299889437,-0.001994155523323744,0.0076415242516613205,-0.005331629709679646,0.010978998438017223,0.2370681583975233,0.4802800116367732,0.07593126906058789,,,,-0.0007753376442468413,1.2745836801327752,2026-07-28,False,,,,pilot_observational,False
datacenter_three_states,At least three binding state data-center moratoriums,KXMORATORIUMCOUNT-26DEC31-AL3,electricity_datacenters,cloud_platforms,Cloud platforms,theme,raw,0.15,True,False,25,43,0.5952380952380952,16,5,0.155,0.715,35.0,5.0,2026-07-22,2026-09-04,estimated,0.0028854927813352347,0.005807990373751259,,0.003881210975886256,0.0030823886443344982,-0.0034909139460365794,0.00926189950870705,-0.005143403841573812,0.01091438940424428,0.3589361624965731,0.46473557911529134,0.010612534043819899,,,,0.00495054491825878,0.7156670605039469,2026-07-28,True,,,,pilot_observational,False
datacenter_three_states,At least three binding state data-center moratoriums,KXMORATORIUMCOUNT-26DEC31-AL3,electricity_datacenters,cloud_platforms,Cloud platforms,theme,market_conditioned,0.15,True,False,25,43,0.5952380952380952,16,5,0.155,0.715,35.0,5.0,2026-07-22,2026-09-04,estimated,0.0017250860338217785,0.003293680385568342,1.9591584309858214,0.0037371299417125205,0.003443663474453471,-0.005416634900772077,0.008866806968415634,-0.006025247103553558,0.009475419171197114,0.6213850667762087,0.648894843502578,0.3846447010502836,,,,0.003116216080203121,0.8064119812618356,2026-07-28,True,,,,pilot_observational,False
datacenter_three_states,At least three binding state data-center moratoriums,KXMORATORIUMCOUNT-26DEC31-AL3,electricity_datacenters,electrical_equipment,Electrical equipment,theme,raw,0.15,True,False,25,43,0.5952380952380952,16,5,0.155,0.715,35.0,5.0,2026-07-22,2026-09-04,estimated,-0.0038084127150474715,-0.0019895912522472667,,0.013582821942790197,0.0045227447603637646,-0.013164423083556849,0.005547597653461906,-0.03190662069796726,0.024289795267872318,0.4084264349318104,0.7816890397709148,0.0077764074600849,,,,0.007566805746274468,2.9868660023051485,2026-07-28,False,,,,pilot_observational,False
datacenter_three_states,At least three binding state data-center moratoriums,KXMORATORIUMCOUNT-26DEC31-AL3,electricity_datacenters,electrical_equipment,Electrical equipment,theme,market_conditioned,0.15,True,False,25,43,0.5952380952380952,16,5,0.155,0.715,35.0,5.0,2026-07-22,2026-09-04,estimated,-0.0056566045260410544,-0.005994158737240418,3.1203718664562854,0.011299009428148162,0.0030178219842857323,-0.01191518426297992,0.0006019752108978108,-0.02908931587307119,0.017776106820989082,0.07421608554050907,0.6216043367497813,0.40688807953237793,,,,0.004673654451428471,1.8262296630271004,2026-07-28,False,,,,pilot_observational,False
datacenter_three_states,At least three binding state data-center moratoriums,KXMORATORIUMCOUNT-26DEC31-AL3,electricity_datacenters,regulated_utilities,Regulated utilities,theme,raw,0.15,True,False,25,43,0.5952380952380952,16,5,0.155,0.715,35.0,5.0,2026-07-22,2026-09-04,estimated,-0.0010666704797007206,-0.0010346611858722576,,0.0027110399417667927,0.002491606256666371,-0.006220950724721326,0.004087609765319885,-0.006674883887386611,0.00454154292798517,0.6725564887031501,0.6976075398971832,0.009530624413528255,,,,-0.0025892581211609134,1.4274208112400284,2026-07-28,True,,,,pilot_observational,False
datacenter_three_states,At least three binding state data-center moratoriums,KXMORATORIUMCOUNT-26DEC31-AL3,electricity_datacenters,regulated_utilities,Regulated utilities,theme,market_conditioned,0.15,True,False,25,43,0.5952380952380952,16,5,0.155,0.715,35.0,5.0,2026-07-22,2026-09-04,estimated,-0.0009711220451358966,-0.0008276317249557599,-0.16131802193178812,0.0027512934152569787,0.0024804934342332542,-0.006115350573505007,0.004173106483233214,-0.0066769553609390304,0.004734711270667238,0.6991913506340961,0.727470972291606,0.02619608441091148,,,,-0.0024429695348447446,1.5156153617158192,2026-07-28,True,,,,pilot_observational,False
datacenter_three_states,At least three binding state data-center moratoriums,KXMORATORIUMCOUNT-26DEC31-AL3,electricity_datacenters,power_generators,Power generators,theme,raw,0.15,True,False,25,43,0.5952380952380952,16,5,0.155,0.715,35.0,5.0,2026-07-22,2026-09-04,estimated,-0.011150107219443988,0.0022373240762583735,,0.004451777660583557,0.0017437002608364904,-0.014757226034313075,-0.007542988404574902,-0.020359310956903673,-0.001940903481984304,1.589880763263806e-06,0.019790399680840596,0.14965794447726333,,,,-0.007932986496024435,0.2885282320702185,2026-07-28,True,,,,pilot_observational,False
datacenter_three_states,At least three binding state data-center moratoriums,KXMORATORIUMCOUNT-26DEC31-AL3,electricity_datacenters,power_generators,Power generators,theme,market_conditioned,0.15,True,False,25,43,0.5952380952380952,16,5,0.155,0.715,35.0,5.0,2026-07-22,2026-09-04,estimated,-0.011477454755643893,0.0015280441779484473,0.552673178420178,0.004310699407827742,0.0018190588105699312,-0.015249951831818404,-0.007704957679469382,-0.020417298161367677,-0.002537611349920107,2.3810576958755952e-06,0.014222415917496558,0.1777684847253419,,,,-0.008441191498456683,0.2645415139357588,2026-07-28,True,,,,pilot_observational,False
datacenter_three_states,At least three binding state data-center moratoriums,KXMORATORIUMCOUNT-26DEC31-AL3,electricity_datacenters,data_center_reits,Data-center REITs,theme,raw,0.15,True,False,25,43,0.5952380952380952,16,5,0.155,0.715,35.0,5.0,2026-07-22,2026-09-04,estimated,-0.006539584123585526,0.0010553931903166706,,0.0057403452572964905,0.003026478203899345,-0.012800331292849278,-0.00027883695432177284,-0.0184143930265248,0.00533522477935375,0.041368085359087425,0.26633301512198587,0.0715381700143799,,,,-0.009978638169394058,0.5258826831824538,2026-07-28,True,,,,pilot_observational,False
datacenter_three_states,At least three binding state data-center moratoriums,KXMORATORIUMCOUNT-26DEC31-AL3,electricity_datacenters,data_center_reits,Data-center REITs,theme,market_conditioned,0.15,True,False,25,43,0.5952380952380952,16,5,0.155,0.715,35.0,5.0,2026-07-22,2026-09-04,estimated,-0.007147213540403999,-0.0002611871510973933,1.0258836372899545,0.005519384893143445,0.002679786394629033,-0.012704750371960779,-0.0015896767088472187,-0.018593717221690526,0.004299290140882529,0.014079113298249193,0.20877029508365266,0.20613179719770625,,,,-0.010955034794434139,0.5327700414300063,2026-07-28,True,,,,pilot_observational,False
datacenter_three_states,At least three binding state data-center moratoriums,KXMORATORIUMCOUNT-26DEC31-AL3,electricity_datacenters,integrated_energy,Integrated energy,theme,raw,0.15,True,False,25,43,0.5952380952380952,16,5,0.155,0.715,35.0,5.0,2026-07-22,2026-09-04,estimated,-0.0034586283382981573,0.00076656545001174,,0.0019620703176415288,0.0021424191688977625,-0.007890560056746166,0.0009733033801498522,-0.007517480033064626,0.0006002233564683115,0.12008705730507524,0.09122854033543017,0.06122271624323283,,,,-0.0032357010695297276,0.06445539877757513,2026-07-28,True,,,,pilot_observational,False
datacenter_three_states,At least three binding state data-center moratoriums,KXMORATORIUMCOUNT-26DEC31-AL3,electricity_datacenters,integrated_energy,Integrated energy,theme,market_conditioned,0.15,True,False,25,43,0.5952380952380952,16,5,0.155,0.715,35.0,5.0,2026-07-22,2026-09-04,estimated,-0.0029611900927027607,0.001844389197662938,-0.8398437313823999,0.0016217512674323305,0.0018520532395876876,-0.006802113426608067,0.000879733241202546,-0.00632449636906989,0.0004021161836643681,0.12411404114424579,0.08146679243904656,0.33721217777175183,,,,-0.002445476267117217,0.1741576222534357,2026-07-28,True,,,,pilot_observational,False
datacenter_three_states,At least three binding state data-center moratoriums,KXMORATORIUMCOUNT-26DEC31-AL3,electricity_datacenters,homebuilders,Homebuilders,theme,raw,0.15,True,False,25,43,0.5952380952380952,16,5,0.155,0.715,35.0,5.0,2026-07-22,2026-09-04,estimated,0.006053244530542252,0.0015602193764607814,,0.0029214710801948015,0.0026010513689947038,0.0006725598209804725,0.011433929240104031,9.72114687811717e-06,0.012096767914206386,0.029114320994255354,0.04966213055374322,0.07591797351739948,,,,0.004437179720913915,0.26697497539944404,2026-07-28,True,,,,pilot_observational,False
datacenter_three_states,At least three binding state data-center moratoriums,KXMORATORIUMCOUNT-26DEC31-AL3,electricity_datacenters,homebuilders,Homebuilders,theme,market_conditioned,0.15,True,False,25,43,0.5952380952380952,16,5,0.155,0.715,35.0,5.0,2026-07-22,2026-09-04,estimated,0.005377991375044202,9.711537688576657e-05,1.140055343075674,0.0032808265893080643,0.0028398657780627874,-0.0005115297785425231,0.011267512528630928,-0.0014260265289852136,0.012182009279073617,0.07148338397228259,0.11539083458725337,0.28179636450847956,,,,0.0033598665870080003,0.3752562336564949,2026-07-28,True,,,,pilot_observational,False
datacenter_three_states,At least three binding state data-center moratoriums,KXMORATORIUMCOUNT-26DEC31-AL3,electricity_datacenters,machinery_distribution,Machinery and distribution,theme,raw,0.15,True,False,25,43,0.5952380952380952,16,5,0.155,0.715,35.0,5.0,2026-07-22,2026-09-04,estimated,-0.0007015418869374705,0.002848881029447426,,0.0029535459710441857,0.0027909084123844815,-0.0064749758141991725,0.0050718920403242315,-0.006811417237660544,0.005408333463785603,0.803762756711357,0.8143523855849475,0.00174961330256318,,,,-0.0007725339493430462,0.10119433169626738,2026-07-28,True,,,,pilot_observational,False
datacenter_three_states,At least three binding state data-center moratoriums,KXMORATORIUMCOUNT-26DEC31-AL3,electricity_datacenters,machinery_distribution,Machinery and distribution,theme,market_conditioned,0.15,True,False,25,43,0.5952380952380952,16,5,0.155,0.715,35.0,5.0,2026-07-22,2026-09-04,estimated,-0.0012193566788916933,0.0017269064233627917,0.8742462223010478,0.002633180461065136,0.002569382429594709,-0.006547929700773971,0.0041092163429905845,-0.006680238720025783,0.004241525362242396,0.6397690291671566,0.6478596847420076,0.2094766922478125,,,,-0.0015945629473951397,0.3077083801636135,2026-07-28,True,,,,pilot_observational,False
datacenter_three_states,At least three binding state data-center moratoriums,KXMORATORIUMCOUNT-26DEC31-AL3,electricity_datacenters,managed_care,Managed care (UNH only),single_company_proxy,raw,0.15,True,False,25,43,0.5952380952380952,16,5,0.155,0.715,35.0,5.0,2026-07-22,2026-09-04,estimated,0.0052656749177585685,-0.002891125493009579,,0.00437318691142949,0.0026760431488983137,-0.0002701421080196836,0.010801491943536821,-0.003780951468355021,0.014312301303872158,0.061274072069847745,0.2408037151370062,0.14346559926341518,,,,0.0012451663704266167,0.763531476995043,2026-07-28,True,,,,pilot_observational,False
datacenter_three_states,At least three binding state data-center moratoriums,KXMORATORIUMCOUNT-26DEC31-AL3,electricity_datacenters,managed_care,Managed care (UNH only),single_company_proxy,market_conditioned,0.15,True,False,25,43,0.5952380952380952,16,5,0.155,0.715,35.0,5.0,2026-07-22,2026-09-04,estimated,0.00518122586950635,-0.0030741053713738533,0.14257850984285506,0.004423308015622624,0.002622334301776619,-0.000257162613989087,0.010619614353001787,-0.003992153495137407,0.014354605234150107,0.060851116731777156,0.25399019738570816,0.1515071268851056,,,,0.001097022236802885,0.7882697522879067,2026-07-28,True,,,,pilot_observational,False
datacenter_three_states,At least three binding state data-center moratoriums,KXMORATORIUMCOUNT-26DEC31-AL3,electricity_datacenters,hospitals,Hospitals (HCA only),single_company_proxy,raw,0.15,True,False,25,43,0.5952380952380952,16,5,0.155,0.715,35.0,5.0,2026-07-22,2026-09-04,estimated,0.013517977151445596,0.0017493453474937638,,0.00960584631586608,0.0059603977701106065,0.0011879549431815638,0.025847999359709627,-0.006353229934386549,0.03338918423727774,0.033035309504563445,0.1727196514370391,0.2964672245531217,,,,0.004775156770779961,0.6467550790120021,2026-07-28,True,,,,pilot_observational,False
datacenter_three_states,At least three binding state data-center moratoriums,KXMORATORIUMCOUNT-26DEC31-AL3,electricity_datacenters,hospitals,Hospitals (HCA only),single_company_proxy,market_conditioned,0.15,True,False,25,43,0.5952380952380952,16,5,0.155,0.715,35.0,5.0,2026-07-22,2026-09-04,estimated,0.013583689763434619,0.001891728074091682,-0.11094507859098812,0.009693497445183394,0.006152657775387543,0.0008238585070280986,0.026343521019841137,-0.006519393521927699,0.033686773048796935,0.03798800335798922,0.17506827456242668,0.29799394696954473,,,,0.004848733999718277,0.6430473542784829,2026-07-28,True,,,,pilot_observational,False
datacenter_three_states,At least three binding state data-center moratoriums,KXMORATORIUMCOUNT-26DEC31-AL3,electricity_datacenters,generators_minus_regulated,Generators minus regulated utilities,relative_return_contrast,raw,0.15,True,False,25,43,0.5952380952380952,16,5,0.155,0.715,35.0,5.0,2026-07-22,2026-09-04,estimated,-0.010083436739743266,0.003271985262130632,,0.005430044273448715,0.0024969676749566658,-0.015248807923512731,-0.004918065555973802,-0.021316339150925324,0.0011494656714387923,0.0005115193551443213,0.07616835270356612,0.11998652672342669,,,,-0.005343728374863521,0.47004890170019775,2026-07-28,True,,,,pilot_observational,False
datacenter_three_states,At least three binding state data-center moratoriums,KXMORATORIUMCOUNT-26DEC31-AL3,electricity_datacenters,generators_minus_regulated,Generators minus regulated utilities,relative_return_contrast,market_conditioned,0.15,True,False,25,43,0.5952380952380952,16,5,0.155,0.715,35.0,5.0,2026-07-22,2026-09-04,estimated,-0.010506332710507996,0.0023556759029042078,0.7139912003519663,0.005247890535064591,0.0027086822907936518,-0.016123795962893532,-0.004888869458122462,-0.021389791554486896,0.00037712613347090293,0.0008102426265767001,0.05776383588554681,0.16597953017110678,,,,-0.005998221963611938,0.4290850928780538,2026-07-28,True,,,,pilot_observational,False
datacenter_three_states,At least three binding state data-center moratoriums,KXMORATORIUMCOUNT-26DEC31-AL3,electricity_datacenters,equipment_minus_generators,Equipment minus generators,relative_return_contrast,raw,0.15,True,False,25,43,0.5952380952380952,16,5,0.155,0.715,35.0,5.0,2026-07-22,2026-09-04,estimated,0.007341694504396517,-0.004226915328505642,,0.010081984132389239,0.004286574672975144,-0.0015257608154830588,0.01620914982427609,-0.01351447869919457,0.028197867707987604,0.10021537359186285,0.47384084116291336,0.03748035696206309,,,,0.015499792242298905,1.1112009268455634,2026-07-28,True,,,,pilot_observational,False
datacenter_three_states,At least three binding state data-center moratoriums,KXMORATORIUMCOUNT-26DEC31-AL3,electricity_datacenters,equipment_minus_generators,Equipment minus generators,relative_return_contrast,market_conditioned,0.15,True,False,25,43,0.5952380952380952,16,5,0.155,0.715,35.0,5.0,2026-07-22,2026-09-04,estimated,0.00582085022960284,-0.007522202915188865,2.5676986880361072,0.008224150985088063,0.0031421455301431952,-0.0006955607607961488,0.012337261220001828,-0.011234995004747655,0.022876695463953333,0.07741753516646127,0.4865161469950304,0.38798190875226835,,,,0.013114845949885157,1.2530808099455242,2026-07-28,True,,,,pilot_observational,False
datacenter_three_states,At least three binding state data-center moratoriums,KXMORATORIUMCOUNT-26DEC31-AL3,electricity_datacenters,hospitals_minus_managed_care,Hospitals minus managed care,relative_return_contrast,raw,0.15,True,False,25,43,0.5952380952380952,16,5,0.155,0.715,35.0,5.0,2026-07-22,2026-09-04,estimated,0.008252302233687028,0.004640470840503343,,0.005726805164327704,0.003961089165186077,5.816498657641375e-05,0.01644643948079764,-0.003594496852886587,0.020099101320260642,0.048524309584331654,0.16306245366881908,0.13512936975978396,,,,0.003529990400353345,0.5722417453467179,2026-07-28,True,,,,pilot_observational,False
datacenter_three_states,At least three binding state data-center moratoriums,KXMORATORIUMCOUNT-26DEC31-AL3,electricity_datacenters,hospitals_minus_managed_care,Hospitals minus managed care,relative_return_contrast,market_conditioned,0.15,True,False,25,43,0.5952380952380952,16,5,0.155,0.715,35.0,5.0,2026-07-22,2026-09-04,estimated,0.00840246389392827,0.004965833445465535,-0.25352358843384326,0.005792697120395438,0.004126269042440122,-0.00015489434411443057,0.016959822131970972,-0.0036108546545850287,0.02041578244244157,0.05393078974811553,0.16102080644791436,0.14487987171669436,,,,0.003751711762915391,0.5534986153732327,2026-07-28,True,,,,pilot_observational,False
federal_ai_framework,Federal AI framework before 2027,KXAIBILL-26JUN-27JAN01,ai_jobs_regulation,sector_technology,Technology sector,sector,raw,0.05,True,False,4,43,0.09523809523809523,1,0,0.075,0.115,3.0,0.99999999999999,2026-07-28,2026-07-31,insufficient_observations,,,,,,,,,,,,,,,,,,,,,,,insufficient_evidence,False
federal_ai_framework,Federal AI framework before 2027,KXAIBILL-26JUN-27JAN01,ai_jobs_regulation,sector_technology,Technology sector,sector,market_conditioned,0.05,True,False,4,43,0.09523809523809523,1,0,0.075,0.115,3.0,0.99999999999999,2026-07-28,2026-07-31,insufficient_observations,,,,,,,,,,,,,,,,,,,,,,,insufficient_evidence,False
federal_ai_framework,Federal AI framework before 2027,KXAIBILL-26JUN-27JAN01,ai_jobs_regulation,sector_consumer_discretionary,Consumer discretionary sector,sector,raw,0.05,True,False,4,43,0.09523809523809523,1,0,0.075,0.115,3.0,0.99999999999999,2026-07-28,2026-07-31,insufficient_observations,,,,,,,,,,,,,,,,,,,,,,,insufficient_evidence,False
federal_ai_framework,Federal AI framework before 2027,KXAIBILL-26JUN-27JAN01,ai_jobs_regulation,sector_consumer_discretionary,Consumer discretionary sector,sector,market_conditioned,0.05,True,False,4,43,0.09523809523809523,1,0,0.075,0.115,3.0,0.99999999999999,2026-07-28,2026-07-31,insufficient_observations,,,,,,,,,,,,,,,,,,,,,,,insufficient_evidence,False
federal_ai_framework,Federal AI framework before 2027,KXAIBILL-26JUN-27JAN01,ai_jobs_regulation,sector_communications,Communication services sector,sector,raw,0.05,True,False,4,43,0.09523809523809523,1,0,0.075,0.115,3.0,0.99999999999999,2026-07-28,2026-07-31,insufficient_observations,,,,,,,,,,,,,,,,,,,,,,,insufficient_evidence,False
federal_ai_framework,Federal AI framework before 2027,KXAIBILL-26JUN-27JAN01,ai_jobs_regulation,sector_communications,Communication services sector,sector,market_conditioned,0.05,True,False,4,43,0.09523809523809523,1,0,0.075,0.115,3.0,0.99999999999999,2026-07-28,2026-07-31,insufficient_observations,,,,,,,,,,,,,,,,,,,,,,,insufficient_evidence,False
federal_ai_framework,Federal AI framework before 2027,KXAIBILL-26JUN-27JAN01,ai_jobs_regulation,sector_industrials,Industrials sector,sector,raw,0.05,True,False,4,43,0.09523809523809523,1,0,0.075,0.115,3.0,0.99999999999999,2026-07-28,2026-07-31,insufficient_observations,,,,,,,,,,,,,,,,,,,,,,,insufficient_evidence,False
federal_ai_framework,Federal AI framework before 2027,KXAIBILL-26JUN-27JAN01,ai_jobs_regulation,sector_industrials,Industrials sector,sector,market_conditioned,0.05,True,False,4,43,0.09523809523809523,1,0,0.075,0.115,3.0,0.99999999999999,2026-07-28,2026-07-31,insufficient_observations,,,,,,,,,,,,,,,,,,,,,,,insufficient_evidence,False
federal_ai_framework,Federal AI framework before 2027,KXAIBILL-26JUN-27JAN01,ai_jobs_regulation,sector_utilities,Utilities sector,sector,raw,0.05,True,False,4,43,0.09523809523809523,1,0,0.075,0.115,3.0,0.99999999999999,2026-07-28,2026-07-31,insufficient_observations,,,,,,,,,,,,,,,,,,,,,,,insufficient_evidence,False
federal_ai_framework,Federal AI framework before 2027,KXAIBILL-26JUN-27JAN01,ai_jobs_regulation,sector_utilities,Utilities sector,sector,market_conditioned,0.05,True,False,4,43,0.09523809523809523,1,0,0.075,0.115,3.0,0.99999999999999,2026-07-28,2026-07-31,insufficient_observations,,,,,,,,,,,,,,,,,,,,,,,insufficient_evidence,False
federal_ai_framework,Federal AI framework before 2027,KXAIBILL-26JUN-27JAN01,ai_jobs_regulation,sector_real_estate,Real estate sector,sector,raw,0.05,True,False,4,43,0.09523809523809523,1,0,0.075,0.115,3.0,0.99999999999999,2026-07-28,2026-07-31,insufficient_observations,,,,,,,,,,,,,,,,,,,,,,,insufficient_evidence,False
federal_ai_framework,Federal AI framework before 2027,KXAIBILL-26JUN-27JAN01,ai_jobs_regulation,sector_real_estate,Real estate sector,sector,market_conditioned,0.05,True,False,4,43,0.09523809523809523,1,0,0.075,0.115,3.0,0.99999999999999,2026-07-28,2026-07-31,insufficient_observations,,,,,,,,,,,,,,,,,,,,,,,insufficient_evidence,False
federal_ai_framework,Federal AI framework before 2027,KXAIBILL-26JUN-27JAN01,ai_jobs_regulation,sector_energy,Energy sector,sector,raw,0.05,True,False,4,43,0.09523809523809523,1,0,0.075,0.115,3.0,0.99999999999999,2026-07-28,2026-07-31,insufficient_observations,,,,,,,,,,,,,,,,,,,,,,,insufficient_evidence,False
federal_ai_framework,Federal AI framework before 2027,KXAIBILL-26JUN-27JAN01,ai_jobs_regulation,sector_energy,Energy sector,sector,market_conditioned,0.05,True,False,4,43,0.09523809523809523,1,0,0.075,0.115,3.0,0.99999999999999,2026-07-28,2026-07-31,insufficient_observations,,,,,,,,,,,,,,,,,,,,,,,insufficient_evidence,False
federal_ai_framework,Federal AI framework before 2027,KXAIBILL-26JUN-27JAN01,ai_jobs_regulation,sector_financials,Financials sector,sector,raw,0.05,True,False,4,43,0.09523809523809523,1,0,0.075,0.115,3.0,0.99999999999999,2026-07-28,2026-07-31,insufficient_observations,,,,,,,,,,,,,,,,,,,,,,,insufficient_evidence,False
federal_ai_framework,Federal AI framework before 2027,KXAIBILL-26JUN-27JAN01,ai_jobs_regulation,sector_financials,Financials sector,sector,market_conditioned,0.05,True,False,4,43,0.09523809523809523,1,0,0.075,0.115,3.0,0.99999999999999,2026-07-28,2026-07-31,insufficient_observations,,,,,,,,,,,,,,,,,,,,,,,insufficient_evidence,False
federal_ai_framework,Federal AI framework before 2027,KXAIBILL-26JUN-27JAN01,ai_jobs_regulation,sector_healthcare,Healthcare sector,sector,raw,0.05,True,False,4,43,0.09523809523809523,1,0,0.075,0.115,3.0,0.99999999999999,2026-07-28,2026-07-31,insufficient_observations,,,,,,,,,,,,,,,,,,,,,,,insufficient_evidence,False
federal_ai_framework,Federal AI framework before 2027,KXAIBILL-26JUN-27JAN01,ai_jobs_regulation,sector_healthcare,Healthcare sector,sector,market_conditioned,0.05,True,False,4,43,0.09523809523809523,1,0,0.075,0.115,3.0,0.99999999999999,2026-07-28,2026-07-31,insufficient_observations,,,,,,,,,,,,,,,,,,,,,,,insufficient_evidence,False
federal_ai_framework,Federal AI framework before 2027,KXAIBILL-26JUN-27JAN01,ai_jobs_regulation,sector_staples,Consumer staples sector,sector,raw,0.05,True,False,4,43,0.09523809523809523,1,0,0.075,0.115,3.0,0.99999999999999,2026-07-28,2026-07-31,insufficient_observations,,,,,,,,,,,,,,,,,,,,,,,insufficient_evidence,False
federal_ai_framework,Federal AI framework before 2027,KXAIBILL-26JUN-27JAN01,ai_jobs_regulation,sector_staples,Consumer staples sector,sector,market_conditioned,0.05,True,False,4,43,0.09523809523809523,1,0,0.075,0.115,3.0,0.99999999999999,2026-07-28,2026-07-31,insufficient_observations,,,,,,,,,,,,,,,,,,,,,,,insufficient_evidence,False
federal_ai_framework,Federal AI framework before 2027,KXAIBILL-26JUN-27JAN01,ai_jobs_regulation,cloud_platforms,Cloud platforms,theme,raw,0.05,True,False,4,43,0.09523809523809523,1,0,0.075,0.115,3.0,0.99999999999999,2026-07-28,2026-07-31,insufficient_observations,,,,,,,,,,,,,,,,,,,,,,,insufficient_evidence,False
federal_ai_framework,Federal AI framework before 2027,KXAIBILL-26JUN-27JAN01,ai_jobs_regulation,cloud_platforms,Cloud platforms,theme,market_conditioned,0.05,True,False,4,43,0.09523809523809523,1,0,0.075,0.115,3.0,0.99999999999999,2026-07-28,2026-07-31,insufficient_observations,,,,,,,,,,,,,,,,,,,,,,,insufficient_evidence,False
federal_ai_framework,Federal AI framework before 2027,KXAIBILL-26JUN-27JAN01,ai_jobs_regulation,electrical_equipment,Electrical equipment,theme,raw,0.05,True,False,4,43,0.09523809523809523,1,0,0.075,0.115,3.0,0.99999999999999,2026-07-28,2026-07-31,insufficient_observations,,,,,,,,,,,,,,,,,,,,,,,insufficient_evidence,False
federal_ai_framework,Federal AI framework before 2027,KXAIBILL-26JUN-27JAN01,ai_jobs_regulation,electrical_equipment,Electrical equipment,theme,market_conditioned,0.05,True,False,4,43,0.09523809523809523,1,0,0.075,0.115,3.0,0.99999999999999,2026-07-28,2026-07-31,insufficient_observations,,,,,,,,,,,,,,,,,,,,,,,insufficient_evidence,False
federal_ai_framework,Federal AI framework before 2027,KXAIBILL-26JUN-27JAN01,ai_jobs_regulation,regulated_utilities,Regulated utilities,theme,raw,0.05,True,False,4,43,0.09523809523809523,1,0,0.075,0.115,3.0,0.99999999999999,2026-07-28,2026-07-31,insufficient_observations,,,,,,,,,,,,,,,,,,,,,,,insufficient_evidence,False
federal_ai_framework,Federal AI framework before 2027,KXAIBILL-26JUN-27JAN01,ai_jobs_regulation,regulated_utilities,Regulated utilities,theme,market_conditioned,0.05,True,False,4,43,0.09523809523809523,1,0,0.075,0.115,3.0,0.99999999999999,2026-07-28,2026-07-31,insufficient_observations,,,,,,,,,,,,,,,,,,,,,,,insufficient_evidence,False
federal_ai_framework,Federal AI framework before 2027,KXAIBILL-26JUN-27JAN01,ai_jobs_regulation,power_generators,Power generators,theme,raw,0.05,True,False,4,43,0.09523809523809523,1,0,0.075,0.115,3.0,0.99999999999999,2026-07-28,2026-07-31,insufficient_observations,,,,,,,,,,,,,,,,,,,,,,,insufficient_evidence,False
federal_ai_framework,Federal AI framework before 2027,KXAIBILL-26JUN-27JAN01,ai_jobs_regulation,power_generators,Power generators,theme,market_conditioned,0.05,True,False,4,43,0.09523809523809523,1,0,0.075,0.115,3.0,0.99999999999999,2026-07-28,2026-07-31,insufficient_observations,,,,,,,,,,,,,,,,,,,,,,,insufficient_evidence,False
federal_ai_framework,Federal AI framework before 2027,KXAIBILL-26JUN-27JAN01,ai_jobs_regulation,data_center_reits,Data-center REITs,theme,raw,0.05,True,False,4,43,0.09523809523809523,1,0,0.075,0.115,3.0,0.99999999999999,2026-07-28,2026-07-31,insufficient_observations,,,,,,,,,,,,,,,,,,,,,,,insufficient_evidence,False
federal_ai_framework,Federal AI framework before 2027,KXAIBILL-26JUN-27JAN01,ai_jobs_regulation,data_center_reits,Data-center REITs,theme,market_conditioned,0.05,True,False,4,43,0.09523809523809523,1,0,0.075,0.115,3.0,0.99999999999999,2026-07-28,2026-07-31,insufficient_observations,,,,,,,,,,,,,,,,,,,,,,,insufficient_evidence,False
federal_ai_framework,Federal AI framework before 2027,KXAIBILL-26JUN-27JAN01,ai_jobs_regulation,integrated_energy,Integrated energy,theme,raw,0.05,True,False,4,43,0.09523809523809523,1,0,0.075,0.115,3.0,0.99999999999999,2026-07-28,2026-07-31,insufficient_observations,,,,,,,,,,,,,,,,,,,,,,,insufficient_evidence,False
federal_ai_framework,Federal AI framework before 2027,KXAIBILL-26JUN-27JAN01,ai_jobs_regulation,integrated_energy,Integrated energy,theme,market_conditioned,0.05,True,False,4,43,0.09523809523809523,1,0,0.075,0.115,3.0,0.99999999999999,2026-07-28,2026-07-31,insufficient_observations,,,,,,,,,,,,,,,,,,,,,,,insufficient_evidence,False
federal_ai_framework,Federal AI framework before 2027,KXAIBILL-26JUN-27JAN01,ai_jobs_regulation,homebuilders,Homebuilders,theme,raw,0.05,True,False,4,43,0.09523809523809523,1,0,0.075,0.115,3.0,0.99999999999999,2026-07-28,2026-07-31,insufficient_observations,,,,,,,,,,,,,,,,,,,,,,,insufficient_evidence,False
federal_ai_framework,Federal AI framework before 2027,KXAIBILL-26JUN-27JAN01,ai_jobs_regulation,homebuilders,Homebuilders,theme,market_conditioned,0.05,True,False,4,43,0.09523809523809523,1,0,0.075,0.115,3.0,0.99999999999999,2026-07-28,2026-07-31,insufficient_observations,,,,,,,,,,,,,,,,,,,,,,,insufficient_evidence,False
federal_ai_framework,Federal AI framework before 2027,KXAIBILL-26JUN-27JAN01,ai_jobs_regulation,machinery_distribution,Machinery and distribution,theme,raw,0.05,True,False,4,43,0.09523809523809523,1,0,0.075,0.115,3.0,0.99999999999999,2026-07-28,2026-07-31,insufficient_observations,,,,,,,,,,,,,,,,,,,,,,,insufficient_evidence,False
federal_ai_framework,Federal AI framework before 2027,KXAIBILL-26JUN-27JAN01,ai_jobs_regulation,machinery_distribution,Machinery and distribution,theme,market_conditioned,0.05,True,False,4,43,0.09523809523809523,1,0,0.075,0.115,3.0,0.99999999999999,2026-07-28,2026-07-31,insufficient_observations,,,,,,,,,,,,,,,,,,,,,,,insufficient_evidence,False
federal_ai_framework,Federal AI framework before 2027,KXAIBILL-26JUN-27JAN01,ai_jobs_regulation,managed_care,Managed care (UNH only),single_company_proxy,raw,0.05,True,False,4,43,0.09523809523809523,1,0,0.075,0.115,3.0,0.99999999999999,2026-07-28,2026-07-31,insufficient_observations,,,,,,,,,,,,,,,,,,,,,,,insufficient_evidence,False
federal_ai_framework,Federal AI framework before 2027,KXAIBILL-26JUN-27JAN01,ai_jobs_regulation,managed_care,Managed care (UNH only),single_company_proxy,market_conditioned,0.05,True,False,4,43,0.09523809523809523,1,0,0.075,0.115,3.0,0.99999999999999,2026-07-28,2026-07-31,insufficient_observations,,,,,,,,,,,,,,,,,,,,,,,insufficient_evidence,False
federal_ai_framework,Federal AI framework before 2027,KXAIBILL-26JUN-27JAN01,ai_jobs_regulation,hospitals,Hospitals (HCA only),single_company_proxy,raw,0.05,True,False,4,43,0.09523809523809523,1,0,0.075,0.115,3.0,0.99999999999999,2026-07-28,2026-07-31,insufficient_observations,,,,,,,,,,,,,,,,,,,,,,,insufficient_evidence,False
federal_ai_framework,Federal AI framework before 2027,KXAIBILL-26JUN-27JAN01,ai_jobs_regulation,hospitals,Hospitals (HCA only),single_company_proxy,market_conditioned,0.05,True,False,4,43,0.09523809523809523,1,0,0.075,0.115,3.0,0.99999999999999,2026-07-28,2026-07-31,insufficient_observations,,,,,,,,,,,,,,,,,,,,,,,insufficient_evidence,False
federal_ai_framework,Federal AI framework before 2027,KXAIBILL-26JUN-27JAN01,ai_jobs_regulation,generators_minus_regulated,Generators minus regulated utilities,relative_return_contrast,raw,0.05,True,False,4,43,0.09523809523809523,1,0,0.075,0.115,3.0,0.99999999999999,2026-07-28,2026-07-31,insufficient_observations,,,,,,,,,,,,,,,,,,,,,,,insufficient_evidence,False
federal_ai_framework,Federal AI framework before 2027,KXAIBILL-26JUN-27JAN01,ai_jobs_regulation,generators_minus_regulated,Generators minus regulated utilities,relative_return_contrast,market_conditioned,0.05,True,False,4,43,0.09523809523809523,1,0,0.075,0.115,3.0,0.99999999999999,2026-07-28,2026-07-31,insufficient_observations,,,,,,,,,,,,,,,,,,,,,,,insufficient_evidence,False
federal_ai_framework,Federal AI framework before 2027,KXAIBILL-26JUN-27JAN01,ai_jobs_regulation,equipment_minus_generators,Equipment minus generators,relative_return_contrast,raw,0.05,True,False,4,43,0.09523809523809523,1,0,0.075,0.115,3.0,0.99999999999999,2026-07-28,2026-07-31,insufficient_observations,,,,,,,,,,,,,,,,,,,,,,,insufficient_evidence,False
federal_ai_framework,Federal AI framework before 2027,KXAIBILL-26JUN-27JAN01,ai_jobs_regulation,equipment_minus_generators,Equipment minus generators,relative_return_contrast,market_conditioned,0.05,True,False,4,43,0.09523809523809523,1,0,0.075,0.115,3.0,0.99999999999999,2026-07-28,2026-07-31,insufficient_observations,,,,,,,,,,,,,,,,,,,,,,,insufficient_evidence,False
federal_ai_framework,Federal AI framework before 2027,KXAIBILL-26JUN-27JAN01,ai_jobs_regulation,hospitals_minus_managed_care,Hospitals minus managed care,relative_return_contrast,raw,0.05,True,False,4,43,0.09523809523809523,1,0,0.075,0.115,3.0,0.99999999999999,2026-07-28,2026-07-31,insufficient_observations,,,,,,,,,,,,,,,,,,,,,,,insufficient_evidence,False
federal_ai_framework,Federal AI framework before 2027,KXAIBILL-26JUN-27JAN01,ai_jobs_regulation,hospitals_minus_managed_care,Hospitals minus managed care,relative_return_contrast,market_conditioned,0.05,True,False,4,43,0.09523809523809523,1,0,0.075,0.115,3.0,0.99999999999999,2026-07-28,2026-07-31,insufficient_observations,,,,,,,,,,,,,,,,,,,,,,,insufficient_evidence,False
federal_ai_framework,Federal AI framework before 2027,KXAIBILL-26JUN-27JAN01,ai_jobs_regulation,sector_technology,Technology sector,sector,raw,0.1,True,False,31,43,0.7380952380952381,7,0,0.075,0.115,3.0,6.0,2026-07-24,2026-09-04,estimated,0.03226436429030842,0.0018823257707379468,,0.024819601331386804,0.020575063550347862,-0.009816365571627177,0.07434509415224402,-0.018497420058560192,0.08302614863917704,0.12769914355679216,0.2038544121068612,0.02888362715647097,-0.03970165073538498,0.06188191110522555,500.0,0.01620998379767609,0.4975886196975141,2026-07-28,True,,,,pilot_observational,False
federal_ai_framework,Federal AI framework before 2027,KXAIBILL-26JUN-27JAN01,ai_jobs_regulation,sector_technology,Technology sector,sector,market_conditioned,0.1,True,True,31,43,0.7380952380952381,7,0,0.075,0.115,3.0,6.0,2026-07-24,2026-09-04,estimated,0.01490627058609931,-0.0009960959594527293,2.0021006683636586,0.04160309380328778,0.03210892574275561,-0.05086588222073449,0.0806784233929331,-0.07031380388133289,0.1001263450535315,0.6460647185077618,0.7228082119596483,0.6243469606742542,-0.05458814290438011,0.06388683252293505,500.0,-0.012776239039408197,1.8571049992425703,2026-07-28,False,0.8432697107533341,0.9915527907147141,0.9915527907147141,pilot_observational,False
federal_ai_framework,Federal AI framework before 2027,KXAIBILL-26JUN-27JAN01,ai_jobs_regulation,sector_consumer_discretionary,Consumer discretionary sector,sector,raw,0.1,True,False,31,43,0.7380952380952381,7,0,0.075,0.115,3.0,6.0,2026-07-24,2026-09-04,estimated,-0.0012685548020814536,0.0018371614754164674,,0.03452528756807988,0.025511906155685896,-0.053446261498998046,0.050909151894835136,-0.07188069633947414,0.06934358673531124,0.960683204780152,0.9709418650607059,0.0001118395599443156,-0.04371145223016037,0.04379872191358471,500.0,0.017747176095479003,14.990074426709286,2026-07-28,False,,,,pilot_observational,False
federal_ai_framework,Federal AI framework before 2027,KXAIBILL-26JUN-27JAN01,ai_jobs_regulation,sector_consumer_discretionary,Consumer discretionary sector,sector,market_conditioned,0.1,True,True,31,43,0.7380952380952381,7,0,0.075,0.115,3.0,6.0,2026-07-24,2026-09-04,estimated,-0.008791297411748595,0.000589695816612788,0.8676809944337489,0.022445807705494706,0.018426013516286244,-0.046535275093325064,0.02895268026982787,-0.0547694502190467,0.03718685539554951,0.6369844016618418,0.6982688204698442,0.2802516625389633,-0.03679410731573725,0.032237546194556425,500.0,0.00601662404234941,1.6843840858243357,2026-07-28,False,0.8432023734228697,0.9915527907147141,0.9915527907147141,pilot_observational,False
federal_ai_framework,Federal AI framework before 2027,KXAIBILL-26JUN-27JAN01,ai_jobs_regulation,sector_communications,Communication services sector,sector,raw,0.1,True,False,31,43,0.7380952380952381,7,0,0.075,0.115,3.0,6.0,2026-07-24,2026-09-04,estimated,0.0008700967316344465,0.0020535274900657656,,0.05075552989597002,0.03598034225758901,-0.07271796578766652,0.07445815925093542,-0.10293661751375607,0.10467681097702497,0.9808726262093015,0.986440019941412,4.852461017712528e-05,-0.06104337603652293,0.06536706429880956,500.0,0.026384781480950012,29.32396344184297,2026-07-28,True,,,,pilot_observational,False
federal_ai_framework,Federal AI framework before 2027,KXAIBILL-26JUN-27JAN01,ai_jobs_regulation,sector_communications,Communication services sector,sector,market_conditioned,0.1,True,True,31,43,0.7380952380952381,7,0,0.075,0.115,3.0,6.0,2026-07-24,2026-09-04,estimated,-0.002976660855529215,0.0014156354024696038,0.4436890402559473,0.045678824101632196,0.032329779503896344,-0.06920121208397603,0.06324789037291761,-0.09654549037412138,0.09059216866306297,0.9272965897022817,0.9485056647549991,0.06760423743038069,-0.0541730074353302,0.06013990652931375,500.0,0.020891974164089055,8.018594048187163,2026-07-28,False,0.9733581796064962,0.9915527907147141,0.9915527907147141,pilot_observational,False
federal_ai_framework,Federal AI framework before 2027,KXAIBILL-26JUN-27JAN01,ai_jobs_regulation,sector_industrials,Industrials sector,sector,raw,0.1,True,False,31,43,0.7380952380952381,7,0,0.075,0.115,3.0,6.0,2026-07-24,2026-09-04,estimated,0.01761703066934787,-0.0010670155696976148,,0.024478487647997385,0.01501209793224294,-0.01308615701227446,0.0483202183509702,-0.032447097862915636,0.06768115920161137,0.2501348486945001,0.4774736736455079,0.02831997858223012,-0.016974447083762126,0.040745274919988465,500.0,0.021361123737925897,0.21252690869707275,2026-07-28,True,,,,pilot_observational,False
federal_ai_framework,Federal AI framework before 2027,KXAIBILL-26JUN-27JAN01,ai_jobs_regulation,sector_industrials,Industrials sector,sector,market_conditioned,0.1,True,True,31,43,0.7380952380952381,7,0,0.075,0.115,3.0,6.0,2026-07-24,2026-09-04,estimated,0.008212804068110821,-0.002626480028520876,1.0846933243144317,0.009117151355868549,0.005509616798815561,-0.003073134331138032,0.019498742467359675,-0.010462833882078517,0.02688844201830016,0.14723883483686162,0.37537347769221313,0.6031231192115023,-0.0096038511296847,0.01687713608017161,500.0,0.006055420460892577,0.26268538605408415,2026-07-28,True,0.49258082927240976,0.9727988717657353,0.9727988717657353,pilot_observational,False
federal_ai_framework,Federal AI framework before 2027,KXAIBILL-26JUN-27JAN01,ai_jobs_regulation,sector_utilities,Utilities sector,sector,raw,0.1,True,False,31,43,0.7380952380952381,7,0,0.075,0.115,3.0,6.0,2026-07-24,2026-09-04,estimated,-0.006441082651238914,-0.0022448557960475014,,0.013256407427535451,0.010721279116500079,-0.028368560501883203,0.015486395199405374,-0.03355348007022256,0.020671314767744732,0.5526564236586148,0.6307002990791181,0.006066695421311663,-0.04069943270684002,0.012873785564635244,500.0,-0.01126377531426176,0.7487394471013691,2026-07-28,True,,,,pilot_observational,False
federal_ai_framework,Federal AI framework before 2027,KXAIBILL-26JUN-27JAN01,ai_jobs_regulation,sector_utilities,Utilities sector,sector,market_conditioned,0.1,True,True,31,43,0.7380952380952381,7,0,0.075,0.115,3.0,6.0,2026-07-24,2026-09-04,estimated,-0.007264948721237198,-0.0023814741389980767,0.09502557351592902,0.013250219097176306,0.010579664843405296,-0.028936409744268685,0.014406512301794287,-0.03440679215024489,0.019876894707770494,0.49792622532545416,0.5878387975953995,0.013136267789075617,-0.03925514180338627,0.012408144302899797,500.0,-0.012769567228331015,0.757695438510459,2026-07-28,True,0.784171318772089,0.9915527907147141,0.9915527907147141,pilot_observational,False
federal_ai_framework,Federal AI framework before 2027,KXAIBILL-26JUN-27JAN01,ai_jobs_regulation,sector_real_estate,Real estate sector,sector,raw,0.1,True,False,31,43,0.7380952380952381,7,0,0.075,0.115,3.0,6.0,2026-07-24,2026-09-04,estimated,-0.01835704197868757,-0.0007961242152019482,,0.01675685959933801,0.012218487742333143,-0.04334665529134241,0.006632571333967274,-0.05262866794030961,0.01591458398293447,0.14380614896215943,0.28231511583293023,0.04811857274438891,-0.04153957356354342,0.007061999618508708,500.0,-0.017219738121147448,0.06195463620231001,2026-07-28,True,,,,pilot_observational,False
federal_ai_framework,Federal AI framework before 2027,KXAIBILL-26JUN-27JAN01,ai_jobs_regulation,sector_real_estate,Real estate sector,sector,market_conditioned,0.1,True,True,31,43,0.7380952380952381,7,0,0.075,0.115,3.0,6.0,2026-07-24,2026-09-04,estimated,-0.019601917970398224,-0.0010025569126509623,0.14358529787343077,0.01549144238821706,0.012247400358955456,-0.044689580334108234,0.005485744393311783,-0.051334699195131644,0.012130863254335197,0.12071259375154067,0.2161789561664394,0.06388034252957664,-0.041103657264067936,0.0073097350304169115,500.0,-0.01922527054623033,0.019214825035829938,2026-07-28,True,0.45179387365326973,0.9094769698122832,0.9094769698122832,pilot_observational,False
federal_ai_framework,Federal AI framework before 2027,KXAIBILL-26JUN-27JAN01,ai_jobs_regulation,sector_energy,Energy sector,sector,raw,0.1,True,False,31,43,0.7380952380952381,7,0,0.075,0.115,3.0,6.0,2026-07-24,2026-09-04,estimated,0.017218701429064766,0.0026295573213583564,,0.04647359172659832,0.03289830993569611,-0.05006589722748977,0.08450330008561929,-0.0778304659465473,0.11226786880467682,0.604678530328787,0.7136987571549941,0.014400093410971815,-0.041490121632694915,0.08689815198315037,500.0,0.0005882549658881533,0.9658362758474229,2026-07-28,True,,,,pilot_observational,False
federal_ai_framework,Federal AI framework before 2027,KXAIBILL-26JUN-27JAN01,ai_jobs_regulation,sector_energy,Energy sector,sector,market_conditioned,0.1,True,True,31,43,0.7380952380952381,7,0,0.075,0.115,3.0,6.0,2026-07-24,2026-09-04,estimated,0.023506543833916774,0.0036722445266792747,-0.7252463142463001,0.03774024146967365,0.029006915769110353,-0.035911429588982,0.08292451725681554,-0.05380083632563981,0.10081392399347336,0.42455780531187953,0.5384228271783869,0.1511771573952001,-0.03370250995339029,0.08876717907573715,500.0,0.010369597100019917,0.558863388285181,2026-07-28,True,0.737915968479999,0.9915527907147141,0.9915527907147141,pilot_observational,False
federal_ai_framework,Federal AI framework before 2027,KXAIBILL-26JUN-27JAN01,ai_jobs_regulation,sector_financials,Financials sector,sector,raw,0.1,True,False,31,43,0.7380952380952381,7,0,0.075,0.115,3.0,6.0,2026-07-24,2026-09-04,estimated,-0.021632062011861703,0.0012114302134562235,,0.023791113517209524,0.0170242749841389,-0.056450613845240846,0.013186489821517444,-0.07029035259660267,0.027026228572879268,0.2139489953722855,0.37071352358458776,0.07423801588059753,-0.05466668283543855,0.009639283316101307,500.0,-0.014138006881474185,0.34643276846554133,2026-07-28,True,,,,pilot_observational,False
federal_ai_framework,Federal AI framework before 2027,KXAIBILL-26JUN-27JAN01,ai_jobs_regulation,sector_financials,Financials sector,sector,market_conditioned,0.1,True,True,31,43,0.7380952380952381,7,0,0.075,0.115,3.0,6.0,2026-07-24,2026-09-04,estimated,-0.02724718148889586,0.00028029790159453627,0.6476537487054725,0.01477067774458324,0.012546707290120368,-0.05294794630799289,-0.0015464166697988294,-0.05750354327005626,0.0030091802922645357,0.03850784204823335,0.0756875415551286,0.4305200990367962,-0.052103232914147,0.003627406493071554,500.0,-0.02310843389225662,0.15189635663145262,2026-07-28,True,0.22856267538306246,0.7627728118793875,0.7627728118793875,pilot_observational,False
federal_ai_framework,Federal AI framework before 2027,KXAIBILL-26JUN-27JAN01,ai_jobs_regulation,sector_healthcare,Healthcare sector,sector,raw,0.1,True,False,31,43,0.7380952380952381,7,0,0.075,0.115,3.0,6.0,2026-07-24,2026-09-04,estimated,-0.010348704959051365,0.001954486987055255,,0.031043686288781656,0.02425223247547637,-0.059950089705789036,0.039252679787686304,-0.0738401723579362,0.05314276243983347,0.6727407038348843,0.7412613159433387,0.008057626089759795,-0.04763931194245918,0.058296258585681576,500.0,0.017715705120016106,2.7118765285236286,2026-07-28,False,,,,pilot_observational,False
federal_ai_framework,Federal AI framework before 2027,KXAIBILL-26JUN-27JAN01,ai_jobs_regulation,sector_healthcare,Healthcare sector,sector,market_conditioned,0.1,True,True,31,43,0.7380952380952381,7,0,0.075,0.115,3.0,6.0,2026-07-24,2026-09-04,estimated,-0.010101656650851882,0.001995453998228596,-0.028494810051887393,0.032231377824317564,0.024872237579441202,-0.06105012574100733,0.04084681243930357,-0.07612464117608489,0.05592132787438112,0.6877257404416154,0.7562915532450986,0.008384698815304459,-0.04853846268590946,0.057958937308371664,500.0,0.0190195353892224,2.8828134875895297,2026-07-28,False,0.8492720553104512,0.9915527907147141,0.9915527907147141,pilot_observational,False
federal_ai_framework,Federal AI framework before 2027,KXAIBILL-26JUN-27JAN01,ai_jobs_regulation,sector_staples,Consumer staples sector,sector,raw,0.1,True,False,31,43,0.7380952380952381,7,0,0.075,0.115,3.0,6.0,2026-07-24,2026-09-04,estimated,-0.04427640230318223,0.00036010321301689754,,0.022025370848397143,0.01723000492852086,-0.07951571911708567,-0.009037085489278784,-0.0893233436412896,0.0007705390349251467,0.015582649111689153,0.05378766788384687,0.19468076167289672,-0.07638475772126217,-0.008602254798987628,500.0,-0.0347936740449758,0.21417115585122617,2026-07-28,True,,,,pilot_observational,True
federal_ai_framework,Federal AI framework before 2027,KXAIBILL-26JUN-27JAN01,ai_jobs_regulation,sector_staples,Consumer staples sector,sector,market_conditioned,0.1,True,True,31,43,0.7380952380952381,7,0,0.075,0.115,3.0,6.0,2026-07-24,2026-09-04,estimated,-0.043596639298278464,0.00047282553368395436,-0.07840457538932877,0.024507913056595197,0.01808159364836952,-0.08063510486263814,-0.006558173733918787,-0.093798823433905,0.006605544837348078,0.0227131332211211,0.08611950616020542,0.19794918949935292,-0.07757635551990705,-0.007225448545566762,500.0,-0.033375041000936065,0.23445840004796029,2026-07-28,True,0.1648359820694834,0.7922994566738899,0.7922994566738899,pilot_observational,True
federal_ai_framework,Federal AI framework before 2027,KXAIBILL-26JUN-27JAN01,ai_jobs_regulation,cloud_platforms,Cloud platforms,theme,raw,0.1,True,False,31,43,0.7380952380952381,7,0,0.075,0.115,3.0,6.0,2026-07-24,2026-09-04,estimated,0.04148243268717192,0.00530232422883889,,0.05723430810667306,0.04137931141444222,-0.04314776158868545,0.1261126269630293,-0.07557487079955191,0.15853973617389577,0.32439793382805304,0.474393121539618,0.03100324683063338,-0.030336818248724744,0.11156389041366348,500.0,0.06766343422977972,0.6311346718753078,2026-07-28,True,,,,pilot_observational,False
federal_ai_framework,Federal AI framework before 2027,KXAIBILL-26JUN-27JAN01,ai_jobs_regulation,cloud_platforms,Cloud platforms,theme,market_conditioned,0.1,True,True,31,43,0.7380952380952381,7,0,0.075,0.115,3.0,6.0,2026-07-24,2026-09-04,estimated,0.026383320922711638,0.0027985002404442853,1.7415473306261247,0.03285396659080402,0.02659004578229135,-0.028083918758396505,0.08085056060381979,-0.04091497887819371,0.09368162072361699,0.3295852936031231,0.42871133006582424,0.32357136983129386,-0.022236568818101578,0.0856400108405894,500.0,0.043734924626170305,0.6576732229535908,2026-07-28,True,0.6781879880476129,0.9915527907147141,0.9915527907147141,pilot_observational,False
federal_ai_framework,Federal AI framework before 2027,KXAIBILL-26JUN-27JAN01,ai_jobs_regulation,electrical_equipment,Electrical equipment,theme,raw,0.1,True,False,31,43,0.7380952380952381,7,0,0.075,0.115,3.0,6.0,2026-07-24,2026-09-04,estimated,0.1243575498950182,-1.4539184170694799e-05,,0.06439358973560458,0.04752264416710806,0.02716282937192395,0.22155227041811243,-0.007342128595572497,0.2560572283856089,0.01395117768318983,0.06328390104721397,0.1067942892407917,-0.05441495258268763,0.18415800408340877,500.0,0.10989134483645334,0.11632751747503171,2026-07-28,True,,,,pilot_observational,False
federal_ai_framework,Federal AI framework before 2027,KXAIBILL-26JUN-27JAN01,ai_jobs_regulation,electrical_equipment,Electrical equipment,theme,market_conditioned,0.1,True,True,31,43,0.7380952380952381,7,0,0.075,0.115,3.0,6.0,2026-07-24,2026-09-04,estimated,0.09833919306475553,-0.004329056950941518,3.0009844679523474,0.04316932177782487,0.033604999657930415,0.029502471765424088,0.16717591436408696,0.009910846028602038,0.186767540100909,0.00673486784883686,0.03055930993651343,0.43976720497793464,-0.04233140267416399,0.13307672562480777,500.0,0.06675069797188835,0.32121979150333707,2026-07-28,True,0.06580902434840322,0.4685760856932059,0.4685760856932059,pilot_observational,False
federal_ai_framework,Federal AI framework before 2027,KXAIBILL-26JUN-27JAN01,ai_jobs_regulation,regulated_utilities,Regulated utilities,theme,raw,0.1,True,False,31,43,0.7380952380952381,7,0,0.075,0.115,3.0,6.0,2026-07-24,2026-09-04,estimated,-0.02340198824762008,-0.0022572605934186134,,0.01879270574775208,0.014528932137539249,-0.05311699092384982,0.006313014428609657,-0.06183738709880027,0.015033410603560112,0.11807409228453195,0.22300107397505103,0.05617110099622469,-0.06706250063740124,-0.002431342652631577,500.0,-0.031422568597635044,0.3427307229261016,2026-07-28,True,,,,pilot_observational,True
federal_ai_framework,Federal AI framework before 2027,KXAIBILL-26JUN-27JAN01,ai_jobs_regulation,regulated_utilities,Regulated utilities,theme,market_conditioned,0.1,True,True,31,43,0.7380952380952381,7,0,0.075,0.115,3.0,6.0,2026-07-24,2026-09-04,estimated,-0.02365267803623607,-0.0022988314564053834,0.028914822208749788,0.019399635436924103,0.014863724000155454,-0.0540996364318279,0.006794280359355757,-0.06339102981345553,0.01608567374098339,0.12277007436230156,0.23292758930254198,0.05663022095540515,-0.06582621566446852,-0.001342415350305038,500.0,-0.03209058356854602,0.3567420788201244,2026-07-28,True,0.45179387365326973,0.9094769698122832,0.9094769698122832,pilot_observational,True
federal_ai_framework,Federal AI framework before 2027,KXAIBILL-26JUN-27JAN01,ai_jobs_regulation,power_generators,Power generators,theme,raw,0.1,True,False,31,43,0.7380952380952381,7,0,0.075,0.115,3.0,6.0,2026-07-24,2026-09-04,estimated,0.13199077283967947,0.00031055598146998266,,0.02811705185917905,0.027984812953009378,0.07475540385864544,0.1892261418207135,0.07448494492790403,0.1894966007514549,5.574718648021995e-05,5.9284760304501266e-05,0.289065487707314,0.02392892643212037,0.17022359636835444,500.0,0.12226937994556245,0.07365206434486873,2026-07-28,True,,,,pilot_observational,True
federal_ai_framework,Federal AI framework before 2027,KXAIBILL-26JUN-27JAN01,ai_jobs_regulation,power_generators,Power generators,theme,market_conditioned,0.1,True,True,31,43,0.7380952380952381,7,0,0.075,0.115,3.0,6.0,2026-07-24,2026-09-04,estimated,0.12849618209995953,-0.0002689377172472806,0.40306974803080897,0.03183310109273285,0.029841695728974642,0.0673682394454472,0.18962412475447185,0.06328903047611552,0.19370333372380355,0.00018411970654637198,0.0003809419875372135,0.30349817511000843,0.022381949411245074,0.17487976048330933,500.0,0.11622599296366519,0.09549069035178907,2026-07-28,True,0.004839718000647491,0.02336444190228243,0.02336444190228243,pilot_observational,True
federal_ai_framework,Federal AI framework before 2027,KXAIBILL-26JUN-27JAN01,ai_jobs_regulation,data_center_reits,Data-center REITs,theme,raw,0.1,True,False,31,43,0.7380952380952381,7,0,0.075,0.115,3.0,6.0,2026-07-24,2026-09-04,estimated,0.004579802640696707,0.001182074372182543,,0.03235070196619527,0.023387092430908207,-0.04325217204229415,0.05241177732368756,-0.06158481196436661,0.07074441724576003,0.8461120177144703,0.8884006510342396,0.0004193823234714955,-0.0774585124471135,0.03696574917866574,500.0,-0.013706930100099496,3.9929084669059707,2026-07-28,False,,,,pilot_observational,False
federal_ai_framework,Federal AI framework before 2027,KXAIBILL-26JUN-27JAN01,ai_jobs_regulation,data_center_reits,Data-center REITs,theme,market_conditioned,0.1,True,True,31,43,0.7380952380952381,7,0,0.075,0.115,3.0,6.0,2026-07-24,2026-09-04,estimated,-0.005080447050685482,-0.00041984534922094265,1.1142232950952566,0.03150097743090355,0.02119429488710307,-0.04849499206274187,0.0383340979613709,-0.06960727419367915,0.05944638009230818,0.8123026011178607,0.8730317245943839,0.13332359930837845,-0.06968586496217043,0.03191715166694377,500.0,-0.03013799399139165,4.932153940532707,2026-07-28,True,0.9226153000351011,0.9915527907147141,0.9915527907147141,pilot_observational,False
federal_ai_framework,Federal AI framework before 2027,KXAIBILL-26JUN-27JAN01,ai_jobs_regulation,integrated_energy,Integrated energy,theme,raw,0.1,True,False,31,43,0.7380952380952381,7,0,0.075,0.115,3.0,6.0,2026-07-24,2026-09-04,estimated,0.021178296860773306,0.0018661100743824393,,0.0424091737422227,0.029330165407664133,-0.03880862683963662,0.08116522056118324,-0.06555820237517648,0.10791479609672311,0.47603679452077663,0.6212792841897983,0.019400633224752162,-0.028294341533409723,0.08908423685269545,500.0,0.009885379409860232,0.5332306712458049,2026-07-28,True,,,,pilot_observational,False
federal_ai_framework,Federal AI framework before 2027,KXAIBILL-26JUN-27JAN01,ai_jobs_regulation,integrated_energy,Integrated energy,theme,market_conditioned,0.1,True,True,31,43,0.7380952380952381,7,0,0.075,0.115,3.0,6.0,2026-07-24,2026-09-04,estimated,0.029510947432988446,0.0032478794602300246,-0.9610966252490852,0.031068201631825075,0.024328535514829146,-0.020323798465006843,0.07934569333098374,-0.03412937867237674,0.09315127353835363,0.23525777062274345,0.35030254116955967,0.23331780327297602,-0.016226549364145935,0.08921651692202445,500.0,0.023191687827120822,0.21413272549846088,2026-07-28,True,0.588641717006946,0.9341401097854923,0.9341401097854923,pilot_observational,False
federal_ai_framework,Federal AI framework before 2027,KXAIBILL-26JUN-27JAN01,ai_jobs_regulation,homebuilders,Homebuilders,theme,raw,0.1,True,False,31,43,0.7380952380952381,7,0,0.075,0.115,3.0,6.0,2026-07-24,2026-09-04,estimated,-0.008571318990528192,0.0006065986113867766,,0.06742599596318444,0.04818102651802457,-0.1071125826135739,0.0899699446325175,-0.14647296458475303,0.12933032660369667,0.8600397538144717,0.8997213012757389,0.0014316995584213732,-0.09253994427480887,0.08466355775713329,500.0,0.027792773464738695,4.242531691499445,2026-07-28,False,,,,pilot_observational,False
federal_ai_framework,Federal AI framework before 2027,KXAIBILL-26JUN-27JAN01,ai_jobs_regulation,homebuilders,Homebuilders,theme,market_conditioned,0.1,True,True,31,43,0.7380952380952381,7,0,0.075,0.115,3.0,6.0,2026-07-24,2026-09-04,estimated,-0.020341906036419194,-0.0013452697278063669,1.357631811026379,0.048466020306246214,0.038485668167651345,-0.09917622356779815,0.05849241149495976,-0.11962004816612733,0.07893623609328894,0.601277067384073,0.6778968871641301,0.19374011246800094,-0.08764673825552871,0.06429931750722312,500.0,0.009650038913319729,1.474392070047062,2026-07-28,False,0.8195183733234773,0.9915527907147141,0.9915527907147141,pilot_observational,False
federal_ai_framework,Federal AI framework before 2027,KXAIBILL-26JUN-27JAN01,ai_jobs_regulation,machinery_distribution,Machinery and distribution,theme,raw,0.1,True,False,31,43,0.7380952380952381,7,0,0.075,0.115,3.0,6.0,2026-07-24,2026-09-04,estimated,0.005901303573876135,0.0014616848944939709,,0.024327375198220622,0.013564277042264915,-0.02184075790706419,0.03364336505481646,-0.04385376529680864,0.05565637244456092,0.6667380125354867,0.8100392359065004,0.0016394128658531182,-0.032296314157065895,0.02517160136882053,500.0,0.007260731849923569,0.23036067523544212,2026-07-28,True,,,,pilot_observational,False
federal_ai_framework,Federal AI framework before 2027,KXAIBILL-26JUN-27JAN01,ai_jobs_regulation,machinery_distribution,Machinery and distribution,theme,market_conditioned,0.1,True,True,31,43,0.7380952380952381,7,0,0.075,0.115,3.0,6.0,2026-07-24,2026-09-04,estimated,-0.002299701398074173,0.00010174576045534017,0.9459124841349338,0.015636222545835892,0.010783961305719129,-0.024389644753552816,0.019790241957404472,-0.034329051331664244,0.0297296485355159,0.8326755275690705,0.8841265269563213,0.22715265015420494,-0.03651065474296732,0.01728341189392753,500.0,-0.006147703473977343,1.6732616152364748,2026-07-28,True,0.9285593761982361,0.9915527907147141,0.9915527907147141,pilot_observational,False
federal_ai_framework,Federal AI framework before 2027,KXAIBILL-26JUN-27JAN01,ai_jobs_regulation,managed_care,Managed care (UNH only),single_company_proxy,raw,0.1,True,False,31,43,0.7380952380952381,7,0,0.075,0.115,3.0,6.0,2026-07-24,2026-09-04,estimated,-0.02621413672418199,-0.002118577460418373,,0.04061612795173571,0.032054439885346,-0.09177282733965246,0.03934455389128848,-0.10928344555972654,0.056855172111362554,0.4201399110633782,0.5237343050804986,0.03857733179686984,-0.0870318215298797,0.04987332040900022,500.0,0.005460442416819062,1.2083014395733245,2026-07-28,False,,,,pilot_observational,False
federal_ai_framework,Federal AI framework before 2027,KXAIBILL-26JUN-27JAN01,ai_jobs_regulation,managed_care,Managed care (UNH only),single_company_proxy,market_conditioned,0.1,True,True,31,43,0.7380952380952381,7,0,0.075,0.115,3.0,6.0,2026-07-24,2026-09-04,estimated,-0.027160893782056682,-0.002275574313588781,0.10919994848796595,0.04126898950232399,0.03377810566876252,-0.09635220667026428,0.04203041910615093,-0.11169658661329016,0.057374799049176785,0.4281151178969767,0.5158215357984293,0.04216146078402705,-0.08537804940232854,0.055957554222096674,500.0,0.004921689787730305,1.1812050011027886,2026-07-28,False,0.737915968479999,0.9915527907147141,0.9915527907147141,pilot_observational,False
federal_ai_framework,Federal AI framework before 2027,KXAIBILL-26JUN-27JAN01,ai_jobs_regulation,hospitals,Hospitals (HCA only),single_company_proxy,raw,0.1,True,False,31,43,0.7380952380952381,7,0,0.075,0.115,3.0,6.0,2026-07-24,2026-09-04,estimated,-0.0623546942354586,0.0022783967266145405,,0.09104436983753231,0.06805411307436665,-0.20154098356420408,0.07683159509328687,-0.24856133817647236,0.12385194970555514,0.3670918451026928,0.49885595586318365,0.08012987829873885,-0.1753297736251158,0.049409375790789856,500.0,0.016776097105500997,1.2690430497847123,2026-07-28,False,,,,pilot_observational,False
federal_ai_framework,Federal AI framework before 2027,KXAIBILL-26JUN-27JAN01,ai_jobs_regulation,hospitals,Hospitals (HCA only),single_company_proxy,market_conditioned,0.1,True,True,31,43,0.7380952380952381,7,0,0.075,0.115,3.0,6.0,2026-07-24,2026-09-04,estimated,-0.06394651994018337,0.0020144307763647886,0.18360284036115554,0.09231978022833527,0.06967369269047156,-0.20666660964259254,0.07877356976222578,-0.25305501708887285,0.12516197720850608,0.36656215054945385,0.4942261867543814,0.08384944768170666,-0.17595517374136369,0.053495746770756594,500.0,0.016698762026359566,1.261136368984268,2026-07-28,False,0.6932070742235156,0.9915527907147141,0.9915527907147141,pilot_observational,False
federal_ai_framework,Federal AI framework before 2027,KXAIBILL-26JUN-27JAN01,ai_jobs_regulation,generators_minus_regulated,Generators minus regulated utilities,relative_return_contrast,raw,0.1,True,False,31,43,0.7380952380952381,7,0,0.075,0.115,3.0,6.0,2026-07-24,2026-09-04,estimated,0.15539276108729955,0.0025678165748885965,,0.02191889618630452,0.021768749419578036,0.11087066950221947,0.19991485267237963,0.11056358488424006,0.20022193729035903,7.423438901508342e-08,8.445484647494819e-08,0.3633343398171951,0.07649702461648224,0.18841941415368724,500.0,0.1536919485431975,0.010945249522572817,2026-07-28,True,,,,pilot_observational,True
federal_ai_framework,Federal AI framework before 2027,KXAIBILL-26JUN-27JAN01,ai_jobs_regulation,generators_minus_regulated,Generators minus regulated utilities,relative_return_contrast,market_conditioned,0.1,True,True,31,43,0.7380952380952381,7,0,0.075,0.115,3.0,6.0,2026-07-24,2026-09-04,estimated,0.1521488601361956,0.0020298937391581024,0.37415492582205945,0.028878875727441532,0.025315839211494204,0.10029171429483077,0.20400600597756044,0.09299316484908701,0.2113045554233042,1.781367770695939e-06,1.331472378683233e-05,0.37461216898007443,0.07412277519391514,0.19843226470819122,500.0,0.14831657653221123,0.025187724709563545,2026-07-28,True,0.00027686155970670984,0.0012249545883885743,0.0012249545883885743,pilot_observational,True
federal_ai_framework,Federal AI framework before 2027,KXAIBILL-26JUN-27JAN01,ai_jobs_regulation,equipment_minus_generators,Equipment minus generators,relative_return_contrast,raw,0.1,True,False,31,43,0.7380952380952381,7,0,0.075,0.115,3.0,6.0,2026-07-24,2026-09-04,estimated,-0.007633222944661293,-0.00032509516564067714,,0.05280010304474839,0.03225543727836846,-0.07360299938633269,0.058336553497010106,-0.11562155879944191,0.10035511291011934,0.8145925999976313,0.8860517408911639,0.0005379019895739301,-0.10225543968558326,0.034435286188949,500.0,-0.012378035109109056,0.6216001024529624,2026-07-28,True,,,,pilot_observational,False
federal_ai_framework,Federal AI framework before 2027,KXAIBILL-26JUN-27JAN01,ai_jobs_regulation,equipment_minus_generators,Equipment minus generators,relative_return_contrast,market_conditioned,0.1,True,True,31,43,0.7380952380952381,7,0,0.075,0.115,3.0,6.0,2026-07-24,2026-09-04,estimated,-0.03015698903520398,-0.004060119233694235,2.597914719921538,0.034191423239077465,0.02294261725004875,-0.07715281006167864,0.016838831991270675,-0.10019494458627418,0.03988096651586622,0.19935995678962898,0.3852837184429691,0.3341292173512125,-0.10060021045371073,0.007422636565468382,500.0,-0.04947529499177686,0.6405913380152611,2026-07-28,True,0.5709331656649559,0.9844175712667537,0.9844175712667537,pilot_observational,False
federal_ai_framework,Federal AI framework before 2027,KXAIBILL-26JUN-27JAN01,ai_jobs_regulation,hospitals_minus_managed_care,Hospitals minus managed care,relative_return_contrast,raw,0.1,True,False,31,43,0.7380952380952381,7,0,0.075,0.115,3.0,6.0,2026-07-24,2026-09-04,estimated,-0.036140557511276615,0.004396974187032915,,0.05741123142133586,0.04635698435760727,-0.1309512360393371,0.05867012101678385,-0.1535597098055332,0.08127859478297997,0.44193450077608365,0.5339479994909021,0.033100255611549056,-0.12239769959162707,0.0638414680580385,500.0,0.01131565468868193,1.3131012764579297,2026-07-28,False,,,,pilot_observational,False
federal_ai_framework,Federal AI framework before 2027,KXAIBILL-26JUN-27JAN01,ai_jobs_regulation,hospitals_minus_managed_care,Hospitals minus managed care,relative_return_contrast,market_conditioned,0.1,True,True,31,43,0.7380952380952381,7,0,0.075,0.115,3.0,6.0,2026-07-24,2026-09-04,estimated,-0.03678562615812668,0.004290005089953568,0.0744028918731895,0.05834485225725059,0.04651010754183535,-0.13205726261248713,0.05848601029623375,-0.15629963820886722,0.08272838589261387,0.43564107980082095,0.5334890292182323,0.03385135772118786,-0.12477394388321557,0.06278743074965364,500.0,0.011777072238629267,1.3201541870730797,2026-07-28,False,0.737915968479999,0.9915527907147141,0.9915527907147141,pilot_observational,False
federal_ai_framework,Federal AI framework before 2027,KXAIBILL-26JUN-27JAN01,ai_jobs_regulation,sector_technology,Technology sector,sector,raw,0.15,True,False,31,43,0.7380952380952381,7,0,0.075,0.115,3.0,6.0,2026-07-24,2026-09-04,estimated,0.03226436429030842,0.0018823257707379468,,0.024819601331386804,0.020575063550347862,-0.009816365571627177,0.07434509415224402,-0.018497420058560192,0.08302614863917704,0.12769914355679216,0.2038544121068612,0.02888362715647097,,,,0.01620998379767609,0.4975886196975141,2026-07-28,True,,,,pilot_observational,False
federal_ai_framework,Federal AI framework before 2027,KXAIBILL-26JUN-27JAN01,ai_jobs_regulation,sector_technology,Technology sector,sector,market_conditioned,0.15,True,False,31,43,0.7380952380952381,7,0,0.075,0.115,3.0,6.0,2026-07-24,2026-09-04,estimated,0.01490627058609931,-0.0009960959594527293,2.0021006683636586,0.04160309380328778,0.03210892574275561,-0.05086588222073449,0.0806784233929331,-0.07031380388133289,0.1001263450535315,0.6460647185077618,0.7228082119596483,0.6243469606742542,,,,-0.012776239039408197,1.8571049992425703,2026-07-28,False,,,,pilot_observational,False
federal_ai_framework,Federal AI framework before 2027,KXAIBILL-26JUN-27JAN01,ai_jobs_regulation,sector_consumer_discretionary,Consumer discretionary sector,sector,raw,0.15,True,False,31,43,0.7380952380952381,7,0,0.075,0.115,3.0,6.0,2026-07-24,2026-09-04,estimated,-0.0012685548020814536,0.0018371614754164674,,0.03452528756807988,0.025511906155685896,-0.053446261498998046,0.050909151894835136,-0.07188069633947414,0.06934358673531124,0.960683204780152,0.9709418650607059,0.0001118395599443156,,,,0.017747176095479003,14.990074426709286,2026-07-28,False,,,,pilot_observational,False
federal_ai_framework,Federal AI framework before 2027,KXAIBILL-26JUN-27JAN01,ai_jobs_regulation,sector_consumer_discretionary,Consumer discretionary sector,sector,market_conditioned,0.15,True,False,31,43,0.7380952380952381,7,0,0.075,0.115,3.0,6.0,2026-07-24,2026-09-04,estimated,-0.008791297411748595,0.000589695816612788,0.8676809944337489,0.022445807705494706,0.018426013516286244,-0.046535275093325064,0.02895268026982787,-0.0547694502190467,0.03718685539554951,0.6369844016618418,0.6982688204698442,0.2802516625389633,,,,0.00601662404234941,1.6843840858243357,2026-07-28,False,,,,pilot_observational,False
federal_ai_framework,Federal AI framework before 2027,KXAIBILL-26JUN-27JAN01,ai_jobs_regulation,sector_communications,Communication services sector,sector,raw,0.15,True,False,31,43,0.7380952380952381,7,0,0.075,0.115,3.0,6.0,2026-07-24,2026-09-04,estimated,0.0008700967316344465,0.0020535274900657656,,0.05075552989597002,0.03598034225758901,-0.07271796578766652,0.07445815925093542,-0.10293661751375607,0.10467681097702497,0.9808726262093015,0.986440019941412,4.852461017712528e-05,,,,0.026384781480950012,29.32396344184297,2026-07-28,True,,,,pilot_observational,False
federal_ai_framework,Federal AI framework before 2027,KXAIBILL-26JUN-27JAN01,ai_jobs_regulation,sector_communications,Communication services sector,sector,market_conditioned,0.15,True,False,31,43,0.7380952380952381,7,0,0.075,0.115,3.0,6.0,2026-07-24,2026-09-04,estimated,-0.002976660855529215,0.0014156354024696038,0.4436890402559473,0.045678824101632196,0.032329779503896344,-0.06920121208397603,0.06324789037291761,-0.09654549037412138,0.09059216866306297,0.9272965897022817,0.9485056647549991,0.06760423743038069,,,,0.020891974164089055,8.018594048187163,2026-07-28,False,,,,pilot_observational,False
federal_ai_framework,Federal AI framework before 2027,KXAIBILL-26JUN-27JAN01,ai_jobs_regulation,sector_industrials,Industrials sector,sector,raw,0.15,True,False,31,43,0.7380952380952381,7,0,0.075,0.115,3.0,6.0,2026-07-24,2026-09-04,estimated,0.01761703066934787,-0.0010670155696976148,,0.024478487647997385,0.01501209793224294,-0.01308615701227446,0.0483202183509702,-0.032447097862915636,0.06768115920161137,0.2501348486945001,0.4774736736455079,0.02831997858223012,,,,0.021361123737925897,0.21252690869707275,2026-07-28,True,,,,pilot_observational,False
federal_ai_framework,Federal AI framework before 2027,KXAIBILL-26JUN-27JAN01,ai_jobs_regulation,sector_industrials,Industrials sector,sector,market_conditioned,0.15,True,False,31,43,0.7380952380952381,7,0,0.075,0.115,3.0,6.0,2026-07-24,2026-09-04,estimated,0.008212804068110821,-0.002626480028520876,1.0846933243144317,0.009117151355868549,0.005509616798815561,-0.003073134331138032,0.019498742467359675,-0.010462833882078517,0.02688844201830016,0.14723883483686162,0.37537347769221313,0.6031231192115023,,,,0.006055420460892577,0.26268538605408415,2026-07-28,True,,,,pilot_observational,False
federal_ai_framework,Federal AI framework before 2027,KXAIBILL-26JUN-27JAN01,ai_jobs_regulation,sector_utilities,Utilities sector,sector,raw,0.15,True,False,31,43,0.7380952380952381,7,0,0.075,0.115,3.0,6.0,2026-07-24,2026-09-04,estimated,-0.006441082651238914,-0.0022448557960475014,,0.013256407427535451,0.010721279116500079,-0.028368560501883203,0.015486395199405374,-0.03355348007022256,0.020671314767744732,0.5526564236586148,0.6307002990791181,0.006066695421311663,,,,-0.01126377531426176,0.7487394471013691,2026-07-28,True,,,,pilot_observational,False
federal_ai_framework,Federal AI framework before 2027,KXAIBILL-26JUN-27JAN01,ai_jobs_regulation,sector_utilities,Utilities sector,sector,market_conditioned,0.15,True,False,31,43,0.7380952380952381,7,0,0.075,0.115,3.0,6.0,2026-07-24,2026-09-04,estimated,-0.007264948721237198,-0.0023814741389980767,0.09502557351592902,0.013250219097176306,0.010579664843405296,-0.028936409744268685,0.014406512301794287,-0.03440679215024489,0.019876894707770494,0.49792622532545416,0.5878387975953995,0.013136267789075617,,,,-0.012769567228331015,0.757695438510459,2026-07-28,True,,,,pilot_observational,False
federal_ai_framework,Federal AI framework before 2027,KXAIBILL-26JUN-27JAN01,ai_jobs_regulation,sector_real_estate,Real estate sector,sector,raw,0.15,True,False,31,43,0.7380952380952381,7,0,0.075,0.115,3.0,6.0,2026-07-24,2026-09-04,estimated,-0.01835704197868757,-0.0007961242152019482,,0.01675685959933801,0.012218487742333143,-0.04334665529134241,0.006632571333967274,-0.05262866794030961,0.01591458398293447,0.14380614896215943,0.28231511583293023,0.04811857274438891,,,,-0.017219738121147448,0.06195463620231001,2026-07-28,True,,,,pilot_observational,False
federal_ai_framework,Federal AI framework before 2027,KXAIBILL-26JUN-27JAN01,ai_jobs_regulation,sector_real_estate,Real estate sector,sector,market_conditioned,0.15,True,False,31,43,0.7380952380952381,7,0,0.075,0.115,3.0,6.0,2026-07-24,2026-09-04,estimated,-0.019601917970398224,-0.0010025569126509623,0.14358529787343077,0.01549144238821706,0.012247400358955456,-0.044689580334108234,0.005485744393311783,-0.051334699195131644,0.012130863254335197,0.12071259375154067,0.2161789561664394,0.06388034252957664,,,,-0.01922527054623033,0.019214825035829938,2026-07-28,True,,,,pilot_observational,False
federal_ai_framework,Federal AI framework before 2027,KXAIBILL-26JUN-27JAN01,ai_jobs_regulation,sector_energy,Energy sector,sector,raw,0.15,True,False,31,43,0.7380952380952381,7,0,0.075,0.115,3.0,6.0,2026-07-24,2026-09-04,estimated,0.017218701429064766,0.0026295573213583564,,0.04647359172659832,0.03289830993569611,-0.05006589722748977,0.08450330008561929,-0.0778304659465473,0.11226786880467682,0.604678530328787,0.7136987571549941,0.014400093410971815,,,,0.0005882549658881533,0.9658362758474229,2026-07-28,True,,,,pilot_observational,False
federal_ai_framework,Federal AI framework before 2027,KXAIBILL-26JUN-27JAN01,ai_jobs_regulation,sector_energy,Energy sector,sector,market_conditioned,0.15,True,False,31,43,0.7380952380952381,7,0,0.075,0.115,3.0,6.0,2026-07-24,2026-09-04,estimated,0.023506543833916774,0.0036722445266792747,-0.7252463142463001,0.03774024146967365,0.029006915769110353,-0.035911429588982,0.08292451725681554,-0.05380083632563981,0.10081392399347336,0.42455780531187953,0.5384228271783869,0.1511771573952001,,,,0.010369597100019917,0.558863388285181,2026-07-28,True,,,,pilot_observational,False
federal_ai_framework,Federal AI framework before 2027,KXAIBILL-26JUN-27JAN01,ai_jobs_regulation,sector_financials,Financials sector,sector,raw,0.15,True,False,31,43,0.7380952380952381,7,0,0.075,0.115,3.0,6.0,2026-07-24,2026-09-04,estimated,-0.021632062011861703,0.0012114302134562235,,0.023791113517209524,0.0170242749841389,-0.056450613845240846,0.013186489821517444,-0.07029035259660267,0.027026228572879268,0.2139489953722855,0.37071352358458776,0.07423801588059753,,,,-0.014138006881474185,0.34643276846554133,2026-07-28,True,,,,pilot_observational,False
federal_ai_framework,Federal AI framework before 2027,KXAIBILL-26JUN-27JAN01,ai_jobs_regulation,sector_financials,Financials sector,sector,market_conditioned,0.15,True,False,31,43,0.7380952380952381,7,0,0.075,0.115,3.0,6.0,2026-07-24,2026-09-04,estimated,-0.02724718148889586,0.00028029790159453627,0.6476537487054725,0.01477067774458324,0.012546707290120368,-0.05294794630799289,-0.0015464166697988294,-0.05750354327005626,0.0030091802922645357,0.03850784204823335,0.0756875415551286,0.4305200990367962,,,,-0.02310843389225662,0.15189635663145262,2026-07-28,True,,,,pilot_observational,False
federal_ai_framework,Federal AI framework before 2027,KXAIBILL-26JUN-27JAN01,ai_jobs_regulation,sector_healthcare,Healthcare sector,sector,raw,0.15,True,False,31,43,0.7380952380952381,7,0,0.075,0.115,3.0,6.0,2026-07-24,2026-09-04,estimated,-0.010348704959051365,0.001954486987055255,,0.031043686288781656,0.02425223247547637,-0.059950089705789036,0.039252679787686304,-0.0738401723579362,0.05314276243983347,0.6727407038348843,0.7412613159433387,0.008057626089759795,,,,0.017715705120016106,2.7118765285236286,2026-07-28,False,,,,pilot_observational,False
federal_ai_framework,Federal AI framework before 2027,KXAIBILL-26JUN-27JAN01,ai_jobs_regulation,sector_healthcare,Healthcare sector,sector,market_conditioned,0.15,True,False,31,43,0.7380952380952381,7,0,0.075,0.115,3.0,6.0,2026-07-24,2026-09-04,estimated,-0.010101656650851882,0.001995453998228596,-0.028494810051887393,0.032231377824317564,0.024872237579441202,-0.06105012574100733,0.04084681243930357,-0.07612464117608489,0.05592132787438112,0.6877257404416154,0.7562915532450986,0.008384698815304459,,,,0.0190195353892224,2.8828134875895297,2026-07-28,False,,,,pilot_observational,False
federal_ai_framework,Federal AI framework before 2027,KXAIBILL-26JUN-27JAN01,ai_jobs_regulation,sector_staples,Consumer staples sector,sector,raw,0.15,True,False,31,43,0.7380952380952381,7,0,0.075,0.115,3.0,6.0,2026-07-24,2026-09-04,estimated,-0.04427640230318223,0.00036010321301689754,,0.022025370848397143,0.01723000492852086,-0.07951571911708567,-0.009037085489278784,-0.0893233436412896,0.0007705390349251467,0.015582649111689153,0.05378766788384687,0.19468076167289672,,,,-0.0347936740449758,0.21417115585122617,2026-07-28,True,,,,pilot_observational,False
federal_ai_framework,Federal AI framework before 2027,KXAIBILL-26JUN-27JAN01,ai_jobs_regulation,sector_staples,Consumer staples sector,sector,market_conditioned,0.15,True,False,31,43,0.7380952380952381,7,0,0.075,0.115,3.0,6.0,2026-07-24,2026-09-04,estimated,-0.043596639298278464,0.00047282553368395436,-0.07840457538932877,0.024507913056595197,0.01808159364836952,-0.08063510486263814,-0.006558173733918787,-0.093798823433905,0.006605544837348078,0.0227131332211211,0.08611950616020542,0.19794918949935292,,,,-0.033375041000936065,0.23445840004796029,2026-07-28,True,,,,pilot_observational,False
federal_ai_framework,Federal AI framework before 2027,KXAIBILL-26JUN-27JAN01,ai_jobs_regulation,cloud_platforms,Cloud platforms,theme,raw,0.15,True,False,31,43,0.7380952380952381,7,0,0.075,0.115,3.0,6.0,2026-07-24,2026-09-04,estimated,0.04148243268717192,0.00530232422883889,,0.05723430810667306,0.04137931141444222,-0.04314776158868545,0.1261126269630293,-0.07557487079955191,0.15853973617389577,0.32439793382805304,0.474393121539618,0.03100324683063338,,,,0.06766343422977972,0.6311346718753078,2026-07-28,True,,,,pilot_observational,False
federal_ai_framework,Federal AI framework before 2027,KXAIBILL-26JUN-27JAN01,ai_jobs_regulation,cloud_platforms,Cloud platforms,theme,market_conditioned,0.15,True,False,31,43,0.7380952380952381,7,0,0.075,0.115,3.0,6.0,2026-07-24,2026-09-04,estimated,0.026383320922711638,0.0027985002404442853,1.7415473306261247,0.03285396659080402,0.02659004578229135,-0.028083918758396505,0.08085056060381979,-0.04091497887819371,0.09368162072361699,0.3295852936031231,0.42871133006582424,0.32357136983129386,,,,0.043734924626170305,0.6576732229535908,2026-07-28,True,,,,pilot_observational,False
federal_ai_framework,Federal AI framework before 2027,KXAIBILL-26JUN-27JAN01,ai_jobs_regulation,electrical_equipment,Electrical equipment,theme,raw,0.15,True,False,31,43,0.7380952380952381,7,0,0.075,0.115,3.0,6.0,2026-07-24,2026-09-04,estimated,0.1243575498950182,-1.4539184170694799e-05,,0.06439358973560458,0.04752264416710806,0.02716282937192395,0.22155227041811243,-0.007342128595572497,0.2560572283856089,0.01395117768318983,0.06328390104721397,0.1067942892407917,,,,0.10989134483645334,0.11632751747503171,2026-07-28,True,,,,pilot_observational,False
federal_ai_framework,Federal AI framework before 2027,KXAIBILL-26JUN-27JAN01,ai_jobs_regulation,electrical_equipment,Electrical equipment,theme,market_conditioned,0.15,True,False,31,43,0.7380952380952381,7,0,0.075,0.115,3.0,6.0,2026-07-24,2026-09-04,estimated,0.09833919306475553,-0.004329056950941518,3.0009844679523474,0.04316932177782487,0.033604999657930415,0.029502471765424088,0.16717591436408696,0.009910846028602038,0.186767540100909,0.00673486784883686,0.03055930993651343,0.43976720497793464,,,,0.06675069797188835,0.32121979150333707,2026-07-28,True,,,,pilot_observational,False
federal_ai_framework,Federal AI framework before 2027,KXAIBILL-26JUN-27JAN01,ai_jobs_regulation,regulated_utilities,Regulated utilities,theme,raw,0.15,True,False,31,43,0.7380952380952381,7,0,0.075,0.115,3.0,6.0,2026-07-24,2026-09-04,estimated,-0.02340198824762008,-0.0022572605934186134,,0.01879270574775208,0.014528932137539249,-0.05311699092384982,0.006313014428609657,-0.06183738709880027,0.015033410603560112,0.11807409228453195,0.22300107397505103,0.05617110099622469,,,,-0.031422568597635044,0.3427307229261016,2026-07-28,True,,,,pilot_observational,False
federal_ai_framework,Federal AI framework before 2027,KXAIBILL-26JUN-27JAN01,ai_jobs_regulation,regulated_utilities,Regulated utilities,theme,market_conditioned,0.15,True,False,31,43,0.7380952380952381,7,0,0.075,0.115,3.0,6.0,2026-07-24,2026-09-04,estimated,-0.02365267803623607,-0.0022988314564053834,0.028914822208749788,0.019399635436924103,0.014863724000155454,-0.0540996364318279,0.006794280359355757,-0.06339102981345553,0.01608567374098339,0.12277007436230156,0.23292758930254198,0.05663022095540515,,,,-0.03209058356854602,0.3567420788201244,2026-07-28,True,,,,pilot_observational,False
federal_ai_framework,Federal AI framework before 2027,KXAIBILL-26JUN-27JAN01,ai_jobs_regulation,power_generators,Power generators,theme,raw,0.15,True,False,31,43,0.7380952380952381,7,0,0.075,0.115,3.0,6.0,2026-07-24,2026-09-04,estimated,0.13199077283967947,0.00031055598146998266,,0.02811705185917905,0.027984812953009378,0.07475540385864544,0.1892261418207135,0.07448494492790403,0.1894966007514549,5.574718648021995e-05,5.9284760304501266e-05,0.289065487707314,,,,0.12226937994556245,0.07365206434486873,2026-07-28,True,,,,pilot_observational,False
federal_ai_framework,Federal AI framework before 2027,KXAIBILL-26JUN-27JAN01,ai_jobs_regulation,power_generators,Power generators,theme,market_conditioned,0.15,True,False,31,43,0.7380952380952381,7,0,0.075,0.115,3.0,6.0,2026-07-24,2026-09-04,estimated,0.12849618209995953,-0.0002689377172472806,0.40306974803080897,0.03183310109273285,0.029841695728974642,0.0673682394454472,0.18962412475447185,0.06328903047611552,0.19370333372380355,0.00018411970654637198,0.0003809419875372135,0.30349817511000843,,,,0.11622599296366519,0.09549069035178907,2026-07-28,True,,,,pilot_observational,False
federal_ai_framework,Federal AI framework before 2027,KXAIBILL-26JUN-27JAN01,ai_jobs_regulation,data_center_reits,Data-center REITs,theme,raw,0.15,True,False,31,43,0.7380952380952381,7,0,0.075,0.115,3.0,6.0,2026-07-24,2026-09-04,estimated,0.004579802640696707,0.001182074372182543,,0.03235070196619527,0.023387092430908207,-0.04325217204229415,0.05241177732368756,-0.06158481196436661,0.07074441724576003,0.8461120177144703,0.8884006510342396,0.0004193823234714955,,,,-0.013706930100099496,3.9929084669059707,2026-07-28,False,,,,pilot_observational,False
federal_ai_framework,Federal AI framework before 2027,KXAIBILL-26JUN-27JAN01,ai_jobs_regulation,data_center_reits,Data-center REITs,theme,market_conditioned,0.15,True,False,31,43,0.7380952380952381,7,0,0.075,0.115,3.0,6.0,2026-07-24,2026-09-04,estimated,-0.005080447050685482,-0.00041984534922094265,1.1142232950952566,0.03150097743090355,0.02119429488710307,-0.04849499206274187,0.0383340979613709,-0.06960727419367915,0.05944638009230818,0.8123026011178607,0.8730317245943839,0.13332359930837845,,,,-0.03013799399139165,4.932153940532707,2026-07-28,True,,,,pilot_observational,False
federal_ai_framework,Federal AI framework before 2027,KXAIBILL-26JUN-27JAN01,ai_jobs_regulation,integrated_energy,Integrated energy,theme,raw,0.15,True,False,31,43,0.7380952380952381,7,0,0.075,0.115,3.0,6.0,2026-07-24,2026-09-04,estimated,0.021178296860773306,0.0018661100743824393,,0.0424091737422227,0.029330165407664133,-0.03880862683963662,0.08116522056118324,-0.06555820237517648,0.10791479609672311,0.47603679452077663,0.6212792841897983,0.019400633224752162,,,,0.009885379409860232,0.5332306712458049,2026-07-28,True,,,,pilot_observational,False
federal_ai_framework,Federal AI framework before 2027,KXAIBILL-26JUN-27JAN01,ai_jobs_regulation,integrated_energy,Integrated energy,theme,market_conditioned,0.15,True,False,31,43,0.7380952380952381,7,0,0.075,0.115,3.0,6.0,2026-07-24,2026-09-04,estimated,0.029510947432988446,0.0032478794602300246,-0.9610966252490852,0.031068201631825075,0.024328535514829146,-0.020323798465006843,0.07934569333098374,-0.03412937867237674,0.09315127353835363,0.23525777062274345,0.35030254116955967,0.23331780327297602,,,,0.023191687827120822,0.21413272549846088,2026-07-28,True,,,,pilot_observational,False
federal_ai_framework,Federal AI framework before 2027,KXAIBILL-26JUN-27JAN01,ai_jobs_regulation,homebuilders,Homebuilders,theme,raw,0.15,True,False,31,43,0.7380952380952381,7,0,0.075,0.115,3.0,6.0,2026-07-24,2026-09-04,estimated,-0.008571318990528192,0.0006065986113867766,,0.06742599596318444,0.04818102651802457,-0.1071125826135739,0.0899699446325175,-0.14647296458475303,0.12933032660369667,0.8600397538144717,0.8997213012757389,0.0014316995584213732,,,,0.027792773464738695,4.242531691499445,2026-07-28,False,,,,pilot_observational,False
federal_ai_framework,Federal AI framework before 2027,KXAIBILL-26JUN-27JAN01,ai_jobs_regulation,homebuilders,Homebuilders,theme,market_conditioned,0.15,True,False,31,43,0.7380952380952381,7,0,0.075,0.115,3.0,6.0,2026-07-24,2026-09-04,estimated,-0.020341906036419194,-0.0013452697278063669,1.357631811026379,0.048466020306246214,0.038485668167651345,-0.09917622356779815,0.05849241149495976,-0.11962004816612733,0.07893623609328894,0.601277067384073,0.6778968871641301,0.19374011246800094,,,,0.009650038913319729,1.474392070047062,2026-07-28,False,,,,pilot_observational,False
federal_ai_framework,Federal AI framework before 2027,KXAIBILL-26JUN-27JAN01,ai_jobs_regulation,machinery_distribution,Machinery and distribution,theme,raw,0.15,True,False,31,43,0.7380952380952381,7,0,0.075,0.115,3.0,6.0,2026-07-24,2026-09-04,estimated,0.005901303573876135,0.0014616848944939709,,0.024327375198220622,0.013564277042264915,-0.02184075790706419,0.03364336505481646,-0.04385376529680864,0.05565637244456092,0.6667380125354867,0.8100392359065004,0.0016394128658531182,,,,0.007260731849923569,0.23036067523544212,2026-07-28,True,,,,pilot_observational,False
federal_ai_framework,Federal AI framework before 2027,KXAIBILL-26JUN-27JAN01,ai_jobs_regulation,machinery_distribution,Machinery and distribution,theme,market_conditioned,0.15,True,False,31,43,0.7380952380952381,7,0,0.075,0.115,3.0,6.0,2026-07-24,2026-09-04,estimated,-0.002299701398074173,0.00010174576045534017,0.9459124841349338,0.015636222545835892,0.010783961305719129,-0.024389644753552816,0.019790241957404472,-0.034329051331664244,0.0297296485355159,0.8326755275690705,0.8841265269563213,0.22715265015420494,,,,-0.006147703473977343,1.6732616152364748,2026-07-28,True,,,,pilot_observational,False
federal_ai_framework,Federal AI framework before 2027,KXAIBILL-26JUN-27JAN01,ai_jobs_regulation,managed_care,Managed care (UNH only),single_company_proxy,raw,0.15,True,False,31,43,0.7380952380952381,7,0,0.075,0.115,3.0,6.0,2026-07-24,2026-09-04,estimated,-0.02621413672418199,-0.002118577460418373,,0.04061612795173571,0.032054439885346,-0.09177282733965246,0.03934455389128848,-0.10928344555972654,0.056855172111362554,0.4201399110633782,0.5237343050804986,0.03857733179686984,,,,0.005460442416819062,1.2083014395733245,2026-07-28,False,,,,pilot_observational,False
federal_ai_framework,Federal AI framework before 2027,KXAIBILL-26JUN-27JAN01,ai_jobs_regulation,managed_care,Managed care (UNH only),single_company_proxy,market_conditioned,0.15,True,False,31,43,0.7380952380952381,7,0,0.075,0.115,3.0,6.0,2026-07-24,2026-09-04,estimated,-0.027160893782056682,-0.002275574313588781,0.10919994848796595,0.04126898950232399,0.03377810566876252,-0.09635220667026428,0.04203041910615093,-0.11169658661329016,0.057374799049176785,0.4281151178969767,0.5158215357984293,0.04216146078402705,,,,0.004921689787730305,1.1812050011027886,2026-07-28,False,,,,pilot_observational,False
federal_ai_framework,Federal AI framework before 2027,KXAIBILL-26JUN-27JAN01,ai_jobs_regulation,hospitals,Hospitals (HCA only),single_company_proxy,raw,0.15,True,False,31,43,0.7380952380952381,7,0,0.075,0.115,3.0,6.0,2026-07-24,2026-09-04,estimated,-0.0623546942354586,0.0022783967266145405,,0.09104436983753231,0.06805411307436665,-0.20154098356420408,0.07683159509328687,-0.24856133817647236,0.12385194970555514,0.3670918451026928,0.49885595586318365,0.08012987829873885,,,,0.016776097105500997,1.2690430497847123,2026-07-28,False,,,,pilot_observational,False
federal_ai_framework,Federal AI framework before 2027,KXAIBILL-26JUN-27JAN01,ai_jobs_regulation,hospitals,Hospitals (HCA only),single_company_proxy,market_conditioned,0.15,True,False,31,43,0.7380952380952381,7,0,0.075,0.115,3.0,6.0,2026-07-24,2026-09-04,estimated,-0.06394651994018337,0.0020144307763647886,0.18360284036115554,0.09231978022833527,0.06967369269047156,-0.20666660964259254,0.07877356976222578,-0.25305501708887285,0.12516197720850608,0.36656215054945385,0.4942261867543814,0.08384944768170666,,,,0.016698762026359566,1.261136368984268,2026-07-28,False,,,,pilot_observational,False
federal_ai_framework,Federal AI framework before 2027,KXAIBILL-26JUN-27JAN01,ai_jobs_regulation,generators_minus_regulated,Generators minus regulated utilities,relative_return_contrast,raw,0.15,True,False,31,43,0.7380952380952381,7,0,0.075,0.115,3.0,6.0,2026-07-24,2026-09-04,estimated,0.15539276108729955,0.0025678165748885965,,0.02191889618630452,0.021768749419578036,0.11087066950221947,0.19991485267237963,0.11056358488424006,0.20022193729035903,7.423438901508342e-08,8.445484647494819e-08,0.3633343398171951,,,,0.1536919485431975,0.010945249522572817,2026-07-28,True,,,,pilot_observational,False
federal_ai_framework,Federal AI framework before 2027,KXAIBILL-26JUN-27JAN01,ai_jobs_regulation,generators_minus_regulated,Generators minus regulated utilities,relative_return_contrast,market_conditioned,0.15,True,False,31,43,0.7380952380952381,7,0,0.075,0.115,3.0,6.0,2026-07-24,2026-09-04,estimated,0.1521488601361956,0.0020298937391581024,0.37415492582205945,0.028878875727441532,0.025315839211494204,0.10029171429483077,0.20400600597756044,0.09299316484908701,0.2113045554233042,1.781367770695939e-06,1.331472378683233e-05,0.37461216898007443,,,,0.14831657653221123,0.025187724709563545,2026-07-28,True,,,,pilot_observational,False
federal_ai_framework,Federal AI framework before 2027,KXAIBILL-26JUN-27JAN01,ai_jobs_regulation,equipment_minus_generators,Equipment minus generators,relative_return_contrast,raw,0.15,True,False,31,43,0.7380952380952381,7,0,0.075,0.115,3.0,6.0,2026-07-24,2026-09-04,estimated,-0.007633222944661293,-0.00032509516564067714,,0.05280010304474839,0.03225543727836846,-0.07360299938633269,0.058336553497010106,-0.11562155879944191,0.10035511291011934,0.8145925999976313,0.8860517408911639,0.0005379019895739301,,,,-0.012378035109109056,0.6216001024529624,2026-07-28,True,,,,pilot_observational,False
federal_ai_framework,Federal AI framework before 2027,KXAIBILL-26JUN-27JAN01,ai_jobs_regulation,equipment_minus_generators,Equipment minus generators,relative_return_contrast,market_conditioned,0.15,True,False,31,43,0.7380952380952381,7,0,0.075,0.115,3.0,6.0,2026-07-24,2026-09-04,estimated,-0.03015698903520398,-0.004060119233694235,2.597914719921538,0.034191423239077465,0.02294261725004875,-0.07715281006167864,0.016838831991270675,-0.10019494458627418,0.03988096651586622,0.19935995678962898,0.3852837184429691,0.3341292173512125,,,,-0.04947529499177686,0.6405913380152611,2026-07-28,True,,,,pilot_observational,False
federal_ai_framework,Federal AI framework before 2027,KXAIBILL-26JUN-27JAN01,ai_jobs_regulation,hospitals_minus_managed_care,Hospitals minus managed care,relative_return_contrast,raw,0.15,True,False,31,43,0.7380952380952381,7,0,0.075,0.115,3.0,6.0,2026-07-24,2026-09-04,estimated,-0.036140557511276615,0.004396974187032915,,0.05741123142133586,0.04635698435760727,-0.1309512360393371,0.05867012101678385,-0.1535597098055332,0.08127859478297997,0.44193450077608365,0.5339479994909021,0.033100255611549056,,,,0.01131565468868193,1.3131012764579297,2026-07-28,False,,,,pilot_observational,False
federal_ai_framework,Federal AI framework before 2027,KXAIBILL-26JUN-27JAN01,ai_jobs_regulation,hospitals_minus_managed_care,Hospitals minus managed care,relative_return_contrast,market_conditioned,0.15,True,False,31,43,0.7380952380952381,7,0,0.075,0.115,3.0,6.0,2026-07-24,2026-09-04,estimated,-0.03678562615812668,0.004290005089953568,0.0744028918731895,0.05834485225725059,0.04651010754183535,-0.13205726261248713,0.05848601029623375,-0.15629963820886722,0.08272838589261387,0.43564107980082095,0.5334890292182323,0.03385135772118786,,,,0.011777072238629267,1.3201541870730797,2026-07-28,False,,,,pilot_observational,False
election_gas_four,Election-day gasoline above $4,KXAAAGASED-26NOV03-4.00,energy_iran,sector_technology,Technology sector,sector,raw,0.05,True,False,14,43,0.3333333333333333,10,3,0.2,0.565,21.999999999999996,1.4999999999999951,2026-07-15,2026-09-04,insufficient_observations,,,,,,,,,,,,,,,,,,,,,,,insufficient_evidence,False
election_gas_four,Election-day gasoline above $4,KXAAAGASED-26NOV03-4.00,energy_iran,sector_technology,Technology sector,sector,market_conditioned,0.05,True,False,14,43,0.3333333333333333,10,3,0.2,0.565,21.999999999999996,1.4999999999999951,2026-07-15,2026-09-04,insufficient_observations,,,,,,,,,,,,,,,,,,,,,,,insufficient_evidence,False
election_gas_four,Election-day gasoline above $4,KXAAAGASED-26NOV03-4.00,energy_iran,sector_consumer_discretionary,Consumer discretionary sector,sector,raw,0.05,True,False,14,43,0.3333333333333333,10,3,0.2,0.565,21.999999999999996,1.4999999999999951,2026-07-15,2026-09-04,insufficient_observations,,,,,,,,,,,,,,,,,,,,,,,insufficient_evidence,False
election_gas_four,Election-day gasoline above $4,KXAAAGASED-26NOV03-4.00,energy_iran,sector_consumer_discretionary,Consumer discretionary sector,sector,market_conditioned,0.05,True,False,14,43,0.3333333333333333,10,3,0.2,0.565,21.999999999999996,1.4999999999999951,2026-07-15,2026-09-04,insufficient_observations,,,,,,,,,,,,,,,,,,,,,,,insufficient_evidence,False
election_gas_four,Election-day gasoline above $4,KXAAAGASED-26NOV03-4.00,energy_iran,sector_communications,Communication services sector,sector,raw,0.05,True,False,14,43,0.3333333333333333,10,3,0.2,0.565,21.999999999999996,1.4999999999999951,2026-07-15,2026-09-04,insufficient_observations,,,,,,,,,,,,,,,,,,,,,,,insufficient_evidence,False
election_gas_four,Election-day gasoline above $4,KXAAAGASED-26NOV03-4.00,energy_iran,sector_communications,Communication services sector,sector,market_conditioned,0.05,True,False,14,43,0.3333333333333333,10,3,0.2,0.565,21.999999999999996,1.4999999999999951,2026-07-15,2026-09-04,insufficient_observations,,,,,,,,,,,,,,,,,,,,,,,insufficient_evidence,False
election_gas_four,Election-day gasoline above $4,KXAAAGASED-26NOV03-4.00,energy_iran,sector_industrials,Industrials sector,sector,raw,0.05,True,False,14,43,0.3333333333333333,10,3,0.2,0.565,21.999999999999996,1.4999999999999951,2026-07-15,2026-09-04,insufficient_observations,,,,,,,,,,,,,,,,,,,,,,,insufficient_evidence,False
election_gas_four,Election-day gasoline above $4,KXAAAGASED-26NOV03-4.00,energy_iran,sector_industrials,Industrials sector,sector,market_conditioned,0.05,True,False,14,43,0.3333333333333333,10,3,0.2,0.565,21.999999999999996,1.4999999999999951,2026-07-15,2026-09-04,insufficient_observations,,,,,,,,,,,,,,,,,,,,,,,insufficient_evidence,False
election_gas_four,Election-day gasoline above $4,KXAAAGASED-26NOV03-4.00,energy_iran,sector_utilities,Utilities sector,sector,raw,0.05,True,False,14,43,0.3333333333333333,10,3,0.2,0.565,21.999999999999996,1.4999999999999951,2026-07-15,2026-09-04,insufficient_observations,,,,,,,,,,,,,,,,,,,,,,,insufficient_evidence,False
election_gas_four,Election-day gasoline above $4,KXAAAGASED-26NOV03-4.00,energy_iran,sector_utilities,Utilities sector,sector,market_conditioned,0.05,True,False,14,43,0.3333333333333333,10,3,0.2,0.565,21.999999999999996,1.4999999999999951,2026-07-15,2026-09-04,insufficient_observations,,,,,,,,,,,,,,,,,,,,,,,insufficient_evidence,False
election_gas_four,Election-day gasoline above $4,KXAAAGASED-26NOV03-4.00,energy_iran,sector_real_estate,Real estate sector,sector,raw,0.05,True,False,14,43,0.3333333333333333,10,3,0.2,0.565,21.999999999999996,1.4999999999999951,2026-07-15,2026-09-04,insufficient_observations,,,,,,,,,,,,,,,,,,,,,,,insufficient_evidence,False
election_gas_four,Election-day gasoline above $4,KXAAAGASED-26NOV03-4.00,energy_iran,sector_real_estate,Real estate sector,sector,market_conditioned,0.05,True,False,14,43,0.3333333333333333,10,3,0.2,0.565,21.999999999999996,1.4999999999999951,2026-07-15,2026-09-04,insufficient_observations,,,,,,,,,,,,,,,,,,,,,,,insufficient_evidence,False
election_gas_four,Election-day gasoline above $4,KXAAAGASED-26NOV03-4.00,energy_iran,sector_energy,Energy sector,sector,raw,0.05,True,False,14,43,0.3333333333333333,10,3,0.2,0.565,21.999999999999996,1.4999999999999951,2026-07-15,2026-09-04,insufficient_observations,,,,,,,,,,,,,,,,,,,,,,,insufficient_evidence,False
election_gas_four,Election-day gasoline above $4,KXAAAGASED-26NOV03-4.00,energy_iran,sector_energy,Energy sector,sector,market_conditioned,0.05,True,False,14,43,0.3333333333333333,10,3,0.2,0.565,21.999999999999996,1.4999999999999951,2026-07-15,2026-09-04,insufficient_observations,,,,,,,,,,,,,,,,,,,,,,,insufficient_evidence,False
election_gas_four,Election-day gasoline above $4,KXAAAGASED-26NOV03-4.00,energy_iran,sector_financials,Financials sector,sector,raw,0.05,True,False,14,43,0.3333333333333333,10,3,0.2,0.565,21.999999999999996,1.4999999999999951,2026-07-15,2026-09-04,insufficient_observations,,,,,,,,,,,,,,,,,,,,,,,insufficient_evidence,False
election_gas_four,Election-day gasoline above $4,KXAAAGASED-26NOV03-4.00,energy_iran,sector_financials,Financials sector,sector,market_conditioned,0.05,True,False,14,43,0.3333333333333333,10,3,0.2,0.565,21.999999999999996,1.4999999999999951,2026-07-15,2026-09-04,insufficient_observations,,,,,,,,,,,,,,,,,,,,,,,insufficient_evidence,False
election_gas_four,Election-day gasoline above $4,KXAAAGASED-26NOV03-4.00,energy_iran,sector_healthcare,Healthcare sector,sector,raw,0.05,True,False,14,43,0.3333333333333333,10,3,0.2,0.565,21.999999999999996,1.4999999999999951,2026-07-15,2026-09-04,insufficient_observations,,,,,,,,,,,,,,,,,,,,,,,insufficient_evidence,False
election_gas_four,Election-day gasoline above $4,KXAAAGASED-26NOV03-4.00,energy_iran,sector_healthcare,Healthcare sector,sector,market_conditioned,0.05,True,False,14,43,0.3333333333333333,10,3,0.2,0.565,21.999999999999996,1.4999999999999951,2026-07-15,2026-09-04,insufficient_observations,,,,,,,,,,,,,,,,,,,,,,,insufficient_evidence,False
election_gas_four,Election-day gasoline above $4,KXAAAGASED-26NOV03-4.00,energy_iran,sector_staples,Consumer staples sector,sector,raw,0.05,True,False,14,43,0.3333333333333333,10,3,0.2,0.565,21.999999999999996,1.4999999999999951,2026-07-15,2026-09-04,insufficient_observations,,,,,,,,,,,,,,,,,,,,,,,insufficient_evidence,False
election_gas_four,Election-day gasoline above $4,KXAAAGASED-26NOV03-4.00,energy_iran,sector_staples,Consumer staples sector,sector,market_conditioned,0.05,True,False,14,43,0.3333333333333333,10,3,0.2,0.565,21.999999999999996,1.4999999999999951,2026-07-15,2026-09-04,insufficient_observations,,,,,,,,,,,,,,,,,,,,,,,insufficient_evidence,False
election_gas_four,Election-day gasoline above $4,KXAAAGASED-26NOV03-4.00,energy_iran,cloud_platforms,Cloud platforms,theme,raw,0.05,True,False,14,43,0.3333333333333333,10,3,0.2,0.565,21.999999999999996,1.4999999999999951,2026-07-15,2026-09-04,insufficient_observations,,,,,,,,,,,,,,,,,,,,,,,insufficient_evidence,False
election_gas_four,Election-day gasoline above $4,KXAAAGASED-26NOV03-4.00,energy_iran,cloud_platforms,Cloud platforms,theme,market_conditioned,0.05,True,False,14,43,0.3333333333333333,10,3,0.2,0.565,21.999999999999996,1.4999999999999951,2026-07-15,2026-09-04,insufficient_observations,,,,,,,,,,,,,,,,,,,,,,,insufficient_evidence,False
election_gas_four,Election-day gasoline above $4,KXAAAGASED-26NOV03-4.00,energy_iran,electrical_equipment,Electrical equipment,theme,raw,0.05,True,False,14,43,0.3333333333333333,10,3,0.2,0.565,21.999999999999996,1.4999999999999951,2026-07-15,2026-09-04,insufficient_observations,,,,,,,,,,,,,,,,,,,,,,,insufficient_evidence,False
election_gas_four,Election-day gasoline above $4,KXAAAGASED-26NOV03-4.00,energy_iran,electrical_equipment,Electrical equipment,theme,market_conditioned,0.05,True,False,14,43,0.3333333333333333,10,3,0.2,0.565,21.999999999999996,1.4999999999999951,2026-07-15,2026-09-04,insufficient_observations,,,,,,,,,,,,,,,,,,,,,,,insufficient_evidence,False
election_gas_four,Election-day gasoline above $4,KXAAAGASED-26NOV03-4.00,energy_iran,regulated_utilities,Regulated utilities,theme,raw,0.05,True,False,14,43,0.3333333333333333,10,3,0.2,0.565,21.999999999999996,1.4999999999999951,2026-07-15,2026-09-04,insufficient_observations,,,,,,,,,,,,,,,,,,,,,,,insufficient_evidence,False
election_gas_four,Election-day gasoline above $4,KXAAAGASED-26NOV03-4.00,energy_iran,regulated_utilities,Regulated utilities,theme,market_conditioned,0.05,True,False,14,43,0.3333333333333333,10,3,0.2,0.565,21.999999999999996,1.4999999999999951,2026-07-15,2026-09-04,insufficient_observations,,,,,,,,,,,,,,,,,,,,,,,insufficient_evidence,False
election_gas_four,Election-day gasoline above $4,KXAAAGASED-26NOV03-4.00,energy_iran,power_generators,Power generators,theme,raw,0.05,True,False,14,43,0.3333333333333333,10,3,0.2,0.565,21.999999999999996,1.4999999999999951,2026-07-15,2026-09-04,insufficient_observations,,,,,,,,,,,,,,,,,,,,,,,insufficient_evidence,False
election_gas_four,Election-day gasoline above $4,KXAAAGASED-26NOV03-4.00,energy_iran,power_generators,Power generators,theme,market_conditioned,0.05,True,False,14,43,0.3333333333333333,10,3,0.2,0.565,21.999999999999996,1.4999999999999951,2026-07-15,2026-09-04,insufficient_observations,,,,,,,,,,,,,,,,,,,,,,,insufficient_evidence,False
election_gas_four,Election-day gasoline above $4,KXAAAGASED-26NOV03-4.00,energy_iran,data_center_reits,Data-center REITs,theme,raw,0.05,True,False,14,43,0.3333333333333333,10,3,0.2,0.565,21.999999999999996,1.4999999999999951,2026-07-15,2026-09-04,insufficient_observations,,,,,,,,,,,,,,,,,,,,,,,insufficient_evidence,False
election_gas_four,Election-day gasoline above $4,KXAAAGASED-26NOV03-4.00,energy_iran,data_center_reits,Data-center REITs,theme,market_conditioned,0.05,True,False,14,43,0.3333333333333333,10,3,0.2,0.565,21.999999999999996,1.4999999999999951,2026-07-15,2026-09-04,insufficient_observations,,,,,,,,,,,,,,,,,,,,,,,insufficient_evidence,False
election_gas_four,Election-day gasoline above $4,KXAAAGASED-26NOV03-4.00,energy_iran,integrated_energy,Integrated energy,theme,raw,0.05,True,False,14,43,0.3333333333333333,10,3,0.2,0.565,21.999999999999996,1.4999999999999951,2026-07-15,2026-09-04,insufficient_observations,,,,,,,,,,,,,,,,,,,,,,,insufficient_evidence,False
election_gas_four,Election-day gasoline above $4,KXAAAGASED-26NOV03-4.00,energy_iran,integrated_energy,Integrated energy,theme,market_conditioned,0.05,True,False,14,43,0.3333333333333333,10,3,0.2,0.565,21.999999999999996,1.4999999999999951,2026-07-15,2026-09-04,insufficient_observations,,,,,,,,,,,,,,,,,,,,,,,insufficient_evidence,False
election_gas_four,Election-day gasoline above $4,KXAAAGASED-26NOV03-4.00,energy_iran,homebuilders,Homebuilders,theme,raw,0.05,True,False,14,43,0.3333333333333333,10,3,0.2,0.565,21.999999999999996,1.4999999999999951,2026-07-15,2026-09-04,insufficient_observations,,,,,,,,,,,,,,,,,,,,,,,insufficient_evidence,False
election_gas_four,Election-day gasoline above $4,KXAAAGASED-26NOV03-4.00,energy_iran,homebuilders,Homebuilders,theme,market_conditioned,0.05,True,False,14,43,0.3333333333333333,10,3,0.2,0.565,21.999999999999996,1.4999999999999951,2026-07-15,2026-09-04,insufficient_observations,,,,,,,,,,,,,,,,,,,,,,,insufficient_evidence,False
election_gas_four,Election-day gasoline above $4,KXAAAGASED-26NOV03-4.00,energy_iran,machinery_distribution,Machinery and distribution,theme,raw,0.05,True,False,14,43,0.3333333333333333,10,3,0.2,0.565,21.999999999999996,1.4999999999999951,2026-07-15,2026-09-04,insufficient_observations,,,,,,,,,,,,,,,,,,,,,,,insufficient_evidence,False
election_gas_four,Election-day gasoline above $4,KXAAAGASED-26NOV03-4.00,energy_iran,machinery_distribution,Machinery and distribution,theme,market_conditioned,0.05,True,False,14,43,0.3333333333333333,10,3,0.2,0.565,21.999999999999996,1.4999999999999951,2026-07-15,2026-09-04,insufficient_observations,,,,,,,,,,,,,,,,,,,,,,,insufficient_evidence,False
election_gas_four,Election-day gasoline above $4,KXAAAGASED-26NOV03-4.00,energy_iran,managed_care,Managed care (UNH only),single_company_proxy,raw,0.05,True,False,14,43,0.3333333333333333,10,3,0.2,0.565,21.999999999999996,1.4999999999999951,2026-07-15,2026-09-04,insufficient_observations,,,,,,,,,,,,,,,,,,,,,,,insufficient_evidence,False
election_gas_four,Election-day gasoline above $4,KXAAAGASED-26NOV03-4.00,energy_iran,managed_care,Managed care (UNH only),single_company_proxy,market_conditioned,0.05,True,False,14,43,0.3333333333333333,10,3,0.2,0.565,21.999999999999996,1.4999999999999951,2026-07-15,2026-09-04,insufficient_observations,,,,,,,,,,,,,,,,,,,,,,,insufficient_evidence,False
election_gas_four,Election-day gasoline above $4,KXAAAGASED-26NOV03-4.00,energy_iran,hospitals,Hospitals (HCA only),single_company_proxy,raw,0.05,True,False,14,43,0.3333333333333333,10,3,0.2,0.565,21.999999999999996,1.4999999999999951,2026-07-15,2026-09-04,insufficient_observations,,,,,,,,,,,,,,,,,,,,,,,insufficient_evidence,False
election_gas_four,Election-day gasoline above $4,KXAAAGASED-26NOV03-4.00,energy_iran,hospitals,Hospitals (HCA only),single_company_proxy,market_conditioned,0.05,True,False,14,43,0.3333333333333333,10,3,0.2,0.565,21.999999999999996,1.4999999999999951,2026-07-15,2026-09-04,insufficient_observations,,,,,,,,,,,,,,,,,,,,,,,insufficient_evidence,False
election_gas_four,Election-day gasoline above $4,KXAAAGASED-26NOV03-4.00,energy_iran,generators_minus_regulated,Generators minus regulated utilities,relative_return_contrast,raw,0.05,True,False,14,43,0.3333333333333333,10,3,0.2,0.565,21.999999999999996,1.4999999999999951,2026-07-15,2026-09-04,insufficient_observations,,,,,,,,,,,,,,,,,,,,,,,insufficient_evidence,False
election_gas_four,Election-day gasoline above $4,KXAAAGASED-26NOV03-4.00,energy_iran,generators_minus_regulated,Generators minus regulated utilities,relative_return_contrast,market_conditioned,0.05,True,False,14,43,0.3333333333333333,10,3,0.2,0.565,21.999999999999996,1.4999999999999951,2026-07-15,2026-09-04,insufficient_observations,,,,,,,,,,,,,,,,,,,,,,,insufficient_evidence,False
election_gas_four,Election-day gasoline above $4,KXAAAGASED-26NOV03-4.00,energy_iran,equipment_minus_generators,Equipment minus generators,relative_return_contrast,raw,0.05,True,False,14,43,0.3333333333333333,10,3,0.2,0.565,21.999999999999996,1.4999999999999951,2026-07-15,2026-09-04,insufficient_observations,,,,,,,,,,,,,,,,,,,,,,,insufficient_evidence,False
election_gas_four,Election-day gasoline above $4,KXAAAGASED-26NOV03-4.00,energy_iran,equipment_minus_generators,Equipment minus generators,relative_return_contrast,market_conditioned,0.05,True,False,14,43,0.3333333333333333,10,3,0.2,0.565,21.999999999999996,1.4999999999999951,2026-07-15,2026-09-04,insufficient_observations,,,,,,,,,,,,,,,,,,,,,,,insufficient_evidence,False
election_gas_four,Election-day gasoline above $4,KXAAAGASED-26NOV03-4.00,energy_iran,hospitals_minus_managed_care,Hospitals minus managed care,relative_return_contrast,raw,0.05,True,False,14,43,0.3333333333333333,10,3,0.2,0.565,21.999999999999996,1.4999999999999951,2026-07-15,2026-09-04,insufficient_observations,,,,,,,,,,,,,,,,,,,,,,,insufficient_evidence,False
election_gas_four,Election-day gasoline above $4,KXAAAGASED-26NOV03-4.00,energy_iran,hospitals_minus_managed_care,Hospitals minus managed care,relative_return_contrast,market_conditioned,0.05,True,False,14,43,0.3333333333333333,10,3,0.2,0.565,21.999999999999996,1.4999999999999951,2026-07-15,2026-09-04,insufficient_observations,,,,,,,,,,,,,,,,,,,,,,,insufficient_evidence,False
election_gas_four,Election-day gasoline above $4,KXAAAGASED-26NOV03-4.00,energy_iran,sector_technology,Technology sector,sector,raw,0.1,True,False,34,43,0.8095238095238095,30,7,0.2,0.565,30.999999999999993,4.499999999999995,2026-07-15,2026-09-04,estimated,-0.002619932387425264,0.0009575839109980965,,0.003406277409489277,0.0024910401538421768,-0.007694015136684375,0.002454150361833847,-0.00955829241988887,0.004318427645038343,0.30079554232309685,0.44744553585193997,0.017300962742813564,-0.010301790979843376,0.0011859569021038195,500.0,-0.005206601482849661,0.9873037593792426,2026-08-13,True,,,,pilot_observational,False
election_gas_four,Election-day gasoline above $4,KXAAAGASED-26NOV03-4.00,energy_iran,sector_technology,Technology sector,sector,market_conditioned,0.1,True,True,34,43,0.8095238095238095,30,7,0.2,0.565,30.999999999999993,4.499999999999995,2026-07-15,2026-09-04,estimated,-0.0021928515444647003,-0.0012025923062461774,2.0200707576786905,0.0018282279731025588,0.0010269094209222264,-0.004287247116666731,-9.845597226267001e-05,-0.00592154707868542,0.00153584398975602,0.04073768397222398,0.23944413048629046,0.637575508655509,-0.004172497581938329,-0.0003340890845958931,500.0,-0.0028209022133819706,0.28640820237130304,2026-08-13,True,0.23424168284028787,0.9094769698122832,0.9094769698122832,pilot_observational,True
election_gas_four,Election-day gasoline above $4,KXAAAGASED-26NOV03-4.00,energy_iran,sector_consumer_discretionary,Consumer discretionary sector,sector,raw,0.1,True,False,34,43,0.8095238095238095,30,7,0.2,0.565,30.999999999999993,4.499999999999995,2026-07-15,2026-09-04,estimated,0.0017365222218776206,0.0003575472677087406,,0.0022995051536323897,0.001499152979235601,-0.0013171524684749243,0.004790196912230166,-0.0029474164990145376,0.006420460942769778,0.255299160905365,0.4556683395974943,0.014643042008963603,-0.0010532048260504434,0.004424010534442725,500.0,0.0018848271553097479,0.0854034181444405,2026-08-13,True,,,,pilot_observational,False
election_gas_four,Election-day gasoline above $4,KXAAAGASED-26NOV03-4.00,energy_iran,sector_consumer_discretionary,Consumer discretionary sector,sector,market_conditioned,0.1,True,True,34,43,0.8095238095238095,30,7,0.2,0.565,30.999999999999993,4.499999999999995,2026-07-15,2026-09-04,estimated,0.001960999948830666,-0.0007778617656339229,1.061768279805286,0.002303011410508176,0.001814193139752265,-0.0017390713540541974,0.00566107125171553,-0.0027360227901051175,0.006658022687766449,0.28806978115962256,0.40102514765627184,0.3447774595863413,-0.0005497348263687108,0.006163316607238878,500.0,0.0032048946514732788,0.6343165400816765,2026-08-13,True,0.6310462089164462,0.9890723741691735,0.9915527907147141,pilot_observational,False
election_gas_four,Election-day gasoline above $4,KXAAAGASED-26NOV03-4.00,energy_iran,sector_communications,Communication services sector,sector,raw,0.1,True,False,34,43,0.8095238095238095,30,7,0.2,0.565,30.999999999999993,4.499999999999995,2026-07-15,2026-09-04,estimated,0.0027424200963725126,0.0005982337286226354,,0.00250021420789513,0.001775043250891962,-0.0008732246874531393,0.006358064880198164,-0.002350349589481764,0.00783518978222679,0.13218249176757263,0.2808824145461764,0.03735445890750366,-0.0012580497662596642,0.005251977744246606,500.0,0.0010092179594323257,0.631997314792416,2026-08-13,True,,,,pilot_observational,False
election_gas_four,Election-day gasoline above $4,KXAAAGASED-26NOV03-4.00,energy_iran,sector_communications,Communication services sector,sector,market_conditioned,0.1,True,True,34,43,0.8095238095238095,30,7,0.2,0.565,30.999999999999993,4.499999999999995,2026-07-15,2026-09-04,estimated,0.0028879174766016204,-0.00013769246807471378,0.6881952397635829,0.0020213849366978363,0.001412942335710402,6.202583937507146e-06,0.005769632369265734,-0.00123472428213677,0.007010559235340011,0.04953847140723605,0.16309471351053914,0.1792139851121307,-0.0003384088547308929,0.004895769015865147,500.0,0.001784615370946551,0.38204073163246643,2026-08-13,True,0.2604308211123267,0.9094769698122832,0.9094769698122832,pilot_observational,False
election_gas_four,Election-day gasoline above $4,KXAAAGASED-26NOV03-4.00,energy_iran,sector_industrials,Industrials sector,sector,raw,0.1,True,False,34,43,0.8095238095238095,30,7,0.2,0.565,30.999999999999993,4.499999999999995,2026-07-15,2026-09-04,estimated,-0.0007198458607825947,-0.0005921416799106497,,0.0012414795791741854,0.0008963360827941461,-0.0025456227147724053,0.0011059309932072157,-0.003248657010827308,0.0018089652892621187,0.4278431054255961,0.5660903898910286,0.004644329689422744,-0.00338312661339443,0.0010530440700002224,500.0,-0.00107008678181028,0.48654988534200067,2026-08-13,True,,,,pilot_observational,False
election_gas_four,Election-day gasoline above $4,KXAAAGASED-26NOV03-4.00,energy_iran,sector_industrials,Industrials sector,sector,market_conditioned,0.1,True,True,34,43,0.8095238095238095,30,7,0.2,0.565,30.999999999999993,4.499999999999995,2026-07-15,2026-09-04,estimated,-0.0005550893038789989,-0.001425480851461981,0.7792901700522101,0.0009942134217387738,0.0008635950156993612,-0.0023164029506387634,0.0012062243428807658,-0.0025828009461030116,0.0014726223383450135,0.5251020740873074,0.5806363882757187,0.33289309895383656,-0.0017002281019950264,0.0017874806249659544,500.0,-0.00012134793396919733,0.7813902499630053,2026-08-13,True,0.784171318772089,0.9915527907147141,0.9915527907147141,pilot_observational,False
election_gas_four,Election-day gasoline above $4,KXAAAGASED-26NOV03-4.00,energy_iran,sector_utilities,Utilities sector,sector,raw,0.1,True,False,34,43,0.8095238095238095,30,7,0.2,0.565,30.999999999999993,4.499999999999995,2026-07-15,2026-09-04,estimated,-0.0011053227385387464,-0.0009099312470949231,,0.0025550915935295335,0.0017493546814022346,-0.0046686416186249805,0.002457996141547488,-0.0063098740009936575,0.004099228523916165,0.5319759372835403,0.668209779816178,0.01667307177473143,-0.0048902736156394445,0.0015589599540869906,500.0,-0.002437541343307516,1.2052756704616276,2026-08-13,True,,,,pilot_observational,False
election_gas_four,Election-day gasoline above $4,KXAAAGASED-26NOV03-4.00,energy_iran,sector_utilities,Utilities sector,sector,market_conditioned,0.1,True,True,34,43,0.8095238095238095,30,7,0.2,0.565,30.999999999999993,4.499999999999995,2026-07-15,2026-09-04,estimated,-0.0011041533183853921,-0.0009158461778273094,0.005531298100037704,0.002599141452678914,0.0017886304321034542,-0.004752089135294206,0.002543782498523421,-0.0064051372602103316,0.004196830623439548,0.5415333903709361,0.6739059779279212,0.01669825157219218,-0.004915480323882103,0.0015826167693461248,500.0,-0.002489116768428456,1.2543216843004206,2026-08-13,True,0.784171318772089,0.9915527907147141,0.9915527907147141,pilot_observational,False
election_gas_four,Election-day gasoline above $4,KXAAAGASED-26NOV03-4.00,energy_iran,sector_real_estate,Real estate sector,sector,raw,0.1,True,False,34,43,0.8095238095238095,30,7,0.2,0.565,30.999999999999993,4.499999999999995,2026-07-15,2026-09-04,estimated,0.002418279851072652,-0.00027108666490465545,,0.001944683632014797,0.0013954533572694283,-0.0004241656215927879,0.005260725323738093,-0.0015429110814593819,0.006379470783604686,0.09272932284889583,0.22270463835622395,0.07524626226472864,-0.002002005423553055,0.004476341828253538,500.0,0.0013800449390534157,0.4293278594529566,2026-08-13,True,,,,pilot_observational,False
election_gas_four,Election-day gasoline above $4,KXAAAGASED-26NOV03-4.00,energy_iran,sector_real_estate,Real estate sector,sector,market_conditioned,0.1,True,True,34,43,0.8095238095238095,30,7,0.2,0.565,30.999999999999993,4.499999999999995,2026-07-15,2026-09-04,estimated,0.00242699306012739,-0.00031515810310227656,0.04121303754812626,0.0019609493533712975,0.0014085611156888565,-0.00044578627539116006,0.005299772395645941,-0.0015723895137757138,0.006426375634030495,0.0948461118597304,0.22513386551823225,0.07656422083571768,-0.0022777786633228505,0.004489756095691597,500.0,0.0013855044312952056,0.42912715571486554,2026-08-13,True,0.3788025605429987,0.9094769698122832,0.9094769698122832,pilot_observational,False
election_gas_four,Election-day gasoline above $4,KXAAAGASED-26NOV03-4.00,energy_iran,sector_energy,Energy sector,sector,raw,0.1,True,False,34,43,0.8095238095238095,30,7,0.2,0.565,30.999999999999993,4.499999999999995,2026-07-15,2026-09-04,estimated,0.005499422195905917,0.002641141003180669,,0.0041242076513970626,0.003006005371512571,-0.0006236103759482093,0.011622454767760044,-0.002901313884578035,0.013900158276389869,0.07665921639278549,0.19179928571344898,0.15125878949396343,0.0011748440964667558,0.014717690341451786,500.0,0.008373571146385287,0.5226274412281077,2026-08-13,True,,,,pilot_observational,True
election_gas_four,Election-day gasoline above $4,KXAAAGASED-26NOV03-4.00,energy_iran,sector_energy,Energy sector,sector,market_conditioned,0.1,True,True,34,43,0.8095238095238095,30,7,0.2,0.565,30.999999999999993,4.499999999999995,2026-07-15,2026-09-04,estimated,0.0053732307635230405,0.0032794176562935236,-0.5968790842013526,0.0037224850172166628,0.0026736516901792184,-7.971780957796021e-05,0.010826179336624041,-0.0022188274830995097,0.01296528901014559,0.053235923470656046,0.15892329198469668,0.2587121270585092,0.0019580368745478255,0.01359218015837097,500.0,0.007761176405862789,0.4444152405570715,2026-08-13,True,0.27209471996113094,0.9094769698122832,0.9094769698122832,pilot_observational,True
election_gas_four,Election-day gasoline above $4,KXAAAGASED-26NOV03-4.00,energy_iran,sector_financials,Financials sector,sector,raw,0.1,True,False,34,43,0.8095238095238095,30,7,0.2,0.565,30.999999999999993,4.499999999999995,2026-07-15,2026-09-04,estimated,-0.00012143697879446323,0.0013634366470597918,,0.0011641692032654557,0.0010439187226677085,-0.0022478298328585974,0.0020049558752696706,-0.0024927720463552507,0.002249898088766324,0.9081195911572213,0.9175727106598539,0.0002643204357584139,-0.0027474800854254493,0.0014281467036688733,500.0,-0.0008525126829297264,6.020206623985904,2026-08-13,True,,,,pilot_observational,False
election_gas_four,Election-day gasoline above $4,KXAAAGASED-26NOV03-4.00,energy_iran,sector_financials,Financials sector,sector,market_conditioned,0.1,True,True,34,43,0.8095238095238095,30,7,0.2,0.565,30.999999999999993,4.499999999999995,2026-07-15,2026-09-04,estimated,-1.2503427924631032e-05,0.0008124504117190761,0.515250178670672,0.0009685797495944637,0.0007257084195681412,-0.0014925955077969419,0.0014675886519476796,-0.001987934851129806,0.001962927995280544,0.9863641238703261,0.98978309035983,0.28722727016361327,-0.0017307533242367683,0.001307761106841933,500.0,-0.0002471301166653029,18.764989101786302,2026-08-13,True,0.9895190482419288,0.9915527907147141,0.9915527907147141,pilot_observational,False
election_gas_four,Election-day gasoline above $4,KXAAAGASED-26NOV03-4.00,energy_iran,sector_healthcare,Healthcare sector,sector,raw,0.1,True,False,34,43,0.8095238095238095,30,7,0.2,0.565,30.999999999999993,4.499999999999995,2026-07-15,2026-09-04,estimated,0.0005556805282793276,0.0028065149540197907,,0.0015757880188278328,0.0011337453663654744,-0.0017536832114638961,0.0028650442680225514,-0.002654094629496019,0.0037654556860546745,0.6273869845015008,0.726673069360665,0.0023575616502636842,-0.0019728386301946822,0.0029115402453466616,500.0,0.0012870756395973366,1.3162151165936729,2026-08-13,True,,,,pilot_observational,False
election_gas_four,Election-day gasoline above $4,KXAAAGASED-26NOV03-4.00,energy_iran,sector_healthcare,Healthcare sector,sector,market_conditioned,0.1,True,True,34,43,0.8095238095238095,30,7,0.2,0.565,30.999999999999993,4.499999999999995,2026-07-15,2026-09-04,estimated,0.0005023574402535865,0.003076223297256964,-0.25221550581202956,0.0014464882007804705,0.0012112875159824388,-0.0019680797360447024,0.002972794616551875,-0.0024477746952919315,0.003452489575799104,0.6811956008914556,0.7307169140559988,0.03164739888808843,-0.002217142243383216,0.0029463792702650884,500.0,0.0010071198360722291,1.0047873393969087,2026-08-13,True,0.8468918281353232,0.9915527907147141,0.9915527907147141,pilot_observational,False
election_gas_four,Election-day gasoline above $4,KXAAAGASED-26NOV03-4.00,energy_iran,sector_staples,Consumer staples sector,sector,raw,0.1,True,False,34,43,0.8095238095238095,30,7,0.2,0.565,30.999999999999993,4.499999999999995,2026-07-15,2026-09-04,estimated,0.0009658414528898986,0.0010724530800567287,,0.0018021903165100308,0.0012114746025437104,-0.0015018515597864592,0.0034335344655662564,-0.0027051000940702973,0.004636782999850094,0.4311851542499014,0.5957152578403576,0.00815947576043774,-0.001946699002944144,0.0038500081858109177,500.0,-4.423643336301951e-05,1.045800926467444,2026-08-13,False,,,,pilot_observational,False
election_gas_four,Election-day gasoline above $4,KXAAAGASED-26NOV03-4.00,energy_iran,sector_staples,Consumer staples sector,sector,market_conditioned,0.1,True,True,34,43,0.8095238095238095,30,7,0.2,0.565,30.999999999999993,4.499999999999995,2026-07-15,2026-09-04,estimated,0.0009143983705273994,0.0013326523488669893,-0.243323174237848,0.0019246535902940516,0.0012916814454386383,-0.0017200033059054523,0.003548800046960251,-0.0030109585065324434,0.004839755247587242,0.48428809688037977,0.6380477712979534,0.039389923710235086,-0.002013624113147632,0.0034935294827999888,500.0,-0.00038955557864430254,1.4260239204271743,2026-08-13,False,0.784171318772089,0.9915527907147141,0.9915527907147141,pilot_observational,False
election_gas_four,Election-day gasoline above $4,KXAAAGASED-26NOV03-4.00,energy_iran,cloud_platforms,Cloud platforms,theme,raw,0.1,True,False,34,43,0.8095238095238095,30,7,0.2,0.565,30.999999999999993,4.499999999999995,2026-07-15,2026-09-04,estimated,0.003409568673076596,0.00356975801479771,,0.005664531337403581,0.003176272908998688,-0.003060287523191844,0.009879424869345036,-0.008128704083155401,0.014947841429308594,0.29109789153190635,0.5514716879510646,0.017587730632086074,-0.0022131031529812896,0.0114082284982486,500.0,0.005067228213465177,0.48617866344155647,2026-08-13,True,,,,pilot_observational,False
election_gas_four,Election-day gasoline above $4,KXAAAGASED-26NOV03-4.00,energy_iran,cloud_platforms,Cloud platforms,theme,market_conditioned,0.1,True,True,34,43,0.8095238095238095,30,7,0.2,0.565,30.999999999999993,4.499999999999995,2026-07-15,2026-09-04,estimated,0.003817155537408377,0.0015081824014144057,1.9278652260378057,0.005852447994509475,0.004025121674237286,-0.004392134240580192,0.012026445315396947,-0.008118990841729392,0.015753301916546145,0.35029469432152993,0.5190586764597757,0.3566855156008629,-0.00156931752642612,0.015419248708926681,500.0,0.007524971568681342,0.9713557634568784,2026-08-13,True,0.6784655132122264,0.9915527907147141,0.9915527907147141,pilot_observational,False
election_gas_four,Election-day gasoline above $4,KXAAAGASED-26NOV03-4.00,energy_iran,electrical_equipment,Electrical equipment,theme,raw,0.1,True,False,34,43,0.8095238095238095,30,7,0.2,0.565,30.999999999999993,4.499999999999995,2026-07-15,2026-09-04,estimated,-0.003974970441542969,-0.0006061430122144148,,0.006194475632863136,0.0026544854889651126,-0.009381980443746999,0.0014320395606610605,-0.016592704403373005,0.008642763520287065,0.1440750499379787,0.5256408072313237,0.010988584698624626,-0.01031761023468923,0.0019439247750125022,500.0,-0.004496666992807868,0.13124539136507163,2026-08-13,True,,,,pilot_observational,False
election_gas_four,Election-day gasoline above $4,KXAAAGASED-26NOV03-4.00,energy_iran,electrical_equipment,Electrical equipment,theme,market_conditioned,0.1,True,True,34,43,0.8095238095238095,30,7,0.2,0.565,30.999999999999993,4.499999999999995,2026-07-15,2026-09-04,estimated,-0.003383392193016147,-0.003598347612748698,2.7981351550300126,0.005372566794769521,0.0038367408430331354,-0.01120847673272052,0.0044416923466882256,-0.014340814412611438,0.007574030026579144,0.38464997817284535,0.5334703764810917,0.33936504776875276,-0.00851624976045566,0.007247653663501842,500.0,-0.0010578370080617878,0.6873442546077485,2026-08-13,True,0.7007484750871638,0.9915527907147141,0.9915527907147141,pilot_observational,False
election_gas_four,Election-day gasoline above $4,KXAAAGASED-26NOV03-4.00,energy_iran,regulated_utilities,Regulated utilities,theme,raw,0.1,True,False,34,43,0.8095238095238095,30,7,0.2,0.565,30.999999999999993,4.499999999999995,2026-07-15,2026-09-04,estimated,-0.00011143088116328471,-0.0006901129550242694,,0.0025371640335471795,0.001821668684465226,-0.0038220485652876025,0.003599186802961033,-0.005279464898923258,0.005056603136596689,0.951604537763871,0.9652415225318969,0.0001315014183056462,-0.004017949399251227,0.003085148459335207,500.0,-0.0013110278568595009,10.765390735252218,2026-08-13,True,,,,pilot_observational,False
election_gas_four,Election-day gasoline above $4,KXAAAGASED-26NOV03-4.00,energy_iran,regulated_utilities,Regulated utilities,theme,market_conditioned,0.1,True,True,34,43,0.8095238095238095,30,7,0.2,0.565,30.999999999999993,4.499999999999995,2026-07-15,2026-09-04,estimated,-0.00013583685896380117,-0.0005666674442450913,-0.11543903895481505,0.0026156709696160264,0.001839804209076081,-0.003888142282111178,0.003616468564183576,-0.005470532972844419,0.005198859254916816,0.9416182389671539,0.9589161299303437,0.0086425957591304,-0.004098154784948251,0.003033348831306445,500.0,-0.001506445938238368,10.09011169523448,2026-08-13,True,0.9733581796064962,0.9915527907147141,0.9915527907147141,pilot_observational,False
election_gas_four,Election-day gasoline above $4,KXAAAGASED-26NOV03-4.00,energy_iran,power_generators,Power generators,theme,raw,0.1,True,False,34,43,0.8095238095238095,30,7,0.2,0.565,30.999999999999993,4.499999999999995,2026-07-15,2026-09-04,estimated,-0.004448356399593477,0.0026976881256770857,,0.004115799570452447,0.0029115113734870285,-0.010378910996112522,0.0014821981969255684,-0.01283196577964683,0.003935252980459877,0.13637478725637242,0.28786450003266717,0.02946386746912244,-0.010594566289935882,0.0009473948348211374,500.0,-0.005955370901259183,0.33878007207413247,2026-08-13,True,,,,pilot_observational,False
election_gas_four,Election-day gasoline above $4,KXAAAGASED-26NOV03-4.00,energy_iran,power_generators,Power generators,theme,market_conditioned,0.1,True,True,34,43,0.8095238095238095,30,7,0.2,0.565,30.999999999999993,4.499999999999995,2026-07-15,2026-09-04,estimated,-0.004343756414581496,0.0021686210797739066,0.49475263163662797,0.003979624837633748,0.0029099610454586455,-0.010278661095284154,0.001591148266121163,-0.012460254782548648,0.0037727419533856573,0.14561900500324765,0.2834643267473264,0.05144385893932979,-0.009627918255117477,0.0010244612566261372,500.0,-0.00540937213729495,0.24532124295374927,2026-08-13,True,0.49258082927240976,0.9174737754878881,0.9174737754878881,pilot_observational,False
election_gas_four,Election-day gasoline above $4,KXAAAGASED-26NOV03-4.00,energy_iran,data_center_reits,Data-center REITs,theme,raw,0.1,True,False,34,43,0.8095238095238095,30,7,0.2,0.565,30.999999999999993,4.499999999999995,2026-07-15,2026-09-04,estimated,0.0023801062151510553,0.0015945153433348472,,0.0056797218812782825,0.006225249345990726,-0.010300311749050646,0.015060524179352755,-0.009189108666404615,0.013949321096706725,0.7047434061558467,0.6779768405644154,0.01224309550601188,-0.00988613349454618,0.0134262336106967,500.0,0.003203157604271901,0.345804478758781,2026-08-13,True,,,,pilot_observational,False
election_gas_four,Election-day gasoline above $4,KXAAAGASED-26NOV03-4.00,energy_iran,data_center_reits,Data-center REITs,theme,market_conditioned,0.1,True,True,34,43,0.8095238095238095,30,7,0.2,0.565,30.999999999999993,4.499999999999995,2026-07-15,2026-09-04,estimated,0.0026061422186824204,0.0004512245422663391,1.0691388491017602,0.006073323106699385,0.006244177680575807,-0.010128942122540277,0.015341226559905117,-0.009780481921740986,0.014992766359105826,0.6792831759914036,0.6708085287660249,0.1612229253869879,-0.00788448685517034,0.014669515665451048,500.0,0.0045619315563590395,0.7504538024273295,2026-08-13,True,0.8468918281353232,0.9915527907147141,0.9915527907147141,pilot_observational,False
election_gas_four,Election-day gasoline above $4,KXAAAGASED-26NOV03-4.00,energy_iran,integrated_energy,Integrated energy,theme,raw,0.1,True,False,34,43,0.8095238095238095,30,7,0.2,0.565,30.999999999999993,4.499999999999995,2026-07-15,2026-09-04,estimated,0.005060847436363047,0.002890599621756411,,0.004179670570075845,0.003002185996828285,-0.00105440532384549,0.011176100196571583,-0.0034528629125033326,0.013574557785229426,0.10157823626212602,0.23482984168261395,0.11031009855944685,0.0007307922101406943,0.013879349266776959,500.0,0.007957754926896328,0.5724154950253015,2026-08-13,True,,,,pilot_observational,True
election_gas_four,Election-day gasoline above $4,KXAAAGASED-26NOV03-4.00,energy_iran,integrated_energy,Integrated energy,theme,market_conditioned,0.1,True,True,34,43,0.8095238095238095,30,7,0.2,0.565,30.999999999999993,4.499999999999995,2026-07-15,2026-09-04,estimated,0.004882263812979257,0.0037938761380917323,-0.8446914942312437,0.003572571653636247,0.0025345043973662735,-0.00028689198540008364,0.010051419611358598,-0.0024040441128265217,0.012168571738785036,0.0632765147400451,0.18158253802012148,0.2956315598562683,0.0016316241138927415,0.012405045066444312,500.0,0.0070397775916429435,0.4419084796130931,2026-08-13,True,0.3146723976261702,0.9094769698122832,0.9094769698122832,pilot_observational,True
election_gas_four,Election-day gasoline above $4,KXAAAGASED-26NOV03-4.00,energy_iran,homebuilders,Homebuilders,theme,raw,0.1,True,False,34,43,0.8095238095238095,30,7,0.2,0.565,30.999999999999993,4.499999999999995,2026-07-15,2026-09-04,estimated,0.0003268067335561413,0.00023835035395203833,,0.0051447252961107645,0.0039504453240837714,-0.0077199870685861404,0.008373600535698423,-0.010152655765034518,0.010806269232146802,0.9345842900738934,0.9497454500176461,0.00020482489728235187,-0.011849588752880494,0.0055359532397882515,500.0,-0.0036259460742287925,12.09507761597544,2026-08-13,False,,,,pilot_observational,False
election_gas_four,Election-day gasoline above $4,KXAAAGASED-26NOV03-4.00,energy_iran,homebuilders,Homebuilders,theme,market_conditioned,0.1,True,True,34,43,0.8095238095238095,30,7,0.2,0.565,30.999999999999993,4.499999999999995,2026-07-15,2026-09-04,estimated,0.0005613063726013619,-0.0009477495415767085,1.1091714164411768,0.004571287735732636,0.003287255667822561,-0.0061430957636655565,0.007265708508868281,-0.00876189643177234,0.009884509176975064,0.8655281817188779,0.9030663634038294,0.14248971533899368,-0.009490315869379765,0.005101546009904576,500.0,-0.0024270673454424773,5.3239618573975696,2026-08-13,False,0.9423502096820919,0.9915527907147141,0.9915527907147141,pilot_observational,False
election_gas_four,Election-day gasoline above $4,KXAAAGASED-26NOV03-4.00,energy_iran,machinery_distribution,Machinery and distribution,theme,raw,0.1,True,False,34,43,0.8095238095238095,30,7,0.2,0.565,30.999999999999993,4.499999999999995,2026-07-15,2026-09-04,estimated,-0.0010746800542550585,0.00018779535760152265,,0.002184625074761372,0.0016934102836772824,-0.004524043925235545,0.0023746838167254276,-0.005524615711995514,0.003375255603485397,0.5301846703157297,0.6261275023613254,0.005758569554531023,-0.0036125688319319687,0.003360958365281794,500.0,-5.098188936433876e-05,0.9525608676159174,2026-08-13,True,,,,pilot_observational,False
election_gas_four,Election-day gasoline above $4,KXAAAGASED-26NOV03-4.00,energy_iran,machinery_distribution,Machinery and distribution,theme,market_conditioned,0.1,True,True,34,43,0.8095238095238095,30,7,0.2,0.565,30.999999999999993,4.499999999999995,2026-07-15,2026-09-04,estimated,-0.0008856813707930805,-0.0007681605646423172,0.893954200929976,0.0027792230860724616,0.0022374998900463643,-0.005449092482853126,0.0036777297412669656,-0.006553944225373189,0.004782581483787028,0.6949377951910032,0.7521068601496077,0.24605508377019003,-0.0036893417638498628,0.005434875525917462,500.0,0.0010998612298708632,2.241824956627456,2026-08-13,False,0.8524570287676306,0.9915527907147141,0.9915527907147141,pilot_observational,False
election_gas_four,Election-day gasoline above $4,KXAAAGASED-26NOV03-4.00,energy_iran,managed_care,Managed care (UNH only),single_company_proxy,raw,0.1,True,False,34,43,0.8095238095238095,30,7,0.2,0.565,30.999999999999993,4.499999999999995,2026-07-15,2026-09-04,estimated,-0.0009034446964802443,-0.001736860424528822,,0.0025408023375204512,0.0023337428137536593,-0.005657123248875471,0.0038502338559149823,-0.006078889696917019,0.00427200030395653,0.7012281476176351,0.7244924964941409,0.003658072457012662,-0.00489767101190293,0.005573474257647056,500.0,0.0008276040655597816,1.9160539308981144,2026-08-13,False,,,,pilot_observational,False
election_gas_four,Election-day gasoline above $4,KXAAAGASED-26NOV03-4.00,energy_iran,managed_care,Managed care (UNH only),single_company_proxy,market_conditioned,0.1,True,True,34,43,0.8095238095238095,30,7,0.2,0.565,30.999999999999993,4.499999999999995,2026-07-15,2026-09-04,estimated,-0.0008765048081094379,-0.0018731224627659368,0.12742430762229112,0.0027162021218436992,0.0024023836663531156,-0.00577619859903972,0.004023188982820844,-0.006416235558740119,0.0046632259425212425,0.7177022161933334,0.7490927120828084,0.0080465554023057,-0.005020127190029876,0.00563326805195662,500.0,0.0010611541242858554,2.2106654914702566,2026-08-13,False,0.863641642329768,0.9915527907147141,0.9915527907147141,pilot_observational,False
election_gas_four,Election-day gasoline above $4,KXAAAGASED-26NOV03-4.00,energy_iran,hospitals,Hospitals (HCA only),single_company_proxy,raw,0.1,True,False,34,43,0.8095238095238095,30,7,0.2,0.565,30.999999999999993,4.499999999999995,2026-07-15,2026-09-04,estimated,-0.0003628374226863016,0.0023228229881241996,,0.0027490208121364475,0.002139546050846934,-0.004720950113524803,0.0039952752681522005,-0.005962409576792799,0.005236734731420197,0.8664031538316224,0.895820291807681,0.0002812669296680115,-0.0036365455925990004,0.0037874803448325394,500.0,0.0008456899585872982,3.330768288249188,2026-08-13,False,,,,pilot_observational,False
election_gas_four,Election-day gasoline above $4,KXAAAGASED-26NOV03-4.00,energy_iran,hospitals,Hospitals (HCA only),single_company_proxy,market_conditioned,0.1,True,True,34,43,0.8095238095238095,30,7,0.2,0.565,30.999999999999993,4.499999999999995,2026-07-15,2026-09-04,estimated,-0.00033644994525850217,0.0021893550461358356,0.12481143183873981,0.002840787989826342,0.0021899031842560535,-0.004802786935855036,0.004129887045338031,-0.006130275248870751,0.005457375358353746,0.8788918267288854,0.9064867762931024,0.002288343534122439,-0.0037819901449175465,0.0038503695470405302,500.0,0.0010530946776287169,4.130018870472992,2026-08-13,False,0.9457172317391306,0.9915527907147141,0.9915527907147141,pilot_observational,False
election_gas_four,Election-day gasoline above $4,KXAAAGASED-26NOV03-4.00,energy_iran,generators_minus_regulated,Generators minus regulated utilities,relative_return_contrast,raw,0.1,True,False,34,43,0.8095238095238095,30,7,0.2,0.565,30.999999999999993,4.499999999999995,2026-07-15,2026-09-04,estimated,-0.004336925518430192,0.0033878010807013555,,0.00339925135212598,0.0025394887479385352,-0.00950969482444794,0.0008358437875875552,-0.011260973940377436,0.002587122903517052,0.09736016622325576,0.2111931613125573,0.02525835677627386,-0.009881800532154542,0.0013922478566319864,500.0,-0.0046443430443996805,0.0708837457925176,2026-08-13,True,,,,pilot_observational,False
election_gas_four,Election-day gasoline above $4,KXAAAGASED-26NOV03-4.00,energy_iran,generators_minus_regulated,Generators minus regulated utilities,relative_return_contrast,market_conditioned,0.1,True,True,34,43,0.8095238095238095,30,7,0.2,0.565,30.999999999999993,4.499999999999995,2026-07-15,2026-09-04,estimated,-0.004207919555617695,0.002735288524018998,0.6101916705914431,0.003305220967539165,0.0024140201874032975,-0.009131346187699098,0.0007155070764637084,-0.01094896216222517,0.002533123050989779,0.09122562722918008,0.2124427365092556,0.055411626190330354,-0.008673477829387832,0.001449202493851811,500.0,-0.0039029261990565804,0.07248079544532636,2026-08-13,True,0.3788025605429987,0.9094769698122832,0.9094769698122832,pilot_observational,False
election_gas_four,Election-day gasoline above $4,KXAAAGASED-26NOV03-4.00,energy_iran,equipment_minus_generators,Equipment minus generators,relative_return_contrast,raw,0.1,True,False,34,43,0.8095238095238095,30,7,0.2,0.565,30.999999999999993,4.499999999999995,2026-07-15,2026-09-04,estimated,0.00047338595805050795,-0.0033038311378915004,,0.006254973314186588,0.004377057524223957,-0.00844238845928419,0.009389160375385208,-0.01226757774806929,0.013214349664170308,0.9145507011673479,0.9401436474525415,0.00021180989524427485,-0.007611660948805702,0.009368934390670165,500.0,0.0014587039084513142,2.081426230846665,2026-08-13,True,,,,pilot_observational,False
election_gas_four,Election-day gasoline above $4,KXAAAGASED-26NOV03-4.00,energy_iran,equipment_minus_generators,Equipment minus generators,relative_return_contrast,market_conditioned,0.1,True,True,34,43,0.8095238095238095,30,7,0.2,0.565,30.999999999999993,4.499999999999995,2026-07-15,2026-09-04,estimated,0.0009603642215653502,-0.005766968692522605,2.303382523393385,0.0062456314562978075,0.005204596448904102,-0.009654480219041566,0.011575208662172265,-0.011777685114790413,0.013698413557921112,0.8548055624653577,0.878791081429104,0.3026302921167008,-0.006898979451587546,0.012755494611834152,500.0,0.004351535129233161,3.5311299937229603,2026-08-13,True,0.9378926187072435,0.9915527907147141,0.9915527907147141,pilot_observational,False
election_gas_four,Election-day gasoline above $4,KXAAAGASED-26NOV03-4.00,energy_iran,hospitals_minus_managed_care,Hospitals minus managed care,relative_return_contrast,raw,0.1,True,False,34,43,0.8095238095238095,30,7,0.2,0.565,30.999999999999993,4.499999999999995,2026-07-15,2026-09-04,estimated,0.000540607273793943,0.004059683412653022,,0.002956418482315194,0.002315881632989597,-0.004176689243949396,0.005257903791537283,-0.0054814201100555834,0.00656263465764347,0.8169106958968327,0.856062398519708,0.0005618098959723206,-0.004007885259913321,0.005614937948200098,500.0,1.8085893027516533e-05,0.9665452281087691,2026-08-13,True,,,,pilot_observational,False
election_gas_four,Election-day gasoline above $4,KXAAAGASED-26NOV03-4.00,energy_iran,hospitals_minus_managed_care,Hospitals minus managed care,relative_return_contrast,market_conditioned,0.1,True,True,34,43,0.8095238095238095,30,7,0.2,0.565,30.999999999999993,4.499999999999995,2026-07-15,2026-09-04,estimated,0.0005400548628509359,0.004062477508901772,-0.002612875783551405,0.003024914188951152,0.0023527450295776384,-0.004258400260914974,0.0053385099866168455,-0.005629298299710226,0.006709408025412097,0.8199551479179403,0.8594640441883235,0.0005626013466126789,-0.004051393503475775,0.005683771553911759,500.0,-8.059446657137807e-06,1.0149233850327581,2026-08-13,False,0.9233176150107776,0.9915527907147141,0.9915527907147141,pilot_observational,False
election_gas_four,Election-day gasoline above $4,KXAAAGASED-26NOV03-4.00,energy_iran,sector_technology,Technology sector,sector,raw,0.15,True,False,34,43,0.8095238095238095,30,7,0.2,0.565,30.999999999999993,4.499999999999995,2026-07-15,2026-09-04,estimated,-0.002619932387425264,0.0009575839109980965,,0.003406277409489277,0.0024910401538421768,-0.007694015136684375,0.002454150361833847,-0.00955829241988887,0.004318427645038343,0.30079554232309685,0.44744553585193997,0.017300962742813564,,,,-0.005206601482849661,0.9873037593792426,2026-08-13,True,,,,pilot_observational,False
election_gas_four,Election-day gasoline above $4,KXAAAGASED-26NOV03-4.00,energy_iran,sector_technology,Technology sector,sector,market_conditioned,0.15,True,False,34,43,0.8095238095238095,30,7,0.2,0.565,30.999999999999993,4.499999999999995,2026-07-15,2026-09-04,estimated,-0.0021928515444647003,-0.0012025923062461774,2.0200707576786905,0.0018282279731025588,0.0010269094209222264,-0.004287247116666731,-9.845597226267001e-05,-0.00592154707868542,0.00153584398975602,0.04073768397222398,0.23944413048629046,0.637575508655509,,,,-0.0028209022133819706,0.28640820237130304,2026-08-13,True,,,,pilot_observational,False
election_gas_four,Election-day gasoline above $4,KXAAAGASED-26NOV03-4.00,energy_iran,sector_consumer_discretionary,Consumer discretionary sector,sector,raw,0.15,True,False,34,43,0.8095238095238095,30,7,0.2,0.565,30.999999999999993,4.499999999999995,2026-07-15,2026-09-04,estimated,0.0017365222218776206,0.0003575472677087406,,0.0022995051536323897,0.001499152979235601,-0.0013171524684749243,0.004790196912230166,-0.0029474164990145376,0.006420460942769778,0.255299160905365,0.4556683395974943,0.014643042008963603,,,,0.0018848271553097479,0.0854034181444405,2026-08-13,True,,,,pilot_observational,False
election_gas_four,Election-day gasoline above $4,KXAAAGASED-26NOV03-4.00,energy_iran,sector_consumer_discretionary,Consumer discretionary sector,sector,market_conditioned,0.15,True,False,34,43,0.8095238095238095,30,7,0.2,0.565,30.999999999999993,4.499999999999995,2026-07-15,2026-09-04,estimated,0.001960999948830666,-0.0007778617656339229,1.061768279805286,0.002303011410508176,0.001814193139752265,-0.0017390713540541974,0.00566107125171553,-0.0027360227901051175,0.006658022687766449,0.28806978115962256,0.40102514765627184,0.3447774595863413,,,,0.0032048946514732788,0.6343165400816765,2026-08-13,True,,,,pilot_observational,False
election_gas_four,Election-day gasoline above $4,KXAAAGASED-26NOV03-4.00,energy_iran,sector_communications,Communication services sector,sector,raw,0.15,True,False,34,43,0.8095238095238095,30,7,0.2,0.565,30.999999999999993,4.499999999999995,2026-07-15,2026-09-04,estimated,0.0027424200963725126,0.0005982337286226354,,0.00250021420789513,0.001775043250891962,-0.0008732246874531393,0.006358064880198164,-0.002350349589481764,0.00783518978222679,0.13218249176757263,0.2808824145461764,0.03735445890750366,,,,0.0010092179594323257,0.631997314792416,2026-08-13,True,,,,pilot_observational,False
election_gas_four,Election-day gasoline above $4,KXAAAGASED-26NOV03-4.00,energy_iran,sector_communications,Communication services sector,sector,market_conditioned,0.15,True,False,34,43,0.8095238095238095,30,7,0.2,0.565,30.999999999999993,4.499999999999995,2026-07-15,2026-09-04,estimated,0.0028879174766016204,-0.00013769246807471378,0.6881952397635829,0.0020213849366978363,0.001412942335710402,6.202583937507146e-06,0.005769632369265734,-0.00123472428213677,0.007010559235340011,0.04953847140723605,0.16309471351053914,0.1792139851121307,,,,0.001784615370946551,0.38204073163246643,2026-08-13,True,,,,pilot_observational,False
election_gas_four,Election-day gasoline above $4,KXAAAGASED-26NOV03-4.00,energy_iran,sector_industrials,Industrials sector,sector,raw,0.15,True,False,34,43,0.8095238095238095,30,7,0.2,0.565,30.999999999999993,4.499999999999995,2026-07-15,2026-09-04,estimated,-0.0007198458607825947,-0.0005921416799106497,,0.0012414795791741854,0.0008963360827941461,-0.0025456227147724053,0.0011059309932072157,-0.003248657010827308,0.0018089652892621187,0.4278431054255961,0.5660903898910286,0.004644329689422744,,,,-0.00107008678181028,0.48654988534200067,2026-08-13,True,,,,pilot_observational,False
election_gas_four,Election-day gasoline above $4,KXAAAGASED-26NOV03-4.00,energy_iran,sector_industrials,Industrials sector,sector,market_conditioned,0.15,True,False,34,43,0.8095238095238095,30,7,0.2,0.565,30.999999999999993,4.499999999999995,2026-07-15,2026-09-04,estimated,-0.0005550893038789989,-0.001425480851461981,0.7792901700522101,0.0009942134217387738,0.0008635950156993612,-0.0023164029506387634,0.0012062243428807658,-0.0025828009461030116,0.0014726223383450135,0.5251020740873074,0.5806363882757187,0.33289309895383656,,,,-0.00012134793396919733,0.7813902499630053,2026-08-13,True,,,,pilot_observational,False
election_gas_four,Election-day gasoline above $4,KXAAAGASED-26NOV03-4.00,energy_iran,sector_utilities,Utilities sector,sector,raw,0.15,True,False,34,43,0.8095238095238095,30,7,0.2,0.565,30.999999999999993,4.499999999999995,2026-07-15,2026-09-04,estimated,-0.0011053227385387464,-0.0009099312470949231,,0.0025550915935295335,0.0017493546814022346,-0.0046686416186249805,0.002457996141547488,-0.0063098740009936575,0.004099228523916165,0.5319759372835403,0.668209779816178,0.01667307177473143,,,,-0.002437541343307516,1.2052756704616276,2026-08-13,True,,,,pilot_observational,False
election_gas_four,Election-day gasoline above $4,KXAAAGASED-26NOV03-4.00,energy_iran,sector_utilities,Utilities sector,sector,market_conditioned,0.15,True,False,34,43,0.8095238095238095,30,7,0.2,0.565,30.999999999999993,4.499999999999995,2026-07-15,2026-09-04,estimated,-0.0011041533183853921,-0.0009158461778273094,0.005531298100037704,0.002599141452678914,0.0017886304321034542,-0.004752089135294206,0.002543782498523421,-0.0064051372602103316,0.004196830623439548,0.5415333903709361,0.6739059779279212,0.01669825157219218,,,,-0.002489116768428456,1.2543216843004206,2026-08-13,True,,,,pilot_observational,False
election_gas_four,Election-day gasoline above $4,KXAAAGASED-26NOV03-4.00,energy_iran,sector_real_estate,Real estate sector,sector,raw,0.15,True,False,34,43,0.8095238095238095,30,7,0.2,0.565,30.999999999999993,4.499999999999995,2026-07-15,2026-09-04,estimated,0.002418279851072652,-0.00027108666490465545,,0.001944683632014797,0.0013954533572694283,-0.0004241656215927879,0.005260725323738093,-0.0015429110814593819,0.006379470783604686,0.09272932284889583,0.22270463835622395,0.07524626226472864,,,,0.0013800449390534157,0.4293278594529566,2026-08-13,True,,,,pilot_observational,False
election_gas_four,Election-day gasoline above $4,KXAAAGASED-26NOV03-4.00,energy_iran,sector_real_estate,Real estate sector,sector,market_conditioned,0.15,True,False,34,43,0.8095238095238095,30,7,0.2,0.565,30.999999999999993,4.499999999999995,2026-07-15,2026-09-04,estimated,0.00242699306012739,-0.00031515810310227656,0.04121303754812626,0.0019609493533712975,0.0014085611156888565,-0.00044578627539116006,0.005299772395645941,-0.0015723895137757138,0.006426375634030495,0.0948461118597304,0.22513386551823225,0.07656422083571768,,,,0.0013855044312952056,0.42912715571486554,2026-08-13,True,,,,pilot_observational,False
election_gas_four,Election-day gasoline above $4,KXAAAGASED-26NOV03-4.00,energy_iran,sector_energy,Energy sector,sector,raw,0.15,True,False,34,43,0.8095238095238095,30,7,0.2,0.565,30.999999999999993,4.499999999999995,2026-07-15,2026-09-04,estimated,0.005499422195905917,0.002641141003180669,,0.0041242076513970626,0.003006005371512571,-0.0006236103759482093,0.011622454767760044,-0.002901313884578035,0.013900158276389869,0.07665921639278549,0.19179928571344898,0.15125878949396343,,,,0.008373571146385287,0.5226274412281077,2026-08-13,True,,,,pilot_observational,False
election_gas_four,Election-day gasoline above $4,KXAAAGASED-26NOV03-4.00,energy_iran,sector_energy,Energy sector,sector,market_conditioned,0.15,True,False,34,43,0.8095238095238095,30,7,0.2,0.565,30.999999999999993,4.499999999999995,2026-07-15,2026-09-04,estimated,0.0053732307635230405,0.0032794176562935236,-0.5968790842013526,0.0037224850172166628,0.0026736516901792184,-7.971780957796021e-05,0.010826179336624041,-0.0022188274830995097,0.01296528901014559,0.053235923470656046,0.15892329198469668,0.2587121270585092,,,,0.007761176405862789,0.4444152405570715,2026-08-13,True,,,,pilot_observational,False
election_gas_four,Election-day gasoline above $4,KXAAAGASED-26NOV03-4.00,energy_iran,sector_financials,Financials sector,sector,raw,0.15,True,False,34,43,0.8095238095238095,30,7,0.2,0.565,30.999999999999993,4.499999999999995,2026-07-15,2026-09-04,estimated,-0.00012143697879446323,0.0013634366470597918,,0.0011641692032654557,0.0010439187226677085,-0.0022478298328585974,0.0020049558752696706,-0.0024927720463552507,0.002249898088766324,0.9081195911572213,0.9175727106598539,0.0002643204357584139,,,,-0.0008525126829297264,6.020206623985904,2026-08-13,True,,,,pilot_observational,False
election_gas_four,Election-day gasoline above $4,KXAAAGASED-26NOV03-4.00,energy_iran,sector_financials,Financials sector,sector,market_conditioned,0.15,True,False,34,43,0.8095238095238095,30,7,0.2,0.565,30.999999999999993,4.499999999999995,2026-07-15,2026-09-04,estimated,-1.2503427924631032e-05,0.0008124504117190761,0.515250178670672,0.0009685797495944637,0.0007257084195681412,-0.0014925955077969419,0.0014675886519476796,-0.001987934851129806,0.001962927995280544,0.9863641238703261,0.98978309035983,0.28722727016361327,,,,-0.0002471301166653029,18.764989101786302,2026-08-13,True,,,,pilot_observational,False
election_gas_four,Election-day gasoline above $4,KXAAAGASED-26NOV03-4.00,energy_iran,sector_healthcare,Healthcare sector,sector,raw,0.15,True,False,34,43,0.8095238095238095,30,7,0.2,0.565,30.999999999999993,4.499999999999995,2026-07-15,2026-09-04,estimated,0.0005556805282793276,0.0028065149540197907,,0.0015757880188278328,0.0011337453663654744,-0.0017536832114638961,0.0028650442680225514,-0.002654094629496019,0.0037654556860546745,0.6273869845015008,0.726673069360665,0.0023575616502636842,,,,0.0012870756395973366,1.3162151165936729,2026-08-13,True,,,,pilot_observational,False
election_gas_four,Election-day gasoline above $4,KXAAAGASED-26NOV03-4.00,energy_iran,sector_healthcare,Healthcare sector,sector,market_conditioned,0.15,True,False,34,43,0.8095238095238095,30,7,0.2,0.565,30.999999999999993,4.499999999999995,2026-07-15,2026-09-04,estimated,0.0005023574402535865,0.003076223297256964,-0.25221550581202956,0.0014464882007804705,0.0012112875159824388,-0.0019680797360447024,0.002972794616551875,-0.0024477746952919315,0.003452489575799104,0.6811956008914556,0.7307169140559988,0.03164739888808843,,,,0.0010071198360722291,1.0047873393969087,2026-08-13,True,,,,pilot_observational,False
election_gas_four,Election-day gasoline above $4,KXAAAGASED-26NOV03-4.00,energy_iran,sector_staples,Consumer staples sector,sector,raw,0.15,True,False,34,43,0.8095238095238095,30,7,0.2,0.565,30.999999999999993,4.499999999999995,2026-07-15,2026-09-04,estimated,0.0009658414528898986,0.0010724530800567287,,0.0018021903165100308,0.0012114746025437104,-0.0015018515597864592,0.0034335344655662564,-0.0027051000940702973,0.004636782999850094,0.4311851542499014,0.5957152578403576,0.00815947576043774,,,,-4.423643336301951e-05,1.045800926467444,2026-08-13,False,,,,pilot_observational,False
election_gas_four,Election-day gasoline above $4,KXAAAGASED-26NOV03-4.00,energy_iran,sector_staples,Consumer staples sector,sector,market_conditioned,0.15,True,False,34,43,0.8095238095238095,30,7,0.2,0.565,30.999999999999993,4.499999999999995,2026-07-15,2026-09-04,estimated,0.0009143983705273994,0.0013326523488669893,-0.243323174237848,0.0019246535902940516,0.0012916814454386383,-0.0017200033059054523,0.003548800046960251,-0.0030109585065324434,0.004839755247587242,0.48428809688037977,0.6380477712979534,0.039389923710235086,,,,-0.00038955557864430254,1.4260239204271743,2026-08-13,False,,,,pilot_observational,False
election_gas_four,Election-day gasoline above $4,KXAAAGASED-26NOV03-4.00,energy_iran,cloud_platforms,Cloud platforms,theme,raw,0.15,True,False,34,43,0.8095238095238095,30,7,0.2,0.565,30.999999999999993,4.499999999999995,2026-07-15,2026-09-04,estimated,0.003409568673076596,0.00356975801479771,,0.005664531337403581,0.003176272908998688,-0.003060287523191844,0.009879424869345036,-0.008128704083155401,0.014947841429308594,0.29109789153190635,0.5514716879510646,0.017587730632086074,,,,0.005067228213465177,0.48617866344155647,2026-08-13,True,,,,pilot_observational,False
election_gas_four,Election-day gasoline above $4,KXAAAGASED-26NOV03-4.00,energy_iran,cloud_platforms,Cloud platforms,theme,market_conditioned,0.15,True,False,34,43,0.8095238095238095,30,7,0.2,0.565,30.999999999999993,4.499999999999995,2026-07-15,2026-09-04,estimated,0.003817155537408377,0.0015081824014144057,1.9278652260378057,0.005852447994509475,0.004025121674237286,-0.004392134240580192,0.012026445315396947,-0.008118990841729392,0.015753301916546145,0.35029469432152993,0.5190586764597757,0.3566855156008629,,,,0.007524971568681342,0.9713557634568784,2026-08-13,True,,,,pilot_observational,False
election_gas_four,Election-day gasoline above $4,KXAAAGASED-26NOV03-4.00,energy_iran,electrical_equipment,Electrical equipment,theme,raw,0.15,True,False,34,43,0.8095238095238095,30,7,0.2,0.565,30.999999999999993,4.499999999999995,2026-07-15,2026-09-04,estimated,-0.003974970441542969,-0.0006061430122144148,,0.006194475632863136,0.0026544854889651126,-0.009381980443746999,0.0014320395606610605,-0.016592704403373005,0.008642763520287065,0.1440750499379787,0.5256408072313237,0.010988584698624626,,,,-0.004496666992807868,0.13124539136507163,2026-08-13,True,,,,pilot_observational,False
election_gas_four,Election-day gasoline above $4,KXAAAGASED-26NOV03-4.00,energy_iran,electrical_equipment,Electrical equipment,theme,market_conditioned,0.15,True,False,34,43,0.8095238095238095,30,7,0.2,0.565,30.999999999999993,4.499999999999995,2026-07-15,2026-09-04,estimated,-0.003383392193016147,-0.003598347612748698,2.7981351550300126,0.005372566794769521,0.0038367408430331354,-0.01120847673272052,0.0044416923466882256,-0.014340814412611438,0.007574030026579144,0.38464997817284535,0.5334703764810917,0.33936504776875276,,,,-0.0010578370080617878,0.6873442546077485,2026-08-13,True,,,,pilot_observational,False
election_gas_four,Election-day gasoline above $4,KXAAAGASED-26NOV03-4.00,energy_iran,regulated_utilities,Regulated utilities,theme,raw,0.15,True,False,34,43,0.8095238095238095,30,7,0.2,0.565,30.999999999999993,4.499999999999995,2026-07-15,2026-09-04,estimated,-0.00011143088116328471,-0.0006901129550242694,,0.0025371640335471795,0.001821668684465226,-0.0038220485652876025,0.003599186802961033,-0.005279464898923258,0.005056603136596689,0.951604537763871,0.9652415225318969,0.0001315014183056462,,,,-0.0013110278568595009,10.765390735252218,2026-08-13,True,,,,pilot_observational,False
election_gas_four,Election-day gasoline above $4,KXAAAGASED-26NOV03-4.00,energy_iran,regulated_utilities,Regulated utilities,theme,market_conditioned,0.15,True,False,34,43,0.8095238095238095,30,7,0.2,0.565,30.999999999999993,4.499999999999995,2026-07-15,2026-09-04,estimated,-0.00013583685896380117,-0.0005666674442450913,-0.11543903895481505,0.0026156709696160264,0.001839804209076081,-0.003888142282111178,0.003616468564183576,-0.005470532972844419,0.005198859254916816,0.9416182389671539,0.9589161299303437,0.0086425957591304,,,,-0.001506445938238368,10.09011169523448,2026-08-13,True,,,,pilot_observational,False
election_gas_four,Election-day gasoline above $4,KXAAAGASED-26NOV03-4.00,energy_iran,power_generators,Power generators,theme,raw,0.15,True,False,34,43,0.8095238095238095,30,7,0.2,0.565,30.999999999999993,4.499999999999995,2026-07-15,2026-09-04,estimated,-0.004448356399593477,0.0026976881256770857,,0.004115799570452447,0.0029115113734870285,-0.010378910996112522,0.0014821981969255684,-0.01283196577964683,0.003935252980459877,0.13637478725637242,0.28786450003266717,0.02946386746912244,,,,-0.005955370901259183,0.33878007207413247,2026-08-13,True,,,,pilot_observational,False
election_gas_four,Election-day gasoline above $4,KXAAAGASED-26NOV03-4.00,energy_iran,power_generators,Power generators,theme,market_conditioned,0.15,True,False,34,43,0.8095238095238095,30,7,0.2,0.565,30.999999999999993,4.499999999999995,2026-07-15,2026-09-04,estimated,-0.004343756414581496,0.0021686210797739066,0.49475263163662797,0.003979624837633748,0.0029099610454586455,-0.010278661095284154,0.001591148266121163,-0.012460254782548648,0.0037727419533856573,0.14561900500324765,0.2834643267473264,0.05144385893932979,,,,-0.00540937213729495,0.24532124295374927,2026-08-13,True,,,,pilot_observational,False
election_gas_four,Election-day gasoline above $4,KXAAAGASED-26NOV03-4.00,energy_iran,data_center_reits,Data-center REITs,theme,raw,0.15,True,False,34,43,0.8095238095238095,30,7,0.2,0.565,30.999999999999993,4.499999999999995,2026-07-15,2026-09-04,estimated,0.0023801062151510553,0.0015945153433348472,,0.0056797218812782825,0.006225249345990726,-0.010300311749050646,0.015060524179352755,-0.009189108666404615,0.013949321096706725,0.7047434061558467,0.6779768405644154,0.01224309550601188,,,,0.003203157604271901,0.345804478758781,2026-08-13,True,,,,pilot_observational,False
election_gas_four,Election-day gasoline above $4,KXAAAGASED-26NOV03-4.00,energy_iran,data_center_reits,Data-center REITs,theme,market_conditioned,0.15,True,False,34,43,0.8095238095238095,30,7,0.2,0.565,30.999999999999993,4.499999999999995,2026-07-15,2026-09-04,estimated,0.0026061422186824204,0.0004512245422663391,1.0691388491017602,0.006073323106699385,0.006244177680575807,-0.010128942122540277,0.015341226559905117,-0.009780481921740986,0.014992766359105826,0.6792831759914036,0.6708085287660249,0.1612229253869879,,,,0.0045619315563590395,0.7504538024273295,2026-08-13,True,,,,pilot_observational,False
election_gas_four,Election-day gasoline above $4,KXAAAGASED-26NOV03-4.00,energy_iran,integrated_energy,Integrated energy,theme,raw,0.15,True,False,34,43,0.8095238095238095,30,7,0.2,0.565,30.999999999999993,4.499999999999995,2026-07-15,2026-09-04,estimated,0.005060847436363047,0.002890599621756411,,0.004179670570075845,0.003002185996828285,-0.00105440532384549,0.011176100196571583,-0.0034528629125033326,0.013574557785229426,0.10157823626212602,0.23482984168261395,0.11031009855944685,,,,0.007957754926896328,0.5724154950253015,2026-08-13,True,,,,pilot_observational,False
election_gas_four,Election-day gasoline above $4,KXAAAGASED-26NOV03-4.00,energy_iran,integrated_energy,Integrated energy,theme,market_conditioned,0.15,True,False,34,43,0.8095238095238095,30,7,0.2,0.565,30.999999999999993,4.499999999999995,2026-07-15,2026-09-04,estimated,0.004882263812979257,0.0037938761380917323,-0.8446914942312437,0.003572571653636247,0.0025345043973662735,-0.00028689198540008364,0.010051419611358598,-0.0024040441128265217,0.012168571738785036,0.0632765147400451,0.18158253802012148,0.2956315598562683,,,,0.0070397775916429435,0.4419084796130931,2026-08-13,True,,,,pilot_observational,False
election_gas_four,Election-day gasoline above $4,KXAAAGASED-26NOV03-4.00,energy_iran,homebuilders,Homebuilders,theme,raw,0.15,True,False,34,43,0.8095238095238095,30,7,0.2,0.565,30.999999999999993,4.499999999999995,2026-07-15,2026-09-04,estimated,0.0003268067335561413,0.00023835035395203833,,0.0051447252961107645,0.0039504453240837714,-0.0077199870685861404,0.008373600535698423,-0.010152655765034518,0.010806269232146802,0.9345842900738934,0.9497454500176461,0.00020482489728235187,,,,-0.0036259460742287925,12.09507761597544,2026-08-13,False,,,,pilot_observational,False
election_gas_four,Election-day gasoline above $4,KXAAAGASED-26NOV03-4.00,energy_iran,homebuilders,Homebuilders,theme,market_conditioned,0.15,True,False,34,43,0.8095238095238095,30,7,0.2,0.565,30.999999999999993,4.499999999999995,2026-07-15,2026-09-04,estimated,0.0005613063726013619,-0.0009477495415767085,1.1091714164411768,0.004571287735732636,0.003287255667822561,-0.0061430957636655565,0.007265708508868281,-0.00876189643177234,0.009884509176975064,0.8655281817188779,0.9030663634038294,0.14248971533899368,,,,-0.0024270673454424773,5.3239618573975696,2026-08-13,False,,,,pilot_observational,False
election_gas_four,Election-day gasoline above $4,KXAAAGASED-26NOV03-4.00,energy_iran,machinery_distribution,Machinery and distribution,theme,raw,0.15,True,False,34,43,0.8095238095238095,30,7,0.2,0.565,30.999999999999993,4.499999999999995,2026-07-15,2026-09-04,estimated,-0.0010746800542550585,0.00018779535760152265,,0.002184625074761372,0.0016934102836772824,-0.004524043925235545,0.0023746838167254276,-0.005524615711995514,0.003375255603485397,0.5301846703157297,0.6261275023613254,0.005758569554531023,,,,-5.098188936433876e-05,0.9525608676159174,2026-08-13,True,,,,pilot_observational,False
election_gas_four,Election-day gasoline above $4,KXAAAGASED-26NOV03-4.00,energy_iran,machinery_distribution,Machinery and distribution,theme,market_conditioned,0.15,True,False,34,43,0.8095238095238095,30,7,0.2,0.565,30.999999999999993,4.499999999999995,2026-07-15,2026-09-04,estimated,-0.0008856813707930805,-0.0007681605646423172,0.893954200929976,0.0027792230860724616,0.0022374998900463643,-0.005449092482853126,0.0036777297412669656,-0.006553944225373189,0.004782581483787028,0.6949377951910032,0.7521068601496077,0.24605508377019003,,,,0.0010998612298708632,2.241824956627456,2026-08-13,False,,,,pilot_observational,False
election_gas_four,Election-day gasoline above $4,KXAAAGASED-26NOV03-4.00,energy_iran,managed_care,Managed care (UNH only),single_company_proxy,raw,0.15,True,False,34,43,0.8095238095238095,30,7,0.2,0.565,30.999999999999993,4.499999999999995,2026-07-15,2026-09-04,estimated,-0.0009034446964802443,-0.001736860424528822,,0.0025408023375204512,0.0023337428137536593,-0.005657123248875471,0.0038502338559149823,-0.006078889696917019,0.00427200030395653,0.7012281476176351,0.7244924964941409,0.003658072457012662,,,,0.0008276040655597816,1.9160539308981144,2026-08-13,False,,,,pilot_observational,False
election_gas_four,Election-day gasoline above $4,KXAAAGASED-26NOV03-4.00,energy_iran,managed_care,Managed care (UNH only),single_company_proxy,market_conditioned,0.15,True,False,34,43,0.8095238095238095,30,7,0.2,0.565,30.999999999999993,4.499999999999995,2026-07-15,2026-09-04,estimated,-0.0008765048081094379,-0.0018731224627659368,0.12742430762229112,0.0027162021218436992,0.0024023836663531156,-0.00577619859903972,0.004023188982820844,-0.006416235558740119,0.0046632259425212425,0.7177022161933334,0.7490927120828084,0.0080465554023057,,,,0.0010611541242858554,2.2106654914702566,2026-08-13,False,,,,pilot_observational,False
election_gas_four,Election-day gasoline above $4,KXAAAGASED-26NOV03-4.00,energy_iran,hospitals,Hospitals (HCA only),single_company_proxy,raw,0.15,True,False,34,43,0.8095238095238095,30,7,0.2,0.565,30.999999999999993,4.499999999999995,2026-07-15,2026-09-04,estimated,-0.0003628374226863016,0.0023228229881241996,,0.0027490208121364475,0.002139546050846934,-0.004720950113524803,0.0039952752681522005,-0.005962409576792799,0.005236734731420197,0.8664031538316224,0.895820291807681,0.0002812669296680115,,,,0.0008456899585872982,3.330768288249188,2026-08-13,False,,,,pilot_observational,False
election_gas_four,Election-day gasoline above $4,KXAAAGASED-26NOV03-4.00,energy_iran,hospitals,Hospitals (HCA only),single_company_proxy,market_conditioned,0.15,True,False,34,43,0.8095238095238095,30,7,0.2,0.565,30.999999999999993,4.499999999999995,2026-07-15,2026-09-04,estimated,-0.00033644994525850217,0.0021893550461358356,0.12481143183873981,0.002840787989826342,0.0021899031842560535,-0.004802786935855036,0.004129887045338031,-0.006130275248870751,0.005457375358353746,0.8788918267288854,0.9064867762931024,0.002288343534122439,,,,0.0010530946776287169,4.130018870472992,2026-08-13,False,,,,pilot_observational,False
election_gas_four,Election-day gasoline above $4,KXAAAGASED-26NOV03-4.00,energy_iran,generators_minus_regulated,Generators minus regulated utilities,relative_return_contrast,raw,0.15,True,False,34,43,0.8095238095238095,30,7,0.2,0.565,30.999999999999993,4.499999999999995,2026-07-15,2026-09-04,estimated,-0.004336925518430192,0.0033878010807013555,,0.00339925135212598,0.0025394887479385352,-0.00950969482444794,0.0008358437875875552,-0.011260973940377436,0.002587122903517052,0.09736016622325576,0.2111931613125573,0.02525835677627386,,,,-0.0046443430443996805,0.0708837457925176,2026-08-13,True,,,,pilot_observational,False
election_gas_four,Election-day gasoline above $4,KXAAAGASED-26NOV03-4.00,energy_iran,generators_minus_regulated,Generators minus regulated utilities,relative_return_contrast,market_conditioned,0.15,True,False,34,43,0.8095238095238095,30,7,0.2,0.565,30.999999999999993,4.499999999999995,2026-07-15,2026-09-04,estimated,-0.004207919555617695,0.002735288524018998,0.6101916705914431,0.003305220967539165,0.0024140201874032975,-0.009131346187699098,0.0007155070764637084,-0.01094896216222517,0.002533123050989779,0.09122562722918008,0.2124427365092556,0.055411626190330354,,,,-0.0039029261990565804,0.07248079544532636,2026-08-13,True,,,,pilot_observational,False
election_gas_four,Election-day gasoline above $4,KXAAAGASED-26NOV03-4.00,energy_iran,equipment_minus_generators,Equipment minus generators,relative_return_contrast,raw,0.15,True,False,34,43,0.8095238095238095,30,7,0.2,0.565,30.999999999999993,4.499999999999995,2026-07-15,2026-09-04,estimated,0.00047338595805050795,-0.0033038311378915004,,0.006254973314186588,0.004377057524223957,-0.00844238845928419,0.009389160375385208,-0.01226757774806929,0.013214349664170308,0.9145507011673479,0.9401436474525415,0.00021180989524427485,,,,0.0014587039084513142,2.081426230846665,2026-08-13,True,,,,pilot_observational,False
election_gas_four,Election-day gasoline above $4,KXAAAGASED-26NOV03-4.00,energy_iran,equipment_minus_generators,Equipment minus generators,relative_return_contrast,market_conditioned,0.15,True,False,34,43,0.8095238095238095,30,7,0.2,0.565,30.999999999999993,4.499999999999995,2026-07-15,2026-09-04,estimated,0.0009603642215653502,-0.005766968692522605,2.303382523393385,0.0062456314562978075,0.005204596448904102,-0.009654480219041566,0.011575208662172265,-0.011777685114790413,0.013698413557921112,0.8548055624653577,0.878791081429104,0.3026302921167008,,,,0.004351535129233161,3.5311299937229603,2026-08-13,True,,,,pilot_observational,False
election_gas_four,Election-day gasoline above $4,KXAAAGASED-26NOV03-4.00,energy_iran,hospitals_minus_managed_care,Hospitals minus managed care,relative_return_contrast,raw,0.15,True,False,34,43,0.8095238095238095,30,7,0.2,0.565,30.999999999999993,4.499999999999995,2026-07-15,2026-09-04,estimated,0.000540607273793943,0.004059683412653022,,0.002956418482315194,0.002315881632989597,-0.004176689243949396,0.005257903791537283,-0.0054814201100555834,0.00656263465764347,0.8169106958968327,0.856062398519708,0.0005618098959723206,,,,1.8085893027516533e-05,0.9665452281087691,2026-08-13,True,,,,pilot_observational,False
election_gas_four,Election-day gasoline above $4,KXAAAGASED-26NOV03-4.00,energy_iran,hospitals_minus_managed_care,Hospitals minus managed care,relative_return_contrast,market_conditioned,0.15,True,False,34,43,0.8095238095238095,30,7,0.2,0.565,30.999999999999993,4.499999999999995,2026-07-15,2026-09-04,estimated,0.0005400548628509359,0.004062477508901772,-0.002612875783551405,0.003024914188951152,0.0023527450295776384,-0.004258400260914974,0.0053385099866168455,-0.005629298299710226,0.006709408025412097,0.8199551479179403,0.8594640441883235,0.0005626013466126789,,,,-8.059446657137807e-06,1.0149233850327581,2026-08-13,False,,,,pilot_observational,False
fed_2027_above375,End-2027 Fed upper bound above 3.75%,KXFEDFUNDSYEAR-28JAN01-T3.75,fed_rates,sector_technology,Technology sector,sector,raw,0.05,True,False,14,43,0.3333333333333333,6,1,0.56,0.635,6.000000000000005,1.99999999999999,2026-07-31,2026-09-02,insufficient_observations,,,,,,,,,,,,,,,,,,,,,,,insufficient_evidence,False
fed_2027_above375,End-2027 Fed upper bound above 3.75%,KXFEDFUNDSYEAR-28JAN01-T3.75,fed_rates,sector_technology,Technology sector,sector,market_conditioned,0.05,True,False,14,43,0.3333333333333333,6,1,0.56,0.635,6.000000000000005,1.99999999999999,2026-07-31,2026-09-02,insufficient_observations,,,,,,,,,,,,,,,,,,,,,,,insufficient_evidence,False
fed_2027_above375,End-2027 Fed upper bound above 3.75%,KXFEDFUNDSYEAR-28JAN01-T3.75,fed_rates,sector_consumer_discretionary,Consumer discretionary sector,sector,raw,0.05,True,False,14,43,0.3333333333333333,6,1,0.56,0.635,6.000000000000005,1.99999999999999,2026-07-31,2026-09-02,insufficient_observations,,,,,,,,,,,,,,,,,,,,,,,insufficient_evidence,False
fed_2027_above375,End-2027 Fed upper bound above 3.75%,KXFEDFUNDSYEAR-28JAN01-T3.75,fed_rates,sector_consumer_discretionary,Consumer discretionary sector,sector,market_conditioned,0.05,True,False,14,43,0.3333333333333333,6,1,0.56,0.635,6.000000000000005,1.99999999999999,2026-07-31,2026-09-02,insufficient_observations,,,,,,,,,,,,,,,,,,,,,,,insufficient_evidence,False
fed_2027_above375,End-2027 Fed upper bound above 3.75%,KXFEDFUNDSYEAR-28JAN01-T3.75,fed_rates,sector_communications,Communication services sector,sector,raw,0.05,True,False,14,43,0.3333333333333333,6,1,0.56,0.635,6.000000000000005,1.99999999999999,2026-07-31,2026-09-02,insufficient_observations,,,,,,,,,,,,,,,,,,,,,,,insufficient_evidence,False
fed_2027_above375,End-2027 Fed upper bound above 3.75%,KXFEDFUNDSYEAR-28JAN01-T3.75,fed_rates,sector_communications,Communication services sector,sector,market_conditioned,0.05,True,False,14,43,0.3333333333333333,6,1,0.56,0.635,6.000000000000005,1.99999999999999,2026-07-31,2026-09-02,insufficient_observations,,,,,,,,,,,,,,,,,,,,,,,insufficient_evidence,False
fed_2027_above375,End-2027 Fed upper bound above 3.75%,KXFEDFUNDSYEAR-28JAN01-T3.75,fed_rates,sector_industrials,Industrials sector,sector,raw,0.05,True,False,14,43,0.3333333333333333,6,1,0.56,0.635,6.000000000000005,1.99999999999999,2026-07-31,2026-09-02,insufficient_observations,,,,,,,,,,,,,,,,,,,,,,,insufficient_evidence,False
fed_2027_above375,End-2027 Fed upper bound above 3.75%,KXFEDFUNDSYEAR-28JAN01-T3.75,fed_rates,sector_industrials,Industrials sector,sector,market_conditioned,0.05,True,False,14,43,0.3333333333333333,6,1,0.56,0.635,6.000000000000005,1.99999999999999,2026-07-31,2026-09-02,insufficient_observations,,,,,,,,,,,,,,,,,,,,,,,insufficient_evidence,False
fed_2027_above375,End-2027 Fed upper bound above 3.75%,KXFEDFUNDSYEAR-28JAN01-T3.75,fed_rates,sector_utilities,Utilities sector,sector,raw,0.05,True,False,14,43,0.3333333333333333,6,1,0.56,0.635,6.000000000000005,1.99999999999999,2026-07-31,2026-09-02,insufficient_observations,,,,,,,,,,,,,,,,,,,,,,,insufficient_evidence,False
fed_2027_above375,End-2027 Fed upper bound above 3.75%,KXFEDFUNDSYEAR-28JAN01-T3.75,fed_rates,sector_utilities,Utilities sector,sector,market_conditioned,0.05,True,False,14,43,0.3333333333333333,6,1,0.56,0.635,6.000000000000005,1.99999999999999,2026-07-31,2026-09-02,insufficient_observations,,,,,,,,,,,,,,,,,,,,,,,insufficient_evidence,False
fed_2027_above375,End-2027 Fed upper bound above 3.75%,KXFEDFUNDSYEAR-28JAN01-T3.75,fed_rates,sector_real_estate,Real estate sector,sector,raw,0.05,True,False,14,43,0.3333333333333333,6,1,0.56,0.635,6.000000000000005,1.99999999999999,2026-07-31,2026-09-02,insufficient_observations,,,,,,,,,,,,,,,,,,,,,,,insufficient_evidence,False
fed_2027_above375,End-2027 Fed upper bound above 3.75%,KXFEDFUNDSYEAR-28JAN01-T3.75,fed_rates,sector_real_estate,Real estate sector,sector,market_conditioned,0.05,True,False,14,43,0.3333333333333333,6,1,0.56,0.635,6.000000000000005,1.99999999999999,2026-07-31,2026-09-02,insufficient_observations,,,,,,,,,,,,,,,,,,,,,,,insufficient_evidence,False
fed_2027_above375,End-2027 Fed upper bound above 3.75%,KXFEDFUNDSYEAR-28JAN01-T3.75,fed_rates,sector_energy,Energy sector,sector,raw,0.05,True,False,14,43,0.3333333333333333,6,1,0.56,0.635,6.000000000000005,1.99999999999999,2026-07-31,2026-09-02,insufficient_observations,,,,,,,,,,,,,,,,,,,,,,,insufficient_evidence,False
fed_2027_above375,End-2027 Fed upper bound above 3.75%,KXFEDFUNDSYEAR-28JAN01-T3.75,fed_rates,sector_energy,Energy sector,sector,market_conditioned,0.05,True,False,14,43,0.3333333333333333,6,1,0.56,0.635,6.000000000000005,1.99999999999999,2026-07-31,2026-09-02,insufficient_observations,,,,,,,,,,,,,,,,,,,,,,,insufficient_evidence,False
fed_2027_above375,End-2027 Fed upper bound above 3.75%,KXFEDFUNDSYEAR-28JAN01-T3.75,fed_rates,sector_financials,Financials sector,sector,raw,0.05,True,False,14,43,0.3333333333333333,6,1,0.56,0.635,6.000000000000005,1.99999999999999,2026-07-31,2026-09-02,insufficient_observations,,,,,,,,,,,,,,,,,,,,,,,insufficient_evidence,False
fed_2027_above375,End-2027 Fed upper bound above 3.75%,KXFEDFUNDSYEAR-28JAN01-T3.75,fed_rates,sector_financials,Financials sector,sector,market_conditioned,0.05,True,False,14,43,0.3333333333333333,6,1,0.56,0.635,6.000000000000005,1.99999999999999,2026-07-31,2026-09-02,insufficient_observations,,,,,,,,,,,,,,,,,,,,,,,insufficient_evidence,False
fed_2027_above375,End-2027 Fed upper bound above 3.75%,KXFEDFUNDSYEAR-28JAN01-T3.75,fed_rates,sector_healthcare,Healthcare sector,sector,raw,0.05,True,False,14,43,0.3333333333333333,6,1,0.56,0.635,6.000000000000005,1.99999999999999,2026-07-31,2026-09-02,insufficient_observations,,,,,,,,,,,,,,,,,,,,,,,insufficient_evidence,False
fed_2027_above375,End-2027 Fed upper bound above 3.75%,KXFEDFUNDSYEAR-28JAN01-T3.75,fed_rates,sector_healthcare,Healthcare sector,sector,market_conditioned,0.05,True,False,14,43,0.3333333333333333,6,1,0.56,0.635,6.000000000000005,1.99999999999999,2026-07-31,2026-09-02,insufficient_observations,,,,,,,,,,,,,,,,,,,,,,,insufficient_evidence,False
fed_2027_above375,End-2027 Fed upper bound above 3.75%,KXFEDFUNDSYEAR-28JAN01-T3.75,fed_rates,sector_staples,Consumer staples sector,sector,raw,0.05,True,False,14,43,0.3333333333333333,6,1,0.56,0.635,6.000000000000005,1.99999999999999,2026-07-31,2026-09-02,insufficient_observations,,,,,,,,,,,,,,,,,,,,,,,insufficient_evidence,False
fed_2027_above375,End-2027 Fed upper bound above 3.75%,KXFEDFUNDSYEAR-28JAN01-T3.75,fed_rates,sector_staples,Consumer staples sector,sector,market_conditioned,0.05,True,False,14,43,0.3333333333333333,6,1,0.56,0.635,6.000000000000005,1.99999999999999,2026-07-31,2026-09-02,insufficient_observations,,,,,,,,,,,,,,,,,,,,,,,insufficient_evidence,False
fed_2027_above375,End-2027 Fed upper bound above 3.75%,KXFEDFUNDSYEAR-28JAN01-T3.75,fed_rates,cloud_platforms,Cloud platforms,theme,raw,0.05,True,False,14,43,0.3333333333333333,6,1,0.56,0.635,6.000000000000005,1.99999999999999,2026-07-31,2026-09-02,insufficient_observations,,,,,,,,,,,,,,,,,,,,,,,insufficient_evidence,False
fed_2027_above375,End-2027 Fed upper bound above 3.75%,KXFEDFUNDSYEAR-28JAN01-T3.75,fed_rates,cloud_platforms,Cloud platforms,theme,market_conditioned,0.05,True,False,14,43,0.3333333333333333,6,1,0.56,0.635,6.000000000000005,1.99999999999999,2026-07-31,2026-09-02,insufficient_observations,,,,,,,,,,,,,,,,,,,,,,,insufficient_evidence,False
fed_2027_above375,End-2027 Fed upper bound above 3.75%,KXFEDFUNDSYEAR-28JAN01-T3.75,fed_rates,electrical_equipment,Electrical equipment,theme,raw,0.05,True,False,14,43,0.3333333333333333,6,1,0.56,0.635,6.000000000000005,1.99999999999999,2026-07-31,2026-09-02,insufficient_observations,,,,,,,,,,,,,,,,,,,,,,,insufficient_evidence,False
fed_2027_above375,End-2027 Fed upper bound above 3.75%,KXFEDFUNDSYEAR-28JAN01-T3.75,fed_rates,electrical_equipment,Electrical equipment,theme,market_conditioned,0.05,True,False,14,43,0.3333333333333333,6,1,0.56,0.635,6.000000000000005,1.99999999999999,2026-07-31,2026-09-02,insufficient_observations,,,,,,,,,,,,,,,,,,,,,,,insufficient_evidence,False
fed_2027_above375,End-2027 Fed upper bound above 3.75%,KXFEDFUNDSYEAR-28JAN01-T3.75,fed_rates,regulated_utilities,Regulated utilities,theme,raw,0.05,True,False,14,43,0.3333333333333333,6,1,0.56,0.635,6.000000000000005,1.99999999999999,2026-07-31,2026-09-02,insufficient_observations,,,,,,,,,,,,,,,,,,,,,,,insufficient_evidence,False
fed_2027_above375,End-2027 Fed upper bound above 3.75%,KXFEDFUNDSYEAR-28JAN01-T3.75,fed_rates,regulated_utilities,Regulated utilities,theme,market_conditioned,0.05,True,False,14,43,0.3333333333333333,6,1,0.56,0.635,6.000000000000005,1.99999999999999,2026-07-31,2026-09-02,insufficient_observations,,,,,,,,,,,,,,,,,,,,,,,insufficient_evidence,False
fed_2027_above375,End-2027 Fed upper bound above 3.75%,KXFEDFUNDSYEAR-28JAN01-T3.75,fed_rates,power_generators,Power generators,theme,raw,0.05,True,False,14,43,0.3333333333333333,6,1,0.56,0.635,6.000000000000005,1.99999999999999,2026-07-31,2026-09-02,insufficient_observations,,,,,,,,,,,,,,,,,,,,,,,insufficient_evidence,False
fed_2027_above375,End-2027 Fed upper bound above 3.75%,KXFEDFUNDSYEAR-28JAN01-T3.75,fed_rates,power_generators,Power generators,theme,market_conditioned,0.05,True,False,14,43,0.3333333333333333,6,1,0.56,0.635,6.000000000000005,1.99999999999999,2026-07-31,2026-09-02,insufficient_observations,,,,,,,,,,,,,,,,,,,,,,,insufficient_evidence,False
fed_2027_above375,End-2027 Fed upper bound above 3.75%,KXFEDFUNDSYEAR-28JAN01-T3.75,fed_rates,data_center_reits,Data-center REITs,theme,raw,0.05,True,False,14,43,0.3333333333333333,6,1,0.56,0.635,6.000000000000005,1.99999999999999,2026-07-31,2026-09-02,insufficient_observations,,,,,,,,,,,,,,,,,,,,,,,insufficient_evidence,False
fed_2027_above375,End-2027 Fed upper bound above 3.75%,KXFEDFUNDSYEAR-28JAN01-T3.75,fed_rates,data_center_reits,Data-center REITs,theme,market_conditioned,0.05,True,False,14,43,0.3333333333333333,6,1,0.56,0.635,6.000000000000005,1.99999999999999,2026-07-31,2026-09-02,insufficient_observations,,,,,,,,,,,,,,,,,,,,,,,insufficient_evidence,False
fed_2027_above375,End-2027 Fed upper bound above 3.75%,KXFEDFUNDSYEAR-28JAN01-T3.75,fed_rates,integrated_energy,Integrated energy,theme,raw,0.05,True,False,14,43,0.3333333333333333,6,1,0.56,0.635,6.000000000000005,1.99999999999999,2026-07-31,2026-09-02,insufficient_observations,,,,,,,,,,,,,,,,,,,,,,,insufficient_evidence,False
fed_2027_above375,End-2027 Fed upper bound above 3.75%,KXFEDFUNDSYEAR-28JAN01-T3.75,fed_rates,integrated_energy,Integrated energy,theme,market_conditioned,0.05,True,False,14,43,0.3333333333333333,6,1,0.56,0.635,6.000000000000005,1.99999999999999,2026-07-31,2026-09-02,insufficient_observations,,,,,,,,,,,,,,,,,,,,,,,insufficient_evidence,False
fed_2027_above375,End-2027 Fed upper bound above 3.75%,KXFEDFUNDSYEAR-28JAN01-T3.75,fed_rates,homebuilders,Homebuilders,theme,raw,0.05,True,False,14,43,0.3333333333333333,6,1,0.56,0.635,6.000000000000005,1.99999999999999,2026-07-31,2026-09-02,insufficient_observations,,,,,,,,,,,,,,,,,,,,,,,insufficient_evidence,False
fed_2027_above375,End-2027 Fed upper bound above 3.75%,KXFEDFUNDSYEAR-28JAN01-T3.75,fed_rates,homebuilders,Homebuilders,theme,market_conditioned,0.05,True,False,14,43,0.3333333333333333,6,1,0.56,0.635,6.000000000000005,1.99999999999999,2026-07-31,2026-09-02,insufficient_observations,,,,,,,,,,,,,,,,,,,,,,,insufficient_evidence,False
fed_2027_above375,End-2027 Fed upper bound above 3.75%,KXFEDFUNDSYEAR-28JAN01-T3.75,fed_rates,machinery_distribution,Machinery and distribution,theme,raw,0.05,True,False,14,43,0.3333333333333333,6,1,0.56,0.635,6.000000000000005,1.99999999999999,2026-07-31,2026-09-02,insufficient_observations,,,,,,,,,,,,,,,,,,,,,,,insufficient_evidence,False
fed_2027_above375,End-2027 Fed upper bound above 3.75%,KXFEDFUNDSYEAR-28JAN01-T3.75,fed_rates,machinery_distribution,Machinery and distribution,theme,market_conditioned,0.05,True,False,14,43,0.3333333333333333,6,1,0.56,0.635,6.000000000000005,1.99999999999999,2026-07-31,2026-09-02,insufficient_observations,,,,,,,,,,,,,,,,,,,,,,,insufficient_evidence,False
fed_2027_above375,End-2027 Fed upper bound above 3.75%,KXFEDFUNDSYEAR-28JAN01-T3.75,fed_rates,managed_care,Managed care (UNH only),single_company_proxy,raw,0.05,True,False,14,43,0.3333333333333333,6,1,0.56,0.635,6.000000000000005,1.99999999999999,2026-07-31,2026-09-02,insufficient_observations,,,,,,,,,,,,,,,,,,,,,,,insufficient_evidence,False
fed_2027_above375,End-2027 Fed upper bound above 3.75%,KXFEDFUNDSYEAR-28JAN01-T3.75,fed_rates,managed_care,Managed care (UNH only),single_company_proxy,market_conditioned,0.05,True,False,14,43,0.3333333333333333,6,1,0.56,0.635,6.000000000000005,1.99999999999999,2026-07-31,2026-09-02,insufficient_observations,,,,,,,,,,,,,,,,,,,,,,,insufficient_evidence,False
fed_2027_above375,End-2027 Fed upper bound above 3.75%,KXFEDFUNDSYEAR-28JAN01-T3.75,fed_rates,hospitals,Hospitals (HCA only),single_company_proxy,raw,0.05,True,False,14,43,0.3333333333333333,6,1,0.56,0.635,6.000000000000005,1.99999999999999,2026-07-31,2026-09-02,insufficient_observations,,,,,,,,,,,,,,,,,,,,,,,insufficient_evidence,False
fed_2027_above375,End-2027 Fed upper bound above 3.75%,KXFEDFUNDSYEAR-28JAN01-T3.75,fed_rates,hospitals,Hospitals (HCA only),single_company_proxy,market_conditioned,0.05,True,False,14,43,0.3333333333333333,6,1,0.56,0.635,6.000000000000005,1.99999999999999,2026-07-31,2026-09-02,insufficient_observations,,,,,,,,,,,,,,,,,,,,,,,insufficient_evidence,False
fed_2027_above375,End-2027 Fed upper bound above 3.75%,KXFEDFUNDSYEAR-28JAN01-T3.75,fed_rates,generators_minus_regulated,Generators minus regulated utilities,relative_return_contrast,raw,0.05,True,False,14,43,0.3333333333333333,6,1,0.56,0.635,6.000000000000005,1.99999999999999,2026-07-31,2026-09-02,insufficient_observations,,,,,,,,,,,,,,,,,,,,,,,insufficient_evidence,False
fed_2027_above375,End-2027 Fed upper bound above 3.75%,KXFEDFUNDSYEAR-28JAN01-T3.75,fed_rates,generators_minus_regulated,Generators minus regulated utilities,relative_return_contrast,market_conditioned,0.05,True,False,14,43,0.3333333333333333,6,1,0.56,0.635,6.000000000000005,1.99999999999999,2026-07-31,2026-09-02,insufficient_observations,,,,,,,,,,,,,,,,,,,,,,,insufficient_evidence,False
fed_2027_above375,End-2027 Fed upper bound above 3.75%,KXFEDFUNDSYEAR-28JAN01-T3.75,fed_rates,equipment_minus_generators,Equipment minus generators,relative_return_contrast,raw,0.05,True,False,14,43,0.3333333333333333,6,1,0.56,0.635,6.000000000000005,1.99999999999999,2026-07-31,2026-09-02,insufficient_observations,,,,,,,,,,,,,,,,,,,,,,,insufficient_evidence,False
fed_2027_above375,End-2027 Fed upper bound above 3.75%,KXFEDFUNDSYEAR-28JAN01-T3.75,fed_rates,equipment_minus_generators,Equipment minus generators,relative_return_contrast,market_conditioned,0.05,True,False,14,43,0.3333333333333333,6,1,0.56,0.635,6.000000000000005,1.99999999999999,2026-07-31,2026-09-02,insufficient_observations,,,,,,,,,,,,,,,,,,,,,,,insufficient_evidence,False
fed_2027_above375,End-2027 Fed upper bound above 3.75%,KXFEDFUNDSYEAR-28JAN01-T3.75,fed_rates,hospitals_minus_managed_care,Hospitals minus managed care,relative_return_contrast,raw,0.05,True,False,14,43,0.3333333333333333,6,1,0.56,0.635,6.000000000000005,1.99999999999999,2026-07-31,2026-09-02,insufficient_observations,,,,,,,,,,,,,,,,,,,,,,,insufficient_evidence,False
fed_2027_above375,End-2027 Fed upper bound above 3.75%,KXFEDFUNDSYEAR-28JAN01-T3.75,fed_rates,hospitals_minus_managed_care,Hospitals minus managed care,relative_return_contrast,market_conditioned,0.05,True,False,14,43,0.3333333333333333,6,1,0.56,0.635,6.000000000000005,1.99999999999999,2026-07-31,2026-09-02,insufficient_observations,,,,,,,,,,,,,,,,,,,,,,,insufficient_evidence,False
fed_2027_above375,End-2027 Fed upper bound above 3.75%,KXFEDFUNDSYEAR-28JAN01-T3.75,fed_rates,sector_technology,Technology sector,sector,raw,0.1,True,False,19,43,0.4523809523809524,11,1,0.51,0.645,8.499999999999996,1.99999999999999,2026-07-31,2026-09-04,insufficient_observations,,,,,,,,,,,,,,,,,,,,,,,insufficient_evidence,False
fed_2027_above375,End-2027 Fed upper bound above 3.75%,KXFEDFUNDSYEAR-28JAN01-T3.75,fed_rates,sector_technology,Technology sector,sector,market_conditioned,0.1,True,True,19,43,0.4523809523809524,11,1,0.51,0.645,8.499999999999996,1.99999999999999,2026-07-31,2026-09-04,insufficient_observations,,,,,,,,,,,,,,,,,,,,,,,insufficient_evidence,False
fed_2027_above375,End-2027 Fed upper bound above 3.75%,KXFEDFUNDSYEAR-28JAN01-T3.75,fed_rates,sector_consumer_discretionary,Consumer discretionary sector,sector,raw,0.1,True,False,19,43,0.4523809523809524,11,1,0.51,0.645,8.499999999999996,1.99999999999999,2026-07-31,2026-09-04,insufficient_observations,,,,,,,,,,,,,,,,,,,,,,,insufficient_evidence,False
fed_2027_above375,End-2027 Fed upper bound above 3.75%,KXFEDFUNDSYEAR-28JAN01-T3.75,fed_rates,sector_consumer_discretionary,Consumer discretionary sector,sector,market_conditioned,0.1,True,True,19,43,0.4523809523809524,11,1,0.51,0.645,8.499999999999996,1.99999999999999,2026-07-31,2026-09-04,insufficient_observations,,,,,,,,,,,,,,,,,,,,,,,insufficient_evidence,False
fed_2027_above375,End-2027 Fed upper bound above 3.75%,KXFEDFUNDSYEAR-28JAN01-T3.75,fed_rates,sector_communications,Communication services sector,sector,raw,0.1,True,False,19,43,0.4523809523809524,11,1,0.51,0.645,8.499999999999996,1.99999999999999,2026-07-31,2026-09-04,insufficient_observations,,,,,,,,,,,,,,,,,,,,,,,insufficient_evidence,False
fed_2027_above375,End-2027 Fed upper bound above 3.75%,KXFEDFUNDSYEAR-28JAN01-T3.75,fed_rates,sector_communications,Communication services sector,sector,market_conditioned,0.1,True,True,19,43,0.4523809523809524,11,1,0.51,0.645,8.499999999999996,1.99999999999999,2026-07-31,2026-09-04,insufficient_observations,,,,,,,,,,,,,,,,,,,,,,,insufficient_evidence,False
fed_2027_above375,End-2027 Fed upper bound above 3.75%,KXFEDFUNDSYEAR-28JAN01-T3.75,fed_rates,sector_industrials,Industrials sector,sector,raw,0.1,True,False,19,43,0.4523809523809524,11,1,0.51,0.645,8.499999999999996,1.99999999999999,2026-07-31,2026-09-04,insufficient_observations,,,,,,,,,,,,,,,,,,,,,,,insufficient_evidence,False
fed_2027_above375,End-2027 Fed upper bound above 3.75%,KXFEDFUNDSYEAR-28JAN01-T3.75,fed_rates,sector_industrials,Industrials sector,sector,market_conditioned,0.1,True,True,19,43,0.4523809523809524,11,1,0.51,0.645,8.499999999999996,1.99999999999999,2026-07-31,2026-09-04,insufficient_observations,,,,,,,,,,,,,,,,,,,,,,,insufficient_evidence,False
fed_2027_above375,End-2027 Fed upper bound above 3.75%,KXFEDFUNDSYEAR-28JAN01-T3.75,fed_rates,sector_utilities,Utilities sector,sector,raw,0.1,True,False,19,43,0.4523809523809524,11,1,0.51,0.645,8.499999999999996,1.99999999999999,2026-07-31,2026-09-04,insufficient_observations,,,,,,,,,,,,,,,,,,,,,,,insufficient_evidence,False
fed_2027_above375,End-2027 Fed upper bound above 3.75%,KXFEDFUNDSYEAR-28JAN01-T3.75,fed_rates,sector_utilities,Utilities sector,sector,market_conditioned,0.1,True,True,19,43,0.4523809523809524,11,1,0.51,0.645,8.499999999999996,1.99999999999999,2026-07-31,2026-09-04,insufficient_observations,,,,,,,,,,,,,,,,,,,,,,,insufficient_evidence,False
fed_2027_above375,End-2027 Fed upper bound above 3.75%,KXFEDFUNDSYEAR-28JAN01-T3.75,fed_rates,sector_real_estate,Real estate sector,sector,raw,0.1,True,False,19,43,0.4523809523809524,11,1,0.51,0.645,8.499999999999996,1.99999999999999,2026-07-31,2026-09-04,insufficient_observations,,,,,,,,,,,,,,,,,,,,,,,insufficient_evidence,False
fed_2027_above375,End-2027 Fed upper bound above 3.75%,KXFEDFUNDSYEAR-28JAN01-T3.75,fed_rates,sector_real_estate,Real estate sector,sector,market_conditioned,0.1,True,True,19,43,0.4523809523809524,11,1,0.51,0.645,8.499999999999996,1.99999999999999,2026-07-31,2026-09-04,insufficient_observations,,,,,,,,,,,,,,,,,,,,,,,insufficient_evidence,False
fed_2027_above375,End-2027 Fed upper bound above 3.75%,KXFEDFUNDSYEAR-28JAN01-T3.75,fed_rates,sector_energy,Energy sector,sector,raw,0.1,True,False,19,43,0.4523809523809524,11,1,0.51,0.645,8.499999999999996,1.99999999999999,2026-07-31,2026-09-04,insufficient_observations,,,,,,,,,,,,,,,,,,,,,,,insufficient_evidence,False
fed_2027_above375,End-2027 Fed upper bound above 3.75%,KXFEDFUNDSYEAR-28JAN01-T3.75,fed_rates,sector_energy,Energy sector,sector,market_conditioned,0.1,True,True,19,43,0.4523809523809524,11,1,0.51,0.645,8.499999999999996,1.99999999999999,2026-07-31,2026-09-04,insufficient_observations,,,,,,,,,,,,,,,,,,,,,,,insufficient_evidence,False
fed_2027_above375,End-2027 Fed upper bound above 3.75%,KXFEDFUNDSYEAR-28JAN01-T3.75,fed_rates,sector_financials,Financials sector,sector,raw,0.1,True,False,19,43,0.4523809523809524,11,1,0.51,0.645,8.499999999999996,1.99999999999999,2026-07-31,2026-09-04,insufficient_observations,,,,,,,,,,,,,,,,,,,,,,,insufficient_evidence,False
fed_2027_above375,End-2027 Fed upper bound above 3.75%,KXFEDFUNDSYEAR-28JAN01-T3.75,fed_rates,sector_financials,Financials sector,sector,market_conditioned,0.1,True,True,19,43,0.4523809523809524,11,1,0.51,0.645,8.499999999999996,1.99999999999999,2026-07-31,2026-09-04,insufficient_observations,,,,,,,,,,,,,,,,,,,,,,,insufficient_evidence,False
fed_2027_above375,End-2027 Fed upper bound above 3.75%,KXFEDFUNDSYEAR-28JAN01-T3.75,fed_rates,sector_healthcare,Healthcare sector,sector,raw,0.1,True,False,19,43,0.4523809523809524,11,1,0.51,0.645,8.499999999999996,1.99999999999999,2026-07-31,2026-09-04,insufficient_observations,,,,,,,,,,,,,,,,,,,,,,,insufficient_evidence,False
fed_2027_above375,End-2027 Fed upper bound above 3.75%,KXFEDFUNDSYEAR-28JAN01-T3.75,fed_rates,sector_healthcare,Healthcare sector,sector,market_conditioned,0.1,True,True,19,43,0.4523809523809524,11,1,0.51,0.645,8.499999999999996,1.99999999999999,2026-07-31,2026-09-04,insufficient_observations,,,,,,,,,,,,,,,,,,,,,,,insufficient_evidence,False
fed_2027_above375,End-2027 Fed upper bound above 3.75%,KXFEDFUNDSYEAR-28JAN01-T3.75,fed_rates,sector_staples,Consumer staples sector,sector,raw,0.1,True,False,19,43,0.4523809523809524,11,1,0.51,0.645,8.499999999999996,1.99999999999999,2026-07-31,2026-09-04,insufficient_observations,,,,,,,,,,,,,,,,,,,,,,,insufficient_evidence,False
fed_2027_above375,End-2027 Fed upper bound above 3.75%,KXFEDFUNDSYEAR-28JAN01-T3.75,fed_rates,sector_staples,Consumer staples sector,sector,market_conditioned,0.1,True,True,19,43,0.4523809523809524,11,1,0.51,0.645,8.499999999999996,1.99999999999999,2026-07-31,2026-09-04,insufficient_observations,,,,,,,,,,,,,,,,,,,,,,,insufficient_evidence,False
fed_2027_above375,End-2027 Fed upper bound above 3.75%,KXFEDFUNDSYEAR-28JAN01-T3.75,fed_rates,cloud_platforms,Cloud platforms,theme,raw,0.1,True,False,19,43,0.4523809523809524,11,1,0.51,0.645,8.499999999999996,1.99999999999999,2026-07-31,2026-09-04,insufficient_observations,,,,,,,,,,,,,,,,,,,,,,,insufficient_evidence,False
fed_2027_above375,End-2027 Fed upper bound above 3.75%,KXFEDFUNDSYEAR-28JAN01-T3.75,fed_rates,cloud_platforms,Cloud platforms,theme,market_conditioned,0.1,True,True,19,43,0.4523809523809524,11,1,0.51,0.645,8.499999999999996,1.99999999999999,2026-07-31,2026-09-04,insufficient_observations,,,,,,,,,,,,,,,,,,,,,,,insufficient_evidence,False
fed_2027_above375,End-2027 Fed upper bound above 3.75%,KXFEDFUNDSYEAR-28JAN01-T3.75,fed_rates,electrical_equipment,Electrical equipment,theme,raw,0.1,True,False,19,43,0.4523809523809524,11,1,0.51,0.645,8.499999999999996,1.99999999999999,2026-07-31,2026-09-04,insufficient_observations,,,,,,,,,,,,,,,,,,,,,,,insufficient_evidence,False
fed_2027_above375,End-2027 Fed upper bound above 3.75%,KXFEDFUNDSYEAR-28JAN01-T3.75,fed_rates,electrical_equipment,Electrical equipment,theme,market_conditioned,0.1,True,True,19,43,0.4523809523809524,11,1,0.51,0.645,8.499999999999996,1.99999999999999,2026-07-31,2026-09-04,insufficient_observations,,,,,,,,,,,,,,,,,,,,,,,insufficient_evidence,False
fed_2027_above375,End-2027 Fed upper bound above 3.75%,KXFEDFUNDSYEAR-28JAN01-T3.75,fed_rates,regulated_utilities,Regulated utilities,theme,raw,0.1,True,False,19,43,0.4523809523809524,11,1,0.51,0.645,8.499999999999996,1.99999999999999,2026-07-31,2026-09-04,insufficient_observations,,,,,,,,,,,,,,,,,,,,,,,insufficient_evidence,False
fed_2027_above375,End-2027 Fed upper bound above 3.75%,KXFEDFUNDSYEAR-28JAN01-T3.75,fed_rates,regulated_utilities,Regulated utilities,theme,market_conditioned,0.1,True,True,19,43,0.4523809523809524,11,1,0.51,0.645,8.499999999999996,1.99999999999999,2026-07-31,2026-09-04,insufficient_observations,,,,,,,,,,,,,,,,,,,,,,,insufficient_evidence,False
fed_2027_above375,End-2027 Fed upper bound above 3.75%,KXFEDFUNDSYEAR-28JAN01-T3.75,fed_rates,power_generators,Power generators,theme,raw,0.1,True,False,19,43,0.4523809523809524,11,1,0.51,0.645,8.499999999999996,1.99999999999999,2026-07-31,2026-09-04,insufficient_observations,,,,,,,,,,,,,,,,,,,,,,,insufficient_evidence,False
fed_2027_above375,End-2027 Fed upper bound above 3.75%,KXFEDFUNDSYEAR-28JAN01-T3.75,fed_rates,power_generators,Power generators,theme,market_conditioned,0.1,True,True,19,43,0.4523809523809524,11,1,0.51,0.645,8.499999999999996,1.99999999999999,2026-07-31,2026-09-04,insufficient_observations,,,,,,,,,,,,,,,,,,,,,,,insufficient_evidence,False
fed_2027_above375,End-2027 Fed upper bound above 3.75%,KXFEDFUNDSYEAR-28JAN01-T3.75,fed_rates,data_center_reits,Data-center REITs,theme,raw,0.1,True,False,19,43,0.4523809523809524,11,1,0.51,0.645,8.499999999999996,1.99999999999999,2026-07-31,2026-09-04,insufficient_observations,,,,,,,,,,,,,,,,,,,,,,,insufficient_evidence,False
fed_2027_above375,End-2027 Fed upper bound above 3.75%,KXFEDFUNDSYEAR-28JAN01-T3.75,fed_rates,data_center_reits,Data-center REITs,theme,market_conditioned,0.1,True,True,19,43,0.4523809523809524,11,1,0.51,0.645,8.499999999999996,1.99999999999999,2026-07-31,2026-09-04,insufficient_observations,,,,,,,,,,,,,,,,,,,,,,,insufficient_evidence,False
fed_2027_above375,End-2027 Fed upper bound above 3.75%,KXFEDFUNDSYEAR-28JAN01-T3.75,fed_rates,integrated_energy,Integrated energy,theme,raw,0.1,True,False,19,43,0.4523809523809524,11,1,0.51,0.645,8.499999999999996,1.99999999999999,2026-07-31,2026-09-04,insufficient_observations,,,,,,,,,,,,,,,,,,,,,,,insufficient_evidence,False
fed_2027_above375,End-2027 Fed upper bound above 3.75%,KXFEDFUNDSYEAR-28JAN01-T3.75,fed_rates,integrated_energy,Integrated energy,theme,market_conditioned,0.1,True,True,19,43,0.4523809523809524,11,1,0.51,0.645,8.499999999999996,1.99999999999999,2026-07-31,2026-09-04,insufficient_observations,,,,,,,,,,,,,,,,,,,,,,,insufficient_evidence,False
fed_2027_above375,End-2027 Fed upper bound above 3.75%,KXFEDFUNDSYEAR-28JAN01-T3.75,fed_rates,homebuilders,Homebuilders,theme,raw,0.1,True,False,19,43,0.4523809523809524,11,1,0.51,0.645,8.499999999999996,1.99999999999999,2026-07-31,2026-09-04,insufficient_observations,,,,,,,,,,,,,,,,,,,,,,,insufficient_evidence,False
fed_2027_above375,End-2027 Fed upper bound above 3.75%,KXFEDFUNDSYEAR-28JAN01-T3.75,fed_rates,homebuilders,Homebuilders,theme,market_conditioned,0.1,True,True,19,43,0.4523809523809524,11,1,0.51,0.645,8.499999999999996,1.99999999999999,2026-07-31,2026-09-04,insufficient_observations,,,,,,,,,,,,,,,,,,,,,,,insufficient_evidence,False
fed_2027_above375,End-2027 Fed upper bound above 3.75%,KXFEDFUNDSYEAR-28JAN01-T3.75,fed_rates,machinery_distribution,Machinery and distribution,theme,raw,0.1,True,False,19,43,0.4523809523809524,11,1,0.51,0.645,8.499999999999996,1.99999999999999,2026-07-31,2026-09-04,insufficient_observations,,,,,,,,,,,,,,,,,,,,,,,insufficient_evidence,False
fed_2027_above375,End-2027 Fed upper bound above 3.75%,KXFEDFUNDSYEAR-28JAN01-T3.75,fed_rates,machinery_distribution,Machinery and distribution,theme,market_conditioned,0.1,True,True,19,43,0.4523809523809524,11,1,0.51,0.645,8.499999999999996,1.99999999999999,2026-07-31,2026-09-04,insufficient_observations,,,,,,,,,,,,,,,,,,,,,,,insufficient_evidence,False
fed_2027_above375,End-2027 Fed upper bound above 3.75%,KXFEDFUNDSYEAR-28JAN01-T3.75,fed_rates,managed_care,Managed care (UNH only),single_company_proxy,raw,0.1,True,False,19,43,0.4523809523809524,11,1,0.51,0.645,8.499999999999996,1.99999999999999,2026-07-31,2026-09-04,insufficient_observations,,,,,,,,,,,,,,,,,,,,,,,insufficient_evidence,False
fed_2027_above375,End-2027 Fed upper bound above 3.75%,KXFEDFUNDSYEAR-28JAN01-T3.75,fed_rates,managed_care,Managed care (UNH only),single_company_proxy,market_conditioned,0.1,True,True,19,43,0.4523809523809524,11,1,0.51,0.645,8.499999999999996,1.99999999999999,2026-07-31,2026-09-04,insufficient_observations,,,,,,,,,,,,,,,,,,,,,,,insufficient_evidence,False
fed_2027_above375,End-2027 Fed upper bound above 3.75%,KXFEDFUNDSYEAR-28JAN01-T3.75,fed_rates,hospitals,Hospitals (HCA only),single_company_proxy,raw,0.1,True,False,19,43,0.4523809523809524,11,1,0.51,0.645,8.499999999999996,1.99999999999999,2026-07-31,2026-09-04,insufficient_observations,,,,,,,,,,,,,,,,,,,,,,,insufficient_evidence,False
fed_2027_above375,End-2027 Fed upper bound above 3.75%,KXFEDFUNDSYEAR-28JAN01-T3.75,fed_rates,hospitals,Hospitals (HCA only),single_company_proxy,market_conditioned,0.1,True,True,19,43,0.4523809523809524,11,1,0.51,0.645,8.499999999999996,1.99999999999999,2026-07-31,2026-09-04,insufficient_observations,,,,,,,,,,,,,,,,,,,,,,,insufficient_evidence,False
fed_2027_above375,End-2027 Fed upper bound above 3.75%,KXFEDFUNDSYEAR-28JAN01-T3.75,fed_rates,generators_minus_regulated,Generators minus regulated utilities,relative_return_contrast,raw,0.1,True,False,19,43,0.4523809523809524,11,1,0.51,0.645,8.499999999999996,1.99999999999999,2026-07-31,2026-09-04,insufficient_observations,,,,,,,,,,,,,,,,,,,,,,,insufficient_evidence,False
fed_2027_above375,End-2027 Fed upper bound above 3.75%,KXFEDFUNDSYEAR-28JAN01-T3.75,fed_rates,generators_minus_regulated,Generators minus regulated utilities,relative_return_contrast,market_conditioned,0.1,True,True,19,43,0.4523809523809524,11,1,0.51,0.645,8.499999999999996,1.99999999999999,2026-07-31,2026-09-04,insufficient_observations,,,,,,,,,,,,,,,,,,,,,,,insufficient_evidence,False
fed_2027_above375,End-2027 Fed upper bound above 3.75%,KXFEDFUNDSYEAR-28JAN01-T3.75,fed_rates,equipment_minus_generators,Equipment minus generators,relative_return_contrast,raw,0.1,True,False,19,43,0.4523809523809524,11,1,0.51,0.645,8.499999999999996,1.99999999999999,2026-07-31,2026-09-04,insufficient_observations,,,,,,,,,,,,,,,,,,,,,,,insufficient_evidence,False
fed_2027_above375,End-2027 Fed upper bound above 3.75%,KXFEDFUNDSYEAR-28JAN01-T3.75,fed_rates,equipment_minus_generators,Equipment minus generators,relative_return_contrast,market_conditioned,0.1,True,True,19,43,0.4523809523809524,11,1,0.51,0.645,8.499999999999996,1.99999999999999,2026-07-31,2026-09-04,insufficient_observations,,,,,,,,,,,,,,,,,,,,,,,insufficient_evidence,False
fed_2027_above375,End-2027 Fed upper bound above 3.75%,KXFEDFUNDSYEAR-28JAN01-T3.75,fed_rates,hospitals_minus_managed_care,Hospitals minus managed care,relative_return_contrast,raw,0.1,True,False,19,43,0.4523809523809524,11,1,0.51,0.645,8.499999999999996,1.99999999999999,2026-07-31,2026-09-04,insufficient_observations,,,,,,,,,,,,,,,,,,,,,,,insufficient_evidence,False
fed_2027_above375,End-2027 Fed upper bound above 3.75%,KXFEDFUNDSYEAR-28JAN01-T3.75,fed_rates,hospitals_minus_managed_care,Hospitals minus managed care,relative_return_contrast,market_conditioned,0.1,True,True,19,43,0.4523809523809524,11,1,0.51,0.645,8.499999999999996,1.99999999999999,2026-07-31,2026-09-04,insufficient_observations,,,,,,,,,,,,,,,,,,,,,,,insufficient_evidence,False
fed_2027_above375,End-2027 Fed upper bound above 3.75%,KXFEDFUNDSYEAR-28JAN01-T3.75,fed_rates,sector_technology,Technology sector,sector,raw,0.15,True,False,19,43,0.4523809523809524,11,1,0.51,0.645,8.499999999999996,1.99999999999999,2026-07-31,2026-09-04,insufficient_observations,,,,,,,,,,,,,,,,,,,,,,,insufficient_evidence,False
fed_2027_above375,End-2027 Fed upper bound above 3.75%,KXFEDFUNDSYEAR-28JAN01-T3.75,fed_rates,sector_technology,Technology sector,sector,market_conditioned,0.15,True,False,19,43,0.4523809523809524,11,1,0.51,0.645,8.499999999999996,1.99999999999999,2026-07-31,2026-09-04,insufficient_observations,,,,,,,,,,,,,,,,,,,,,,,insufficient_evidence,False
fed_2027_above375,End-2027 Fed upper bound above 3.75%,KXFEDFUNDSYEAR-28JAN01-T3.75,fed_rates,sector_consumer_discretionary,Consumer discretionary sector,sector,raw,0.15,True,False,19,43,0.4523809523809524,11,1,0.51,0.645,8.499999999999996,1.99999999999999,2026-07-31,2026-09-04,insufficient_observations,,,,,,,,,,,,,,,,,,,,,,,insufficient_evidence,False
fed_2027_above375,End-2027 Fed upper bound above 3.75%,KXFEDFUNDSYEAR-28JAN01-T3.75,fed_rates,sector_consumer_discretionary,Consumer discretionary sector,sector,market_conditioned,0.15,True,False,19,43,0.4523809523809524,11,1,0.51,0.645,8.499999999999996,1.99999999999999,2026-07-31,2026-09-04,insufficient_observations,,,,,,,,,,,,,,,,,,,,,,,insufficient_evidence,False
fed_2027_above375,End-2027 Fed upper bound above 3.75%,KXFEDFUNDSYEAR-28JAN01-T3.75,fed_rates,sector_communications,Communication services sector,sector,raw,0.15,True,False,19,43,0.4523809523809524,11,1,0.51,0.645,8.499999999999996,1.99999999999999,2026-07-31,2026-09-04,insufficient_observations,,,,,,,,,,,,,,,,,,,,,,,insufficient_evidence,False
fed_2027_above375,End-2027 Fed upper bound above 3.75%,KXFEDFUNDSYEAR-28JAN01-T3.75,fed_rates,sector_communications,Communication services sector,sector,market_conditioned,0.15,True,False,19,43,0.4523809523809524,11,1,0.51,0.645,8.499999999999996,1.99999999999999,2026-07-31,2026-09-04,insufficient_observations,,,,,,,,,,,,,,,,,,,,,,,insufficient_evidence,False
fed_2027_above375,End-2027 Fed upper bound above 3.75%,KXFEDFUNDSYEAR-28JAN01-T3.75,fed_rates,sector_industrials,Industrials sector,sector,raw,0.15,True,False,19,43,0.4523809523809524,11,1,0.51,0.645,8.499999999999996,1.99999999999999,2026-07-31,2026-09-04,insufficient_observations,,,,,,,,,,,,,,,,,,,,,,,insufficient_evidence,False
fed_2027_above375,End-2027 Fed upper bound above 3.75%,KXFEDFUNDSYEAR-28JAN01-T3.75,fed_rates,sector_industrials,Industrials sector,sector,market_conditioned,0.15,True,False,19,43,0.4523809523809524,11,1,0.51,0.645,8.499999999999996,1.99999999999999,2026-07-31,2026-09-04,insufficient_observations,,,,,,,,,,,,,,,,,,,,,,,insufficient_evidence,False
fed_2027_above375,End-2027 Fed upper bound above 3.75%,KXFEDFUNDSYEAR-28JAN01-T3.75,fed_rates,sector_utilities,Utilities sector,sector,raw,0.15,True,False,19,43,0.4523809523809524,11,1,0.51,0.645,8.499999999999996,1.99999999999999,2026-07-31,2026-09-04,insufficient_observations,,,,,,,,,,,,,,,,,,,,,,,insufficient_evidence,False
fed_2027_above375,End-2027 Fed upper bound above 3.75%,KXFEDFUNDSYEAR-28JAN01-T3.75,fed_rates,sector_utilities,Utilities sector,sector,market_conditioned,0.15,True,False,19,43,0.4523809523809524,11,1,0.51,0.645,8.499999999999996,1.99999999999999,2026-07-31,2026-09-04,insufficient_observations,,,,,,,,,,,,,,,,,,,,,,,insufficient_evidence,False
fed_2027_above375,End-2027 Fed upper bound above 3.75%,KXFEDFUNDSYEAR-28JAN01-T3.75,fed_rates,sector_real_estate,Real estate sector,sector,raw,0.15,True,False,19,43,0.4523809523809524,11,1,0.51,0.645,8.499999999999996,1.99999999999999,2026-07-31,2026-09-04,insufficient_observations,,,,,,,,,,,,,,,,,,,,,,,insufficient_evidence,False
fed_2027_above375,End-2027 Fed upper bound above 3.75%,KXFEDFUNDSYEAR-28JAN01-T3.75,fed_rates,sector_real_estate,Real estate sector,sector,market_conditioned,0.15,True,False,19,43,0.4523809523809524,11,1,0.51,0.645,8.499999999999996,1.99999999999999,2026-07-31,2026-09-04,insufficient_observations,,,,,,,,,,,,,,,,,,,,,,,insufficient_evidence,False
fed_2027_above375,End-2027 Fed upper bound above 3.75%,KXFEDFUNDSYEAR-28JAN01-T3.75,fed_rates,sector_energy,Energy sector,sector,raw,0.15,True,False,19,43,0.4523809523809524,11,1,0.51,0.645,8.499999999999996,1.99999999999999,2026-07-31,2026-09-04,insufficient_observations,,,,,,,,,,,,,,,,,,,,,,,insufficient_evidence,False
fed_2027_above375,End-2027 Fed upper bound above 3.75%,KXFEDFUNDSYEAR-28JAN01-T3.75,fed_rates,sector_energy,Energy sector,sector,market_conditioned,0.15,True,False,19,43,0.4523809523809524,11,1,0.51,0.645,8.499999999999996,1.99999999999999,2026-07-31,2026-09-04,insufficient_observations,,,,,,,,,,,,,,,,,,,,,,,insufficient_evidence,False
fed_2027_above375,End-2027 Fed upper bound above 3.75%,KXFEDFUNDSYEAR-28JAN01-T3.75,fed_rates,sector_financials,Financials sector,sector,raw,0.15,True,False,19,43,0.4523809523809524,11,1,0.51,0.645,8.499999999999996,1.99999999999999,2026-07-31,2026-09-04,insufficient_observations,,,,,,,,,,,,,,,,,,,,,,,insufficient_evidence,False
fed_2027_above375,End-2027 Fed upper bound above 3.75%,KXFEDFUNDSYEAR-28JAN01-T3.75,fed_rates,sector_financials,Financials sector,sector,market_conditioned,0.15,True,False,19,43,0.4523809523809524,11,1,0.51,0.645,8.499999999999996,1.99999999999999,2026-07-31,2026-09-04,insufficient_observations,,,,,,,,,,,,,,,,,,,,,,,insufficient_evidence,False
fed_2027_above375,End-2027 Fed upper bound above 3.75%,KXFEDFUNDSYEAR-28JAN01-T3.75,fed_rates,sector_healthcare,Healthcare sector,sector,raw,0.15,True,False,19,43,0.4523809523809524,11,1,0.51,0.645,8.499999999999996,1.99999999999999,2026-07-31,2026-09-04,insufficient_observations,,,,,,,,,,,,,,,,,,,,,,,insufficient_evidence,False
fed_2027_above375,End-2027 Fed upper bound above 3.75%,KXFEDFUNDSYEAR-28JAN01-T3.75,fed_rates,sector_healthcare,Healthcare sector,sector,market_conditioned,0.15,True,False,19,43,0.4523809523809524,11,1,0.51,0.645,8.499999999999996,1.99999999999999,2026-07-31,2026-09-04,insufficient_observations,,,,,,,,,,,,,,,,,,,,,,,insufficient_evidence,False
fed_2027_above375,End-2027 Fed upper bound above 3.75%,KXFEDFUNDSYEAR-28JAN01-T3.75,fed_rates,sector_staples,Consumer staples sector,sector,raw,0.15,True,False,19,43,0.4523809523809524,11,1,0.51,0.645,8.499999999999996,1.99999999999999,2026-07-31,2026-09-04,insufficient_observations,,,,,,,,,,,,,,,,,,,,,,,insufficient_evidence,False
fed_2027_above375,End-2027 Fed upper bound above 3.75%,KXFEDFUNDSYEAR-28JAN01-T3.75,fed_rates,sector_staples,Consumer staples sector,sector,market_conditioned,0.15,True,False,19,43,0.4523809523809524,11,1,0.51,0.645,8.499999999999996,1.99999999999999,2026-07-31,2026-09-04,insufficient_observations,,,,,,,,,,,,,,,,,,,,,,,insufficient_evidence,False
fed_2027_above375,End-2027 Fed upper bound above 3.75%,KXFEDFUNDSYEAR-28JAN01-T3.75,fed_rates,cloud_platforms,Cloud platforms,theme,raw,0.15,True,False,19,43,0.4523809523809524,11,1,0.51,0.645,8.499999999999996,1.99999999999999,2026-07-31,2026-09-04,insufficient_observations,,,,,,,,,,,,,,,,,,,,,,,insufficient_evidence,False
fed_2027_above375,End-2027 Fed upper bound above 3.75%,KXFEDFUNDSYEAR-28JAN01-T3.75,fed_rates,cloud_platforms,Cloud platforms,theme,market_conditioned,0.15,True,False,19,43,0.4523809523809524,11,1,0.51,0.645,8.499999999999996,1.99999999999999,2026-07-31,2026-09-04,insufficient_observations,,,,,,,,,,,,,,,,,,,,,,,insufficient_evidence,False
fed_2027_above375,End-2027 Fed upper bound above 3.75%,KXFEDFUNDSYEAR-28JAN01-T3.75,fed_rates,electrical_equipment,Electrical equipment,theme,raw,0.15,True,False,19,43,0.4523809523809524,11,1,0.51,0.645,8.499999999999996,1.99999999999999,2026-07-31,2026-09-04,insufficient_observations,,,,,,,,,,,,,,,,,,,,,,,insufficient_evidence,False
fed_2027_above375,End-2027 Fed upper bound above 3.75%,KXFEDFUNDSYEAR-28JAN01-T3.75,fed_rates,electrical_equipment,Electrical equipment,theme,market_conditioned,0.15,True,False,19,43,0.4523809523809524,11,1,0.51,0.645,8.499999999999996,1.99999999999999,2026-07-31,2026-09-04,insufficient_observations,,,,,,,,,,,,,,,,,,,,,,,insufficient_evidence,False
fed_2027_above375,End-2027 Fed upper bound above 3.75%,KXFEDFUNDSYEAR-28JAN01-T3.75,fed_rates,regulated_utilities,Regulated utilities,theme,raw,0.15,True,False,19,43,0.4523809523809524,11,1,0.51,0.645,8.499999999999996,1.99999999999999,2026-07-31,2026-09-04,insufficient_observations,,,,,,,,,,,,,,,,,,,,,,,insufficient_evidence,False
fed_2027_above375,End-2027 Fed upper bound above 3.75%,KXFEDFUNDSYEAR-28JAN01-T3.75,fed_rates,regulated_utilities,Regulated utilities,theme,market_conditioned,0.15,True,False,19,43,0.4523809523809524,11,1,0.51,0.645,8.499999999999996,1.99999999999999,2026-07-31,2026-09-04,insufficient_observations,,,,,,,,,,,,,,,,,,,,,,,insufficient_evidence,False
fed_2027_above375,End-2027 Fed upper bound above 3.75%,KXFEDFUNDSYEAR-28JAN01-T3.75,fed_rates,power_generators,Power generators,theme,raw,0.15,True,False,19,43,0.4523809523809524,11,1,0.51,0.645,8.499999999999996,1.99999999999999,2026-07-31,2026-09-04,insufficient_observations,,,,,,,,,,,,,,,,,,,,,,,insufficient_evidence,False
fed_2027_above375,End-2027 Fed upper bound above 3.75%,KXFEDFUNDSYEAR-28JAN01-T3.75,fed_rates,power_generators,Power generators,theme,market_conditioned,0.15,True,False,19,43,0.4523809523809524,11,1,0.51,0.645,8.499999999999996,1.99999999999999,2026-07-31,2026-09-04,insufficient_observations,,,,,,,,,,,,,,,,,,,,,,,insufficient_evidence,False
fed_2027_above375,End-2027 Fed upper bound above 3.75%,KXFEDFUNDSYEAR-28JAN01-T3.75,fed_rates,data_center_reits,Data-center REITs,theme,raw,0.15,True,False,19,43,0.4523809523809524,11,1,0.51,0.645,8.499999999999996,1.99999999999999,2026-07-31,2026-09-04,insufficient_observations,,,,,,,,,,,,,,,,,,,,,,,insufficient_evidence,False
fed_2027_above375,End-2027 Fed upper bound above 3.75%,KXFEDFUNDSYEAR-28JAN01-T3.75,fed_rates,data_center_reits,Data-center REITs,theme,market_conditioned,0.15,True,False,19,43,0.4523809523809524,11,1,0.51,0.645,8.499999999999996,1.99999999999999,2026-07-31,2026-09-04,insufficient_observations,,,,,,,,,,,,,,,,,,,,,,,insufficient_evidence,False
fed_2027_above375,End-2027 Fed upper bound above 3.75%,KXFEDFUNDSYEAR-28JAN01-T3.75,fed_rates,integrated_energy,Integrated energy,theme,raw,0.15,True,False,19,43,0.4523809523809524,11,1,0.51,0.645,8.499999999999996,1.99999999999999,2026-07-31,2026-09-04,insufficient_observations,,,,,,,,,,,,,,,,,,,,,,,insufficient_evidence,False
fed_2027_above375,End-2027 Fed upper bound above 3.75%,KXFEDFUNDSYEAR-28JAN01-T3.75,fed_rates,integrated_energy,Integrated energy,theme,market_conditioned,0.15,True,False,19,43,0.4523809523809524,11,1,0.51,0.645,8.499999999999996,1.99999999999999,2026-07-31,2026-09-04,insufficient_observations,,,,,,,,,,,,,,,,,,,,,,,insufficient_evidence,False
fed_2027_above375,End-2027 Fed upper bound above 3.75%,KXFEDFUNDSYEAR-28JAN01-T3.75,fed_rates,homebuilders,Homebuilders,theme,raw,0.15,True,False,19,43,0.4523809523809524,11,1,0.51,0.645,8.499999999999996,1.99999999999999,2026-07-31,2026-09-04,insufficient_observations,,,,,,,,,,,,,,,,,,,,,,,insufficient_evidence,False
fed_2027_above375,End-2027 Fed upper bound above 3.75%,KXFEDFUNDSYEAR-28JAN01-T3.75,fed_rates,homebuilders,Homebuilders,theme,market_conditioned,0.15,True,False,19,43,0.4523809523809524,11,1,0.51,0.645,8.499999999999996,1.99999999999999,2026-07-31,2026-09-04,insufficient_observations,,,,,,,,,,,,,,,,,,,,,,,insufficient_evidence,False
fed_2027_above375,End-2027 Fed upper bound above 3.75%,KXFEDFUNDSYEAR-28JAN01-T3.75,fed_rates,machinery_distribution,Machinery and distribution,theme,raw,0.15,True,False,19,43,0.4523809523809524,11,1,0.51,0.645,8.499999999999996,1.99999999999999,2026-07-31,2026-09-04,insufficient_observations,,,,,,,,,,,,,,,,,,,,,,,insufficient_evidence,False
fed_2027_above375,End-2027 Fed upper bound above 3.75%,KXFEDFUNDSYEAR-28JAN01-T3.75,fed_rates,machinery_distribution,Machinery and distribution,theme,market_conditioned,0.15,True,False,19,43,0.4523809523809524,11,1,0.51,0.645,8.499999999999996,1.99999999999999,2026-07-31,2026-09-04,insufficient_observations,,,,,,,,,,,,,,,,,,,,,,,insufficient_evidence,False
fed_2027_above375,End-2027 Fed upper bound above 3.75%,KXFEDFUNDSYEAR-28JAN01-T3.75,fed_rates,managed_care,Managed care (UNH only),single_company_proxy,raw,0.15,True,False,19,43,0.4523809523809524,11,1,0.51,0.645,8.499999999999996,1.99999999999999,2026-07-31,2026-09-04,insufficient_observations,,,,,,,,,,,,,,,,,,,,,,,insufficient_evidence,False
fed_2027_above375,End-2027 Fed upper bound above 3.75%,KXFEDFUNDSYEAR-28JAN01-T3.75,fed_rates,managed_care,Managed care (UNH only),single_company_proxy,market_conditioned,0.15,True,False,19,43,0.4523809523809524,11,1,0.51,0.645,8.499999999999996,1.99999999999999,2026-07-31,2026-09-04,insufficient_observations,,,,,,,,,,,,,,,,,,,,,,,insufficient_evidence,False
fed_2027_above375,End-2027 Fed upper bound above 3.75%,KXFEDFUNDSYEAR-28JAN01-T3.75,fed_rates,hospitals,Hospitals (HCA only),single_company_proxy,raw,0.15,True,False,19,43,0.4523809523809524,11,1,0.51,0.645,8.499999999999996,1.99999999999999,2026-07-31,2026-09-04,insufficient_observations,,,,,,,,,,,,,,,,,,,,,,,insufficient_evidence,False
fed_2027_above375,End-2027 Fed upper bound above 3.75%,KXFEDFUNDSYEAR-28JAN01-T3.75,fed_rates,hospitals,Hospitals (HCA only),single_company_proxy,market_conditioned,0.15,True,False,19,43,0.4523809523809524,11,1,0.51,0.645,8.499999999999996,1.99999999999999,2026-07-31,2026-09-04,insufficient_observations,,,,,,,,,,,,,,,,,,,,,,,insufficient_evidence,False
fed_2027_above375,End-2027 Fed upper bound above 3.75%,KXFEDFUNDSYEAR-28JAN01-T3.75,fed_rates,generators_minus_regulated,Generators minus regulated utilities,relative_return_contrast,raw,0.15,True,False,19,43,0.4523809523809524,11,1,0.51,0.645,8.499999999999996,1.99999999999999,2026-07-31,2026-09-04,insufficient_observations,,,,,,,,,,,,,,,,,,,,,,,insufficient_evidence,False
fed_2027_above375,End-2027 Fed upper bound above 3.75%,KXFEDFUNDSYEAR-28JAN01-T3.75,fed_rates,generators_minus_regulated,Generators minus regulated utilities,relative_return_contrast,market_conditioned,0.15,True,False,19,43,0.4523809523809524,11,1,0.51,0.645,8.499999999999996,1.99999999999999,2026-07-31,2026-09-04,insufficient_observations,,,,,,,,,,,,,,,,,,,,,,,insufficient_evidence,False
fed_2027_above375,End-2027 Fed upper bound above 3.75%,KXFEDFUNDSYEAR-28JAN01-T3.75,fed_rates,equipment_minus_generators,Equipment minus generators,relative_return_contrast,raw,0.15,True,False,19,43,0.4523809523809524,11,1,0.51,0.645,8.499999999999996,1.99999999999999,2026-07-31,2026-09-04,insufficient_observations,,,,,,,,,,,,,,,,,,,,,,,insufficient_evidence,False
fed_2027_above375,End-2027 Fed upper bound above 3.75%,KXFEDFUNDSYEAR-28JAN01-T3.75,fed_rates,equipment_minus_generators,Equipment minus generators,relative_return_contrast,market_conditioned,0.15,True,False,19,43,0.4523809523809524,11,1,0.51,0.645,8.499999999999996,1.99999999999999,2026-07-31,2026-09-04,insufficient_observations,,,,,,,,,,,,,,,,,,,,,,,insufficient_evidence,False
fed_2027_above375,End-2027 Fed upper bound above 3.75%,KXFEDFUNDSYEAR-28JAN01-T3.75,fed_rates,hospitals_minus_managed_care,Hospitals minus managed care,relative_return_contrast,raw,0.15,True,False,19,43,0.4523809523809524,11,1,0.51,0.645,8.499999999999996,1.99999999999999,2026-07-31,2026-09-04,insufficient_observations,,,,,,,,,,,,,,,,,,,,,,,insufficient_evidence,False
fed_2027_above375,End-2027 Fed upper bound above 3.75%,KXFEDFUNDSYEAR-28JAN01-T3.75,fed_rates,hospitals_minus_managed_care,Hospitals minus managed care,relative_return_contrast,market_conditioned,0.15,True,False,19,43,0.4523809523809524,11,1,0.51,0.645,8.499999999999996,1.99999999999999,2026-07-31,2026-09-04,insufficient_observations,,,,,,,,,,,,,,,,,,,,,,,insufficient_evidence,False
sept_fed_hike25,September FOMC increase of 25 bp,KXFEDDECISION-26SEP-H25,fed_rates,sector_technology,Technology sector,sector,raw,0.05,True,False,40,43,0.9523809523809523,38,22,0.265,0.605,25.999999999999996,1.0,2026-07-09,2026-09-04,estimated,-0.00842372694399601,0.002359124938817236,,0.0021838783225544196,0.0020130388688192717,-0.012498911081761696,-0.004348542806230323,-0.012844757474869038,-0.004002696413122981,0.0001626875558566483,0.0004302866600401549,0.12373539888576479,,,,-0.007648517582793444,0.0920268862412609,2026-07-13,True,,,,pilot_observational,False
sept_fed_hike25,September FOMC increase of 25 bp,KXFEDDECISION-26SEP-H25,fed_rates,sector_technology,Technology sector,sector,market_conditioned,0.05,True,False,40,43,0.9523809523809523,38,22,0.265,0.605,25.999999999999996,1.0,2026-07-09,2026-09-04,estimated,-0.002780947251256868,0.00033293982037225557,1.8746967146409252,0.002035383410176359,0.0017611678209342684,-0.006349412216163282,0.0007875177136495467,-0.006905025776330693,0.0013431312738169565,0.12284015393167334,0.18009116465814687,0.6457409733960214,,,,-0.0022946174786254436,0.1748791791759532,2026-07-13,True,,,,pilot_observational,False
sept_fed_hike25,September FOMC increase of 25 bp,KXFEDDECISION-26SEP-H25,fed_rates,sector_consumer_discretionary,Consumer discretionary sector,sector,raw,0.05,True,False,40,43,0.9523809523809523,38,22,0.265,0.605,25.999999999999996,1.0,2026-07-09,2026-09-04,estimated,-0.001979589768045575,-0.00017295906957146738,,0.0023939604269888675,0.0021405889568922214,-0.006312985559712598,0.002353806023621448,-0.006825909285078044,0.002866729748986895,0.3609122858813963,0.413450586483715,0.012292884316268293,,,,-0.0011653083043035113,0.4113384888556955,2026-07-13,True,,,,pilot_observational,False
sept_fed_hike25,September FOMC increase of 25 bp,KXFEDDECISION-26SEP-H25,fed_rates,sector_consumer_discretionary,Consumer discretionary sector,sector,market_conditioned,0.05,True,False,40,43,0.9523809523809523,38,22,0.265,0.605,25.999999999999996,1.0,2026-07-09,2026-09-04,estimated,0.001640108347093682,-0.0014727047363384638,1.2025697500072885,0.002277137896790607,0.0018399705908221777,-0.0020880261962254315,0.005368242890412795,-0.0029738112966614027,0.006254027990848767,0.3784869127890048,0.47589693636009095,0.39870581171492914,,,,0.0022652525596259204,0.38116031397560496,2026-07-13,True,,,,pilot_observational,False
sept_fed_hike25,September FOMC increase of 25 bp,KXFEDDECISION-26SEP-H25,fed_rates,sector_communications,Communication services sector,sector,raw,0.05,True,False,40,43,0.9523809523809523,38,22,0.265,0.605,25.999999999999996,1.0,2026-07-09,2026-09-04,estimated,-0.0004081432266072925,0.0004213185450355478,,0.0019936502750182,0.001691419699071483,-0.003832243394133342,0.003015956940918757,-0.0044440772082356295,0.0036277907550210445,0.8106182776026675,0.8388822834064219,0.0005689896382011783,,,,-0.00043994228125057645,0.07791150892693942,2026-07-13,True,,,,pilot_observational,False
sept_fed_hike25,September FOMC increase of 25 bp,KXFEDDECISION-26SEP-H25,fed_rates,sector_communications,Communication services sector,sector,market_conditioned,0.05,True,False,40,43,0.9523809523809523,38,22,0.265,0.605,25.999999999999996,1.0,2026-07-09,2026-09-04,estimated,0.0018501123262532888,-0.0003895661685285088,0.7502586484485443,0.0024560958650535424,0.001806820637413926,-0.0018108540313202586,0.005511078683826836,-0.0031264106039951595,0.0068266352565017376,0.31250249256146845,0.45605215255249665,0.16433693269906502,,,,0.0017068336558152923,0.07744322785425353,2026-07-13,True,,,,pilot_observational,False
sept_fed_hike25,September FOMC increase of 25 bp,KXFEDDECISION-26SEP-H25,fed_rates,sector_industrials,Industrials sector,sector,raw,0.05,True,False,40,43,0.9523809523809523,38,22,0.265,0.605,25.999999999999996,1.0,2026-07-09,2026-09-04,estimated,-0.0035233230196262616,-0.00040221987830400254,,0.0010555696112297948,0.0010059292634954499,-0.005559720349954716,-0.0014869256892978073,-0.005660211980202685,-0.0013864340590498386,0.0011963612545846719,0.0018983897467009074,0.0745755822770452,,,,-0.0036960383214369474,0.049020569742994104,2026-07-13,True,,,,pilot_observational,False
sept_fed_hike25,September FOMC increase of 25 bp,KXFEDDECISION-26SEP-H25,fed_rates,sector_industrials,Industrials sector,sector,market_conditioned,0.05,True,False,40,43,0.9523809523809523,38,22,0.265,0.605,25.999999999999996,1.0,2026-07-09,2026-09-04,estimated,-0.0012119208497885729,-0.0012321882510357687,0.7679155114959294,0.0014110138229709208,0.0012653491536546214,-0.003775761768023829,0.0013519200684466832,-0.004070906423122142,0.0016470647235449967,0.34439267036412935,0.39592573620239707,0.37632491178789884,,,,-0.0014970465812905176,0.235267617973308,2026-07-13,True,,,,pilot_observational,False
sept_fed_hike25,September FOMC increase of 25 bp,KXFEDDECISION-26SEP-H25,fed_rates,sector_utilities,Utilities sector,sector,raw,0.05,True,False,40,43,0.9523809523809523,38,22,0.265,0.605,25.999999999999996,1.0,2026-07-09,2026-09-04,estimated,-0.002709913523771237,-0.0009532096487582609,,0.0026885560272434856,0.002201829136891381,-0.007167283578425477,0.001747456530883003,-0.0081526106546733,0.0027327836071308247,0.22597826307674632,0.3198568255854884,0.058114343116502654,,,,-0.005165880613640019,0.9062898385225772,2026-07-13,True,,,,pilot_observational,False
sept_fed_hike25,September FOMC increase of 25 bp,KXFEDDECISION-26SEP-H25,fed_rates,sector_utilities,Utilities sector,sector,market_conditioned,0.05,True,False,40,43,0.9523809523809523,38,22,0.265,0.605,25.999999999999996,1.0,2026-07-09,2026-09-04,estimated,-0.003031021286570449,-0.0008379076511916863,-0.10668140539670168,0.002797709593112429,0.0023730108686848216,-0.007839198023385794,0.001777155450244896,-0.008699719377879089,0.0026376768047381913,0.20945731661992553,0.2856434265623124,0.06578579611077229,,,,-0.005441421786178299,0.7952436725824445,2026-07-13,True,,,,pilot_observational,False
sept_fed_hike25,September FOMC increase of 25 bp,KXFEDDECISION-26SEP-H25,fed_rates,sector_real_estate,Real estate sector,sector,raw,0.05,True,False,40,43,0.9523809523809523,38,22,0.265,0.605,25.999999999999996,1.0,2026-07-09,2026-09-04,estimated,-0.0018256834799557213,-0.0005215641749649592,,0.0021612008243638023,0.0019945934785320124,-0.0058635268772728,0.0022121599173613583,-0.00620080581583954,0.0025494388559280973,0.3657978460943629,0.40353545057917567,0.03429867754037852,,,,-0.0036301143822616974,0.9883591115967919,2026-07-13,True,,,,pilot_observational,False
sept_fed_hike25,September FOMC increase of 25 bp,KXFEDDECISION-26SEP-H25,fed_rates,sector_real_estate,Real estate sector,sector,market_conditioned,0.05,True,False,40,43,0.9523809523809523,38,22,0.265,0.605,25.999999999999996,1.0,2026-07-09,2026-09-04,estimated,-0.001738347777416824,-0.0005529243042680671,0.02901547881289892,0.002183094854077835,0.002002453285544812,-0.005795703532155599,0.0023190079773219513,-0.0061617181168269666,0.0026850225619933187,0.39093060343737984,0.4309508141550385,0.03503660486143778,,,,-0.003525313024106711,1.0279676310486665,2026-07-13,True,,,,pilot_observational,False
sept_fed_hike25,September FOMC increase of 25 bp,KXFEDDECISION-26SEP-H25,fed_rates,sector_energy,Energy sector,sector,raw,0.05,True,False,40,43,0.9523809523809523,38,22,0.265,0.605,25.999999999999996,1.0,2026-07-09,2026-09-04,estimated,0.007848994895595145,0.0030860203783420253,,0.0026951781100886425,0.002181930072125105,0.0034319083915210604,0.01226608139966923,0.0023928920588284055,0.013305097732361885,0.0009137510334807864,0.005977371505789714,0.18978866417284357,,,,0.0067482819393627595,0.14023616665238312,2026-07-13,True,,,,pilot_observational,False
sept_fed_hike25,September FOMC increase of 25 bp,KXFEDDECISION-26SEP-H25,fed_rates,sector_energy,Energy sector,sector,market_conditioned,0.05,True,False,40,43,0.9523809523809523,38,22,0.265,0.605,25.999999999999996,1.0,2026-07-09,2026-09-04,estimated,0.00628018871382252,0.0036493405702188,-0.5212033705058339,0.002829606411348644,0.002330922267983307,0.0015572915825280255,0.011003085845117014,0.0005468615298090517,0.012013515897835988,0.010542977434133691,0.032667153851976875,0.2610713918320813,,,,0.005270480399378469,0.16077674739641365,2026-07-13,True,,,,pilot_observational,False
sept_fed_hike25,September FOMC increase of 25 bp,KXFEDDECISION-26SEP-H25,fed_rates,sector_financials,Financials sector,sector,raw,0.05,True,False,40,43,0.9523809523809523,38,22,0.265,0.605,25.999999999999996,1.0,2026-07-09,2026-09-04,estimated,-0.0005330704031554887,0.0011943938077921146,,0.0017323246002005066,0.0016521438206546517,-0.003877660711631989,0.0028115199053210115,-0.00403997821380253,0.0029738374074915527,0.7487261312944369,0.759975973762161,0.0030001040100123832,,,,-0.0016352851311861002,2.0676719651027256,2026-07-13,True,,,,pilot_observational,False
sept_fed_hike25,September FOMC increase of 25 bp,KXFEDDECISION-26SEP-H25,fed_rates,sector_financials,Financials sector,sector,market_conditioned,0.05,True,False,40,43,0.9523809523809523,38,22,0.265,0.605,25.999999999999996,1.0,2026-07-09,2026-09-04,estimated,0.0012879473318125247,0.0005405105736541012,0.6049954368128496,0.0016395755061292218,0.001349986586191895,-0.0014473853143198898,0.00402327997794494,-0.0020341482012736414,0.004610042864898691,0.3462528624931319,0.4371403877974831,0.3321540541303405,,,,0.00010883901374385426,0.9154942045722588,2026-07-13,True,,,,pilot_observational,False
sept_fed_hike25,September FOMC increase of 25 bp,KXFEDDECISION-26SEP-H25,fed_rates,sector_healthcare,Healthcare sector,sector,raw,0.05,True,False,40,43,0.9523809523809523,38,22,0.265,0.605,25.999999999999996,1.0,2026-07-09,2026-09-04,estimated,0.0017724411420518978,0.000765396902818953,,0.0019882310657656035,0.0016412263604798263,-0.0015500479237619445,0.00509493020786574,-0.002252522223992465,0.00579740450809626,0.28697173149282224,0.3782891973998496,0.014577308035903513,,,,0.0020755591117697777,0.17101722732917946,2026-07-13,True,,,,pilot_observational,False
sept_fed_hike25,September FOMC increase of 25 bp,KXFEDDECISION-26SEP-H25,fed_rates,sector_healthcare,Healthcare sector,sector,market_conditioned,0.05,True,False,40,43,0.9523809523809523,38,22,0.265,0.605,25.999999999999996,1.0,2026-07-09,2026-09-04,estimated,0.001661928201178891,0.0008050794154076694,-0.036715636346128955,0.0022922052521902243,0.001872987849970866,-0.0021331056637771736,0.005456962066134956,-0.00298252080452468,0.006306377206882463,0.3806415763059674,0.4729914677230771,0.015110107167969455,,,,0.0019668597618723842,0.1834805862715306,2026-07-13,True,,,,pilot_observational,False
sept_fed_hike25,September FOMC increase of 25 bp,KXFEDDECISION-26SEP-H25,fed_rates,sector_staples,Consumer staples sector,sector,raw,0.05,True,False,40,43,0.9523809523809523,38,22,0.265,0.605,25.999999999999996,1.0,2026-07-09,2026-09-04,estimated,0.0008905457528437667,-0.0006607061330605316,,0.0014830473703388927,0.001546175519855775,-0.00223952294593582,0.004020614451623353,-0.0021117266884752807,0.0038928181941628144,0.5680333756995053,0.5517487216410073,0.0045994002080382845,,,,0.00023910896452363094,0.7315028859998627,2026-07-13,True,,,,pilot_observational,False
sept_fed_hike25,September FOMC increase of 25 bp,KXFEDDECISION-26SEP-H25,fed_rates,sector_staples,Consumer staples sector,sector,market_conditioned,0.05,True,False,40,43,0.9523809523809523,38,22,0.265,0.605,25.999999999999996,1.0,2026-07-09,2026-09-04,estimated,0.0006900220469479339,-0.0005887029412108872,-0.06661984928000263,0.0017749517951036972,0.0016229704107513236,-0.0025984283670356556,0.003978472460931523,-0.002906371902531165,0.004286415996427033,0.6731826471813575,0.6996853247473992,0.006791820038430485,,,,5.638559918368929e-05,0.9182843512999463,2026-07-13,True,,,,pilot_observational,False
sept_fed_hike25,September FOMC increase of 25 bp,KXFEDDECISION-26SEP-H25,fed_rates,cloud_platforms,Cloud platforms,theme,raw,0.05,True,False,40,43,0.9523809523809523,38,22,0.265,0.605,25.999999999999996,1.0,2026-07-09,2026-09-04,estimated,0.002896153977310879,0.00203519169980398,,0.0030633363461857336,0.002742374253246774,-0.002655492456224335,0.008447800410846093,-0.0033052462440069357,0.009097554198628694,0.2976019144523661,0.3504152044891815,0.009394985315655635,,,,0.003914705204309961,0.3516909787872611,2026-07-13,True,,,,pilot_observational,False
sept_fed_hike25,September FOMC increase of 25 bp,KXFEDDECISION-26SEP-H25,fed_rates,cloud_platforms,Cloud platforms,theme,market_conditioned,0.05,True,False,40,43,0.9523809523809523,38,22,0.265,0.605,25.999999999999996,1.0,2026-07-09,2026-09-04,estimated,0.008904134052565574,-0.00012212800489032235,1.9960269799653854,0.0035152338591680006,0.002977355223465373,0.0028714393390196864,0.014936828766111462,0.001781593701334642,0.016026674403796508,0.004929892971402705,0.015679517529352174,0.38950851439696654,,,,0.009612776528181495,0.07958578245031445,2026-07-13,True,,,,pilot_observational,False
sept_fed_hike25,September FOMC increase of 25 bp,KXFEDDECISION-26SEP-H25,fed_rates,electrical_equipment,Electrical equipment,theme,raw,0.05,True,False,40,43,0.9523809523809523,38,22,0.265,0.605,25.999999999999996,1.0,2026-07-09,2026-09-04,estimated,-0.008500023215924487,0.001040756177322229,,0.004396195357230774,0.003062357215799873,-0.014699441291403458,-0.002300605140445517,-0.01739965544051936,0.000399609008670386,0.008501327840936549,0.06065034112118555,0.03637565647814611,,,,-0.007713381999320068,0.09254577271397042,2026-07-13,True,,,,pilot_observational,False
sept_fed_hike25,September FOMC increase of 25 bp,KXFEDDECISION-26SEP-H25,fed_rates,electrical_equipment,Electrical equipment,theme,market_conditioned,0.05,True,False,40,43,0.9523809523809523,38,22,0.265,0.605,25.999999999999996,1.0,2026-07-09,2026-09-04,estimated,-0.0009017674258876647,-0.0016875929070343967,2.5243631582697548,0.006231326797080447,0.00480443166577431,-0.01063647065621796,0.00883293580444263,-0.013527634816803387,0.011724099965028057,0.8521413744015838,0.8857212005516172,0.30965196692394525,,,,-0.0005010091984499576,0.4444141759092887,2026-07-13,True,,,,pilot_observational,False
sept_fed_hike25,September FOMC increase of 25 bp,KXFEDDECISION-26SEP-H25,fed_rates,regulated_utilities,Regulated utilities,theme,raw,0.05,True,False,40,43,0.9523809523809523,38,22,0.265,0.605,25.999999999999996,1.0,2026-07-09,2026-09-04,estimated,-0.002141427133334704,-0.0011626856480451953,,0.0025345969812674315,0.002427091116126193,-0.007054816224103157,0.0027719619574337493,-0.007272450470081388,0.0029895962034119797,0.38316094409361734,0.40346676942787063,0.027245599451992564,,,,-0.004289602719869815,1.003151381195912,2026-07-13,True,,,,pilot_observational,False
sept_fed_hike25,September FOMC increase of 25 bp,KXFEDDECISION-26SEP-H25,fed_rates,regulated_utilities,Regulated utilities,theme,market_conditioned,0.05,True,False,40,43,0.9523809523809523,38,22,0.265,0.605,25.999999999999996,1.0,2026-07-09,2026-09-04,estimated,-0.002869179240210337,-0.0009013675443514104,-0.24178056881935261,0.002753310930795534,0.0025948766096218078,-0.008126898669116572,0.002388540188695898,-0.008447917096563909,0.0027095586161432353,0.27599033626853403,0.3041345451373061,0.05682982863269015,,,,-0.004955362092214361,0.7271009154001432,2026-07-13,True,,,,pilot_observational,False
sept_fed_hike25,September FOMC increase of 25 bp,KXFEDDECISION-26SEP-H25,fed_rates,power_generators,Power generators,theme,raw,0.05,True,False,40,43,0.9523809523809523,38,22,0.265,0.605,25.999999999999996,1.0,2026-07-09,2026-09-04,estimated,0.0001411032500283206,0.0030737063001524006,,0.004163868195951416,0.003514251088785088,-0.0069731261446294955,0.0072553326446861376,-0.008288207225154385,0.008570413725211027,0.9681823814355474,0.9731442100023533,2.161011212131747e-05,,,,-0.0009426804399580186,7.680784742866056,2026-07-13,False,,,,pilot_observational,False
sept_fed_hike25,September FOMC increase of 25 bp,KXFEDDECISION-26SEP-H25,fed_rates,power_generators,Power generators,theme,market_conditioned,0.05,True,False,40,43,0.9523809523809523,38,22,0.265,0.605,25.999999999999996,1.0,2026-07-09,2026-09-04,estimated,0.0016863691354374766,0.002518838856880503,0.513382594459756,0.004460691537160122,0.003826916785233735,-0.006067700811442706,0.00944043908231766,-0.007351850437054095,0.010724588707929049,0.6620231464414453,0.7075529794487799,0.024388099922086126,,,,0.0005391287513445884,0.6803020524893988,2026-07-13,True,,,,pilot_observational,False
sept_fed_hike25,September FOMC increase of 25 bp,KXFEDDECISION-26SEP-H25,fed_rates,data_center_reits,Data-center REITs,theme,raw,0.05,True,False,40,43,0.9523809523809523,38,22,0.265,0.605,25.999999999999996,1.0,2026-07-09,2026-09-04,estimated,-0.005797539213045986,0.0018717307363338332,,0.003788708765808858,0.0033381108810962277,-0.01255519139922823,0.000960112973136259,-0.013467379127311559,0.0018723007012195862,0.09052871437473371,0.13424655619656337,0.04714154965314299,,,,-0.005921025436103538,0.021299765041636123,2026-07-13,True,,,,pilot_observational,False
sept_fed_hike25,September FOMC increase of 25 bp,KXFEDDECISION-26SEP-H25,fed_rates,data_center_reits,Data-center REITs,theme,market_conditioned,0.05,True,False,40,43,0.9523809523809523,38,22,0.265,0.605,25.999999999999996,1.0,2026-07-09,2026-09-04,estimated,-0.0033115628489987434,0.0009790770110572789,0.8259141728235824,0.004184860650252673,0.003522309508374713,-0.010448439827323354,0.0038253141293258675,-0.011790895957367807,0.005167770259370321,0.35322914825644874,0.4338010895666179,0.12863336747219445,,,,-0.003556701641551671,0.07402510649225508,2026-07-13,True,,,,pilot_observational,False
sept_fed_hike25,September FOMC increase of 25 bp,KXFEDDECISION-26SEP-H25,fed_rates,integrated_energy,Integrated energy,theme,raw,0.05,True,False,40,43,0.9523809523809523,38,22,0.265,0.605,25.999999999999996,1.0,2026-07-09,2026-09-04,estimated,0.009534403460093122,0.0031229916461103066,,0.0030034440523951794,0.002339754322779702,0.004797818464070091,0.014270988456116154,0.0034542488487882056,0.015614558071398037,0.00022593284210426157,0.0029728549461926937,0.22591238072941477,,,,0.008077176664753227,0.15283880123588378,2026-07-13,True,,,,pilot_observational,False
sept_fed_hike25,September FOMC increase of 25 bp,KXFEDDECISION-26SEP-H25,fed_rates,integrated_energy,Integrated energy,theme,market_conditioned,0.05,True,False,40,43,0.9523809523809523,38,22,0.265,0.605,25.999999999999996,1.0,2026-07-09,2026-09-04,estimated,0.0072469029125206705,0.003944377526882865,-0.7599746924005315,0.003066739946727967,0.0025270463997404432,0.0021266205436417385,0.012367185281399603,0.001033097546390172,0.01346070827865117,0.006788069330317086,0.023490944858588474,0.34817084733009984,,,,0.005920587159031738,0.18301828650104043,2026-07-13,True,,,,pilot_observational,False
sept_fed_hike25,September FOMC increase of 25 bp,KXFEDDECISION-26SEP-H25,fed_rates,homebuilders,Homebuilders,theme,raw,0.05,True,False,40,43,0.9523809523809523,38,22,0.265,0.605,25.999999999999996,1.0,2026-07-09,2026-09-04,estimated,-0.007709531242783217,-0.0004138104771908655,,0.004442177212263524,0.004353037578425899,-0.016521795111838097,0.0011027326262716642,-0.016702248866352236,0.0012831863807858035,0.084570162795036,0.09075103835246298,0.07780225670016783,,,,-0.00820133823920514,0.06379207515142996,2026-07-13,True,,,,pilot_observational,False
sept_fed_hike25,September FOMC increase of 25 bp,KXFEDDECISION-26SEP-H25,fed_rates,homebuilders,Homebuilders,theme,market_conditioned,0.05,True,False,40,43,0.9523809523809523,38,22,0.265,0.605,25.999999999999996,1.0,2026-07-09,2026-09-04,estimated,-0.004238958819341919,-0.0016600087304933543,1.1530258267074909,0.004609299650413421,0.004387491742035804,-0.01312886151865732,0.004650943879973483,-0.013578287030852301,0.005100369392168462,0.3402438905291591,0.36371093895791823,0.2260342750311255,,,,-0.004896742609631702,0.1551757915855151,2026-07-13,True,,,,pilot_observational,False
sept_fed_hike25,September FOMC increase of 25 bp,KXFEDDECISION-26SEP-H25,fed_rates,machinery_distribution,Machinery and distribution,theme,raw,0.05,True,False,40,43,0.9523809523809523,38,22,0.265,0.605,25.999999999999996,1.0,2026-07-09,2026-09-04,estimated,-0.0016856290232839606,0.0010413532520442488,,0.002094123892174519,0.0017296431796238227,-0.005187108581764569,0.001815850535196648,-0.005924961209110675,0.0025537031625427536,0.33594534575135865,0.42586630546659504,0.008827268867873772,,,,-0.0015754262866458984,0.06537781155628421,2026-07-13,True,,,,pilot_observational,False
sept_fed_hike25,September FOMC increase of 25 bp,KXFEDDECISION-26SEP-H25,fed_rates,machinery_distribution,Machinery and distribution,theme,market_conditioned,0.05,True,False,40,43,0.9523809523809523,38,22,0.265,0.605,25.999999999999996,1.0,2026-07-09,2026-09-04,estimated,0.000597663911512906,0.00022147822281194088,0.7585768001778347,0.002472019073903445,0.0017539485822117048,-0.0029561734863050425,0.0041515013093308545,-0.004411122504494453,0.005606450327520265,0.7352165813961967,0.8102921736607133,0.16110246581496357,,,,0.0005934318586667181,0.007080991113341629,2026-07-13,True,,,,pilot_observational,False
sept_fed_hike25,September FOMC increase of 25 bp,KXFEDDECISION-26SEP-H25,fed_rates,managed_care,Managed care (UNH only),single_company_proxy,raw,0.05,True,False,40,43,0.9523809523809523,38,22,0.265,0.605,25.999999999999996,1.0,2026-07-09,2026-09-04,estimated,0.0023277083537686463,-0.0016801918123228099,,0.002557478613162501,0.0023906573766719055,-0.002511924487479058,0.007167341195016351,-0.0028496364250471975,0.00750505313258449,0.3363786670278978,0.36847673786815444,0.015599863462266828,,,,0.0013080604325737565,0.4380479708912166,2026-07-13,True,,,,pilot_observational,False
sept_fed_hike25,September FOMC increase of 25 bp,KXFEDDECISION-26SEP-H25,fed_rates,managed_care,Managed care (UNH only),single_company_proxy,market_conditioned,0.05,True,False,40,43,0.9523809523809523,38,22,0.265,0.605,25.999999999999996,1.0,2026-07-09,2026-09-04,estimated,0.003355120624071422,-0.0020491106016340284,0.34133645341440244,0.0028882233983266383,0.002908844905580959,-0.002538758999737338,0.009249000247880182,-0.002496975857162333,0.009207217105305178,0.25613469443704645,0.2528146094849193,0.04417292083638691,,,,0.002296893548738988,0.3154065662319707,2026-07-13,True,,,,pilot_observational,False
sept_fed_hike25,September FOMC increase of 25 bp,KXFEDDECISION-26SEP-H25,fed_rates,hospitals,Hospitals (HCA only),single_company_proxy,raw,0.05,True,False,40,43,0.9523809523809523,38,22,0.265,0.605,25.999999999999996,1.0,2026-07-09,2026-09-04,estimated,0.00103879953309503,-0.0016106960436853977,,0.008549873471224986,0.004230359441283224,-0.007525115431088627,0.009602714497278687,-0.0162695144242386,0.01834711349042866,0.8073456657719894,0.9039361787976788,0.0010772757268502353,,,,0.007677125495601172,6.390382119953133,2026-07-13,True,,,,pilot_observational,False
sept_fed_hike25,September FOMC increase of 25 bp,KXFEDDECISION-26SEP-H25,fed_rates,hospitals,Hospitals (HCA only),single_company_proxy,market_conditioned,0.05,True,False,40,43,0.9523809523809523,38,22,0.265,0.605,25.999999999999996,1.0,2026-07-09,2026-09-04,estimated,0.0020623629427199922,-0.0019782328006201985,0.3400577491479408,0.00878691167758971,0.004591029375865018,-0.0072399461762029434,0.011364672061642928,-0.015741611271714744,0.01986633715715473,0.6558963547755452,0.815729046971029,0.010910511165936998,,,,0.008569816096259402,3.155338480314679,2026-07-13,True,,,,pilot_observational,False
sept_fed_hike25,September FOMC increase of 25 bp,KXFEDDECISION-26SEP-H25,fed_rates,generators_minus_regulated,Generators minus regulated utilities,relative_return_contrast,raw,0.05,True,False,40,43,0.9523809523809523,38,22,0.265,0.605,25.999999999999996,1.0,2026-07-09,2026-09-04,estimated,0.0022825303833630254,0.004236391948197596,,0.00438231897557352,0.003956052607151002,-0.005726079426682195,0.010291140193408245,-0.006589010575188689,0.01115407134191474,0.5673612205822659,0.6054933787879211,0.005262312388365387,,,,0.0033469222799117986,0.4663210199990958,2026-07-13,True,,,,pilot_observational,False
sept_fed_hike25,September FOMC increase of 25 bp,KXFEDDECISION-26SEP-H25,fed_rates,generators_minus_regulated,Generators minus regulated utilities,relative_return_contrast,market_conditioned,0.05,True,False,40,43,0.9523809523809523,38,22,0.265,0.605,25.999999999999996,1.0,2026-07-09,2026-09-04,estimated,0.004555548375647815,0.0034202064012319143,0.7551631632791087,0.004603581628256911,0.004139219097426363,-0.003831306162383635,0.012942402913679266,-0.004772194022465612,0.013883290773761242,0.2781877039130004,0.3288137849213639,0.05432516418807076,,,,0.005494490843558948,0.20610964706913282,2026-07-13,True,,,,pilot_observational,False
sept_fed_hike25,September FOMC increase of 25 bp,KXFEDDECISION-26SEP-H25,fed_rates,equipment_minus_generators,Equipment minus generators,relative_return_contrast,raw,0.05,True,False,40,43,0.9523809523809523,38,22,0.265,0.605,25.999999999999996,1.0,2026-07-09,2026-09-04,estimated,-0.008641126465952807,-0.00203295012283017,,0.004624477548511539,0.0035075278931331953,-0.015741745462570095,-0.00154050746933552,-0.0180028918263015,0.0007206388943958846,0.01839586781669268,0.06940738616538299,0.047922288110590294,,,,-0.006770701559362049,0.21645614306890212,2026-07-13,True,,,,pilot_observational,False
sept_fed_hike25,September FOMC increase of 25 bp,KXFEDDECISION-26SEP-H25,fed_rates,equipment_minus_generators,Equipment minus generators,relative_return_contrast,market_conditioned,0.05,True,False,40,43,0.9523809523809523,38,22,0.265,0.605,25.999999999999996,1.0,2026-07-09,2026-09-04,estimated,-0.002588136561325142,-0.004206431763914902,2.010980563809999,0.005019300502636701,0.0034769788863883303,-0.009633164975036523,0.004456891852386238,-0.012758205409445847,0.0075819322867955626,0.4613582107054456,0.6091756025497252,0.26899761335883177,,,,-0.0010401379497945447,0.5981131887175275,2026-07-13,True,,,,pilot_observational,False
sept_fed_hike25,September FOMC increase of 25 bp,KXFEDDECISION-26SEP-H25,fed_rates,hospitals_minus_managed_care,Hospitals minus managed care,relative_return_contrast,raw,0.05,True,False,40,43,0.9523809523809523,38,22,0.265,0.605,25.999999999999996,1.0,2026-07-09,2026-09-04,estimated,-0.0012889088206736168,6.94957686374132e-05,,0.008980279834471128,0.00393662558466844,-0.009258190679782952,0.006680373038435719,-0.019468534907873317,0.016890717266526082,0.7451512793630503,0.8866327499592246,0.0016450394107141442,,,,0.006369065063027412,5.941439581194561,2026-07-13,False,,,,pilot_observational,False
sept_fed_hike25,September FOMC increase of 25 bp,KXFEDDECISION-26SEP-H25,fed_rates,hospitals_minus_managed_care,Hospitals minus managed care,relative_return_contrast,market_conditioned,0.05,True,False,40,43,0.9523809523809523,38,22,0.265,0.605,25.999999999999996,1.0,2026-07-09,2026-09-04,estimated,-0.0012927576813514278,7.087780101382971e-05,-0.001278704266461761,0.009265949990269445,0.00446552022547757,-0.010340761105718129,0.007755245743015274,-0.020067355714440026,0.01748184035173717,0.7738166504686851,0.8897982925486988,0.0016451773220126364,,,,0.006272922547520412,5.852357590297047,2026-07-13,False,,,,pilot_observational,False
sept_fed_hike25,September FOMC increase of 25 bp,KXFEDDECISION-26SEP-H25,fed_rates,sector_technology,Technology sector,sector,raw,0.1,True,False,42,43,1.0,39,23,0.265,0.605,25.999999999999996,1.0,2026-07-09,2026-09-04,estimated,-0.007409135416104961,0.0012094774517605908,,0.0024047763270946937,0.0020814214782612,-0.011615845142673576,-0.0032024256895363465,-0.012269369669987155,-0.0025489011622227675,0.000975267520400378,0.003723739660788477,0.0951512102030525,-0.012053442754175511,-0.0012577645297323428,500.0,-0.006438295711277565,0.1310327926679702,2026-07-13,True,,,,pilot_observational,True
sept_fed_hike25,September FOMC increase of 25 bp,KXFEDDECISION-26SEP-H25,fed_rates,sector_technology,Technology sector,sector,market_conditioned,0.1,True,True,42,43,1.0,39,23,0.265,0.605,25.999999999999996,1.0,2026-07-09,2026-09-04,estimated,-0.001676279675497147,-0.000557034561296137,1.915166190168919,0.0023013552533380174,0.0018451609432156887,-0.005408469961345986,0.0020559106103516917,-0.006331210050202854,0.00297865069920856,0.3692081156190464,0.47072729604171043,0.6221577542076042,-0.007413385097044739,0.002088292333596538,500.0,-0.0009531721903670228,0.4313763960155794,2026-07-13,True,0.6932070742235156,0.9915527907147141,0.9915527907147141,pilot_observational,False
sept_fed_hike25,September FOMC increase of 25 bp,KXFEDDECISION-26SEP-H25,fed_rates,sector_consumer_discretionary,Consumer discretionary sector,sector,raw,0.1,True,False,42,43,1.0,39,23,0.265,0.605,25.999999999999996,1.0,2026-07-09,2026-09-04,estimated,-0.0023263052537517686,9.692873290242431e-05,,0.0022671467809768785,0.002045780825369852,-0.006460982533867231,0.0018083720263636941,-0.006908379818996223,0.002255769311492686,0.26225291058550615,0.31101278612630623,0.017569724729541436,-0.004392040591938696,0.005140302360993041,500.0,-0.0016520097536153859,0.289856844474261,2026-07-13,True,,,,pilot_observational,False
sept_fed_hike25,September FOMC increase of 25 bp,KXFEDDECISION-26SEP-H25,fed_rates,sector_consumer_discretionary,Consumer discretionary sector,sector,market_conditioned,0.1,True,True,42,43,1.0,39,23,0.265,0.605,25.999999999999996,1.0,2026-07-09,2026-09-04,estimated,0.0011673534401498613,-0.0009796010685683817,1.167121119611622,0.002160151945491234,0.0017711198309252128,-0.00241507456015961,0.004749781440459332,-0.003201966285895002,0.005536673166194724,0.5137016171883501,0.591991891277299,0.38416531298224976,-0.0015641032241800825,0.00678577801231348,500.0,0.0016897893762232768,0.44753878140483894,2026-07-13,True,0.784171318772089,0.9915527907147141,0.9915527907147141,pilot_observational,False
sept_fed_hike25,September FOMC increase of 25 bp,KXFEDDECISION-26SEP-H25,fed_rates,sector_communications,Communication services sector,sector,raw,0.1,True,False,42,43,1.0,39,23,0.265,0.605,25.999999999999996,1.0,2026-07-09,2026-09-04,estimated,-0.0011294448348197533,0.0006788915297015068,,0.002134872111228025,0.001716315789489066,-0.004598248438950186,0.00233935876931068,-0.00544418232027391,0.0031852926506344033,0.5142670567483915,0.5996975625060932,0.004353744772117585,-0.0041855501613454115,0.0034828103745383325,500.0,-0.0014143050551478134,0.25221260175448995,2026-07-13,True,,,,pilot_observational,False
sept_fed_hike25,September FOMC increase of 25 bp,KXFEDDECISION-26SEP-H25,fed_rates,sector_communications,Communication services sector,sector,market_conditioned,0.1,True,True,42,43,1.0,39,23,0.265,0.605,25.999999999999996,1.0,2026-07-09,2026-09-04,estimated,0.001137028404559396,-1.9495519579166694e-05,0.7571571857695765,0.0026011795344315553,0.0018355535409044729,-0.0025757290758694064,0.004849785884988198,-0.004124353821120761,0.006398410630239552,0.5392240464634349,0.6644350628800905,0.16654552456069427,-0.002299293331569163,0.005615830027859456,500.0,0.0007614205559295529,0.33034165824150447,2026-07-13,True,0.784171318772089,0.9915527907147141,0.9915527907147141,pilot_observational,False
sept_fed_hike25,September FOMC increase of 25 bp,KXFEDDECISION-26SEP-H25,fed_rates,sector_industrials,Industrials sector,sector,raw,0.1,True,False,42,43,1.0,39,23,0.265,0.605,25.999999999999996,1.0,2026-07-09,2026-09-04,estimated,-0.0032900542906384818,-0.0005156775871262712,,0.0010046205131707304,0.0010008936584643543,-0.0053129358320744,-0.0012671727492025637,-0.005320468086404704,-0.0012596404948722597,0.0021134519624515036,0.002186489024294031,0.06820419219765927,-0.005395309960894346,-0.00022760990653040384,500.0,-0.0033765578707188166,0.026292447612938197,2026-07-13,True,,,,pilot_observational,True
sept_fed_hike25,September FOMC increase of 25 bp,KXFEDDECISION-26SEP-H25,fed_rates,sector_industrials,Industrials sector,sector,market_conditioned,0.1,True,True,42,43,1.0,39,23,0.265,0.605,25.999999999999996,1.0,2026-07-09,2026-09-04,estimated,-0.0010494692973736048,-0.0012060874781062573,0.7485087397028749,0.001333663404500734,0.0012333890873396274,-0.0035442342052078965,0.0014452956104606869,-0.003747058156042553,0.0016481195612953435,0.4000287728844414,0.4360922075216874,0.36083666409701565,-0.0038891958797807914,0.0005663331189904445,500.0,-0.0012277826346783574,0.1699081028392144,2026-07-13,True,0.7146145069003613,0.9915527907147141,0.9915527907147141,pilot_observational,False
sept_fed_hike25,September FOMC increase of 25 bp,KXFEDDECISION-26SEP-H25,fed_rates,sector_utilities,Utilities sector,sector,raw,0.1,True,False,42,43,1.0,39,23,0.265,0.605,25.999999999999996,1.0,2026-07-09,2026-09-04,estimated,-0.0021855144639436174,-0.0011062306958178928,,0.0024696918565438853,0.0022759447257300713,-0.006785370338814024,0.0024143414109267895,-0.007176947896844274,0.002805918968957039,0.34268983977614076,0.3814809856879686,0.03795748492230122,-0.007617539646996851,0.001324783541394222,500.0,-0.00432857965958239,0.980576990449998,2026-07-13,True,,,,pilot_observational,False
sept_fed_hike25,September FOMC increase of 25 bp,KXFEDDECISION-26SEP-H25,fed_rates,sector_utilities,Utilities sector,sector,market_conditioned,0.1,True,True,42,43,1.0,39,23,0.265,0.605,25.999999999999996,1.0,2026-07-09,2026-09-04,estimated,-0.0025624295074375357,-0.0009900887619615183,-0.12591542165494418,0.002579154907338462,0.0024264458509020937,-0.007470379498018072,0.002345520483143001,-0.007779262719879295,0.0026544037050042243,0.2974470048598257,0.32658346650984454,0.04840160197385146,-0.008053291596024283,0.001114091602571368,500.0,-0.004666841374682957,0.821256491598031,2026-07-13,True,0.6319090518931588,0.9174737754878881,0.9174737754878881,pilot_observational,False
sept_fed_hike25,September FOMC increase of 25 bp,KXFEDDECISION-26SEP-H25,fed_rates,sector_real_estate,Real estate sector,sector,raw,0.1,True,False,42,43,1.0,39,23,0.265,0.605,25.999999999999996,1.0,2026-07-09,2026-09-04,estimated,-0.0018824720899302057,-1.4250294976849635e-05,,0.0020028949253544396,0.0018774811741417163,-0.005677003086751354,0.0019120589068909429,-0.005930473732933383,0.0021655295530729718,0.3220529514394883,0.3529227554684354,0.031971419436808146,-0.006241930787163092,0.0013813577911316658,500.0,-0.0035403767969079177,0.8807061288431535,2026-07-13,True,,,,pilot_observational,False
sept_fed_hike25,September FOMC increase of 25 bp,KXFEDDECISION-26SEP-H25,fed_rates,sector_real_estate,Real estate sector,sector,market_conditioned,0.1,True,True,42,43,1.0,39,23,0.265,0.605,25.999999999999996,1.0,2026-07-09,2026-09-04,estimated,-0.0020003228404168374,2.2064026523992906e-05,-0.03937021670008052,0.002052196238879324,0.001861536403945575,-0.005765635621995436,0.0017649899411617607,-0.006151281538931638,0.002150635858097963,0.2891775177965676,0.33570506460768706,0.033130635153653776,-0.0060859156071674525,0.0012944188148050967,500.0,-0.0036355159196165593,0.817464584296289,2026-07-13,True,0.6310462089164462,0.9174737754878881,0.9174737754878881,pilot_observational,False
sept_fed_hike25,September FOMC increase of 25 bp,KXFEDDECISION-26SEP-H25,fed_rates,sector_energy,Energy sector,sector,raw,0.1,True,False,42,43,1.0,39,23,0.265,0.605,25.999999999999996,1.0,2026-07-09,2026-09-04,estimated,0.007978222254965287,0.0031518678902523723,,0.002577400545366848,0.002094717723061141,0.0037446398152480237,0.01221180469468255,0.002769101441762384,0.01318734306816819,0.000470819578834535,0.003580816320633492,0.20133164157387684,0.002925833223324029,0.013656609313203585,500.0,0.006995607704917306,0.12316209283796847,2026-07-13,True,,,,pilot_observational,True
sept_fed_hike25,September FOMC increase of 25 bp,KXFEDDECISION-26SEP-H25,fed_rates,sector_energy,Energy sector,sector,market_conditioned,0.1,True,True,42,43,1.0,39,23,0.265,0.605,25.999999999999996,1.0,2026-07-09,2026-09-04,estimated,0.006391081730392666,0.0036409265601238436,-0.5302135635783806,0.0027227711869452177,0.0022443753740363217,0.0018514040401752894,0.010930759420610043,0.0008837571732208602,0.011898406287564472,0.0069932727162246335,0.024081666235300715,0.2750414469135729,0.0015299828980775935,0.012489704609882886,500.0,0.005484730389273816,0.14181501338164937,2026-07-13,True,0.06580902434840322,0.40282059884503013,0.40282059884503013,pilot_observational,True
sept_fed_hike25,September FOMC increase of 25 bp,KXFEDDECISION-26SEP-H25,fed_rates,sector_financials,Financials sector,sector,raw,0.1,True,False,42,43,1.0,39,23,0.265,0.605,25.999999999999996,1.0,2026-07-09,2026-09-04,estimated,-0.0007605652479153862,0.0013747923918616036,,0.0016901266522391253,0.001558160209236056,-0.003909724500956852,0.0023885940051260796,-0.0041764386312566106,0.0026553081354258384,0.6281317594451484,0.6551363459722644,0.006307677441479087,-0.0037377747023531376,0.0024597230953122785,500.0,-0.0018725625121766049,1.4620668868437832,2026-07-13,True,,,,pilot_observational,False
sept_fed_hike25,September FOMC increase of 25 bp,KXFEDDECISION-26SEP-H25,fed_rates,sector_financials,Financials sector,sector,market_conditioned,0.1,True,True,42,43,1.0,39,23,0.265,0.605,25.999999999999996,1.0,2026-07-09,2026-09-04,estimated,0.0009910991419707182,0.0008350376295606402,0.5851757950701644,0.0016162529895269752,0.001291246104629241,-0.0016206926293956848,0.0036028909133371213,-0.0022780811044277646,0.004260279388369201,0.44737541456034996,0.543298743506232,0.31583076809192334,-0.0018850969398977917,0.0031796905862302716,500.0,-0.0001814399498156266,1.1830694247750515,2026-07-13,False,0.7415952817937334,0.9915527907147141,0.9915527907147141,pilot_observational,False
sept_fed_hike25,September FOMC increase of 25 bp,KXFEDDECISION-26SEP-H25,fed_rates,sector_healthcare,Healthcare sector,sector,raw,0.1,True,False,42,43,1.0,39,23,0.265,0.605,25.999999999999996,1.0,2026-07-09,2026-09-04,estimated,0.001691711269491236,0.0013022874771420837,,0.0019030876103496347,0.001555736338279788,-0.0014525491576112379,0.0048359716965937095,-0.0021545722653831837,0.005537994804365656,0.2833681946823699,0.3793556303573446,0.01276094955391438,-0.0009949212783233095,0.006736045055309127,500.0,0.0020311940255900306,0.2006741707176133,2026-07-13,True,,,,pilot_observational,False
sept_fed_hike25,September FOMC increase of 25 bp,KXFEDDECISION-26SEP-H25,fed_rates,sector_healthcare,Healthcare sector,sector,market_conditioned,0.1,True,True,42,43,1.0,39,23,0.265,0.605,25.999999999999996,1.0,2026-07-09,2026-09-04,estimated,0.0013745634310966825,0.001400012850287363,-0.10594908451577531,0.0022246435983346784,0.0017892993990769061,-0.0022446362166434084,0.004993763078836773,-0.0031252029755727785,0.005874329837766143,0.44698740426917016,0.5402458288814851,0.016910000312580054,-0.0019326090107675898,0.006841804497823807,500.0,0.001723521552614349,0.2538683291168699,2026-07-13,True,0.7415952817937334,0.9915527907147141,0.9915527907147141,pilot_observational,False
sept_fed_hike25,September FOMC increase of 25 bp,KXFEDDECISION-26SEP-H25,fed_rates,sector_staples,Consumer staples sector,sector,raw,0.1,True,False,42,43,1.0,39,23,0.265,0.605,25.999999999999996,1.0,2026-07-09,2026-09-04,estimated,0.0007467449999214831,7.935630557629115e-05,,0.0014035610058989196,0.0014155462275092547,-0.002114180644338356,0.003607670644181322,-0.0020899576078943407,0.0035834476077373067,0.6007387809802216,0.5976439539292852,0.002809739872591699,-0.003930214107391616,0.0030445454916308034,500.0,0.00018540657334974663,0.7517136728478379,2026-07-13,True,,,,pilot_observational,False
sept_fed_hike25,September FOMC increase of 25 bp,KXFEDDECISION-26SEP-H25,fed_rates,sector_staples,Consumer staples sector,sector,market_conditioned,0.1,True,True,42,43,1.0,39,23,0.265,0.605,25.999999999999996,1.0,2026-07-09,2026-09-04,estimated,0.0002707242077791366,0.00022603650927091303,-0.15902352478030268,0.0017217601315745823,0.0014487519657190363,-0.002659653238666167,0.0032011016542244403,-0.0032118643768380695,0.003753312792396343,0.852733488574258,0.8758693895375118,0.01337227199758606,-0.0038692535635742997,0.0027957092565204645,500.0,-0.0002648730257021473,1.9783869269579215,2026-07-13,False,0.9378926187072435,0.9915527907147141,0.9915527907147141,pilot_observational,False
sept_fed_hike25,September FOMC increase of 25 bp,KXFEDDECISION-26SEP-H25,fed_rates,cloud_platforms,Cloud platforms,theme,raw,0.1,True,False,42,43,1.0,39,23,0.265,0.605,25.999999999999996,1.0,2026-07-09,2026-09-04,estimated,0.0015603259305916584,0.0023714769521178784,,0.003197206723150214,0.0029810313022241314,-0.0044645630720661945,0.007585214933249512,-0.0049014698952889995,0.008022121756472317,0.6035711894462427,0.6281946876412187,0.0027094452761901033,-0.002756566635336872,0.012033052262890136,500.0,0.002034375529841873,0.30381447232019015,2026-07-13,True,,,,pilot_observational,False
sept_fed_hike25,September FOMC increase of 25 bp,KXFEDDECISION-26SEP-H25,fed_rates,cloud_platforms,Cloud platforms,theme,market_conditioned,0.1,True,True,42,43,1.0,39,23,0.265,0.605,25.999999999999996,1.0,2026-07-09,2026-09-04,estimated,0.007595046104925489,0.0005119489671582843,2.0160095714861077,0.0036653297533099155,0.0032162229474721696,0.001089621152259663,0.014100471057591314,0.00018121689396494167,0.015008875315886036,0.02329204094460092,0.04491119993148722,0.37764682102407543,0.0015458823730499804,0.017675640988000667,500.0,0.007814212830747114,0.028856536588960684,2026-07-13,True,0.1648359820694834,0.5509107191595766,0.5509107191595766,pilot_observational,True
sept_fed_hike25,September FOMC increase of 25 bp,KXFEDDECISION-26SEP-H25,fed_rates,electrical_equipment,Electrical equipment,theme,raw,0.1,True,False,42,43,1.0,39,23,0.265,0.605,25.999999999999996,1.0,2026-07-09,2026-09-04,estimated,-0.007941818491544662,-0.0001577237050615003,,0.004195077547055507,0.0029348756416553677,-0.013873423424503657,-0.0020102135585856676,-0.016420386482324953,0.0005367494992356281,0.00996061004480892,0.06559141144479926,0.0323222964914176,-0.013505373815024537,0.0014137201681486485,500.0,-0.007154576235775387,0.09912619592193156,2026-07-13,True,,,,pilot_observational,False
sept_fed_hike25,September FOMC increase of 25 bp,KXFEDDECISION-26SEP-H25,fed_rates,electrical_equipment,Electrical equipment,theme,market_conditioned,0.1,True,True,42,43,1.0,39,23,0.265,0.605,25.999999999999996,1.0,2026-07-09,2026-09-04,estimated,-0.00017175740347922684,-0.002551976565294287,2.595732208295951,0.005896509925176062,0.0045947443936015875,-0.009465505168306972,0.009121990361348517,-0.012098574489039489,0.011755059682081034,0.9703716947630382,0.9769105347981704,0.3185461941436374,-0.010500344582141408,0.007312878349737101,500.0,0.0002854053944113311,2.661677392822542,2026-07-13,False,0.9846350465253377,0.9915527907147141,0.9915527907147141,pilot_observational,False
sept_fed_hike25,September FOMC increase of 25 bp,KXFEDDECISION-26SEP-H25,fed_rates,regulated_utilities,Regulated utilities,theme,raw,0.1,True,False,42,43,1.0,39,23,0.265,0.605,25.999999999999996,1.0,2026-07-09,2026-09-04,estimated,-0.0013569875051525045,-0.001369554255646123,,0.002350261340577995,0.0025942362339274644,-0.00660013451418413,0.003886159503879121,-0.006107042861382919,0.00339306785107791,0.6038058162912806,0.5669205133440234,0.01046785305817921,-0.008241134875795851,0.00272174422807916,500.0,-0.003109654173488119,1.2915864454762551,2026-07-13,True,,,,pilot_observational,False
sept_fed_hike25,September FOMC increase of 25 bp,KXFEDDECISION-26SEP-H25,fed_rates,regulated_utilities,Regulated utilities,theme,market_conditioned,0.1,True,True,42,43,1.0,39,23,0.265,0.605,25.999999999999996,1.0,2026-07-09,2026-09-04,estimated,-0.0021710485631014115,-0.0011187109232311434,-0.27195210998830954,0.00256867871228234,0.0027378242584749405,-0.007708820831375052,0.0033667237051722286,-0.00736669167092662,0.003024594544723797,0.43258552165463493,0.4031545003406957,0.045318802140885794,-0.008984345486023407,0.0022074843872534385,500.0,-0.003871167370299017,0.7830864938225667,2026-07-13,True,0.737915968479999,0.9890723741691735,0.9915527907147141,pilot_observational,False
sept_fed_hike25,September FOMC increase of 25 bp,KXFEDDECISION-26SEP-H25,fed_rates,power_generators,Power generators,theme,raw,0.1,True,False,42,43,1.0,39,23,0.265,0.605,25.999999999999996,1.0,2026-07-09,2026-09-04,estimated,-6.104510656750658e-05,0.0022896137254385437,,0.003970332690462057,0.0033069588474404104,-0.006744658249884916,0.006622568036749903,-0.008085386798588862,0.00796329658545385,0.9853639869346704,0.9878091939629068,3.9476042611452655e-06,-0.008332673343061741,0.00561031405174071,500.0,-0.001296969099213421,20.246078058348065,2026-07-13,True,,,,pilot_observational,False
sept_fed_hike25,September FOMC increase of 25 bp,KXFEDDECISION-26SEP-H25,fed_rates,power_generators,Power generators,theme,market_conditioned,0.1,True,True,42,43,1.0,39,23,0.265,0.605,25.999999999999996,1.0,2026-07-09,2026-09-04,estimated,0.001828334391801593,0.0017074236735503308,0.6311820669136821,0.004303567642041015,0.0036916397705015628,-0.0056387118520385094,0.009295380635641694,-0.006876452801518783,0.010533121585121968,0.6231932323880417,0.6732870020782475,0.034987589860156265,-0.007973476771456912,0.0072857545503253116,500.0,0.0005275014413571274,0.7114852492396967,2026-07-13,True,0.8309243098507223,0.9915527907147141,0.9915527907147141,pilot_observational,False
sept_fed_hike25,September FOMC increase of 25 bp,KXFEDDECISION-26SEP-H25,fed_rates,data_center_reits,Data-center REITs,theme,raw,0.1,True,False,42,43,1.0,39,23,0.265,0.605,25.999999999999996,1.0,2026-07-09,2026-09-04,estimated,-0.005790265754106488,0.0015132022002932468,,0.0035632159603509192,0.003184523616366316,-0.012226428064993584,0.0006458965567806068,-0.012991793841918262,0.0014112623337052864,0.07651974379002643,0.11201490616143688,0.04854495620085453,-0.013111665061806653,0.002538101433653378,500.0,-0.005961054936226959,0.02949591424181976,2026-07-13,True,,,,pilot_observational,False
sept_fed_hike25,September FOMC increase of 25 bp,KXFEDDECISION-26SEP-H25,fed_rates,data_center_reits,Data-center REITs,theme,market_conditioned,0.1,True,True,42,43,1.0,39,23,0.265,0.605,25.999999999999996,1.0,2026-07-09,2026-09-04,estimated,-0.003219037189938183,0.0007209083850582686,0.858966322562587,0.003970337998803722,0.0033846824934072057,-0.010065203736560321,0.003627129356683956,-0.011249803809595395,0.00481172942971903,0.34743089494975876,0.4224171401457367,0.13710202182067588,-0.011773242453689436,0.003981306511773351,500.0,-0.003494415188276931,0.08554669675749726,2026-07-13,True,0.6784655132122264,0.9915527907147141,0.9915527907147141,pilot_observational,False
sept_fed_hike25,September FOMC increase of 25 bp,KXFEDDECISION-26SEP-H25,fed_rates,integrated_energy,Integrated energy,theme,raw,0.1,True,False,42,43,1.0,39,23,0.265,0.605,25.999999999999996,1.0,2026-07-09,2026-09-04,estimated,0.009344256800822511,0.0034174706998150424,,0.002893710480033965,0.002293495897733411,0.004708928684145122,0.0139795849174999,0.0034958497629545135,0.015192663838690508,0.00021248365073609578,0.002482549028918615,0.22545279526333717,0.00434746744609666,0.014981058269195553,500.0,0.00792817862400147,0.15154529750256798,2026-07-13,True,,,,pilot_observational,True
sept_fed_hike25,September FOMC increase of 25 bp,KXFEDDECISION-26SEP-H25,fed_rates,integrated_energy,Integrated energy,theme,market_conditioned,0.1,True,True,42,43,1.0,39,23,0.265,0.605,25.999999999999996,1.0,2026-07-09,2026-09-04,estimated,0.007038863341406507,0.0041278505567568105,-0.7701592030714479,0.0029669081444174982,0.0024794565801143885,0.0020236890301837335,0.01205403765262928,0.001037725177110118,0.013040001505702895,0.007153154820478611,0.02269806714764305,0.3524081246415597,0.002797005085398836,0.013399472846697954,500.0,0.005733440302407345,0.18545935269405467,2026-07-13,True,0.06580902434840322,0.40282059884503013,0.40282059884503013,pilot_observational,True
sept_fed_hike25,September FOMC increase of 25 bp,KXFEDDECISION-26SEP-H25,fed_rates,homebuilders,Homebuilders,theme,raw,0.1,True,False,42,43,1.0,39,23,0.265,0.605,25.999999999999996,1.0,2026-07-09,2026-09-04,estimated,-0.008063394907540383,0.0001651337886325671,,0.0042067144697621565,0.0040998779346821425,-0.01634955730458617,0.00022276748950540368,-0.01656548199642198,0.0004386921813412138,0.056177678419693955,0.062427709732733316,0.08678854415886927,-0.01761073081594297,0.0023706704116847645,500.0,-0.008584385004101589,0.06461175504054856,2026-07-13,True,,,,pilot_observational,False
sept_fed_hike25,September FOMC increase of 25 bp,KXFEDDECISION-26SEP-H25,fed_rates,homebuilders,Homebuilders,theme,market_conditioned,0.1,True,True,42,43,1.0,39,23,0.265,0.605,25.999999999999996,1.0,2026-07-09,2026-09-04,estimated,-0.004845263634720784,-0.0008264954813596032,1.075076103096904,0.00441580096980708,0.004172127543569109,-0.013284188134333297,0.0035936608648917297,-0.013777064161039087,0.00408653689159752,0.2525619875341298,0.2792583726579964,0.21467624631494475,-0.01459229198289115,0.004617433276936604,500.0,-0.0054938515337969104,0.13386018759193954,2026-07-13,True,0.6013057054393637,0.9174737754878881,0.9174737754878881,pilot_observational,False
sept_fed_hike25,September FOMC increase of 25 bp,KXFEDDECISION-26SEP-H25,fed_rates,machinery_distribution,Machinery and distribution,theme,raw,0.1,True,False,42,43,1.0,39,23,0.265,0.605,25.999999999999996,1.0,2026-07-09,2026-09-04,estimated,-0.0012685846248174921,0.0008110691902779984,,0.002041584503202489,0.0017187724440894353,-0.004742353313103214,0.0022051840634682296,-0.0053947808214707006,0.0028576115718357167,0.46477669306566344,0.5378798356300978,0.005207702041656881,-0.005577691435041632,0.00315070024612,500.0,-0.0010294475684088128,0.1885069799289766,2026-07-13,True,,,,pilot_observational,False
sept_fed_hike25,September FOMC increase of 25 bp,KXFEDDECISION-26SEP-H25,fed_rates,machinery_distribution,Machinery and distribution,theme,market_conditioned,0.1,True,True,42,43,1.0,39,23,0.265,0.605,25.999999999999996,1.0,2026-07-09,2026-09-04,estimated,0.000949106584229591,0.00012771374941413763,0.7408606488590099,0.002398247826347403,0.0017520758115237196,-0.002594801250955476,0.0044930144194146576,-0.0039018075181211998,0.0058000206865803814,0.5911039804235627,0.694446181397668,0.1524403492270513,-0.0032238869024098214,0.004109738267499578,500.0,0.0010938786490646928,0.15253509694342302,2026-07-13,True,0.8116651671487727,0.9915527907147141,0.9915527907147141,pilot_observational,False
sept_fed_hike25,September FOMC increase of 25 bp,KXFEDDECISION-26SEP-H25,fed_rates,managed_care,Managed care (UNH only),single_company_proxy,raw,0.1,True,False,42,43,1.0,39,23,0.265,0.605,25.999999999999996,1.0,2026-07-09,2026-09-04,estimated,0.0028244801230511473,-0.001661294931916395,,0.0024844874289288704,0.0024307280920268176,-0.002088204604270375,0.007737164850372669,-0.0021968562770822977,0.007845816523184591,0.25212640754790555,0.26236741564404076,0.02300478332948208,-0.0017481424440304084,0.010241795536225526,500.0,0.002061916239297382,0.2699838025165513,2026-07-13,True,,,,pilot_observational,False
sept_fed_hike25,September FOMC increase of 25 bp,KXFEDDECISION-26SEP-H25,fed_rates,managed_care,Managed care (UNH only),single_company_proxy,market_conditioned,0.1,True,True,42,43,1.0,39,23,0.265,0.605,25.999999999999996,1.0,2026-07-09,2026-09-04,estimated,0.0036934803752818714,-0.001929067130341213,0.2903055610717478,0.0028268289745212597,0.0028967247705408905,-0.0021656985159367575,0.0095526592665005,-0.002024320923979109,0.009411281674542853,0.20983396169543955,0.19900797377747217,0.0431501713235255,-0.002309869860931538,0.010466979859672411,500.0,0.002903150328886724,0.21397976057604817,2026-07-13,True,0.5709331656649559,0.9094769698122832,0.9094769698122832,pilot_observational,False
sept_fed_hike25,September FOMC increase of 25 bp,KXFEDDECISION-26SEP-H25,fed_rates,hospitals,Hospitals (HCA only),single_company_proxy,raw,0.1,True,False,42,43,1.0,39,23,0.265,0.605,25.999999999999996,1.0,2026-07-09,2026-09-04,estimated,-0.0009763988349125797,1.5310421987856538e-06,,0.007936679254260637,0.0038110871842708723,-0.008678893353354067,0.006726095683528908,-0.017017025956453095,0.015064228286627936,0.799109821703828,0.9027044823031803,0.0009100760539951791,-0.0045567799711815765,0.018525137410297775,500.0,0.0047601995755454565,5.875261425288011,2026-07-13,False,,,,pilot_observational,False
sept_fed_hike25,September FOMC increase of 25 bp,KXFEDDECISION-26SEP-H25,fed_rates,hospitals,Hospitals (HCA only),single_company_proxy,market_conditioned,0.1,True,True,42,43,1.0,39,23,0.265,0.605,25.999999999999996,1.0,2026-07-09,2026-09-04,estimated,-0.0001706848051015301,-0.0002467402517512463,0.2691636312961332,0.008241498642851638,0.0041097041183763994,-0.008483346009379155,0.008141976399176095,-0.016840689277492826,0.016499319667289764,0.9670835725095893,0.9835822644829811,0.006643047304150107,-0.004416182364141562,0.01878592445404848,500.0,0.0054708571022198576,33.0523968080555,2026-07-13,False,0.9846350465253377,0.9915527907147141,0.9915527907147141,pilot_observational,False
sept_fed_hike25,September FOMC increase of 25 bp,KXFEDDECISION-26SEP-H25,fed_rates,generators_minus_regulated,Generators minus regulated utilities,relative_return_contrast,raw,0.1,True,False,42,43,1.0,39,23,0.265,0.605,25.999999999999996,1.0,2026-07-09,2026-09-04,estimated,0.001295942398584997,0.0036591679810846663,,0.0041545393630068785,0.0038642925373985546,-0.0065140841496954035,0.009105968946865398,-0.007100694866046905,0.009692579663216898,0.7391035288216121,0.7567108492709583,0.001570150114619251,-0.006355339144018882,0.011425545827684012,500.0,0.0018126850742746997,0.3987389225431002,2026-07-13,True,,,,pilot_observational,False
sept_fed_hike25,September FOMC increase of 25 bp,KXFEDDECISION-26SEP-H25,fed_rates,generators_minus_regulated,Generators minus regulated utilities,relative_return_contrast,market_conditioned,0.1,True,True,42,43,1.0,39,23,0.265,0.605,25.999999999999996,1.0,2026-07-09,2026-09-04,estimated,0.003999382954903003,0.002826134596781474,0.9031341769019918,0.004452874123765804,0.004060134122340494,-0.004213013468486536,0.012211779378292542,-0.005007405103304736,0.013006171013110742,0.33067773462595196,0.3746131951538636,0.06478195003811216,-0.005091579080754889,0.012519057890098847,500.0,0.004398668811656144,0.09983686515032032,2026-07-13,True,0.6781879880476129,0.9727988717657353,0.9727988717657353,pilot_observational,False
sept_fed_hike25,September FOMC increase of 25 bp,KXFEDDECISION-26SEP-H25,fed_rates,equipment_minus_generators,Equipment minus generators,relative_return_contrast,raw,0.1,True,False,42,43,1.0,39,23,0.265,0.605,25.999999999999996,1.0,2026-07-09,2026-09-04,estimated,-0.007880773384977155,-0.0024473374305000444,,0.004451571755703694,0.0031997885080294786,-0.014347787192740359,-0.00141375957721395,-0.01687773550861238,0.0011161887386580676,0.018183123643810098,0.08429290709300478,0.04177011128521135,-0.011640856305328701,0.00239120016631544,500.0,-0.005857607136561967,0.25672178980198557,2026-07-13,True,,,,pilot_observational,False
sept_fed_hike25,September FOMC increase of 25 bp,KXFEDDECISION-26SEP-H25,fed_rates,equipment_minus_generators,Equipment minus generators,relative_return_contrast,market_conditioned,0.1,True,True,42,43,1.0,39,23,0.265,0.605,25.999999999999996,1.0,2026-07-09,2026-09-04,estimated,-0.0020000917952808193,-0.004259400238844617,1.9645501413822688,0.004848976337504275,0.003312224326444723,-0.008699697865505437,0.004699514274943798,-0.011808072204623824,0.0078078886140621855,0.5494388915683514,0.6822484773809429,0.2569382749093658,-0.007799706499601515,0.004730782491529961,500.0,-0.0002420960469457956,0.8789575320907687,2026-07-13,True,0.784171318772089,0.9915527907147141,0.9915527907147141,pilot_observational,False
sept_fed_hike25,September FOMC increase of 25 bp,KXFEDDECISION-26SEP-H25,fed_rates,hospitals_minus_managed_care,Hospitals minus managed care,relative_return_contrast,raw,0.1,True,False,42,43,1.0,39,23,0.265,0.605,25.999999999999996,1.0,2026-07-09,2026-09-04,estimated,-0.0038008789579637298,0.0016628259741151802,,0.008366771463792243,0.0039546129002411366,-0.011793449768828807,0.004191691852901348,-0.02071075485975102,0.013108996943823562,0.3422633916125893,0.652081040061011,0.013113435579999555,-0.009611933234858993,0.011532764213296479,500.0,0.002698283336248073,1.7099103565491183,2026-07-13,False,,,,pilot_observational,False
sept_fed_hike25,September FOMC increase of 25 bp,KXFEDDECISION-26SEP-H25,fed_rates,hospitals_minus_managed_care,Hospitals minus managed care,relative_return_contrast,market_conditioned,0.1,True,True,42,43,1.0,39,23,0.265,0.605,25.999999999999996,1.0,2026-07-09,2026-09-04,estimated,-0.0038641651803834,0.0016823268785899678,-0.02114192977561466,0.00868860147905402,0.004206926360609899,-0.012373476931252339,0.004645146570485538,-0.021438520499883935,0.013710190139117137,0.3639903997469356,0.6589664425521339,0.013147068260710437,-0.009233555433126987,0.01171392264054568,500.0,0.0025677067733331335,1.6644919804071023,2026-07-13,False,0.6932070742235156,0.9915527907147141,0.9915527907147141,pilot_observational,False
sept_fed_hike25,September FOMC increase of 25 bp,KXFEDDECISION-26SEP-H25,fed_rates,sector_technology,Technology sector,sector,raw,0.15,True,False,42,43,1.0,39,23,0.265,0.605,25.999999999999996,1.0,2026-07-09,2026-09-04,estimated,-0.007409135416104961,0.0012094774517605908,,0.0024047763270946937,0.0020814214782612,-0.011615845142673576,-0.0032024256895363465,-0.012269369669987155,-0.0025489011622227675,0.000975267520400378,0.003723739660788477,0.0951512102030525,,,,-0.006438295711277565,0.1310327926679702,2026-07-13,True,,,,pilot_observational,False
sept_fed_hike25,September FOMC increase of 25 bp,KXFEDDECISION-26SEP-H25,fed_rates,sector_technology,Technology sector,sector,market_conditioned,0.15,True,False,42,43,1.0,39,23,0.265,0.605,25.999999999999996,1.0,2026-07-09,2026-09-04,estimated,-0.001676279675497147,-0.000557034561296137,1.915166190168919,0.0023013552533380174,0.0018451609432156887,-0.005408469961345986,0.0020559106103516917,-0.006331210050202854,0.00297865069920856,0.3692081156190464,0.47072729604171043,0.6221577542076042,,,,-0.0009531721903670228,0.4313763960155794,2026-07-13,True,,,,pilot_observational,False
sept_fed_hike25,September FOMC increase of 25 bp,KXFEDDECISION-26SEP-H25,fed_rates,sector_consumer_discretionary,Consumer discretionary sector,sector,raw,0.15,True,False,42,43,1.0,39,23,0.265,0.605,25.999999999999996,1.0,2026-07-09,2026-09-04,estimated,-0.0023263052537517686,9.692873290242431e-05,,0.0022671467809768785,0.002045780825369852,-0.006460982533867231,0.0018083720263636941,-0.006908379818996223,0.002255769311492686,0.26225291058550615,0.31101278612630623,0.017569724729541436,,,,-0.0016520097536153859,0.289856844474261,2026-07-13,True,,,,pilot_observational,False
sept_fed_hike25,September FOMC increase of 25 bp,KXFEDDECISION-26SEP-H25,fed_rates,sector_consumer_discretionary,Consumer discretionary sector,sector,market_conditioned,0.15,True,False,42,43,1.0,39,23,0.265,0.605,25.999999999999996,1.0,2026-07-09,2026-09-04,estimated,0.0011673534401498613,-0.0009796010685683817,1.167121119611622,0.002160151945491234,0.0017711198309252128,-0.00241507456015961,0.004749781440459332,-0.003201966285895002,0.005536673166194724,0.5137016171883501,0.591991891277299,0.38416531298224976,,,,0.0016897893762232768,0.44753878140483894,2026-07-13,True,,,,pilot_observational,False
sept_fed_hike25,September FOMC increase of 25 bp,KXFEDDECISION-26SEP-H25,fed_rates,sector_communications,Communication services sector,sector,raw,0.15,True,False,42,43,1.0,39,23,0.265,0.605,25.999999999999996,1.0,2026-07-09,2026-09-04,estimated,-0.0011294448348197533,0.0006788915297015068,,0.002134872111228025,0.001716315789489066,-0.004598248438950186,0.00233935876931068,-0.00544418232027391,0.0031852926506344033,0.5142670567483915,0.5996975625060932,0.004353744772117585,,,,-0.0014143050551478134,0.25221260175448995,2026-07-13,True,,,,pilot_observational,False
sept_fed_hike25,September FOMC increase of 25 bp,KXFEDDECISION-26SEP-H25,fed_rates,sector_communications,Communication services sector,sector,market_conditioned,0.15,True,False,42,43,1.0,39,23,0.265,0.605,25.999999999999996,1.0,2026-07-09,2026-09-04,estimated,0.001137028404559396,-1.9495519579166694e-05,0.7571571857695765,0.0026011795344315553,0.0018355535409044729,-0.0025757290758694064,0.004849785884988198,-0.004124353821120761,0.006398410630239552,0.5392240464634349,0.6644350628800905,0.16654552456069427,,,,0.0007614205559295529,0.33034165824150447,2026-07-13,True,,,,pilot_observational,False
sept_fed_hike25,September FOMC increase of 25 bp,KXFEDDECISION-26SEP-H25,fed_rates,sector_industrials,Industrials sector,sector,raw,0.15,True,False,42,43,1.0,39,23,0.265,0.605,25.999999999999996,1.0,2026-07-09,2026-09-04,estimated,-0.0032900542906384818,-0.0005156775871262712,,0.0010046205131707304,0.0010008936584643543,-0.0053129358320744,-0.0012671727492025637,-0.005320468086404704,-0.0012596404948722597,0.0021134519624515036,0.002186489024294031,0.06820419219765927,,,,-0.0033765578707188166,0.026292447612938197,2026-07-13,True,,,,pilot_observational,False
sept_fed_hike25,September FOMC increase of 25 bp,KXFEDDECISION-26SEP-H25,fed_rates,sector_industrials,Industrials sector,sector,market_conditioned,0.15,True,False,42,43,1.0,39,23,0.265,0.605,25.999999999999996,1.0,2026-07-09,2026-09-04,estimated,-0.0010494692973736048,-0.0012060874781062573,0.7485087397028749,0.001333663404500734,0.0012333890873396274,-0.0035442342052078965,0.0014452956104606869,-0.003747058156042553,0.0016481195612953435,0.4000287728844414,0.4360922075216874,0.36083666409701565,,,,-0.0012277826346783574,0.1699081028392144,2026-07-13,True,,,,pilot_observational,False
sept_fed_hike25,September FOMC increase of 25 bp,KXFEDDECISION-26SEP-H25,fed_rates,sector_utilities,Utilities sector,sector,raw,0.15,True,False,42,43,1.0,39,23,0.265,0.605,25.999999999999996,1.0,2026-07-09,2026-09-04,estimated,-0.0021855144639436174,-0.0011062306958178928,,0.0024696918565438853,0.0022759447257300713,-0.006785370338814024,0.0024143414109267895,-0.007176947896844274,0.002805918968957039,0.34268983977614076,0.3814809856879686,0.03795748492230122,,,,-0.00432857965958239,0.980576990449998,2026-07-13,True,,,,pilot_observational,False
sept_fed_hike25,September FOMC increase of 25 bp,KXFEDDECISION-26SEP-H25,fed_rates,sector_utilities,Utilities sector,sector,market_conditioned,0.15,True,False,42,43,1.0,39,23,0.265,0.605,25.999999999999996,1.0,2026-07-09,2026-09-04,estimated,-0.0025624295074375357,-0.0009900887619615183,-0.12591542165494418,0.002579154907338462,0.0024264458509020937,-0.007470379498018072,0.002345520483143001,-0.007779262719879295,0.0026544037050042243,0.2974470048598257,0.32658346650984454,0.04840160197385146,,,,-0.004666841374682957,0.821256491598031,2026-07-13,True,,,,pilot_observational,False
sept_fed_hike25,September FOMC increase of 25 bp,KXFEDDECISION-26SEP-H25,fed_rates,sector_real_estate,Real estate sector,sector,raw,0.15,True,False,42,43,1.0,39,23,0.265,0.605,25.999999999999996,1.0,2026-07-09,2026-09-04,estimated,-0.0018824720899302057,-1.4250294976849635e-05,,0.0020028949253544396,0.0018774811741417163,-0.005677003086751354,0.0019120589068909429,-0.005930473732933383,0.0021655295530729718,0.3220529514394883,0.3529227554684354,0.031971419436808146,,,,-0.0035403767969079177,0.8807061288431535,2026-07-13,True,,,,pilot_observational,False
sept_fed_hike25,September FOMC increase of 25 bp,KXFEDDECISION-26SEP-H25,fed_rates,sector_real_estate,Real estate sector,sector,market_conditioned,0.15,True,False,42,43,1.0,39,23,0.265,0.605,25.999999999999996,1.0,2026-07-09,2026-09-04,estimated,-0.0020003228404168374,2.2064026523992906e-05,-0.03937021670008052,0.002052196238879324,0.001861536403945575,-0.005765635621995436,0.0017649899411617607,-0.006151281538931638,0.002150635858097963,0.2891775177965676,0.33570506460768706,0.033130635153653776,,,,-0.0036355159196165593,0.817464584296289,2026-07-13,True,,,,pilot_observational,False
sept_fed_hike25,September FOMC increase of 25 bp,KXFEDDECISION-26SEP-H25,fed_rates,sector_energy,Energy sector,sector,raw,0.15,True,False,42,43,1.0,39,23,0.265,0.605,25.999999999999996,1.0,2026-07-09,2026-09-04,estimated,0.007978222254965287,0.0031518678902523723,,0.002577400545366848,0.002094717723061141,0.0037446398152480237,0.01221180469468255,0.002769101441762384,0.01318734306816819,0.000470819578834535,0.003580816320633492,0.20133164157387684,,,,0.006995607704917306,0.12316209283796847,2026-07-13,True,,,,pilot_observational,False
sept_fed_hike25,September FOMC increase of 25 bp,KXFEDDECISION-26SEP-H25,fed_rates,sector_energy,Energy sector,sector,market_conditioned,0.15,True,False,42,43,1.0,39,23,0.265,0.605,25.999999999999996,1.0,2026-07-09,2026-09-04,estimated,0.006391081730392666,0.0036409265601238436,-0.5302135635783806,0.0027227711869452177,0.0022443753740363217,0.0018514040401752894,0.010930759420610043,0.0008837571732208602,0.011898406287564472,0.0069932727162246335,0.024081666235300715,0.2750414469135729,,,,0.005484730389273816,0.14181501338164937,2026-07-13,True,,,,pilot_observational,False
sept_fed_hike25,September FOMC increase of 25 bp,KXFEDDECISION-26SEP-H25,fed_rates,sector_financials,Financials sector,sector,raw,0.15,True,False,42,43,1.0,39,23,0.265,0.605,25.999999999999996,1.0,2026-07-09,2026-09-04,estimated,-0.0007605652479153862,0.0013747923918616036,,0.0016901266522391253,0.001558160209236056,-0.003909724500956852,0.0023885940051260796,-0.0041764386312566106,0.0026553081354258384,0.6281317594451484,0.6551363459722644,0.006307677441479087,,,,-0.0018725625121766049,1.4620668868437832,2026-07-13,True,,,,pilot_observational,False
sept_fed_hike25,September FOMC increase of 25 bp,KXFEDDECISION-26SEP-H25,fed_rates,sector_financials,Financials sector,sector,market_conditioned,0.15,True,False,42,43,1.0,39,23,0.265,0.605,25.999999999999996,1.0,2026-07-09,2026-09-04,estimated,0.0009910991419707182,0.0008350376295606402,0.5851757950701644,0.0016162529895269752,0.001291246104629241,-0.0016206926293956848,0.0036028909133371213,-0.0022780811044277646,0.004260279388369201,0.44737541456034996,0.543298743506232,0.31583076809192334,,,,-0.0001814399498156266,1.1830694247750515,2026-07-13,False,,,,pilot_observational,False
sept_fed_hike25,September FOMC increase of 25 bp,KXFEDDECISION-26SEP-H25,fed_rates,sector_healthcare,Healthcare sector,sector,raw,0.15,True,False,42,43,1.0,39,23,0.265,0.605,25.999999999999996,1.0,2026-07-09,2026-09-04,estimated,0.001691711269491236,0.0013022874771420837,,0.0019030876103496347,0.001555736338279788,-0.0014525491576112379,0.0048359716965937095,-0.0021545722653831837,0.005537994804365656,0.2833681946823699,0.3793556303573446,0.01276094955391438,,,,0.0020311940255900306,0.2006741707176133,2026-07-13,True,,,,pilot_observational,False
sept_fed_hike25,September FOMC increase of 25 bp,KXFEDDECISION-26SEP-H25,fed_rates,sector_healthcare,Healthcare sector,sector,market_conditioned,0.15,True,False,42,43,1.0,39,23,0.265,0.605,25.999999999999996,1.0,2026-07-09,2026-09-04,estimated,0.0013745634310966825,0.001400012850287363,-0.10594908451577531,0.0022246435983346784,0.0017892993990769061,-0.0022446362166434084,0.004993763078836773,-0.0031252029755727785,0.005874329837766143,0.44698740426917016,0.5402458288814851,0.016910000312580054,,,,0.001723521552614349,0.2538683291168699,2026-07-13,True,,,,pilot_observational,False
sept_fed_hike25,September FOMC increase of 25 bp,KXFEDDECISION-26SEP-H25,fed_rates,sector_staples,Consumer staples sector,sector,raw,0.15,True,False,42,43,1.0,39,23,0.265,0.605,25.999999999999996,1.0,2026-07-09,2026-09-04,estimated,0.0007467449999214831,7.935630557629115e-05,,0.0014035610058989196,0.0014155462275092547,-0.002114180644338356,0.003607670644181322,-0.0020899576078943407,0.0035834476077373067,0.6007387809802216,0.5976439539292852,0.002809739872591699,,,,0.00018540657334974663,0.7517136728478379,2026-07-13,True,,,,pilot_observational,False
sept_fed_hike25,September FOMC increase of 25 bp,KXFEDDECISION-26SEP-H25,fed_rates,sector_staples,Consumer staples sector,sector,market_conditioned,0.15,True,False,42,43,1.0,39,23,0.265,0.605,25.999999999999996,1.0,2026-07-09,2026-09-04,estimated,0.0002707242077791366,0.00022603650927091303,-0.15902352478030268,0.0017217601315745823,0.0014487519657190363,-0.002659653238666167,0.0032011016542244403,-0.0032118643768380695,0.003753312792396343,0.852733488574258,0.8758693895375118,0.01337227199758606,,,,-0.0002648730257021473,1.9783869269579215,2026-07-13,False,,,,pilot_observational,False
sept_fed_hike25,September FOMC increase of 25 bp,KXFEDDECISION-26SEP-H25,fed_rates,cloud_platforms,Cloud platforms,theme,raw,0.15,True,False,42,43,1.0,39,23,0.265,0.605,25.999999999999996,1.0,2026-07-09,2026-09-04,estimated,0.0015603259305916584,0.0023714769521178784,,0.003197206723150214,0.0029810313022241314,-0.0044645630720661945,0.007585214933249512,-0.0049014698952889995,0.008022121756472317,0.6035711894462427,0.6281946876412187,0.0027094452761901033,,,,0.002034375529841873,0.30381447232019015,2026-07-13,True,,,,pilot_observational,False
sept_fed_hike25,September FOMC increase of 25 bp,KXFEDDECISION-26SEP-H25,fed_rates,cloud_platforms,Cloud platforms,theme,market_conditioned,0.15,True,False,42,43,1.0,39,23,0.265,0.605,25.999999999999996,1.0,2026-07-09,2026-09-04,estimated,0.007595046104925489,0.0005119489671582843,2.0160095714861077,0.0036653297533099155,0.0032162229474721696,0.001089621152259663,0.014100471057591314,0.00018121689396494167,0.015008875315886036,0.02329204094460092,0.04491119993148722,0.37764682102407543,,,,0.007814212830747114,0.028856536588960684,2026-07-13,True,,,,pilot_observational,False
sept_fed_hike25,September FOMC increase of 25 bp,KXFEDDECISION-26SEP-H25,fed_rates,electrical_equipment,Electrical equipment,theme,raw,0.15,True,False,42,43,1.0,39,23,0.265,0.605,25.999999999999996,1.0,2026-07-09,2026-09-04,estimated,-0.007941818491544662,-0.0001577237050615003,,0.004195077547055507,0.0029348756416553677,-0.013873423424503657,-0.0020102135585856676,-0.016420386482324953,0.0005367494992356281,0.00996061004480892,0.06559141144479926,0.0323222964914176,,,,-0.007154576235775387,0.09912619592193156,2026-07-13,True,,,,pilot_observational,False
sept_fed_hike25,September FOMC increase of 25 bp,KXFEDDECISION-26SEP-H25,fed_rates,electrical_equipment,Electrical equipment,theme,market_conditioned,0.15,True,False,42,43,1.0,39,23,0.265,0.605,25.999999999999996,1.0,2026-07-09,2026-09-04,estimated,-0.00017175740347922684,-0.002551976565294287,2.595732208295951,0.005896509925176062,0.0045947443936015875,-0.009465505168306972,0.009121990361348517,-0.012098574489039489,0.011755059682081034,0.9703716947630382,0.9769105347981704,0.3185461941436374,,,,0.0002854053944113311,2.661677392822542,2026-07-13,False,,,,pilot_observational,False
sept_fed_hike25,September FOMC increase of 25 bp,KXFEDDECISION-26SEP-H25,fed_rates,regulated_utilities,Regulated utilities,theme,raw,0.15,True,False,42,43,1.0,39,23,0.265,0.605,25.999999999999996,1.0,2026-07-09,2026-09-04,estimated,-0.0013569875051525045,-0.001369554255646123,,0.002350261340577995,0.0025942362339274644,-0.00660013451418413,0.003886159503879121,-0.006107042861382919,0.00339306785107791,0.6038058162912806,0.5669205133440234,0.01046785305817921,,,,-0.003109654173488119,1.2915864454762551,2026-07-13,True,,,,pilot_observational,False
sept_fed_hike25,September FOMC increase of 25 bp,KXFEDDECISION-26SEP-H25,fed_rates,regulated_utilities,Regulated utilities,theme,market_conditioned,0.15,True,False,42,43,1.0,39,23,0.265,0.605,25.999999999999996,1.0,2026-07-09,2026-09-04,estimated,-0.0021710485631014115,-0.0011187109232311434,-0.27195210998830954,0.00256867871228234,0.0027378242584749405,-0.007708820831375052,0.0033667237051722286,-0.00736669167092662,0.003024594544723797,0.43258552165463493,0.4031545003406957,0.045318802140885794,,,,-0.003871167370299017,0.7830864938225667,2026-07-13,True,,,,pilot_observational,False
sept_fed_hike25,September FOMC increase of 25 bp,KXFEDDECISION-26SEP-H25,fed_rates,power_generators,Power generators,theme,raw,0.15,True,False,42,43,1.0,39,23,0.265,0.605,25.999999999999996,1.0,2026-07-09,2026-09-04,estimated,-6.104510656750658e-05,0.0022896137254385437,,0.003970332690462057,0.0033069588474404104,-0.006744658249884916,0.006622568036749903,-0.008085386798588862,0.00796329658545385,0.9853639869346704,0.9878091939629068,3.9476042611452655e-06,,,,-0.001296969099213421,20.246078058348065,2026-07-13,True,,,,pilot_observational,False
sept_fed_hike25,September FOMC increase of 25 bp,KXFEDDECISION-26SEP-H25,fed_rates,power_generators,Power generators,theme,market_conditioned,0.15,True,False,42,43,1.0,39,23,0.265,0.605,25.999999999999996,1.0,2026-07-09,2026-09-04,estimated,0.001828334391801593,0.0017074236735503308,0.6311820669136821,0.004303567642041015,0.0036916397705015628,-0.0056387118520385094,0.009295380635641694,-0.006876452801518783,0.010533121585121968,0.6231932323880417,0.6732870020782475,0.034987589860156265,,,,0.0005275014413571274,0.7114852492396967,2026-07-13,True,,,,pilot_observational,False
sept_fed_hike25,September FOMC increase of 25 bp,KXFEDDECISION-26SEP-H25,fed_rates,data_center_reits,Data-center REITs,theme,raw,0.15,True,False,42,43,1.0,39,23,0.265,0.605,25.999999999999996,1.0,2026-07-09,2026-09-04,estimated,-0.005790265754106488,0.0015132022002932468,,0.0035632159603509192,0.003184523616366316,-0.012226428064993584,0.0006458965567806068,-0.012991793841918262,0.0014112623337052864,0.07651974379002643,0.11201490616143688,0.04854495620085453,,,,-0.005961054936226959,0.02949591424181976,2026-07-13,True,,,,pilot_observational,False
sept_fed_hike25,September FOMC increase of 25 bp,KXFEDDECISION-26SEP-H25,fed_rates,data_center_reits,Data-center REITs,theme,market_conditioned,0.15,True,False,42,43,1.0,39,23,0.265,0.605,25.999999999999996,1.0,2026-07-09,2026-09-04,estimated,-0.003219037189938183,0.0007209083850582686,0.858966322562587,0.003970337998803722,0.0033846824934072057,-0.010065203736560321,0.003627129356683956,-0.011249803809595395,0.00481172942971903,0.34743089494975876,0.4224171401457367,0.13710202182067588,,,,-0.003494415188276931,0.08554669675749726,2026-07-13,True,,,,pilot_observational,False
sept_fed_hike25,September FOMC increase of 25 bp,KXFEDDECISION-26SEP-H25,fed_rates,integrated_energy,Integrated energy,theme,raw,0.15,True,False,42,43,1.0,39,23,0.265,0.605,25.999999999999996,1.0,2026-07-09,2026-09-04,estimated,0.009344256800822511,0.0034174706998150424,,0.002893710480033965,0.002293495897733411,0.004708928684145122,0.0139795849174999,0.0034958497629545135,0.015192663838690508,0.00021248365073609578,0.002482549028918615,0.22545279526333717,,,,0.00792817862400147,0.15154529750256798,2026-07-13,True,,,,pilot_observational,False
sept_fed_hike25,September FOMC increase of 25 bp,KXFEDDECISION-26SEP-H25,fed_rates,integrated_energy,Integrated energy,theme,market_conditioned,0.15,True,False,42,43,1.0,39,23,0.265,0.605,25.999999999999996,1.0,2026-07-09,2026-09-04,estimated,0.007038863341406507,0.0041278505567568105,-0.7701592030714479,0.0029669081444174982,0.0024794565801143885,0.0020236890301837335,0.01205403765262928,0.001037725177110118,0.013040001505702895,0.007153154820478611,0.02269806714764305,0.3524081246415597,,,,0.005733440302407345,0.18545935269405467,2026-07-13,True,,,,pilot_observational,False
sept_fed_hike25,September FOMC increase of 25 bp,KXFEDDECISION-26SEP-H25,fed_rates,homebuilders,Homebuilders,theme,raw,0.15,True,False,42,43,1.0,39,23,0.265,0.605,25.999999999999996,1.0,2026-07-09,2026-09-04,estimated,-0.008063394907540383,0.0001651337886325671,,0.0042067144697621565,0.0040998779346821425,-0.01634955730458617,0.00022276748950540368,-0.01656548199642198,0.0004386921813412138,0.056177678419693955,0.062427709732733316,0.08678854415886927,,,,-0.008584385004101589,0.06461175504054856,2026-07-13,True,,,,pilot_observational,False
sept_fed_hike25,September FOMC increase of 25 bp,KXFEDDECISION-26SEP-H25,fed_rates,homebuilders,Homebuilders,theme,market_conditioned,0.15,True,False,42,43,1.0,39,23,0.265,0.605,25.999999999999996,1.0,2026-07-09,2026-09-04,estimated,-0.004845263634720784,-0.0008264954813596032,1.075076103096904,0.00441580096980708,0.004172127543569109,-0.013284188134333297,0.0035936608648917297,-0.013777064161039087,0.00408653689159752,0.2525619875341298,0.2792583726579964,0.21467624631494475,,,,-0.0054938515337969104,0.13386018759193954,2026-07-13,True,,,,pilot_observational,False
sept_fed_hike25,September FOMC increase of 25 bp,KXFEDDECISION-26SEP-H25,fed_rates,machinery_distribution,Machinery and distribution,theme,raw,0.15,True,False,42,43,1.0,39,23,0.265,0.605,25.999999999999996,1.0,2026-07-09,2026-09-04,estimated,-0.0012685846248174921,0.0008110691902779984,,0.002041584503202489,0.0017187724440894353,-0.004742353313103214,0.0022051840634682296,-0.0053947808214707006,0.0028576115718357167,0.46477669306566344,0.5378798356300978,0.005207702041656881,,,,-0.0010294475684088128,0.1885069799289766,2026-07-13,True,,,,pilot_observational,False
sept_fed_hike25,September FOMC increase of 25 bp,KXFEDDECISION-26SEP-H25,fed_rates,machinery_distribution,Machinery and distribution,theme,market_conditioned,0.15,True,False,42,43,1.0,39,23,0.265,0.605,25.999999999999996,1.0,2026-07-09,2026-09-04,estimated,0.000949106584229591,0.00012771374941413763,0.7408606488590099,0.002398247826347403,0.0017520758115237196,-0.002594801250955476,0.0044930144194146576,-0.0039018075181211998,0.0058000206865803814,0.5911039804235627,0.694446181397668,0.1524403492270513,,,,0.0010938786490646928,0.15253509694342302,2026-07-13,True,,,,pilot_observational,False
sept_fed_hike25,September FOMC increase of 25 bp,KXFEDDECISION-26SEP-H25,fed_rates,managed_care,Managed care (UNH only),single_company_proxy,raw,0.15,True,False,42,43,1.0,39,23,0.265,0.605,25.999999999999996,1.0,2026-07-09,2026-09-04,estimated,0.0028244801230511473,-0.001661294931916395,,0.0024844874289288704,0.0024307280920268176,-0.002088204604270375,0.007737164850372669,-0.0021968562770822977,0.007845816523184591,0.25212640754790555,0.26236741564404076,0.02300478332948208,,,,0.002061916239297382,0.2699838025165513,2026-07-13,True,,,,pilot_observational,False
sept_fed_hike25,September FOMC increase of 25 bp,KXFEDDECISION-26SEP-H25,fed_rates,managed_care,Managed care (UNH only),single_company_proxy,market_conditioned,0.15,True,False,42,43,1.0,39,23,0.265,0.605,25.999999999999996,1.0,2026-07-09,2026-09-04,estimated,0.0036934803752818714,-0.001929067130341213,0.2903055610717478,0.0028268289745212597,0.0028967247705408905,-0.0021656985159367575,0.0095526592665005,-0.002024320923979109,0.009411281674542853,0.20983396169543955,0.19900797377747217,0.0431501713235255,,,,0.002903150328886724,0.21397976057604817,2026-07-13,True,,,,pilot_observational,False
sept_fed_hike25,September FOMC increase of 25 bp,KXFEDDECISION-26SEP-H25,fed_rates,hospitals,Hospitals (HCA only),single_company_proxy,raw,0.15,True,False,42,43,1.0,39,23,0.265,0.605,25.999999999999996,1.0,2026-07-09,2026-09-04,estimated,-0.0009763988349125797,1.5310421987856538e-06,,0.007936679254260637,0.0038110871842708723,-0.008678893353354067,0.006726095683528908,-0.017017025956453095,0.015064228286627936,0.799109821703828,0.9027044823031803,0.0009100760539951791,,,,0.0047601995755454565,5.875261425288011,2026-07-13,False,,,,pilot_observational,False
sept_fed_hike25,September FOMC increase of 25 bp,KXFEDDECISION-26SEP-H25,fed_rates,hospitals,Hospitals (HCA only),single_company_proxy,market_conditioned,0.15,True,False,42,43,1.0,39,23,0.265,0.605,25.999999999999996,1.0,2026-07-09,2026-09-04,estimated,-0.0001706848051015301,-0.0002467402517512463,0.2691636312961332,0.008241498642851638,0.0041097041183763994,-0.008483346009379155,0.008141976399176095,-0.016840689277492826,0.016499319667289764,0.9670835725095893,0.9835822644829811,0.006643047304150107,,,,0.0054708571022198576,33.0523968080555,2026-07-13,False,,,,pilot_observational,False
sept_fed_hike25,September FOMC increase of 25 bp,KXFEDDECISION-26SEP-H25,fed_rates,generators_minus_regulated,Generators minus regulated utilities,relative_return_contrast,raw,0.15,True,False,42,43,1.0,39,23,0.265,0.605,25.999999999999996,1.0,2026-07-09,2026-09-04,estimated,0.001295942398584997,0.0036591679810846663,,0.0041545393630068785,0.0038642925373985546,-0.0065140841496954035,0.009105968946865398,-0.007100694866046905,0.009692579663216898,0.7391035288216121,0.7567108492709583,0.001570150114619251,,,,0.0018126850742746997,0.3987389225431002,2026-07-13,True,,,,pilot_observational,False
sept_fed_hike25,September FOMC increase of 25 bp,KXFEDDECISION-26SEP-H25,fed_rates,generators_minus_regulated,Generators minus regulated utilities,relative_return_contrast,market_conditioned,0.15,True,False,42,43,1.0,39,23,0.265,0.605,25.999999999999996,1.0,2026-07-09,2026-09-04,estimated,0.003999382954903003,0.002826134596781474,0.9031341769019918,0.004452874123765804,0.004060134122340494,-0.004213013468486536,0.012211779378292542,-0.005007405103304736,0.013006171013110742,0.33067773462595196,0.3746131951538636,0.06478195003811216,,,,0.004398668811656144,0.09983686515032032,2026-07-13,True,,,,pilot_observational,False
sept_fed_hike25,September FOMC increase of 25 bp,KXFEDDECISION-26SEP-H25,fed_rates,equipment_minus_generators,Equipment minus generators,relative_return_contrast,raw,0.15,True,False,42,43,1.0,39,23,0.265,0.605,25.999999999999996,1.0,2026-07-09,2026-09-04,estimated,-0.007880773384977155,-0.0024473374305000444,,0.004451571755703694,0.0031997885080294786,-0.014347787192740359,-0.00141375957721395,-0.01687773550861238,0.0011161887386580676,0.018183123643810098,0.08429290709300478,0.04177011128521135,,,,-0.005857607136561967,0.25672178980198557,2026-07-13,True,,,,pilot_observational,False
sept_fed_hike25,September FOMC increase of 25 bp,KXFEDDECISION-26SEP-H25,fed_rates,equipment_minus_generators,Equipment minus generators,relative_return_contrast,market_conditioned,0.15,True,False,42,43,1.0,39,23,0.265,0.605,25.999999999999996,1.0,2026-07-09,2026-09-04,estimated,-0.0020000917952808193,-0.004259400238844617,1.9645501413822688,0.004848976337504275,0.003312224326444723,-0.008699697865505437,0.004699514274943798,-0.011808072204623824,0.0078078886140621855,0.5494388915683514,0.6822484773809429,0.2569382749093658,,,,-0.0002420960469457956,0.8789575320907687,2026-07-13,True,,,,pilot_observational,False
sept_fed_hike25,September FOMC increase of 25 bp,KXFEDDECISION-26SEP-H25,fed_rates,hospitals_minus_managed_care,Hospitals minus managed care,relative_return_contrast,raw,0.15,True,False,42,43,1.0,39,23,0.265,0.605,25.999999999999996,1.0,2026-07-09,2026-09-04,estimated,-0.0038008789579637298,0.0016628259741151802,,0.008366771463792243,0.0039546129002411366,-0.011793449768828807,0.004191691852901348,-0.02071075485975102,0.013108996943823562,0.3422633916125893,0.652081040061011,0.013113435579999555,,,,0.002698283336248073,1.7099103565491183,2026-07-13,False,,,,pilot_observational,False
sept_fed_hike25,September FOMC increase of 25 bp,KXFEDDECISION-26SEP-H25,fed_rates,hospitals_minus_managed_care,Hospitals minus managed care,relative_return_contrast,market_conditioned,0.15,True,False,42,43,1.0,39,23,0.265,0.605,25.999999999999996,1.0,2026-07-09,2026-09-04,estimated,-0.0038641651803834,0.0016823268785899678,-0.02114192977561466,0.00868860147905402,0.004206926360609899,-0.012373476931252339,0.004645146570485538,-0.021438520499883935,0.013710190139117137,0.3639903997469356,0.6589664425521339,0.013147068260710437,,,,0.0025677067733331335,1.6644919804071023,2026-07-13,False,,,,pilot_observational,False
aca_extension,Enhanced ACA credits extended before 2027,KXACAEXT-26JAN-27,healthcare,sector_technology,Technology sector,sector,raw,0.05,True,False,33,43,0.7857142857142857,4,1,0.0535,0.105,4.949999999999999,2.1,2026-07-09,2026-09-04,insufficient_probability_variation,,,,,,,,,,,,,,,,,,,,,,,insufficient_evidence,False
aca_extension,Enhanced ACA credits extended before 2027,KXACAEXT-26JAN-27,healthcare,sector_technology,Technology sector,sector,market_conditioned,0.05,True,False,33,43,0.7857142857142857,4,1,0.0535,0.105,4.949999999999999,2.1,2026-07-09,2026-09-04,insufficient_probability_variation,,,,,,,,,,,,,,,,,,,,,,,insufficient_evidence,False
aca_extension,Enhanced ACA credits extended before 2027,KXACAEXT-26JAN-27,healthcare,sector_consumer_discretionary,Consumer discretionary sector,sector,raw,0.05,True,False,33,43,0.7857142857142857,4,1,0.0535,0.105,4.949999999999999,2.1,2026-07-09,2026-09-04,insufficient_probability_variation,,,,,,,,,,,,,,,,,,,,,,,insufficient_evidence,False
aca_extension,Enhanced ACA credits extended before 2027,KXACAEXT-26JAN-27,healthcare,sector_consumer_discretionary,Consumer discretionary sector,sector,market_conditioned,0.05,True,False,33,43,0.7857142857142857,4,1,0.0535,0.105,4.949999999999999,2.1,2026-07-09,2026-09-04,insufficient_probability_variation,,,,,,,,,,,,,,,,,,,,,,,insufficient_evidence,False
aca_extension,Enhanced ACA credits extended before 2027,KXACAEXT-26JAN-27,healthcare,sector_communications,Communication services sector,sector,raw,0.05,True,False,33,43,0.7857142857142857,4,1,0.0535,0.105,4.949999999999999,2.1,2026-07-09,2026-09-04,insufficient_probability_variation,,,,,,,,,,,,,,,,,,,,,,,insufficient_evidence,False
aca_extension,Enhanced ACA credits extended before 2027,KXACAEXT-26JAN-27,healthcare,sector_communications,Communication services sector,sector,market_conditioned,0.05,True,False,33,43,0.7857142857142857,4,1,0.0535,0.105,4.949999999999999,2.1,2026-07-09,2026-09-04,insufficient_probability_variation,,,,,,,,,,,,,,,,,,,,,,,insufficient_evidence,False
aca_extension,Enhanced ACA credits extended before 2027,KXACAEXT-26JAN-27,healthcare,sector_industrials,Industrials sector,sector,raw,0.05,True,False,33,43,0.7857142857142857,4,1,0.0535,0.105,4.949999999999999,2.1,2026-07-09,2026-09-04,insufficient_probability_variation,,,,,,,,,,,,,,,,,,,,,,,insufficient_evidence,False
aca_extension,Enhanced ACA credits extended before 2027,KXACAEXT-26JAN-27,healthcare,sector_industrials,Industrials sector,sector,market_conditioned,0.05,True,False,33,43,0.7857142857142857,4,1,0.0535,0.105,4.949999999999999,2.1,2026-07-09,2026-09-04,insufficient_probability_variation,,,,,,,,,,,,,,,,,,,,,,,insufficient_evidence,False
aca_extension,Enhanced ACA credits extended before 2027,KXACAEXT-26JAN-27,healthcare,sector_utilities,Utilities sector,sector,raw,0.05,True,False,33,43,0.7857142857142857,4,1,0.0535,0.105,4.949999999999999,2.1,2026-07-09,2026-09-04,insufficient_probability_variation,,,,,,,,,,,,,,,,,,,,,,,insufficient_evidence,False
aca_extension,Enhanced ACA credits extended before 2027,KXACAEXT-26JAN-27,healthcare,sector_utilities,Utilities sector,sector,market_conditioned,0.05,True,False,33,43,0.7857142857142857,4,1,0.0535,0.105,4.949999999999999,2.1,2026-07-09,2026-09-04,insufficient_probability_variation,,,,,,,,,,,,,,,,,,,,,,,insufficient_evidence,False
aca_extension,Enhanced ACA credits extended before 2027,KXACAEXT-26JAN-27,healthcare,sector_real_estate,Real estate sector,sector,raw,0.05,True,False,33,43,0.7857142857142857,4,1,0.0535,0.105,4.949999999999999,2.1,2026-07-09,2026-09-04,insufficient_probability_variation,,,,,,,,,,,,,,,,,,,,,,,insufficient_evidence,False
aca_extension,Enhanced ACA credits extended before 2027,KXACAEXT-26JAN-27,healthcare,sector_real_estate,Real estate sector,sector,market_conditioned,0.05,True,False,33,43,0.7857142857142857,4,1,0.0535,0.105,4.949999999999999,2.1,2026-07-09,2026-09-04,insufficient_probability_variation,,,,,,,,,,,,,,,,,,,,,,,insufficient_evidence,False
aca_extension,Enhanced ACA credits extended before 2027,KXACAEXT-26JAN-27,healthcare,sector_energy,Energy sector,sector,raw,0.05,True,False,33,43,0.7857142857142857,4,1,0.0535,0.105,4.949999999999999,2.1,2026-07-09,2026-09-04,insufficient_probability_variation,,,,,,,,,,,,,,,,,,,,,,,insufficient_evidence,False
aca_extension,Enhanced ACA credits extended before 2027,KXACAEXT-26JAN-27,healthcare,sector_energy,Energy sector,sector,market_conditioned,0.05,True,False,33,43,0.7857142857142857,4,1,0.0535,0.105,4.949999999999999,2.1,2026-07-09,2026-09-04,insufficient_probability_variation,,,,,,,,,,,,,,,,,,,,,,,insufficient_evidence,False
aca_extension,Enhanced ACA credits extended before 2027,KXACAEXT-26JAN-27,healthcare,sector_financials,Financials sector,sector,raw,0.05,True,False,33,43,0.7857142857142857,4,1,0.0535,0.105,4.949999999999999,2.1,2026-07-09,2026-09-04,insufficient_probability_variation,,,,,,,,,,,,,,,,,,,,,,,insufficient_evidence,False
aca_extension,Enhanced ACA credits extended before 2027,KXACAEXT-26JAN-27,healthcare,sector_financials,Financials sector,sector,market_conditioned,0.05,True,False,33,43,0.7857142857142857,4,1,0.0535,0.105,4.949999999999999,2.1,2026-07-09,2026-09-04,insufficient_probability_variation,,,,,,,,,,,,,,,,,,,,,,,insufficient_evidence,False
aca_extension,Enhanced ACA credits extended before 2027,KXACAEXT-26JAN-27,healthcare,sector_healthcare,Healthcare sector,sector,raw,0.05,True,False,33,43,0.7857142857142857,4,1,0.0535,0.105,4.949999999999999,2.1,2026-07-09,2026-09-04,insufficient_probability_variation,,,,,,,,,,,,,,,,,,,,,,,insufficient_evidence,False
aca_extension,Enhanced ACA credits extended before 2027,KXACAEXT-26JAN-27,healthcare,sector_healthcare,Healthcare sector,sector,market_conditioned,0.05,True,False,33,43,0.7857142857142857,4,1,0.0535,0.105,4.949999999999999,2.1,2026-07-09,2026-09-04,insufficient_probability_variation,,,,,,,,,,,,,,,,,,,,,,,insufficient_evidence,False
aca_extension,Enhanced ACA credits extended before 2027,KXACAEXT-26JAN-27,healthcare,sector_staples,Consumer staples sector,sector,raw,0.05,True,False,33,43,0.7857142857142857,4,1,0.0535,0.105,4.949999999999999,2.1,2026-07-09,2026-09-04,insufficient_probability_variation,,,,,,,,,,,,,,,,,,,,,,,insufficient_evidence,False
aca_extension,Enhanced ACA credits extended before 2027,KXACAEXT-26JAN-27,healthcare,sector_staples,Consumer staples sector,sector,market_conditioned,0.05,True,False,33,43,0.7857142857142857,4,1,0.0535,0.105,4.949999999999999,2.1,2026-07-09,2026-09-04,insufficient_probability_variation,,,,,,,,,,,,,,,,,,,,,,,insufficient_evidence,False
aca_extension,Enhanced ACA credits extended before 2027,KXACAEXT-26JAN-27,healthcare,cloud_platforms,Cloud platforms,theme,raw,0.05,True,False,33,43,0.7857142857142857,4,1,0.0535,0.105,4.949999999999999,2.1,2026-07-09,2026-09-04,insufficient_probability_variation,,,,,,,,,,,,,,,,,,,,,,,insufficient_evidence,False
aca_extension,Enhanced ACA credits extended before 2027,KXACAEXT-26JAN-27,healthcare,cloud_platforms,Cloud platforms,theme,market_conditioned,0.05,True,False,33,43,0.7857142857142857,4,1,0.0535,0.105,4.949999999999999,2.1,2026-07-09,2026-09-04,insufficient_probability_variation,,,,,,,,,,,,,,,,,,,,,,,insufficient_evidence,False
aca_extension,Enhanced ACA credits extended before 2027,KXACAEXT-26JAN-27,healthcare,electrical_equipment,Electrical equipment,theme,raw,0.05,True,False,33,43,0.7857142857142857,4,1,0.0535,0.105,4.949999999999999,2.1,2026-07-09,2026-09-04,insufficient_probability_variation,,,,,,,,,,,,,,,,,,,,,,,insufficient_evidence,False
aca_extension,Enhanced ACA credits extended before 2027,KXACAEXT-26JAN-27,healthcare,electrical_equipment,Electrical equipment,theme,market_conditioned,0.05,True,False,33,43,0.7857142857142857,4,1,0.0535,0.105,4.949999999999999,2.1,2026-07-09,2026-09-04,insufficient_probability_variation,,,,,,,,,,,,,,,,,,,,,,,insufficient_evidence,False
aca_extension,Enhanced ACA credits extended before 2027,KXACAEXT-26JAN-27,healthcare,regulated_utilities,Regulated utilities,theme,raw,0.05,True,False,33,43,0.7857142857142857,4,1,0.0535,0.105,4.949999999999999,2.1,2026-07-09,2026-09-04,insufficient_probability_variation,,,,,,,,,,,,,,,,,,,,,,,insufficient_evidence,False
aca_extension,Enhanced ACA credits extended before 2027,KXACAEXT-26JAN-27,healthcare,regulated_utilities,Regulated utilities,theme,market_conditioned,0.05,True,False,33,43,0.7857142857142857,4,1,0.0535,0.105,4.949999999999999,2.1,2026-07-09,2026-09-04,insufficient_probability_variation,,,,,,,,,,,,,,,,,,,,,,,insufficient_evidence,False
aca_extension,Enhanced ACA credits extended before 2027,KXACAEXT-26JAN-27,healthcare,power_generators,Power generators,theme,raw,0.05,True,False,33,43,0.7857142857142857,4,1,0.0535,0.105,4.949999999999999,2.1,2026-07-09,2026-09-04,insufficient_probability_variation,,,,,,,,,,,,,,,,,,,,,,,insufficient_evidence,False
aca_extension,Enhanced ACA credits extended before 2027,KXACAEXT-26JAN-27,healthcare,power_generators,Power generators,theme,market_conditioned,0.05,True,False,33,43,0.7857142857142857,4,1,0.0535,0.105,4.949999999999999,2.1,2026-07-09,2026-09-04,insufficient_probability_variation,,,,,,,,,,,,,,,,,,,,,,,insufficient_evidence,False
aca_extension,Enhanced ACA credits extended before 2027,KXACAEXT-26JAN-27,healthcare,data_center_reits,Data-center REITs,theme,raw,0.05,True,False,33,43,0.7857142857142857,4,1,0.0535,0.105,4.949999999999999,2.1,2026-07-09,2026-09-04,insufficient_probability_variation,,,,,,,,,,,,,,,,,,,,,,,insufficient_evidence,False
aca_extension,Enhanced ACA credits extended before 2027,KXACAEXT-26JAN-27,healthcare,data_center_reits,Data-center REITs,theme,market_conditioned,0.05,True,False,33,43,0.7857142857142857,4,1,0.0535,0.105,4.949999999999999,2.1,2026-07-09,2026-09-04,insufficient_probability_variation,,,,,,,,,,,,,,,,,,,,,,,insufficient_evidence,False
aca_extension,Enhanced ACA credits extended before 2027,KXACAEXT-26JAN-27,healthcare,integrated_energy,Integrated energy,theme,raw,0.05,True,False,33,43,0.7857142857142857,4,1,0.0535,0.105,4.949999999999999,2.1,2026-07-09,2026-09-04,insufficient_probability_variation,,,,,,,,,,,,,,,,,,,,,,,insufficient_evidence,False
aca_extension,Enhanced ACA credits extended before 2027,KXACAEXT-26JAN-27,healthcare,integrated_energy,Integrated energy,theme,market_conditioned,0.05,True,False,33,43,0.7857142857142857,4,1,0.0535,0.105,4.949999999999999,2.1,2026-07-09,2026-09-04,insufficient_probability_variation,,,,,,,,,,,,,,,,,,,,,,,insufficient_evidence,False
aca_extension,Enhanced ACA credits extended before 2027,KXACAEXT-26JAN-27,healthcare,homebuilders,Homebuilders,theme,raw,0.05,True,False,33,43,0.7857142857142857,4,1,0.0535,0.105,4.949999999999999,2.1,2026-07-09,2026-09-04,insufficient_probability_variation,,,,,,,,,,,,,,,,,,,,,,,insufficient_evidence,False
aca_extension,Enhanced ACA credits extended before 2027,KXACAEXT-26JAN-27,healthcare,homebuilders,Homebuilders,theme,market_conditioned,0.05,True,False,33,43,0.7857142857142857,4,1,0.0535,0.105,4.949999999999999,2.1,2026-07-09,2026-09-04,insufficient_probability_variation,,,,,,,,,,,,,,,,,,,,,,,insufficient_evidence,False
aca_extension,Enhanced ACA credits extended before 2027,KXACAEXT-26JAN-27,healthcare,machinery_distribution,Machinery and distribution,theme,raw,0.05,True,False,33,43,0.7857142857142857,4,1,0.0535,0.105,4.949999999999999,2.1,2026-07-09,2026-09-04,insufficient_probability_variation,,,,,,,,,,,,,,,,,,,,,,,insufficient_evidence,False
aca_extension,Enhanced ACA credits extended before 2027,KXACAEXT-26JAN-27,healthcare,machinery_distribution,Machinery and distribution,theme,market_conditioned,0.05,True,False,33,43,0.7857142857142857,4,1,0.0535,0.105,4.949999999999999,2.1,2026-07-09,2026-09-04,insufficient_probability_variation,,,,,,,,,,,,,,,,,,,,,,,insufficient_evidence,False
aca_extension,Enhanced ACA credits extended before 2027,KXACAEXT-26JAN-27,healthcare,managed_care,Managed care (UNH only),single_company_proxy,raw,0.05,True,False,33,43,0.7857142857142857,4,1,0.0535,0.105,4.949999999999999,2.1,2026-07-09,2026-09-04,insufficient_probability_variation,,,,,,,,,,,,,,,,,,,,,,,insufficient_evidence,False
aca_extension,Enhanced ACA credits extended before 2027,KXACAEXT-26JAN-27,healthcare,managed_care,Managed care (UNH only),single_company_proxy,market_conditioned,0.05,True,False,33,43,0.7857142857142857,4,1,0.0535,0.105,4.949999999999999,2.1,2026-07-09,2026-09-04,insufficient_probability_variation,,,,,,,,,,,,,,,,,,,,,,,insufficient_evidence,False
aca_extension,Enhanced ACA credits extended before 2027,KXACAEXT-26JAN-27,healthcare,hospitals,Hospitals (HCA only),single_company_proxy,raw,0.05,True,False,33,43,0.7857142857142857,4,1,0.0535,0.105,4.949999999999999,2.1,2026-07-09,2026-09-04,insufficient_probability_variation,,,,,,,,,,,,,,,,,,,,,,,insufficient_evidence,False
aca_extension,Enhanced ACA credits extended before 2027,KXACAEXT-26JAN-27,healthcare,hospitals,Hospitals (HCA only),single_company_proxy,market_conditioned,0.05,True,False,33,43,0.7857142857142857,4,1,0.0535,0.105,4.949999999999999,2.1,2026-07-09,2026-09-04,insufficient_probability_variation,,,,,,,,,,,,,,,,,,,,,,,insufficient_evidence,False
aca_extension,Enhanced ACA credits extended before 2027,KXACAEXT-26JAN-27,healthcare,generators_minus_regulated,Generators minus regulated utilities,relative_return_contrast,raw,0.05,True,False,33,43,0.7857142857142857,4,1,0.0535,0.105,4.949999999999999,2.1,2026-07-09,2026-09-04,insufficient_probability_variation,,,,,,,,,,,,,,,,,,,,,,,insufficient_evidence,False
aca_extension,Enhanced ACA credits extended before 2027,KXACAEXT-26JAN-27,healthcare,generators_minus_regulated,Generators minus regulated utilities,relative_return_contrast,market_conditioned,0.05,True,False,33,43,0.7857142857142857,4,1,0.0535,0.105,4.949999999999999,2.1,2026-07-09,2026-09-04,insufficient_probability_variation,,,,,,,,,,,,,,,,,,,,,,,insufficient_evidence,False
aca_extension,Enhanced ACA credits extended before 2027,KXACAEXT-26JAN-27,healthcare,equipment_minus_generators,Equipment minus generators,relative_return_contrast,raw,0.05,True,False,33,43,0.7857142857142857,4,1,0.0535,0.105,4.949999999999999,2.1,2026-07-09,2026-09-04,insufficient_probability_variation,,,,,,,,,,,,,,,,,,,,,,,insufficient_evidence,False
aca_extension,Enhanced ACA credits extended before 2027,KXACAEXT-26JAN-27,healthcare,equipment_minus_generators,Equipment minus generators,relative_return_contrast,market_conditioned,0.05,True,False,33,43,0.7857142857142857,4,1,0.0535,0.105,4.949999999999999,2.1,2026-07-09,2026-09-04,insufficient_probability_variation,,,,,,,,,,,,,,,,,,,,,,,insufficient_evidence,False
aca_extension,Enhanced ACA credits extended before 2027,KXACAEXT-26JAN-27,healthcare,hospitals_minus_managed_care,Hospitals minus managed care,relative_return_contrast,raw,0.05,True,False,33,43,0.7857142857142857,4,1,0.0535,0.105,4.949999999999999,2.1,2026-07-09,2026-09-04,insufficient_probability_variation,,,,,,,,,,,,,,,,,,,,,,,insufficient_evidence,False
aca_extension,Enhanced ACA credits extended before 2027,KXACAEXT-26JAN-27,healthcare,hospitals_minus_managed_care,Hospitals minus managed care,relative_return_contrast,market_conditioned,0.05,True,False,33,43,0.7857142857142857,4,1,0.0535,0.105,4.949999999999999,2.1,2026-07-09,2026-09-04,insufficient_probability_variation,,,,,,,,,,,,,,,,,,,,,,,insufficient_evidence,False
aca_extension,Enhanced ACA credits extended before 2027,KXACAEXT-26JAN-27,healthcare,sector_technology,Technology sector,sector,raw,0.1,True,False,33,43,0.7857142857142857,4,1,0.0535,0.105,4.949999999999999,2.1,2026-07-09,2026-09-04,insufficient_probability_variation,,,,,,,,,,,,,,,,,,,,,,,insufficient_evidence,False
aca_extension,Enhanced ACA credits extended before 2027,KXACAEXT-26JAN-27,healthcare,sector_technology,Technology sector,sector,market_conditioned,0.1,True,True,33,43,0.7857142857142857,4,1,0.0535,0.105,4.949999999999999,2.1,2026-07-09,2026-09-04,insufficient_probability_variation,,,,,,,,,,,,,,,,,,,,,,,insufficient_evidence,False
aca_extension,Enhanced ACA credits extended before 2027,KXACAEXT-26JAN-27,healthcare,sector_consumer_discretionary,Consumer discretionary sector,sector,raw,0.1,True,False,33,43,0.7857142857142857,4,1,0.0535,0.105,4.949999999999999,2.1,2026-07-09,2026-09-04,insufficient_probability_variation,,,,,,,,,,,,,,,,,,,,,,,insufficient_evidence,False
aca_extension,Enhanced ACA credits extended before 2027,KXACAEXT-26JAN-27,healthcare,sector_consumer_discretionary,Consumer discretionary sector,sector,market_conditioned,0.1,True,True,33,43,0.7857142857142857,4,1,0.0535,0.105,4.949999999999999,2.1,2026-07-09,2026-09-04,insufficient_probability_variation,,,,,,,,,,,,,,,,,,,,,,,insufficient_evidence,False
aca_extension,Enhanced ACA credits extended before 2027,KXACAEXT-26JAN-27,healthcare,sector_communications,Communication services sector,sector,raw,0.1,True,False,33,43,0.7857142857142857,4,1,0.0535,0.105,4.949999999999999,2.1,2026-07-09,2026-09-04,insufficient_probability_variation,,,,,,,,,,,,,,,,,,,,,,,insufficient_evidence,False
aca_extension,Enhanced ACA credits extended before 2027,KXACAEXT-26JAN-27,healthcare,sector_communications,Communication services sector,sector,market_conditioned,0.1,True,True,33,43,0.7857142857142857,4,1,0.0535,0.105,4.949999999999999,2.1,2026-07-09,2026-09-04,insufficient_probability_variation,,,,,,,,,,,,,,,,,,,,,,,insufficient_evidence,False
aca_extension,Enhanced ACA credits extended before 2027,KXACAEXT-26JAN-27,healthcare,sector_industrials,Industrials sector,sector,raw,0.1,True,False,33,43,0.7857142857142857,4,1,0.0535,0.105,4.949999999999999,2.1,2026-07-09,2026-09-04,insufficient_probability_variation,,,,,,,,,,,,,,,,,,,,,,,insufficient_evidence,False
aca_extension,Enhanced ACA credits extended before 2027,KXACAEXT-26JAN-27,healthcare,sector_industrials,Industrials sector,sector,market_conditioned,0.1,True,True,33,43,0.7857142857142857,4,1,0.0535,0.105,4.949999999999999,2.1,2026-07-09,2026-09-04,insufficient_probability_variation,,,,,,,,,,,,,,,,,,,,,,,insufficient_evidence,False
aca_extension,Enhanced ACA credits extended before 2027,KXACAEXT-26JAN-27,healthcare,sector_utilities,Utilities sector,sector,raw,0.1,True,False,33,43,0.7857142857142857,4,1,0.0535,0.105,4.949999999999999,2.1,2026-07-09,2026-09-04,insufficient_probability_variation,,,,,,,,,,,,,,,,,,,,,,,insufficient_evidence,False
aca_extension,Enhanced ACA credits extended before 2027,KXACAEXT-26JAN-27,healthcare,sector_utilities,Utilities sector,sector,market_conditioned,0.1,True,True,33,43,0.7857142857142857,4,1,0.0535,0.105,4.949999999999999,2.1,2026-07-09,2026-09-04,insufficient_probability_variation,,,,,,,,,,,,,,,,,,,,,,,insufficient_evidence,False
aca_extension,Enhanced ACA credits extended before 2027,KXACAEXT-26JAN-27,healthcare,sector_real_estate,Real estate sector,sector,raw,0.1,True,False,33,43,0.7857142857142857,4,1,0.0535,0.105,4.949999999999999,2.1,2026-07-09,2026-09-04,insufficient_probability_variation,,,,,,,,,,,,,,,,,,,,,,,insufficient_evidence,False
aca_extension,Enhanced ACA credits extended before 2027,KXACAEXT-26JAN-27,healthcare,sector_real_estate,Real estate sector,sector,market_conditioned,0.1,True,True,33,43,0.7857142857142857,4,1,0.0535,0.105,4.949999999999999,2.1,2026-07-09,2026-09-04,insufficient_probability_variation,,,,,,,,,,,,,,,,,,,,,,,insufficient_evidence,False
aca_extension,Enhanced ACA credits extended before 2027,KXACAEXT-26JAN-27,healthcare,sector_energy,Energy sector,sector,raw,0.1,True,False,33,43,0.7857142857142857,4,1,0.0535,0.105,4.949999999999999,2.1,2026-07-09,2026-09-04,insufficient_probability_variation,,,,,,,,,,,,,,,,,,,,,,,insufficient_evidence,False
aca_extension,Enhanced ACA credits extended before 2027,KXACAEXT-26JAN-27,healthcare,sector_energy,Energy sector,sector,market_conditioned,0.1,True,True,33,43,0.7857142857142857,4,1,0.0535,0.105,4.949999999999999,2.1,2026-07-09,2026-09-04,insufficient_probability_variation,,,,,,,,,,,,,,,,,,,,,,,insufficient_evidence,False
aca_extension,Enhanced ACA credits extended before 2027,KXACAEXT-26JAN-27,healthcare,sector_financials,Financials sector,sector,raw,0.1,True,False,33,43,0.7857142857142857,4,1,0.0535,0.105,4.949999999999999,2.1,2026-07-09,2026-09-04,insufficient_probability_variation,,,,,,,,,,,,,,,,,,,,,,,insufficient_evidence,False
aca_extension,Enhanced ACA credits extended before 2027,KXACAEXT-26JAN-27,healthcare,sector_financials,Financials sector,sector,market_conditioned,0.1,True,True,33,43,0.7857142857142857,4,1,0.0535,0.105,4.949999999999999,2.1,2026-07-09,2026-09-04,insufficient_probability_variation,,,,,,,,,,,,,,,,,,,,,,,insufficient_evidence,False
aca_extension,Enhanced ACA credits extended before 2027,KXACAEXT-26JAN-27,healthcare,sector_healthcare,Healthcare sector,sector,raw,0.1,True,False,33,43,0.7857142857142857,4,1,0.0535,0.105,4.949999999999999,2.1,2026-07-09,2026-09-04,insufficient_probability_variation,,,,,,,,,,,,,,,,,,,,,,,insufficient_evidence,False
aca_extension,Enhanced ACA credits extended before 2027,KXACAEXT-26JAN-27,healthcare,sector_healthcare,Healthcare sector,sector,market_conditioned,0.1,True,True,33,43,0.7857142857142857,4,1,0.0535,0.105,4.949999999999999,2.1,2026-07-09,2026-09-04,insufficient_probability_variation,,,,,,,,,,,,,,,,,,,,,,,insufficient_evidence,False
aca_extension,Enhanced ACA credits extended before 2027,KXACAEXT-26JAN-27,healthcare,sector_staples,Consumer staples sector,sector,raw,0.1,True,False,33,43,0.7857142857142857,4,1,0.0535,0.105,4.949999999999999,2.1,2026-07-09,2026-09-04,insufficient_probability_variation,,,,,,,,,,,,,,,,,,,,,,,insufficient_evidence,False
aca_extension,Enhanced ACA credits extended before 2027,KXACAEXT-26JAN-27,healthcare,sector_staples,Consumer staples sector,sector,market_conditioned,0.1,True,True,33,43,0.7857142857142857,4,1,0.0535,0.105,4.949999999999999,2.1,2026-07-09,2026-09-04,insufficient_probability_variation,,,,,,,,,,,,,,,,,,,,,,,insufficient_evidence,False
aca_extension,Enhanced ACA credits extended before 2027,KXACAEXT-26JAN-27,healthcare,cloud_platforms,Cloud platforms,theme,raw,0.1,True,False,33,43,0.7857142857142857,4,1,0.0535,0.105,4.949999999999999,2.1,2026-07-09,2026-09-04,insufficient_probability_variation,,,,,,,,,,,,,,,,,,,,,,,insufficient_evidence,False
aca_extension,Enhanced ACA credits extended before 2027,KXACAEXT-26JAN-27,healthcare,cloud_platforms,Cloud platforms,theme,market_conditioned,0.1,True,True,33,43,0.7857142857142857,4,1,0.0535,0.105,4.949999999999999,2.1,2026-07-09,2026-09-04,insufficient_probability_variation,,,,,,,,,,,,,,,,,,,,,,,insufficient_evidence,False
aca_extension,Enhanced ACA credits extended before 2027,KXACAEXT-26JAN-27,healthcare,electrical_equipment,Electrical equipment,theme,raw,0.1,True,False,33,43,0.7857142857142857,4,1,0.0535,0.105,4.949999999999999,2.1,2026-07-09,2026-09-04,insufficient_probability_variation,,,,,,,,,,,,,,,,,,,,,,,insufficient_evidence,False
aca_extension,Enhanced ACA credits extended before 2027,KXACAEXT-26JAN-27,healthcare,electrical_equipment,Electrical equipment,theme,market_conditioned,0.1,True,True,33,43,0.7857142857142857,4,1,0.0535,0.105,4.949999999999999,2.1,2026-07-09,2026-09-04,insufficient_probability_variation,,,,,,,,,,,,,,,,,,,,,,,insufficient_evidence,False
aca_extension,Enhanced ACA credits extended before 2027,KXACAEXT-26JAN-27,healthcare,regulated_utilities,Regulated utilities,theme,raw,0.1,True,False,33,43,0.7857142857142857,4,1,0.0535,0.105,4.949999999999999,2.1,2026-07-09,2026-09-04,insufficient_probability_variation,,,,,,,,,,,,,,,,,,,,,,,insufficient_evidence,False
aca_extension,Enhanced ACA credits extended before 2027,KXACAEXT-26JAN-27,healthcare,regulated_utilities,Regulated utilities,theme,market_conditioned,0.1,True,True,33,43,0.7857142857142857,4,1,0.0535,0.105,4.949999999999999,2.1,2026-07-09,2026-09-04,insufficient_probability_variation,,,,,,,,,,,,,,,,,,,,,,,insufficient_evidence,False
aca_extension,Enhanced ACA credits extended before 2027,KXACAEXT-26JAN-27,healthcare,power_generators,Power generators,theme,raw,0.1,True,False,33,43,0.7857142857142857,4,1,0.0535,0.105,4.949999999999999,2.1,2026-07-09,2026-09-04,insufficient_probability_variation,,,,,,,,,,,,,,,,,,,,,,,insufficient_evidence,False
aca_extension,Enhanced ACA credits extended before 2027,KXACAEXT-26JAN-27,healthcare,power_generators,Power generators,theme,market_conditioned,0.1,True,True,33,43,0.7857142857142857,4,1,0.0535,0.105,4.949999999999999,2.1,2026-07-09,2026-09-04,insufficient_probability_variation,,,,,,,,,,,,,,,,,,,,,,,insufficient_evidence,False
aca_extension,Enhanced ACA credits extended before 2027,KXACAEXT-26JAN-27,healthcare,data_center_reits,Data-center REITs,theme,raw,0.1,True,False,33,43,0.7857142857142857,4,1,0.0535,0.105,4.949999999999999,2.1,2026-07-09,2026-09-04,insufficient_probability_variation,,,,,,,,,,,,,,,,,,,,,,,insufficient_evidence,False
aca_extension,Enhanced ACA credits extended before 2027,KXACAEXT-26JAN-27,healthcare,data_center_reits,Data-center REITs,theme,market_conditioned,0.1,True,True,33,43,0.7857142857142857,4,1,0.0535,0.105,4.949999999999999,2.1,2026-07-09,2026-09-04,insufficient_probability_variation,,,,,,,,,,,,,,,,,,,,,,,insufficient_evidence,False
aca_extension,Enhanced ACA credits extended before 2027,KXACAEXT-26JAN-27,healthcare,integrated_energy,Integrated energy,theme,raw,0.1,True,False,33,43,0.7857142857142857,4,1,0.0535,0.105,4.949999999999999,2.1,2026-07-09,2026-09-04,insufficient_probability_variation,,,,,,,,,,,,,,,,,,,,,,,insufficient_evidence,False
aca_extension,Enhanced ACA credits extended before 2027,KXACAEXT-26JAN-27,healthcare,integrated_energy,Integrated energy,theme,market_conditioned,0.1,True,True,33,43,0.7857142857142857,4,1,0.0535,0.105,4.949999999999999,2.1,2026-07-09,2026-09-04,insufficient_probability_variation,,,,,,,,,,,,,,,,,,,,,,,insufficient_evidence,False
aca_extension,Enhanced ACA credits extended before 2027,KXACAEXT-26JAN-27,healthcare,homebuilders,Homebuilders,theme,raw,0.1,True,False,33,43,0.7857142857142857,4,1,0.0535,0.105,4.949999999999999,2.1,2026-07-09,2026-09-04,insufficient_probability_variation,,,,,,,,,,,,,,,,,,,,,,,insufficient_evidence,False
aca_extension,Enhanced ACA credits extended before 2027,KXACAEXT-26JAN-27,healthcare,homebuilders,Homebuilders,theme,market_conditioned,0.1,True,True,33,43,0.7857142857142857,4,1,0.0535,0.105,4.949999999999999,2.1,2026-07-09,2026-09-04,insufficient_probability_variation,,,,,,,,,,,,,,,,,,,,,,,insufficient_evidence,False
aca_extension,Enhanced ACA credits extended before 2027,KXACAEXT-26JAN-27,healthcare,machinery_distribution,Machinery and distribution,theme,raw,0.1,True,False,33,43,0.7857142857142857,4,1,0.0535,0.105,4.949999999999999,2.1,2026-07-09,2026-09-04,insufficient_probability_variation,,,,,,,,,,,,,,,,,,,,,,,insufficient_evidence,False
aca_extension,Enhanced ACA credits extended before 2027,KXACAEXT-26JAN-27,healthcare,machinery_distribution,Machinery and distribution,theme,market_conditioned,0.1,True,True,33,43,0.7857142857142857,4,1,0.0535,0.105,4.949999999999999,2.1,2026-07-09,2026-09-04,insufficient_probability_variation,,,,,,,,,,,,,,,,,,,,,,,insufficient_evidence,False
aca_extension,Enhanced ACA credits extended before 2027,KXACAEXT-26JAN-27,healthcare,managed_care,Managed care (UNH only),single_company_proxy,raw,0.1,True,False,33,43,0.7857142857142857,4,1,0.0535,0.105,4.949999999999999,2.1,2026-07-09,2026-09-04,insufficient_probability_variation,,,,,,,,,,,,,,,,,,,,,,,insufficient_evidence,False
aca_extension,Enhanced ACA credits extended before 2027,KXACAEXT-26JAN-27,healthcare,managed_care,Managed care (UNH only),single_company_proxy,market_conditioned,0.1,True,True,33,43,0.7857142857142857,4,1,0.0535,0.105,4.949999999999999,2.1,2026-07-09,2026-09-04,insufficient_probability_variation,,,,,,,,,,,,,,,,,,,,,,,insufficient_evidence,False
aca_extension,Enhanced ACA credits extended before 2027,KXACAEXT-26JAN-27,healthcare,hospitals,Hospitals (HCA only),single_company_proxy,raw,0.1,True,False,33,43,0.7857142857142857,4,1,0.0535,0.105,4.949999999999999,2.1,2026-07-09,2026-09-04,insufficient_probability_variation,,,,,,,,,,,,,,,,,,,,,,,insufficient_evidence,False
aca_extension,Enhanced ACA credits extended before 2027,KXACAEXT-26JAN-27,healthcare,hospitals,Hospitals (HCA only),single_company_proxy,market_conditioned,0.1,True,True,33,43,0.7857142857142857,4,1,0.0535,0.105,4.949999999999999,2.1,2026-07-09,2026-09-04,insufficient_probability_variation,,,,,,,,,,,,,,,,,,,,,,,insufficient_evidence,False
aca_extension,Enhanced ACA credits extended before 2027,KXACAEXT-26JAN-27,healthcare,generators_minus_regulated,Generators minus regulated utilities,relative_return_contrast,raw,0.1,True,False,33,43,0.7857142857142857,4,1,0.0535,0.105,4.949999999999999,2.1,2026-07-09,2026-09-04,insufficient_probability_variation,,,,,,,,,,,,,,,,,,,,,,,insufficient_evidence,False
aca_extension,Enhanced ACA credits extended before 2027,KXACAEXT-26JAN-27,healthcare,generators_minus_regulated,Generators minus regulated utilities,relative_return_contrast,market_conditioned,0.1,True,True,33,43,0.7857142857142857,4,1,0.0535,0.105,4.949999999999999,2.1,2026-07-09,2026-09-04,insufficient_probability_variation,,,,,,,,,,,,,,,,,,,,,,,insufficient_evidence,False
aca_extension,Enhanced ACA credits extended before 2027,KXACAEXT-26JAN-27,healthcare,equipment_minus_generators,Equipment minus generators,relative_return_contrast,raw,0.1,True,False,33,43,0.7857142857142857,4,1,0.0535,0.105,4.949999999999999,2.1,2026-07-09,2026-09-04,insufficient_probability_variation,,,,,,,,,,,,,,,,,,,,,,,insufficient_evidence,False
aca_extension,Enhanced ACA credits extended before 2027,KXACAEXT-26JAN-27,healthcare,equipment_minus_generators,Equipment minus generators,relative_return_contrast,market_conditioned,0.1,True,True,33,43,0.7857142857142857,4,1,0.0535,0.105,4.949999999999999,2.1,2026-07-09,2026-09-04,insufficient_probability_variation,,,,,,,,,,,,,,,,,,,,,,,insufficient_evidence,False
aca_extension,Enhanced ACA credits extended before 2027,KXACAEXT-26JAN-27,healthcare,hospitals_minus_managed_care,Hospitals minus managed care,relative_return_contrast,raw,0.1,True,False,33,43,0.7857142857142857,4,1,0.0535,0.105,4.949999999999999,2.1,2026-07-09,2026-09-04,insufficient_probability_variation,,,,,,,,,,,,,,,,,,,,,,,insufficient_evidence,False
aca_extension,Enhanced ACA credits extended before 2027,KXACAEXT-26JAN-27,healthcare,hospitals_minus_managed_care,Hospitals minus managed care,relative_return_contrast,market_conditioned,0.1,True,True,33,43,0.7857142857142857,4,1,0.0535,0.105,4.949999999999999,2.1,2026-07-09,2026-09-04,insufficient_probability_variation,,,,,,,,,,,,,,,,,,,,,,,insufficient_evidence,False
aca_extension,Enhanced ACA credits extended before 2027,KXACAEXT-26JAN-27,healthcare,sector_technology,Technology sector,sector,raw,0.15,True,False,33,43,0.7857142857142857,4,1,0.0535,0.105,4.949999999999999,2.1,2026-07-09,2026-09-04,insufficient_probability_variation,,,,,,,,,,,,,,,,,,,,,,,insufficient_evidence,False
aca_extension,Enhanced ACA credits extended before 2027,KXACAEXT-26JAN-27,healthcare,sector_technology,Technology sector,sector,market_conditioned,0.15,True,False,33,43,0.7857142857142857,4,1,0.0535,0.105,4.949999999999999,2.1,2026-07-09,2026-09-04,insufficient_probability_variation,,,,,,,,,,,,,,,,,,,,,,,insufficient_evidence,False
aca_extension,Enhanced ACA credits extended before 2027,KXACAEXT-26JAN-27,healthcare,sector_consumer_discretionary,Consumer discretionary sector,sector,raw,0.15,True,False,33,43,0.7857142857142857,4,1,0.0535,0.105,4.949999999999999,2.1,2026-07-09,2026-09-04,insufficient_probability_variation,,,,,,,,,,,,,,,,,,,,,,,insufficient_evidence,False
aca_extension,Enhanced ACA credits extended before 2027,KXACAEXT-26JAN-27,healthcare,sector_consumer_discretionary,Consumer discretionary sector,sector,market_conditioned,0.15,True,False,33,43,0.7857142857142857,4,1,0.0535,0.105,4.949999999999999,2.1,2026-07-09,2026-09-04,insufficient_probability_variation,,,,,,,,,,,,,,,,,,,,,,,insufficient_evidence,False
aca_extension,Enhanced ACA credits extended before 2027,KXACAEXT-26JAN-27,healthcare,sector_communications,Communication services sector,sector,raw,0.15,True,False,33,43,0.7857142857142857,4,1,0.0535,0.105,4.949999999999999,2.1,2026-07-09,2026-09-04,insufficient_probability_variation,,,,,,,,,,,,,,,,,,,,,,,insufficient_evidence,False
aca_extension,Enhanced ACA credits extended before 2027,KXACAEXT-26JAN-27,healthcare,sector_communications,Communication services sector,sector,market_conditioned,0.15,True,False,33,43,0.7857142857142857,4,1,0.0535,0.105,4.949999999999999,2.1,2026-07-09,2026-09-04,insufficient_probability_variation,,,,,,,,,,,,,,,,,,,,,,,insufficient_evidence,False
aca_extension,Enhanced ACA credits extended before 2027,KXACAEXT-26JAN-27,healthcare,sector_industrials,Industrials sector,sector,raw,0.15,True,False,33,43,0.7857142857142857,4,1,0.0535,0.105,4.949999999999999,2.1,2026-07-09,2026-09-04,insufficient_probability_variation,,,,,,,,,,,,,,,,,,,,,,,insufficient_evidence,False
aca_extension,Enhanced ACA credits extended before 2027,KXACAEXT-26JAN-27,healthcare,sector_industrials,Industrials sector,sector,market_conditioned,0.15,True,False,33,43,0.7857142857142857,4,1,0.0535,0.105,4.949999999999999,2.1,2026-07-09,2026-09-04,insufficient_probability_variation,,,,,,,,,,,,,,,,,,,,,,,insufficient_evidence,False
aca_extension,Enhanced ACA credits extended before 2027,KXACAEXT-26JAN-27,healthcare,sector_utilities,Utilities sector,sector,raw,0.15,True,False,33,43,0.7857142857142857,4,1,0.0535,0.105,4.949999999999999,2.1,2026-07-09,2026-09-04,insufficient_probability_variation,,,,,,,,,,,,,,,,,,,,,,,insufficient_evidence,False
aca_extension,Enhanced ACA credits extended before 2027,KXACAEXT-26JAN-27,healthcare,sector_utilities,Utilities sector,sector,market_conditioned,0.15,True,False,33,43,0.7857142857142857,4,1,0.0535,0.105,4.949999999999999,2.1,2026-07-09,2026-09-04,insufficient_probability_variation,,,,,,,,,,,,,,,,,,,,,,,insufficient_evidence,False
aca_extension,Enhanced ACA credits extended before 2027,KXACAEXT-26JAN-27,healthcare,sector_real_estate,Real estate sector,sector,raw,0.15,True,False,33,43,0.7857142857142857,4,1,0.0535,0.105,4.949999999999999,2.1,2026-07-09,2026-09-04,insufficient_probability_variation,,,,,,,,,,,,,,,,,,,,,,,insufficient_evidence,False
aca_extension,Enhanced ACA credits extended before 2027,KXACAEXT-26JAN-27,healthcare,sector_real_estate,Real estate sector,sector,market_conditioned,0.15,True,False,33,43,0.7857142857142857,4,1,0.0535,0.105,4.949999999999999,2.1,2026-07-09,2026-09-04,insufficient_probability_variation,,,,,,,,,,,,,,,,,,,,,,,insufficient_evidence,False
aca_extension,Enhanced ACA credits extended before 2027,KXACAEXT-26JAN-27,healthcare,sector_energy,Energy sector,sector,raw,0.15,True,False,33,43,0.7857142857142857,4,1,0.0535,0.105,4.949999999999999,2.1,2026-07-09,2026-09-04,insufficient_probability_variation,,,,,,,,,,,,,,,,,,,,,,,insufficient_evidence,False
aca_extension,Enhanced ACA credits extended before 2027,KXACAEXT-26JAN-27,healthcare,sector_energy,Energy sector,sector,market_conditioned,0.15,True,False,33,43,0.7857142857142857,4,1,0.0535,0.105,4.949999999999999,2.1,2026-07-09,2026-09-04,insufficient_probability_variation,,,,,,,,,,,,,,,,,,,,,,,insufficient_evidence,False
aca_extension,Enhanced ACA credits extended before 2027,KXACAEXT-26JAN-27,healthcare,sector_financials,Financials sector,sector,raw,0.15,True,False,33,43,0.7857142857142857,4,1,0.0535,0.105,4.949999999999999,2.1,2026-07-09,2026-09-04,insufficient_probability_variation,,,,,,,,,,,,,,,,,,,,,,,insufficient_evidence,False
aca_extension,Enhanced ACA credits extended before 2027,KXACAEXT-26JAN-27,healthcare,sector_financials,Financials sector,sector,market_conditioned,0.15,True,False,33,43,0.7857142857142857,4,1,0.0535,0.105,4.949999999999999,2.1,2026-07-09,2026-09-04,insufficient_probability_variation,,,,,,,,,,,,,,,,,,,,,,,insufficient_evidence,False
aca_extension,Enhanced ACA credits extended before 2027,KXACAEXT-26JAN-27,healthcare,sector_healthcare,Healthcare sector,sector,raw,0.15,True,False,33,43,0.7857142857142857,4,1,0.0535,0.105,4.949999999999999,2.1,2026-07-09,2026-09-04,insufficient_probability_variation,,,,,,,,,,,,,,,,,,,,,,,insufficient_evidence,False
aca_extension,Enhanced ACA credits extended before 2027,KXACAEXT-26JAN-27,healthcare,sector_healthcare,Healthcare sector,sector,market_conditioned,0.15,True,False,33,43,0.7857142857142857,4,1,0.0535,0.105,4.949999999999999,2.1,2026-07-09,2026-09-04,insufficient_probability_variation,,,,,,,,,,,,,,,,,,,,,,,insufficient_evidence,False
aca_extension,Enhanced ACA credits extended before 2027,KXACAEXT-26JAN-27,healthcare,sector_staples,Consumer staples sector,sector,raw,0.15,True,False,33,43,0.7857142857142857,4,1,0.0535,0.105,4.949999999999999,2.1,2026-07-09,2026-09-04,insufficient_probability_variation,,,,,,,,,,,,,,,,,,,,,,,insufficient_evidence,False
aca_extension,Enhanced ACA credits extended before 2027,KXACAEXT-26JAN-27,healthcare,sector_staples,Consumer staples sector,sector,market_conditioned,0.15,True,False,33,43,0.7857142857142857,4,1,0.0535,0.105,4.949999999999999,2.1,2026-07-09,2026-09-04,insufficient_probability_variation,,,,,,,,,,,,,,,,,,,,,,,insufficient_evidence,False
aca_extension,Enhanced ACA credits extended before 2027,KXACAEXT-26JAN-27,healthcare,cloud_platforms,Cloud platforms,theme,raw,0.15,True,False,33,43,0.7857142857142857,4,1,0.0535,0.105,4.949999999999999,2.1,2026-07-09,2026-09-04,insufficient_probability_variation,,,,,,,,,,,,,,,,,,,,,,,insufficient_evidence,False
aca_extension,Enhanced ACA credits extended before 2027,KXACAEXT-26JAN-27,healthcare,cloud_platforms,Cloud platforms,theme,market_conditioned,0.15,True,False,33,43,0.7857142857142857,4,1,0.0535,0.105,4.949999999999999,2.1,2026-07-09,2026-09-04,insufficient_probability_variation,,,,,,,,,,,,,,,,,,,,,,,insufficient_evidence,False
aca_extension,Enhanced ACA credits extended before 2027,KXACAEXT-26JAN-27,healthcare,electrical_equipment,Electrical equipment,theme,raw,0.15,True,False,33,43,0.7857142857142857,4,1,0.0535,0.105,4.949999999999999,2.1,2026-07-09,2026-09-04,insufficient_probability_variation,,,,,,,,,,,,,,,,,,,,,,,insufficient_evidence,False
aca_extension,Enhanced ACA credits extended before 2027,KXACAEXT-26JAN-27,healthcare,electrical_equipment,Electrical equipment,theme,market_conditioned,0.15,True,False,33,43,0.7857142857142857,4,1,0.0535,0.105,4.949999999999999,2.1,2026-07-09,2026-09-04,insufficient_probability_variation,,,,,,,,,,,,,,,,,,,,,,,insufficient_evidence,False
aca_extension,Enhanced ACA credits extended before 2027,KXACAEXT-26JAN-27,healthcare,regulated_utilities,Regulated utilities,theme,raw,0.15,True,False,33,43,0.7857142857142857,4,1,0.0535,0.105,4.949999999999999,2.1,2026-07-09,2026-09-04,insufficient_probability_variation,,,,,,,,,,,,,,,,,,,,,,,insufficient_evidence,False
aca_extension,Enhanced ACA credits extended before 2027,KXACAEXT-26JAN-27,healthcare,regulated_utilities,Regulated utilities,theme,market_conditioned,0.15,True,False,33,43,0.7857142857142857,4,1,0.0535,0.105,4.949999999999999,2.1,2026-07-09,2026-09-04,insufficient_probability_variation,,,,,,,,,,,,,,,,,,,,,,,insufficient_evidence,False
aca_extension,Enhanced ACA credits extended before 2027,KXACAEXT-26JAN-27,healthcare,power_generators,Power generators,theme,raw,0.15,True,False,33,43,0.7857142857142857,4,1,0.0535,0.105,4.949999999999999,2.1,2026-07-09,2026-09-04,insufficient_probability_variation,,,,,,,,,,,,,,,,,,,,,,,insufficient_evidence,False
aca_extension,Enhanced ACA credits extended before 2027,KXACAEXT-26JAN-27,healthcare,power_generators,Power generators,theme,market_conditioned,0.15,True,False,33,43,0.7857142857142857,4,1,0.0535,0.105,4.949999999999999,2.1,2026-07-09,2026-09-04,insufficient_probability_variation,,,,,,,,,,,,,,,,,,,,,,,insufficient_evidence,False
aca_extension,Enhanced ACA credits extended before 2027,KXACAEXT-26JAN-27,healthcare,data_center_reits,Data-center REITs,theme,raw,0.15,True,False,33,43,0.7857142857142857,4,1,0.0535,0.105,4.949999999999999,2.1,2026-07-09,2026-09-04,insufficient_probability_variation,,,,,,,,,,,,,,,,,,,,,,,insufficient_evidence,False
aca_extension,Enhanced ACA credits extended before 2027,KXACAEXT-26JAN-27,healthcare,data_center_reits,Data-center REITs,theme,market_conditioned,0.15,True,False,33,43,0.7857142857142857,4,1,0.0535,0.105,4.949999999999999,2.1,2026-07-09,2026-09-04,insufficient_probability_variation,,,,,,,,,,,,,,,,,,,,,,,insufficient_evidence,False
aca_extension,Enhanced ACA credits extended before 2027,KXACAEXT-26JAN-27,healthcare,integrated_energy,Integrated energy,theme,raw,0.15,True,False,33,43,0.7857142857142857,4,1,0.0535,0.105,4.949999999999999,2.1,2026-07-09,2026-09-04,insufficient_probability_variation,,,,,,,,,,,,,,,,,,,,,,,insufficient_evidence,False
aca_extension,Enhanced ACA credits extended before 2027,KXACAEXT-26JAN-27,healthcare,integrated_energy,Integrated energy,theme,market_conditioned,0.15,True,False,33,43,0.7857142857142857,4,1,0.0535,0.105,4.949999999999999,2.1,2026-07-09,2026-09-04,insufficient_probability_variation,,,,,,,,,,,,,,,,,,,,,,,insufficient_evidence,False
aca_extension,Enhanced ACA credits extended before 2027,KXACAEXT-26JAN-27,healthcare,homebuilders,Homebuilders,theme,raw,0.15,True,False,33,43,0.7857142857142857,4,1,0.0535,0.105,4.949999999999999,2.1,2026-07-09,2026-09-04,insufficient_probability_variation,,,,,,,,,,,,,,,,,,,,,,,insufficient_evidence,False
aca_extension,Enhanced ACA credits extended before 2027,KXACAEXT-26JAN-27,healthcare,homebuilders,Homebuilders,theme,market_conditioned,0.15,True,False,33,43,0.7857142857142857,4,1,0.0535,0.105,4.949999999999999,2.1,2026-07-09,2026-09-04,insufficient_probability_variation,,,,,,,,,,,,,,,,,,,,,,,insufficient_evidence,False
aca_extension,Enhanced ACA credits extended before 2027,KXACAEXT-26JAN-27,healthcare,machinery_distribution,Machinery and distribution,theme,raw,0.15,True,False,33,43,0.7857142857142857,4,1,0.0535,0.105,4.949999999999999,2.1,2026-07-09,2026-09-04,insufficient_probability_variation,,,,,,,,,,,,,,,,,,,,,,,insufficient_evidence,False
aca_extension,Enhanced ACA credits extended before 2027,KXACAEXT-26JAN-27,healthcare,machinery_distribution,Machinery and distribution,theme,market_conditioned,0.15,True,False,33,43,0.7857142857142857,4,1,0.0535,0.105,4.949999999999999,2.1,2026-07-09,2026-09-04,insufficient_probability_variation,,,,,,,,,,,,,,,,,,,,,,,insufficient_evidence,False
aca_extension,Enhanced ACA credits extended before 2027,KXACAEXT-26JAN-27,healthcare,managed_care,Managed care (UNH only),single_company_proxy,raw,0.15,True,False,33,43,0.7857142857142857,4,1,0.0535,0.105,4.949999999999999,2.1,2026-07-09,2026-09-04,insufficient_probability_variation,,,,,,,,,,,,,,,,,,,,,,,insufficient_evidence,False
aca_extension,Enhanced ACA credits extended before 2027,KXACAEXT-26JAN-27,healthcare,managed_care,Managed care (UNH only),single_company_proxy,market_conditioned,0.15,True,False,33,43,0.7857142857142857,4,1,0.0535,0.105,4.949999999999999,2.1,2026-07-09,2026-09-04,insufficient_probability_variation,,,,,,,,,,,,,,,,,,,,,,,insufficient_evidence,False
aca_extension,Enhanced ACA credits extended before 2027,KXACAEXT-26JAN-27,healthcare,hospitals,Hospitals (HCA only),single_company_proxy,raw,0.15,True,False,33,43,0.7857142857142857,4,1,0.0535,0.105,4.949999999999999,2.1,2026-07-09,2026-09-04,insufficient_probability_variation,,,,,,,,,,,,,,,,,,,,,,,insufficient_evidence,False
aca_extension,Enhanced ACA credits extended before 2027,KXACAEXT-26JAN-27,healthcare,hospitals,Hospitals (HCA only),single_company_proxy,market_conditioned,0.15,True,False,33,43,0.7857142857142857,4,1,0.0535,0.105,4.949999999999999,2.1,2026-07-09,2026-09-04,insufficient_probability_variation,,,,,,,,,,,,,,,,,,,,,,,insufficient_evidence,False
aca_extension,Enhanced ACA credits extended before 2027,KXACAEXT-26JAN-27,healthcare,generators_minus_regulated,Generators minus regulated utilities,relative_return_contrast,raw,0.15,True,False,33,43,0.7857142857142857,4,1,0.0535,0.105,4.949999999999999,2.1,2026-07-09,2026-09-04,insufficient_probability_variation,,,,,,,,,,,,,,,,,,,,,,,insufficient_evidence,False
aca_extension,Enhanced ACA credits extended before 2027,KXACAEXT-26JAN-27,healthcare,generators_minus_regulated,Generators minus regulated utilities,relative_return_contrast,market_conditioned,0.15,True,False,33,43,0.7857142857142857,4,1,0.0535,0.105,4.949999999999999,2.1,2026-07-09,2026-09-04,insufficient_probability_variation,,,,,,,,,,,,,,,,,,,,,,,insufficient_evidence,False
aca_extension,Enhanced ACA credits extended before 2027,KXACAEXT-26JAN-27,healthcare,equipment_minus_generators,Equipment minus generators,relative_return_contrast,raw,0.15,True,False,33,43,0.7857142857142857,4,1,0.0535,0.105,4.949999999999999,2.1,2026-07-09,2026-09-04,insufficient_probability_variation,,,,,,,,,,,,,,,,,,,,,,,insufficient_evidence,False
aca_extension,Enhanced ACA credits extended before 2027,KXACAEXT-26JAN-27,healthcare,equipment_minus_generators,Equipment minus generators,relative_return_contrast,market_conditioned,0.15,True,False,33,43,0.7857142857142857,4,1,0.0535,0.105,4.949999999999999,2.1,2026-07-09,2026-09-04,insufficient_probability_variation,,,,,,,,,,,,,,,,,,,,,,,insufficient_evidence,False
aca_extension,Enhanced ACA credits extended before 2027,KXACAEXT-26JAN-27,healthcare,hospitals_minus_managed_care,Hospitals minus managed care,relative_return_contrast,raw,0.15,True,False,33,43,0.7857142857142857,4,1,0.0535,0.105,4.949999999999999,2.1,2026-07-09,2026-09-04,insufficient_probability_variation,,,,,,,,,,,,,,,,,,,,,,,insufficient_evidence,False
aca_extension,Enhanced ACA credits extended before 2027,KXACAEXT-26JAN-27,healthcare,hospitals_minus_managed_care,Hospitals minus managed care,relative_return_contrast,market_conditioned,0.15,True,False,33,43,0.7857142857142857,4,1,0.0535,0.105,4.949999999999999,2.1,2026-07-09,2026-09-04,insufficient_probability_variation,,,,,,,,,,,,,,,,,,,,,,,insufficient_evidence,False
michigan_dem,Democratic Michigan governor,GOVPARTYMI-26-D,electricity_datacenters,sector_technology,Technology sector,sector,raw,0.05,False,False,36,43,0.8571428571428571,11,0,0.8049999999999999,0.914,3.400000000000003,1.3,2026-07-09,2026-09-04,estimated,-0.0036343967856240665,0.0019125846098219565,,0.024539826640331115,0.017786248515709643,-0.039780402673035405,0.03251160910178728,-0.05350532473504565,0.04623653116379752,0.8393080681106314,0.8831371545279585,0.00034073531647893507,,,,-0.012779606874407946,2.516293797352549,2026-09-04,True,,,,pilot_observational,False
michigan_dem,Democratic Michigan governor,GOVPARTYMI-26-D,electricity_datacenters,sector_technology,Technology sector,sector,market_conditioned,0.05,False,False,36,43,0.8571428571428571,11,0,0.8049999999999999,0.914,3.400000000000003,1.3,2026-07-09,2026-09-04,estimated,0.011430524193778263,-0.0009840444128612752,2.034848166367569,0.02688909134764455,0.021998423860206975,-0.03332560566958735,0.056186654057143876,-0.04327574348751722,0.06613679187507375,0.6068059188771737,0.6735237954263822,0.631766389179462,,,,-0.0056964735461948815,1.498356282671229,2026-09-04,False,,,,pilot_observational,False
michigan_dem,Democratic Michigan governor,GOVPARTYMI-26-D,electricity_datacenters,sector_consumer_discretionary,Consumer discretionary sector,sector,raw,0.05,False,False,36,43,0.8571428571428571,11,0,0.8049999999999999,0.914,3.400000000000003,1.3,2026-07-09,2026-09-04,estimated,-0.014946015085029572,0.0012306031384961458,,0.02331048672358066,0.02210184571111644,-0.059862369677233324,0.029970339507174176,-0.06231862373854995,0.0324265935684908,0.5034666779495754,0.5257101557442228,0.011243413024550009,,,,-0.0013612815609022819,0.9089200998956714,2026-09-04,True,,,,pilot_observational,False
michigan_dem,Democratic Michigan governor,GOVPARTYMI-26-D,electricity_datacenters,sector_consumer_discretionary,Consumer discretionary sector,sector,market_conditioned,0.05,False,False,36,43,0.8571428571428571,11,0,0.8049999999999999,0.914,3.400000000000003,1.3,2026-07-09,2026-09-04,estimated,-0.006993955026177773,-0.0002983904744198421,1.0741002127872639,0.01610821790472222,0.013148668866991372,-0.03374512297716758,0.01975721292481203,-0.03976637076798245,0.025778460715626908,0.5983489267603018,0.6669794441780849,0.3545188048707112,,,,0.0022852094266976493,1.3267406521981207,2026-09-04,False,,,,pilot_observational,False
michigan_dem,Democratic Michigan governor,GOVPARTYMI-26-D,electricity_datacenters,sector_communications,Communication services sector,sector,raw,0.05,False,False,36,43,0.8571428571428571,11,0,0.8049999999999999,0.914,3.400000000000003,1.3,2026-07-09,2026-09-04,estimated,-0.008550883878592666,0.0010728005010990937,,0.026669937381938597,0.024336724564171693,-0.058009058748908236,0.040907290991722904,-0.06275071768688475,0.045648949929699416,0.7274884728500551,0.7504616223002306,0.003978041964949108,,,,0.005915931665721096,1.6918503104143148,2026-09-04,False,,,,pilot_observational,False
michigan_dem,Democratic Michigan governor,GOVPARTYMI-26-D,electricity_datacenters,sector_communications,Communication services sector,sector,market_conditioned,0.05,False,False,36,43,0.8571428571428571,11,0,0.8049999999999999,0.914,3.400000000000003,1.3,2026-07-09,2026-09-04,estimated,-0.0036844268525316973,0.00013709558246047308,0.6573218120245052,0.022538703090594855,0.01970780685615923,-0.0437802613805646,0.03641140767550121,-0.049539763075015605,0.042170909369952214,0.852842416678105,0.871144567734197,0.14294423637096887,,,,0.008116623877147105,3.2029542726760587,2026-09-04,False,,,,pilot_observational,False
michigan_dem,Democratic Michigan governor,GOVPARTYMI-26-D,electricity_datacenters,sector_industrials,Industrials sector,sector,raw,0.05,False,False,36,43,0.8571428571428571,11,0,0.8049999999999999,0.914,3.400000000000003,1.3,2026-07-09,2026-09-04,estimated,0.005005758387020465,-0.0006280442155769075,,0.014756587225825043,0.008530878833138748,-0.012331073281280502,0.02234259005532143,-0.024983234978930464,0.03499475175297139,0.5612269999827311,0.736528917965324,0.0024355836760540095,,,,0.0007062319574230999,0.858916091664691,2026-09-04,True,,,,pilot_observational,False
michigan_dem,Democratic Michigan governor,GOVPARTYMI-26-D,electricity_datacenters,sector_industrials,Industrials sector,sector,market_conditioned,0.05,False,False,36,43,0.8571428571428571,11,0,0.8049999999999999,0.914,3.400000000000003,1.3,2026-07-09,2026-09-04,estimated,0.011031609375140247,-0.0017866732506987813,0.813923408608958,0.012148599786691352,0.009628235948817569,-0.008557183950180743,0.030620402700461236,-0.01368490273347308,0.03574812148375357,0.2601371838548587,0.370432564966617,0.38309458120063977,,,,0.003542648115498057,0.6788638905687304,2026-09-04,True,,,,pilot_observational,False
michigan_dem,Democratic Michigan governor,GOVPARTYMI-26-D,electricity_datacenters,sector_utilities,Utilities sector,sector,raw,0.05,False,False,36,43,0.8571428571428571,11,0,0.8049999999999999,0.914,3.400000000000003,1.3,2026-07-09,2026-09-04,estimated,-0.0184503500667995,-0.0014515857181670855,,0.02187603379495623,0.012939012567082867,-0.044745587312246614,0.007844887178647612,-0.06290779963224816,0.02600709949864915,0.1630011340480898,0.4048969086669952,0.04558293674542957,,,,-0.031214310047984906,0.6918004230257683,2026-09-04,True,,,,pilot_observational,False
michigan_dem,Democratic Michigan governor,GOVPARTYMI-26-D,electricity_datacenters,sector_utilities,Utilities sector,sector,market_conditioned,0.05,False,False,36,43,0.8571428571428571,11,0,0.8049999999999999,0.914,3.400000000000003,1.3,2026-07-09,2026-09-04,estimated,-0.018525782342297105,-0.0014370818705364123,-0.010188784109195693,0.022619513854834922,0.01379404088862539,-0.04658996954384713,0.009538404859252916,-0.06454552930082601,0.027493964616231797,0.18842755568262862,0.4186520152155068,0.04566511246861138,,,,-0.031185518744116708,0.6833577210348386,2026-09-04,True,,,,pilot_observational,False
michigan_dem,Democratic Michigan governor,GOVPARTYMI-26-D,electricity_datacenters,sector_real_estate,Real estate sector,sector,raw,0.05,False,False,36,43,0.8571428571428571,11,0,0.8049999999999999,0.914,3.400000000000003,1.3,2026-07-09,2026-09-04,estimated,-0.009171751195291105,0.0010383270200000697,,0.015845961568667348,0.011430262469491814,-0.03240083933897623,0.01405733694839402,-0.04137461958807491,0.023031117197492696,0.4278894891469826,0.5665344894350356,0.012957839281043992,,,,-0.0017726116390345795,0.8067313862651813,2026-09-04,True,,,,pilot_observational,False
michigan_dem,Democratic Michigan governor,GOVPARTYMI-26-D,electricity_datacenters,sector_real_estate,Real estate sector,sector,market_conditioned,0.05,False,False,36,43,0.8571428571428571,11,0,0.8049999999999999,0.914,3.400000000000003,1.3,2026-07-09,2026-09-04,estimated,-0.009382916497570141,0.0010789291276381676,-0.028522507932862776,0.016458271727966756,0.011526134697466028,-0.03283301386002638,0.014067180864886094,-0.04286752209769647,0.02410168910255618,0.421448559620305,0.5724688905307135,0.01369865333434439,,,,-0.0019083693554207452,0.7966123479927645,2026-09-04,True,,,,pilot_observational,False
michigan_dem,Democratic Michigan governor,GOVPARTYMI-26-D,electricity_datacenters,sector_energy,Energy sector,sector,raw,0.05,False,False,36,43,0.8571428571428571,11,0,0.8049999999999999,0.914,3.400000000000003,1.3,2026-07-09,2026-09-04,estimated,-0.0463674789361822,0.002058557157637306,,0.020582883204778576,0.017751116802257178,-0.08244208859182685,-0.010292869280537548,-0.08819693031502135,-0.004538027557343047,0.013300245650253013,0.0308424965190789,0.14444891338789256,,,,-0.053606752165012164,0.15612824753301183,2026-09-04,True,,,,pilot_observational,False
michigan_dem,Democratic Michigan governor,GOVPARTYMI-26-D,electricity_datacenters,sector_energy,Energy sector,sector,market_conditioned,0.05,False,False,36,43,0.8571428571428571,11,0,0.8049999999999999,0.914,3.400000000000003,1.3,2026-07-09,2026-09-04,estimated,-0.051733482374121384,0.003090313070290574,-0.7247965171102942,0.014718752358582977,0.013532961931189356,-0.07926650044292567,-0.0242004643053171,-0.08167900920702698,-0.02178795554121579,0.0005547900415431218,0.001301777574910526,0.35310220588961994,,,,-0.05607705242545894,0.08396051941615164,2026-09-04,True,,,,pilot_observational,False
michigan_dem,Democratic Michigan governor,GOVPARTYMI-26-D,electricity_datacenters,sector_financials,Financials sector,sector,raw,0.05,False,False,36,43,0.8571428571428571,11,0,0.8049999999999999,0.914,3.400000000000003,1.3,2026-07-09,2026-09-04,estimated,-0.007720625427306362,0.001958779999475,,0.01719368330295891,0.015158084291730874,-0.03852555900095159,0.023084308146338866,-0.04266239391469234,0.027221143060079615,0.6138036744072849,0.6562531367450832,0.010906792786530284,,,,0.002604876092107064,1.3373918494859394,2026-09-04,False,,,,pilot_observational,False
michigan_dem,Democratic Michigan governor,GOVPARTYMI-26-D,electricity_datacenters,sector_financials,Financials sector,sector,market_conditioned,0.05,False,False,36,43,0.8571428571428571,11,0,0.8049999999999999,0.914,3.400000000000003,1.3,2026-07-09,2026-09-04,estimated,-0.004070221457939344,0.001256893405005385,0.49306716136934287,0.014509624529902135,0.012107333318315395,-0.028702776305370076,0.020562333389491386,-0.0335902745242714,0.025449831608392714,0.7388648168411864,0.7808307314480405,0.27387908329513966,,,,0.004258289006681701,2.046205728775645,2026-09-04,False,,,,pilot_observational,False
michigan_dem,Democratic Michigan governor,GOVPARTYMI-26-D,electricity_datacenters,sector_healthcare,Healthcare sector,sector,raw,0.05,False,False,36,43,0.8571428571428571,11,0,0.8049999999999999,0.914,3.400000000000003,1.3,2026-07-09,2026-09-04,estimated,-0.0043673292392961026,0.0011124568825774473,,0.019092176919806397,0.01379783222618104,-0.0324078980214396,0.02367323954284739,-0.04316730095549512,0.03443264247690292,0.7535409168618867,0.8204338336518129,0.0013229413534295853,,,,0.010102258273149098,3.313143278104976,2026-09-04,False,,,,pilot_observational,False
michigan_dem,Democratic Michigan governor,GOVPARTYMI-26-D,electricity_datacenters,sector_healthcare,Healthcare sector,sector,market_conditioned,0.05,False,False,36,43,0.8571428571428571,11,0,0.8049999999999999,0.914,3.400000000000003,1.3,2026-07-09,2026-09-04,estimated,-0.005660215055550849,0.0013610483344343415,-0.17463260086963886,0.020107293597284612,0.014713389945395762,-0.03559483197679581,0.024274401865694115,-0.04656881146953153,0.03524838135842983,0.7029291787086419,0.780084188554164,0.013827406031441614,,,,0.009425730261605033,2.6652600950844483,2026-09-04,False,,,,pilot_observational,False
michigan_dem,Democratic Michigan governor,GOVPARTYMI-26-D,electricity_datacenters,sector_staples,Consumer staples sector,sector,raw,0.05,False,False,36,43,0.8571428571428571,11,0,0.8049999999999999,0.914,3.400000000000003,1.3,2026-07-09,2026-09-04,estimated,-0.006654856749760346,0.0006338508761241125,,0.01490778853610675,0.010724654080789603,-0.028449976119776878,0.015140262620256188,-0.036951128148332915,0.023641414648812226,0.5390533187776573,0.658137671686871,0.0034500926023794953,,,,0.0024609998290691,1.3698050794493397,2026-09-04,False,,,,pilot_observational,False
michigan_dem,Democratic Michigan governor,GOVPARTYMI-26-D,electricity_datacenters,sector_staples,Consumer staples sector,sector,market_conditioned,0.05,False,False,36,43,0.8571428571428571,11,0,0.8049999999999999,0.914,3.400000000000003,1.3,2026-07-09,2026-09-04,estimated,-0.00842202749542142,0.0009736361346672816,-0.23869518840380302,0.0161905239232391,0.01200528300613471,-0.03284695942161107,0.016002904430768225,-0.041361896090970844,0.02451784110012801,0.4878925596650139,0.6064088595191051,0.02968903900839115,,,,0.0015897756128531795,1.1887640017463077,2026-09-04,False,,,,pilot_observational,False
michigan_dem,Democratic Michigan governor,GOVPARTYMI-26-D,electricity_datacenters,cloud_platforms,Cloud platforms,theme,raw,0.05,False,False,36,43,0.8571428571428571,11,0,0.8049999999999999,0.914,3.400000000000003,1.3,2026-07-09,2026-09-04,estimated,-0.009517729560127083,0.004210765143635864,,0.03843504612333761,0.03733639496326152,-0.08539441322193303,0.06635895410167886,-0.08762714100965321,0.06859168188939904,0.8003218927716957,0.8059088971653064,0.0015528696794004926,,,,0.0076984966705936735,1.8088585226087135,2026-09-04,False,,,,pilot_observational,False
michigan_dem,Democratic Michigan governor,GOVPARTYMI-26-D,electricity_datacenters,cloud_platforms,Cloud platforms,theme,market_conditioned,0.05,False,False,36,43,0.8571428571428571,11,0,0.8049999999999999,0.914,3.400000000000003,1.3,2026-07-09,2026-09-04,estimated,0.0032365447602579166,0.001758418980638845,1.722744629704257,0.029616085538780923,0.026576736633864975,-0.050834232477622615,0.05730732199813844,-0.05701783431896,0.06349092383947584,0.9038109385714725,0.913639609867757,0.3023099311932723,,,,0.013570023487814699,3.1927501372585123,2026-09-04,True,,,,pilot_observational,False
michigan_dem,Democratic Michigan governor,GOVPARTYMI-26-D,electricity_datacenters,electrical_equipment,Electrical equipment,theme,raw,0.05,False,False,36,43,0.8571428571428571,11,0,0.8049999999999999,0.914,3.400000000000003,1.3,2026-07-09,2026-09-04,estimated,0.021433049911193686,-0.0015877331660315045,,0.0606002521096376,0.04216552559471605,-0.06425760796116374,0.10712370778355111,-0.10172147970188682,0.1445875795242742,0.6145201491311589,0.7257631050254956,0.0035510161747328572,,,,-0.026465022065586406,2.23477629993129,2026-09-04,False,,,,pilot_observational,False
michigan_dem,Democratic Michigan governor,GOVPARTYMI-26-D,electricity_datacenters,electrical_equipment,Electrical equipment,theme,market_conditioned,0.05,False,False,36,43,0.8571428571428571,11,0,0.8049999999999999,0.914,3.400000000000003,1.3,2026-07-09,2026-09-04,estimated,0.04256065603578688,-0.0056500735635677014,2.853746836186212,0.07124016805281788,0.060221753835447575,-0.07996142338165957,0.16508273545323335,-0.10237855566053275,0.1874998677321065,0.4846935736702251,0.5543013252027313,0.3757038411913992,,,,-0.016355437914156244,1.3842853808551228,2026-09-04,False,,,,pilot_observational,False
michigan_dem,Democratic Michigan governor,GOVPARTYMI-26-D,electricity_datacenters,regulated_utilities,Regulated utilities,theme,raw,0.05,False,False,36,43,0.8571428571428571,11,0,0.8049999999999999,0.914,3.400000000000003,1.3,2026-07-09,2026-09-04,estimated,-0.03290038120307644,-0.0011070622318067702,,0.01621072014436953,0.011387648984529914,-0.05604286832592485,-0.009757894080228025,-0.06584452820855755,4.376580240467859e-05,0.00667885544171499,0.050288324719376526,0.10663854445602883,,,,-0.04236736323522475,0.2877468797006849,2026-09-04,True,,,,pilot_observational,False
michigan_dem,Democratic Michigan governor,GOVPARTYMI-26-D,electricity_datacenters,regulated_utilities,Regulated utilities,theme,market_conditioned,0.05,False,False,36,43,0.8571428571428571,11,0,0.8049999999999999,0.914,3.400000000000003,1.3,2026-07-09,2026-09-04,estimated,-0.03447039735485022,-0.0008051851520977313,-0.2120651340934624,0.01686177489505136,0.011985249399117243,-0.058854570601099734,-0.0100862241086007,-0.06877593632097942,-0.00016485838872101755,0.0070027850713651005,0.048970850859064205,0.13282981856438625,,,,-0.043053273717010315,0.24899267257655874,2026-09-04,True,,,,pilot_observational,False
michigan_dem,Democratic Michigan governor,GOVPARTYMI-26-D,electricity_datacenters,power_generators,Power generators,theme,raw,0.05,False,False,36,43,0.8571428571428571,11,0,0.8049999999999999,0.914,3.400000000000003,1.3,2026-07-09,2026-09-04,estimated,0.026705165295039735,-4.147471004088514e-06,,0.052064189783127296,0.03884573538889834,-0.052238867159457913,0.10564919774953738,-0.07910199852379637,0.13251232911387584,0.49645160174101144,0.6113186386813938,0.012123057456193909,,,,-0.02059993495749502,1.7713839150556125,2026-09-04,False,,,,pilot_observational,False
michigan_dem,Democratic Michigan governor,GOVPARTYMI-26-D,electricity_datacenters,power_generators,Power generators,theme,market_conditioned,0.05,False,False,36,43,0.8571428571428571,11,0,0.8049999999999999,0.914,3.400000000000003,1.3,2026-07-09,2026-09-04,estimated,0.03154395326620944,-0.000934532282916773,0.6535844989853216,0.05558055974038581,0.04415395203591894,-0.058287937593711994,0.12137584412613088,-0.08153554576640232,0.1446234522988212,0.479998040083735,0.5741913655726949,0.055050087641445034,,,,-0.018102301111075858,1.5738754733214568,2026-09-04,False,,,,pilot_observational,False
michigan_dem,Democratic Michigan governor,GOVPARTYMI-26-D,electricity_datacenters,data_center_reits,Data-center REITs,theme,raw,0.05,False,False,36,43,0.8571428571428571,11,0,0.8049999999999999,0.914,3.400000000000003,1.3,2026-07-09,2026-09-04,estimated,-0.010758844385930793,0.002213287635508376,,0.026667558693526165,0.02491249925045219,-0.06138713420104404,0.03986944542918246,-0.06495384411775734,0.043436155345895754,0.6685657805104606,0.689148343914544,0.0025505467257572745,,,,-0.011782064974690996,0.09510506445267083,2026-09-04,True,,,,pilot_observational,False
michigan_dem,Democratic Michigan governor,GOVPARTYMI-26-D,electricity_datacenters,data_center_reits,Data-center REITs,theme,market_conditioned,0.05,False,False,36,43,0.8571428571428571,11,0,0.8049999999999999,0.914,3.400000000000003,1.3,2026-07-09,2026-09-04,estimated,-0.003777228631071739,0.0008708875758998643,0.9430204138794945,0.023865572000380243,0.025615441994101183,-0.055892237218996776,0.0483377799568533,-0.052332099948223944,0.04477764268608047,0.8836669743445813,0.875207808548137,0.11838825440132417,,,,-0.008515618528385324,1.254462030266124,2026-09-04,True,,,,pilot_observational,False
michigan_dem,Democratic Michigan governor,GOVPARTYMI-26-D,electricity_datacenters,integrated_energy,Integrated energy,theme,raw,0.05,False,False,36,43,0.8571428571428571,11,0,0.8049999999999999,0.914,3.400000000000003,1.3,2026-07-09,2026-09-04,estimated,-0.05568388677260709,0.002716956995636914,,0.02214683506615801,0.01759226533000077,-0.09143567139596162,-0.01993210214925257,-0.10069167073457182,-0.010676102810642366,0.0032610756985364865,0.01682440438398824,0.15580857042753005,,,,-0.05759984929901028,0.034407844664782326,2026-09-04,True,,,,pilot_observational,False
michigan_dem,Democratic Michigan governor,GOVPARTYMI-26-D,electricity_datacenters,integrated_energy,Integrated energy,theme,market_conditioned,0.05,False,False,36,43,0.8571428571428571,11,0,0.8049999999999999,0.914,3.400000000000003,1.3,2026-07-09,2026-09-04,estimated,-0.0629830538279448,0.004120414681396596,-0.9859126854280863,0.015233490976850941,0.012917424678920082,-0.08926375194085731,-0.036702355715032275,-0.0939758242539045,-0.03199028340198509,2.6584366555037376e-05,0.00022930797596945767,0.44455385643057366,,,,-0.06099988926433679,0.03148727225938507,2026-09-04,True,,,,pilot_observational,False
michigan_dem,Democratic Michigan governor,GOVPARTYMI-26-D,electricity_datacenters,homebuilders,Homebuilders,theme,raw,0.05,False,False,36,43,0.8571428571428571,11,0,0.8049999999999999,0.914,3.400000000000003,1.3,2026-07-09,2026-09-04,estimated,-0.0020599023233223886,0.0005718333148444074,,0.036484542689685144,0.03176282725187101,-0.06660973360634445,0.06248992895969968,-0.07620541387940293,0.07208560923275815,0.9486711691359678,0.9553061836544408,9.228563922958344e-05,,,,0.013408873505745487,7.509470548156136,2026-09-04,False,,,,pilot_observational,False
michigan_dem,Democratic Michigan governor,GOVPARTYMI-26-D,electricity_datacenters,homebuilders,Homebuilders,theme,market_conditioned,0.05,False,False,36,43,0.8571428571428571,11,0,0.8049999999999999,0.914,3.400000000000003,1.3,2026-07-09,2026-09-04,estimated,0.007180620231106306,-0.0012049012496789463,1.24813534713299,0.028137303012496145,0.023467146871171574,-0.040563649065782637,0.05492488952799525,-0.05006515317678445,0.06442639363899706,0.7615373490827011,0.8001530217785489,0.20038722158829403,,,,0.01764779148207907,1.457697373498348,2026-09-04,True,,,,pilot_observational,False
michigan_dem,Democratic Michigan governor,GOVPARTYMI-26-D,electricity_datacenters,machinery_distribution,Machinery and distribution,theme,raw,0.05,False,False,36,43,0.8571428571428571,11,0,0.8049999999999999,0.914,3.400000000000003,1.3,2026-07-09,2026-09-04,estimated,-0.010243887757860939,0.0006333651165742298,,0.020861228725277535,0.017968730409313186,-0.046760741471597984,0.026272965955876103,-0.05263900529242728,0.0321512297767054,0.5723613628681773,0.626546504784924,0.005081138222508108,,,,-0.025585465810383,1.4976323848091035,2026-09-04,True,,,,pilot_observational,False
michigan_dem,Democratic Michigan governor,GOVPARTYMI-26-D,electricity_datacenters,machinery_distribution,Machinery and distribution,theme,market_conditioned,0.05,False,False,36,43,0.8571428571428571,11,0,0.8049999999999999,0.914,3.400000000000003,1.3,2026-07-09,2026-09-04,estimated,-0.004674817049824853,-0.0004374358431074291,0.7522252080918747,0.024634887791714563,0.02204041319337185,-0.0495163748538441,0.0401667407541944,-0.05479487311301608,0.045445239013366376,0.833332051687806,0.8506564444021294,0.16705050603791483,,,,-0.022907034591295332,3.900092206208063,2026-09-04,True,,,,pilot_observational,False
michigan_dem,Democratic Michigan governor,GOVPARTYMI-26-D,electricity_datacenters,managed_care,Managed care (UNH only),single_company_proxy,raw,0.05,False,False,36,43,0.8571428571428571,11,0,0.8049999999999999,0.914,3.400000000000003,1.3,2026-07-09,2026-09-04,estimated,0.0019509601785653707,-0.0020024577635398373,,0.019556152824133144,0.01699932779419537,-0.032595830393280255,0.036497750750411,-0.0377919240216574,0.04169384437878815,0.9093049853250567,0.9211192259753018,0.00017984086004851907,,,,0.013640301956287217,5.991583993435247,2026-09-04,True,,,,pilot_observational,False
michigan_dem,Democratic Michigan governor,GOVPARTYMI-26-D,electricity_datacenters,managed_care,Managed care (UNH only),single_company_proxy,market_conditioned,0.05,False,False,36,43,0.8571428571428571,11,0,0.8049999999999999,0.914,3.400000000000003,1.3,2026-07-09,2026-09-04,estimated,0.0033777043832663774,-0.002276787026662596,0.19271311364864308,0.019899842446162594,0.017509947551946285,-0.03224655176870393,0.03900196053523669,-0.03710882949028308,0.04386423825681584,0.8482180222821023,0.8662546387385599,0.010553209973356292,,,,0.014248137958114393,3.2182903953056616,2026-09-04,True,,,,pilot_observational,False
michigan_dem,Democratic Michigan governor,GOVPARTYMI-26-D,electricity_datacenters,hospitals,Hospitals (HCA only),single_company_proxy,raw,0.05,False,False,36,43,0.8571428571428571,11,0,0.8049999999999999,0.914,3.400000000000003,1.3,2026-07-09,2026-09-04,estimated,0.0461624935362585,0.0005400338949676242,,0.052884964885009815,0.0560122984759945,-0.06766819249584655,0.15999317956836354,-0.061312685976763044,0.15363767304928005,0.4155990253207215,0.3888489476950546,0.030822916246898147,,,,0.08422309300474601,0.824491845064493,2026-09-04,True,,,,pilot_observational,False
michigan_dem,Democratic Michigan governor,GOVPARTYMI-26-D,electricity_datacenters,hospitals,Hospitals (HCA only),single_company_proxy,market_conditioned,0.05,False,False,36,43,0.8571428571428571,11,0,0.8049999999999999,0.914,3.400000000000003,1.3,2026-07-09,2026-09-04,estimated,0.04876064640122274,4.047037224401786e-05,0.3509375588789092,0.05139847512220589,0.05479748733509974,-0.06272567984382406,0.16024697264626953,-0.0558103375004744,0.15333163030291988,0.37999655757774836,0.3496800925781024,0.04135369872787775,,,,0.08524584148767744,0.7482508493886534,2026-09-04,True,,,,pilot_observational,False
michigan_dem,Democratic Michigan governor,GOVPARTYMI-26-D,electricity_datacenters,generators_minus_regulated,Generators minus regulated utilities,relative_return_contrast,raw,0.05,False,False,36,43,0.8571428571428571,11,0,0.8049999999999999,0.914,3.400000000000003,1.3,2026-07-09,2026-09-04,estimated,0.05960554649811617,0.0011029147608026808,,0.04571541911567958,0.036900200464975184,-0.01538468328955278,0.13459577628578512,-0.03329936299088193,0.15251045598711427,0.1154850628345774,0.20104759160126642,0.052704491451348257,,,,0.02176742827772972,0.6348086787792865,2026-09-04,True,,,,pilot_observational,False
michigan_dem,Democratic Michigan governor,GOVPARTYMI-26-D,electricity_datacenters,generators_minus_regulated,Generators minus regulated utilities,relative_return_contrast,market_conditioned,0.05,False,False,36,43,0.8571428571428571,11,0,0.8049999999999999,0.914,3.400000000000003,1.3,2026-07-09,2026-09-04,estimated,0.06601435062105966,-0.0001293471308190426,0.865649633078784,0.051160576575548775,0.0436384430814055,-0.022768729384932074,0.1547974306270514,-0.038072625048222605,0.17010132629034191,0.13986040704024671,0.20590228665546348,0.11841946107454393,,,,0.02495097260593446,0.6220371423607598,2026-09-04,True,,,,pilot_observational,False
michigan_dem,Democratic Michigan governor,GOVPARTYMI-26-D,electricity_datacenters,equipment_minus_generators,Equipment minus generators,relative_return_contrast,raw,0.05,False,False,36,43,0.8571428571428571,11,0,0.8049999999999999,0.914,3.400000000000003,1.3,2026-07-09,2026-09-04,estimated,-0.005272115383846053,-0.0015835856950274167,,0.035860258977902786,0.03323472215511678,-0.07281319700228206,0.06226896623458996,-0.07814892979440041,0.06760469902670832,0.8748967319789263,0.8839858824156973,0.00029385785839730616,,,,-0.005865087108091388,0.11247320687673514,2026-09-04,True,,,,pilot_observational,False
michigan_dem,Democratic Michigan governor,GOVPARTYMI-26-D,electricity_datacenters,equipment_minus_generators,Equipment minus generators,relative_return_contrast,market_conditioned,0.05,False,False,36,43,0.8571428571428571,11,0,0.8049999999999999,0.914,3.400000000000003,1.3,2026-07-09,2026-09-04,estimated,0.011016702769577443,-0.00471554128065093,2.2001623372008905,0.03383732394500809,0.033086570452807225,-0.05629843095679414,0.07833183649594903,-0.057825850421290306,0.0798592559604452,0.7412661467511937,0.7467988066919048,0.30283377417589585,,,,0.0017468631969196,0.841435025210669,2026-09-04,True,,,,pilot_observational,False
michigan_dem,Democratic Michigan governor,GOVPARTYMI-26-D,electricity_datacenters,hospitals_minus_managed_care,Hospitals minus managed care,relative_return_contrast,raw,0.05,False,False,36,43,0.8571428571428571,11,0,0.8049999999999999,0.914,3.400000000000003,1.3,2026-07-09,2026-09-04,estimated,0.04421153335769312,0.0025424916585074617,,0.049509548267164284,0.054623682925100996,-0.06679714634555539,0.15522021306094164,-0.05640397426705207,0.14482704098243832,0.42392261118003355,0.37813977499099866,0.02888187886566085,,,,0.07058279104845876,0.5964791466834942,2026-09-04,True,,,,pilot_observational,False
michigan_dem,Democratic Michigan governor,GOVPARTYMI-26-D,electricity_datacenters,hospitals_minus_managed_care,Hospitals minus managed care,relative_return_contrast,market_conditioned,0.05,False,False,36,43,0.8571428571428571,11,0,0.8049999999999999,0.914,3.400000000000003,1.3,2026-07-09,2026-09-04,estimated,0.04538294201795637,0.0023172573989066153,0.15822444523026621,0.05039394223475584,0.05578706540428107,-0.06811669594686023,0.15888257998277297,-0.057144304357432674,0.1479101883933454,0.4217608417589414,0.37434596150891725,0.031068669395989068,,,,0.07099770352956303,0.5644138606411157,2026-09-04,True,,,,pilot_observational,False
michigan_dem,Democratic Michigan governor,GOVPARTYMI-26-D,electricity_datacenters,sector_technology,Technology sector,sector,raw,0.1,False,False,36,43,0.8571428571428571,11,0,0.8049999999999999,0.914,3.400000000000003,1.3,2026-07-09,2026-09-04,estimated,-0.0036343967856240665,0.0019125846098219565,,0.024539826640331115,0.017786248515709643,-0.039780402673035405,0.03251160910178728,-0.05350532473504565,0.04623653116379752,0.8393080681106314,0.8831371545279585,0.00034073531647893507,-0.06983692240529388,0.0379312169258197,500.0,-0.012779606874407946,2.516293797352549,2026-09-04,True,,,,pilot_observational,False
michigan_dem,Democratic Michigan governor,GOVPARTYMI-26-D,electricity_datacenters,sector_technology,Technology sector,sector,market_conditioned,0.1,False,False,36,43,0.8571428571428571,11,0,0.8049999999999999,0.914,3.400000000000003,1.3,2026-07-09,2026-09-04,estimated,0.011430524193778263,-0.0009840444128612752,2.034848166367569,0.02688909134764455,0.021998423860206975,-0.03332560566958735,0.056186654057143876,-0.04327574348751722,0.06613679187507375,0.6068059188771737,0.6735237954263822,0.631766389179462,-0.033570731910331664,0.051090619188472554,500.0,-0.0056964735461948815,1.498356282671229,2026-09-04,False,,,,pilot_observational,False
michigan_dem,Democratic Michigan governor,GOVPARTYMI-26-D,electricity_datacenters,sector_consumer_discretionary,Consumer discretionary sector,sector,raw,0.1,False,False,36,43,0.8571428571428571,11,0,0.8049999999999999,0.914,3.400000000000003,1.3,2026-07-09,2026-09-04,estimated,-0.014946015085029572,0.0012306031384961458,,0.02331048672358066,0.02210184571111644,-0.059862369677233324,0.029970339507174176,-0.06231862373854995,0.0324265935684908,0.5034666779495754,0.5257101557442228,0.011243413024550009,-0.09753709218334343,0.028116279033027495,500.0,-0.0013612815609022819,0.9089200998956714,2026-09-04,True,,,,pilot_observational,False
michigan_dem,Democratic Michigan governor,GOVPARTYMI-26-D,electricity_datacenters,sector_consumer_discretionary,Consumer discretionary sector,sector,market_conditioned,0.1,False,False,36,43,0.8571428571428571,11,0,0.8049999999999999,0.914,3.400000000000003,1.3,2026-07-09,2026-09-04,estimated,-0.006993955026177773,-0.0002983904744198421,1.0741002127872639,0.01610821790472222,0.013148668866991372,-0.03374512297716758,0.01975721292481203,-0.03976637076798245,0.025778460715626908,0.5983489267603018,0.6669794441780849,0.3545188048707112,-0.0584037336936832,0.0212404833549391,500.0,0.0022852094266976493,1.3267406521981207,2026-09-04,False,,,,pilot_observational,False
michigan_dem,Democratic Michigan governor,GOVPARTYMI-26-D,electricity_datacenters,sector_communications,Communication services sector,sector,raw,0.1,False,False,36,43,0.8571428571428571,11,0,0.8049999999999999,0.914,3.400000000000003,1.3,2026-07-09,2026-09-04,estimated,-0.008550883878592666,0.0010728005010990937,,0.026669937381938597,0.024336724564171693,-0.058009058748908236,0.040907290991722904,-0.06275071768688475,0.045648949929699416,0.7274884728500551,0.7504616223002306,0.003978041964949108,-0.11350375066753168,0.036628854286832005,500.0,0.005915931665721096,1.6918503104143148,2026-09-04,False,,,,pilot_observational,False
michigan_dem,Democratic Michigan governor,GOVPARTYMI-26-D,electricity_datacenters,sector_communications,Communication services sector,sector,market_conditioned,0.1,False,False,36,43,0.8571428571428571,11,0,0.8049999999999999,0.914,3.400000000000003,1.3,2026-07-09,2026-09-04,estimated,-0.0036844268525316973,0.00013709558246047308,0.6573218120245052,0.022538703090594855,0.01970780685615923,-0.0437802613805646,0.03641140767550121,-0.049539763075015605,0.042170909369952214,0.852842416678105,0.871144567734197,0.14294423637096887,-0.07852902011521629,0.03487488774530703,500.0,0.008116623877147105,3.2029542726760587,2026-09-04,False,,,,pilot_observational,False
michigan_dem,Democratic Michigan governor,GOVPARTYMI-26-D,electricity_datacenters,sector_industrials,Industrials sector,sector,raw,0.1,False,False,36,43,0.8571428571428571,11,0,0.8049999999999999,0.914,3.400000000000003,1.3,2026-07-09,2026-09-04,estimated,0.005005758387020465,-0.0006280442155769075,,0.014756587225825043,0.008530878833138748,-0.012331073281280502,0.02234259005532143,-0.024983234978930464,0.03499475175297139,0.5612269999827311,0.736528917965324,0.0024355836760540095,-0.01942275309601643,0.03602890960735519,500.0,0.0007062319574230999,0.858916091664691,2026-09-04,True,,,,pilot_observational,False
michigan_dem,Democratic Michigan governor,GOVPARTYMI-26-D,electricity_datacenters,sector_industrials,Industrials sector,sector,market_conditioned,0.1,False,False,36,43,0.8571428571428571,11,0,0.8049999999999999,0.914,3.400000000000003,1.3,2026-07-09,2026-09-04,estimated,0.011031609375140247,-0.0017866732506987813,0.813923408608958,0.012148599786691352,0.009628235948817569,-0.008557183950180743,0.030620402700461236,-0.01368490273347308,0.03574812148375357,0.2601371838548587,0.370432564966617,0.38309458120063977,-0.01674275485314671,0.05241730685984871,500.0,0.003542648115498057,0.6788638905687304,2026-09-04,True,,,,pilot_observational,False
michigan_dem,Democratic Michigan governor,GOVPARTYMI-26-D,electricity_datacenters,sector_utilities,Utilities sector,sector,raw,0.1,False,False,36,43,0.8571428571428571,11,0,0.8049999999999999,0.914,3.400000000000003,1.3,2026-07-09,2026-09-04,estimated,-0.0184503500667995,-0.0014515857181670855,,0.02187603379495623,0.012939012567082867,-0.044745587312246614,0.007844887178647612,-0.06290779963224816,0.02600709949864915,0.1630011340480898,0.4048969086669952,0.04558293674542957,-0.08062152156827748,0.0005651971707691299,500.0,-0.031214310047984906,0.6918004230257683,2026-09-04,True,,,,pilot_observational,False
michigan_dem,Democratic Michigan governor,GOVPARTYMI-26-D,electricity_datacenters,sector_utilities,Utilities sector,sector,market_conditioned,0.1,False,False,36,43,0.8571428571428571,11,0,0.8049999999999999,0.914,3.400000000000003,1.3,2026-07-09,2026-09-04,estimated,-0.018525782342297105,-0.0014370818705364123,-0.010188784109195693,0.022619513854834922,0.01379404088862539,-0.04658996954384713,0.009538404859252916,-0.06454552930082601,0.027493964616231797,0.18842755568262862,0.4186520152155068,0.04566511246861138,-0.08189314868692427,0.002202910558094246,500.0,-0.031185518744116708,0.6833577210348386,2026-09-04,True,,,,pilot_observational,False
michigan_dem,Democratic Michigan governor,GOVPARTYMI-26-D,electricity_datacenters,sector_real_estate,Real estate sector,sector,raw,0.1,False,False,36,43,0.8571428571428571,11,0,0.8049999999999999,0.914,3.400000000000003,1.3,2026-07-09,2026-09-04,estimated,-0.009171751195291105,0.0010383270200000697,,0.015845961568667348,0.011430262469491814,-0.03240083933897623,0.01405733694839402,-0.04137461958807491,0.023031117197492696,0.4278894891469826,0.5665344894350356,0.012957839281043992,-0.01472292774537931,0.02479332732878523,500.0,-0.0017726116390345795,0.8067313862651813,2026-09-04,True,,,,pilot_observational,False
michigan_dem,Democratic Michigan governor,GOVPARTYMI-26-D,electricity_datacenters,sector_real_estate,Real estate sector,sector,market_conditioned,0.1,False,False,36,43,0.8571428571428571,11,0,0.8049999999999999,0.914,3.400000000000003,1.3,2026-07-09,2026-09-04,estimated,-0.009382916497570141,0.0010789291276381676,-0.028522507932862776,0.016458271727966756,0.011526134697466028,-0.03283301386002638,0.014067180864886094,-0.04286752209769647,0.02410168910255618,0.421448559620305,0.5724688905307135,0.01369865333434439,-0.015006245842100238,0.020249627202802507,500.0,-0.0019083693554207452,0.7966123479927645,2026-09-04,True,,,,pilot_observational,False
michigan_dem,Democratic Michigan governor,GOVPARTYMI-26-D,electricity_datacenters,sector_energy,Energy sector,sector,raw,0.1,False,False,36,43,0.8571428571428571,11,0,0.8049999999999999,0.914,3.400000000000003,1.3,2026-07-09,2026-09-04,estimated,-0.0463674789361822,0.002058557157637306,,0.020582883204778576,0.017751116802257178,-0.08244208859182685,-0.010292869280537548,-0.08819693031502135,-0.004538027557343047,0.013300245650253013,0.0308424965190789,0.14444891338789256,-0.11894622726453288,-0.02080404179698741,500.0,-0.053606752165012164,0.15612824753301183,2026-09-04,True,,,,pilot_observational,True
michigan_dem,Democratic Michigan governor,GOVPARTYMI-26-D,electricity_datacenters,sector_energy,Energy sector,sector,market_conditioned,0.1,False,False,36,43,0.8571428571428571,11,0,0.8049999999999999,0.914,3.400000000000003,1.3,2026-07-09,2026-09-04,estimated,-0.051733482374121384,0.003090313070290574,-0.7247965171102942,0.014718752358582977,0.013532961931189356,-0.07926650044292567,-0.0242004643053171,-0.08167900920702698,-0.02178795554121579,0.0005547900415431218,0.001301777574910526,0.35310220588961994,-0.12109118003700843,-0.02920199751039033,500.0,-0.05607705242545894,0.08396051941615164,2026-09-04,True,,,,pilot_observational,True
michigan_dem,Democratic Michigan governor,GOVPARTYMI-26-D,electricity_datacenters,sector_financials,Financials sector,sector,raw,0.1,False,False,36,43,0.8571428571428571,11,0,0.8049999999999999,0.914,3.400000000000003,1.3,2026-07-09,2026-09-04,estimated,-0.007720625427306362,0.001958779999475,,0.01719368330295891,0.015158084291730874,-0.03852555900095159,0.023084308146338866,-0.04266239391469234,0.027221143060079615,0.6138036744072849,0.6562531367450832,0.010906792786530284,-0.015378844283756868,0.03199404024436385,500.0,0.002604876092107064,1.3373918494859394,2026-09-04,False,,,,pilot_observational,False
michigan_dem,Democratic Michigan governor,GOVPARTYMI-26-D,electricity_datacenters,sector_financials,Financials sector,sector,market_conditioned,0.1,False,False,36,43,0.8571428571428571,11,0,0.8049999999999999,0.914,3.400000000000003,1.3,2026-07-09,2026-09-04,estimated,-0.004070221457939344,0.001256893405005385,0.49306716136934287,0.014509624529902135,0.012107333318315395,-0.028702776305370076,0.020562333389491386,-0.0335902745242714,0.025449831608392714,0.7388648168411864,0.7808307314480405,0.27387908329513966,-0.009168517315859444,0.037098672052937175,500.0,0.004258289006681701,2.046205728775645,2026-09-04,False,,,,pilot_observational,False
michigan_dem,Democratic Michigan governor,GOVPARTYMI-26-D,electricity_datacenters,sector_healthcare,Healthcare sector,sector,raw,0.1,False,False,36,43,0.8571428571428571,11,0,0.8049999999999999,0.914,3.400000000000003,1.3,2026-07-09,2026-09-04,estimated,-0.0043673292392961026,0.0011124568825774473,,0.019092176919806397,0.01379783222618104,-0.0324078980214396,0.02367323954284739,-0.04316730095549512,0.03443264247690292,0.7535409168618867,0.8204338336518129,0.0013229413534295853,-0.015786492477911647,0.05225577250502844,500.0,0.010102258273149098,3.313143278104976,2026-09-04,False,,,,pilot_observational,False
michigan_dem,Democratic Michigan governor,GOVPARTYMI-26-D,electricity_datacenters,sector_healthcare,Healthcare sector,sector,market_conditioned,0.1,False,False,36,43,0.8571428571428571,11,0,0.8049999999999999,0.914,3.400000000000003,1.3,2026-07-09,2026-09-04,estimated,-0.005660215055550849,0.0013610483344343415,-0.17463260086963886,0.020107293597284612,0.014713389945395762,-0.03559483197679581,0.024274401865694115,-0.04656881146953153,0.03524838135842983,0.7029291787086419,0.780084188554164,0.013827406031441614,-0.01743299470720528,0.046128131814565355,500.0,0.009425730261605033,2.6652600950844483,2026-09-04,False,,,,pilot_observational,False
michigan_dem,Democratic Michigan governor,GOVPARTYMI-26-D,electricity_datacenters,sector_staples,Consumer staples sector,sector,raw,0.1,False,False,36,43,0.8571428571428571,11,0,0.8049999999999999,0.914,3.400000000000003,1.3,2026-07-09,2026-09-04,estimated,-0.006654856749760346,0.0006338508761241125,,0.01490778853610675,0.010724654080789603,-0.028449976119776878,0.015140262620256188,-0.036951128148332915,0.023641414648812226,0.5390533187776573,0.658137671686871,0.0034500926023794953,-0.039091490218037796,0.01680755734905229,500.0,0.0024609998290691,1.3698050794493397,2026-09-04,False,,,,pilot_observational,False
michigan_dem,Democratic Michigan governor,GOVPARTYMI-26-D,electricity_datacenters,sector_staples,Consumer staples sector,sector,market_conditioned,0.1,False,False,36,43,0.8571428571428571,11,0,0.8049999999999999,0.914,3.400000000000003,1.3,2026-07-09,2026-09-04,estimated,-0.00842202749542142,0.0009736361346672816,-0.23869518840380302,0.0161905239232391,0.01200528300613471,-0.03284695942161107,0.016002904430768225,-0.041361896090970844,0.02451784110012801,0.4878925596650139,0.6064088595191051,0.02968903900839115,-0.04217790774928707,0.017460595429297524,500.0,0.0015897756128531795,1.1887640017463077,2026-09-04,False,,,,pilot_observational,False
michigan_dem,Democratic Michigan governor,GOVPARTYMI-26-D,electricity_datacenters,cloud_platforms,Cloud platforms,theme,raw,0.1,False,False,36,43,0.8571428571428571,11,0,0.8049999999999999,0.914,3.400000000000003,1.3,2026-07-09,2026-09-04,estimated,-0.009517729560127083,0.004210765143635864,,0.03843504612333761,0.03733639496326152,-0.08539441322193303,0.06635895410167886,-0.08762714100965321,0.06859168188939904,0.8003218927716957,0.8059088971653064,0.0015528696794004926,-0.15971231113739473,0.06033877172512382,500.0,0.0076984966705936735,1.8088585226087135,2026-09-04,False,,,,pilot_observational,False
michigan_dem,Democratic Michigan governor,GOVPARTYMI-26-D,electricity_datacenters,cloud_platforms,Cloud platforms,theme,market_conditioned,0.1,False,False,36,43,0.8571428571428571,11,0,0.8049999999999999,0.914,3.400000000000003,1.3,2026-07-09,2026-09-04,estimated,0.0032365447602579166,0.001758418980638845,1.722744629704257,0.029616085538780923,0.026576736633864975,-0.050834232477622615,0.05730732199813844,-0.05701783431896,0.06349092383947584,0.9038109385714725,0.913639609867757,0.3023099311932723,-0.09607257487136547,0.05866061009744402,500.0,0.013570023487814699,3.1927501372585123,2026-09-04,True,,,,pilot_observational,False
michigan_dem,Democratic Michigan governor,GOVPARTYMI-26-D,electricity_datacenters,electrical_equipment,Electrical equipment,theme,raw,0.1,False,False,36,43,0.8571428571428571,11,0,0.8049999999999999,0.914,3.400000000000003,1.3,2026-07-09,2026-09-04,estimated,0.021433049911193686,-0.0015877331660315045,,0.0606002521096376,0.04216552559471605,-0.06425760796116374,0.10712370778355111,-0.10172147970188682,0.1445875795242742,0.6145201491311589,0.7257631050254956,0.0035510161747328572,-0.07662740054613201,0.12884761925717395,500.0,-0.026465022065586406,2.23477629993129,2026-09-04,False,,,,pilot_observational,False
michigan_dem,Democratic Michigan governor,GOVPARTYMI-26-D,electricity_datacenters,electrical_equipment,Electrical equipment,theme,market_conditioned,0.1,False,False,36,43,0.8571428571428571,11,0,0.8049999999999999,0.914,3.400000000000003,1.3,2026-07-09,2026-09-04,estimated,0.04256065603578688,-0.0056500735635677014,2.853746836186212,0.07124016805281788,0.060221753835447575,-0.07996142338165957,0.16508273545323335,-0.10237855566053275,0.1874998677321065,0.4846935736702251,0.5543013252027313,0.3757038411913992,-0.0715458270746934,0.23980908653274097,500.0,-0.016355437914156244,1.3842853808551228,2026-09-04,False,,,,pilot_observational,False
michigan_dem,Democratic Michigan governor,GOVPARTYMI-26-D,electricity_datacenters,regulated_utilities,Regulated utilities,theme,raw,0.1,False,False,36,43,0.8571428571428571,11,0,0.8049999999999999,0.914,3.400000000000003,1.3,2026-07-09,2026-09-04,estimated,-0.03290038120307644,-0.0011070622318067702,,0.01621072014436953,0.011387648984529914,-0.05604286832592485,-0.009757894080228025,-0.06584452820855755,4.376580240467859e-05,0.00667885544171499,0.050288324719376526,0.10663854445602883,-0.09096546648077605,-0.015000493981132266,500.0,-0.04236736323522475,0.2877468797006849,2026-09-04,True,,,,pilot_observational,True
michigan_dem,Democratic Michigan governor,GOVPARTYMI-26-D,electricity_datacenters,regulated_utilities,Regulated utilities,theme,market_conditioned,0.1,False,False,36,43,0.8571428571428571,11,0,0.8049999999999999,0.914,3.400000000000003,1.3,2026-07-09,2026-09-04,estimated,-0.03447039735485022,-0.0008051851520977313,-0.2120651340934624,0.01686177489505136,0.011985249399117243,-0.058854570601099734,-0.0100862241086007,-0.06877593632097942,-0.00016485838872101755,0.0070027850713651005,0.048970850859064205,0.13282981856438625,-0.09359540940227734,-0.015784337106921186,500.0,-0.043053273717010315,0.24899267257655874,2026-09-04,True,,,,pilot_observational,True
michigan_dem,Democratic Michigan governor,GOVPARTYMI-26-D,electricity_datacenters,power_generators,Power generators,theme,raw,0.1,False,False,36,43,0.8571428571428571,11,0,0.8049999999999999,0.914,3.400000000000003,1.3,2026-07-09,2026-09-04,estimated,0.026705165295039735,-4.147471004088514e-06,,0.052064189783127296,0.03884573538889834,-0.052238867159457913,0.10564919774953738,-0.07910199852379637,0.13251232911387584,0.49645160174101144,0.6113186386813938,0.012123057456193909,-0.0797430635714832,0.05059542131492448,500.0,-0.02059993495749502,1.7713839150556125,2026-09-04,False,,,,pilot_observational,False
michigan_dem,Democratic Michigan governor,GOVPARTYMI-26-D,electricity_datacenters,power_generators,Power generators,theme,market_conditioned,0.1,False,False,36,43,0.8571428571428571,11,0,0.8049999999999999,0.914,3.400000000000003,1.3,2026-07-09,2026-09-04,estimated,0.03154395326620944,-0.000934532282916773,0.6535844989853216,0.05558055974038581,0.04415395203591894,-0.058287937593711994,0.12137584412613088,-0.08153554576640232,0.1446234522988212,0.479998040083735,0.5741913655726949,0.055050087641445034,-0.07315464336485482,0.059182223304163145,500.0,-0.018102301111075858,1.5738754733214568,2026-09-04,False,,,,pilot_observational,False
michigan_dem,Democratic Michigan governor,GOVPARTYMI-26-D,electricity_datacenters,data_center_reits,Data-center REITs,theme,raw,0.1,False,False,36,43,0.8571428571428571,11,0,0.8049999999999999,0.914,3.400000000000003,1.3,2026-07-09,2026-09-04,estimated,-0.010758844385930793,0.002213287635508376,,0.026667558693526165,0.02491249925045219,-0.06138713420104404,0.03986944542918246,-0.06495384411775734,0.043436155345895754,0.6685657805104606,0.689148343914544,0.0025505467257572745,-0.06151522713639498,0.10223458802631967,500.0,-0.011782064974690996,0.09510506445267083,2026-09-04,True,,,,pilot_observational,False
michigan_dem,Democratic Michigan governor,GOVPARTYMI-26-D,electricity_datacenters,data_center_reits,Data-center REITs,theme,market_conditioned,0.1,False,False,36,43,0.8571428571428571,11,0,0.8049999999999999,0.914,3.400000000000003,1.3,2026-07-09,2026-09-04,estimated,-0.003777228631071739,0.0008708875758998643,0.9430204138794945,0.023865572000380243,0.025615441994101183,-0.055892237218996776,0.0483377799568533,-0.052332099948223944,0.04477764268608047,0.8836669743445813,0.875207808548137,0.11838825440132417,-0.06091844308484115,0.12360417785881563,500.0,-0.008515618528385324,1.254462030266124,2026-09-04,True,,,,pilot_observational,False
michigan_dem,Democratic Michigan governor,GOVPARTYMI-26-D,electricity_datacenters,integrated_energy,Integrated energy,theme,raw,0.1,False,False,36,43,0.8571428571428571,11,0,0.8049999999999999,0.914,3.400000000000003,1.3,2026-07-09,2026-09-04,estimated,-0.05568388677260709,0.002716956995636914,,0.02214683506615801,0.01759226533000077,-0.09143567139596162,-0.01993210214925257,-0.10069167073457182,-0.010676102810642366,0.0032610756985364865,0.01682440438398824,0.15580857042753005,-0.11865659039399151,-0.013667205859811087,500.0,-0.05759984929901028,0.034407844664782326,2026-09-04,True,,,,pilot_observational,True
michigan_dem,Democratic Michigan governor,GOVPARTYMI-26-D,electricity_datacenters,integrated_energy,Integrated energy,theme,market_conditioned,0.1,False,False,36,43,0.8571428571428571,11,0,0.8049999999999999,0.914,3.400000000000003,1.3,2026-07-09,2026-09-04,estimated,-0.0629830538279448,0.004120414681396596,-0.9859126854280863,0.015233490976850941,0.012917424678920082,-0.08926375194085731,-0.036702355715032275,-0.0939758242539045,-0.03199028340198509,2.6584366555037376e-05,0.00022930797596945767,0.44455385643057366,-0.11997005853037417,-0.0301001388512702,500.0,-0.06099988926433679,0.03148727225938507,2026-09-04,True,,,,pilot_observational,True
michigan_dem,Democratic Michigan governor,GOVPARTYMI-26-D,electricity_datacenters,homebuilders,Homebuilders,theme,raw,0.1,False,False,36,43,0.8571428571428571,11,0,0.8049999999999999,0.914,3.400000000000003,1.3,2026-07-09,2026-09-04,estimated,-0.0020599023233223886,0.0005718333148444074,,0.036484542689685144,0.03176282725187101,-0.06660973360634445,0.06248992895969968,-0.07620541387940293,0.07208560923275815,0.9486711691359678,0.9553061836544408,9.228563922958344e-05,-0.1261208849855377,0.05783483808808559,500.0,0.013408873505745487,7.509470548156136,2026-09-04,False,,,,pilot_observational,False
michigan_dem,Democratic Michigan governor,GOVPARTYMI-26-D,electricity_datacenters,homebuilders,Homebuilders,theme,market_conditioned,0.1,False,False,36,43,0.8571428571428571,11,0,0.8049999999999999,0.914,3.400000000000003,1.3,2026-07-09,2026-09-04,estimated,0.007180620231106306,-0.0012049012496789463,1.24813534713299,0.028137303012496145,0.023467146871171574,-0.040563649065782637,0.05492488952799525,-0.05006515317678445,0.06442639363899706,0.7615373490827011,0.8001530217785489,0.20038722158829403,-0.090901366950461,0.05812004034691387,500.0,0.01764779148207907,1.457697373498348,2026-09-04,True,,,,pilot_observational,False
michigan_dem,Democratic Michigan governor,GOVPARTYMI-26-D,electricity_datacenters,machinery_distribution,Machinery and distribution,theme,raw,0.1,False,False,36,43,0.8571428571428571,11,0,0.8049999999999999,0.914,3.400000000000003,1.3,2026-07-09,2026-09-04,estimated,-0.010243887757860939,0.0006333651165742298,,0.020861228725277535,0.017968730409313186,-0.046760741471597984,0.026272965955876103,-0.05263900529242728,0.0321512297767054,0.5723613628681773,0.626546504784924,0.005081138222508108,-0.05552016478102866,0.05334296652781255,500.0,-0.025585465810383,1.4976323848091035,2026-09-04,True,,,,pilot_observational,False
michigan_dem,Democratic Michigan governor,GOVPARTYMI-26-D,electricity_datacenters,machinery_distribution,Machinery and distribution,theme,market_conditioned,0.1,False,False,36,43,0.8571428571428571,11,0,0.8049999999999999,0.914,3.400000000000003,1.3,2026-07-09,2026-09-04,estimated,-0.004674817049824853,-0.0004374358431074291,0.7522252080918747,0.024634887791714563,0.02204041319337185,-0.0495163748538441,0.0401667407541944,-0.05479487311301608,0.045445239013366376,0.833332051687806,0.8506564444021294,0.16705050603791483,-0.050660016543435805,0.06220107342403137,500.0,-0.022907034591295332,3.900092206208063,2026-09-04,True,,,,pilot_observational,False
michigan_dem,Democratic Michigan governor,GOVPARTYMI-26-D,electricity_datacenters,managed_care,Managed care (UNH only),single_company_proxy,raw,0.1,False,False,36,43,0.8571428571428571,11,0,0.8049999999999999,0.914,3.400000000000003,1.3,2026-07-09,2026-09-04,estimated,0.0019509601785653707,-0.0020024577635398373,,0.019556152824133144,0.01699932779419537,-0.032595830393280255,0.036497750750411,-0.0377919240216574,0.04169384437878815,0.9093049853250567,0.9211192259753018,0.00017984086004851907,-0.01711167019191394,0.10686266765844978,500.0,0.013640301956287217,5.991583993435247,2026-09-04,True,,,,pilot_observational,False
michigan_dem,Democratic Michigan governor,GOVPARTYMI-26-D,electricity_datacenters,managed_care,Managed care (UNH only),single_company_proxy,market_conditioned,0.1,False,False,36,43,0.8571428571428571,11,0,0.8049999999999999,0.914,3.400000000000003,1.3,2026-07-09,2026-09-04,estimated,0.0033777043832663774,-0.002276787026662596,0.19271311364864308,0.019899842446162594,0.017509947551946285,-0.03224655176870393,0.03900196053523669,-0.03710882949028308,0.04386423825681584,0.8482180222821023,0.8662546387385599,0.010553209973356292,-0.017846557500105317,0.13103151002333385,500.0,0.014248137958114393,3.2182903953056616,2026-09-04,True,,,,pilot_observational,False
michigan_dem,Democratic Michigan governor,GOVPARTYMI-26-D,electricity_datacenters,hospitals,Hospitals (HCA only),single_company_proxy,raw,0.1,False,False,36,43,0.8571428571428571,11,0,0.8049999999999999,0.914,3.400000000000003,1.3,2026-07-09,2026-09-04,estimated,0.0461624935362585,0.0005400338949676242,,0.052884964885009815,0.0560122984759945,-0.06766819249584655,0.15999317956836354,-0.061312685976763044,0.15363767304928005,0.4155990253207215,0.3888489476950546,0.030822916246898147,-0.007111849580849473,0.2769508526858557,500.0,0.08422309300474601,0.824491845064493,2026-09-04,True,,,,pilot_observational,False
michigan_dem,Democratic Michigan governor,GOVPARTYMI-26-D,electricity_datacenters,hospitals,Hospitals (HCA only),single_company_proxy,market_conditioned,0.1,False,False,36,43,0.8571428571428571,11,0,0.8049999999999999,0.914,3.400000000000003,1.3,2026-07-09,2026-09-04,estimated,0.04876064640122274,4.047037224401786e-05,0.3509375588789092,0.05139847512220589,0.05479748733509974,-0.06272567984382406,0.16024697264626953,-0.0558103375004744,0.15333163030291988,0.37999655757774836,0.3496800925781024,0.04135369872787775,-0.003130267975597831,0.2770723702400509,500.0,0.08524584148767744,0.7482508493886534,2026-09-04,True,,,,pilot_observational,False
michigan_dem,Democratic Michigan governor,GOVPARTYMI-26-D,electricity_datacenters,generators_minus_regulated,Generators minus regulated utilities,relative_return_contrast,raw,0.1,False,False,36,43,0.8571428571428571,11,0,0.8049999999999999,0.914,3.400000000000003,1.3,2026-07-09,2026-09-04,estimated,0.05960554649811617,0.0011029147608026808,,0.04571541911567958,0.036900200464975184,-0.01538468328955278,0.13459577628578512,-0.03329936299088193,0.15251045598711427,0.1154850628345774,0.20104759160126642,0.052704491451348257,-0.02485953752678569,0.0850736457218286,500.0,0.02176742827772972,0.6348086787792865,2026-09-04,True,,,,pilot_observational,False
michigan_dem,Democratic Michigan governor,GOVPARTYMI-26-D,electricity_datacenters,generators_minus_regulated,Generators minus regulated utilities,relative_return_contrast,market_conditioned,0.1,False,False,36,43,0.8571428571428571,11,0,0.8049999999999999,0.914,3.400000000000003,1.3,2026-07-09,2026-09-04,estimated,0.06601435062105966,-0.0001293471308190426,0.865649633078784,0.051160576575548775,0.0436384430814055,-0.022768729384932074,0.1547974306270514,-0.038072625048222605,0.17010132629034191,0.13986040704024671,0.20590228665546348,0.11841946107454393,-0.024630295041366684,0.09351219920590097,500.0,0.02495097260593446,0.6220371423607598,2026-09-04,True,,,,pilot_observational,False
michigan_dem,Democratic Michigan governor,GOVPARTYMI-26-D,electricity_datacenters,equipment_minus_generators,Equipment minus generators,relative_return_contrast,raw,0.1,False,False,36,43,0.8571428571428571,11,0,0.8049999999999999,0.914,3.400000000000003,1.3,2026-07-09,2026-09-04,estimated,-0.005272115383846053,-0.0015835856950274167,,0.035860258977902786,0.03323472215511678,-0.07281319700228206,0.06226896623458996,-0.07814892979440041,0.06760469902670832,0.8748967319789263,0.8839858824156973,0.00029385785839730616,-0.04866468714892002,0.186978741334546,500.0,-0.005865087108091388,0.11247320687673514,2026-09-04,True,,,,pilot_observational,False
michigan_dem,Democratic Michigan governor,GOVPARTYMI-26-D,electricity_datacenters,equipment_minus_generators,Equipment minus generators,relative_return_contrast,market_conditioned,0.1,False,False,36,43,0.8571428571428571,11,0,0.8049999999999999,0.914,3.400000000000003,1.3,2026-07-09,2026-09-04,estimated,0.011016702769577443,-0.00471554128065093,2.2001623372008905,0.03383732394500809,0.033086570452807225,-0.05629843095679414,0.07833183649594903,-0.057825850421290306,0.0798592559604452,0.7412661467511937,0.7467988066919048,0.30283377417589585,-0.04427528282444149,0.24096035267945276,500.0,0.0017468631969196,0.841435025210669,2026-09-04,True,,,,pilot_observational,False
michigan_dem,Democratic Michigan governor,GOVPARTYMI-26-D,electricity_datacenters,hospitals_minus_managed_care,Hospitals minus managed care,relative_return_contrast,raw,0.1,False,False,36,43,0.8571428571428571,11,0,0.8049999999999999,0.914,3.400000000000003,1.3,2026-07-09,2026-09-04,estimated,0.04421153335769312,0.0025424916585074617,,0.049509548267164284,0.054623682925100996,-0.06679714634555539,0.15522021306094164,-0.05640397426705207,0.14482704098243832,0.42392261118003355,0.37813977499099866,0.02888187886566085,-0.024602345891625656,0.260016592951185,500.0,0.07058279104845876,0.5964791466834942,2026-09-04,True,,,,pilot_observational,False
michigan_dem,Democratic Michigan governor,GOVPARTYMI-26-D,electricity_datacenters,hospitals_minus_managed_care,Hospitals minus managed care,relative_return_contrast,market_conditioned,0.1,False,False,36,43,0.8571428571428571,11,0,0.8049999999999999,0.914,3.400000000000003,1.3,2026-07-09,2026-09-04,estimated,0.04538294201795637,0.0023172573989066153,0.15822444523026621,0.05039394223475584,0.05578706540428107,-0.06811669594686023,0.15888257998277297,-0.057144304357432674,0.1479101883933454,0.4217608417589414,0.37434596150891725,0.031068669395989068,-0.03893844704724936,0.25558797535349304,500.0,0.07099770352956303,0.5644138606411157,2026-09-04,True,,,,pilot_observational,False
michigan_dem,Democratic Michigan governor,GOVPARTYMI-26-D,electricity_datacenters,sector_technology,Technology sector,sector,raw,0.15,False,False,36,43,0.8571428571428571,11,0,0.8049999999999999,0.914,3.400000000000003,1.3,2026-07-09,2026-09-04,estimated,-0.0036343967856240665,0.0019125846098219565,,0.024539826640331115,0.017786248515709643,-0.039780402673035405,0.03251160910178728,-0.05350532473504565,0.04623653116379752,0.8393080681106314,0.8831371545279585,0.00034073531647893507,,,,-0.012779606874407946,2.516293797352549,2026-09-04,True,,,,pilot_observational,False
michigan_dem,Democratic Michigan governor,GOVPARTYMI-26-D,electricity_datacenters,sector_technology,Technology sector,sector,market_conditioned,0.15,False,False,36,43,0.8571428571428571,11,0,0.8049999999999999,0.914,3.400000000000003,1.3,2026-07-09,2026-09-04,estimated,0.011430524193778263,-0.0009840444128612752,2.034848166367569,0.02688909134764455,0.021998423860206975,-0.03332560566958735,0.056186654057143876,-0.04327574348751722,0.06613679187507375,0.6068059188771737,0.6735237954263822,0.631766389179462,,,,-0.0056964735461948815,1.498356282671229,2026-09-04,False,,,,pilot_observational,False
michigan_dem,Democratic Michigan governor,GOVPARTYMI-26-D,electricity_datacenters,sector_consumer_discretionary,Consumer discretionary sector,sector,raw,0.15,False,False,36,43,0.8571428571428571,11,0,0.8049999999999999,0.914,3.400000000000003,1.3,2026-07-09,2026-09-04,estimated,-0.014946015085029572,0.0012306031384961458,,0.02331048672358066,0.02210184571111644,-0.059862369677233324,0.029970339507174176,-0.06231862373854995,0.0324265935684908,0.5034666779495754,0.5257101557442228,0.011243413024550009,,,,-0.0013612815609022819,0.9089200998956714,2026-09-04,True,,,,pilot_observational,False
michigan_dem,Democratic Michigan governor,GOVPARTYMI-26-D,electricity_datacenters,sector_consumer_discretionary,Consumer discretionary sector,sector,market_conditioned,0.15,False,False,36,43,0.8571428571428571,11,0,0.8049999999999999,0.914,3.400000000000003,1.3,2026-07-09,2026-09-04,estimated,-0.006993955026177773,-0.0002983904744198421,1.0741002127872639,0.01610821790472222,0.013148668866991372,-0.03374512297716758,0.01975721292481203,-0.03976637076798245,0.025778460715626908,0.5983489267603018,0.6669794441780849,0.3545188048707112,,,,0.0022852094266976493,1.3267406521981207,2026-09-04,False,,,,pilot_observational,False
michigan_dem,Democratic Michigan governor,GOVPARTYMI-26-D,electricity_datacenters,sector_communications,Communication services sector,sector,raw,0.15,False,False,36,43,0.8571428571428571,11,0,0.8049999999999999,0.914,3.400000000000003,1.3,2026-07-09,2026-09-04,estimated,-0.008550883878592666,0.0010728005010990937,,0.026669937381938597,0.024336724564171693,-0.058009058748908236,0.040907290991722904,-0.06275071768688475,0.045648949929699416,0.7274884728500551,0.7504616223002306,0.003978041964949108,,,,0.005915931665721096,1.6918503104143148,2026-09-04,False,,,,pilot_observational,False
michigan_dem,Democratic Michigan governor,GOVPARTYMI-26-D,electricity_datacenters,sector_communications,Communication services sector,sector,market_conditioned,0.15,False,False,36,43,0.8571428571428571,11,0,0.8049999999999999,0.914,3.400000000000003,1.3,2026-07-09,2026-09-04,estimated,-0.0036844268525316973,0.00013709558246047308,0.6573218120245052,0.022538703090594855,0.01970780685615923,-0.0437802613805646,0.03641140767550121,-0.049539763075015605,0.042170909369952214,0.852842416678105,0.871144567734197,0.14294423637096887,,,,0.008116623877147105,3.2029542726760587,2026-09-04,False,,,,pilot_observational,False
michigan_dem,Democratic Michigan governor,GOVPARTYMI-26-D,electricity_datacenters,sector_industrials,Industrials sector,sector,raw,0.15,False,False,36,43,0.8571428571428571,11,0,0.8049999999999999,0.914,3.400000000000003,1.3,2026-07-09,2026-09-04,estimated,0.005005758387020465,-0.0006280442155769075,,0.014756587225825043,0.008530878833138748,-0.012331073281280502,0.02234259005532143,-0.024983234978930464,0.03499475175297139,0.5612269999827311,0.736528917965324,0.0024355836760540095,,,,0.0007062319574230999,0.858916091664691,2026-09-04,True,,,,pilot_observational,False
michigan_dem,Democratic Michigan governor,GOVPARTYMI-26-D,electricity_datacenters,sector_industrials,Industrials sector,sector,market_conditioned,0.15,False,False,36,43,0.8571428571428571,11,0,0.8049999999999999,0.914,3.400000000000003,1.3,2026-07-09,2026-09-04,estimated,0.011031609375140247,-0.0017866732506987813,0.813923408608958,0.012148599786691352,0.009628235948817569,-0.008557183950180743,0.030620402700461236,-0.01368490273347308,0.03574812148375357,0.2601371838548587,0.370432564966617,0.38309458120063977,,,,0.003542648115498057,0.6788638905687304,2026-09-04,True,,,,pilot_observational,False
michigan_dem,Democratic Michigan governor,GOVPARTYMI-26-D,electricity_datacenters,sector_utilities,Utilities sector,sector,raw,0.15,False,False,36,43,0.8571428571428571,11,0,0.8049999999999999,0.914,3.400000000000003,1.3,2026-07-09,2026-09-04,estimated,-0.0184503500667995,-0.0014515857181670855,,0.02187603379495623,0.012939012567082867,-0.044745587312246614,0.007844887178647612,-0.06290779963224816,0.02600709949864915,0.1630011340480898,0.4048969086669952,0.04558293674542957,,,,-0.031214310047984906,0.6918004230257683,2026-09-04,True,,,,pilot_observational,False
michigan_dem,Democratic Michigan governor,GOVPARTYMI-26-D,electricity_datacenters,sector_utilities,Utilities sector,sector,market_conditioned,0.15,False,False,36,43,0.8571428571428571,11,0,0.8049999999999999,0.914,3.400000000000003,1.3,2026-07-09,2026-09-04,estimated,-0.018525782342297105,-0.0014370818705364123,-0.010188784109195693,0.022619513854834922,0.01379404088862539,-0.04658996954384713,0.009538404859252916,-0.06454552930082601,0.027493964616231797,0.18842755568262862,0.4186520152155068,0.04566511246861138,,,,-0.031185518744116708,0.6833577210348386,2026-09-04,True,,,,pilot_observational,False
michigan_dem,Democratic Michigan governor,GOVPARTYMI-26-D,electricity_datacenters,sector_real_estate,Real estate sector,sector,raw,0.15,False,False,36,43,0.8571428571428571,11,0,0.8049999999999999,0.914,3.400000000000003,1.3,2026-07-09,2026-09-04,estimated,-0.009171751195291105,0.0010383270200000697,,0.015845961568667348,0.011430262469491814,-0.03240083933897623,0.01405733694839402,-0.04137461958807491,0.023031117197492696,0.4278894891469826,0.5665344894350356,0.012957839281043992,,,,-0.0017726116390345795,0.8067313862651813,2026-09-04,True,,,,pilot_observational,False
michigan_dem,Democratic Michigan governor,GOVPARTYMI-26-D,electricity_datacenters,sector_real_estate,Real estate sector,sector,market_conditioned,0.15,False,False,36,43,0.8571428571428571,11,0,0.8049999999999999,0.914,3.400000000000003,1.3,2026-07-09,2026-09-04,estimated,-0.009382916497570141,0.0010789291276381676,-0.028522507932862776,0.016458271727966756,0.011526134697466028,-0.03283301386002638,0.014067180864886094,-0.04286752209769647,0.02410168910255618,0.421448559620305,0.5724688905307135,0.01369865333434439,,,,-0.0019083693554207452,0.7966123479927645,2026-09-04,True,,,,pilot_observational,False
michigan_dem,Democratic Michigan governor,GOVPARTYMI-26-D,electricity_datacenters,sector_energy,Energy sector,sector,raw,0.15,False,False,36,43,0.8571428571428571,11,0,0.8049999999999999,0.914,3.400000000000003,1.3,2026-07-09,2026-09-04,estimated,-0.0463674789361822,0.002058557157637306,,0.020582883204778576,0.017751116802257178,-0.08244208859182685,-0.010292869280537548,-0.08819693031502135,-0.004538027557343047,0.013300245650253013,0.0308424965190789,0.14444891338789256,,,,-0.053606752165012164,0.15612824753301183,2026-09-04,True,,,,pilot_observational,False
michigan_dem,Democratic Michigan governor,GOVPARTYMI-26-D,electricity_datacenters,sector_energy,Energy sector,sector,market_conditioned,0.15,False,False,36,43,0.8571428571428571,11,0,0.8049999999999999,0.914,3.400000000000003,1.3,2026-07-09,2026-09-04,estimated,-0.051733482374121384,0.003090313070290574,-0.7247965171102942,0.014718752358582977,0.013532961931189356,-0.07926650044292567,-0.0242004643053171,-0.08167900920702698,-0.02178795554121579,0.0005547900415431218,0.001301777574910526,0.35310220588961994,,,,-0.05607705242545894,0.08396051941615164,2026-09-04,True,,,,pilot_observational,False
michigan_dem,Democratic Michigan governor,GOVPARTYMI-26-D,electricity_datacenters,sector_financials,Financials sector,sector,raw,0.15,False,False,36,43,0.8571428571428571,11,0,0.8049999999999999,0.914,3.400000000000003,1.3,2026-07-09,2026-09-04,estimated,-0.007720625427306362,0.001958779999475,,0.01719368330295891,0.015158084291730874,-0.03852555900095159,0.023084308146338866,-0.04266239391469234,0.027221143060079615,0.6138036744072849,0.6562531367450832,0.010906792786530284,,,,0.002604876092107064,1.3373918494859394,2026-09-04,False,,,,pilot_observational,False
michigan_dem,Democratic Michigan governor,GOVPARTYMI-26-D,electricity_datacenters,sector_financials,Financials sector,sector,market_conditioned,0.15,False,False,36,43,0.8571428571428571,11,0,0.8049999999999999,0.914,3.400000000000003,1.3,2026-07-09,2026-09-04,estimated,-0.004070221457939344,0.001256893405005385,0.49306716136934287,0.014509624529902135,0.012107333318315395,-0.028702776305370076,0.020562333389491386,-0.0335902745242714,0.025449831608392714,0.7388648168411864,0.7808307314480405,0.27387908329513966,,,,0.004258289006681701,2.046205728775645,2026-09-04,False,,,,pilot_observational,False
michigan_dem,Democratic Michigan governor,GOVPARTYMI-26-D,electricity_datacenters,sector_healthcare,Healthcare sector,sector,raw,0.15,False,False,36,43,0.8571428571428571,11,0,0.8049999999999999,0.914,3.400000000000003,1.3,2026-07-09,2026-09-04,estimated,-0.0043673292392961026,0.0011124568825774473,,0.019092176919806397,0.01379783222618104,-0.0324078980214396,0.02367323954284739,-0.04316730095549512,0.03443264247690292,0.7535409168618867,0.8204338336518129,0.0013229413534295853,,,,0.010102258273149098,3.313143278104976,2026-09-04,False,,,,pilot_observational,False
michigan_dem,Democratic Michigan governor,GOVPARTYMI-26-D,electricity_datacenters,sector_healthcare,Healthcare sector,sector,market_conditioned,0.15,False,False,36,43,0.8571428571428571,11,0,0.8049999999999999,0.914,3.400000000000003,1.3,2026-07-09,2026-09-04,estimated,-0.005660215055550849,0.0013610483344343415,-0.17463260086963886,0.020107293597284612,0.014713389945395762,-0.03559483197679581,0.024274401865694115,-0.04656881146953153,0.03524838135842983,0.7029291787086419,0.780084188554164,0.013827406031441614,,,,0.009425730261605033,2.6652600950844483,2026-09-04,False,,,,pilot_observational,False
michigan_dem,Democratic Michigan governor,GOVPARTYMI-26-D,electricity_datacenters,sector_staples,Consumer staples sector,sector,raw,0.15,False,False,36,43,0.8571428571428571,11,0,0.8049999999999999,0.914,3.400000000000003,1.3,2026-07-09,2026-09-04,estimated,-0.006654856749760346,0.0006338508761241125,,0.01490778853610675,0.010724654080789603,-0.028449976119776878,0.015140262620256188,-0.036951128148332915,0.023641414648812226,0.5390533187776573,0.658137671686871,0.0034500926023794953,,,,0.0024609998290691,1.3698050794493397,2026-09-04,False,,,,pilot_observational,False
michigan_dem,Democratic Michigan governor,GOVPARTYMI-26-D,electricity_datacenters,sector_staples,Consumer staples sector,sector,market_conditioned,0.15,False,False,36,43,0.8571428571428571,11,0,0.8049999999999999,0.914,3.400000000000003,1.3,2026-07-09,2026-09-04,estimated,-0.00842202749542142,0.0009736361346672816,-0.23869518840380302,0.0161905239232391,0.01200528300613471,-0.03284695942161107,0.016002904430768225,-0.041361896090970844,0.02451784110012801,0.4878925596650139,0.6064088595191051,0.02968903900839115,,,,0.0015897756128531795,1.1887640017463077,2026-09-04,False,,,,pilot_observational,False
michigan_dem,Democratic Michigan governor,GOVPARTYMI-26-D,electricity_datacenters,cloud_platforms,Cloud platforms,theme,raw,0.15,False,False,36,43,0.8571428571428571,11,0,0.8049999999999999,0.914,3.400000000000003,1.3,2026-07-09,2026-09-04,estimated,-0.009517729560127083,0.004210765143635864,,0.03843504612333761,0.03733639496326152,-0.08539441322193303,0.06635895410167886,-0.08762714100965321,0.06859168188939904,0.8003218927716957,0.8059088971653064,0.0015528696794004926,,,,0.0076984966705936735,1.8088585226087135,2026-09-04,False,,,,pilot_observational,False
michigan_dem,Democratic Michigan governor,GOVPARTYMI-26-D,electricity_datacenters,cloud_platforms,Cloud platforms,theme,market_conditioned,0.15,False,False,36,43,0.8571428571428571,11,0,0.8049999999999999,0.914,3.400000000000003,1.3,2026-07-09,2026-09-04,estimated,0.0032365447602579166,0.001758418980638845,1.722744629704257,0.029616085538780923,0.026576736633864975,-0.050834232477622615,0.05730732199813844,-0.05701783431896,0.06349092383947584,0.9038109385714725,0.913639609867757,0.3023099311932723,,,,0.013570023487814699,3.1927501372585123,2026-09-04,True,,,,pilot_observational,False
michigan_dem,Democratic Michigan governor,GOVPARTYMI-26-D,electricity_datacenters,electrical_equipment,Electrical equipment,theme,raw,0.15,False,False,36,43,0.8571428571428571,11,0,0.8049999999999999,0.914,3.400000000000003,1.3,2026-07-09,2026-09-04,estimated,0.021433049911193686,-0.0015877331660315045,,0.0606002521096376,0.04216552559471605,-0.06425760796116374,0.10712370778355111,-0.10172147970188682,0.1445875795242742,0.6145201491311589,0.7257631050254956,0.0035510161747328572,,,,-0.026465022065586406,2.23477629993129,2026-09-04,False,,,,pilot_observational,False
michigan_dem,Democratic Michigan governor,GOVPARTYMI-26-D,electricity_datacenters,electrical_equipment,Electrical equipment,theme,market_conditioned,0.15,False,False,36,43,0.8571428571428571,11,0,0.8049999999999999,0.914,3.400000000000003,1.3,2026-07-09,2026-09-04,estimated,0.04256065603578688,-0.0056500735635677014,2.853746836186212,0.07124016805281788,0.060221753835447575,-0.07996142338165957,0.16508273545323335,-0.10237855566053275,0.1874998677321065,0.4846935736702251,0.5543013252027313,0.3757038411913992,,,,-0.016355437914156244,1.3842853808551228,2026-09-04,False,,,,pilot_observational,False
michigan_dem,Democratic Michigan governor,GOVPARTYMI-26-D,electricity_datacenters,regulated_utilities,Regulated utilities,theme,raw,0.15,False,False,36,43,0.8571428571428571,11,0,0.8049999999999999,0.914,3.400000000000003,1.3,2026-07-09,2026-09-04,estimated,-0.03290038120307644,-0.0011070622318067702,,0.01621072014436953,0.011387648984529914,-0.05604286832592485,-0.009757894080228025,-0.06584452820855755,4.376580240467859e-05,0.00667885544171499,0.050288324719376526,0.10663854445602883,,,,-0.04236736323522475,0.2877468797006849,2026-09-04,True,,,,pilot_observational,False
michigan_dem,Democratic Michigan governor,GOVPARTYMI-26-D,electricity_datacenters,regulated_utilities,Regulated utilities,theme,market_conditioned,0.15,False,False,36,43,0.8571428571428571,11,0,0.8049999999999999,0.914,3.400000000000003,1.3,2026-07-09,2026-09-04,estimated,-0.03447039735485022,-0.0008051851520977313,-0.2120651340934624,0.01686177489505136,0.011985249399117243,-0.058854570601099734,-0.0100862241086007,-0.06877593632097942,-0.00016485838872101755,0.0070027850713651005,0.048970850859064205,0.13282981856438625,,,,-0.043053273717010315,0.24899267257655874,2026-09-04,True,,,,pilot_observational,False
michigan_dem,Democratic Michigan governor,GOVPARTYMI-26-D,electricity_datacenters,power_generators,Power generators,theme,raw,0.15,False,False,36,43,0.8571428571428571,11,0,0.8049999999999999,0.914,3.400000000000003,1.3,2026-07-09,2026-09-04,estimated,0.026705165295039735,-4.147471004088514e-06,,0.052064189783127296,0.03884573538889834,-0.052238867159457913,0.10564919774953738,-0.07910199852379637,0.13251232911387584,0.49645160174101144,0.6113186386813938,0.012123057456193909,,,,-0.02059993495749502,1.7713839150556125,2026-09-04,False,,,,pilot_observational,False
michigan_dem,Democratic Michigan governor,GOVPARTYMI-26-D,electricity_datacenters,power_generators,Power generators,theme,market_conditioned,0.15,False,False,36,43,0.8571428571428571,11,0,0.8049999999999999,0.914,3.400000000000003,1.3,2026-07-09,2026-09-04,estimated,0.03154395326620944,-0.000934532282916773,0.6535844989853216,0.05558055974038581,0.04415395203591894,-0.058287937593711994,0.12137584412613088,-0.08153554576640232,0.1446234522988212,0.479998040083735,0.5741913655726949,0.055050087641445034,,,,-0.018102301111075858,1.5738754733214568,2026-09-04,False,,,,pilot_observational,False
michigan_dem,Democratic Michigan governor,GOVPARTYMI-26-D,electricity_datacenters,data_center_reits,Data-center REITs,theme,raw,0.15,False,False,36,43,0.8571428571428571,11,0,0.8049999999999999,0.914,3.400000000000003,1.3,2026-07-09,2026-09-04,estimated,-0.010758844385930793,0.002213287635508376,,0.026667558693526165,0.02491249925045219,-0.06138713420104404,0.03986944542918246,-0.06495384411775734,0.043436155345895754,0.6685657805104606,0.689148343914544,0.0025505467257572745,,,,-0.011782064974690996,0.09510506445267083,2026-09-04,True,,,,pilot_observational,False
michigan_dem,Democratic Michigan governor,GOVPARTYMI-26-D,electricity_datacenters,data_center_reits,Data-center REITs,theme,market_conditioned,0.15,False,False,36,43,0.8571428571428571,11,0,0.8049999999999999,0.914,3.400000000000003,1.3,2026-07-09,2026-09-04,estimated,-0.003777228631071739,0.0008708875758998643,0.9430204138794945,0.023865572000380243,0.025615441994101183,-0.055892237218996776,0.0483377799568533,-0.052332099948223944,0.04477764268608047,0.8836669743445813,0.875207808548137,0.11838825440132417,,,,-0.008515618528385324,1.254462030266124,2026-09-04,True,,,,pilot_observational,False
michigan_dem,Democratic Michigan governor,GOVPARTYMI-26-D,electricity_datacenters,integrated_energy,Integrated energy,theme,raw,0.15,False,False,36,43,0.8571428571428571,11,0,0.8049999999999999,0.914,3.400000000000003,1.3,2026-07-09,2026-09-04,estimated,-0.05568388677260709,0.002716956995636914,,0.02214683506615801,0.01759226533000077,-0.09143567139596162,-0.01993210214925257,-0.10069167073457182,-0.010676102810642366,0.0032610756985364865,0.01682440438398824,0.15580857042753005,,,,-0.05759984929901028,0.034407844664782326,2026-09-04,True,,,,pilot_observational,False
michigan_dem,Democratic Michigan governor,GOVPARTYMI-26-D,electricity_datacenters,integrated_energy,Integrated energy,theme,market_conditioned,0.15,False,False,36,43,0.8571428571428571,11,0,0.8049999999999999,0.914,3.400000000000003,1.3,2026-07-09,2026-09-04,estimated,-0.0629830538279448,0.004120414681396596,-0.9859126854280863,0.015233490976850941,0.012917424678920082,-0.08926375194085731,-0.036702355715032275,-0.0939758242539045,-0.03199028340198509,2.6584366555037376e-05,0.00022930797596945767,0.44455385643057366,,,,-0.06099988926433679,0.03148727225938507,2026-09-04,True,,,,pilot_observational,False
michigan_dem,Democratic Michigan governor,GOVPARTYMI-26-D,electricity_datacenters,homebuilders,Homebuilders,theme,raw,0.15,False,False,36,43,0.8571428571428571,11,0,0.8049999999999999,0.914,3.400000000000003,1.3,2026-07-09,2026-09-04,estimated,-0.0020599023233223886,0.0005718333148444074,,0.036484542689685144,0.03176282725187101,-0.06660973360634445,0.06248992895969968,-0.07620541387940293,0.07208560923275815,0.9486711691359678,0.9553061836544408,9.228563922958344e-05,,,,0.013408873505745487,7.509470548156136,2026-09-04,False,,,,pilot_observational,False
michigan_dem,Democratic Michigan governor,GOVPARTYMI-26-D,electricity_datacenters,homebuilders,Homebuilders,theme,market_conditioned,0.15,False,False,36,43,0.8571428571428571,11,0,0.8049999999999999,0.914,3.400000000000003,1.3,2026-07-09,2026-09-04,estimated,0.007180620231106306,-0.0012049012496789463,1.24813534713299,0.028137303012496145,0.023467146871171574,-0.040563649065782637,0.05492488952799525,-0.05006515317678445,0.06442639363899706,0.7615373490827011,0.8001530217785489,0.20038722158829403,,,,0.01764779148207907,1.457697373498348,2026-09-04,True,,,,pilot_observational,False
michigan_dem,Democratic Michigan governor,GOVPARTYMI-26-D,electricity_datacenters,machinery_distribution,Machinery and distribution,theme,raw,0.15,False,False,36,43,0.8571428571428571,11,0,0.8049999999999999,0.914,3.400000000000003,1.3,2026-07-09,2026-09-04,estimated,-0.010243887757860939,0.0006333651165742298,,0.020861228725277535,0.017968730409313186,-0.046760741471597984,0.026272965955876103,-0.05263900529242728,0.0321512297767054,0.5723613628681773,0.626546504784924,0.005081138222508108,,,,-0.025585465810383,1.4976323848091035,2026-09-04,True,,,,pilot_observational,False
michigan_dem,Democratic Michigan governor,GOVPARTYMI-26-D,electricity_datacenters,machinery_distribution,Machinery and distribution,theme,market_conditioned,0.15,False,False,36,43,0.8571428571428571,11,0,0.8049999999999999,0.914,3.400000000000003,1.3,2026-07-09,2026-09-04,estimated,-0.004674817049824853,-0.0004374358431074291,0.7522252080918747,0.024634887791714563,0.02204041319337185,-0.0495163748538441,0.0401667407541944,-0.05479487311301608,0.045445239013366376,0.833332051687806,0.8506564444021294,0.16705050603791483,,,,-0.022907034591295332,3.900092206208063,2026-09-04,True,,,,pilot_observational,False
michigan_dem,Democratic Michigan governor,GOVPARTYMI-26-D,electricity_datacenters,managed_care,Managed care (UNH only),single_company_proxy,raw,0.15,False,False,36,43,0.8571428571428571,11,0,0.8049999999999999,0.914,3.400000000000003,1.3,2026-07-09,2026-09-04,estimated,0.0019509601785653707,-0.0020024577635398373,,0.019556152824133144,0.01699932779419537,-0.032595830393280255,0.036497750750411,-0.0377919240216574,0.04169384437878815,0.9093049853250567,0.9211192259753018,0.00017984086004851907,,,,0.013640301956287217,5.991583993435247,2026-09-04,True,,,,pilot_observational,False
michigan_dem,Democratic Michigan governor,GOVPARTYMI-26-D,electricity_datacenters,managed_care,Managed care (UNH only),single_company_proxy,market_conditioned,0.15,False,False,36,43,0.8571428571428571,11,0,0.8049999999999999,0.914,3.400000000000003,1.3,2026-07-09,2026-09-04,estimated,0.0033777043832663774,-0.002276787026662596,0.19271311364864308,0.019899842446162594,0.017509947551946285,-0.03224655176870393,0.03900196053523669,-0.03710882949028308,0.04386423825681584,0.8482180222821023,0.8662546387385599,0.010553209973356292,,,,0.014248137958114393,3.2182903953056616,2026-09-04,True,,,,pilot_observational,False
michigan_dem,Democratic Michigan governor,GOVPARTYMI-26-D,electricity_datacenters,hospitals,Hospitals (HCA only),single_company_proxy,raw,0.15,False,False,36,43,0.8571428571428571,11,0,0.8049999999999999,0.914,3.400000000000003,1.3,2026-07-09,2026-09-04,estimated,0.0461624935362585,0.0005400338949676242,,0.052884964885009815,0.0560122984759945,-0.06766819249584655,0.15999317956836354,-0.061312685976763044,0.15363767304928005,0.4155990253207215,0.3888489476950546,0.030822916246898147,,,,0.08422309300474601,0.824491845064493,2026-09-04,True,,,,pilot_observational,False
michigan_dem,Democratic Michigan governor,GOVPARTYMI-26-D,electricity_datacenters,hospitals,Hospitals (HCA only),single_company_proxy,market_conditioned,0.15,False,False,36,43,0.8571428571428571,11,0,0.8049999999999999,0.914,3.400000000000003,1.3,2026-07-09,2026-09-04,estimated,0.04876064640122274,4.047037224401786e-05,0.3509375588789092,0.05139847512220589,0.05479748733509974,-0.06272567984382406,0.16024697264626953,-0.0558103375004744,0.15333163030291988,0.37999655757774836,0.3496800925781024,0.04135369872787775,,,,0.08524584148767744,0.7482508493886534,2026-09-04,True,,,,pilot_observational,False
michigan_dem,Democratic Michigan governor,GOVPARTYMI-26-D,electricity_datacenters,generators_minus_regulated,Generators minus regulated utilities,relative_return_contrast,raw,0.15,False,False,36,43,0.8571428571428571,11,0,0.8049999999999999,0.914,3.400000000000003,1.3,2026-07-09,2026-09-04,estimated,0.05960554649811617,0.0011029147608026808,,0.04571541911567958,0.036900200464975184,-0.01538468328955278,0.13459577628578512,-0.03329936299088193,0.15251045598711427,0.1154850628345774,0.20104759160126642,0.052704491451348257,,,,0.02176742827772972,0.6348086787792865,2026-09-04,True,,,,pilot_observational,False
michigan_dem,Democratic Michigan governor,GOVPARTYMI-26-D,electricity_datacenters,generators_minus_regulated,Generators minus regulated utilities,relative_return_contrast,market_conditioned,0.15,False,False,36,43,0.8571428571428571,11,0,0.8049999999999999,0.914,3.400000000000003,1.3,2026-07-09,2026-09-04,estimated,0.06601435062105966,-0.0001293471308190426,0.865649633078784,0.051160576575548775,0.0436384430814055,-0.022768729384932074,0.1547974306270514,-0.038072625048222605,0.17010132629034191,0.13986040704024671,0.20590228665546348,0.11841946107454393,,,,0.02495097260593446,0.6220371423607598,2026-09-04,True,,,,pilot_observational,False
michigan_dem,Democratic Michigan governor,GOVPARTYMI-26-D,electricity_datacenters,equipment_minus_generators,Equipment minus generators,relative_return_contrast,raw,0.15,False,False,36,43,0.8571428571428571,11,0,0.8049999999999999,0.914,3.400000000000003,1.3,2026-07-09,2026-09-04,estimated,-0.005272115383846053,-0.0015835856950274167,,0.035860258977902786,0.03323472215511678,-0.07281319700228206,0.06226896623458996,-0.07814892979440041,0.06760469902670832,0.8748967319789263,0.8839858824156973,0.00029385785839730616,,,,-0.005865087108091388,0.11247320687673514,2026-09-04,True,,,,pilot_observational,False
michigan_dem,Democratic Michigan governor,GOVPARTYMI-26-D,electricity_datacenters,equipment_minus_generators,Equipment minus generators,relative_return_contrast,market_conditioned,0.15,False,False,36,43,0.8571428571428571,11,0,0.8049999999999999,0.914,3.400000000000003,1.3,2026-07-09,2026-09-04,estimated,0.011016702769577443,-0.00471554128065093,2.2001623372008905,0.03383732394500809,0.033086570452807225,-0.05629843095679414,0.07833183649594903,-0.057825850421290306,0.0798592559604452,0.7412661467511937,0.7467988066919048,0.30283377417589585,,,,0.0017468631969196,0.841435025210669,2026-09-04,True,,,,pilot_observational,False
michigan_dem,Democratic Michigan governor,GOVPARTYMI-26-D,electricity_datacenters,hospitals_minus_managed_care,Hospitals minus managed care,relative_return_contrast,raw,0.15,False,False,36,43,0.8571428571428571,11,0,0.8049999999999999,0.914,3.400000000000003,1.3,2026-07-09,2026-09-04,estimated,0.04421153335769312,0.0025424916585074617,,0.049509548267164284,0.054623682925100996,-0.06679714634555539,0.15522021306094164,-0.05640397426705207,0.14482704098243832,0.42392261118003355,0.37813977499099866,0.02888187886566085,,,,0.07058279104845876,0.5964791466834942,2026-09-04,True,,,,pilot_observational,False
michigan_dem,Democratic Michigan governor,GOVPARTYMI-26-D,electricity_datacenters,hospitals_minus_managed_care,Hospitals minus managed care,relative_return_contrast,market_conditioned,0.15,False,False,36,43,0.8571428571428571,11,0,0.8049999999999999,0.914,3.400000000000003,1.3,2026-07-09,2026-09-04,estimated,0.04538294201795637,0.0023172573989066153,0.15822444523026621,0.05039394223475584,0.05578706540428107,-0.06811669594686023,0.15888257998277297,-0.057144304357432674,0.1479101883933454,0.4217608417589414,0.37434596150891725,0.031068669395989068,,,,0.07099770352956303,0.5644138606411157,2026-09-04,True,,,,pilot_observational,False
pennsylvania_dem,Democratic Pennsylvania governor,GOVPARTYPA-26-D,electricity_datacenters,sector_technology,Technology sector,sector,raw,0.05,False,False,35,43,0.8333333333333334,2,0,0.9225,0.972,2.100000000000002,2.09999999999999,2026-07-16,2026-09-04,insufficient_probability_variation,,,,,,,,,,,,,,,,,,,,,,,insufficient_evidence,False
pennsylvania_dem,Democratic Pennsylvania governor,GOVPARTYPA-26-D,electricity_datacenters,sector_technology,Technology sector,sector,market_conditioned,0.05,False,False,35,43,0.8333333333333334,2,0,0.9225,0.972,2.100000000000002,2.09999999999999,2026-07-16,2026-09-04,insufficient_probability_variation,,,,,,,,,,,,,,,,,,,,,,,insufficient_evidence,False
pennsylvania_dem,Democratic Pennsylvania governor,GOVPARTYPA-26-D,electricity_datacenters,sector_consumer_discretionary,Consumer discretionary sector,sector,raw,0.05,False,False,35,43,0.8333333333333334,2,0,0.9225,0.972,2.100000000000002,2.09999999999999,2026-07-16,2026-09-04,insufficient_probability_variation,,,,,,,,,,,,,,,,,,,,,,,insufficient_evidence,False
pennsylvania_dem,Democratic Pennsylvania governor,GOVPARTYPA-26-D,electricity_datacenters,sector_consumer_discretionary,Consumer discretionary sector,sector,market_conditioned,0.05,False,False,35,43,0.8333333333333334,2,0,0.9225,0.972,2.100000000000002,2.09999999999999,2026-07-16,2026-09-04,insufficient_probability_variation,,,,,,,,,,,,,,,,,,,,,,,insufficient_evidence,False
pennsylvania_dem,Democratic Pennsylvania governor,GOVPARTYPA-26-D,electricity_datacenters,sector_communications,Communication services sector,sector,raw,0.05,False,False,35,43,0.8333333333333334,2,0,0.9225,0.972,2.100000000000002,2.09999999999999,2026-07-16,2026-09-04,insufficient_probability_variation,,,,,,,,,,,,,,,,,,,,,,,insufficient_evidence,False
pennsylvania_dem,Democratic Pennsylvania governor,GOVPARTYPA-26-D,electricity_datacenters,sector_communications,Communication services sector,sector,market_conditioned,0.05,False,False,35,43,0.8333333333333334,2,0,0.9225,0.972,2.100000000000002,2.09999999999999,2026-07-16,2026-09-04,insufficient_probability_variation,,,,,,,,,,,,,,,,,,,,,,,insufficient_evidence,False
pennsylvania_dem,Democratic Pennsylvania governor,GOVPARTYPA-26-D,electricity_datacenters,sector_industrials,Industrials sector,sector,raw,0.05,False,False,35,43,0.8333333333333334,2,0,0.9225,0.972,2.100000000000002,2.09999999999999,2026-07-16,2026-09-04,insufficient_probability_variation,,,,,,,,,,,,,,,,,,,,,,,insufficient_evidence,False
pennsylvania_dem,Democratic Pennsylvania governor,GOVPARTYPA-26-D,electricity_datacenters,sector_industrials,Industrials sector,sector,market_conditioned,0.05,False,False,35,43,0.8333333333333334,2,0,0.9225,0.972,2.100000000000002,2.09999999999999,2026-07-16,2026-09-04,insufficient_probability_variation,,,,,,,,,,,,,,,,,,,,,,,insufficient_evidence,False
pennsylvania_dem,Democratic Pennsylvania governor,GOVPARTYPA-26-D,electricity_datacenters,sector_utilities,Utilities sector,sector,raw,0.05,False,False,35,43,0.8333333333333334,2,0,0.9225,0.972,2.100000000000002,2.09999999999999,2026-07-16,2026-09-04,insufficient_probability_variation,,,,,,,,,,,,,,,,,,,,,,,insufficient_evidence,False
pennsylvania_dem,Democratic Pennsylvania governor,GOVPARTYPA-26-D,electricity_datacenters,sector_utilities,Utilities sector,sector,market_conditioned,0.05,False,False,35,43,0.8333333333333334,2,0,0.9225,0.972,2.100000000000002,2.09999999999999,2026-07-16,2026-09-04,insufficient_probability_variation,,,,,,,,,,,,,,,,,,,,,,,insufficient_evidence,False
pennsylvania_dem,Democratic Pennsylvania governor,GOVPARTYPA-26-D,electricity_datacenters,sector_real_estate,Real estate sector,sector,raw,0.05,False,False,35,43,0.8333333333333334,2,0,0.9225,0.972,2.100000000000002,2.09999999999999,2026-07-16,2026-09-04,insufficient_probability_variation,,,,,,,,,,,,,,,,,,,,,,,insufficient_evidence,False
pennsylvania_dem,Democratic Pennsylvania governor,GOVPARTYPA-26-D,electricity_datacenters,sector_real_estate,Real estate sector,sector,market_conditioned,0.05,False,False,35,43,0.8333333333333334,2,0,0.9225,0.972,2.100000000000002,2.09999999999999,2026-07-16,2026-09-04,insufficient_probability_variation,,,,,,,,,,,,,,,,,,,,,,,insufficient_evidence,False
pennsylvania_dem,Democratic Pennsylvania governor,GOVPARTYPA-26-D,electricity_datacenters,sector_energy,Energy sector,sector,raw,0.05,False,False,35,43,0.8333333333333334,2,0,0.9225,0.972,2.100000000000002,2.09999999999999,2026-07-16,2026-09-04,insufficient_probability_variation,,,,,,,,,,,,,,,,,,,,,,,insufficient_evidence,False
pennsylvania_dem,Democratic Pennsylvania governor,GOVPARTYPA-26-D,electricity_datacenters,sector_energy,Energy sector,sector,market_conditioned,0.05,False,False,35,43,0.8333333333333334,2,0,0.9225,0.972,2.100000000000002,2.09999999999999,2026-07-16,2026-09-04,insufficient_probability_variation,,,,,,,,,,,,,,,,,,,,,,,insufficient_evidence,False
pennsylvania_dem,Democratic Pennsylvania governor,GOVPARTYPA-26-D,electricity_datacenters,sector_financials,Financials sector,sector,raw,0.05,False,False,35,43,0.8333333333333334,2,0,0.9225,0.972,2.100000000000002,2.09999999999999,2026-07-16,2026-09-04,insufficient_probability_variation,,,,,,,,,,,,,,,,,,,,,,,insufficient_evidence,False
pennsylvania_dem,Democratic Pennsylvania governor,GOVPARTYPA-26-D,electricity_datacenters,sector_financials,Financials sector,sector,market_conditioned,0.05,False,False,35,43,0.8333333333333334,2,0,0.9225,0.972,2.100000000000002,2.09999999999999,2026-07-16,2026-09-04,insufficient_probability_variation,,,,,,,,,,,,,,,,,,,,,,,insufficient_evidence,False
pennsylvania_dem,Democratic Pennsylvania governor,GOVPARTYPA-26-D,electricity_datacenters,sector_healthcare,Healthcare sector,sector,raw,0.05,False,False,35,43,0.8333333333333334,2,0,0.9225,0.972,2.100000000000002,2.09999999999999,2026-07-16,2026-09-04,insufficient_probability_variation,,,,,,,,,,,,,,,,,,,,,,,insufficient_evidence,False
pennsylvania_dem,Democratic Pennsylvania governor,GOVPARTYPA-26-D,electricity_datacenters,sector_healthcare,Healthcare sector,sector,market_conditioned,0.05,False,False,35,43,0.8333333333333334,2,0,0.9225,0.972,2.100000000000002,2.09999999999999,2026-07-16,2026-09-04,insufficient_probability_variation,,,,,,,,,,,,,,,,,,,,,,,insufficient_evidence,False
pennsylvania_dem,Democratic Pennsylvania governor,GOVPARTYPA-26-D,electricity_datacenters,sector_staples,Consumer staples sector,sector,raw,0.05,False,False,35,43,0.8333333333333334,2,0,0.9225,0.972,2.100000000000002,2.09999999999999,2026-07-16,2026-09-04,insufficient_probability_variation,,,,,,,,,,,,,,,,,,,,,,,insufficient_evidence,False
pennsylvania_dem,Democratic Pennsylvania governor,GOVPARTYPA-26-D,electricity_datacenters,sector_staples,Consumer staples sector,sector,market_conditioned,0.05,False,False,35,43,0.8333333333333334,2,0,0.9225,0.972,2.100000000000002,2.09999999999999,2026-07-16,2026-09-04,insufficient_probability_variation,,,,,,,,,,,,,,,,,,,,,,,insufficient_evidence,False
pennsylvania_dem,Democratic Pennsylvania governor,GOVPARTYPA-26-D,electricity_datacenters,cloud_platforms,Cloud platforms,theme,raw,0.05,False,False,35,43,0.8333333333333334,2,0,0.9225,0.972,2.100000000000002,2.09999999999999,2026-07-16,2026-09-04,insufficient_probability_variation,,,,,,,,,,,,,,,,,,,,,,,insufficient_evidence,False
pennsylvania_dem,Democratic Pennsylvania governor,GOVPARTYPA-26-D,electricity_datacenters,cloud_platforms,Cloud platforms,theme,market_conditioned,0.05,False,False,35,43,0.8333333333333334,2,0,0.9225,0.972,2.100000000000002,2.09999999999999,2026-07-16,2026-09-04,insufficient_probability_variation,,,,,,,,,,,,,,,,,,,,,,,insufficient_evidence,False
pennsylvania_dem,Democratic Pennsylvania governor,GOVPARTYPA-26-D,electricity_datacenters,electrical_equipment,Electrical equipment,theme,raw,0.05,False,False,35,43,0.8333333333333334,2,0,0.9225,0.972,2.100000000000002,2.09999999999999,2026-07-16,2026-09-04,insufficient_probability_variation,,,,,,,,,,,,,,,,,,,,,,,insufficient_evidence,False
pennsylvania_dem,Democratic Pennsylvania governor,GOVPARTYPA-26-D,electricity_datacenters,electrical_equipment,Electrical equipment,theme,market_conditioned,0.05,False,False,35,43,0.8333333333333334,2,0,0.9225,0.972,2.100000000000002,2.09999999999999,2026-07-16,2026-09-04,insufficient_probability_variation,,,,,,,,,,,,,,,,,,,,,,,insufficient_evidence,False
pennsylvania_dem,Democratic Pennsylvania governor,GOVPARTYPA-26-D,electricity_datacenters,regulated_utilities,Regulated utilities,theme,raw,0.05,False,False,35,43,0.8333333333333334,2,0,0.9225,0.972,2.100000000000002,2.09999999999999,2026-07-16,2026-09-04,insufficient_probability_variation,,,,,,,,,,,,,,,,,,,,,,,insufficient_evidence,False
pennsylvania_dem,Democratic Pennsylvania governor,GOVPARTYPA-26-D,electricity_datacenters,regulated_utilities,Regulated utilities,theme,market_conditioned,0.05,False,False,35,43,0.8333333333333334,2,0,0.9225,0.972,2.100000000000002,2.09999999999999,2026-07-16,2026-09-04,insufficient_probability_variation,,,,,,,,,,,,,,,,,,,,,,,insufficient_evidence,False
pennsylvania_dem,Democratic Pennsylvania governor,GOVPARTYPA-26-D,electricity_datacenters,power_generators,Power generators,theme,raw,0.05,False,False,35,43,0.8333333333333334,2,0,0.9225,0.972,2.100000000000002,2.09999999999999,2026-07-16,2026-09-04,insufficient_probability_variation,,,,,,,,,,,,,,,,,,,,,,,insufficient_evidence,False
pennsylvania_dem,Democratic Pennsylvania governor,GOVPARTYPA-26-D,electricity_datacenters,power_generators,Power generators,theme,market_conditioned,0.05,False,False,35,43,0.8333333333333334,2,0,0.9225,0.972,2.100000000000002,2.09999999999999,2026-07-16,2026-09-04,insufficient_probability_variation,,,,,,,,,,,,,,,,,,,,,,,insufficient_evidence,False
pennsylvania_dem,Democratic Pennsylvania governor,GOVPARTYPA-26-D,electricity_datacenters,data_center_reits,Data-center REITs,theme,raw,0.05,False,False,35,43,0.8333333333333334,2,0,0.9225,0.972,2.100000000000002,2.09999999999999,2026-07-16,2026-09-04,insufficient_probability_variation,,,,,,,,,,,,,,,,,,,,,,,insufficient_evidence,False
pennsylvania_dem,Democratic Pennsylvania governor,GOVPARTYPA-26-D,electricity_datacenters,data_center_reits,Data-center REITs,theme,market_conditioned,0.05,False,False,35,43,0.8333333333333334,2,0,0.9225,0.972,2.100000000000002,2.09999999999999,2026-07-16,2026-09-04,insufficient_probability_variation,,,,,,,,,,,,,,,,,,,,,,,insufficient_evidence,False
pennsylvania_dem,Democratic Pennsylvania governor,GOVPARTYPA-26-D,electricity_datacenters,integrated_energy,Integrated energy,theme,raw,0.05,False,False,35,43,0.8333333333333334,2,0,0.9225,0.972,2.100000000000002,2.09999999999999,2026-07-16,2026-09-04,insufficient_probability_variation,,,,,,,,,,,,,,,,,,,,,,,insufficient_evidence,False
pennsylvania_dem,Democratic Pennsylvania governor,GOVPARTYPA-26-D,electricity_datacenters,integrated_energy,Integrated energy,theme,market_conditioned,0.05,False,False,35,43,0.8333333333333334,2,0,0.9225,0.972,2.100000000000002,2.09999999999999,2026-07-16,2026-09-04,insufficient_probability_variation,,,,,,,,,,,,,,,,,,,,,,,insufficient_evidence,False
pennsylvania_dem,Democratic Pennsylvania governor,GOVPARTYPA-26-D,electricity_datacenters,homebuilders,Homebuilders,theme,raw,0.05,False,False,35,43,0.8333333333333334,2,0,0.9225,0.972,2.100000000000002,2.09999999999999,2026-07-16,2026-09-04,insufficient_probability_variation,,,,,,,,,,,,,,,,,,,,,,,insufficient_evidence,False
pennsylvania_dem,Democratic Pennsylvania governor,GOVPARTYPA-26-D,electricity_datacenters,homebuilders,Homebuilders,theme,market_conditioned,0.05,False,False,35,43,0.8333333333333334,2,0,0.9225,0.972,2.100000000000002,2.09999999999999,2026-07-16,2026-09-04,insufficient_probability_variation,,,,,,,,,,,,,,,,,,,,,,,insufficient_evidence,False
pennsylvania_dem,Democratic Pennsylvania governor,GOVPARTYPA-26-D,electricity_datacenters,machinery_distribution,Machinery and distribution,theme,raw,0.05,False,False,35,43,0.8333333333333334,2,0,0.9225,0.972,2.100000000000002,2.09999999999999,2026-07-16,2026-09-04,insufficient_probability_variation,,,,,,,,,,,,,,,,,,,,,,,insufficient_evidence,False
pennsylvania_dem,Democratic Pennsylvania governor,GOVPARTYPA-26-D,electricity_datacenters,machinery_distribution,Machinery and distribution,theme,market_conditioned,0.05,False,False,35,43,0.8333333333333334,2,0,0.9225,0.972,2.100000000000002,2.09999999999999,2026-07-16,2026-09-04,insufficient_probability_variation,,,,,,,,,,,,,,,,,,,,,,,insufficient_evidence,False
pennsylvania_dem,Democratic Pennsylvania governor,GOVPARTYPA-26-D,electricity_datacenters,managed_care,Managed care (UNH only),single_company_proxy,raw,0.05,False,False,35,43,0.8333333333333334,2,0,0.9225,0.972,2.100000000000002,2.09999999999999,2026-07-16,2026-09-04,insufficient_probability_variation,,,,,,,,,,,,,,,,,,,,,,,insufficient_evidence,False
pennsylvania_dem,Democratic Pennsylvania governor,GOVPARTYPA-26-D,electricity_datacenters,managed_care,Managed care (UNH only),single_company_proxy,market_conditioned,0.05,False,False,35,43,0.8333333333333334,2,0,0.9225,0.972,2.100000000000002,2.09999999999999,2026-07-16,2026-09-04,insufficient_probability_variation,,,,,,,,,,,,,,,,,,,,,,,insufficient_evidence,False
pennsylvania_dem,Democratic Pennsylvania governor,GOVPARTYPA-26-D,electricity_datacenters,hospitals,Hospitals (HCA only),single_company_proxy,raw,0.05,False,False,35,43,0.8333333333333334,2,0,0.9225,0.972,2.100000000000002,2.09999999999999,2026-07-16,2026-09-04,insufficient_probability_variation,,,,,,,,,,,,,,,,,,,,,,,insufficient_evidence,False
pennsylvania_dem,Democratic Pennsylvania governor,GOVPARTYPA-26-D,electricity_datacenters,hospitals,Hospitals (HCA only),single_company_proxy,market_conditioned,0.05,False,False,35,43,0.8333333333333334,2,0,0.9225,0.972,2.100000000000002,2.09999999999999,2026-07-16,2026-09-04,insufficient_probability_variation,,,,,,,,,,,,,,,,,,,,,,,insufficient_evidence,False
pennsylvania_dem,Democratic Pennsylvania governor,GOVPARTYPA-26-D,electricity_datacenters,generators_minus_regulated,Generators minus regulated utilities,relative_return_contrast,raw,0.05,False,False,35,43,0.8333333333333334,2,0,0.9225,0.972,2.100000000000002,2.09999999999999,2026-07-16,2026-09-04,insufficient_probability_variation,,,,,,,,,,,,,,,,,,,,,,,insufficient_evidence,False
pennsylvania_dem,Democratic Pennsylvania governor,GOVPARTYPA-26-D,electricity_datacenters,generators_minus_regulated,Generators minus regulated utilities,relative_return_contrast,market_conditioned,0.05,False,False,35,43,0.8333333333333334,2,0,0.9225,0.972,2.100000000000002,2.09999999999999,2026-07-16,2026-09-04,insufficient_probability_variation,,,,,,,,,,,,,,,,,,,,,,,insufficient_evidence,False
pennsylvania_dem,Democratic Pennsylvania governor,GOVPARTYPA-26-D,electricity_datacenters,equipment_minus_generators,Equipment minus generators,relative_return_contrast,raw,0.05,False,False,35,43,0.8333333333333334,2,0,0.9225,0.972,2.100000000000002,2.09999999999999,2026-07-16,2026-09-04,insufficient_probability_variation,,,,,,,,,,,,,,,,,,,,,,,insufficient_evidence,False
pennsylvania_dem,Democratic Pennsylvania governor,GOVPARTYPA-26-D,electricity_datacenters,equipment_minus_generators,Equipment minus generators,relative_return_contrast,market_conditioned,0.05,False,False,35,43,0.8333333333333334,2,0,0.9225,0.972,2.100000000000002,2.09999999999999,2026-07-16,2026-09-04,insufficient_probability_variation,,,,,,,,,,,,,,,,,,,,,,,insufficient_evidence,False
pennsylvania_dem,Democratic Pennsylvania governor,GOVPARTYPA-26-D,electricity_datacenters,hospitals_minus_managed_care,Hospitals minus managed care,relative_return_contrast,raw,0.05,False,False,35,43,0.8333333333333334,2,0,0.9225,0.972,2.100000000000002,2.09999999999999,2026-07-16,2026-09-04,insufficient_probability_variation,,,,,,,,,,,,,,,,,,,,,,,insufficient_evidence,False
pennsylvania_dem,Democratic Pennsylvania governor,GOVPARTYPA-26-D,electricity_datacenters,hospitals_minus_managed_care,Hospitals minus managed care,relative_return_contrast,market_conditioned,0.05,False,False,35,43,0.8333333333333334,2,0,0.9225,0.972,2.100000000000002,2.09999999999999,2026-07-16,2026-09-04,insufficient_probability_variation,,,,,,,,,,,,,,,,,,,,,,,insufficient_evidence,False
pennsylvania_dem,Democratic Pennsylvania governor,GOVPARTYPA-26-D,electricity_datacenters,sector_technology,Technology sector,sector,raw,0.1,False,False,35,43,0.8333333333333334,2,0,0.9225,0.972,2.100000000000002,2.09999999999999,2026-07-16,2026-09-04,insufficient_probability_variation,,,,,,,,,,,,,,,,,,,,,,,insufficient_evidence,False
pennsylvania_dem,Democratic Pennsylvania governor,GOVPARTYPA-26-D,electricity_datacenters,sector_technology,Technology sector,sector,market_conditioned,0.1,False,False,35,43,0.8333333333333334,2,0,0.9225,0.972,2.100000000000002,2.09999999999999,2026-07-16,2026-09-04,insufficient_probability_variation,,,,,,,,,,,,,,,,,,,,,,,insufficient_evidence,False
pennsylvania_dem,Democratic Pennsylvania governor,GOVPARTYPA-26-D,electricity_datacenters,sector_consumer_discretionary,Consumer discretionary sector,sector,raw,0.1,False,False,35,43,0.8333333333333334,2,0,0.9225,0.972,2.100000000000002,2.09999999999999,2026-07-16,2026-09-04,insufficient_probability_variation,,,,,,,,,,,,,,,,,,,,,,,insufficient_evidence,False
pennsylvania_dem,Democratic Pennsylvania governor,GOVPARTYPA-26-D,electricity_datacenters,sector_consumer_discretionary,Consumer discretionary sector,sector,market_conditioned,0.1,False,False,35,43,0.8333333333333334,2,0,0.9225,0.972,2.100000000000002,2.09999999999999,2026-07-16,2026-09-04,insufficient_probability_variation,,,,,,,,,,,,,,,,,,,,,,,insufficient_evidence,False
pennsylvania_dem,Democratic Pennsylvania governor,GOVPARTYPA-26-D,electricity_datacenters,sector_communications,Communication services sector,sector,raw,0.1,False,False,35,43,0.8333333333333334,2,0,0.9225,0.972,2.100000000000002,2.09999999999999,2026-07-16,2026-09-04,insufficient_probability_variation,,,,,,,,,,,,,,,,,,,,,,,insufficient_evidence,False
pennsylvania_dem,Democratic Pennsylvania governor,GOVPARTYPA-26-D,electricity_datacenters,sector_communications,Communication services sector,sector,market_conditioned,0.1,False,False,35,43,0.8333333333333334,2,0,0.9225,0.972,2.100000000000002,2.09999999999999,2026-07-16,2026-09-04,insufficient_probability_variation,,,,,,,,,,,,,,,,,,,,,,,insufficient_evidence,False
pennsylvania_dem,Democratic Pennsylvania governor,GOVPARTYPA-26-D,electricity_datacenters,sector_industrials,Industrials sector,sector,raw,0.1,False,False,35,43,0.8333333333333334,2,0,0.9225,0.972,2.100000000000002,2.09999999999999,2026-07-16,2026-09-04,insufficient_probability_variation,,,,,,,,,,,,,,,,,,,,,,,insufficient_evidence,False
pennsylvania_dem,Democratic Pennsylvania governor,GOVPARTYPA-26-D,electricity_datacenters,sector_industrials,Industrials sector,sector,market_conditioned,0.1,False,False,35,43,0.8333333333333334,2,0,0.9225,0.972,2.100000000000002,2.09999999999999,2026-07-16,2026-09-04,insufficient_probability_variation,,,,,,,,,,,,,,,,,,,,,,,insufficient_evidence,False
pennsylvania_dem,Democratic Pennsylvania governor,GOVPARTYPA-26-D,electricity_datacenters,sector_utilities,Utilities sector,sector,raw,0.1,False,False,35,43,0.8333333333333334,2,0,0.9225,0.972,2.100000000000002,2.09999999999999,2026-07-16,2026-09-04,insufficient_probability_variation,,,,,,,,,,,,,,,,,,,,,,,insufficient_evidence,False
pennsylvania_dem,Democratic Pennsylvania governor,GOVPARTYPA-26-D,electricity_datacenters,sector_utilities,Utilities sector,sector,market_conditioned,0.1,False,False,35,43,0.8333333333333334,2,0,0.9225,0.972,2.100000000000002,2.09999999999999,2026-07-16,2026-09-04,insufficient_probability_variation,,,,,,,,,,,,,,,,,,,,,,,insufficient_evidence,False
pennsylvania_dem,Democratic Pennsylvania governor,GOVPARTYPA-26-D,electricity_datacenters,sector_real_estate,Real estate sector,sector,raw,0.1,False,False,35,43,0.8333333333333334,2,0,0.9225,0.972,2.100000000000002,2.09999999999999,2026-07-16,2026-09-04,insufficient_probability_variation,,,,,,,,,,,,,,,,,,,,,,,insufficient_evidence,False
pennsylvania_dem,Democratic Pennsylvania governor,GOVPARTYPA-26-D,electricity_datacenters,sector_real_estate,Real estate sector,sector,market_conditioned,0.1,False,False,35,43,0.8333333333333334,2,0,0.9225,0.972,2.100000000000002,2.09999999999999,2026-07-16,2026-09-04,insufficient_probability_variation,,,,,,,,,,,,,,,,,,,,,,,insufficient_evidence,False
pennsylvania_dem,Democratic Pennsylvania governor,GOVPARTYPA-26-D,electricity_datacenters,sector_energy,Energy sector,sector,raw,0.1,False,False,35,43,0.8333333333333334,2,0,0.9225,0.972,2.100000000000002,2.09999999999999,2026-07-16,2026-09-04,insufficient_probability_variation,,,,,,,,,,,,,,,,,,,,,,,insufficient_evidence,False
pennsylvania_dem,Democratic Pennsylvania governor,GOVPARTYPA-26-D,electricity_datacenters,sector_energy,Energy sector,sector,market_conditioned,0.1,False,False,35,43,0.8333333333333334,2,0,0.9225,0.972,2.100000000000002,2.09999999999999,2026-07-16,2026-09-04,insufficient_probability_variation,,,,,,,,,,,,,,,,,,,,,,,insufficient_evidence,False
pennsylvania_dem,Democratic Pennsylvania governor,GOVPARTYPA-26-D,electricity_datacenters,sector_financials,Financials sector,sector,raw,0.1,False,False,35,43,0.8333333333333334,2,0,0.9225,0.972,2.100000000000002,2.09999999999999,2026-07-16,2026-09-04,insufficient_probability_variation,,,,,,,,,,,,,,,,,,,,,,,insufficient_evidence,False
pennsylvania_dem,Democratic Pennsylvania governor,GOVPARTYPA-26-D,electricity_datacenters,sector_financials,Financials sector,sector,market_conditioned,0.1,False,False,35,43,0.8333333333333334,2,0,0.9225,0.972,2.100000000000002,2.09999999999999,2026-07-16,2026-09-04,insufficient_probability_variation,,,,,,,,,,,,,,,,,,,,,,,insufficient_evidence,False
pennsylvania_dem,Democratic Pennsylvania governor,GOVPARTYPA-26-D,electricity_datacenters,sector_healthcare,Healthcare sector,sector,raw,0.1,False,False,35,43,0.8333333333333334,2,0,0.9225,0.972,2.100000000000002,2.09999999999999,2026-07-16,2026-09-04,insufficient_probability_variation,,,,,,,,,,,,,,,,,,,,,,,insufficient_evidence,False
pennsylvania_dem,Democratic Pennsylvania governor,GOVPARTYPA-26-D,electricity_datacenters,sector_healthcare,Healthcare sector,sector,market_conditioned,0.1,False,False,35,43,0.8333333333333334,2,0,0.9225,0.972,2.100000000000002,2.09999999999999,2026-07-16,2026-09-04,insufficient_probability_variation,,,,,,,,,,,,,,,,,,,,,,,insufficient_evidence,False
pennsylvania_dem,Democratic Pennsylvania governor,GOVPARTYPA-26-D,electricity_datacenters,sector_staples,Consumer staples sector,sector,raw,0.1,False,False,35,43,0.8333333333333334,2,0,0.9225,0.972,2.100000000000002,2.09999999999999,2026-07-16,2026-09-04,insufficient_probability_variation,,,,,,,,,,,,,,,,,,,,,,,insufficient_evidence,False
pennsylvania_dem,Democratic Pennsylvania governor,GOVPARTYPA-26-D,electricity_datacenters,sector_staples,Consumer staples sector,sector,market_conditioned,0.1,False,False,35,43,0.8333333333333334,2,0,0.9225,0.972,2.100000000000002,2.09999999999999,2026-07-16,2026-09-04,insufficient_probability_variation,,,,,,,,,,,,,,,,,,,,,,,insufficient_evidence,False
pennsylvania_dem,Democratic Pennsylvania governor,GOVPARTYPA-26-D,electricity_datacenters,cloud_platforms,Cloud platforms,theme,raw,0.1,False,False,35,43,0.8333333333333334,2,0,0.9225,0.972,2.100000000000002,2.09999999999999,2026-07-16,2026-09-04,insufficient_probability_variation,,,,,,,,,,,,,,,,,,,,,,,insufficient_evidence,False
pennsylvania_dem,Democratic Pennsylvania governor,GOVPARTYPA-26-D,electricity_datacenters,cloud_platforms,Cloud platforms,theme,market_conditioned,0.1,False,False,35,43,0.8333333333333334,2,0,0.9225,0.972,2.100000000000002,2.09999999999999,2026-07-16,2026-09-04,insufficient_probability_variation,,,,,,,,,,,,,,,,,,,,,,,insufficient_evidence,False
pennsylvania_dem,Democratic Pennsylvania governor,GOVPARTYPA-26-D,electricity_datacenters,electrical_equipment,Electrical equipment,theme,raw,0.1,False,False,35,43,0.8333333333333334,2,0,0.9225,0.972,2.100000000000002,2.09999999999999,2026-07-16,2026-09-04,insufficient_probability_variation,,,,,,,,,,,,,,,,,,,,,,,insufficient_evidence,False
pennsylvania_dem,Democratic Pennsylvania governor,GOVPARTYPA-26-D,electricity_datacenters,electrical_equipment,Electrical equipment,theme,market_conditioned,0.1,False,False,35,43,0.8333333333333334,2,0,0.9225,0.972,2.100000000000002,2.09999999999999,2026-07-16,2026-09-04,insufficient_probability_variation,,,,,,,,,,,,,,,,,,,,,,,insufficient_evidence,False
pennsylvania_dem,Democratic Pennsylvania governor,GOVPARTYPA-26-D,electricity_datacenters,regulated_utilities,Regulated utilities,theme,raw,0.1,False,False,35,43,0.8333333333333334,2,0,0.9225,0.972,2.100000000000002,2.09999999999999,2026-07-16,2026-09-04,insufficient_probability_variation,,,,,,,,,,,,,,,,,,,,,,,insufficient_evidence,False
pennsylvania_dem,Democratic Pennsylvania governor,GOVPARTYPA-26-D,electricity_datacenters,regulated_utilities,Regulated utilities,theme,market_conditioned,0.1,False,False,35,43,0.8333333333333334,2,0,0.9225,0.972,2.100000000000002,2.09999999999999,2026-07-16,2026-09-04,insufficient_probability_variation,,,,,,,,,,,,,,,,,,,,,,,insufficient_evidence,False
pennsylvania_dem,Democratic Pennsylvania governor,GOVPARTYPA-26-D,electricity_datacenters,power_generators,Power generators,theme,raw,0.1,False,False,35,43,0.8333333333333334,2,0,0.9225,0.972,2.100000000000002,2.09999999999999,2026-07-16,2026-09-04,insufficient_probability_variation,,,,,,,,,,,,,,,,,,,,,,,insufficient_evidence,False
pennsylvania_dem,Democratic Pennsylvania governor,GOVPARTYPA-26-D,electricity_datacenters,power_generators,Power generators,theme,market_conditioned,0.1,False,False,35,43,0.8333333333333334,2,0,0.9225,0.972,2.100000000000002,2.09999999999999,2026-07-16,2026-09-04,insufficient_probability_variation,,,,,,,,,,,,,,,,,,,,,,,insufficient_evidence,False
pennsylvania_dem,Democratic Pennsylvania governor,GOVPARTYPA-26-D,electricity_datacenters,data_center_reits,Data-center REITs,theme,raw,0.1,False,False,35,43,0.8333333333333334,2,0,0.9225,0.972,2.100000000000002,2.09999999999999,2026-07-16,2026-09-04,insufficient_probability_variation,,,,,,,,,,,,,,,,,,,,,,,insufficient_evidence,False
pennsylvania_dem,Democratic Pennsylvania governor,GOVPARTYPA-26-D,electricity_datacenters,data_center_reits,Data-center REITs,theme,market_conditioned,0.1,False,False,35,43,0.8333333333333334,2,0,0.9225,0.972,2.100000000000002,2.09999999999999,2026-07-16,2026-09-04,insufficient_probability_variation,,,,,,,,,,,,,,,,,,,,,,,insufficient_evidence,False
pennsylvania_dem,Democratic Pennsylvania governor,GOVPARTYPA-26-D,electricity_datacenters,integrated_energy,Integrated energy,theme,raw,0.1,False,False,35,43,0.8333333333333334,2,0,0.9225,0.972,2.100000000000002,2.09999999999999,2026-07-16,2026-09-04,insufficient_probability_variation,,,,,,,,,,,,,,,,,,,,,,,insufficient_evidence,False
pennsylvania_dem,Democratic Pennsylvania governor,GOVPARTYPA-26-D,electricity_datacenters,integrated_energy,Integrated energy,theme,market_conditioned,0.1,False,False,35,43,0.8333333333333334,2,0,0.9225,0.972,2.100000000000002,2.09999999999999,2026-07-16,2026-09-04,insufficient_probability_variation,,,,,,,,,,,,,,,,,,,,,,,insufficient_evidence,False
pennsylvania_dem,Democratic Pennsylvania governor,GOVPARTYPA-26-D,electricity_datacenters,homebuilders,Homebuilders,theme,raw,0.1,False,False,35,43,0.8333333333333334,2,0,0.9225,0.972,2.100000000000002,2.09999999999999,2026-07-16,2026-09-04,insufficient_probability_variation,,,,,,,,,,,,,,,,,,,,,,,insufficient_evidence,False
pennsylvania_dem,Democratic Pennsylvania governor,GOVPARTYPA-26-D,electricity_datacenters,homebuilders,Homebuilders,theme,market_conditioned,0.1,False,False,35,43,0.8333333333333334,2,0,0.9225,0.972,2.100000000000002,2.09999999999999,2026-07-16,2026-09-04,insufficient_probability_variation,,,,,,,,,,,,,,,,,,,,,,,insufficient_evidence,False
pennsylvania_dem,Democratic Pennsylvania governor,GOVPARTYPA-26-D,electricity_datacenters,machinery_distribution,Machinery and distribution,theme,raw,0.1,False,False,35,43,0.8333333333333334,2,0,0.9225,0.972,2.100000000000002,2.09999999999999,2026-07-16,2026-09-04,insufficient_probability_variation,,,,,,,,,,,,,,,,,,,,,,,insufficient_evidence,False
pennsylvania_dem,Democratic Pennsylvania governor,GOVPARTYPA-26-D,electricity_datacenters,machinery_distribution,Machinery and distribution,theme,market_conditioned,0.1,False,False,35,43,0.8333333333333334,2,0,0.9225,0.972,2.100000000000002,2.09999999999999,2026-07-16,2026-09-04,insufficient_probability_variation,,,,,,,,,,,,,,,,,,,,,,,insufficient_evidence,False
pennsylvania_dem,Democratic Pennsylvania governor,GOVPARTYPA-26-D,electricity_datacenters,managed_care,Managed care (UNH only),single_company_proxy,raw,0.1,False,False,35,43,0.8333333333333334,2,0,0.9225,0.972,2.100000000000002,2.09999999999999,2026-07-16,2026-09-04,insufficient_probability_variation,,,,,,,,,,,,,,,,,,,,,,,insufficient_evidence,False
pennsylvania_dem,Democratic Pennsylvania governor,GOVPARTYPA-26-D,electricity_datacenters,managed_care,Managed care (UNH only),single_company_proxy,market_conditioned,0.1,False,False,35,43,0.8333333333333334,2,0,0.9225,0.972,2.100000000000002,2.09999999999999,2026-07-16,2026-09-04,insufficient_probability_variation,,,,,,,,,,,,,,,,,,,,,,,insufficient_evidence,False
pennsylvania_dem,Democratic Pennsylvania governor,GOVPARTYPA-26-D,electricity_datacenters,hospitals,Hospitals (HCA only),single_company_proxy,raw,0.1,False,False,35,43,0.8333333333333334,2,0,0.9225,0.972,2.100000000000002,2.09999999999999,2026-07-16,2026-09-04,insufficient_probability_variation,,,,,,,,,,,,,,,,,,,,,,,insufficient_evidence,False
pennsylvania_dem,Democratic Pennsylvania governor,GOVPARTYPA-26-D,electricity_datacenters,hospitals,Hospitals (HCA only),single_company_proxy,market_conditioned,0.1,False,False,35,43,0.8333333333333334,2,0,0.9225,0.972,2.100000000000002,2.09999999999999,2026-07-16,2026-09-04,insufficient_probability_variation,,,,,,,,,,,,,,,,,,,,,,,insufficient_evidence,False
pennsylvania_dem,Democratic Pennsylvania governor,GOVPARTYPA-26-D,electricity_datacenters,generators_minus_regulated,Generators minus regulated utilities,relative_return_contrast,raw,0.1,False,False,35,43,0.8333333333333334,2,0,0.9225,0.972,2.100000000000002,2.09999999999999,2026-07-16,2026-09-04,insufficient_probability_variation,,,,,,,,,,,,,,,,,,,,,,,insufficient_evidence,False
pennsylvania_dem,Democratic Pennsylvania governor,GOVPARTYPA-26-D,electricity_datacenters,generators_minus_regulated,Generators minus regulated utilities,relative_return_contrast,market_conditioned,0.1,False,False,35,43,0.8333333333333334,2,0,0.9225,0.972,2.100000000000002,2.09999999999999,2026-07-16,2026-09-04,insufficient_probability_variation,,,,,,,,,,,,,,,,,,,,,,,insufficient_evidence,False
pennsylvania_dem,Democratic Pennsylvania governor,GOVPARTYPA-26-D,electricity_datacenters,equipment_minus_generators,Equipment minus generators,relative_return_contrast,raw,0.1,False,False,35,43,0.8333333333333334,2,0,0.9225,0.972,2.100000000000002,2.09999999999999,2026-07-16,2026-09-04,insufficient_probability_variation,,,,,,,,,,,,,,,,,,,,,,,insufficient_evidence,False
pennsylvania_dem,Democratic Pennsylvania governor,GOVPARTYPA-26-D,electricity_datacenters,equipment_minus_generators,Equipment minus generators,relative_return_contrast,market_conditioned,0.1,False,False,35,43,0.8333333333333334,2,0,0.9225,0.972,2.100000000000002,2.09999999999999,2026-07-16,2026-09-04,insufficient_probability_variation,,,,,,,,,,,,,,,,,,,,,,,insufficient_evidence,False
pennsylvania_dem,Democratic Pennsylvania governor,GOVPARTYPA-26-D,electricity_datacenters,hospitals_minus_managed_care,Hospitals minus managed care,relative_return_contrast,raw,0.1,False,False,35,43,0.8333333333333334,2,0,0.9225,0.972,2.100000000000002,2.09999999999999,2026-07-16,2026-09-04,insufficient_probability_variation,,,,,,,,,,,,,,,,,,,,,,,insufficient_evidence,False
pennsylvania_dem,Democratic Pennsylvania governor,GOVPARTYPA-26-D,electricity_datacenters,hospitals_minus_managed_care,Hospitals minus managed care,relative_return_contrast,market_conditioned,0.1,False,False,35,43,0.8333333333333334,2,0,0.9225,0.972,2.100000000000002,2.09999999999999,2026-07-16,2026-09-04,insufficient_probability_variation,,,,,,,,,,,,,,,,,,,,,,,insufficient_evidence,False
pennsylvania_dem,Democratic Pennsylvania governor,GOVPARTYPA-26-D,electricity_datacenters,sector_technology,Technology sector,sector,raw,0.15,False,False,35,43,0.8333333333333334,2,0,0.9225,0.972,2.100000000000002,2.09999999999999,2026-07-16,2026-09-04,insufficient_probability_variation,,,,,,,,,,,,,,,,,,,,,,,insufficient_evidence,False
pennsylvania_dem,Democratic Pennsylvania governor,GOVPARTYPA-26-D,electricity_datacenters,sector_technology,Technology sector,sector,market_conditioned,0.15,False,False,35,43,0.8333333333333334,2,0,0.9225,0.972,2.100000000000002,2.09999999999999,2026-07-16,2026-09-04,insufficient_probability_variation,,,,,,,,,,,,,,,,,,,,,,,insufficient_evidence,False
pennsylvania_dem,Democratic Pennsylvania governor,GOVPARTYPA-26-D,electricity_datacenters,sector_consumer_discretionary,Consumer discretionary sector,sector,raw,0.15,False,False,35,43,0.8333333333333334,2,0,0.9225,0.972,2.100000000000002,2.09999999999999,2026-07-16,2026-09-04,insufficient_probability_variation,,,,,,,,,,,,,,,,,,,,,,,insufficient_evidence,False
pennsylvania_dem,Democratic Pennsylvania governor,GOVPARTYPA-26-D,electricity_datacenters,sector_consumer_discretionary,Consumer discretionary sector,sector,market_conditioned,0.15,False,False,35,43,0.8333333333333334,2,0,0.9225,0.972,2.100000000000002,2.09999999999999,2026-07-16,2026-09-04,insufficient_probability_variation,,,,,,,,,,,,,,,,,,,,,,,insufficient_evidence,False
pennsylvania_dem,Democratic Pennsylvania governor,GOVPARTYPA-26-D,electricity_datacenters,sector_communications,Communication services sector,sector,raw,0.15,False,False,35,43,0.8333333333333334,2,0,0.9225,0.972,2.100000000000002,2.09999999999999,2026-07-16,2026-09-04,insufficient_probability_variation,,,,,,,,,,,,,,,,,,,,,,,insufficient_evidence,False
pennsylvania_dem,Democratic Pennsylvania governor,GOVPARTYPA-26-D,electricity_datacenters,sector_communications,Communication services sector,sector,market_conditioned,0.15,False,False,35,43,0.8333333333333334,2,0,0.9225,0.972,2.100000000000002,2.09999999999999,2026-07-16,2026-09-04,insufficient_probability_variation,,,,,,,,,,,,,,,,,,,,,,,insufficient_evidence,False
pennsylvania_dem,Democratic Pennsylvania governor,GOVPARTYPA-26-D,electricity_datacenters,sector_industrials,Industrials sector,sector,raw,0.15,False,False,35,43,0.8333333333333334,2,0,0.9225,0.972,2.100000000000002,2.09999999999999,2026-07-16,2026-09-04,insufficient_probability_variation,,,,,,,,,,,,,,,,,,,,,,,insufficient_evidence,False
pennsylvania_dem,Democratic Pennsylvania governor,GOVPARTYPA-26-D,electricity_datacenters,sector_industrials,Industrials sector,sector,market_conditioned,0.15,False,False,35,43,0.8333333333333334,2,0,0.9225,0.972,2.100000000000002,2.09999999999999,2026-07-16,2026-09-04,insufficient_probability_variation,,,,,,,,,,,,,,,,,,,,,,,insufficient_evidence,False
pennsylvania_dem,Democratic Pennsylvania governor,GOVPARTYPA-26-D,electricity_datacenters,sector_utilities,Utilities sector,sector,raw,0.15,False,False,35,43,0.8333333333333334,2,0,0.9225,0.972,2.100000000000002,2.09999999999999,2026-07-16,2026-09-04,insufficient_probability_variation,,,,,,,,,,,,,,,,,,,,,,,insufficient_evidence,False
pennsylvania_dem,Democratic Pennsylvania governor,GOVPARTYPA-26-D,electricity_datacenters,sector_utilities,Utilities sector,sector,market_conditioned,0.15,False,False,35,43,0.8333333333333334,2,0,0.9225,0.972,2.100000000000002,2.09999999999999,2026-07-16,2026-09-04,insufficient_probability_variation,,,,,,,,,,,,,,,,,,,,,,,insufficient_evidence,False
pennsylvania_dem,Democratic Pennsylvania governor,GOVPARTYPA-26-D,electricity_datacenters,sector_real_estate,Real estate sector,sector,raw,0.15,False,False,35,43,0.8333333333333334,2,0,0.9225,0.972,2.100000000000002,2.09999999999999,2026-07-16,2026-09-04,insufficient_probability_variation,,,,,,,,,,,,,,,,,,,,,,,insufficient_evidence,False
pennsylvania_dem,Democratic Pennsylvania governor,GOVPARTYPA-26-D,electricity_datacenters,sector_real_estate,Real estate sector,sector,market_conditioned,0.15,False,False,35,43,0.8333333333333334,2,0,0.9225,0.972,2.100000000000002,2.09999999999999,2026-07-16,2026-09-04,insufficient_probability_variation,,,,,,,,,,,,,,,,,,,,,,,insufficient_evidence,False
pennsylvania_dem,Democratic Pennsylvania governor,GOVPARTYPA-26-D,electricity_datacenters,sector_energy,Energy sector,sector,raw,0.15,False,False,35,43,0.8333333333333334,2,0,0.9225,0.972,2.100000000000002,2.09999999999999,2026-07-16,2026-09-04,insufficient_probability_variation,,,,,,,,,,,,,,,,,,,,,,,insufficient_evidence,False
pennsylvania_dem,Democratic Pennsylvania governor,GOVPARTYPA-26-D,electricity_datacenters,sector_energy,Energy sector,sector,market_conditioned,0.15,False,False,35,43,0.8333333333333334,2,0,0.9225,0.972,2.100000000000002,2.09999999999999,2026-07-16,2026-09-04,insufficient_probability_variation,,,,,,,,,,,,,,,,,,,,,,,insufficient_evidence,False
pennsylvania_dem,Democratic Pennsylvania governor,GOVPARTYPA-26-D,electricity_datacenters,sector_financials,Financials sector,sector,raw,0.15,False,False,35,43,0.8333333333333334,2,0,0.9225,0.972,2.100000000000002,2.09999999999999,2026-07-16,2026-09-04,insufficient_probability_variation,,,,,,,,,,,,,,,,,,,,,,,insufficient_evidence,False
pennsylvania_dem,Democratic Pennsylvania governor,GOVPARTYPA-26-D,electricity_datacenters,sector_financials,Financials sector,sector,market_conditioned,0.15,False,False,35,43,0.8333333333333334,2,0,0.9225,0.972,2.100000000000002,2.09999999999999,2026-07-16,2026-09-04,insufficient_probability_variation,,,,,,,,,,,,,,,,,,,,,,,insufficient_evidence,False
pennsylvania_dem,Democratic Pennsylvania governor,GOVPARTYPA-26-D,electricity_datacenters,sector_healthcare,Healthcare sector,sector,raw,0.15,False,False,35,43,0.8333333333333334,2,0,0.9225,0.972,2.100000000000002,2.09999999999999,2026-07-16,2026-09-04,insufficient_probability_variation,,,,,,,,,,,,,,,,,,,,,,,insufficient_evidence,False
pennsylvania_dem,Democratic Pennsylvania governor,GOVPARTYPA-26-D,electricity_datacenters,sector_healthcare,Healthcare sector,sector,market_conditioned,0.15,False,False,35,43,0.8333333333333334,2,0,0.9225,0.972,2.100000000000002,2.09999999999999,2026-07-16,2026-09-04,insufficient_probability_variation,,,,,,,,,,,,,,,,,,,,,,,insufficient_evidence,False
pennsylvania_dem,Democratic Pennsylvania governor,GOVPARTYPA-26-D,electricity_datacenters,sector_staples,Consumer staples sector,sector,raw,0.15,False,False,35,43,0.8333333333333334,2,0,0.9225,0.972,2.100000000000002,2.09999999999999,2026-07-16,2026-09-04,insufficient_probability_variation,,,,,,,,,,,,,,,,,,,,,,,insufficient_evidence,False
pennsylvania_dem,Democratic Pennsylvania governor,GOVPARTYPA-26-D,electricity_datacenters,sector_staples,Consumer staples sector,sector,market_conditioned,0.15,False,False,35,43,0.8333333333333334,2,0,0.9225,0.972,2.100000000000002,2.09999999999999,2026-07-16,2026-09-04,insufficient_probability_variation,,,,,,,,,,,,,,,,,,,,,,,insufficient_evidence,False
pennsylvania_dem,Democratic Pennsylvania governor,GOVPARTYPA-26-D,electricity_datacenters,cloud_platforms,Cloud platforms,theme,raw,0.15,False,False,35,43,0.8333333333333334,2,0,0.9225,0.972,2.100000000000002,2.09999999999999,2026-07-16,2026-09-04,insufficient_probability_variation,,,,,,,,,,,,,,,,,,,,,,,insufficient_evidence,False
pennsylvania_dem,Democratic Pennsylvania governor,GOVPARTYPA-26-D,electricity_datacenters,cloud_platforms,Cloud platforms,theme,market_conditioned,0.15,False,False,35,43,0.8333333333333334,2,0,0.9225,0.972,2.100000000000002,2.09999999999999,2026-07-16,2026-09-04,insufficient_probability_variation,,,,,,,,,,,,,,,,,,,,,,,insufficient_evidence,False
pennsylvania_dem,Democratic Pennsylvania governor,GOVPARTYPA-26-D,electricity_datacenters,electrical_equipment,Electrical equipment,theme,raw,0.15,False,False,35,43,0.8333333333333334,2,0,0.9225,0.972,2.100000000000002,2.09999999999999,2026-07-16,2026-09-04,insufficient_probability_variation,,,,,,,,,,,,,,,,,,,,,,,insufficient_evidence,False
pennsylvania_dem,Democratic Pennsylvania governor,GOVPARTYPA-26-D,electricity_datacenters,electrical_equipment,Electrical equipment,theme,market_conditioned,0.15,False,False,35,43,0.8333333333333334,2,0,0.9225,0.972,2.100000000000002,2.09999999999999,2026-07-16,2026-09-04,insufficient_probability_variation,,,,,,,,,,,,,,,,,,,,,,,insufficient_evidence,False
pennsylvania_dem,Democratic Pennsylvania governor,GOVPARTYPA-26-D,electricity_datacenters,regulated_utilities,Regulated utilities,theme,raw,0.15,False,False,35,43,0.8333333333333334,2,0,0.9225,0.972,2.100000000000002,2.09999999999999,2026-07-16,2026-09-04,insufficient_probability_variation,,,,,,,,,,,,,,,,,,,,,,,insufficient_evidence,False
pennsylvania_dem,Democratic Pennsylvania governor,GOVPARTYPA-26-D,electricity_datacenters,regulated_utilities,Regulated utilities,theme,market_conditioned,0.15,False,False,35,43,0.8333333333333334,2,0,0.9225,0.972,2.100000000000002,2.09999999999999,2026-07-16,2026-09-04,insufficient_probability_variation,,,,,,,,,,,,,,,,,,,,,,,insufficient_evidence,False
pennsylvania_dem,Democratic Pennsylvania governor,GOVPARTYPA-26-D,electricity_datacenters,power_generators,Power generators,theme,raw,0.15,False,False,35,43,0.8333333333333334,2,0,0.9225,0.972,2.100000000000002,2.09999999999999,2026-07-16,2026-09-04,insufficient_probability_variation,,,,,,,,,,,,,,,,,,,,,,,insufficient_evidence,False
pennsylvania_dem,Democratic Pennsylvania governor,GOVPARTYPA-26-D,electricity_datacenters,power_generators,Power generators,theme,market_conditioned,0.15,False,False,35,43,0.8333333333333334,2,0,0.9225,0.972,2.100000000000002,2.09999999999999,2026-07-16,2026-09-04,insufficient_probability_variation,,,,,,,,,,,,,,,,,,,,,,,insufficient_evidence,False
pennsylvania_dem,Democratic Pennsylvania governor,GOVPARTYPA-26-D,electricity_datacenters,data_center_reits,Data-center REITs,theme,raw,0.15,False,False,35,43,0.8333333333333334,2,0,0.9225,0.972,2.100000000000002,2.09999999999999,2026-07-16,2026-09-04,insufficient_probability_variation,,,,,,,,,,,,,,,,,,,,,,,insufficient_evidence,False
pennsylvania_dem,Democratic Pennsylvania governor,GOVPARTYPA-26-D,electricity_datacenters,data_center_reits,Data-center REITs,theme,market_conditioned,0.15,False,False,35,43,0.8333333333333334,2,0,0.9225,0.972,2.100000000000002,2.09999999999999,2026-07-16,2026-09-04,insufficient_probability_variation,,,,,,,,,,,,,,,,,,,,,,,insufficient_evidence,False
pennsylvania_dem,Democratic Pennsylvania governor,GOVPARTYPA-26-D,electricity_datacenters,integrated_energy,Integrated energy,theme,raw,0.15,False,False,35,43,0.8333333333333334,2,0,0.9225,0.972,2.100000000000002,2.09999999999999,2026-07-16,2026-09-04,insufficient_probability_variation,,,,,,,,,,,,,,,,,,,,,,,insufficient_evidence,False
pennsylvania_dem,Democratic Pennsylvania governor,GOVPARTYPA-26-D,electricity_datacenters,integrated_energy,Integrated energy,theme,market_conditioned,0.15,False,False,35,43,0.8333333333333334,2,0,0.9225,0.972,2.100000000000002,2.09999999999999,2026-07-16,2026-09-04,insufficient_probability_variation,,,,,,,,,,,,,,,,,,,,,,,insufficient_evidence,False
pennsylvania_dem,Democratic Pennsylvania governor,GOVPARTYPA-26-D,electricity_datacenters,homebuilders,Homebuilders,theme,raw,0.15,False,False,35,43,0.8333333333333334,2,0,0.9225,0.972,2.100000000000002,2.09999999999999,2026-07-16,2026-09-04,insufficient_probability_variation,,,,,,,,,,,,,,,,,,,,,,,insufficient_evidence,False
pennsylvania_dem,Democratic Pennsylvania governor,GOVPARTYPA-26-D,electricity_datacenters,homebuilders,Homebuilders,theme,market_conditioned,0.15,False,False,35,43,0.8333333333333334,2,0,0.9225,0.972,2.100000000000002,2.09999999999999,2026-07-16,2026-09-04,insufficient_probability_variation,,,,,,,,,,,,,,,,,,,,,,,insufficient_evidence,False
pennsylvania_dem,Democratic Pennsylvania governor,GOVPARTYPA-26-D,electricity_datacenters,machinery_distribution,Machinery and distribution,theme,raw,0.15,False,False,35,43,0.8333333333333334,2,0,0.9225,0.972,2.100000000000002,2.09999999999999,2026-07-16,2026-09-04,insufficient_probability_variation,,,,,,,,,,,,,,,,,,,,,,,insufficient_evidence,False
pennsylvania_dem,Democratic Pennsylvania governor,GOVPARTYPA-26-D,electricity_datacenters,machinery_distribution,Machinery and distribution,theme,market_conditioned,0.15,False,False,35,43,0.8333333333333334,2,0,0.9225,0.972,2.100000000000002,2.09999999999999,2026-07-16,2026-09-04,insufficient_probability_variation,,,,,,,,,,,,,,,,,,,,,,,insufficient_evidence,False
pennsylvania_dem,Democratic Pennsylvania governor,GOVPARTYPA-26-D,electricity_datacenters,managed_care,Managed care (UNH only),single_company_proxy,raw,0.15,False,False,35,43,0.8333333333333334,2,0,0.9225,0.972,2.100000000000002,2.09999999999999,2026-07-16,2026-09-04,insufficient_probability_variation,,,,,,,,,,,,,,,,,,,,,,,insufficient_evidence,False
pennsylvania_dem,Democratic Pennsylvania governor,GOVPARTYPA-26-D,electricity_datacenters,managed_care,Managed care (UNH only),single_company_proxy,market_conditioned,0.15,False,False,35,43,0.8333333333333334,2,0,0.9225,0.972,2.100000000000002,2.09999999999999,2026-07-16,2026-09-04,insufficient_probability_variation,,,,,,,,,,,,,,,,,,,,,,,insufficient_evidence,False
pennsylvania_dem,Democratic Pennsylvania governor,GOVPARTYPA-26-D,electricity_datacenters,hospitals,Hospitals (HCA only),single_company_proxy,raw,0.15,False,False,35,43,0.8333333333333334,2,0,0.9225,0.972,2.100000000000002,2.09999999999999,2026-07-16,2026-09-04,insufficient_probability_variation,,,,,,,,,,,,,,,,,,,,,,,insufficient_evidence,False
pennsylvania_dem,Democratic Pennsylvania governor,GOVPARTYPA-26-D,electricity_datacenters,hospitals,Hospitals (HCA only),single_company_proxy,market_conditioned,0.15,False,False,35,43,0.8333333333333334,2,0,0.9225,0.972,2.100000000000002,2.09999999999999,2026-07-16,2026-09-04,insufficient_probability_variation,,,,,,,,,,,,,,,,,,,,,,,insufficient_evidence,False
pennsylvania_dem,Democratic Pennsylvania governor,GOVPARTYPA-26-D,electricity_datacenters,generators_minus_regulated,Generators minus regulated utilities,relative_return_contrast,raw,0.15,False,False,35,43,0.8333333333333334,2,0,0.9225,0.972,2.100000000000002,2.09999999999999,2026-07-16,2026-09-04,insufficient_probability_variation,,,,,,,,,,,,,,,,,,,,,,,insufficient_evidence,False
pennsylvania_dem,Democratic Pennsylvania governor,GOVPARTYPA-26-D,electricity_datacenters,generators_minus_regulated,Generators minus regulated utilities,relative_return_contrast,market_conditioned,0.15,False,False,35,43,0.8333333333333334,2,0,0.9225,0.972,2.100000000000002,2.09999999999999,2026-07-16,2026-09-04,insufficient_probability_variation,,,,,,,,,,,,,,,,,,,,,,,insufficient_evidence,False
pennsylvania_dem,Democratic Pennsylvania governor,GOVPARTYPA-26-D,electricity_datacenters,equipment_minus_generators,Equipment minus generators,relative_return_contrast,raw,0.15,False,False,35,43,0.8333333333333334,2,0,0.9225,0.972,2.100000000000002,2.09999999999999,2026-07-16,2026-09-04,insufficient_probability_variation,,,,,,,,,,,,,,,,,,,,,,,insufficient_evidence,False
pennsylvania_dem,Democratic Pennsylvania governor,GOVPARTYPA-26-D,electricity_datacenters,equipment_minus_generators,Equipment minus generators,relative_return_contrast,market_conditioned,0.15,False,False,35,43,0.8333333333333334,2,0,0.9225,0.972,2.100000000000002,2.09999999999999,2026-07-16,2026-09-04,insufficient_probability_variation,,,,,,,,,,,,,,,,,,,,,,,insufficient_evidence,False
pennsylvania_dem,Democratic Pennsylvania governor,GOVPARTYPA-26-D,electricity_datacenters,hospitals_minus_managed_care,Hospitals minus managed care,relative_return_contrast,raw,0.15,False,False,35,43,0.8333333333333334,2,0,0.9225,0.972,2.100000000000002,2.09999999999999,2026-07-16,2026-09-04,insufficient_probability_variation,,,,,,,,,,,,,,,,,,,,,,,insufficient_evidence,False
pennsylvania_dem,Democratic Pennsylvania governor,GOVPARTYPA-26-D,electricity_datacenters,hospitals_minus_managed_care,Hospitals minus managed care,relative_return_contrast,market_conditioned,0.15,False,False,35,43,0.8333333333333334,2,0,0.9225,0.972,2.100000000000002,2.09999999999999,2026-07-16,2026-09-04,insufficient_probability_variation,,,,,,,,,,,,,,,,,,,,,,,insufficient_evidence,False
arizona_dem,Democratic Arizona governor,GOVPARTYAZ-26-D,housing,sector_technology,Technology sector,sector,raw,0.05,False,False,37,43,0.8809523809523809,13,1,0.79,0.885,2.9999999999999916,1.0,2026-07-10,2026-09-04,estimated,-0.01898291005794162,0.0014735171820673195,,0.021600130371808565,0.01965928648817325,-0.05889338342132698,0.02092756330544374,-0.06283350597699121,0.024867685861107974,0.3408717675265948,0.38548561243866714,0.009070750330736232,,,,-0.020322685584369872,0.07057798421521518,2026-08-06,True,,,,pilot_observational,False
arizona_dem,Democratic Arizona governor,GOVPARTYAZ-26-D,housing,sector_technology,Technology sector,sector,market_conditioned,0.05,False,False,37,43,0.8809523809523809,13,1,0.79,0.885,2.9999999999999916,1.0,2026-07-10,2026-09-04,estimated,-0.002142096183455874,0.00020377375164619418,1.9691536115276813,0.015856611436750868,0.014410575945783323,-0.03142791002538002,0.027143717658468274,-0.034366607712177366,0.03008241534526562,0.8827099382582995,0.8933359991131008,0.6464099287645795,,,,-0.0027090407524079227,0.2646681196347536,2026-08-06,True,,,,pilot_observational,False
arizona_dem,Democratic Arizona governor,GOVPARTYAZ-26-D,housing,sector_consumer_discretionary,Consumer discretionary sector,sector,raw,0.05,False,False,37,43,0.8809523809523809,13,1,0.79,0.885,2.9999999999999916,1.0,2026-07-10,2026-09-04,estimated,-0.03014878182805297,-0.00040310939507490315,,0.019703439089750474,0.01841868870948176,-0.06754070780514697,0.007243144149041033,-0.07014888973795312,0.009851326081847186,0.11062184147820506,0.1349741255561341,0.042593042484042054,,,,-0.03610375704834438,0.19751959645515085,2026-08-06,True,,,,pilot_observational,False
arizona_dem,Democratic Arizona governor,GOVPARTYAZ-26-D,housing,sector_consumer_discretionary,Consumer discretionary sector,sector,market_conditioned,0.05,False,False,37,43,0.8809523809523809,13,1,0.79,0.885,2.9999999999999916,1.0,2026-07-10,2026-09-04,estimated,-0.020914130345013063,-0.0010993725412749367,1.079784353330891,0.01624970362606038,0.015211146981183015,-0.051826900277947036,0.00999863958792091,-0.05393750131711449,0.012109240627088368,0.17814946301162987,0.20677149194829947,0.3993455019526502,,,,-0.026453664583323516,0.26487040804120005,2026-08-06,True,,,,pilot_observational,False
arizona_dem,Democratic Arizona governor,GOVPARTYAZ-26-D,housing,sector_communications,Communication services sector,sector,raw,0.05,False,False,37,43,0.8809523809523809,13,1,0.79,0.885,2.9999999999999916,1.0,2026-07-10,2026-09-04,estimated,-0.0007177549257109486,-0.000538366730800544,,0.01753916981587697,0.018286292638845857,-0.03784090259013781,0.036405392738715917,-0.036324162623851894,0.03488865277243,0.968913329641426,0.9675898632892485,2.5908466324775503e-05,,,,-0.005035146856697476,6.015133823999991,2026-08-06,True,,,,pilot_observational,False
arizona_dem,Democratic Arizona governor,GOVPARTYAZ-26-D,housing,sector_communications,Communication services sector,sector,market_conditioned,0.05,False,False,37,43,0.8809523809523809,13,1,0.79,0.885,2.9999999999999916,1.0,2026-07-10,2026-09-04,estimated,0.005217840250462598,-0.0009858915972800653,0.6940340748873304,0.016343759606963045,0.017325588961050555,-0.029991992786328067,0.04042767328725326,-0.027996675472396766,0.03843235597332196,0.7651237794996563,0.7514858563519662,0.1582034129017229,,,,0.001166691463974875,0.7764033761149663,2026-08-06,True,,,,pilot_observational,False
arizona_dem,Democratic Arizona governor,GOVPARTYAZ-26-D,housing,sector_industrials,Industrials sector,sector,raw,0.05,False,False,37,43,0.8809523809523809,13,1,0.79,0.885,2.9999999999999916,1.0,2026-07-10,2026-09-04,estimated,-0.007779665212934719,-0.0007971532302849772,,0.014151414476048601,0.01295054305458474,-0.03407066534319461,0.018511334917325175,-0.036508563936717656,0.020949233510848216,0.5518963048435905,0.5859856656704727,0.00519058298636732,,,,-0.0012102504270426508,0.8444341248733365,2026-08-06,True,,,,pilot_observational,False
arizona_dem,Democratic Arizona governor,GOVPARTYAZ-26-D,housing,sector_industrials,Industrials sector,sector,market_conditioned,0.05,False,False,37,43,0.8809523809523809,13,1,0.79,0.885,2.9999999999999916,1.0,2026-07-10,2026-09-04,estimated,-0.000980787478792394,-0.001309766836818723,0.7949755127217878,0.014187533624640552,0.01228387022761208,-0.02594461530202844,0.02398304034444365,-0.029813324788228665,0.027851749830643875,0.9368298223177028,0.9452909426731257,0.35910284990323005,,,,0.0059119903336243545,7.027799560515965,2026-08-06,False,,,,pilot_observational,False
arizona_dem,Democratic Arizona governor,GOVPARTYAZ-26-D,housing,sector_utilities,Utilities sector,sector,raw,0.05,False,False,37,43,0.8809523809523809,13,1,0.79,0.885,2.9999999999999916,1.0,2026-07-10,2026-09-04,estimated,-0.0110543201251823,-0.00036879490920599357,,0.014420152403188977,0.009520316860874845,-0.030381590863899736,0.008272950613535139,-0.04032878584547448,0.018220145595109878,0.25344740806093535,0.448466325746862,0.014283963577268355,,,,-0.007736282961756429,0.30015750637320643,2026-08-06,True,,,,pilot_observational,False
arizona_dem,Democratic Arizona governor,GOVPARTYAZ-26-D,housing,sector_utilities,Utilities sector,sector,market_conditioned,0.05,False,False,37,43,0.8809523809523809,13,1,0.79,0.885,2.9999999999999916,1.0,2026-07-10,2026-09-04,estimated,-0.01132198226656434,-0.000348614040981614,-0.031297054661366716,0.015047933085601432,0.00991154604450499,-0.03146466729435936,0.00882070276123068,-0.041903061656358286,0.019259097123229603,0.2613091350595238,0.45699157849188243,0.01503159128216558,,,,-0.00801096102016736,0.29244183292663917,2026-08-06,True,,,,pilot_observational,False
arizona_dem,Democratic Arizona governor,GOVPARTYAZ-26-D,housing,sector_real_estate,Real estate sector,sector,raw,0.05,False,False,37,43,0.8809523809523809,13,1,0.79,0.885,2.9999999999999916,1.0,2026-07-10,2026-09-04,estimated,-0.008101824564264918,-0.00036807657341505286,,0.01694927483666038,0.014004355725429164,-0.03653217815249675,0.02032852902396691,-0.04251068178826319,0.026307032659733352,0.5666163119765802,0.6356193425441294,0.010080553107691292,,,,-0.0010114383083243816,0.8751591940430828,2026-08-06,True,,,,pilot_observational,False
arizona_dem,Democratic Arizona governor,GOVPARTYAZ-26-D,housing,sector_real_estate,Real estate sector,sector,market_conditioned,0.05,False,False,37,43,0.8809523809523809,13,1,0.79,0.885,2.9999999999999916,1.0,2026-07-10,2026-09-04,estimated,-0.008046263041356203,-0.0003722657342966667,0.0064966678162407905,0.017189766568114658,0.014243756520277245,-0.036993059021748084,0.020900532939035682,-0.0429800717658605,0.0268875456831481,0.5758520228064592,0.6427110300231942,0.010122877799576768,,,,-0.0009419917019473094,0.8829280503128399,2026-08-06,True,,,,pilot_observational,False
arizona_dem,Democratic Arizona governor,GOVPARTYAZ-26-D,housing,sector_energy,Energy sector,sector,raw,0.05,False,False,37,43,0.8809523809523809,13,1,0.79,0.885,2.9999999999999916,1.0,2026-07-10,2026-09-04,estimated,0.027815787110061725,0.004249204067850859,,0.02897356170027438,0.029691869725500187,-0.03246191302425254,0.08809348724437599,-0.03100367020731578,0.08663524442743922,0.3552734100517702,0.3436205938927478,0.03857850048877398,,,,0.02509423078147001,0.09784214690107602,2026-08-06,True,,,,pilot_observational,False
arizona_dem,Democratic Arizona governor,GOVPARTYAZ-26-D,housing,sector_energy,Energy sector,sector,market_conditioned,0.05,False,False,37,43,0.8809523809523809,13,1,0.79,0.885,2.9999999999999916,1.0,2026-07-10,2026-09-04,estimated,0.02221544942296641,0.004671451593375882,-0.6548332678283372,0.02814771578609365,0.029282453923053845,-0.03729365678150885,0.08172455562744167,-0.03498759143315808,0.0794184902790909,0.4532829162540918,0.4354382091197508,0.17818894046610378,,,,0.01923183154771417,0.13430373693758205,2026-08-06,True,,,,pilot_observational,False
arizona_dem,Democratic Arizona governor,GOVPARTYAZ-26-D,housing,sector_financials,Financials sector,sector,raw,0.05,False,False,37,43,0.8809523809523809,13,1,0.79,0.885,2.9999999999999916,1.0,2026-07-10,2026-09-04,estimated,0.007681492977916198,0.00032815962014818407,,0.010505372631734728,0.009890000578504683,-0.012396275606906638,0.027759261562739033,-0.013645547290992644,0.02900853324682504,0.44255772981565117,0.46952635484162053,0.009836505551686026,,,,0.014867677555410908,0.9355192536339655,2026-08-06,True,,,,pilot_observational,False
arizona_dem,Democratic Arizona governor,GOVPARTYAZ-26-D,housing,sector_financials,Financials sector,sector,market_conditioned,0.05,False,False,37,43,0.8809523809523809,13,1,0.79,0.885,2.9999999999999916,1.0,2026-07-10,2026-09-04,estimated,0.012337757147093682,-2.2907785689939703e-05,0.544445148156046,0.010218427508801085,0.008328897645144882,-0.004588599360921281,0.029264113655108646,-0.008428586051528457,0.03310410034571582,0.14773045255387215,0.23560970287341246,0.33250132763989537,,,,0.019749692523659008,0.6007522508506582,2026-08-06,True,,,,pilot_observational,False
arizona_dem,Democratic Arizona governor,GOVPARTYAZ-26-D,housing,sector_healthcare,Healthcare sector,sector,raw,0.05,False,False,37,43,0.8809523809523809,13,1,0.79,0.885,2.9999999999999916,1.0,2026-07-10,2026-09-04,estimated,0.0068448774465674,0.0016133795716672026,,0.02040780755243781,0.016216525808090777,-0.026076420165113988,0.03976617505824879,-0.03458517446384383,0.04827492935697863,0.6755389418973207,0.7393218972184809,0.003082280078927302,,,,0.009156146988120643,0.3376641232214184,2026-08-06,True,,,,pilot_observational,False
arizona_dem,Democratic Arizona governor,GOVPARTYAZ-26-D,housing,sector_healthcare,Healthcare sector,sector,market_conditioned,0.05,False,False,37,43,0.8809523809523809,13,1,0.79,0.885,2.9999999999999916,1.0,2026-07-10,2026-09-04,estimated,0.005918517845251583,0.0016832241187742939,-0.10831687637543477,0.02073723698966351,0.016125022710520947,-0.026851471020828126,0.03868850671133129,-0.036224618165412385,0.04806165385591555,0.7158643076347989,0.7770651478833113,0.008122236613895217,,,,0.008190851375666896,0.3839362471870221,2026-08-06,True,,,,pilot_observational,False
arizona_dem,Democratic Arizona governor,GOVPARTYAZ-26-D,housing,sector_staples,Consumer staples sector,sector,raw,0.05,False,False,37,43,0.8809523809523809,13,1,0.79,0.885,2.9999999999999916,1.0,2026-07-10,2026-09-04,estimated,0.004535885622694307,6.395114903341336e-05,,0.01202998641541433,0.011605968989788757,-0.019025484038503473,0.028097255283892085,-0.01988628517598225,0.02895805642137086,0.6982966014292099,0.708414266549031,0.0016453657698159985,,,,0.009404507062130928,1.0733563066664522,2026-08-06,True,,,,pilot_observational,False
arizona_dem,Democratic Arizona governor,GOVPARTYAZ-26-D,housing,sector_staples,Consumer staples sector,sector,market_conditioned,0.05,False,False,37,43,0.8809523809523809,13,1,0.79,0.885,2.9999999999999916,1.0,2026-07-10,2026-09-04,estimated,0.003716611329645896,0.0001257218068569736,-0.09579566314382341,0.012365764325756394,0.011587575800762815,-0.0198321759677572,0.027265398627048992,-0.021413645324889458,0.02884686798418125,0.7503697890875093,0.7655828902710795,0.00643744240906019,,,,0.008555310423461646,1.3019115168754443,2026-08-06,True,,,,pilot_observational,False
arizona_dem,Democratic Arizona governor,GOVPARTYAZ-26-D,housing,cloud_platforms,Cloud platforms,theme,raw,0.05,False,False,37,43,0.8809523809523809,13,1,0.79,0.885,2.9999999999999916,1.0,2026-07-10,2026-09-04,estimated,-0.013503580156841508,0.0018025577978139486,,0.025962579486663053,0.02629987014730487,-0.06689515505483964,0.039887994741156625,-0.0662104186105459,0.03920325829686288,0.6108651026439467,0.6062565240234706,0.0028371784366347796,,,,-0.020736398427037655,0.5356222709969017,2026-08-06,True,,,,pilot_observational,False
arizona_dem,Democratic Arizona governor,GOVPARTYAZ-26-D,housing,cloud_platforms,Cloud platforms,theme,market_conditioned,0.05,False,False,37,43,0.8809523809523809,13,1,0.79,0.885,2.9999999999999916,1.0,2026-07-10,2026-09-04,estimated,0.0018503531537323807,0.0006449203999111349,1.7952964420251327,0.025878369912333245,0.02542583838132991,-0.04982116729152504,0.0535218735989898,-0.05074082201069971,0.05444152831816447,0.9424119911902908,0.9434172439090716,0.33029466776691163,,,,-0.0046874719207861395,3.5332850171498102,2026-08-06,False,,,,pilot_observational,False
arizona_dem,Democratic Arizona governor,GOVPARTYAZ-26-D,housing,electrical_equipment,Electrical equipment,theme,raw,0.05,False,False,37,43,0.8809523809523809,13,1,0.79,0.885,2.9999999999999916,1.0,2026-07-10,2026-09-04,estimated,-0.02686501401862947,0.0006088190515572685,,0.033839709029486235,0.036293714285111585,-0.10054517113448722,0.046815143097228284,-0.09556327560907418,0.04183324757181525,0.4641086239025651,0.43260916833597596,0.005160422882791393,,,,-0.031103527887017497,0.1577707670447833,2026-08-06,True,,,,pilot_observational,False
arizona_dem,Democratic Arizona governor,GOVPARTYAZ-26-D,housing,electrical_equipment,Electrical equipment,theme,market_conditioned,0.05,False,False,37,43,0.8809523809523809,13,1,0.79,0.885,2.9999999999999916,1.0,2026-07-10,2026-09-04,estimated,-0.004458054666359309,-0.001080593921313498,2.6199888711271737,0.03547525268593953,0.03612757446979942,-0.07787811951757616,0.06896201018485755,-0.07655244215401857,0.06763633282129997,0.9025188776617591,0.9007359889846545,0.32564256353368837,,,,-0.007672228992758823,0.720981362264089,2026-08-06,True,,,,pilot_observational,False
arizona_dem,Democratic Arizona governor,GOVPARTYAZ-26-D,housing,regulated_utilities,Regulated utilities,theme,raw,0.05,False,False,37,43,0.8809523809523809,13,1,0.79,0.885,2.9999999999999916,1.0,2026-07-10,2026-09-04,estimated,-0.013036375800368696,-0.00019079773719239175,,0.018716747162353477,0.011825438531539183,-0.03704329231828348,0.010970540717546091,-0.051033392605719596,0.0249606410049822,0.2778103132296002,0.490710527838764,0.015393119996619742,,,,-0.014968012640758869,0.1481728411308565,2026-08-06,True,,,,pilot_observational,False
arizona_dem,Democratic Arizona governor,GOVPARTYAZ-26-D,housing,regulated_utilities,Regulated utilities,theme,market_conditioned,0.05,False,False,37,43,0.8809523809523809,13,1,0.79,0.885,2.9999999999999916,1.0,2026-07-10,2026-09-04,estimated,-0.014345565987904606,-9.208898996765061e-05,-0.15308028490646058,0.01942337217427921,0.012224089946562617,-0.03918790566321241,0.010496773687403198,-0.05381860744151809,0.025127475465708874,0.24873143658489635,0.46523481047284854,0.02925254542800415,,,,-0.016340534606786875,0.13906517320852424,2026-08-06,True,,,,pilot_observational,False
arizona_dem,Democratic Arizona governor,GOVPARTYAZ-26-D,housing,power_generators,Power generators,theme,raw,0.05,False,False,37,43,0.8809523809523809,13,1,0.79,0.885,2.9999999999999916,1.0,2026-07-10,2026-09-04,estimated,-0.022484381073250837,0.0035287304593648347,,0.020069206930963684,0.015333988930773666,-0.053614033573317454,0.00864527142681578,-0.06322703717749695,0.01825827503099527,0.1514916668257855,0.27019694654362714,0.007811735747343618,,,,-0.020636264023215237,0.0821955936440814,2026-08-06,True,,,,pilot_observational,False
arizona_dem,Democratic Arizona governor,GOVPARTYAZ-26-D,housing,power_generators,Power generators,theme,market_conditioned,0.05,False,False,37,43,0.8809523809523809,13,1,0.79,0.885,2.9999999999999916,1.0,2026-07-10,2026-09-04,estimated,-0.018321870651558336,0.003214890504752491,0.4867117759858078,0.018952014436386548,0.014961919672816468,-0.04872814975549236,0.012084408452375687,-0.05683699793041504,0.020193256627298362,0.22915560957294448,0.3404954729540744,0.031713126266808,,,,-0.016279252706963933,0.11148522896163288,2026-08-06,True,,,,pilot_observational,False
arizona_dem,Democratic Arizona governor,GOVPARTYAZ-26-D,housing,data_center_reits,Data-center REITs,theme,raw,0.05,False,False,37,43,0.8809523809523809,13,1,0.79,0.885,2.9999999999999916,1.0,2026-07-10,2026-09-04,estimated,-0.006812295366750863,2.879335138251993e-05,,0.03685909043663681,0.026552512168806906,-0.06071676083560947,0.04709217010210775,-0.08164022709026364,0.06801563635676192,0.7990210841954096,0.8544370614610238,0.001729645367132382,,,,5.387042414805882e-05,1.007907822730498,2026-08-06,False,,,,pilot_observational,False
arizona_dem,Democratic Arizona governor,GOVPARTYAZ-26-D,housing,data_center_reits,Data-center REITs,theme,market_conditioned,0.05,False,False,37,43,0.8809523809523809,13,1,0.79,0.885,2.9999999999999916,1.0,2026-07-10,2026-09-04,estimated,0.0011976269038184654,-0.0005751291346113367,0.9365798758125187,0.03523698623171798,0.025175077231748794,-0.049964285572052534,0.052359539379689464,-0.07041254489049445,0.07280779869813139,0.9623357507208096,0.9730856496776116,0.21520786023972305,,,,0.008443359035076089,6.0500746168574056,2026-08-06,True,,,,pilot_observational,False
arizona_dem,Democratic Arizona governor,GOVPARTYAZ-26-D,housing,integrated_energy,Integrated energy,theme,raw,0.05,False,False,37,43,0.8809523809523809,13,1,0.79,0.885,2.9999999999999916,1.0,2026-07-10,2026-09-04,estimated,0.03880809985133015,0.004436756306464903,,0.028976104891253893,0.026536204094863042,-0.015063258467320526,0.09267945816998083,-0.020016520418217915,0.09763272012087822,0.15253782124777748,0.18910152760055465,0.059745439052103055,,,,0.03629077744182653,0.0648659021994693,2026-08-06,True,,,,pilot_observational,False
arizona_dem,Democratic Arizona governor,GOVPARTYAZ-26-D,housing,integrated_energy,Integrated energy,theme,market_conditioned,0.05,False,False,37,43,0.8809523809523809,13,1,0.79,0.885,2.9999999999999916,1.0,2026-07-10,2026-09-04,estimated,0.03111917222432538,0.005016476824376686,-0.8990467870694722,0.027588696565971696,0.025307661436757223,-0.02031218377419625,0.08255052822284702,-0.0249478048911032,0.08718614933975397,0.22727543214605753,0.26723038736884236,0.2691173302528612,,,,0.02824400296382048,0.09239221531276551,2026-08-06,True,,,,pilot_observational,False
arizona_dem,Democratic Arizona governor,GOVPARTYAZ-26-D,housing,homebuilders,Homebuilders,theme,raw,0.05,False,False,37,43,0.8809523809523809,13,1,0.79,0.885,2.9999999999999916,1.0,2026-07-10,2026-09-04,estimated,-0.06600390451224462,-0.0005143621879262733,,0.036792197285643584,0.04336014140828266,-0.15402967135525525,0.022021862330766,-0.1406960359195804,0.008688226895091161,0.13693728144080133,0.08146194799980847,0.08534362317221544,,,,-0.049441224396739744,0.2509348535954002,2026-08-06,True,,,,pilot_observational,False
arizona_dem,Democratic Arizona governor,GOVPARTYAZ-26-D,housing,homebuilders,Homebuilders,theme,market_conditioned,0.05,False,False,37,43,0.8809523809523809,13,1,0.79,0.885,2.9999999999999916,1.0,2026-07-10,2026-09-04,estimated,-0.05634344426532951,-0.0012427299511938638,1.1295730910637707,0.03642999970316256,0.0424455018239133,-0.14260308229221252,0.029916193761553515,-0.13037811113652775,0.01769122260586873,0.19321114119626914,0.13121287915104776,0.24855645048427655,,,,-0.03930975215681268,0.3023189712773448,2026-08-06,True,,,,pilot_observational,False
arizona_dem,Democratic Arizona governor,GOVPARTYAZ-26-D,housing,machinery_distribution,Machinery and distribution,theme,raw,0.05,False,False,37,43,0.8809523809523809,13,1,0.79,0.885,2.9999999999999916,1.0,2026-07-10,2026-09-04,estimated,-0.00395137207503031,0.0012716952425183812,,0.015075402360903501,0.016708765091337716,-0.037871968558227574,0.029969224408166954,-0.03455606592946445,0.026653321779403827,0.8144349389651048,0.7947752950734238,0.0007169146089626155,,,,-0.005725140197540423,0.44889929088657315,2026-08-06,True,,,,pilot_observational,False
arizona_dem,Democratic Arizona governor,GOVPARTYAZ-26-D,housing,machinery_distribution,Machinery and distribution,theme,market_conditioned,0.05,False,False,37,43,0.8809523809523809,13,1,0.79,0.885,2.9999999999999916,1.0,2026-07-10,2026-09-04,estimated,0.002840675941018539,0.0007595965748554908,0.7941769311241451,0.015717836061968297,0.016170321931717767,-0.030021372018614777,0.03570272390065186,-0.029101810094272564,0.034783161976309644,0.8615935845857159,0.8576529434419924,0.1898205611532897,,,,0.0013766266870835191,0.5153876346099786,2026-08-06,True,,,,pilot_observational,False
arizona_dem,Democratic Arizona governor,GOVPARTYAZ-26-D,housing,managed_care,Managed care (UNH only),single_company_proxy,raw,0.05,False,False,37,43,0.8809523809523809,13,1,0.79,0.885,2.9999999999999916,1.0,2026-07-10,2026-09-04,estimated,-0.01952239729123708,-0.0006487495364732316,,0.02748671809754976,0.023403590610083184,-0.06703421213829223,0.027989417555818075,-0.07532340162265502,0.03627860704018087,0.40984677320332186,0.4822560139190916,0.01583295533973772,,,,-0.0015625671797536412,0.9199602816988556,2026-08-06,True,,,,pilot_observational,False
arizona_dem,Democratic Arizona governor,GOVPARTYAZ-26-D,housing,managed_care,Managed care (UNH only),single_company_proxy,market_conditioned,0.05,False,False,37,43,0.8809523809523809,13,1,0.79,0.885,2.9999999999999916,1.0,2026-07-10,2026-09-04,estimated,-0.018432560314520976,-0.0007309197541200041,0.12743187085086427,0.02748917880409464,0.024035334256804923,-0.06727823638752885,0.0304131157584869,-0.07429729300479532,0.03743217237575337,0.4484370370480422,0.5070439422693258,0.020237952188116637,,,,-0.00039388431904224114,0.9786310576327292,2026-08-06,True,,,,pilot_observational,False
arizona_dem,Democratic Arizona governor,GOVPARTYAZ-26-D,housing,hospitals,Hospitals (HCA only),single_company_proxy,raw,0.05,False,False,37,43,0.8809523809523809,13,1,0.79,0.885,2.9999999999999916,1.0,2026-07-10,2026-09-04,estimated,0.03398880187602782,-0.0009075106967133368,,0.025112041173205125,0.02447083134827228,-0.015689626854976768,0.0836672306070324,-0.016991352004244946,0.08496895575630059,0.17362272207350982,0.1845774525227224,0.02091253638566326,,,,0.04751357889642722,0.3979186165411255,2026-08-06,True,,,,pilot_observational,False
arizona_dem,Democratic Arizona governor,GOVPARTYAZ-26-D,housing,hospitals,Hospitals (HCA only),single_company_proxy,market_conditioned,0.05,False,False,37,43,0.8809523809523809,13,1,0.79,0.885,2.9999999999999916,1.0,2026-07-10,2026-09-04,estimated,0.037234968677127105,-0.0011522612770871045,0.37956604280807843,0.02569761736629553,0.02485286717968136,-0.013272134189582875,0.08774207154383709,-0.01498887311807464,0.08945881047232884,0.14330490016478353,0.15650818952886766,0.03794209896092726,,,,0.05093073453969073,0.3678199915064446,2026-08-06,True,,,,pilot_observational,False
arizona_dem,Democratic Arizona governor,GOVPARTYAZ-26-D,housing,generators_minus_regulated,Generators minus regulated utilities,relative_return_contrast,raw,0.05,False,False,37,43,0.8809523809523809,13,1,0.79,0.885,2.9999999999999916,1.0,2026-07-10,2026-09-04,estimated,-0.009448005272882145,0.0037195281965572255,,0.026788674300048717,0.019465679679621938,-0.048965435919264236,0.03006942537349995,-0.06383190535672725,0.04493589481096296,0.6304402969563351,0.7264385874823861,0.0012553792264221597,,,,-0.005668251382456364,0.4000584018802896,2026-08-06,True,,,,pilot_observational,False
arizona_dem,Democratic Arizona governor,GOVPARTYAZ-26-D,housing,generators_minus_regulated,Generators minus regulated utilities,relative_return_contrast,market_conditioned,0.05,False,False,37,43,0.8809523809523809,13,1,0.79,0.885,2.9999999999999916,1.0,2026-07-10,2026-09-04,estimated,-0.003976304663653732,0.0033069794947201414,0.6397920608922685,0.026143758710802233,0.019395320012247193,-0.043392337265003154,0.035439727937695696,-0.057106814756608844,0.049154205429301386,0.8387839407551114,0.8800118784508305,0.03884484621575801,,,,6.128189982294516e-05,1.0154117717344713,2026-08-06,False,,,,pilot_observational,False
arizona_dem,Democratic Arizona governor,GOVPARTYAZ-26-D,housing,equipment_minus_generators,Equipment minus generators,relative_return_contrast,raw,0.05,False,False,37,43,0.8809523809523809,13,1,0.79,0.885,2.9999999999999916,1.0,2026-07-10,2026-09-04,estimated,-0.004380632945378635,-0.0029199114078075654,,0.03593777968477626,0.03414319140963447,-0.07369499652184656,0.0649337306310893,-0.07733820440715702,0.06857693851639976,0.8986445441338698,0.9036794271650788,0.0001771813813562506,,,,-0.010467263863802256,1.3894409767530818,2026-08-06,True,,,,pilot_observational,False
arizona_dem,Democratic Arizona governor,GOVPARTYAZ-26-D,housing,equipment_minus_generators,Equipment minus generators,relative_return_contrast,market_conditioned,0.05,False,False,37,43,0.8809523809523809,13,1,0.79,0.885,2.9999999999999916,1.0,2026-07-10,2026-09-04,estimated,0.013863815985199025,-0.00429548442606599,2.1332770951413655,0.038403428431753886,0.033968665975895644,-0.0551688189331625,0.08289645090356054,-0.06418134058420878,0.09190897255460682,0.6857331972468256,0.7203294916851212,0.2745446929302259,,,,0.008607023714205103,0.3791735462015696,2026-08-06,True,,,,pilot_observational,False
arizona_dem,Democratic Arizona governor,GOVPARTYAZ-26-D,housing,hospitals_minus_managed_care,Hospitals minus managed care,relative_return_contrast,raw,0.05,False,False,37,43,0.8809523809523809,13,1,0.79,0.885,2.9999999999999916,1.0,2026-07-10,2026-09-04,estimated,0.053511199167264906,-0.00025876116024010394,,0.026349394997763162,0.01902953638425646,0.0148791864826575,0.09214321185187231,1.908347770598201e-05,0.10700331485682382,0.008015651584212686,0.04992269463716093,0.05170495912544204,,,,0.049076146076180854,0.08288083915333304,2026-08-06,True,,,,pilot_observational,False
arizona_dem,Democratic Arizona governor,GOVPARTYAZ-26-D,housing,hospitals_minus_managed_care,Hospitals minus managed care,relative_return_contrast,market_conditioned,0.05,False,False,37,43,0.8809523809523809,13,1,0.79,0.885,2.9999999999999916,1.0,2026-07-10,2026-09-04,estimated,0.055667528991648084,-0.0004213415229670987,0.2521341719572141,0.027129348538617246,0.019822032153384957,0.01538431298441223,0.09595074499888394,0.0005340593826765119,0.11080099860061965,0.008191466867677931,0.0479410958084825,0.05920044935657853,,,,0.05132461885873296,0.07801514117083763,2026-08-06,True,,,,pilot_observational,False
arizona_dem,Democratic Arizona governor,GOVPARTYAZ-26-D,housing,sector_technology,Technology sector,sector,raw,0.1,False,False,37,43,0.8809523809523809,13,1,0.79,0.885,2.9999999999999916,1.0,2026-07-10,2026-09-04,estimated,-0.01898291005794162,0.0014735171820673195,,0.021600130371808565,0.01965928648817325,-0.05889338342132698,0.02092756330544374,-0.06283350597699121,0.024867685861107974,0.3408717675265948,0.38548561243866714,0.009070750330736232,-0.06623275945740978,0.01784891934325566,500.0,-0.020322685584369872,0.07057798421521518,2026-08-06,True,,,,pilot_observational,False
arizona_dem,Democratic Arizona governor,GOVPARTYAZ-26-D,housing,sector_technology,Technology sector,sector,market_conditioned,0.1,False,False,37,43,0.8809523809523809,13,1,0.79,0.885,2.9999999999999916,1.0,2026-07-10,2026-09-04,estimated,-0.002142096183455874,0.00020377375164619418,1.9691536115276813,0.015856611436750868,0.014410575945783323,-0.03142791002538002,0.027143717658468274,-0.034366607712177366,0.03008241534526562,0.8827099382582995,0.8933359991131008,0.6464099287645795,-0.03573131580249546,0.031535378916666516,500.0,-0.0027090407524079227,0.2646681196347536,2026-08-06,True,,,,pilot_observational,False
arizona_dem,Democratic Arizona governor,GOVPARTYAZ-26-D,housing,sector_consumer_discretionary,Consumer discretionary sector,sector,raw,0.1,False,False,37,43,0.8809523809523809,13,1,0.79,0.885,2.9999999999999916,1.0,2026-07-10,2026-09-04,estimated,-0.03014878182805297,-0.00040310939507490315,,0.019703439089750474,0.01841868870948176,-0.06754070780514697,0.007243144149041033,-0.07014888973795312,0.009851326081847186,0.11062184147820506,0.1349741255561341,0.042593042484042054,-0.08599103077858147,0.007873928842234246,500.0,-0.03610375704834438,0.19751959645515085,2026-08-06,True,,,,pilot_observational,False
arizona_dem,Democratic Arizona governor,GOVPARTYAZ-26-D,housing,sector_consumer_discretionary,Consumer discretionary sector,sector,market_conditioned,0.1,False,False,37,43,0.8809523809523809,13,1,0.79,0.885,2.9999999999999916,1.0,2026-07-10,2026-09-04,estimated,-0.020914130345013063,-0.0010993725412749367,1.079784353330891,0.01624970362606038,0.015211146981183015,-0.051826900277947036,0.00999863958792091,-0.05393750131711449,0.012109240627088368,0.17814946301162987,0.20677149194829947,0.3993455019526502,-0.0644611742858683,0.010986644449760498,500.0,-0.026453664583323516,0.26487040804120005,2026-08-06,True,,,,pilot_observational,False
arizona_dem,Democratic Arizona governor,GOVPARTYAZ-26-D,housing,sector_communications,Communication services sector,sector,raw,0.1,False,False,37,43,0.8809523809523809,13,1,0.79,0.885,2.9999999999999916,1.0,2026-07-10,2026-09-04,estimated,-0.0007177549257109486,-0.000538366730800544,,0.01753916981587697,0.018286292638845857,-0.03784090259013781,0.036405392738715917,-0.036324162623851894,0.03488865277243,0.968913329641426,0.9675898632892485,2.5908466324775503e-05,-0.04534890223502812,0.03737904267986681,500.0,-0.005035146856697476,6.015133823999991,2026-08-06,True,,,,pilot_observational,False
arizona_dem,Democratic Arizona governor,GOVPARTYAZ-26-D,housing,sector_communications,Communication services sector,sector,market_conditioned,0.1,False,False,37,43,0.8809523809523809,13,1,0.79,0.885,2.9999999999999916,1.0,2026-07-10,2026-09-04,estimated,0.005217840250462598,-0.0009858915972800653,0.6940340748873304,0.016343759606963045,0.017325588961050555,-0.029991992786328067,0.04042767328725326,-0.027996675472396766,0.03843235597332196,0.7651237794996563,0.7514858563519662,0.1582034129017229,-0.03799154169470663,0.0407692646089274,500.0,0.001166691463974875,0.7764033761149663,2026-08-06,True,,,,pilot_observational,False
arizona_dem,Democratic Arizona governor,GOVPARTYAZ-26-D,housing,sector_industrials,Industrials sector,sector,raw,0.1,False,False,37,43,0.8809523809523809,13,1,0.79,0.885,2.9999999999999916,1.0,2026-07-10,2026-09-04,estimated,-0.007779665212934719,-0.0007971532302849772,,0.014151414476048601,0.01295054305458474,-0.03407066534319461,0.018511334917325175,-0.036508563936717656,0.020949233510848216,0.5518963048435905,0.5859856656704727,0.00519058298636732,-0.028493093328768773,0.03054458532756195,500.0,-0.0012102504270426508,0.8444341248733365,2026-08-06,True,,,,pilot_observational,False
arizona_dem,Democratic Arizona governor,GOVPARTYAZ-26-D,housing,sector_industrials,Industrials sector,sector,market_conditioned,0.1,False,False,37,43,0.8809523809523809,13,1,0.79,0.885,2.9999999999999916,1.0,2026-07-10,2026-09-04,estimated,-0.000980787478792394,-0.001309766836818723,0.7949755127217878,0.014187533624640552,0.01228387022761208,-0.02594461530202844,0.02398304034444365,-0.029813324788228665,0.027851749830643875,0.9368298223177028,0.9452909426731257,0.35910284990323005,-0.021753532052722003,0.04488348899479412,500.0,0.0059119903336243545,7.027799560515965,2026-08-06,False,,,,pilot_observational,False
arizona_dem,Democratic Arizona governor,GOVPARTYAZ-26-D,housing,sector_utilities,Utilities sector,sector,raw,0.1,False,False,37,43,0.8809523809523809,13,1,0.79,0.885,2.9999999999999916,1.0,2026-07-10,2026-09-04,estimated,-0.0110543201251823,-0.00036879490920599357,,0.014420152403188977,0.009520316860874845,-0.030381590863899736,0.008272950613535139,-0.04032878584547448,0.018220145595109878,0.25344740806093535,0.448466325746862,0.014283963577268355,-0.025443725332935884,0.012531043772278727,500.0,-0.007736282961756429,0.30015750637320643,2026-08-06,True,,,,pilot_observational,False
arizona_dem,Democratic Arizona governor,GOVPARTYAZ-26-D,housing,sector_utilities,Utilities sector,sector,market_conditioned,0.1,False,False,37,43,0.8809523809523809,13,1,0.79,0.885,2.9999999999999916,1.0,2026-07-10,2026-09-04,estimated,-0.01132198226656434,-0.000348614040981614,-0.031297054661366716,0.015047933085601432,0.00991154604450499,-0.03146466729435936,0.00882070276123068,-0.041903061656358286,0.019259097123229603,0.2613091350595238,0.45699157849188243,0.01503159128216558,-0.02661905959740175,0.013997376355649998,500.0,-0.00801096102016736,0.29244183292663917,2026-08-06,True,,,,pilot_observational,False
arizona_dem,Democratic Arizona governor,GOVPARTYAZ-26-D,housing,sector_real_estate,Real estate sector,sector,raw,0.1,False,False,37,43,0.8809523809523809,13,1,0.79,0.885,2.9999999999999916,1.0,2026-07-10,2026-09-04,estimated,-0.008101824564264918,-0.00036807657341505286,,0.01694927483666038,0.014004355725429164,-0.03653217815249675,0.02032852902396691,-0.04251068178826319,0.026307032659733352,0.5666163119765802,0.6356193425441294,0.010080553107691292,-0.030701146886104588,0.026233393426951402,500.0,-0.0010114383083243816,0.8751591940430828,2026-08-06,True,,,,pilot_observational,False
arizona_dem,Democratic Arizona governor,GOVPARTYAZ-26-D,housing,sector_real_estate,Real estate sector,sector,market_conditioned,0.1,False,False,37,43,0.8809523809523809,13,1,0.79,0.885,2.9999999999999916,1.0,2026-07-10,2026-09-04,estimated,-0.008046263041356203,-0.0003722657342966667,0.0064966678162407905,0.017189766568114658,0.014243756520277245,-0.036993059021748084,0.020900532939035682,-0.0429800717658605,0.0268875456831481,0.5758520228064592,0.6427110300231942,0.010122877799576768,-0.0320107147719538,0.02584909061552383,500.0,-0.0009419917019473094,0.8829280503128399,2026-08-06,True,,,,pilot_observational,False
arizona_dem,Democratic Arizona governor,GOVPARTYAZ-26-D,housing,sector_energy,Energy sector,sector,raw,0.1,False,False,37,43,0.8809523809523809,13,1,0.79,0.885,2.9999999999999916,1.0,2026-07-10,2026-09-04,estimated,0.027815787110061725,0.004249204067850859,,0.02897356170027438,0.029691869725500187,-0.03246191302425254,0.08809348724437599,-0.03100367020731578,0.08663524442743922,0.3552734100517702,0.3436205938927478,0.03857850048877398,-0.04663999389535803,0.06947057394312192,500.0,0.02509423078147001,0.09784214690107602,2026-08-06,True,,,,pilot_observational,False
arizona_dem,Democratic Arizona governor,GOVPARTYAZ-26-D,housing,sector_energy,Energy sector,sector,market_conditioned,0.1,False,False,37,43,0.8809523809523809,13,1,0.79,0.885,2.9999999999999916,1.0,2026-07-10,2026-09-04,estimated,0.02221544942296641,0.004671451593375882,-0.6548332678283372,0.02814771578609365,0.029282453923053845,-0.03729365678150885,0.08172455562744167,-0.03498759143315808,0.0794184902790909,0.4532829162540918,0.4354382091197508,0.17818894046610378,-0.05535027794932388,0.0626691954622814,500.0,0.01923183154771417,0.13430373693758205,2026-08-06,True,,,,pilot_observational,False
arizona_dem,Democratic Arizona governor,GOVPARTYAZ-26-D,housing,sector_financials,Financials sector,sector,raw,0.1,False,False,37,43,0.8809523809523809,13,1,0.79,0.885,2.9999999999999916,1.0,2026-07-10,2026-09-04,estimated,0.007681492977916198,0.00032815962014818407,,0.010505372631734728,0.009890000578504683,-0.012396275606906638,0.027759261562739033,-0.013645547290992644,0.02900853324682504,0.44255772981565117,0.46952635484162053,0.009836505551686026,-0.007371802838041718,0.0348491294105415,500.0,0.014867677555410908,0.9355192536339655,2026-08-06,True,,,,pilot_observational,False
arizona_dem,Democratic Arizona governor,GOVPARTYAZ-26-D,housing,sector_financials,Financials sector,sector,market_conditioned,0.1,False,False,37,43,0.8809523809523809,13,1,0.79,0.885,2.9999999999999916,1.0,2026-07-10,2026-09-04,estimated,0.012337757147093682,-2.2907785689939703e-05,0.544445148156046,0.010218427508801085,0.008328897645144882,-0.004588599360921281,0.029264113655108646,-0.008428586051528457,0.03310410034571582,0.14773045255387215,0.23560970287341246,0.33250132763989537,0.001837352143670398,0.04055686016960112,500.0,0.019749692523659008,0.6007522508506582,2026-08-06,True,,,,pilot_observational,True
arizona_dem,Democratic Arizona governor,GOVPARTYAZ-26-D,housing,sector_healthcare,Healthcare sector,sector,raw,0.1,False,False,37,43,0.8809523809523809,13,1,0.79,0.885,2.9999999999999916,1.0,2026-07-10,2026-09-04,estimated,0.0068448774465674,0.0016133795716672026,,0.02040780755243781,0.016216525808090777,-0.026076420165113988,0.03976617505824879,-0.03458517446384383,0.04827492935697863,0.6755389418973207,0.7393218972184809,0.003082280078927302,-0.0384478471639855,0.03803499906240241,500.0,0.009156146988120643,0.3376641232214184,2026-08-06,True,,,,pilot_observational,False
arizona_dem,Democratic Arizona governor,GOVPARTYAZ-26-D,housing,sector_healthcare,Healthcare sector,sector,market_conditioned,0.1,False,False,37,43,0.8809523809523809,13,1,0.79,0.885,2.9999999999999916,1.0,2026-07-10,2026-09-04,estimated,0.005918517845251583,0.0016832241187742939,-0.10831687637543477,0.02073723698966351,0.016125022710520947,-0.026851471020828126,0.03868850671133129,-0.036224618165412385,0.04806165385591555,0.7158643076347989,0.7770651478833113,0.008122236613895217,-0.03788014168335354,0.037189236168549994,500.0,0.008190851375666896,0.3839362471870221,2026-08-06,True,,,,pilot_observational,False
arizona_dem,Democratic Arizona governor,GOVPARTYAZ-26-D,housing,sector_staples,Consumer staples sector,sector,raw,0.1,False,False,37,43,0.8809523809523809,13,1,0.79,0.885,2.9999999999999916,1.0,2026-07-10,2026-09-04,estimated,0.004535885622694307,6.395114903341336e-05,,0.01202998641541433,0.011605968989788757,-0.019025484038503473,0.028097255283892085,-0.01988628517598225,0.02895805642137086,0.6982966014292099,0.708414266549031,0.0016453657698159985,-0.024247116892024252,0.02963761104471311,500.0,0.009404507062130928,1.0733563066664522,2026-08-06,True,,,,pilot_observational,False
arizona_dem,Democratic Arizona governor,GOVPARTYAZ-26-D,housing,sector_staples,Consumer staples sector,sector,market_conditioned,0.1,False,False,37,43,0.8809523809523809,13,1,0.79,0.885,2.9999999999999916,1.0,2026-07-10,2026-09-04,estimated,0.003716611329645896,0.0001257218068569736,-0.09579566314382341,0.012365764325756394,0.011587575800762815,-0.0198321759677572,0.027265398627048992,-0.021413645324889458,0.02884686798418125,0.7503697890875093,0.7655828902710795,0.00643744240906019,-0.02388316849636605,0.028223331639969863,500.0,0.008555310423461646,1.3019115168754443,2026-08-06,True,,,,pilot_observational,False
arizona_dem,Democratic Arizona governor,GOVPARTYAZ-26-D,housing,cloud_platforms,Cloud platforms,theme,raw,0.1,False,False,37,43,0.8809523809523809,13,1,0.79,0.885,2.9999999999999916,1.0,2026-07-10,2026-09-04,estimated,-0.013503580156841508,0.0018025577978139486,,0.025962579486663053,0.02629987014730487,-0.06689515505483964,0.039887994741156625,-0.0662104186105459,0.03920325829686288,0.6108651026439467,0.6062565240234706,0.0028371784366347796,-0.09724392379311853,0.03803161142947402,500.0,-0.020736398427037655,0.5356222709969017,2026-08-06,True,,,,pilot_observational,False
arizona_dem,Democratic Arizona governor,GOVPARTYAZ-26-D,housing,cloud_platforms,Cloud platforms,theme,market_conditioned,0.1,False,False,37,43,0.8809523809523809,13,1,0.79,0.885,2.9999999999999916,1.0,2026-07-10,2026-09-04,estimated,0.0018503531537323807,0.0006449203999111349,1.7952964420251327,0.025878369912333245,0.02542583838132991,-0.04982116729152504,0.0535218735989898,-0.05074082201069971,0.05444152831816447,0.9424119911902908,0.9434172439090716,0.33029466776691163,-0.06287430533929189,0.04982550300626194,500.0,-0.0046874719207861395,3.5332850171498102,2026-08-06,False,,,,pilot_observational,False
arizona_dem,Democratic Arizona governor,GOVPARTYAZ-26-D,housing,electrical_equipment,Electrical equipment,theme,raw,0.1,False,False,37,43,0.8809523809523809,13,1,0.79,0.885,2.9999999999999916,1.0,2026-07-10,2026-09-04,estimated,-0.02686501401862947,0.0006088190515572685,,0.033839709029486235,0.036293714285111585,-0.10054517113448722,0.046815143097228284,-0.09556327560907418,0.04183324757181525,0.4641086239025651,0.43260916833597596,0.005160422882791393,-0.12093205285570321,0.05406015427841178,500.0,-0.031103527887017497,0.1577707670447833,2026-08-06,True,,,,pilot_observational,False
arizona_dem,Democratic Arizona governor,GOVPARTYAZ-26-D,housing,electrical_equipment,Electrical equipment,theme,market_conditioned,0.1,False,False,37,43,0.8809523809523809,13,1,0.79,0.885,2.9999999999999916,1.0,2026-07-10,2026-09-04,estimated,-0.004458054666359309,-0.001080593921313498,2.6199888711271737,0.03547525268593953,0.03612757446979942,-0.07787811951757616,0.06896201018485755,-0.07655244215401857,0.06763633282129997,0.9025188776617591,0.9007359889846545,0.32564256353368837,-0.09474648602707772,0.09290462298100038,500.0,-0.007672228992758823,0.720981362264089,2026-08-06,True,,,,pilot_observational,False
arizona_dem,Democratic Arizona governor,GOVPARTYAZ-26-D,housing,regulated_utilities,Regulated utilities,theme,raw,0.1,False,False,37,43,0.8809523809523809,13,1,0.79,0.885,2.9999999999999916,1.0,2026-07-10,2026-09-04,estimated,-0.013036375800368696,-0.00019079773719239175,,0.018716747162353477,0.011825438531539183,-0.03704329231828348,0.010970540717546091,-0.051033392605719596,0.0249606410049822,0.2778103132296002,0.490710527838764,0.015393119996619742,-0.030873667375526295,0.01854740017649172,500.0,-0.014968012640758869,0.1481728411308565,2026-08-06,True,,,,pilot_observational,False
arizona_dem,Democratic Arizona governor,GOVPARTYAZ-26-D,housing,regulated_utilities,Regulated utilities,theme,market_conditioned,0.1,False,False,37,43,0.8809523809523809,13,1,0.79,0.885,2.9999999999999916,1.0,2026-07-10,2026-09-04,estimated,-0.014345565987904606,-9.208898996765061e-05,-0.15308028490646058,0.01942337217427921,0.012224089946562617,-0.03918790566321241,0.010496773687403198,-0.05381860744151809,0.025127475465708874,0.24873143658489635,0.46523481047284854,0.02925254542800415,-0.033199379109986195,0.017136582308312477,500.0,-0.016340534606786875,0.13906517320852424,2026-08-06,True,,,,pilot_observational,False
arizona_dem,Democratic Arizona governor,GOVPARTYAZ-26-D,housing,power_generators,Power generators,theme,raw,0.1,False,False,37,43,0.8809523809523809,13,1,0.79,0.885,2.9999999999999916,1.0,2026-07-10,2026-09-04,estimated,-0.022484381073250837,0.0035287304593648347,,0.020069206930963684,0.015333988930773666,-0.053614033573317454,0.00864527142681578,-0.06322703717749695,0.01825827503099527,0.1514916668257855,0.27019694654362714,0.007811735747343618,-0.06493678999737047,0.008431899822008542,500.0,-0.020636264023215237,0.0821955936440814,2026-08-06,True,,,,pilot_observational,False
arizona_dem,Democratic Arizona governor,GOVPARTYAZ-26-D,housing,power_generators,Power generators,theme,market_conditioned,0.1,False,False,37,43,0.8809523809523809,13,1,0.79,0.885,2.9999999999999916,1.0,2026-07-10,2026-09-04,estimated,-0.018321870651558336,0.003214890504752491,0.4867117759858078,0.018952014436386548,0.014961919672816468,-0.04872814975549236,0.012084408452375687,-0.05683699793041504,0.020193256627298362,0.22915560957294448,0.3404954729540744,0.031713126266808,-0.05607317675243203,0.015501281532165413,500.0,-0.016279252706963933,0.11148522896163288,2026-08-06,True,,,,pilot_observational,False
arizona_dem,Democratic Arizona governor,GOVPARTYAZ-26-D,housing,data_center_reits,Data-center REITs,theme,raw,0.1,False,False,37,43,0.8809523809523809,13,1,0.79,0.885,2.9999999999999916,1.0,2026-07-10,2026-09-04,estimated,-0.006812295366750863,2.879335138251993e-05,,0.03685909043663681,0.026552512168806906,-0.06071676083560947,0.04709217010210775,-0.08164022709026364,0.06801563635676192,0.7990210841954096,0.8544370614610238,0.001729645367132382,-0.06695983309546238,0.03485323084448302,500.0,5.387042414805882e-05,1.007907822730498,2026-08-06,False,,,,pilot_observational,False
arizona_dem,Democratic Arizona governor,GOVPARTYAZ-26-D,housing,data_center_reits,Data-center REITs,theme,market_conditioned,0.1,False,False,37,43,0.8809523809523809,13,1,0.79,0.885,2.9999999999999916,1.0,2026-07-10,2026-09-04,estimated,0.0011976269038184654,-0.0005751291346113367,0.9365798758125187,0.03523698623171798,0.025175077231748794,-0.049964285572052534,0.052359539379689464,-0.07041254489049445,0.07280779869813139,0.9623357507208096,0.9730856496776116,0.21520786023972305,-0.056871013199258386,0.043741264221618885,500.0,0.008443359035076089,6.0500746168574056,2026-08-06,True,,,,pilot_observational,False
arizona_dem,Democratic Arizona governor,GOVPARTYAZ-26-D,housing,integrated_energy,Integrated energy,theme,raw,0.1,False,False,37,43,0.8809523809523809,13,1,0.79,0.885,2.9999999999999916,1.0,2026-07-10,2026-09-04,estimated,0.03880809985133015,0.004436756306464903,,0.028976104891253893,0.026536204094863042,-0.015063258467320526,0.09267945816998083,-0.020016520418217915,0.09763272012087822,0.15253782124777748,0.18910152760055465,0.059745439052103055,-0.021636912526190336,0.07528587588374466,500.0,0.03629077744182653,0.0648659021994693,2026-08-06,True,,,,pilot_observational,False
arizona_dem,Democratic Arizona governor,GOVPARTYAZ-26-D,housing,integrated_energy,Integrated energy,theme,market_conditioned,0.1,False,False,37,43,0.8809523809523809,13,1,0.79,0.885,2.9999999999999916,1.0,2026-07-10,2026-09-04,estimated,0.03111917222432538,0.005016476824376686,-0.8990467870694722,0.027588696565971696,0.025307661436757223,-0.02031218377419625,0.08255052822284702,-0.0249478048911032,0.08718614933975397,0.22727543214605753,0.26723038736884236,0.2691173302528612,-0.03292989558378725,0.0646877081972366,500.0,0.02824400296382048,0.09239221531276551,2026-08-06,True,,,,pilot_observational,False
arizona_dem,Democratic Arizona governor,GOVPARTYAZ-26-D,housing,homebuilders,Homebuilders,theme,raw,0.1,False,False,37,43,0.8809523809523809,13,1,0.79,0.885,2.9999999999999916,1.0,2026-07-10,2026-09-04,estimated,-0.06600390451224462,-0.0005143621879262733,,0.036792197285643584,0.04336014140828266,-0.15402967135525525,0.022021862330766,-0.1406960359195804,0.008688226895091161,0.13693728144080133,0.08146194799980847,0.08534362317221544,-0.13281894737029126,0.07339652279334326,500.0,-0.049441224396739744,0.2509348535954002,2026-08-06,True,,,,pilot_observational,False
arizona_dem,Democratic Arizona governor,GOVPARTYAZ-26-D,housing,homebuilders,Homebuilders,theme,market_conditioned,0.1,False,False,37,43,0.8809523809523809,13,1,0.79,0.885,2.9999999999999916,1.0,2026-07-10,2026-09-04,estimated,-0.05634344426532951,-0.0012427299511938638,1.1295730910637707,0.03642999970316256,0.0424455018239133,-0.14260308229221252,0.029916193761553515,-0.13037811113652775,0.01769122260586873,0.19321114119626914,0.13121287915104776,0.24855645048427655,-0.12123687071182064,0.09130194895694137,500.0,-0.03930975215681268,0.3023189712773448,2026-08-06,True,,,,pilot_observational,False
arizona_dem,Democratic Arizona governor,GOVPARTYAZ-26-D,housing,machinery_distribution,Machinery and distribution,theme,raw,0.1,False,False,37,43,0.8809523809523809,13,1,0.79,0.885,2.9999999999999916,1.0,2026-07-10,2026-09-04,estimated,-0.00395137207503031,0.0012716952425183812,,0.015075402360903501,0.016708765091337716,-0.037871968558227574,0.029969224408166954,-0.03455606592946445,0.026653321779403827,0.8144349389651048,0.7947752950734238,0.0007169146089626155,-0.03870373464130864,0.04153530014459673,500.0,-0.005725140197540423,0.44889929088657315,2026-08-06,True,,,,pilot_observational,False
arizona_dem,Democratic Arizona governor,GOVPARTYAZ-26-D,housing,machinery_distribution,Machinery and distribution,theme,market_conditioned,0.1,False,False,37,43,0.8809523809523809,13,1,0.79,0.885,2.9999999999999916,1.0,2026-07-10,2026-09-04,estimated,0.002840675941018539,0.0007595965748554908,0.7941769311241451,0.015717836061968297,0.016170321931717767,-0.030021372018614777,0.03570272390065186,-0.029101810094272564,0.034783161976309644,0.8615935845857159,0.8576529434419924,0.1898205611532897,-0.03484686244026523,0.0556678016570493,500.0,0.0013766266870835191,0.5153876346099786,2026-08-06,True,,,,pilot_observational,False
arizona_dem,Democratic Arizona governor,GOVPARTYAZ-26-D,housing,managed_care,Managed care (UNH only),single_company_proxy,raw,0.1,False,False,37,43,0.8809523809523809,13,1,0.79,0.885,2.9999999999999916,1.0,2026-07-10,2026-09-04,estimated,-0.01952239729123708,-0.0006487495364732316,,0.02748671809754976,0.023403590610083184,-0.06703421213829223,0.027989417555818075,-0.07532340162265502,0.03627860704018087,0.40984677320332186,0.4822560139190916,0.01583295533973772,-0.06495431161355844,0.03299448679679459,500.0,-0.0015625671797536412,0.9199602816988556,2026-08-06,True,,,,pilot_observational,False
arizona_dem,Democratic Arizona governor,GOVPARTYAZ-26-D,housing,managed_care,Managed care (UNH only),single_company_proxy,market_conditioned,0.1,False,False,37,43,0.8809523809523809,13,1,0.79,0.885,2.9999999999999916,1.0,2026-07-10,2026-09-04,estimated,-0.018432560314520976,-0.0007309197541200041,0.12743187085086427,0.02748917880409464,0.024035334256804923,-0.06727823638752885,0.0304131157584869,-0.07429729300479532,0.03743217237575337,0.4484370370480422,0.5070439422693258,0.020237952188116637,-0.06173459999339887,0.03940396245255528,500.0,-0.00039388431904224114,0.9786310576327292,2026-08-06,True,,,,pilot_observational,False
arizona_dem,Democratic Arizona governor,GOVPARTYAZ-26-D,housing,hospitals,Hospitals (HCA only),single_company_proxy,raw,0.1,False,False,37,43,0.8809523809523809,13,1,0.79,0.885,2.9999999999999916,1.0,2026-07-10,2026-09-04,estimated,0.03398880187602782,-0.0009075106967133368,,0.025112041173205125,0.02447083134827228,-0.015689626854976768,0.0836672306070324,-0.016991352004244946,0.08496895575630059,0.17362272207350982,0.1845774525227224,0.02091253638566326,-0.0027177201180499234,0.11248997985774621,500.0,0.04751357889642722,0.3979186165411255,2026-08-06,True,,,,pilot_observational,False
arizona_dem,Democratic Arizona governor,GOVPARTYAZ-26-D,housing,hospitals,Hospitals (HCA only),single_company_proxy,market_conditioned,0.1,False,False,37,43,0.8809523809523809,13,1,0.79,0.885,2.9999999999999916,1.0,2026-07-10,2026-09-04,estimated,0.037234968677127105,-0.0011522612770871045,0.37956604280807843,0.02569761736629553,0.02485286717968136,-0.013272134189582875,0.08774207154383709,-0.01498887311807464,0.08945881047232884,0.14330490016478353,0.15650818952886766,0.03794209896092726,-0.003531083147145263,0.12522245578157853,500.0,0.05093073453969073,0.3678199915064446,2026-08-06,True,,,,pilot_observational,False
arizona_dem,Democratic Arizona governor,GOVPARTYAZ-26-D,housing,generators_minus_regulated,Generators minus regulated utilities,relative_return_contrast,raw,0.1,False,False,37,43,0.8809523809523809,13,1,0.79,0.885,2.9999999999999916,1.0,2026-07-10,2026-09-04,estimated,-0.009448005272882145,0.0037195281965572255,,0.026788674300048717,0.019465679679621938,-0.048965435919264236,0.03006942537349995,-0.06383190535672725,0.04493589481096296,0.6304402969563351,0.7264385874823861,0.0012553792264221597,-0.06603360580427076,0.024878784123577604,500.0,-0.005668251382456364,0.4000584018802896,2026-08-06,True,,,,pilot_observational,False
arizona_dem,Democratic Arizona governor,GOVPARTYAZ-26-D,housing,generators_minus_regulated,Generators minus regulated utilities,relative_return_contrast,market_conditioned,0.1,False,False,37,43,0.8809523809523809,13,1,0.79,0.885,2.9999999999999916,1.0,2026-07-10,2026-09-04,estimated,-0.003976304663653732,0.0033069794947201414,0.6397920608922685,0.026143758710802233,0.019395320012247193,-0.043392337265003154,0.035439727937695696,-0.057106814756608844,0.049154205429301386,0.8387839407551114,0.8800118784508305,0.03884484621575801,-0.05242043516880316,0.027371559700812818,500.0,6.128189982294516e-05,1.0154117717344713,2026-08-06,False,,,,pilot_observational,False
arizona_dem,Democratic Arizona governor,GOVPARTYAZ-26-D,housing,equipment_minus_generators,Equipment minus generators,relative_return_contrast,raw,0.1,False,False,37,43,0.8809523809523809,13,1,0.79,0.885,2.9999999999999916,1.0,2026-07-10,2026-09-04,estimated,-0.004380632945378635,-0.0029199114078075654,,0.03593777968477626,0.03414319140963447,-0.07369499652184656,0.0649337306310893,-0.07733820440715702,0.06857693851639976,0.8986445441338698,0.9036794271650788,0.0001771813813562506,-0.087456349423761,0.08443503387124844,500.0,-0.010467263863802256,1.3894409767530818,2026-08-06,True,,,,pilot_observational,False
arizona_dem,Democratic Arizona governor,GOVPARTYAZ-26-D,housing,equipment_minus_generators,Equipment minus generators,relative_return_contrast,market_conditioned,0.1,False,False,37,43,0.8809523809523809,13,1,0.79,0.885,2.9999999999999916,1.0,2026-07-10,2026-09-04,estimated,0.013863815985199025,-0.00429548442606599,2.1332770951413655,0.038403428431753886,0.033968665975895644,-0.0551688189331625,0.08289645090356054,-0.06418134058420878,0.09190897255460682,0.6857331972468256,0.7203294916851212,0.2745446929302259,-0.06483426628585152,0.10937355333831576,500.0,0.008607023714205103,0.3791735462015696,2026-08-06,True,,,,pilot_observational,False
arizona_dem,Democratic Arizona governor,GOVPARTYAZ-26-D,housing,hospitals_minus_managed_care,Hospitals minus managed care,relative_return_contrast,raw,0.1,False,False,37,43,0.8809523809523809,13,1,0.79,0.885,2.9999999999999916,1.0,2026-07-10,2026-09-04,estimated,0.053511199167264906,-0.00025876116024010394,,0.026349394997763162,0.01902953638425646,0.0148791864826575,0.09214321185187231,1.908347770598201e-05,0.10700331485682382,0.008015651584212686,0.04992269463716093,0.05170495912544204,0.025224902273069894,0.11845571505984173,500.0,0.049076146076180854,0.08288083915333304,2026-08-06,True,,,,pilot_observational,True
arizona_dem,Democratic Arizona governor,GOVPARTYAZ-26-D,housing,hospitals_minus_managed_care,Hospitals minus managed care,relative_return_contrast,market_conditioned,0.1,False,False,37,43,0.8809523809523809,13,1,0.79,0.885,2.9999999999999916,1.0,2026-07-10,2026-09-04,estimated,0.055667528991648084,-0.0004213415229670987,0.2521341719572141,0.027129348538617246,0.019822032153384957,0.01538431298441223,0.09595074499888394,0.0005340593826765119,0.11080099860061965,0.008191466867677931,0.0479410958084825,0.05920044935657853,0.02257644304606297,0.11807060159758634,500.0,0.05132461885873296,0.07801514117083763,2026-08-06,True,,,,pilot_observational,True
arizona_dem,Democratic Arizona governor,GOVPARTYAZ-26-D,housing,sector_technology,Technology sector,sector,raw,0.15,False,False,37,43,0.8809523809523809,13,1,0.79,0.885,2.9999999999999916,1.0,2026-07-10,2026-09-04,estimated,-0.01898291005794162,0.0014735171820673195,,0.021600130371808565,0.01965928648817325,-0.05889338342132698,0.02092756330544374,-0.06283350597699121,0.024867685861107974,0.3408717675265948,0.38548561243866714,0.009070750330736232,,,,-0.020322685584369872,0.07057798421521518,2026-08-06,True,,,,pilot_observational,False
arizona_dem,Democratic Arizona governor,GOVPARTYAZ-26-D,housing,sector_technology,Technology sector,sector,market_conditioned,0.15,False,False,37,43,0.8809523809523809,13,1,0.79,0.885,2.9999999999999916,1.0,2026-07-10,2026-09-04,estimated,-0.002142096183455874,0.00020377375164619418,1.9691536115276813,0.015856611436750868,0.014410575945783323,-0.03142791002538002,0.027143717658468274,-0.034366607712177366,0.03008241534526562,0.8827099382582995,0.8933359991131008,0.6464099287645795,,,,-0.0027090407524079227,0.2646681196347536,2026-08-06,True,,,,pilot_observational,False
arizona_dem,Democratic Arizona governor,GOVPARTYAZ-26-D,housing,sector_consumer_discretionary,Consumer discretionary sector,sector,raw,0.15,False,False,37,43,0.8809523809523809,13,1,0.79,0.885,2.9999999999999916,1.0,2026-07-10,2026-09-04,estimated,-0.03014878182805297,-0.00040310939507490315,,0.019703439089750474,0.01841868870948176,-0.06754070780514697,0.007243144149041033,-0.07014888973795312,0.009851326081847186,0.11062184147820506,0.1349741255561341,0.042593042484042054,,,,-0.03610375704834438,0.19751959645515085,2026-08-06,True,,,,pilot_observational,False
arizona_dem,Democratic Arizona governor,GOVPARTYAZ-26-D,housing,sector_consumer_discretionary,Consumer discretionary sector,sector,market_conditioned,0.15,False,False,37,43,0.8809523809523809,13,1,0.79,0.885,2.9999999999999916,1.0,2026-07-10,2026-09-04,estimated,-0.020914130345013063,-0.0010993725412749367,1.079784353330891,0.01624970362606038,0.015211146981183015,-0.051826900277947036,0.00999863958792091,-0.05393750131711449,0.012109240627088368,0.17814946301162987,0.20677149194829947,0.3993455019526502,,,,-0.026453664583323516,0.26487040804120005,2026-08-06,True,,,,pilot_observational,False
arizona_dem,Democratic Arizona governor,GOVPARTYAZ-26-D,housing,sector_communications,Communication services sector,sector,raw,0.15,False,False,37,43,0.8809523809523809,13,1,0.79,0.885,2.9999999999999916,1.0,2026-07-10,2026-09-04,estimated,-0.0007177549257109486,-0.000538366730800544,,0.01753916981587697,0.018286292638845857,-0.03784090259013781,0.036405392738715917,-0.036324162623851894,0.03488865277243,0.968913329641426,0.9675898632892485,2.5908466324775503e-05,,,,-0.005035146856697476,6.015133823999991,2026-08-06,True,,,,pilot_observational,False
arizona_dem,Democratic Arizona governor,GOVPARTYAZ-26-D,housing,sector_communications,Communication services sector,sector,market_conditioned,0.15,False,False,37,43,0.8809523809523809,13,1,0.79,0.885,2.9999999999999916,1.0,2026-07-10,2026-09-04,estimated,0.005217840250462598,-0.0009858915972800653,0.6940340748873304,0.016343759606963045,0.017325588961050555,-0.029991992786328067,0.04042767328725326,-0.027996675472396766,0.03843235597332196,0.7651237794996563,0.7514858563519662,0.1582034129017229,,,,0.001166691463974875,0.7764033761149663,2026-08-06,True,,,,pilot_observational,False
arizona_dem,Democratic Arizona governor,GOVPARTYAZ-26-D,housing,sector_industrials,Industrials sector,sector,raw,0.15,False,False,37,43,0.8809523809523809,13,1,0.79,0.885,2.9999999999999916,1.0,2026-07-10,2026-09-04,estimated,-0.007779665212934719,-0.0007971532302849772,,0.014151414476048601,0.01295054305458474,-0.03407066534319461,0.018511334917325175,-0.036508563936717656,0.020949233510848216,0.5518963048435905,0.5859856656704727,0.00519058298636732,,,,-0.0012102504270426508,0.8444341248733365,2026-08-06,True,,,,pilot_observational,False
arizona_dem,Democratic Arizona governor,GOVPARTYAZ-26-D,housing,sector_industrials,Industrials sector,sector,market_conditioned,0.15,False,False,37,43,0.8809523809523809,13,1,0.79,0.885,2.9999999999999916,1.0,2026-07-10,2026-09-04,estimated,-0.000980787478792394,-0.001309766836818723,0.7949755127217878,0.014187533624640552,0.01228387022761208,-0.02594461530202844,0.02398304034444365,-0.029813324788228665,0.027851749830643875,0.9368298223177028,0.9452909426731257,0.35910284990323005,,,,0.0059119903336243545,7.027799560515965,2026-08-06,False,,,,pilot_observational,False
arizona_dem,Democratic Arizona governor,GOVPARTYAZ-26-D,housing,sector_utilities,Utilities sector,sector,raw,0.15,False,False,37,43,0.8809523809523809,13,1,0.79,0.885,2.9999999999999916,1.0,2026-07-10,2026-09-04,estimated,-0.0110543201251823,-0.00036879490920599357,,0.014420152403188977,0.009520316860874845,-0.030381590863899736,0.008272950613535139,-0.04032878584547448,0.018220145595109878,0.25344740806093535,0.448466325746862,0.014283963577268355,,,,-0.007736282961756429,0.30015750637320643,2026-08-06,True,,,,pilot_observational,False
arizona_dem,Democratic Arizona governor,GOVPARTYAZ-26-D,housing,sector_utilities,Utilities sector,sector,market_conditioned,0.15,False,False,37,43,0.8809523809523809,13,1,0.79,0.885,2.9999999999999916,1.0,2026-07-10,2026-09-04,estimated,-0.01132198226656434,-0.000348614040981614,-0.031297054661366716,0.015047933085601432,0.00991154604450499,-0.03146466729435936,0.00882070276123068,-0.041903061656358286,0.019259097123229603,0.2613091350595238,0.45699157849188243,0.01503159128216558,,,,-0.00801096102016736,0.29244183292663917,2026-08-06,True,,,,pilot_observational,False
arizona_dem,Democratic Arizona governor,GOVPARTYAZ-26-D,housing,sector_real_estate,Real estate sector,sector,raw,0.15,False,False,37,43,0.8809523809523809,13,1,0.79,0.885,2.9999999999999916,1.0,2026-07-10,2026-09-04,estimated,-0.008101824564264918,-0.00036807657341505286,,0.01694927483666038,0.014004355725429164,-0.03653217815249675,0.02032852902396691,-0.04251068178826319,0.026307032659733352,0.5666163119765802,0.6356193425441294,0.010080553107691292,,,,-0.0010114383083243816,0.8751591940430828,2026-08-06,True,,,,pilot_observational,False
arizona_dem,Democratic Arizona governor,GOVPARTYAZ-26-D,housing,sector_real_estate,Real estate sector,sector,market_conditioned,0.15,False,False,37,43,0.8809523809523809,13,1,0.79,0.885,2.9999999999999916,1.0,2026-07-10,2026-09-04,estimated,-0.008046263041356203,-0.0003722657342966667,0.0064966678162407905,0.017189766568114658,0.014243756520277245,-0.036993059021748084,0.020900532939035682,-0.0429800717658605,0.0268875456831481,0.5758520228064592,0.6427110300231942,0.010122877799576768,,,,-0.0009419917019473094,0.8829280503128399,2026-08-06,True,,,,pilot_observational,False
arizona_dem,Democratic Arizona governor,GOVPARTYAZ-26-D,housing,sector_energy,Energy sector,sector,raw,0.15,False,False,37,43,0.8809523809523809,13,1,0.79,0.885,2.9999999999999916,1.0,2026-07-10,2026-09-04,estimated,0.027815787110061725,0.004249204067850859,,0.02897356170027438,0.029691869725500187,-0.03246191302425254,0.08809348724437599,-0.03100367020731578,0.08663524442743922,0.3552734100517702,0.3436205938927478,0.03857850048877398,,,,0.02509423078147001,0.09784214690107602,2026-08-06,True,,,,pilot_observational,False
arizona_dem,Democratic Arizona governor,GOVPARTYAZ-26-D,housing,sector_energy,Energy sector,sector,market_conditioned,0.15,False,False,37,43,0.8809523809523809,13,1,0.79,0.885,2.9999999999999916,1.0,2026-07-10,2026-09-04,estimated,0.02221544942296641,0.004671451593375882,-0.6548332678283372,0.02814771578609365,0.029282453923053845,-0.03729365678150885,0.08172455562744167,-0.03498759143315808,0.0794184902790909,0.4532829162540918,0.4354382091197508,0.17818894046610378,,,,0.01923183154771417,0.13430373693758205,2026-08-06,True,,,,pilot_observational,False
arizona_dem,Democratic Arizona governor,GOVPARTYAZ-26-D,housing,sector_financials,Financials sector,sector,raw,0.15,False,False,37,43,0.8809523809523809,13,1,0.79,0.885,2.9999999999999916,1.0,2026-07-10,2026-09-04,estimated,0.007681492977916198,0.00032815962014818407,,0.010505372631734728,0.009890000578504683,-0.012396275606906638,0.027759261562739033,-0.013645547290992644,0.02900853324682504,0.44255772981565117,0.46952635484162053,0.009836505551686026,,,,0.014867677555410908,0.9355192536339655,2026-08-06,True,,,,pilot_observational,False
arizona_dem,Democratic Arizona governor,GOVPARTYAZ-26-D,housing,sector_financials,Financials sector,sector,market_conditioned,0.15,False,False,37,43,0.8809523809523809,13,1,0.79,0.885,2.9999999999999916,1.0,2026-07-10,2026-09-04,estimated,0.012337757147093682,-2.2907785689939703e-05,0.544445148156046,0.010218427508801085,0.008328897645144882,-0.004588599360921281,0.029264113655108646,-0.008428586051528457,0.03310410034571582,0.14773045255387215,0.23560970287341246,0.33250132763989537,,,,0.019749692523659008,0.6007522508506582,2026-08-06,True,,,,pilot_observational,False
arizona_dem,Democratic Arizona governor,GOVPARTYAZ-26-D,housing,sector_healthcare,Healthcare sector,sector,raw,0.15,False,False,37,43,0.8809523809523809,13,1,0.79,0.885,2.9999999999999916,1.0,2026-07-10,2026-09-04,estimated,0.0068448774465674,0.0016133795716672026,,0.02040780755243781,0.016216525808090777,-0.026076420165113988,0.03976617505824879,-0.03458517446384383,0.04827492935697863,0.6755389418973207,0.7393218972184809,0.003082280078927302,,,,0.009156146988120643,0.3376641232214184,2026-08-06,True,,,,pilot_observational,False
arizona_dem,Democratic Arizona governor,GOVPARTYAZ-26-D,housing,sector_healthcare,Healthcare sector,sector,market_conditioned,0.15,False,False,37,43,0.8809523809523809,13,1,0.79,0.885,2.9999999999999916,1.0,2026-07-10,2026-09-04,estimated,0.005918517845251583,0.0016832241187742939,-0.10831687637543477,0.02073723698966351,0.016125022710520947,-0.026851471020828126,0.03868850671133129,-0.036224618165412385,0.04806165385591555,0.7158643076347989,0.7770651478833113,0.008122236613895217,,,,0.008190851375666896,0.3839362471870221,2026-08-06,True,,,,pilot_observational,False
arizona_dem,Democratic Arizona governor,GOVPARTYAZ-26-D,housing,sector_staples,Consumer staples sector,sector,raw,0.15,False,False,37,43,0.8809523809523809,13,1,0.79,0.885,2.9999999999999916,1.0,2026-07-10,2026-09-04,estimated,0.004535885622694307,6.395114903341336e-05,,0.01202998641541433,0.011605968989788757,-0.019025484038503473,0.028097255283892085,-0.01988628517598225,0.02895805642137086,0.6982966014292099,0.708414266549031,0.0016453657698159985,,,,0.009404507062130928,1.0733563066664522,2026-08-06,True,,,,pilot_observational,False
arizona_dem,Democratic Arizona governor,GOVPARTYAZ-26-D,housing,sector_staples,Consumer staples sector,sector,market_conditioned,0.15,False,False,37,43,0.8809523809523809,13,1,0.79,0.885,2.9999999999999916,1.0,2026-07-10,2026-09-04,estimated,0.003716611329645896,0.0001257218068569736,-0.09579566314382341,0.012365764325756394,0.011587575800762815,-0.0198321759677572,0.027265398627048992,-0.021413645324889458,0.02884686798418125,0.7503697890875093,0.7655828902710795,0.00643744240906019,,,,0.008555310423461646,1.3019115168754443,2026-08-06,True,,,,pilot_observational,False
arizona_dem,Democratic Arizona governor,GOVPARTYAZ-26-D,housing,cloud_platforms,Cloud platforms,theme,raw,0.15,False,False,37,43,0.8809523809523809,13,1,0.79,0.885,2.9999999999999916,1.0,2026-07-10,2026-09-04,estimated,-0.013503580156841508,0.0018025577978139486,,0.025962579486663053,0.02629987014730487,-0.06689515505483964,0.039887994741156625,-0.0662104186105459,0.03920325829686288,0.6108651026439467,0.6062565240234706,0.0028371784366347796,,,,-0.020736398427037655,0.5356222709969017,2026-08-06,True,,,,pilot_observational,False
arizona_dem,Democratic Arizona governor,GOVPARTYAZ-26-D,housing,cloud_platforms,Cloud platforms,theme,market_conditioned,0.15,False,False,37,43,0.8809523809523809,13,1,0.79,0.885,2.9999999999999916,1.0,2026-07-10,2026-09-04,estimated,0.0018503531537323807,0.0006449203999111349,1.7952964420251327,0.025878369912333245,0.02542583838132991,-0.04982116729152504,0.0535218735989898,-0.05074082201069971,0.05444152831816447,0.9424119911902908,0.9434172439090716,0.33029466776691163,,,,-0.0046874719207861395,3.5332850171498102,2026-08-06,False,,,,pilot_observational,False
arizona_dem,Democratic Arizona governor,GOVPARTYAZ-26-D,housing,electrical_equipment,Electrical equipment,theme,raw,0.15,False,False,37,43,0.8809523809523809,13,1,0.79,0.885,2.9999999999999916,1.0,2026-07-10,2026-09-04,estimated,-0.02686501401862947,0.0006088190515572685,,0.033839709029486235,0.036293714285111585,-0.10054517113448722,0.046815143097228284,-0.09556327560907418,0.04183324757181525,0.4641086239025651,0.43260916833597596,0.005160422882791393,,,,-0.031103527887017497,0.1577707670447833,2026-08-06,True,,,,pilot_observational,False
arizona_dem,Democratic Arizona governor,GOVPARTYAZ-26-D,housing,electrical_equipment,Electrical equipment,theme,market_conditioned,0.15,False,False,37,43,0.8809523809523809,13,1,0.79,0.885,2.9999999999999916,1.0,2026-07-10,2026-09-04,estimated,-0.004458054666359309,-0.001080593921313498,2.6199888711271737,0.03547525268593953,0.03612757446979942,-0.07787811951757616,0.06896201018485755,-0.07655244215401857,0.06763633282129997,0.9025188776617591,0.9007359889846545,0.32564256353368837,,,,-0.007672228992758823,0.720981362264089,2026-08-06,True,,,,pilot_observational,False
arizona_dem,Democratic Arizona governor,GOVPARTYAZ-26-D,housing,regulated_utilities,Regulated utilities,theme,raw,0.15,False,False,37,43,0.8809523809523809,13,1,0.79,0.885,2.9999999999999916,1.0,2026-07-10,2026-09-04,estimated,-0.013036375800368696,-0.00019079773719239175,,0.018716747162353477,0.011825438531539183,-0.03704329231828348,0.010970540717546091,-0.051033392605719596,0.0249606410049822,0.2778103132296002,0.490710527838764,0.015393119996619742,,,,-0.014968012640758869,0.1481728411308565,2026-08-06,True,,,,pilot_observational,False
arizona_dem,Democratic Arizona governor,GOVPARTYAZ-26-D,housing,regulated_utilities,Regulated utilities,theme,market_conditioned,0.15,False,False,37,43,0.8809523809523809,13,1,0.79,0.885,2.9999999999999916,1.0,2026-07-10,2026-09-04,estimated,-0.014345565987904606,-9.208898996765061e-05,-0.15308028490646058,0.01942337217427921,0.012224089946562617,-0.03918790566321241,0.010496773687403198,-0.05381860744151809,0.025127475465708874,0.24873143658489635,0.46523481047284854,0.02925254542800415,,,,-0.016340534606786875,0.13906517320852424,2026-08-06,True,,,,pilot_observational,False
arizona_dem,Democratic Arizona governor,GOVPARTYAZ-26-D,housing,power_generators,Power generators,theme,raw,0.15,False,False,37,43,0.8809523809523809,13,1,0.79,0.885,2.9999999999999916,1.0,2026-07-10,2026-09-04,estimated,-0.022484381073250837,0.0035287304593648347,,0.020069206930963684,0.015333988930773666,-0.053614033573317454,0.00864527142681578,-0.06322703717749695,0.01825827503099527,0.1514916668257855,0.27019694654362714,0.007811735747343618,,,,-0.020636264023215237,0.0821955936440814,2026-08-06,True,,,,pilot_observational,False
arizona_dem,Democratic Arizona governor,GOVPARTYAZ-26-D,housing,power_generators,Power generators,theme,market_conditioned,0.15,False,False,37,43,0.8809523809523809,13,1,0.79,0.885,2.9999999999999916,1.0,2026-07-10,2026-09-04,estimated,-0.018321870651558336,0.003214890504752491,0.4867117759858078,0.018952014436386548,0.014961919672816468,-0.04872814975549236,0.012084408452375687,-0.05683699793041504,0.020193256627298362,0.22915560957294448,0.3404954729540744,0.031713126266808,,,,-0.016279252706963933,0.11148522896163288,2026-08-06,True,,,,pilot_observational,False
arizona_dem,Democratic Arizona governor,GOVPARTYAZ-26-D,housing,data_center_reits,Data-center REITs,theme,raw,0.15,False,False,37,43,0.8809523809523809,13,1,0.79,0.885,2.9999999999999916,1.0,2026-07-10,2026-09-04,estimated,-0.006812295366750863,2.879335138251993e-05,,0.03685909043663681,0.026552512168806906,-0.06071676083560947,0.04709217010210775,-0.08164022709026364,0.06801563635676192,0.7990210841954096,0.8544370614610238,0.001729645367132382,,,,5.387042414805882e-05,1.007907822730498,2026-08-06,False,,,,pilot_observational,False
arizona_dem,Democratic Arizona governor,GOVPARTYAZ-26-D,housing,data_center_reits,Data-center REITs,theme,market_conditioned,0.15,False,False,37,43,0.8809523809523809,13,1,0.79,0.885,2.9999999999999916,1.0,2026-07-10,2026-09-04,estimated,0.0011976269038184654,-0.0005751291346113367,0.9365798758125187,0.03523698623171798,0.025175077231748794,-0.049964285572052534,0.052359539379689464,-0.07041254489049445,0.07280779869813139,0.9623357507208096,0.9730856496776116,0.21520786023972305,,,,0.008443359035076089,6.0500746168574056,2026-08-06,True,,,,pilot_observational,False
arizona_dem,Democratic Arizona governor,GOVPARTYAZ-26-D,housing,integrated_energy,Integrated energy,theme,raw,0.15,False,False,37,43,0.8809523809523809,13,1,0.79,0.885,2.9999999999999916,1.0,2026-07-10,2026-09-04,estimated,0.03880809985133015,0.004436756306464903,,0.028976104891253893,0.026536204094863042,-0.015063258467320526,0.09267945816998083,-0.020016520418217915,0.09763272012087822,0.15253782124777748,0.18910152760055465,0.059745439052103055,,,,0.03629077744182653,0.0648659021994693,2026-08-06,True,,,,pilot_observational,False
arizona_dem,Democratic Arizona governor,GOVPARTYAZ-26-D,housing,integrated_energy,Integrated energy,theme,market_conditioned,0.15,False,False,37,43,0.8809523809523809,13,1,0.79,0.885,2.9999999999999916,1.0,2026-07-10,2026-09-04,estimated,0.03111917222432538,0.005016476824376686,-0.8990467870694722,0.027588696565971696,0.025307661436757223,-0.02031218377419625,0.08255052822284702,-0.0249478048911032,0.08718614933975397,0.22727543214605753,0.26723038736884236,0.2691173302528612,,,,0.02824400296382048,0.09239221531276551,2026-08-06,True,,,,pilot_observational,False
arizona_dem,Democratic Arizona governor,GOVPARTYAZ-26-D,housing,homebuilders,Homebuilders,theme,raw,0.15,False,False,37,43,0.8809523809523809,13,1,0.79,0.885,2.9999999999999916,1.0,2026-07-10,2026-09-04,estimated,-0.06600390451224462,-0.0005143621879262733,,0.036792197285643584,0.04336014140828266,-0.15402967135525525,0.022021862330766,-0.1406960359195804,0.008688226895091161,0.13693728144080133,0.08146194799980847,0.08534362317221544,,,,-0.049441224396739744,0.2509348535954002,2026-08-06,True,,,,pilot_observational,False
arizona_dem,Democratic Arizona governor,GOVPARTYAZ-26-D,housing,homebuilders,Homebuilders,theme,market_conditioned,0.15,False,False,37,43,0.8809523809523809,13,1,0.79,0.885,2.9999999999999916,1.0,2026-07-10,2026-09-04,estimated,-0.05634344426532951,-0.0012427299511938638,1.1295730910637707,0.03642999970316256,0.0424455018239133,-0.14260308229221252,0.029916193761553515,-0.13037811113652775,0.01769122260586873,0.19321114119626914,0.13121287915104776,0.24855645048427655,,,,-0.03930975215681268,0.3023189712773448,2026-08-06,True,,,,pilot_observational,False
arizona_dem,Democratic Arizona governor,GOVPARTYAZ-26-D,housing,machinery_distribution,Machinery and distribution,theme,raw,0.15,False,False,37,43,0.8809523809523809,13,1,0.79,0.885,2.9999999999999916,1.0,2026-07-10,2026-09-04,estimated,-0.00395137207503031,0.0012716952425183812,,0.015075402360903501,0.016708765091337716,-0.037871968558227574,0.029969224408166954,-0.03455606592946445,0.026653321779403827,0.8144349389651048,0.7947752950734238,0.0007169146089626155,,,,-0.005725140197540423,0.44889929088657315,2026-08-06,True,,,,pilot_observational,False
arizona_dem,Democratic Arizona governor,GOVPARTYAZ-26-D,housing,machinery_distribution,Machinery and distribution,theme,market_conditioned,0.15,False,False,37,43,0.8809523809523809,13,1,0.79,0.885,2.9999999999999916,1.0,2026-07-10,2026-09-04,estimated,0.002840675941018539,0.0007595965748554908,0.7941769311241451,0.015717836061968297,0.016170321931717767,-0.030021372018614777,0.03570272390065186,-0.029101810094272564,0.034783161976309644,0.8615935845857159,0.8576529434419924,0.1898205611532897,,,,0.0013766266870835191,0.5153876346099786,2026-08-06,True,,,,pilot_observational,False
arizona_dem,Democratic Arizona governor,GOVPARTYAZ-26-D,housing,managed_care,Managed care (UNH only),single_company_proxy,raw,0.15,False,False,37,43,0.8809523809523809,13,1,0.79,0.885,2.9999999999999916,1.0,2026-07-10,2026-09-04,estimated,-0.01952239729123708,-0.0006487495364732316,,0.02748671809754976,0.023403590610083184,-0.06703421213829223,0.027989417555818075,-0.07532340162265502,0.03627860704018087,0.40984677320332186,0.4822560139190916,0.01583295533973772,,,,-0.0015625671797536412,0.9199602816988556,2026-08-06,True,,,,pilot_observational,False
arizona_dem,Democratic Arizona governor,GOVPARTYAZ-26-D,housing,managed_care,Managed care (UNH only),single_company_proxy,market_conditioned,0.15,False,False,37,43,0.8809523809523809,13,1,0.79,0.885,2.9999999999999916,1.0,2026-07-10,2026-09-04,estimated,-0.018432560314520976,-0.0007309197541200041,0.12743187085086427,0.02748917880409464,0.024035334256804923,-0.06727823638752885,0.0304131157584869,-0.07429729300479532,0.03743217237575337,0.4484370370480422,0.5070439422693258,0.020237952188116637,,,,-0.00039388431904224114,0.9786310576327292,2026-08-06,True,,,,pilot_observational,False
arizona_dem,Democratic Arizona governor,GOVPARTYAZ-26-D,housing,hospitals,Hospitals (HCA only),single_company_proxy,raw,0.15,False,False,37,43,0.8809523809523809,13,1,0.79,0.885,2.9999999999999916,1.0,2026-07-10,2026-09-04,estimated,0.03398880187602782,-0.0009075106967133368,,0.025112041173205125,0.02447083134827228,-0.015689626854976768,0.0836672306070324,-0.016991352004244946,0.08496895575630059,0.17362272207350982,0.1845774525227224,0.02091253638566326,,,,0.04751357889642722,0.3979186165411255,2026-08-06,True,,,,pilot_observational,False
arizona_dem,Democratic Arizona governor,GOVPARTYAZ-26-D,housing,hospitals,Hospitals (HCA only),single_company_proxy,market_conditioned,0.15,False,False,37,43,0.8809523809523809,13,1,0.79,0.885,2.9999999999999916,1.0,2026-07-10,2026-09-04,estimated,0.037234968677127105,-0.0011522612770871045,0.37956604280807843,0.02569761736629553,0.02485286717968136,-0.013272134189582875,0.08774207154383709,-0.01498887311807464,0.08945881047232884,0.14330490016478353,0.15650818952886766,0.03794209896092726,,,,0.05093073453969073,0.3678199915064446,2026-08-06,True,,,,pilot_observational,False
arizona_dem,Democratic Arizona governor,GOVPARTYAZ-26-D,housing,generators_minus_regulated,Generators minus regulated utilities,relative_return_contrast,raw,0.15,False,False,37,43,0.8809523809523809,13,1,0.79,0.885,2.9999999999999916,1.0,2026-07-10,2026-09-04,estimated,-0.009448005272882145,0.0037195281965572255,,0.026788674300048717,0.019465679679621938,-0.048965435919264236,0.03006942537349995,-0.06383190535672725,0.04493589481096296,0.6304402969563351,0.7264385874823861,0.0012553792264221597,,,,-0.005668251382456364,0.4000584018802896,2026-08-06,True,,,,pilot_observational,False
arizona_dem,Democratic Arizona governor,GOVPARTYAZ-26-D,housing,generators_minus_regulated,Generators minus regulated utilities,relative_return_contrast,market_conditioned,0.15,False,False,37,43,0.8809523809523809,13,1,0.79,0.885,2.9999999999999916,1.0,2026-07-10,2026-09-04,estimated,-0.003976304663653732,0.0033069794947201414,0.6397920608922685,0.026143758710802233,0.019395320012247193,-0.043392337265003154,0.035439727937695696,-0.057106814756608844,0.049154205429301386,0.8387839407551114,0.8800118784508305,0.03884484621575801,,,,6.128189982294516e-05,1.0154117717344713,2026-08-06,False,,,,pilot_observational,False
arizona_dem,Democratic Arizona governor,GOVPARTYAZ-26-D,housing,equipment_minus_generators,Equipment minus generators,relative_return_contrast,raw,0.15,False,False,37,43,0.8809523809523809,13,1,0.79,0.885,2.9999999999999916,1.0,2026-07-10,2026-09-04,estimated,-0.004380632945378635,-0.0029199114078075654,,0.03593777968477626,0.03414319140963447,-0.07369499652184656,0.0649337306310893,-0.07733820440715702,0.06857693851639976,0.8986445441338698,0.9036794271650788,0.0001771813813562506,,,,-0.010467263863802256,1.3894409767530818,2026-08-06,True,,,,pilot_observational,False
arizona_dem,Democratic Arizona governor,GOVPARTYAZ-26-D,housing,equipment_minus_generators,Equipment minus generators,relative_return_contrast,market_conditioned,0.15,False,False,37,43,0.8809523809523809,13,1,0.79,0.885,2.9999999999999916,1.0,2026-07-10,2026-09-04,estimated,0.013863815985199025,-0.00429548442606599,2.1332770951413655,0.038403428431753886,0.033968665975895644,-0.0551688189331625,0.08289645090356054,-0.06418134058420878,0.09190897255460682,0.6857331972468256,0.7203294916851212,0.2745446929302259,,,,0.008607023714205103,0.3791735462015696,2026-08-06,True,,,,pilot_observational,False
arizona_dem,Democratic Arizona governor,GOVPARTYAZ-26-D,housing,hospitals_minus_managed_care,Hospitals minus managed care,relative_return_contrast,raw,0.15,False,False,37,43,0.8809523809523809,13,1,0.79,0.885,2.9999999999999916,1.0,2026-07-10,2026-09-04,estimated,0.053511199167264906,-0.00025876116024010394,,0.026349394997763162,0.01902953638425646,0.0148791864826575,0.09214321185187231,1.908347770598201e-05,0.10700331485682382,0.008015651584212686,0.04992269463716093,0.05170495912544204,,,,0.049076146076180854,0.08288083915333304,2026-08-06,True,,,,pilot_observational,False
arizona_dem,Democratic Arizona governor,GOVPARTYAZ-26-D,housing,hospitals_minus_managed_care,Hospitals minus managed care,relative_return_contrast,market_conditioned,0.15,False,False,37,43,0.8809523809523809,13,1,0.79,0.885,2.9999999999999916,1.0,2026-07-10,2026-09-04,estimated,0.055667528991648084,-0.0004213415229670987,0.2521341719572141,0.027129348538617246,0.019822032153384957,0.01538431298441223,0.09595074499888394,0.0005340593826765119,0.11080099860061965,0.008191466867677931,0.0479410958084825,0.05920044935657853,,,,0.05132461885873296,0.07801514117083763,2026-08-06,True,,,,pilot_observational,False
